domain,dataset,split,sample_index,true_label,avg_prediction,tsne_x,tsne_y
medical,bloodmnist_224,test,0,3,3,22.189077,24.581097
medical,bloodmnist_224,test,1,0,0,49.508469,-3.832719
medical,bloodmnist_224,test,2,1,3,27.369780,-22.326517
medical,bloodmnist_224,test,3,3,3,-4.095401,1.255749
medical,bloodmnist_224,test,4,1,3,17.176567,-32.183231
medical,bloodmnist_224,test,5,1,3,19.986359,-27.851124
medical,bloodmnist_224,test,6,3,3,14.447276,10.984468
medical,bloodmnist_224,test,7,1,3,21.553009,-18.780256
medical,bloodmnist_224,test,8,6,3,11.931176,-3.391894
medical,bloodmnist_224,test,9,1,3,10.755228,-20.336134
medical,bloodmnist_224,test,10,5,3,16.128286,9.343929
medical,bloodmnist_224,test,11,6,3,-19.203144,-29.489912
medical,bloodmnist_224,test,12,6,3,-16.058180,-29.631550
medical,bloodmnist_224,test,13,6,3,-3.456872,-19.624367
medical,bloodmnist_224,test,14,2,3,-2.069797,13.460348
medical,bloodmnist_224,test,15,4,3,-19.611473,-0.078055
medical,bloodmnist_224,test,16,4,3,-21.100243,4.419379
medical,bloodmnist_224,test,17,3,3,6.821004,4.415915
medical,bloodmnist_224,test,18,6,3,-4.341451,-33.427349
medical,bloodmnist_224,test,19,4,3,-21.319750,1.989342
medical,bloodmnist_224,test,20,6,3,-11.891317,-31.312920
medical,bloodmnist_224,test,21,6,3,-19.901218,-32.711197
medical,bloodmnist_224,test,22,3,3,17.569736,23.290068
medical,bloodmnist_224,test,23,5,3,23.839247,6.416574
medical,bloodmnist_224,test,24,1,3,-11.509261,-41.293087
medical,bloodmnist_224,test,25,6,3,-13.504723,-41.242992
medical,bloodmnist_224,test,26,7,3,-21.462008,44.823956
medical,bloodmnist_224,test,27,1,3,28.962107,-28.805136
medical,bloodmnist_224,test,28,3,3,14.254835,26.652393
medical,bloodmnist_224,test,29,1,3,24.642500,-31.169958
medical,bloodmnist_224,test,30,1,3,23.765232,-15.150814
medical,bloodmnist_224,test,31,7,3,-20.650398,51.135063
medical,bloodmnist_224,test,32,6,3,-8.136806,-12.604909
medical,bloodmnist_224,test,33,5,3,29.565979,7.594357
medical,bloodmnist_224,test,34,6,3,-0.873010,-30.869093
medical,bloodmnist_224,test,35,6,3,9.939082,4.078692
medical,bloodmnist_224,test,36,0,0,46.348953,-2.341577
medical,bloodmnist_224,test,37,5,3,19.828203,17.333061
medical,bloodmnist_224,test,38,1,3,14.856150,-27.830557
medical,bloodmnist_224,test,39,6,3,-0.820172,-31.580179
medical,bloodmnist_224,test,40,1,3,6.892052,-29.713251
medical,bloodmnist_224,test,41,7,3,-13.387524,43.161255
medical,bloodmnist_224,test,42,7,3,-26.149910,44.349361
medical,bloodmnist_224,test,43,7,3,-30.306789,41.974236
medical,bloodmnist_224,test,44,3,3,20.882816,4.854905
medical,bloodmnist_224,test,45,3,3,7.086633,19.468771
medical,bloodmnist_224,test,46,0,3,34.133667,1.115380
medical,bloodmnist_224,test,47,1,3,12.037063,-28.657482
medical,bloodmnist_224,test,48,3,3,9.271034,10.446952
medical,bloodmnist_224,test,49,1,3,13.737803,-27.421057
medical,bloodmnist_224,test,50,5,3,-3.344146,9.670018
medical,bloodmnist_224,test,51,1,3,16.070379,-27.965187
medical,bloodmnist_224,test,52,2,3,-33.497204,-10.823926
medical,bloodmnist_224,test,53,0,3,39.180016,-1.900003
medical,bloodmnist_224,test,54,3,3,5.057485,16.464457
medical,bloodmnist_224,test,55,5,3,29.956650,7.100619
medical,bloodmnist_224,test,56,2,3,-41.645962,-6.350414
medical,bloodmnist_224,test,57,1,3,18.832541,-24.931660
medical,bloodmnist_224,test,58,6,3,0.409480,-9.183499
medical,bloodmnist_224,test,59,6,3,-4.934690,-17.961092
medical,bloodmnist_224,test,60,4,3,-30.607061,-5.114009
medical,bloodmnist_224,test,61,3,3,16.976255,9.388753
medical,bloodmnist_224,test,62,6,3,-26.929596,-9.500875
medical,bloodmnist_224,test,63,7,3,-21.428583,33.610176
medical,bloodmnist_224,test,64,7,3,-23.337091,44.749218
medical,bloodmnist_224,test,65,0,3,35.717495,0.489757
medical,bloodmnist_224,test,66,4,3,-22.673885,-3.384266
medical,bloodmnist_224,test,67,1,3,26.426702,-22.337299
medical,bloodmnist_224,test,68,7,3,-26.081430,48.492035
medical,bloodmnist_224,test,69,2,3,-33.790588,-12.848552
medical,bloodmnist_224,test,70,1,3,11.963798,-31.115021
medical,bloodmnist_224,test,71,3,3,11.142537,19.349308
medical,bloodmnist_224,test,72,3,3,15.754953,8.411720
medical,bloodmnist_224,test,73,4,3,-24.407970,-3.005174
medical,bloodmnist_224,test,74,3,3,12.285791,7.547895
medical,bloodmnist_224,test,75,6,3,-0.506113,-33.073750
medical,bloodmnist_224,test,76,1,3,12.513639,-22.023771
medical,bloodmnist_224,test,77,0,0,46.397522,-2.617880
medical,bloodmnist_224,test,78,6,3,-6.729391,-25.122499
medical,bloodmnist_224,test,79,1,3,-0.509565,-33.752087
medical,bloodmnist_224,test,80,3,3,19.617523,25.084412
medical,bloodmnist_224,test,81,5,3,20.337641,14.531319
medical,bloodmnist_224,test,82,1,3,26.259920,-29.325783
medical,bloodmnist_224,test,83,7,3,-31.348085,44.859360
medical,bloodmnist_224,test,84,3,3,15.881737,9.793509
medical,bloodmnist_224,test,85,4,3,-20.280581,2.401507
medical,bloodmnist_224,test,86,7,3,-22.517385,43.856068
medical,bloodmnist_224,test,87,1,3,10.362950,-31.397486
medical,bloodmnist_224,test,88,0,3,44.753960,-0.783361
medical,bloodmnist_224,test,89,3,3,7.324008,10.460347
medical,bloodmnist_224,test,90,2,3,-41.689102,2.338932
medical,bloodmnist_224,test,91,2,3,-45.887146,0.273629
medical,bloodmnist_224,test,92,4,3,-19.019457,3.023588
medical,bloodmnist_224,test,93,4,3,-19.122234,3.904594
medical,bloodmnist_224,test,94,3,3,9.560508,29.207991
medical,bloodmnist_224,test,95,1,3,16.828669,-31.308245
medical,bloodmnist_224,test,96,2,3,-35.978756,0.766481
medical,bloodmnist_224,test,97,1,3,20.515926,-17.870682
medical,bloodmnist_224,test,98,7,3,-29.378336,37.556499
medical,bloodmnist_224,test,99,7,3,-23.970022,40.480591
medical,bloodmnist_224,test,100,2,3,-43.202370,-6.365665
medical,bloodmnist_224,test,101,5,3,30.427256,4.213880
medical,bloodmnist_224,test,102,5,3,4.203436,9.637275
medical,bloodmnist_224,test,103,4,3,-33.710457,-13.483498
medical,bloodmnist_224,test,104,7,3,-26.272295,40.266907
medical,bloodmnist_224,test,105,3,3,14.545491,28.443481
medical,bloodmnist_224,test,106,2,3,-37.315971,-1.731012
medical,bloodmnist_224,test,107,6,0,-13.380359,-43.161514
medical,bloodmnist_224,test,108,2,3,-33.972607,6.034090
medical,bloodmnist_224,test,109,3,3,20.726557,12.976928
medical,bloodmnist_224,test,110,3,3,-0.136264,10.550681
medical,bloodmnist_224,test,111,6,3,-0.793524,-9.864985
medical,bloodmnist_224,test,112,5,3,17.400709,12.165206
medical,bloodmnist_224,test,113,6,3,-15.443831,-37.316223
medical,bloodmnist_224,test,114,6,3,-11.852308,-36.854469
medical,bloodmnist_224,test,115,0,3,43.155548,-1.381178
medical,bloodmnist_224,test,116,0,3,40.890549,-0.899188
medical,bloodmnist_224,test,117,6,3,17.084202,-22.836740
medical,bloodmnist_224,test,118,2,3,-24.397856,-9.345297
medical,bloodmnist_224,test,119,6,3,-20.408876,-33.122158
medical,bloodmnist_224,test,120,5,3,8.384277,24.025028
medical,bloodmnist_224,test,121,7,3,-22.623121,37.933853
medical,bloodmnist_224,test,122,3,3,2.067725,17.510929
medical,bloodmnist_224,test,123,1,3,8.515639,-10.584635
medical,bloodmnist_224,test,124,7,3,-24.350056,45.535126
medical,bloodmnist_224,test,125,1,3,7.878297,-31.210087
medical,bloodmnist_224,test,126,4,3,-21.550207,-1.177449
medical,bloodmnist_224,test,127,7,3,-22.330843,46.057758
medical,bloodmnist_224,test,128,2,3,-33.346657,-8.820718
medical,bloodmnist_224,test,129,2,3,-33.513321,-10.638318
medical,bloodmnist_224,test,130,2,3,-38.250591,-3.955698
medical,bloodmnist_224,test,131,5,3,9.331635,23.080353
medical,bloodmnist_224,test,132,5,3,8.323283,25.079939
medical,bloodmnist_224,test,133,4,3,-19.192732,-0.353014
medical,bloodmnist_224,test,134,1,3,9.009462,-8.133932
medical,bloodmnist_224,test,135,3,3,20.840645,13.042686
medical,bloodmnist_224,test,136,1,3,24.239157,-22.604694
medical,bloodmnist_224,test,137,4,3,-24.761646,-0.634259
medical,bloodmnist_224,test,138,1,3,17.822260,-20.394508
medical,bloodmnist_224,test,139,2,3,-43.063438,-2.330812
medical,bloodmnist_224,test,140,1,3,13.956362,-32.829220
medical,bloodmnist_224,test,141,1,0,-12.390607,-42.065842
medical,bloodmnist_224,test,142,6,3,-18.360329,-30.992054
medical,bloodmnist_224,test,143,6,3,-9.340517,-32.968960
medical,bloodmnist_224,test,144,1,3,24.976891,-17.895626
medical,bloodmnist_224,test,145,4,3,-20.765831,3.569113
medical,bloodmnist_224,test,146,1,3,26.987421,-22.166792
medical,bloodmnist_224,test,147,1,3,28.218695,-29.771330
medical,bloodmnist_224,test,148,3,3,34.646748,-2.691152
medical,bloodmnist_224,test,149,1,3,23.124176,-34.202053
medical,bloodmnist_224,test,150,1,3,15.523026,-21.985371
medical,bloodmnist_224,test,151,6,3,-11.298217,-22.228680
medical,bloodmnist_224,test,152,2,3,-34.885910,-11.905161
medical,bloodmnist_224,test,153,1,3,17.559742,-33.944115
medical,bloodmnist_224,test,154,0,0,46.172516,-4.297688
medical,bloodmnist_224,test,155,6,3,11.322724,-25.984312
medical,bloodmnist_224,test,156,1,3,11.204187,-26.148682
medical,bloodmnist_224,test,157,7,3,-22.861006,41.369278
medical,bloodmnist_224,test,158,4,3,-24.689064,-2.339853
medical,bloodmnist_224,test,159,1,3,28.575230,-30.743532
medical,bloodmnist_224,test,160,1,3,22.004738,-31.618774
medical,bloodmnist_224,test,161,3,3,16.060726,26.238752
medical,bloodmnist_224,test,162,1,0,46.552509,-9.107393
medical,bloodmnist_224,test,163,3,3,12.157069,11.438072
medical,bloodmnist_224,test,164,0,0,46.124603,-5.943496
medical,bloodmnist_224,test,165,7,3,-21.589922,49.532619
medical,bloodmnist_224,test,166,1,3,19.219620,-12.575089
medical,bloodmnist_224,test,167,6,3,-13.567738,-19.683735
medical,bloodmnist_224,test,168,7,3,-32.307087,44.681416
medical,bloodmnist_224,test,169,5,3,3.573942,22.338171
medical,bloodmnist_224,test,170,3,3,19.206974,24.345539
medical,bloodmnist_224,test,171,7,3,-23.301277,37.277248
medical,bloodmnist_224,test,172,3,3,4.756152,7.211650
medical,bloodmnist_224,test,173,6,3,5.048645,5.211186
medical,bloodmnist_224,test,174,5,3,13.119129,8.338470
medical,bloodmnist_224,test,175,5,3,28.934381,12.729373
medical,bloodmnist_224,test,176,6,3,-14.035216,-23.033466
medical,bloodmnist_224,test,177,6,3,-11.602001,-40.872242
medical,bloodmnist_224,test,178,6,3,-9.328842,-41.082066
medical,bloodmnist_224,test,179,1,3,-11.389720,-17.970022
medical,bloodmnist_224,test,180,1,3,6.496001,-24.827965
medical,bloodmnist_224,test,181,7,3,-22.682178,42.352791
medical,bloodmnist_224,test,182,7,3,-23.209488,32.628128
medical,bloodmnist_224,test,183,1,3,20.786674,-21.987223
medical,bloodmnist_224,test,184,7,3,-22.944592,38.985619
medical,bloodmnist_224,test,185,1,3,24.473167,-23.113989
medical,bloodmnist_224,test,186,5,3,21.792318,15.559561
medical,bloodmnist_224,test,187,4,3,-13.921906,-10.494650
medical,bloodmnist_224,test,188,2,3,-44.686699,-4.851668
medical,bloodmnist_224,test,189,5,3,22.037432,14.877782
medical,bloodmnist_224,test,190,7,3,-32.578342,38.663342
medical,bloodmnist_224,test,191,1,3,3.164807,-14.065248
medical,bloodmnist_224,test,192,6,3,-3.637470,-20.884129
medical,bloodmnist_224,test,193,3,3,9.465445,10.756917
medical,bloodmnist_224,test,194,6,3,11.553940,2.078806
medical,bloodmnist_224,test,195,2,3,-38.262390,3.025070
medical,bloodmnist_224,test,196,7,3,-32.208115,43.633968
medical,bloodmnist_224,test,197,3,3,22.167515,9.847322
medical,bloodmnist_224,test,198,1,3,3.354768,-34.212265
medical,bloodmnist_224,test,199,7,3,-29.235474,40.225319
medical,bloodmnist_224,test,200,6,3,1.502110,-13.492860
medical,bloodmnist_224,test,201,4,3,-30.174875,-12.375755
medical,bloodmnist_224,test,202,5,3,26.798824,5.445162
medical,bloodmnist_224,test,203,3,3,17.712679,23.476675
medical,bloodmnist_224,test,204,6,3,-12.195297,-13.123775
medical,bloodmnist_224,test,205,6,3,3.014216,-11.041279
medical,bloodmnist_224,test,206,1,3,19.776636,-20.262651
medical,bloodmnist_224,test,207,6,3,-6.048465,-27.379892
medical,bloodmnist_224,test,208,0,3,35.939320,-4.236454
medical,bloodmnist_224,test,209,3,3,-2.392076,-12.327934
medical,bloodmnist_224,test,210,1,3,26.570105,-27.257404
medical,bloodmnist_224,test,211,1,3,21.342333,-22.765480
medical,bloodmnist_224,test,212,1,3,4.214050,-24.194298
medical,bloodmnist_224,test,213,5,3,19.471827,25.258696
medical,bloodmnist_224,test,214,6,3,-16.670286,-23.460161
medical,bloodmnist_224,test,215,6,3,-13.378386,-20.699949
medical,bloodmnist_224,test,216,0,3,39.038467,0.086605
medical,bloodmnist_224,test,217,2,0,-27.381802,-7.147408
medical,bloodmnist_224,test,218,6,3,-2.582424,-12.449207
medical,bloodmnist_224,test,219,5,3,3.086121,22.330059
medical,bloodmnist_224,test,220,3,3,11.207764,24.314777
medical,bloodmnist_224,test,221,1,3,18.850163,-30.445560
medical,bloodmnist_224,test,222,1,3,8.473495,-3.102938
medical,bloodmnist_224,test,223,2,3,-26.911983,2.677594
medical,bloodmnist_224,test,224,6,0,-14.101329,-40.643291
medical,bloodmnist_224,test,225,3,3,21.330673,21.911886
medical,bloodmnist_224,test,226,3,3,13.814297,27.637217
medical,bloodmnist_224,test,227,7,3,-22.383556,39.260719
medical,bloodmnist_224,test,228,7,3,-28.713320,36.654007
medical,bloodmnist_224,test,229,3,3,19.985392,21.996975
medical,bloodmnist_224,test,230,6,3,-1.049533,-31.528475
medical,bloodmnist_224,test,231,7,3,-16.186035,46.367508
medical,bloodmnist_224,test,232,6,3,19.584454,-17.039358
medical,bloodmnist_224,test,233,3,3,17.544003,24.193054
medical,bloodmnist_224,test,234,1,3,22.953968,-19.899778
medical,bloodmnist_224,test,235,3,3,11.141356,30.131308
medical,bloodmnist_224,test,236,7,3,-32.136063,38.177563
medical,bloodmnist_224,test,237,7,3,-27.840874,43.297943
medical,bloodmnist_224,test,238,0,3,-20.815310,-9.432970
medical,bloodmnist_224,test,239,6,3,-11.951036,-19.808483
medical,bloodmnist_224,test,240,0,3,29.536024,-1.637725
medical,bloodmnist_224,test,241,3,3,8.693363,12.449768
medical,bloodmnist_224,test,242,6,3,-4.070561,-13.623734
medical,bloodmnist_224,test,243,5,3,24.343899,20.717613
medical,bloodmnist_224,test,244,0,0,44.328487,-3.261537
medical,bloodmnist_224,test,245,6,3,-10.001081,-11.670516
medical,bloodmnist_224,test,246,6,3,1.315872,-24.135004
medical,bloodmnist_224,test,247,1,3,17.761927,-14.146032
medical,bloodmnist_224,test,248,6,3,-18.527512,-36.355553
medical,bloodmnist_224,test,249,5,3,20.809702,15.336440
medical,bloodmnist_224,test,250,3,3,13.514330,17.861324
medical,bloodmnist_224,test,251,7,3,-22.511831,32.477459
medical,bloodmnist_224,test,252,6,3,-8.788059,-15.116336
medical,bloodmnist_224,test,253,7,3,-22.541784,32.924107
medical,bloodmnist_224,test,254,1,3,5.178877,-27.820778
medical,bloodmnist_224,test,255,3,3,-1.164690,17.830498
medical,bloodmnist_224,test,256,6,3,22.375364,-19.305244
medical,bloodmnist_224,test,257,1,3,5.856825,-10.929718
medical,bloodmnist_224,test,258,1,3,1.525616,-25.593023
medical,bloodmnist_224,test,259,2,3,-31.203909,-13.212887
medical,bloodmnist_224,test,260,6,3,-14.363852,-31.502613
medical,bloodmnist_224,test,261,5,3,20.983124,23.417667
medical,bloodmnist_224,test,262,7,3,-15.724497,48.225384
medical,bloodmnist_224,test,263,4,3,-28.571497,2.079004
medical,bloodmnist_224,test,264,6,3,-3.853938,-37.769505
medical,bloodmnist_224,test,265,7,3,-25.827274,39.501144
medical,bloodmnist_224,test,266,3,3,22.978401,26.943602
medical,bloodmnist_224,test,267,7,3,-19.059591,47.616051
medical,bloodmnist_224,test,268,5,3,0.523864,18.580322
medical,bloodmnist_224,test,269,4,3,-23.773863,-6.363375
medical,bloodmnist_224,test,270,6,3,-10.851873,-31.353151
medical,bloodmnist_224,test,271,4,3,-28.220623,-3.097136
medical,bloodmnist_224,test,272,6,3,-9.430102,-29.283859
medical,bloodmnist_224,test,273,6,3,-12.054233,-30.313307
medical,bloodmnist_224,test,274,6,3,2.495865,-31.191473
medical,bloodmnist_224,test,275,3,3,14.317141,27.872801
medical,bloodmnist_224,test,276,3,3,11.031468,28.426912
medical,bloodmnist_224,test,277,0,3,40.218781,0.434516
medical,bloodmnist_224,test,278,3,3,1.810690,10.413429
medical,bloodmnist_224,test,279,1,3,23.127728,-27.385584
medical,bloodmnist_224,test,280,4,3,-21.188154,2.022503
medical,bloodmnist_224,test,281,3,3,7.587735,1.160323
medical,bloodmnist_224,test,282,4,3,-32.852612,-3.974731
medical,bloodmnist_224,test,283,0,0,44.982868,-2.313010
medical,bloodmnist_224,test,284,3,3,12.660890,30.447962
medical,bloodmnist_224,test,285,6,3,-14.567357,-28.300369
medical,bloodmnist_224,test,286,0,0,47.813866,-2.322604
medical,bloodmnist_224,test,287,1,3,10.784299,-27.956657
medical,bloodmnist_224,test,288,1,3,19.473633,-18.936426
medical,bloodmnist_224,test,289,5,3,-4.703939,10.076087
medical,bloodmnist_224,test,290,3,3,25.582273,13.301032
medical,bloodmnist_224,test,291,2,3,-37.201221,2.978556
medical,bloodmnist_224,test,292,4,0,-27.538143,-7.404899
medical,bloodmnist_224,test,293,4,3,-22.183197,2.005779
medical,bloodmnist_224,test,294,3,3,12.541446,27.677099
medical,bloodmnist_224,test,295,7,3,-31.219677,45.321846
medical,bloodmnist_224,test,296,3,3,9.713015,26.108152
medical,bloodmnist_224,test,297,3,3,8.345840,12.476358
medical,bloodmnist_224,test,298,1,3,13.043199,-31.326775
medical,bloodmnist_224,test,299,6,3,-15.497960,-26.068916
medical,bloodmnist_224,test,300,0,0,47.381950,-3.843210
medical,bloodmnist_224,test,301,2,3,-43.717289,2.585147
medical,bloodmnist_224,test,302,0,3,41.856060,0.750764
medical,bloodmnist_224,test,303,1,3,13.543580,-33.430340
medical,bloodmnist_224,test,304,7,3,-24.137716,39.259464
medical,bloodmnist_224,test,305,1,3,13.787306,-35.022869
medical,bloodmnist_224,test,306,1,3,22.706078,-29.096416
medical,bloodmnist_224,test,307,6,3,-16.019510,-28.851894
medical,bloodmnist_224,test,308,1,3,12.604012,-20.706396
medical,bloodmnist_224,test,309,4,3,-27.990738,-6.464216
medical,bloodmnist_224,test,310,1,3,19.608801,-28.409473
medical,bloodmnist_224,test,311,2,3,-43.391289,-1.071717
medical,bloodmnist_224,test,312,7,3,-19.456081,41.210728
medical,bloodmnist_224,test,313,1,3,17.292484,-30.650078
medical,bloodmnist_224,test,314,7,3,-30.987524,32.413216
medical,bloodmnist_224,test,315,1,3,23.745483,-32.749454
medical,bloodmnist_224,test,316,6,0,-15.580564,-41.634861
medical,bloodmnist_224,test,317,4,3,-23.955055,-2.526171
medical,bloodmnist_224,test,318,4,0,-27.942232,-7.780639
medical,bloodmnist_224,test,319,7,3,-26.122877,33.326237
medical,bloodmnist_224,test,320,2,3,-17.068825,0.829626
medical,bloodmnist_224,test,321,6,3,-5.122739,-35.766006
medical,bloodmnist_224,test,322,6,3,17.228498,-33.341125
medical,bloodmnist_224,test,323,3,3,7.934611,22.070881
medical,bloodmnist_224,test,324,5,3,27.827095,5.370573
medical,bloodmnist_224,test,325,2,3,-42.689350,-4.044771
medical,bloodmnist_224,test,326,6,3,-17.043175,-35.011208
medical,bloodmnist_224,test,327,1,3,8.462681,-22.166397
medical,bloodmnist_224,test,328,6,3,-20.239481,-34.734001
medical,bloodmnist_224,test,329,6,3,-12.341424,-15.439513
medical,bloodmnist_224,test,330,4,3,-1.752120,3.743865
medical,bloodmnist_224,test,331,2,3,-13.344628,-11.226897
medical,bloodmnist_224,test,332,7,3,-13.686279,48.063171
medical,bloodmnist_224,test,333,3,3,18.202551,-19.207653
medical,bloodmnist_224,test,334,3,3,9.962846,14.982263
medical,bloodmnist_224,test,335,5,3,32.319733,12.230714
medical,bloodmnist_224,test,336,3,3,8.492513,26.294355
medical,bloodmnist_224,test,337,3,3,21.012411,11.403383
medical,bloodmnist_224,test,338,1,3,6.658851,-25.228088
medical,bloodmnist_224,test,339,2,3,-39.887371,-1.294846
medical,bloodmnist_224,test,340,3,3,7.605772,-5.303142
medical,bloodmnist_224,test,341,5,3,18.648668,25.618336
medical,bloodmnist_224,test,342,0,3,40.127533,-4.749025
medical,bloodmnist_224,test,343,6,3,-14.818108,-30.493093
medical,bloodmnist_224,test,344,6,3,-8.079939,-34.462402
medical,bloodmnist_224,test,345,4,3,-18.859388,1.779012
medical,bloodmnist_224,test,346,0,3,39.046810,-2.412104
medical,bloodmnist_224,test,347,1,3,12.288789,-25.721291
medical,bloodmnist_224,test,348,2,3,-32.335720,3.986449
medical,bloodmnist_224,test,349,2,3,-13.431366,-15.339879
medical,bloodmnist_224,test,350,6,3,-5.047904,-36.686161
medical,bloodmnist_224,test,351,7,3,-25.795765,37.675072
medical,bloodmnist_224,test,352,1,3,9.489285,-9.561248
medical,bloodmnist_224,test,353,0,3,37.770779,-4.076691
medical,bloodmnist_224,test,354,7,3,-33.515099,46.983166
medical,bloodmnist_224,test,355,6,3,-6.044591,-20.803827
medical,bloodmnist_224,test,356,1,3,25.239048,-29.800642
medical,bloodmnist_224,test,357,3,3,20.990561,24.547150
medical,bloodmnist_224,test,358,3,3,30.927402,8.276605
medical,bloodmnist_224,test,359,7,3,-25.415245,36.403275
medical,bloodmnist_224,test,360,7,3,-17.080944,42.897038
medical,bloodmnist_224,test,361,2,3,-42.193722,-0.406725
medical,bloodmnist_224,test,362,3,3,23.395027,5.062297
medical,bloodmnist_224,test,363,6,3,-18.818432,-36.084557
medical,bloodmnist_224,test,364,1,3,6.577646,-27.830769
medical,bloodmnist_224,test,365,7,3,-30.414141,34.671158
medical,bloodmnist_224,test,366,1,3,20.395823,-34.127041
medical,bloodmnist_224,test,367,5,3,32.433628,2.850076
medical,bloodmnist_224,test,368,4,3,-21.809559,-6.926902
medical,bloodmnist_224,test,369,7,3,-19.494995,47.440308
medical,bloodmnist_224,test,370,3,3,9.850032,17.156136
medical,bloodmnist_224,test,371,3,3,13.713061,10.004661
medical,bloodmnist_224,test,372,5,3,20.392715,11.292317
medical,bloodmnist_224,test,373,1,3,2.019636,-17.224010
medical,bloodmnist_224,test,374,0,0,46.539021,-3.610185
medical,bloodmnist_224,test,375,7,3,-14.663170,50.184120
medical,bloodmnist_224,test,376,7,3,-21.540098,36.691082
medical,bloodmnist_224,test,377,5,3,0.752362,17.530659
medical,bloodmnist_224,test,378,3,3,15.052085,16.335102
medical,bloodmnist_224,test,379,2,3,-3.657663,14.491285
medical,bloodmnist_224,test,380,6,3,-11.337108,-32.677021
medical,bloodmnist_224,test,381,2,3,-34.838821,-9.234209
medical,bloodmnist_224,test,382,3,3,17.331211,21.682333
medical,bloodmnist_224,test,383,1,3,11.014513,-29.809065
medical,bloodmnist_224,test,384,0,0,50.062145,-5.207524
medical,bloodmnist_224,test,385,7,3,-32.935970,44.293270
medical,bloodmnist_224,test,386,4,3,-31.616863,-4.091776
medical,bloodmnist_224,test,387,1,3,6.534216,-26.272846
medical,bloodmnist_224,test,388,6,3,0.921964,-27.003927
medical,bloodmnist_224,test,389,6,3,-9.260261,-31.379992
medical,bloodmnist_224,test,390,3,3,-0.494553,8.726658
medical,bloodmnist_224,test,391,1,3,20.815424,-10.067224
medical,bloodmnist_224,test,392,4,3,-24.824537,-5.608698
medical,bloodmnist_224,test,393,0,0,49.615456,-3.938243
medical,bloodmnist_224,test,394,1,3,19.145323,-32.546665
medical,bloodmnist_224,test,395,5,3,18.046562,10.757204
medical,bloodmnist_224,test,396,0,3,39.482422,2.037682
medical,bloodmnist_224,test,397,3,3,10.416477,29.129536
medical,bloodmnist_224,test,398,6,3,-3.268276,-26.597158
medical,bloodmnist_224,test,399,7,3,-27.378305,50.718254
medical,bloodmnist_224,test,400,0,3,37.112659,0.265223
medical,bloodmnist_224,test,401,1,3,0.735411,-32.319469
medical,bloodmnist_224,test,402,6,3,-9.060570,-32.339722
medical,bloodmnist_224,test,403,6,3,7.006252,-7.032094
medical,bloodmnist_224,test,404,6,3,-6.431230,-25.337862
medical,bloodmnist_224,test,405,6,3,-0.369920,-18.853395
medical,bloodmnist_224,test,406,6,3,-5.578729,-34.626053
medical,bloodmnist_224,test,407,1,3,28.465155,-30.689758
medical,bloodmnist_224,test,408,2,3,-13.173099,-11.733577
medical,bloodmnist_224,test,409,6,3,-4.095137,-35.876297
medical,bloodmnist_224,test,410,6,0,-14.290154,-41.514771
medical,bloodmnist_224,test,411,6,3,-17.180761,-20.899904
medical,bloodmnist_224,test,412,2,3,-1.153902,-13.944876
medical,bloodmnist_224,test,413,2,3,-41.328922,-4.899673
medical,bloodmnist_224,test,414,2,3,-35.172043,-12.638229
medical,bloodmnist_224,test,415,6,0,-17.550848,-37.894409
medical,bloodmnist_224,test,416,1,0,46.014542,-10.259682
medical,bloodmnist_224,test,417,7,3,-20.927582,37.266212
medical,bloodmnist_224,test,418,5,3,24.055285,14.294587
medical,bloodmnist_224,test,419,0,0,45.066471,-4.420017
medical,bloodmnist_224,test,420,0,3,37.901043,0.336485
medical,bloodmnist_224,test,421,2,3,-33.019154,-11.094650
medical,bloodmnist_224,test,422,3,3,8.062299,9.296762
medical,bloodmnist_224,test,423,6,3,-8.547985,-14.605581
medical,bloodmnist_224,test,424,0,0,44.649845,-6.698766
medical,bloodmnist_224,test,425,7,3,-34.044254,46.892803
medical,bloodmnist_224,test,426,3,3,15.228697,29.648308
medical,bloodmnist_224,test,427,1,3,24.446526,-24.535507
medical,bloodmnist_224,test,428,3,3,25.591421,21.029770
medical,bloodmnist_224,test,429,3,3,17.675787,17.040903
medical,bloodmnist_224,test,430,0,0,45.378136,-7.781945
medical,bloodmnist_224,test,431,3,3,8.114379,25.409813
medical,bloodmnist_224,test,432,5,3,28.949791,14.917395
medical,bloodmnist_224,test,433,0,3,35.217613,-1.429688
medical,bloodmnist_224,test,434,1,3,2.992068,-26.113977
medical,bloodmnist_224,test,435,7,3,-15.771382,47.075554
medical,bloodmnist_224,test,436,2,3,-41.896893,4.234568
medical,bloodmnist_224,test,437,6,3,-7.015173,-7.754251
medical,bloodmnist_224,test,438,4,3,-19.027767,-18.044971
medical,bloodmnist_224,test,439,3,3,26.695190,23.400963
medical,bloodmnist_224,test,440,1,3,8.203495,-13.601334
medical,bloodmnist_224,test,441,0,3,21.440882,-34.892948
medical,bloodmnist_224,test,442,3,3,2.170005,12.731547
medical,bloodmnist_224,test,443,2,3,-32.499134,-9.386703
medical,bloodmnist_224,test,444,1,3,37.650177,-4.514055
medical,bloodmnist_224,test,445,4,3,-23.108583,-6.859675
medical,bloodmnist_224,test,446,6,3,-12.469161,-27.552696
medical,bloodmnist_224,test,447,7,3,-29.716749,47.528683
medical,bloodmnist_224,test,448,7,3,-17.958096,48.661201
medical,bloodmnist_224,test,449,5,3,30.038599,11.228121
medical,bloodmnist_224,test,450,1,3,18.824224,-16.238962
medical,bloodmnist_224,test,451,3,3,15.898855,14.614401
medical,bloodmnist_224,test,452,2,3,-32.744347,-9.203255
medical,bloodmnist_224,test,453,4,3,-23.756638,-5.599954
medical,bloodmnist_224,test,454,5,3,25.232321,5.155189
medical,bloodmnist_224,test,455,6,3,7.218496,-21.477745
medical,bloodmnist_224,test,456,7,3,-28.549742,51.080078
medical,bloodmnist_224,test,457,7,3,-14.699512,47.071987
medical,bloodmnist_224,test,458,6,3,-11.306023,-33.994377
medical,bloodmnist_224,test,459,2,3,-43.007095,1.464251
medical,bloodmnist_224,test,460,4,3,-29.062536,-0.781197
medical,bloodmnist_224,test,461,3,3,12.509630,19.017170
medical,bloodmnist_224,test,462,5,3,24.411015,18.207418
medical,bloodmnist_224,test,463,2,3,-44.536442,1.722938
medical,bloodmnist_224,test,464,1,3,20.895679,-27.159887
medical,bloodmnist_224,test,465,6,3,-5.465408,-36.489429
medical,bloodmnist_224,test,466,6,3,3.826589,-22.673084
medical,bloodmnist_224,test,467,2,3,-44.681675,-0.830260
medical,bloodmnist_224,test,468,1,3,22.642500,-30.063232
medical,bloodmnist_224,test,469,7,3,-18.746614,42.022228
medical,bloodmnist_224,test,470,1,3,9.505229,-26.444599
medical,bloodmnist_224,test,471,3,3,27.689415,15.884838
medical,bloodmnist_224,test,472,0,3,34.147667,-5.335539
medical,bloodmnist_224,test,473,7,3,-26.875156,51.497070
medical,bloodmnist_224,test,474,7,3,-25.257221,42.900791
medical,bloodmnist_224,test,475,4,3,-19.873997,-1.065842
medical,bloodmnist_224,test,476,6,3,10.445723,2.985065
medical,bloodmnist_224,test,477,1,3,5.467040,-27.550892
medical,bloodmnist_224,test,478,4,3,-23.787056,-4.839008
medical,bloodmnist_224,test,479,7,3,-18.082369,40.392811
medical,bloodmnist_224,test,480,5,3,11.077833,21.890165
medical,bloodmnist_224,test,481,4,3,-17.724524,-0.724112
medical,bloodmnist_224,test,482,4,3,-27.154125,2.430341
medical,bloodmnist_224,test,483,7,3,-30.570648,37.788979
medical,bloodmnist_224,test,484,2,3,-33.002113,-12.155478
medical,bloodmnist_224,test,485,2,3,-45.211117,-3.991094
medical,bloodmnist_224,test,486,1,3,23.780773,-32.679287
medical,bloodmnist_224,test,487,3,3,8.294708,17.006186
medical,bloodmnist_224,test,488,1,3,23.389456,-18.591013
medical,bloodmnist_224,test,489,1,3,22.525675,-29.053532
medical,bloodmnist_224,test,490,1,3,17.211966,-16.112097
medical,bloodmnist_224,test,491,2,3,-41.123257,-1.592368
medical,bloodmnist_224,test,492,6,3,3.033469,0.229477
medical,bloodmnist_224,test,493,3,3,14.081441,12.091230
medical,bloodmnist_224,test,494,6,3,-18.077099,-36.304325
medical,bloodmnist_224,test,495,5,3,17.339798,18.698477
medical,bloodmnist_224,test,496,3,3,9.966548,3.518010
medical,bloodmnist_224,test,497,5,3,28.557264,7.265743
medical,bloodmnist_224,test,498,6,3,-0.026346,-11.116334
medical,bloodmnist_224,test,499,6,3,-16.784546,-31.971346
medical,bloodmnist_224,test,500,5,3,3.020075,14.446529
medical,bloodmnist_224,test,501,3,3,-0.561961,5.094763
medical,bloodmnist_224,test,502,3,3,11.934073,28.620747
medical,bloodmnist_224,test,503,6,3,-14.794945,-27.089178
medical,bloodmnist_224,test,504,7,3,-29.982235,44.514896
medical,bloodmnist_224,test,505,6,3,10.959904,16.799284
medical,bloodmnist_224,test,506,7,3,-30.482513,32.124397
medical,bloodmnist_224,test,507,1,3,16.104935,-21.699442
medical,bloodmnist_224,test,508,3,3,12.736189,22.675716
medical,bloodmnist_224,test,509,0,0,47.692944,-8.676274
medical,bloodmnist_224,test,510,2,3,-42.224472,0.472561
medical,bloodmnist_224,test,511,7,3,-32.463730,46.448715
medical,bloodmnist_224,test,512,3,3,16.209637,13.992606
medical,bloodmnist_224,test,513,6,3,-10.899148,-31.690081
medical,bloodmnist_224,test,514,1,3,24.161879,-14.116250
medical,bloodmnist_224,test,515,7,3,-29.391769,37.360123
medical,bloodmnist_224,test,516,2,3,-4.604664,14.591708
medical,bloodmnist_224,test,517,0,3,44.096821,-1.550732
medical,bloodmnist_224,test,518,3,3,20.021706,-9.431322
medical,bloodmnist_224,test,519,5,3,1.809508,20.025084
medical,bloodmnist_224,test,520,1,3,-1.722749,-24.603205
medical,bloodmnist_224,test,521,7,3,-30.997494,32.959187
medical,bloodmnist_224,test,522,1,3,45.828739,-11.057704
medical,bloodmnist_224,test,523,7,3,-23.206074,33.194599
medical,bloodmnist_224,test,524,6,3,6.493105,-5.824403
medical,bloodmnist_224,test,525,6,3,22.450714,-35.216827
medical,bloodmnist_224,test,526,2,3,-40.625618,-2.732289
medical,bloodmnist_224,test,527,7,3,-25.621222,44.493717
medical,bloodmnist_224,test,528,3,3,10.046705,25.577503
medical,bloodmnist_224,test,529,0,3,30.554836,-2.001998
medical,bloodmnist_224,test,530,3,3,22.492104,22.376871
medical,bloodmnist_224,test,531,5,3,9.313150,15.022073
medical,bloodmnist_224,test,532,6,3,-14.877301,-26.318190
medical,bloodmnist_224,test,533,5,3,8.973658,22.889244
medical,bloodmnist_224,test,534,3,3,2.321448,9.472656
medical,bloodmnist_224,test,535,3,3,4.966866,5.946862
medical,bloodmnist_224,test,536,3,3,13.301592,12.168715
medical,bloodmnist_224,test,537,1,3,29.131493,-28.542393
medical,bloodmnist_224,test,538,1,3,21.922880,-33.738056
medical,bloodmnist_224,test,539,5,3,27.757391,5.948133
medical,bloodmnist_224,test,540,6,3,9.027171,-14.469825
medical,bloodmnist_224,test,541,5,3,28.433409,10.333748
medical,bloodmnist_224,test,542,0,3,19.658146,3.834093
medical,bloodmnist_224,test,543,6,3,-5.019000,-11.454867
medical,bloodmnist_224,test,544,6,3,-10.261587,-19.663891
medical,bloodmnist_224,test,545,3,3,19.447113,25.585630
medical,bloodmnist_224,test,546,1,3,25.244183,-21.717878
medical,bloodmnist_224,test,547,6,3,-10.064010,-16.197203
medical,bloodmnist_224,test,548,6,3,-7.414259,-31.136427
medical,bloodmnist_224,test,549,3,3,-0.403783,6.380342
medical,bloodmnist_224,test,550,4,3,-25.638950,-2.493940
medical,bloodmnist_224,test,551,3,3,6.268968,17.170588
medical,bloodmnist_224,test,552,0,3,35.194641,-0.384093
medical,bloodmnist_224,test,553,6,3,-16.590897,-26.854092
medical,bloodmnist_224,test,554,6,3,-4.518368,-37.117317
medical,bloodmnist_224,test,555,4,3,-29.983534,-0.102791
medical,bloodmnist_224,test,556,0,3,34.566154,-4.925950
medical,bloodmnist_224,test,557,6,3,-4.064248,-22.211103
medical,bloodmnist_224,test,558,3,3,14.609691,29.204035
medical,bloodmnist_224,test,559,5,3,29.495598,14.616629
medical,bloodmnist_224,test,560,1,3,22.053703,-22.323589
medical,bloodmnist_224,test,561,7,3,-31.222502,43.031925
medical,bloodmnist_224,test,562,1,3,13.303777,-21.375753
medical,bloodmnist_224,test,563,0,3,38.189327,2.634249
medical,bloodmnist_224,test,564,3,3,18.685572,14.784927
medical,bloodmnist_224,test,565,3,3,18.446993,27.688757
medical,bloodmnist_224,test,566,1,3,-0.627846,-16.951462
medical,bloodmnist_224,test,567,1,3,21.040764,-24.437660
medical,bloodmnist_224,test,568,2,3,-31.448849,-10.942436
medical,bloodmnist_224,test,569,6,3,-5.906224,-36.306004
medical,bloodmnist_224,test,570,7,3,-23.453638,46.510792
medical,bloodmnist_224,test,571,5,3,2.534928,19.420559
medical,bloodmnist_224,test,572,3,3,3.193172,7.146144
medical,bloodmnist_224,test,573,4,3,-28.559420,-2.675511
medical,bloodmnist_224,test,574,3,3,29.954536,7.417818
medical,bloodmnist_224,test,575,5,3,4.274177,22.590818
medical,bloodmnist_224,test,576,3,3,25.574821,9.741349
medical,bloodmnist_224,test,577,3,3,22.666183,12.971424
medical,bloodmnist_224,test,578,5,3,17.490629,13.199203
medical,bloodmnist_224,test,579,5,3,7.342696,26.666260
medical,bloodmnist_224,test,580,6,3,-18.875952,-32.460812
medical,bloodmnist_224,test,581,0,3,33.599842,0.631280
medical,bloodmnist_224,test,582,3,3,-0.111779,17.107899
medical,bloodmnist_224,test,583,3,3,6.645702,-1.253911
medical,bloodmnist_224,test,584,1,3,19.138723,-31.414547
medical,bloodmnist_224,test,585,1,3,6.282714,-11.789216
medical,bloodmnist_224,test,586,6,3,2.396250,-24.034454
medical,bloodmnist_224,test,587,7,3,-28.501549,40.347305
medical,bloodmnist_224,test,588,1,3,24.325220,-21.968306
medical,bloodmnist_224,test,589,4,3,-24.015486,1.965642
medical,bloodmnist_224,test,590,3,3,12.178711,-3.394526
medical,bloodmnist_224,test,591,5,3,8.329920,26.877199
medical,bloodmnist_224,test,592,1,3,15.713170,-23.126162
medical,bloodmnist_224,test,593,5,3,17.205286,15.371801
medical,bloodmnist_224,test,594,6,3,1.485173,-22.468288
medical,bloodmnist_224,test,595,3,3,-2.869320,15.069231
medical,bloodmnist_224,test,596,6,3,-7.452332,-21.897163
medical,bloodmnist_224,test,597,3,3,33.019199,3.106013
medical,bloodmnist_224,test,598,3,3,15.469466,25.944714
medical,bloodmnist_224,test,599,7,3,-21.070692,41.562225
medical,bloodmnist_224,test,600,2,3,-40.867279,1.335346
medical,bloodmnist_224,test,601,1,3,15.043361,-36.585442
medical,bloodmnist_224,test,602,3,3,6.380234,16.075445
medical,bloodmnist_224,test,603,3,3,14.289479,19.753641
medical,bloodmnist_224,test,604,1,3,-0.432754,-22.965771
medical,bloodmnist_224,test,605,3,3,11.050200,28.585697
medical,bloodmnist_224,test,606,6,3,-7.947348,-27.882162
medical,bloodmnist_224,test,607,2,3,-34.750202,-5.949045
medical,bloodmnist_224,test,608,0,0,49.042591,-3.010886
medical,bloodmnist_224,test,609,3,3,6.305284,5.435761
medical,bloodmnist_224,test,610,7,3,-21.354309,51.846569
medical,bloodmnist_224,test,611,6,3,-3.582220,-20.411676
medical,bloodmnist_224,test,612,7,3,-13.976594,44.806488
medical,bloodmnist_224,test,613,3,3,10.338899,26.832062
medical,bloodmnist_224,test,614,1,3,16.702072,-14.828603
medical,bloodmnist_224,test,615,4,3,-20.877134,3.428463
medical,bloodmnist_224,test,616,5,3,17.867762,14.491077
medical,bloodmnist_224,test,617,1,3,23.221716,-19.890261
medical,bloodmnist_224,test,618,1,3,25.521517,-26.192310
medical,bloodmnist_224,test,619,6,3,11.659640,-16.429462
medical,bloodmnist_224,test,620,7,3,-18.609732,47.793041
medical,bloodmnist_224,test,621,5,3,-0.029811,18.450319
medical,bloodmnist_224,test,622,5,3,2.894058,23.795496
medical,bloodmnist_224,test,623,1,3,14.986611,-25.617786
medical,bloodmnist_224,test,624,4,3,-25.448360,-8.233834
medical,bloodmnist_224,test,625,7,3,-28.025360,37.576935
medical,bloodmnist_224,test,626,5,3,20.725599,12.257393
medical,bloodmnist_224,test,627,6,3,-2.322770,-36.422688
medical,bloodmnist_224,test,628,1,3,18.571146,-31.389414
medical,bloodmnist_224,test,629,1,3,22.486420,-32.016556
medical,bloodmnist_224,test,630,4,3,-15.100543,0.560523
medical,bloodmnist_224,test,631,6,3,-16.181242,-28.204590
medical,bloodmnist_224,test,632,3,3,13.689025,26.317972
medical,bloodmnist_224,test,633,3,3,-1.017498,3.687664
medical,bloodmnist_224,test,634,5,3,23.832346,12.499973
medical,bloodmnist_224,test,635,4,3,-4.169015,9.813729
medical,bloodmnist_224,test,636,1,3,11.500678,-19.569555
medical,bloodmnist_224,test,637,3,3,12.051200,10.720013
medical,bloodmnist_224,test,638,1,3,19.163807,-16.001350
medical,bloodmnist_224,test,639,2,3,-44.725769,0.118177
medical,bloodmnist_224,test,640,1,3,6.354334,-27.567423
medical,bloodmnist_224,test,641,4,3,-33.544308,-4.090041
medical,bloodmnist_224,test,642,5,3,24.905428,5.625381
medical,bloodmnist_224,test,643,3,3,21.426640,10.649776
medical,bloodmnist_224,test,644,3,3,16.193785,24.189560
medical,bloodmnist_224,test,645,7,3,-10.520362,46.066265
medical,bloodmnist_224,test,646,1,3,11.596108,-16.949339
medical,bloodmnist_224,test,647,1,3,20.199968,-33.428123
medical,bloodmnist_224,test,648,6,3,2.382900,-24.540850
medical,bloodmnist_224,test,649,5,3,14.374903,10.543500
medical,bloodmnist_224,test,650,3,3,6.026587,0.871931
medical,bloodmnist_224,test,651,6,3,-8.927502,-40.872032
medical,bloodmnist_224,test,652,6,3,-8.016186,-29.346130
medical,bloodmnist_224,test,653,4,3,-25.976324,-2.696806
medical,bloodmnist_224,test,654,7,3,-29.329235,50.515942
medical,bloodmnist_224,test,655,1,3,22.914875,-14.555853
medical,bloodmnist_224,test,656,6,3,-2.942769,-17.572367
medical,bloodmnist_224,test,657,7,3,-14.250286,45.909340
medical,bloodmnist_224,test,658,3,3,-14.818733,0.463762
medical,bloodmnist_224,test,659,7,3,-26.789333,48.757988
medical,bloodmnist_224,test,660,3,3,-20.722340,-2.556102
medical,bloodmnist_224,test,661,0,3,42.083084,-1.887160
medical,bloodmnist_224,test,662,7,3,-24.602320,41.425049
medical,bloodmnist_224,test,663,2,3,-44.048775,-2.743226
medical,bloodmnist_224,test,664,1,3,20.719589,-26.758148
medical,bloodmnist_224,test,665,7,3,-16.950127,48.785694
medical,bloodmnist_224,test,666,7,3,-31.479298,36.595825
medical,bloodmnist_224,test,667,5,3,19.764248,12.019783
medical,bloodmnist_224,test,668,4,3,-15.859547,-0.879803
medical,bloodmnist_224,test,669,1,3,13.948906,-16.697506
medical,bloodmnist_224,test,670,2,3,-43.609184,-6.948053
medical,bloodmnist_224,test,671,3,3,26.133955,20.099045
medical,bloodmnist_224,test,672,5,3,30.541607,7.700228
medical,bloodmnist_224,test,673,4,3,-17.176538,2.368456
medical,bloodmnist_224,test,674,0,3,25.188536,15.339832
medical,bloodmnist_224,test,675,2,3,-40.793049,-2.904173
medical,bloodmnist_224,test,676,7,3,-30.869514,33.024765
medical,bloodmnist_224,test,677,1,3,22.142590,-25.581242
medical,bloodmnist_224,test,678,1,3,14.776208,-14.407931
medical,bloodmnist_224,test,679,3,3,14.945456,17.170122
medical,bloodmnist_224,test,680,7,3,-25.025330,46.898609
medical,bloodmnist_224,test,681,6,3,8.408648,-15.727646
medical,bloodmnist_224,test,682,3,3,7.923544,7.779484
medical,bloodmnist_224,test,683,2,3,-2.983537,13.979912
medical,bloodmnist_224,test,684,1,3,18.455233,-15.952913
medical,bloodmnist_224,test,685,3,3,12.158173,25.521820
medical,bloodmnist_224,test,686,4,3,-39.283054,-0.344757
medical,bloodmnist_224,test,687,2,3,-40.261627,2.266280
medical,bloodmnist_224,test,688,1,3,16.049538,-25.481449
medical,bloodmnist_224,test,689,2,3,-14.622055,-20.616955
medical,bloodmnist_224,test,690,1,3,17.303577,-25.071852
medical,bloodmnist_224,test,691,1,3,33.951286,-7.926920
medical,bloodmnist_224,test,692,3,3,-3.550838,0.831260
medical,bloodmnist_224,test,693,1,3,15.486851,-34.339432
medical,bloodmnist_224,test,694,6,3,-1.133415,-24.332701
medical,bloodmnist_224,test,695,6,3,-4.489980,-22.550364
medical,bloodmnist_224,test,696,6,3,-4.523302,-23.522127
medical,bloodmnist_224,test,697,4,3,-20.650145,1.192654
medical,bloodmnist_224,test,698,3,3,9.614060,5.722904
medical,bloodmnist_224,test,699,3,3,6.266075,8.474404
medical,bloodmnist_224,test,700,0,3,38.192429,2.968289
medical,bloodmnist_224,test,701,1,3,20.775492,-29.729532
medical,bloodmnist_224,test,702,0,3,38.480278,2.252449
medical,bloodmnist_224,test,703,0,0,46.134602,-10.170695
medical,bloodmnist_224,test,704,2,3,-37.450996,-0.060463
medical,bloodmnist_224,test,705,3,3,24.474743,24.844301
medical,bloodmnist_224,test,706,1,3,21.564804,-17.022533
medical,bloodmnist_224,test,707,6,0,-18.097996,-37.364407
medical,bloodmnist_224,test,708,0,0,46.794209,-1.223472
medical,bloodmnist_224,test,709,4,3,-25.602402,-7.986089
medical,bloodmnist_224,test,710,6,3,-4.665213,-36.284554
medical,bloodmnist_224,test,711,2,3,-31.024242,-12.674732
medical,bloodmnist_224,test,712,4,3,-25.515495,-0.204143
medical,bloodmnist_224,test,713,6,3,-19.010941,-18.710979
medical,bloodmnist_224,test,714,3,3,-1.365495,1.764289
medical,bloodmnist_224,test,715,0,3,41.139572,-0.059829
medical,bloodmnist_224,test,716,5,3,26.809927,21.627899
medical,bloodmnist_224,test,717,4,3,-24.942198,2.415850
medical,bloodmnist_224,test,718,2,3,-44.883022,3.170407
medical,bloodmnist_224,test,719,7,3,-26.594810,47.504757
medical,bloodmnist_224,test,720,6,3,-4.376942,-21.875637
medical,bloodmnist_224,test,721,6,3,-2.615401,-30.077612
medical,bloodmnist_224,test,722,6,3,-5.173852,-15.940368
medical,bloodmnist_224,test,723,7,3,-29.624592,42.674423
medical,bloodmnist_224,test,724,3,3,10.142222,16.721619
medical,bloodmnist_224,test,725,6,3,-1.454186,-30.845379
medical,bloodmnist_224,test,726,3,3,23.655527,23.813499
medical,bloodmnist_224,test,727,1,3,15.100813,-26.757542
medical,bloodmnist_224,test,728,6,3,-19.467451,-34.165813
medical,bloodmnist_224,test,729,1,3,27.343493,-25.866274
medical,bloodmnist_224,test,730,3,3,21.601856,26.216034
medical,bloodmnist_224,test,731,7,3,-24.956255,45.787163
medical,bloodmnist_224,test,732,5,3,30.917402,10.887833
medical,bloodmnist_224,test,733,1,3,16.299982,-30.774515
medical,bloodmnist_224,test,734,6,3,-18.735878,-33.143974
medical,bloodmnist_224,test,735,1,3,3.098320,-34.272854
medical,bloodmnist_224,test,736,5,3,20.650846,14.442877
medical,bloodmnist_224,test,737,4,3,-21.567055,3.678990
medical,bloodmnist_224,test,738,2,3,-34.496780,5.320477
medical,bloodmnist_224,test,739,2,3,-44.535995,-5.603903
medical,bloodmnist_224,test,740,3,3,-4.231156,7.826735
medical,bloodmnist_224,test,741,3,3,11.264382,-8.367464
medical,bloodmnist_224,test,742,0,0,42.090775,-7.846055
medical,bloodmnist_224,test,743,6,3,-9.189527,-13.665208
medical,bloodmnist_224,test,744,1,3,11.536911,-23.746870
medical,bloodmnist_224,test,745,7,3,-23.558260,41.364742
medical,bloodmnist_224,test,746,1,3,15.860707,-20.195324
medical,bloodmnist_224,test,747,5,3,30.090996,10.037397
medical,bloodmnist_224,test,748,7,3,-30.213390,42.832424
medical,bloodmnist_224,test,749,7,3,-16.737270,50.661034
medical,bloodmnist_224,test,750,0,3,41.371136,0.965779
medical,bloodmnist_224,test,751,6,3,-9.668855,-31.401369
medical,bloodmnist_224,test,752,1,3,18.626520,-22.578978
medical,bloodmnist_224,test,753,0,3,41.495811,-4.939361
medical,bloodmnist_224,test,754,5,3,27.050255,12.117174
medical,bloodmnist_224,test,755,3,3,11.608891,29.606407
medical,bloodmnist_224,test,756,1,3,10.714295,-5.233905
medical,bloodmnist_224,test,757,1,3,10.831800,-20.225254
medical,bloodmnist_224,test,758,3,3,10.170935,-1.240447
medical,bloodmnist_224,test,759,1,3,39.208477,1.203067
medical,bloodmnist_224,test,760,7,3,-32.245525,31.502357
medical,bloodmnist_224,test,761,0,3,38.459927,-1.868693
medical,bloodmnist_224,test,762,7,3,-30.653088,46.060974
medical,bloodmnist_224,test,763,6,3,-2.976717,-16.622343
medical,bloodmnist_224,test,764,6,3,-15.183901,-33.615337
medical,bloodmnist_224,test,765,6,3,-15.594709,-36.216599
medical,bloodmnist_224,test,766,1,3,6.665712,-21.571569
medical,bloodmnist_224,test,767,3,3,24.984024,14.952922
medical,bloodmnist_224,test,768,7,3,-21.027611,47.869942
medical,bloodmnist_224,test,769,2,3,-39.261772,-2.907810
medical,bloodmnist_224,test,770,4,3,-25.381351,1.982334
medical,bloodmnist_224,test,771,4,3,-3.594403,4.382000
medical,bloodmnist_224,test,772,6,3,-10.011526,-16.124153
medical,bloodmnist_224,test,773,3,3,0.569133,2.709959
medical,bloodmnist_224,test,774,1,3,21.565054,-17.416552
medical,bloodmnist_224,test,775,7,0,-31.750685,33.464970
medical,bloodmnist_224,test,776,5,3,31.119942,13.135450
medical,bloodmnist_224,test,777,4,3,-24.598284,1.345826
medical,bloodmnist_224,test,778,1,3,10.653976,-18.564548
medical,bloodmnist_224,test,779,1,3,9.545260,-23.927679
medical,bloodmnist_224,test,780,5,3,6.485427,18.165672
medical,bloodmnist_224,test,781,6,3,-19.836159,-29.668140
medical,bloodmnist_224,test,782,6,3,6.531142,-13.191393
medical,bloodmnist_224,test,783,1,3,13.921396,-12.564359
medical,bloodmnist_224,test,784,7,3,-28.326118,46.238953
medical,bloodmnist_224,test,785,1,3,22.106516,-30.278503
medical,bloodmnist_224,test,786,3,3,16.191332,23.737747
medical,bloodmnist_224,test,787,2,3,-42.651989,-1.610600
medical,bloodmnist_224,test,788,7,3,-33.381176,34.949299
medical,bloodmnist_224,test,789,5,3,11.942357,27.521887
medical,bloodmnist_224,test,790,2,3,-13.119023,-10.458905
medical,bloodmnist_224,test,791,2,3,-42.249176,-0.620250
medical,bloodmnist_224,test,792,3,3,0.168623,11.456496
medical,bloodmnist_224,test,793,0,0,43.706135,-4.187247
medical,bloodmnist_224,test,794,5,3,31.506308,13.513318
medical,bloodmnist_224,test,795,6,3,-5.485992,-23.184595
medical,bloodmnist_224,test,796,6,3,-11.342514,-26.623232
medical,bloodmnist_224,test,797,7,3,-32.939240,34.720776
medical,bloodmnist_224,test,798,3,3,1.346318,3.798040
medical,bloodmnist_224,test,799,5,3,2.547283,19.557066
medical,bloodmnist_224,test,800,3,3,7.637580,26.966501
medical,bloodmnist_224,test,801,6,3,-12.466032,-29.061850
medical,bloodmnist_224,test,802,4,3,-3.317618,4.905255
medical,bloodmnist_224,test,803,3,3,10.056347,9.364010
medical,bloodmnist_224,test,804,4,3,-25.998150,3.017070
medical,bloodmnist_224,test,805,3,3,23.063465,9.450171
medical,bloodmnist_224,test,806,7,3,-30.264601,32.603046
medical,bloodmnist_224,test,807,1,3,9.244781,-31.069799
medical,bloodmnist_224,test,808,7,3,-16.590593,49.938110
medical,bloodmnist_224,test,809,6,3,1.267614,2.901100
medical,bloodmnist_224,test,810,6,3,-12.343824,-40.716423
medical,bloodmnist_224,test,811,6,3,0.821777,-9.711535
medical,bloodmnist_224,test,812,6,3,-10.476539,-38.194923
medical,bloodmnist_224,test,813,6,3,2.358790,-34.653316
medical,bloodmnist_224,test,814,3,3,30.276264,2.880621
medical,bloodmnist_224,test,815,1,3,8.239958,-9.288134
medical,bloodmnist_224,test,816,6,3,-15.937982,-35.423515
medical,bloodmnist_224,test,817,4,3,-30.521429,-4.498709
medical,bloodmnist_224,test,818,6,3,-3.696940,-24.986061
medical,bloodmnist_224,test,819,6,3,-7.951330,-18.962553
medical,bloodmnist_224,test,820,2,3,-37.286663,-5.318104
medical,bloodmnist_224,test,821,3,3,17.042196,25.663301
medical,bloodmnist_224,test,822,1,3,21.233000,-20.152525
medical,bloodmnist_224,test,823,2,3,-38.860039,-1.426679
medical,bloodmnist_224,test,824,6,3,-16.713902,-27.217106
medical,bloodmnist_224,test,825,1,3,20.539942,-29.681353
medical,bloodmnist_224,test,826,4,3,-20.853020,3.255932
medical,bloodmnist_224,test,827,6,3,-8.247140,-34.661209
medical,bloodmnist_224,test,828,2,3,-35.767353,-3.324772
medical,bloodmnist_224,test,829,3,3,9.964686,-0.157963
medical,bloodmnist_224,test,830,6,3,-7.127204,-40.893021
medical,bloodmnist_224,test,831,3,3,10.696090,17.809734
medical,bloodmnist_224,test,832,3,3,-18.077486,-18.170265
medical,bloodmnist_224,test,833,3,3,-0.919216,10.700870
medical,bloodmnist_224,test,834,0,3,40.261761,1.894391
medical,bloodmnist_224,test,835,3,3,7.987373,18.791462
medical,bloodmnist_224,test,836,0,0,42.981243,-4.694843
medical,bloodmnist_224,test,837,6,3,-7.443079,-15.523705
medical,bloodmnist_224,test,838,3,3,18.728664,-9.883447
medical,bloodmnist_224,test,839,6,3,1.333838,4.025271
medical,bloodmnist_224,test,840,7,3,-31.940149,35.838623
medical,bloodmnist_224,test,841,3,3,0.748494,6.236962
medical,bloodmnist_224,test,842,7,3,-21.405811,36.090782
medical,bloodmnist_224,test,843,4,3,-24.766056,3.377583
medical,bloodmnist_224,test,844,6,3,5.143736,-35.368866
medical,bloodmnist_224,test,845,4,3,-25.361280,-0.545136
medical,bloodmnist_224,test,846,1,3,18.835997,-13.950665
medical,bloodmnist_224,test,847,1,3,2.588110,-13.814316
medical,bloodmnist_224,test,848,2,3,-41.190666,-6.681812
medical,bloodmnist_224,test,849,2,3,-17.324646,-28.994413
medical,bloodmnist_224,test,850,6,3,-16.088047,-29.116367
medical,bloodmnist_224,test,851,7,3,-30.998098,46.376366
medical,bloodmnist_224,test,852,3,3,21.661531,13.326948
medical,bloodmnist_224,test,853,3,3,1.668586,3.078216
medical,bloodmnist_224,test,854,6,3,-7.607080,-36.015831
medical,bloodmnist_224,test,855,1,3,6.798213,-15.638338
medical,bloodmnist_224,test,856,6,3,-6.553685,-26.314772
medical,bloodmnist_224,test,857,3,3,20.413311,24.672907
medical,bloodmnist_224,test,858,7,3,-27.336639,50.757195
medical,bloodmnist_224,test,859,5,3,30.235607,9.318149
medical,bloodmnist_224,test,860,6,3,-8.659888,-29.843279
medical,bloodmnist_224,test,861,7,3,-28.602440,38.469814
medical,bloodmnist_224,test,862,2,3,-38.894745,2.580004
medical,bloodmnist_224,test,863,6,3,-2.864607,-21.323418
medical,bloodmnist_224,test,864,4,3,-5.114740,6.488328
medical,bloodmnist_224,test,865,2,3,-33.095760,-11.715988
medical,bloodmnist_224,test,866,6,3,-9.348053,-16.251314
medical,bloodmnist_224,test,867,3,3,3.776856,10.878171
medical,bloodmnist_224,test,868,6,3,-13.005055,-38.390636
medical,bloodmnist_224,test,869,3,3,19.334387,-16.031776
medical,bloodmnist_224,test,870,7,3,-32.291332,47.247307
medical,bloodmnist_224,test,871,6,3,-17.625717,-33.692879
medical,bloodmnist_224,test,872,7,3,-25.888536,43.673550
medical,bloodmnist_224,test,873,1,3,18.248207,-21.047178
medical,bloodmnist_224,test,874,1,3,2.637701,-34.110352
medical,bloodmnist_224,test,875,7,3,-27.816645,35.543209
medical,bloodmnist_224,test,876,3,3,4.251881,13.350727
medical,bloodmnist_224,test,877,1,3,7.219268,-33.337540
medical,bloodmnist_224,test,878,6,3,-17.623631,-23.389954
medical,bloodmnist_224,test,879,0,3,40.868919,1.333256
medical,bloodmnist_224,test,880,1,3,8.074492,-30.562557
medical,bloodmnist_224,test,881,1,0,46.348721,-9.580555
medical,bloodmnist_224,test,882,3,3,15.098875,27.466755
medical,bloodmnist_224,test,883,7,3,-25.109541,38.689636
medical,bloodmnist_224,test,884,2,3,-34.110970,-13.205066
medical,bloodmnist_224,test,885,1,3,10.625134,-23.413263
medical,bloodmnist_224,test,886,2,3,-10.293985,-14.071299
medical,bloodmnist_224,test,887,1,3,23.959492,-33.280373
medical,bloodmnist_224,test,888,0,3,44.801441,0.476008
medical,bloodmnist_224,test,889,6,3,-5.809912,-23.242683
medical,bloodmnist_224,test,890,5,3,0.199109,17.720924
medical,bloodmnist_224,test,891,7,3,-20.372698,52.261192
medical,bloodmnist_224,test,892,6,3,-12.336864,-36.814159
medical,bloodmnist_224,test,893,2,3,-38.454163,2.932163
medical,bloodmnist_224,test,894,4,3,-22.383451,30.338381
medical,bloodmnist_224,test,895,1,3,25.982697,-19.409933
medical,bloodmnist_224,test,896,1,3,-2.397221,-26.260557
medical,bloodmnist_224,test,897,1,3,25.594206,-23.865660
medical,bloodmnist_224,test,898,6,3,-4.778297,-23.943563
medical,bloodmnist_224,test,899,3,3,12.755454,10.911510
medical,bloodmnist_224,test,900,3,3,22.103754,26.117405
medical,bloodmnist_224,test,901,7,3,-22.584248,39.609634
medical,bloodmnist_224,test,902,2,3,-34.438637,6.666669
medical,bloodmnist_224,test,903,1,3,2.028069,-15.561717
medical,bloodmnist_224,test,904,3,3,7.819406,11.396357
medical,bloodmnist_224,test,905,0,3,26.613558,16.207241
medical,bloodmnist_224,test,906,1,3,19.533943,-14.131451
medical,bloodmnist_224,test,907,3,3,7.908191,12.937688
medical,bloodmnist_224,test,908,6,3,-5.050271,-24.086531
medical,bloodmnist_224,test,909,6,3,-3.001803,-26.679165
medical,bloodmnist_224,test,910,1,3,12.128196,-19.573982
medical,bloodmnist_224,test,911,6,3,-5.532630,-39.106991
medical,bloodmnist_224,test,912,5,3,7.837749,26.788523
medical,bloodmnist_224,test,913,2,3,-43.163689,0.681466
medical,bloodmnist_224,test,914,7,3,-21.663221,50.974918
medical,bloodmnist_224,test,915,5,3,28.199873,11.737016
medical,bloodmnist_224,test,916,6,3,29.629642,-3.365340
medical,bloodmnist_224,test,917,5,3,30.992886,10.732304
medical,bloodmnist_224,test,918,1,3,12.470347,-21.202137
medical,bloodmnist_224,test,919,3,3,3.172807,23.437729
medical,bloodmnist_224,test,920,6,3,-13.832509,-31.689573
medical,bloodmnist_224,test,921,3,3,9.089840,17.780849
medical,bloodmnist_224,test,922,3,3,32.902500,14.224113
medical,bloodmnist_224,test,923,0,0,44.751450,-7.738526
medical,bloodmnist_224,test,924,1,3,20.343554,-31.228794
medical,bloodmnist_224,test,925,7,3,-27.464890,35.557423
medical,bloodmnist_224,test,926,6,3,11.255447,-16.277431
medical,bloodmnist_224,test,927,6,3,6.777928,-15.183707
medical,bloodmnist_224,test,928,2,3,0.980479,21.908834
medical,bloodmnist_224,test,929,6,3,-12.266009,-37.826157
medical,bloodmnist_224,test,930,4,3,-23.553082,-7.010621
medical,bloodmnist_224,test,931,1,3,27.699411,-24.780588
medical,bloodmnist_224,test,932,4,3,-27.223869,-10.715945
medical,bloodmnist_224,test,933,2,3,-42.459797,-4.682757
medical,bloodmnist_224,test,934,1,3,20.619589,-26.077276
medical,bloodmnist_224,test,935,7,3,-25.977480,33.197929
medical,bloodmnist_224,test,936,6,3,7.605602,-12.481191
medical,bloodmnist_224,test,937,6,3,-3.756183,-21.682138
medical,bloodmnist_224,test,938,1,3,20.495838,-24.044676
medical,bloodmnist_224,test,939,0,3,35.397270,-1.688365
medical,bloodmnist_224,test,940,6,3,-9.208652,-30.448143
medical,bloodmnist_224,test,941,7,3,-26.004086,51.511005
medical,bloodmnist_224,test,942,5,3,-0.643867,17.200100
medical,bloodmnist_224,test,943,0,3,42.778828,-1.119053
medical,bloodmnist_224,test,944,5,3,7.278944,9.390650
medical,bloodmnist_224,test,945,3,3,11.069763,26.050617
medical,bloodmnist_224,test,946,3,3,4.608048,7.318673
medical,bloodmnist_224,test,947,3,3,22.359888,26.888916
medical,bloodmnist_224,test,948,6,3,-12.681956,-39.478481
medical,bloodmnist_224,test,949,0,0,45.627895,-0.898441
medical,bloodmnist_224,test,950,4,3,-4.096049,7.159716
medical,bloodmnist_224,test,951,7,3,-24.066799,40.794357
medical,bloodmnist_224,test,952,0,3,39.088535,2.787087
medical,bloodmnist_224,test,953,1,3,9.481764,-10.088112
medical,bloodmnist_224,test,954,7,3,-29.045931,47.578186
medical,bloodmnist_224,test,955,7,3,-33.957638,33.445915
medical,bloodmnist_224,test,956,1,3,8.091485,-12.500107
medical,bloodmnist_224,test,957,3,3,15.294649,29.216270
medical,bloodmnist_224,test,958,1,3,5.706076,-12.738856
medical,bloodmnist_224,test,959,6,3,-8.619510,-12.532929
medical,bloodmnist_224,test,960,1,3,20.315765,-26.756994
medical,bloodmnist_224,test,961,6,3,-15.954230,-21.754837
medical,bloodmnist_224,test,962,1,3,12.947775,-14.721016
medical,bloodmnist_224,test,963,3,3,18.898565,4.037681
medical,bloodmnist_224,test,964,6,3,3.034895,-31.272223
medical,bloodmnist_224,test,965,5,3,10.061962,23.034218
medical,bloodmnist_224,test,966,7,3,-21.392399,45.652008
medical,bloodmnist_224,test,967,5,3,9.782421,11.724483
medical,bloodmnist_224,test,968,7,3,-17.152369,51.416145
medical,bloodmnist_224,test,969,7,3,-27.620287,50.330841
medical,bloodmnist_224,test,970,3,3,9.977261,19.566177
medical,bloodmnist_224,test,971,7,3,-28.588589,45.348743
medical,bloodmnist_224,test,972,3,3,13.178044,15.399816
medical,bloodmnist_224,test,973,7,3,-15.020676,44.757450
medical,bloodmnist_224,test,974,3,3,23.442616,22.739176
medical,bloodmnist_224,test,975,1,3,12.232656,-32.182102
medical,bloodmnist_224,test,976,6,3,6.673668,-13.534975
medical,bloodmnist_224,test,977,6,3,-12.351910,-25.074053
medical,bloodmnist_224,test,978,6,3,-3.307782,-15.080399
medical,bloodmnist_224,test,979,0,0,42.736496,-7.399955
medical,bloodmnist_224,test,980,7,3,-25.195452,47.755604
medical,bloodmnist_224,test,981,3,3,14.654120,28.327705
medical,bloodmnist_224,test,982,2,3,-43.053398,0.315747
medical,bloodmnist_224,test,983,0,3,41.135521,-6.135186
medical,bloodmnist_224,test,984,3,3,24.521429,23.028967
medical,bloodmnist_224,test,985,0,0,46.216476,-6.213212
medical,bloodmnist_224,test,986,7,3,-25.865276,34.740356
medical,bloodmnist_224,test,987,0,0,41.553745,-8.772108
medical,bloodmnist_224,test,988,2,3,-37.730503,2.653958
medical,bloodmnist_224,test,989,7,3,-28.247166,33.963074
medical,bloodmnist_224,test,990,6,3,-6.668273,-15.537482
medical,bloodmnist_224,test,991,1,3,11.316380,-27.763948
medical,bloodmnist_224,test,992,1,3,12.707896,-14.217276
medical,bloodmnist_224,test,993,2,3,-37.874672,4.499429
medical,bloodmnist_224,test,994,0,3,41.982349,2.741895
medical,bloodmnist_224,test,995,3,3,4.839737,24.914839
medical,bloodmnist_224,test,996,6,3,-4.982757,-29.937489
medical,bloodmnist_224,test,997,4,3,-23.703241,-7.101177
medical,bloodmnist_224,test,998,0,3,38.739990,2.656835
medical,bloodmnist_224,test,999,6,0,-14.884412,-42.411526
medical,bloodmnist_224,test,1000,7,3,-30.215878,44.550316
medical,bloodmnist_224,test,1001,4,3,-18.791376,-2.408539
medical,bloodmnist_224,test,1002,1,0,45.806049,-11.115789
medical,bloodmnist_224,test,1003,1,3,22.642204,-30.760530
medical,bloodmnist_224,test,1004,0,0,48.243950,-2.043689
medical,bloodmnist_224,test,1005,4,3,-23.177719,-1.978728
medical,bloodmnist_224,test,1006,1,3,1.254010,-16.728397
medical,bloodmnist_224,test,1007,3,3,3.315022,12.116396
medical,bloodmnist_224,test,1008,1,3,20.294674,-9.934597
medical,bloodmnist_224,test,1009,6,3,-13.023781,-38.373135
medical,bloodmnist_224,test,1010,6,3,0.310486,-10.056432
medical,bloodmnist_224,test,1011,3,3,8.630292,21.771242
medical,bloodmnist_224,test,1012,5,3,29.276691,10.786216
medical,bloodmnist_224,test,1013,2,3,-6.551585,7.503532
medical,bloodmnist_224,test,1014,6,3,21.083332,-15.939445
medical,bloodmnist_224,test,1015,1,3,15.401289,-24.130230
medical,bloodmnist_224,test,1016,1,3,16.640125,-30.618530
medical,bloodmnist_224,test,1017,5,3,8.519872,15.494865
medical,bloodmnist_224,test,1018,0,3,26.858685,16.221140
medical,bloodmnist_224,test,1019,2,3,-38.293430,0.964047
medical,bloodmnist_224,test,1020,6,3,-3.764241,-35.632072
medical,bloodmnist_224,test,1021,6,3,19.723301,-9.650603
medical,bloodmnist_224,test,1022,7,3,-25.351477,32.950138
medical,bloodmnist_224,test,1023,3,3,26.353781,6.431060
medical,bloodmnist_224,test,1024,1,3,18.556936,-26.872198
medical,bloodmnist_224,test,1025,7,3,-31.412485,45.898380
medical,bloodmnist_224,test,1026,0,0,47.059330,-5.882823
medical,bloodmnist_224,test,1027,4,3,-6.751516,4.634546
medical,bloodmnist_224,test,1028,5,3,24.619120,5.357801
medical,bloodmnist_224,test,1029,7,3,-18.524895,49.729050
medical,bloodmnist_224,test,1030,3,3,10.344402,11.061220
medical,bloodmnist_224,test,1031,1,3,13.912183,-21.933073
medical,bloodmnist_224,test,1032,3,3,20.387939,26.729200
medical,bloodmnist_224,test,1033,7,3,-10.745400,45.935661
medical,bloodmnist_224,test,1034,1,3,16.259943,-22.636045
medical,bloodmnist_224,test,1035,6,3,5.502159,-18.035992
medical,bloodmnist_224,test,1036,7,0,-32.196331,36.003216
medical,bloodmnist_224,test,1037,6,3,-4.642516,-17.123285
medical,bloodmnist_224,test,1038,1,3,10.911563,-16.845631
medical,bloodmnist_224,test,1039,7,3,-21.613209,43.128342
medical,bloodmnist_224,test,1040,5,3,23.868591,17.688593
medical,bloodmnist_224,test,1041,6,3,6.953426,-6.248975
medical,bloodmnist_224,test,1042,6,3,-19.736160,-31.573566
medical,bloodmnist_224,test,1043,6,3,1.528242,-9.617915
medical,bloodmnist_224,test,1044,5,3,7.365132,21.122835
medical,bloodmnist_224,test,1045,6,3,-13.312415,-24.362965
medical,bloodmnist_224,test,1046,0,3,40.345280,-4.081926
medical,bloodmnist_224,test,1047,1,3,11.587454,-25.579382
medical,bloodmnist_224,test,1048,1,3,16.862375,-28.962097
medical,bloodmnist_224,test,1049,3,3,6.363944,14.351915
medical,bloodmnist_224,test,1050,6,3,-11.576746,-28.251476
medical,bloodmnist_224,test,1051,1,3,-10.568435,-35.470112
medical,bloodmnist_224,test,1052,6,3,30.594360,-3.713908
medical,bloodmnist_224,test,1053,6,3,-1.268307,-22.348370
medical,bloodmnist_224,test,1054,2,3,-45.299892,-2.626809
medical,bloodmnist_224,test,1055,3,3,16.222176,28.699034
medical,bloodmnist_224,test,1056,0,3,36.668297,-0.246419
medical,bloodmnist_224,test,1057,0,0,49.034832,-4.293574
medical,bloodmnist_224,test,1058,7,3,-16.962088,45.741760
medical,bloodmnist_224,test,1059,3,3,-1.320064,4.079356
medical,bloodmnist_224,test,1060,7,3,-24.746515,37.967785
medical,bloodmnist_224,test,1061,3,3,-3.455173,9.315929
medical,bloodmnist_224,test,1062,6,3,-7.376505,-31.219612
medical,bloodmnist_224,test,1063,6,3,13.013537,22.381409
medical,bloodmnist_224,test,1064,0,3,39.840866,0.971371
medical,bloodmnist_224,test,1065,0,0,42.690674,-9.587539
medical,bloodmnist_224,test,1066,5,3,24.479099,22.446320
medical,bloodmnist_224,test,1067,6,3,3.313210,-7.930615
medical,bloodmnist_224,test,1068,2,3,-43.293545,-4.683611
medical,bloodmnist_224,test,1069,6,3,-6.107624,-31.444042
medical,bloodmnist_224,test,1070,7,3,-30.114481,39.160801
medical,bloodmnist_224,test,1071,0,3,43.319340,-4.116138
medical,bloodmnist_224,test,1072,7,3,-27.293751,39.461140
medical,bloodmnist_224,test,1073,7,3,-17.713686,48.833187
medical,bloodmnist_224,test,1074,6,0,-16.768181,-38.794163
medical,bloodmnist_224,test,1075,5,3,23.816435,20.268215
medical,bloodmnist_224,test,1076,1,3,3.250022,-12.492669
medical,bloodmnist_224,test,1077,3,3,13.526690,16.734514
medical,bloodmnist_224,test,1078,1,3,11.704627,-33.467892
medical,bloodmnist_224,test,1079,1,3,-6.637503,-18.844999
medical,bloodmnist_224,test,1080,5,3,24.925087,7.095227
medical,bloodmnist_224,test,1081,1,3,22.726696,-27.221479
medical,bloodmnist_224,test,1082,1,3,22.471329,-24.050112
medical,bloodmnist_224,test,1083,2,3,-40.600788,2.583527
medical,bloodmnist_224,test,1084,1,3,4.421197,-28.184908
medical,bloodmnist_224,test,1085,1,3,15.013140,-23.064528
medical,bloodmnist_224,test,1086,1,3,12.021865,-15.432492
medical,bloodmnist_224,test,1087,7,3,-14.839445,45.314514
medical,bloodmnist_224,test,1088,7,3,-21.312523,48.828960
medical,bloodmnist_224,test,1089,6,3,-0.631840,-34.458412
medical,bloodmnist_224,test,1090,1,3,26.927853,-26.786482
medical,bloodmnist_224,test,1091,2,3,-36.887264,4.267728
medical,bloodmnist_224,test,1092,3,3,12.497746,11.814197
medical,bloodmnist_224,test,1093,2,3,-7.322049,7.280911
medical,bloodmnist_224,test,1094,3,3,1.479527,3.331993
medical,bloodmnist_224,test,1095,6,3,-11.336396,-31.852413
medical,bloodmnist_224,test,1096,3,3,13.322980,21.514545
medical,bloodmnist_224,test,1097,7,3,-15.276325,46.292473
medical,bloodmnist_224,test,1098,1,3,14.068324,-36.225815
medical,bloodmnist_224,test,1099,7,3,-17.405251,47.070381
medical,bloodmnist_224,test,1100,7,3,-29.072170,45.687847
medical,bloodmnist_224,test,1101,7,3,-22.271147,36.014877
medical,bloodmnist_224,test,1102,5,3,23.874012,12.159117
medical,bloodmnist_224,test,1103,3,3,1.186365,13.794756
medical,bloodmnist_224,test,1104,6,3,-3.915581,-30.779425
medical,bloodmnist_224,test,1105,6,0,-15.563686,-38.007160
medical,bloodmnist_224,test,1106,7,3,-28.081818,49.519768
medical,bloodmnist_224,test,1107,0,0,42.154984,-6.934372
medical,bloodmnist_224,test,1108,5,3,8.452527,25.841066
medical,bloodmnist_224,test,1109,6,3,-6.504968,-31.515028
medical,bloodmnist_224,test,1110,7,3,-29.040329,45.483849
medical,bloodmnist_224,test,1111,7,3,-19.648724,40.029942
medical,bloodmnist_224,test,1112,5,3,24.435347,5.932299
medical,bloodmnist_224,test,1113,2,3,-33.029892,-7.149969
medical,bloodmnist_224,test,1114,6,3,-1.845482,-20.466827
medical,bloodmnist_224,test,1115,6,3,4.739868,-13.280393
medical,bloodmnist_224,test,1116,6,3,-3.631385,-22.453125
medical,bloodmnist_224,test,1117,3,3,9.915968,24.812532
medical,bloodmnist_224,test,1118,2,3,-33.977695,3.263720
medical,bloodmnist_224,test,1119,6,3,-1.013834,-23.553410
medical,bloodmnist_224,test,1120,5,3,5.271048,22.209618
medical,bloodmnist_224,test,1121,3,3,-1.754683,2.828017
medical,bloodmnist_224,test,1122,3,3,16.151632,16.162821
medical,bloodmnist_224,test,1123,6,3,-0.687379,-18.565575
medical,bloodmnist_224,test,1124,6,3,-8.419490,-33.900646
medical,bloodmnist_224,test,1125,3,3,-18.713865,-17.061481
medical,bloodmnist_224,test,1126,4,3,-26.737255,-3.580381
medical,bloodmnist_224,test,1127,7,3,-26.531794,33.046978
medical,bloodmnist_224,test,1128,2,3,-6.163860,9.151993
medical,bloodmnist_224,test,1129,1,3,-9.783669,-36.848579
medical,bloodmnist_224,test,1130,3,3,-10.863563,-13.265122
medical,bloodmnist_224,test,1131,6,3,6.719713,-18.959269
medical,bloodmnist_224,test,1132,1,3,6.164202,-24.832306
medical,bloodmnist_224,test,1133,6,3,9.212922,-34.456718
medical,bloodmnist_224,test,1134,7,3,-19.972715,49.819702
medical,bloodmnist_224,test,1135,3,3,14.730500,28.306364
medical,bloodmnist_224,test,1136,7,3,-18.676348,46.616405
medical,bloodmnist_224,test,1137,1,3,5.257297,-27.312723
medical,bloodmnist_224,test,1138,7,3,-24.256227,41.939465
medical,bloodmnist_224,test,1139,3,3,7.994344,8.934660
medical,bloodmnist_224,test,1140,6,3,-15.762130,-21.779501
medical,bloodmnist_224,test,1141,1,3,16.361784,-23.776489
medical,bloodmnist_224,test,1142,0,3,40.048458,-1.006477
medical,bloodmnist_224,test,1143,6,3,-30.880409,-9.129557
medical,bloodmnist_224,test,1144,6,3,-3.760973,-23.093889
medical,bloodmnist_224,test,1145,7,3,-28.733936,49.437454
medical,bloodmnist_224,test,1146,7,3,-14.357772,43.038807
medical,bloodmnist_224,test,1147,7,3,-24.272171,45.589954
medical,bloodmnist_224,test,1148,7,3,-19.871023,49.373894
medical,bloodmnist_224,test,1149,7,3,-14.973445,43.161720
medical,bloodmnist_224,test,1150,6,3,-7.458842,-21.518379
medical,bloodmnist_224,test,1151,7,3,-27.546242,35.809483
medical,bloodmnist_224,test,1152,5,3,30.823164,10.267313
medical,bloodmnist_224,test,1153,3,3,16.855307,25.308323
medical,bloodmnist_224,test,1154,6,3,-15.118674,-32.070366
medical,bloodmnist_224,test,1155,6,3,-10.166726,-30.827852
medical,bloodmnist_224,test,1156,3,3,16.244492,13.177275
medical,bloodmnist_224,test,1157,7,3,-23.591982,43.241257
medical,bloodmnist_224,test,1158,1,3,14.827625,-32.074093
medical,bloodmnist_224,test,1159,7,3,-22.527636,37.048779
medical,bloodmnist_224,test,1160,6,3,-1.636756,-10.348258
medical,bloodmnist_224,test,1161,4,3,-21.565300,-1.075930
medical,bloodmnist_224,test,1162,6,3,-12.728787,-28.806614
medical,bloodmnist_224,test,1163,1,3,28.633533,1.392491
medical,bloodmnist_224,test,1164,0,0,43.931946,-6.844716
medical,bloodmnist_224,test,1165,7,3,-23.666666,34.567978
medical,bloodmnist_224,test,1166,6,3,-2.117270,-15.106873
medical,bloodmnist_224,test,1167,6,3,-0.332303,-22.210678
medical,bloodmnist_224,test,1168,3,3,9.446215,28.987127
medical,bloodmnist_224,test,1169,3,3,7.388233,19.854729
medical,bloodmnist_224,test,1170,3,3,30.314360,7.358275
medical,bloodmnist_224,test,1171,3,3,-17.898853,-1.098499
medical,bloodmnist_224,test,1172,1,3,19.123230,-29.965534
medical,bloodmnist_224,test,1173,1,3,25.659868,-20.940489
medical,bloodmnist_224,test,1174,1,3,11.496717,-26.608164
medical,bloodmnist_224,test,1175,2,3,-42.166256,3.730907
medical,bloodmnist_224,test,1176,6,3,-13.786889,-30.540194
medical,bloodmnist_224,test,1177,5,3,12.384295,2.602643
medical,bloodmnist_224,test,1178,4,3,-28.775211,-3.103496
medical,bloodmnist_224,test,1179,4,3,-28.793655,-6.254320
medical,bloodmnist_224,test,1180,5,3,25.554087,6.266237
medical,bloodmnist_224,test,1181,2,3,-40.500206,2.832476
medical,bloodmnist_224,test,1182,1,3,30.468849,-6.475906
medical,bloodmnist_224,test,1183,5,3,31.508163,3.026850
medical,bloodmnist_224,test,1184,3,3,10.721960,29.335562
medical,bloodmnist_224,test,1185,4,3,-32.750153,-3.712507
medical,bloodmnist_224,test,1186,1,3,12.804734,-14.343039
medical,bloodmnist_224,test,1187,5,3,3.126054,21.027893
medical,bloodmnist_224,test,1188,0,0,44.869812,-0.918489
medical,bloodmnist_224,test,1189,2,3,-34.891842,-11.282985
medical,bloodmnist_224,test,1190,7,3,-33.125099,38.148106
medical,bloodmnist_224,test,1191,5,3,29.514410,10.814168
medical,bloodmnist_224,test,1192,1,3,18.000385,-34.182384
medical,bloodmnist_224,test,1193,0,0,44.659519,-3.227926
medical,bloodmnist_224,test,1194,7,3,-22.800390,38.130772
medical,bloodmnist_224,test,1195,2,3,-24.519978,-9.219304
medical,bloodmnist_224,test,1196,6,0,-16.986746,-30.237057
medical,bloodmnist_224,test,1197,2,3,-45.336941,0.342196
medical,bloodmnist_224,test,1198,2,3,-32.091858,-10.117196
medical,bloodmnist_224,test,1199,6,3,-6.917357,-17.017567
medical,bloodmnist_224,test,1200,5,3,26.899515,10.971516
medical,bloodmnist_224,test,1201,6,3,-13.536139,-32.262917
medical,bloodmnist_224,test,1202,2,3,-45.004719,0.984443
medical,bloodmnist_224,test,1203,1,3,14.618784,-13.760117
medical,bloodmnist_224,test,1204,4,3,-24.878784,-0.177929
medical,bloodmnist_224,test,1205,7,3,-19.879198,51.734032
medical,bloodmnist_224,test,1206,4,3,-20.994160,0.220879
medical,bloodmnist_224,test,1207,2,3,-42.968891,-7.403781
medical,bloodmnist_224,test,1208,2,3,-34.362385,6.606530
medical,bloodmnist_224,test,1209,1,3,18.263887,-26.083704
medical,bloodmnist_224,test,1210,7,3,-17.887342,39.511620
medical,bloodmnist_224,test,1211,4,3,23.884644,5.798456
medical,bloodmnist_224,test,1212,3,3,-2.564193,2.915434
medical,bloodmnist_224,test,1213,4,3,-6.517017,8.145646
medical,bloodmnist_224,test,1214,2,3,-4.110330,6.035438
medical,bloodmnist_224,test,1215,5,3,27.904938,7.926934
medical,bloodmnist_224,test,1216,7,3,-21.616541,43.629040
medical,bloodmnist_224,test,1217,6,3,-7.553113,-26.764200
medical,bloodmnist_224,test,1218,5,3,7.368651,26.548054
medical,bloodmnist_224,test,1219,2,3,-34.090111,-13.289030
medical,bloodmnist_224,test,1220,3,3,9.649939,1.869484
medical,bloodmnist_224,test,1221,2,3,-43.538765,-1.117083
medical,bloodmnist_224,test,1222,0,0,49.287285,-2.506698
medical,bloodmnist_224,test,1223,3,3,11.537000,17.477240
medical,bloodmnist_224,test,1224,2,3,-38.374691,-5.747964
medical,bloodmnist_224,test,1225,7,3,-27.826057,35.453529
medical,bloodmnist_224,test,1226,3,3,21.248081,26.932964
medical,bloodmnist_224,test,1227,2,3,-34.474987,-10.853086
medical,bloodmnist_224,test,1228,6,3,-13.207405,-38.573227
medical,bloodmnist_224,test,1229,1,3,24.430412,-14.619202
medical,bloodmnist_224,test,1230,0,3,30.745836,-1.004982
medical,bloodmnist_224,test,1231,3,3,8.959101,18.821373
medical,bloodmnist_224,test,1232,3,3,19.243999,26.032528
medical,bloodmnist_224,test,1233,3,3,7.452021,20.897417
medical,bloodmnist_224,test,1234,3,3,7.348377,20.291597
medical,bloodmnist_224,test,1235,4,3,-35.026752,-9.081397
medical,bloodmnist_224,test,1236,4,3,-22.854605,-7.877957
medical,bloodmnist_224,test,1237,1,3,9.071768,-7.251488
medical,bloodmnist_224,test,1238,3,3,1.593573,2.595071
medical,bloodmnist_224,test,1239,2,3,-40.091732,-0.171301
medical,bloodmnist_224,test,1240,6,3,-9.518724,-31.760765
medical,bloodmnist_224,test,1241,3,3,3.049266,16.686258
medical,bloodmnist_224,test,1242,5,3,18.428324,23.262337
medical,bloodmnist_224,test,1243,3,3,12.761353,28.134356
medical,bloodmnist_224,test,1244,1,3,10.383280,-20.532343
medical,bloodmnist_224,test,1245,5,3,4.417898,20.570028
medical,bloodmnist_224,test,1246,2,3,-41.394325,2.432545
medical,bloodmnist_224,test,1247,7,3,-26.047186,42.308262
medical,bloodmnist_224,test,1248,2,3,-38.805660,0.589554
medical,bloodmnist_224,test,1249,5,3,14.980289,12.048028
medical,bloodmnist_224,test,1250,1,3,18.647135,-14.899402
medical,bloodmnist_224,test,1251,7,3,-24.403275,37.033253
medical,bloodmnist_224,test,1252,1,3,25.616627,-23.667717
medical,bloodmnist_224,test,1253,6,3,-10.358186,-16.818380
medical,bloodmnist_224,test,1254,6,3,-4.882375,-13.370665
medical,bloodmnist_224,test,1255,2,3,-43.522491,-0.163022
medical,bloodmnist_224,test,1256,2,3,-32.630505,5.199561
medical,bloodmnist_224,test,1257,6,3,-3.910553,-16.327847
medical,bloodmnist_224,test,1258,2,0,-45.814579,-4.912586
medical,bloodmnist_224,test,1259,3,3,31.798416,3.851479
medical,bloodmnist_224,test,1260,6,3,-10.827997,-21.142147
medical,bloodmnist_224,test,1261,5,3,21.279821,11.995360
medical,bloodmnist_224,test,1262,6,3,-9.314528,-34.176998
medical,bloodmnist_224,test,1263,5,3,3.623663,11.002097
medical,bloodmnist_224,test,1264,3,3,21.031448,26.723509
medical,bloodmnist_224,test,1265,6,3,11.153852,-8.753553
medical,bloodmnist_224,test,1266,3,3,30.235901,13.013055
medical,bloodmnist_224,test,1267,5,3,25.049414,5.826683
medical,bloodmnist_224,test,1268,0,3,29.239273,-2.682902
medical,bloodmnist_224,test,1269,3,3,3.183142,23.165443
medical,bloodmnist_224,test,1270,7,3,-11.964805,47.151749
medical,bloodmnist_224,test,1271,6,3,-15.180988,-28.345486
medical,bloodmnist_224,test,1272,5,3,32.406979,3.398186
medical,bloodmnist_224,test,1273,6,3,-10.054440,-30.718140
medical,bloodmnist_224,test,1274,4,3,-24.511122,-0.916373
medical,bloodmnist_224,test,1275,2,3,-37.828255,2.246915
medical,bloodmnist_224,test,1276,3,3,5.907374,7.884796
medical,bloodmnist_224,test,1277,1,3,25.723097,-22.185562
medical,bloodmnist_224,test,1278,6,3,-17.164511,-32.339981
medical,bloodmnist_224,test,1279,6,3,-5.137595,-33.443394
medical,bloodmnist_224,test,1280,1,3,19.333851,-27.545300
medical,bloodmnist_224,test,1281,2,3,-34.993492,4.425599
medical,bloodmnist_224,test,1282,1,3,12.185647,-13.067672
medical,bloodmnist_224,test,1283,2,3,-33.508438,7.266854
medical,bloodmnist_224,test,1284,3,3,17.091696,18.859116
medical,bloodmnist_224,test,1285,7,3,-17.328032,44.314617
medical,bloodmnist_224,test,1286,6,3,-4.347025,-36.103165
medical,bloodmnist_224,test,1287,6,3,-0.624011,-33.637997
medical,bloodmnist_224,test,1288,6,0,-16.395895,-38.128014
medical,bloodmnist_224,test,1289,0,0,46.845139,-2.625024
medical,bloodmnist_224,test,1290,1,3,15.112837,-30.496012
medical,bloodmnist_224,test,1291,2,3,-37.099026,4.933688
medical,bloodmnist_224,test,1292,2,3,-4.989519,14.495076
medical,bloodmnist_224,test,1293,2,3,-34.355961,6.791671
medical,bloodmnist_224,test,1294,4,3,-24.436365,2.871087
medical,bloodmnist_224,test,1295,6,3,-6.673411,-36.399006
medical,bloodmnist_224,test,1296,3,3,10.922828,18.868496
medical,bloodmnist_224,test,1297,6,3,-6.487294,-31.982637
medical,bloodmnist_224,test,1298,4,3,-23.909111,-4.604698
medical,bloodmnist_224,test,1299,2,3,-41.022655,0.063901
medical,bloodmnist_224,test,1300,3,3,11.018322,29.019733
medical,bloodmnist_224,test,1301,7,3,-26.524609,33.845509
medical,bloodmnist_224,test,1302,2,3,-41.851452,1.341826
medical,bloodmnist_224,test,1303,6,3,-12.538275,-21.800917
medical,bloodmnist_224,test,1304,6,3,-30.529463,-10.771417
medical,bloodmnist_224,test,1305,1,3,12.081309,-27.475336
medical,bloodmnist_224,test,1306,6,3,-10.686263,-29.018559
medical,bloodmnist_224,test,1307,2,3,-41.677929,-3.269443
medical,bloodmnist_224,test,1308,6,3,-8.623053,-33.299603
medical,bloodmnist_224,test,1309,1,3,17.286875,-30.717705
medical,bloodmnist_224,test,1310,1,3,25.543762,-22.338184
medical,bloodmnist_224,test,1311,3,3,16.191591,14.041154
medical,bloodmnist_224,test,1312,7,3,-20.791935,50.507549
medical,bloodmnist_224,test,1313,1,3,-6.831140,-40.828365
medical,bloodmnist_224,test,1314,1,3,3.384166,-15.238851
medical,bloodmnist_224,test,1315,5,3,27.088352,11.629298
medical,bloodmnist_224,test,1316,5,3,21.438349,22.206367
medical,bloodmnist_224,test,1317,0,0,46.684460,-3.783223
medical,bloodmnist_224,test,1318,2,3,-42.125591,-2.299189
medical,bloodmnist_224,test,1319,6,3,-1.322614,-26.255190
medical,bloodmnist_224,test,1320,6,0,-15.083313,-41.067921
medical,bloodmnist_224,test,1321,0,3,40.937214,-3.658395
medical,bloodmnist_224,test,1322,3,3,14.265191,6.774014
medical,bloodmnist_224,test,1323,1,3,15.805418,-20.949945
medical,bloodmnist_224,test,1324,2,3,-40.226242,-3.529756
medical,bloodmnist_224,test,1325,3,3,1.057983,17.851425
medical,bloodmnist_224,test,1326,6,3,-10.410974,-20.721605
medical,bloodmnist_224,test,1327,3,3,21.750597,20.911451
medical,bloodmnist_224,test,1328,1,3,13.987124,-23.965364
medical,bloodmnist_224,test,1329,4,3,-5.463816,5.060395
medical,bloodmnist_224,test,1330,3,3,11.538951,27.081776
medical,bloodmnist_224,test,1331,1,3,7.041608,-19.282152
medical,bloodmnist_224,test,1332,5,3,2.638987,19.493841
medical,bloodmnist_224,test,1333,5,3,8.088099,24.118967
medical,bloodmnist_224,test,1334,3,3,19.569624,4.272208
medical,bloodmnist_224,test,1335,4,3,-31.498266,-2.278289
medical,bloodmnist_224,test,1336,3,3,5.299628,9.145123
medical,bloodmnist_224,test,1337,4,3,-20.345135,4.665579
medical,bloodmnist_224,test,1338,5,3,25.037348,12.554766
medical,bloodmnist_224,test,1339,5,3,25.197807,10.164456
medical,bloodmnist_224,test,1340,5,3,22.814152,11.446079
medical,bloodmnist_224,test,1341,5,3,27.625864,11.429012
medical,bloodmnist_224,test,1342,6,3,-5.785849,-23.739592
medical,bloodmnist_224,test,1343,6,3,-2.833499,-17.549770
medical,bloodmnist_224,test,1344,1,3,18.874424,-34.467094
medical,bloodmnist_224,test,1345,3,3,0.762417,14.010115
medical,bloodmnist_224,test,1346,7,3,-23.380341,43.865097
medical,bloodmnist_224,test,1347,1,3,23.094624,-30.510609
medical,bloodmnist_224,test,1348,1,3,9.840483,-32.286797
medical,bloodmnist_224,test,1349,5,3,-22.614586,29.692686
medical,bloodmnist_224,test,1350,1,3,24.225746,-23.122446
medical,bloodmnist_224,test,1351,1,3,12.926625,-18.805866
medical,bloodmnist_224,test,1352,7,3,-26.225508,40.603756
medical,bloodmnist_224,test,1353,2,3,-32.824074,-11.050043
medical,bloodmnist_224,test,1354,3,3,9.520196,23.956648
medical,bloodmnist_224,test,1355,6,3,-5.256287,-18.461174
medical,bloodmnist_224,test,1356,7,3,-32.633434,47.368393
medical,bloodmnist_224,test,1357,6,3,-19.528814,-35.299221
medical,bloodmnist_224,test,1358,1,3,15.213492,5.008851
medical,bloodmnist_224,test,1359,5,3,30.235357,12.059680
medical,bloodmnist_224,test,1360,5,3,6.604585,19.515785
medical,bloodmnist_224,test,1361,0,0,45.344559,-7.467022
medical,bloodmnist_224,test,1362,1,3,10.037808,-28.238623
medical,bloodmnist_224,test,1363,6,3,-17.005157,-28.521910
medical,bloodmnist_224,test,1364,6,3,-15.410176,-30.681377
medical,bloodmnist_224,test,1365,6,3,-2.262446,-10.493729
medical,bloodmnist_224,test,1366,6,3,-4.290344,-15.832392
medical,bloodmnist_224,test,1367,5,3,29.629519,15.059268
medical,bloodmnist_224,test,1368,4,3,-23.618301,2.435827
medical,bloodmnist_224,test,1369,3,3,25.409876,15.895943
medical,bloodmnist_224,test,1370,5,3,18.679691,13.779858
medical,bloodmnist_224,test,1371,2,3,-41.539795,-4.553162
medical,bloodmnist_224,test,1372,5,3,2.150626,16.964951
medical,bloodmnist_224,test,1373,3,3,12.609227,21.555099
medical,bloodmnist_224,test,1374,2,3,-37.125145,-4.990049
medical,bloodmnist_224,test,1375,4,3,-17.833965,4.049513
medical,bloodmnist_224,test,1376,7,3,-28.380409,47.843807
medical,bloodmnist_224,test,1377,5,3,26.200741,14.598834
medical,bloodmnist_224,test,1378,4,3,-4.634202,4.914717
medical,bloodmnist_224,test,1379,3,3,25.051260,22.502628
medical,bloodmnist_224,test,1380,4,3,-25.899904,-3.111151
medical,bloodmnist_224,test,1381,7,3,-31.142708,41.303272
medical,bloodmnist_224,test,1382,0,3,35.215412,0.536294
medical,bloodmnist_224,test,1383,0,3,42.331905,-5.348851
medical,bloodmnist_224,test,1384,2,3,-33.646801,5.651371
medical,bloodmnist_224,test,1385,6,3,17.969946,-33.477390
medical,bloodmnist_224,test,1386,2,3,-43.886963,-1.814129
medical,bloodmnist_224,test,1387,7,3,-30.667427,32.913536
medical,bloodmnist_224,test,1388,5,3,-0.733981,8.515790
medical,bloodmnist_224,test,1389,6,3,-6.768754,-32.583122
medical,bloodmnist_224,test,1390,3,3,-4.977590,10.159060
medical,bloodmnist_224,test,1391,6,3,-18.269295,-25.542994
medical,bloodmnist_224,test,1392,6,3,9.464476,0.763132
medical,bloodmnist_224,test,1393,5,3,1.608050,15.505718
medical,bloodmnist_224,test,1394,6,3,-12.833898,-13.180957
medical,bloodmnist_224,test,1395,1,3,15.494208,-13.430785
medical,bloodmnist_224,test,1396,2,3,-41.674667,3.524610
medical,bloodmnist_224,test,1397,2,3,-36.870045,1.698409
medical,bloodmnist_224,test,1398,6,3,-18.291901,-23.494587
medical,bloodmnist_224,test,1399,1,3,18.836462,-12.991544
medical,bloodmnist_224,test,1400,1,3,9.698571,-24.078161
medical,bloodmnist_224,test,1401,6,3,-14.349407,-32.743019
medical,bloodmnist_224,test,1402,5,3,14.695050,9.424470
medical,bloodmnist_224,test,1403,0,0,44.919582,-2.255187
medical,bloodmnist_224,test,1404,6,3,-8.562565,-23.415432
medical,bloodmnist_224,test,1405,5,3,17.102552,9.423112
medical,bloodmnist_224,test,1406,5,3,30.299746,14.137300
medical,bloodmnist_224,test,1407,1,3,12.598861,-28.581575
medical,bloodmnist_224,test,1408,6,3,-15.593056,-23.813522
medical,bloodmnist_224,test,1409,2,3,-41.161232,-1.616504
medical,bloodmnist_224,test,1410,1,3,8.202820,-14.475447
medical,bloodmnist_224,test,1411,6,3,-1.952573,-38.361950
medical,bloodmnist_224,test,1412,5,3,0.964061,14.151312
medical,bloodmnist_224,test,1413,0,3,16.365154,4.151481
medical,bloodmnist_224,test,1414,4,3,-4.573389,7.522957
medical,bloodmnist_224,test,1415,6,3,-9.166463,-18.561687
medical,bloodmnist_224,test,1416,0,0,46.658924,0.029476
medical,bloodmnist_224,test,1417,5,3,23.508596,21.538960
medical,bloodmnist_224,test,1418,3,3,7.267988,20.835884
medical,bloodmnist_224,test,1419,7,3,-26.293280,41.281540
medical,bloodmnist_224,test,1420,2,3,-43.044167,-1.992755
medical,bloodmnist_224,test,1421,3,3,-9.250154,-15.859623
medical,bloodmnist_224,test,1422,4,3,-33.290089,-4.927902
medical,bloodmnist_224,test,1423,1,3,24.604929,-28.942110
medical,bloodmnist_224,test,1424,6,3,-9.975800,-19.392782
medical,bloodmnist_224,test,1425,6,3,-13.108768,-35.526890
medical,bloodmnist_224,test,1426,1,3,15.255608,-22.313580
medical,bloodmnist_224,test,1427,2,3,-42.911415,2.856972
medical,bloodmnist_224,test,1428,0,0,46.992886,-2.536397
medical,bloodmnist_224,test,1429,6,3,-17.515556,-26.874842
medical,bloodmnist_224,test,1430,3,3,11.730485,30.484915
medical,bloodmnist_224,test,1431,4,3,-32.533390,-4.386547
medical,bloodmnist_224,test,1432,6,3,-7.930741,-32.141872
medical,bloodmnist_224,test,1433,2,3,-33.954945,-8.777559
medical,bloodmnist_224,test,1434,1,3,21.562550,-20.879143
medical,bloodmnist_224,test,1435,1,3,10.644521,-10.777266
medical,bloodmnist_224,test,1436,5,3,2.610420,13.451969
medical,bloodmnist_224,test,1437,7,3,-33.551277,45.623657
medical,bloodmnist_224,test,1438,7,3,-17.913616,49.350536
medical,bloodmnist_224,test,1439,5,3,27.573391,11.158646
medical,bloodmnist_224,test,1440,6,3,-5.359123,-38.353962
medical,bloodmnist_224,test,1441,1,3,15.176107,-34.003822
medical,bloodmnist_224,test,1442,1,3,13.115419,-10.065789
medical,bloodmnist_224,test,1443,6,3,-6.443173,-38.429985
medical,bloodmnist_224,test,1444,6,3,-8.178212,-24.572706
medical,bloodmnist_224,test,1445,7,3,-22.417446,38.141754
medical,bloodmnist_224,test,1446,3,3,24.068159,10.867284
medical,bloodmnist_224,test,1447,2,0,-41.385063,-6.383159
medical,bloodmnist_224,test,1448,3,3,-2.490359,15.700125
medical,bloodmnist_224,test,1449,4,3,-30.186186,-5.205623
medical,bloodmnist_224,test,1450,1,3,2.310374,-23.747776
medical,bloodmnist_224,test,1451,4,3,-5.446051,4.923690
medical,bloodmnist_224,test,1452,1,3,22.574640,-34.574352
medical,bloodmnist_224,test,1453,1,3,-12.491838,-40.879875
medical,bloodmnist_224,test,1454,2,3,-39.593746,-5.171854
medical,bloodmnist_224,test,1455,3,3,1.175667,2.346053
medical,bloodmnist_224,test,1456,3,3,5.289269,23.000748
medical,bloodmnist_224,test,1457,1,3,23.143839,-16.032024
medical,bloodmnist_224,test,1458,0,0,46.421349,-6.693396
medical,bloodmnist_224,test,1459,5,3,26.251266,5.219741
medical,bloodmnist_224,test,1460,3,3,18.196972,23.036217
medical,bloodmnist_224,test,1461,6,0,-14.800275,-39.404091
medical,bloodmnist_224,test,1462,5,3,2.957980,18.293253
medical,bloodmnist_224,test,1463,5,3,8.360745,24.253155
medical,bloodmnist_224,test,1464,1,3,-2.051627,-22.364752
medical,bloodmnist_224,test,1465,6,3,7.086273,-5.808824
medical,bloodmnist_224,test,1466,3,3,21.842327,10.236640
medical,bloodmnist_224,test,1467,7,3,-30.569593,43.589054
medical,bloodmnist_224,test,1468,7,3,-31.872290,46.817093
medical,bloodmnist_224,test,1469,1,3,12.289023,-12.185326
medical,bloodmnist_224,test,1470,6,3,6.892987,-15.226256
medical,bloodmnist_224,test,1471,3,3,6.924378,-0.942731
medical,bloodmnist_224,test,1472,6,3,-12.965322,-35.367901
medical,bloodmnist_224,test,1473,7,3,-14.819847,45.600174
medical,bloodmnist_224,test,1474,7,3,-25.999117,38.422123
medical,bloodmnist_224,test,1475,6,3,-17.623306,-22.622726
medical,bloodmnist_224,test,1476,3,3,-3.244104,12.763776
medical,bloodmnist_224,test,1477,7,3,-25.075043,44.273945
medical,bloodmnist_224,test,1478,3,3,-1.824422,4.510190
medical,bloodmnist_224,test,1479,1,3,4.582894,-26.422497
medical,bloodmnist_224,test,1480,3,3,25.237131,20.031546
medical,bloodmnist_224,test,1481,7,3,-23.184591,36.548386
medical,bloodmnist_224,test,1482,0,0,48.481689,-4.816156
medical,bloodmnist_224,test,1483,6,3,-12.806968,-40.674301
medical,bloodmnist_224,test,1484,1,3,3.171216,-17.137423
medical,bloodmnist_224,test,1485,2,3,-43.306808,-1.593824
medical,bloodmnist_224,test,1486,3,3,14.076156,11.794691
medical,bloodmnist_224,test,1487,6,3,-11.806377,-33.859375
medical,bloodmnist_224,test,1488,7,3,-20.425123,37.527554
medical,bloodmnist_224,test,1489,7,3,-30.580040,42.023708
medical,bloodmnist_224,test,1490,7,3,-27.845821,39.307056
medical,bloodmnist_224,test,1491,7,3,-13.036792,47.890549
medical,bloodmnist_224,test,1492,1,3,22.937859,-23.928329
medical,bloodmnist_224,test,1493,6,3,4.578081,-19.872009
medical,bloodmnist_224,test,1494,3,3,9.535236,22.672853
medical,bloodmnist_224,test,1495,1,3,12.429649,-33.463554
medical,bloodmnist_224,test,1496,0,3,39.576965,-1.877524
medical,bloodmnist_224,test,1497,6,3,-9.643364,-14.710910
medical,bloodmnist_224,test,1498,4,3,-25.967754,1.418042
medical,bloodmnist_224,test,1499,6,3,6.796167,-18.810358
medical,bloodmnist_224,test,1500,4,3,-21.219082,2.077085
medical,bloodmnist_224,test,1501,7,3,-20.058016,48.271259
medical,bloodmnist_224,test,1502,2,3,-31.592703,-12.843322
medical,bloodmnist_224,test,1503,3,3,0.037004,11.375014
medical,bloodmnist_224,test,1504,5,3,17.716200,11.084456
medical,bloodmnist_224,test,1505,1,3,15.780140,-15.781009
medical,bloodmnist_224,test,1506,1,3,12.987704,-17.530863
medical,bloodmnist_224,test,1507,1,3,22.051851,-25.003128
medical,bloodmnist_224,test,1508,7,3,-24.107443,38.000713
medical,bloodmnist_224,test,1509,4,3,-1.812227,4.162117
medical,bloodmnist_224,test,1510,4,3,-21.779207,2.332355
medical,bloodmnist_224,test,1511,2,3,-33.659889,-9.686456
medical,bloodmnist_224,test,1512,6,3,-10.814675,-22.882851
medical,bloodmnist_224,test,1513,7,3,-17.501251,46.425056
medical,bloodmnist_224,test,1514,3,3,7.786125,6.847161
medical,bloodmnist_224,test,1515,7,3,-18.873074,47.826519
medical,bloodmnist_224,test,1516,1,3,23.439425,-17.193209
medical,bloodmnist_224,test,1517,1,3,19.891590,-23.785057
medical,bloodmnist_224,test,1518,2,3,-28.373508,2.013383
medical,bloodmnist_224,test,1519,3,3,16.939047,28.514408
medical,bloodmnist_224,test,1520,4,3,-28.916866,-2.820013
medical,bloodmnist_224,test,1521,0,3,44.332043,-0.527339
medical,bloodmnist_224,test,1522,6,3,-10.144957,-29.700974
medical,bloodmnist_224,test,1523,6,3,-3.275652,-14.876734
medical,bloodmnist_224,test,1524,1,3,3.303212,-8.703261
medical,bloodmnist_224,test,1525,2,3,-40.277992,-0.527958
medical,bloodmnist_224,test,1526,7,3,-20.252659,40.990208
medical,bloodmnist_224,test,1527,1,3,14.955123,-25.433453
medical,bloodmnist_224,test,1528,4,3,-29.379641,-4.571458
medical,bloodmnist_224,test,1529,3,3,13.376347,28.178438
medical,bloodmnist_224,test,1530,0,0,47.730888,-1.295110
medical,bloodmnist_224,test,1531,1,3,26.543465,-22.163200
medical,bloodmnist_224,test,1532,5,3,7.884118,27.206921
medical,bloodmnist_224,test,1533,7,3,-30.640654,33.451344
medical,bloodmnist_224,test,1534,7,3,-29.936951,33.799175
medical,bloodmnist_224,test,1535,1,3,7.157797,-12.035419
medical,bloodmnist_224,test,1536,1,3,21.896299,-25.235538
medical,bloodmnist_224,test,1537,0,0,41.499516,-5.790228
medical,bloodmnist_224,test,1538,5,3,23.592651,18.417862
medical,bloodmnist_224,test,1539,1,3,-10.196929,-40.381958
medical,bloodmnist_224,test,1540,3,3,14.079341,27.140078
medical,bloodmnist_224,test,1541,5,3,0.872490,18.138031
medical,bloodmnist_224,test,1542,3,3,7.953273,-6.741345
medical,bloodmnist_224,test,1543,3,3,24.694481,22.891306
medical,bloodmnist_224,test,1544,7,3,-20.983852,45.074272
medical,bloodmnist_224,test,1545,6,3,6.926495,1.613806
medical,bloodmnist_224,test,1546,0,0,47.056740,-0.303338
medical,bloodmnist_224,test,1547,5,3,-0.130700,17.981346
medical,bloodmnist_224,test,1548,5,3,0.214282,14.887334
medical,bloodmnist_224,test,1549,1,3,23.771801,-13.453310
medical,bloodmnist_224,test,1550,7,3,-32.208569,42.043663
medical,bloodmnist_224,test,1551,6,3,-5.916595,-34.885639
medical,bloodmnist_224,test,1552,4,3,-31.194614,-4.539203
medical,bloodmnist_224,test,1553,6,3,-8.201597,-33.509228
medical,bloodmnist_224,test,1554,4,3,-24.665895,2.059099
medical,bloodmnist_224,test,1555,3,3,-2.011392,11.286988
medical,bloodmnist_224,test,1556,1,3,11.625062,-20.455599
medical,bloodmnist_224,test,1557,7,3,-30.718904,33.026604
medical,bloodmnist_224,test,1558,7,3,-18.882168,49.814625
medical,bloodmnist_224,test,1559,6,3,-2.285545,-21.425041
medical,bloodmnist_224,test,1560,3,3,-1.183019,8.376451
medical,bloodmnist_224,test,1561,0,0,49.308861,-5.532839
medical,bloodmnist_224,test,1562,2,3,-15.518701,1.632796
medical,bloodmnist_224,test,1563,2,3,-42.769077,4.253480
medical,bloodmnist_224,test,1564,1,3,15.879348,-12.481141
medical,bloodmnist_224,test,1565,0,3,41.206791,-4.631673
medical,bloodmnist_224,test,1566,5,3,18.658440,17.417662
medical,bloodmnist_224,test,1567,5,3,8.658966,28.250782
medical,bloodmnist_224,test,1568,2,3,-16.205606,1.912503
medical,bloodmnist_224,test,1569,5,3,21.068924,23.047474
medical,bloodmnist_224,test,1570,1,3,14.857143,-35.392712
medical,bloodmnist_224,test,1571,7,0,-31.757299,35.124313
medical,bloodmnist_224,test,1572,3,3,12.372890,24.912792
medical,bloodmnist_224,test,1573,0,3,31.602325,-4.233099
medical,bloodmnist_224,test,1574,2,3,-40.285072,-5.772855
medical,bloodmnist_224,test,1575,3,3,8.339388,-3.441764
medical,bloodmnist_224,test,1576,2,3,-43.471748,3.474144
medical,bloodmnist_224,test,1577,7,3,-29.236101,44.419014
medical,bloodmnist_224,test,1578,1,3,15.011738,-20.187035
medical,bloodmnist_224,test,1579,2,3,-33.581314,-10.187726
medical,bloodmnist_224,test,1580,0,0,43.181240,-5.276467
medical,bloodmnist_224,test,1581,1,3,20.754755,-20.100615
medical,bloodmnist_224,test,1582,3,3,15.669038,23.311441
medical,bloodmnist_224,test,1583,6,3,-4.461457,-12.576958
medical,bloodmnist_224,test,1584,6,3,-4.494718,-15.841589
medical,bloodmnist_224,test,1585,7,3,-29.333633,32.346687
medical,bloodmnist_224,test,1586,3,3,11.554418,29.465132
medical,bloodmnist_224,test,1587,5,3,24.495707,5.130092
medical,bloodmnist_224,test,1588,3,3,-2.506227,15.726692
medical,bloodmnist_224,test,1589,6,3,4.607512,-21.091484
medical,bloodmnist_224,test,1590,7,3,-19.449242,34.037540
medical,bloodmnist_224,test,1591,0,3,40.162907,-0.757764
medical,bloodmnist_224,test,1592,2,3,-31.116749,-9.250279
medical,bloodmnist_224,test,1593,6,3,-6.219017,-34.808170
medical,bloodmnist_224,test,1594,3,3,10.578662,18.937365
medical,bloodmnist_224,test,1595,6,3,-18.822895,-36.385548
medical,bloodmnist_224,test,1596,3,3,9.885291,20.879446
medical,bloodmnist_224,test,1597,7,3,-16.301319,45.505119
medical,bloodmnist_224,test,1598,6,3,-11.114340,-39.259132
medical,bloodmnist_224,test,1599,5,3,28.251190,12.276351
medical,bloodmnist_224,test,1600,6,3,4.595371,-19.818361
medical,bloodmnist_224,test,1601,7,3,-19.134111,48.490833
medical,bloodmnist_224,test,1602,4,3,-19.291790,0.644495
medical,bloodmnist_224,test,1603,3,3,20.556011,25.925856
medical,bloodmnist_224,test,1604,1,3,18.811073,-17.252398
medical,bloodmnist_224,test,1605,3,3,14.340115,12.915276
medical,bloodmnist_224,test,1606,6,3,-10.184742,-39.648869
medical,bloodmnist_224,test,1607,0,0,47.319729,-0.628230
medical,bloodmnist_224,test,1608,5,3,25.704247,11.736336
medical,bloodmnist_224,test,1609,1,3,19.522551,-16.031153
medical,bloodmnist_224,test,1610,7,3,-29.671564,45.163715
medical,bloodmnist_224,test,1611,7,3,-19.833933,44.037174
medical,bloodmnist_224,test,1612,1,3,17.939852,-15.132663
medical,bloodmnist_224,test,1613,3,3,2.869590,17.798283
medical,bloodmnist_224,test,1614,3,3,15.796818,26.538282
medical,bloodmnist_224,test,1615,7,3,-28.226933,44.028965
medical,bloodmnist_224,test,1616,4,3,-1.447451,3.175381
medical,bloodmnist_224,test,1617,0,3,33.913940,2.153473
medical,bloodmnist_224,test,1618,3,3,-14.059973,-19.218208
medical,bloodmnist_224,test,1619,0,3,38.104027,4.140112
medical,bloodmnist_224,test,1620,4,0,-26.909718,-7.826484
medical,bloodmnist_224,test,1621,1,3,22.695322,-15.102481
medical,bloodmnist_224,test,1622,1,3,19.643740,-26.529642
medical,bloodmnist_224,test,1623,7,3,-32.001499,44.683800
medical,bloodmnist_224,test,1624,3,3,12.617485,24.665510
medical,bloodmnist_224,test,1625,1,3,10.801785,-16.556082
medical,bloodmnist_224,test,1626,1,3,22.781679,-19.762466
medical,bloodmnist_224,test,1627,6,3,-11.716844,-32.590038
medical,bloodmnist_224,test,1628,3,3,21.636278,27.349743
medical,bloodmnist_224,test,1629,3,3,-8.369845,-13.068131
medical,bloodmnist_224,test,1630,0,0,46.658638,-1.524000
medical,bloodmnist_224,test,1631,6,3,2.695497,-16.851854
medical,bloodmnist_224,test,1632,1,3,14.464960,-27.758652
medical,bloodmnist_224,test,1633,5,3,26.836565,14.432398
medical,bloodmnist_224,test,1634,1,3,2.648978,-17.751068
medical,bloodmnist_224,test,1635,2,3,-34.921436,-12.437050
medical,bloodmnist_224,test,1636,7,3,-27.358313,44.108612
medical,bloodmnist_224,test,1637,5,3,22.181749,12.148541
medical,bloodmnist_224,test,1638,2,3,-44.037384,-5.089861
medical,bloodmnist_224,test,1639,6,3,-16.861834,-32.079712
medical,bloodmnist_224,test,1640,5,3,15.748496,5.461849
medical,bloodmnist_224,test,1641,3,3,18.711275,23.659294
medical,bloodmnist_224,test,1642,7,3,-32.321053,45.146484
medical,bloodmnist_224,test,1643,6,3,-2.356457,-14.207762
medical,bloodmnist_224,test,1644,4,3,-26.533352,2.480056
medical,bloodmnist_224,test,1645,6,3,-0.741443,-17.316595
medical,bloodmnist_224,test,1646,3,3,15.833743,7.058026
medical,bloodmnist_224,test,1647,2,3,-34.901314,1.643203
medical,bloodmnist_224,test,1648,1,3,22.500484,-22.334036
medical,bloodmnist_224,test,1649,1,3,25.818621,-30.917852
medical,bloodmnist_224,test,1650,6,3,-14.002635,-35.187401
medical,bloodmnist_224,test,1651,6,3,7.054643,-17.547808
medical,bloodmnist_224,test,1652,1,3,21.014439,-33.233532
medical,bloodmnist_224,test,1653,4,3,-26.930384,-0.898553
medical,bloodmnist_224,test,1654,0,0,46.054760,-1.281585
medical,bloodmnist_224,test,1655,4,3,-21.205118,0.793129
medical,bloodmnist_224,test,1656,1,3,25.936749,-30.682890
medical,bloodmnist_224,test,1657,6,3,-1.770628,-20.534595
medical,bloodmnist_224,test,1658,6,3,-7.020075,-7.901934
medical,bloodmnist_224,test,1659,0,3,35.427303,-4.426251
medical,bloodmnist_224,test,1660,5,3,20.595259,20.432684
medical,bloodmnist_224,test,1661,6,3,-5.837473,-17.719971
medical,bloodmnist_224,test,1662,0,0,47.578281,-3.928723
medical,bloodmnist_224,test,1663,3,3,6.634713,23.048548
medical,bloodmnist_224,test,1664,5,3,28.593061,13.838372
medical,bloodmnist_224,test,1665,2,3,-34.345943,3.381413
medical,bloodmnist_224,test,1666,1,3,18.655542,-21.147844
medical,bloodmnist_224,test,1667,4,3,-32.180817,-4.686656
medical,bloodmnist_224,test,1668,7,3,-25.233437,34.640350
medical,bloodmnist_224,test,1669,7,3,-26.522642,41.917393
medical,bloodmnist_224,test,1670,3,3,15.716017,3.537722
medical,bloodmnist_224,test,1671,1,3,24.559809,-17.690783
medical,bloodmnist_224,test,1672,1,3,3.388834,-25.961540
medical,bloodmnist_224,test,1673,7,3,-11.198160,46.635330
medical,bloodmnist_224,test,1674,2,3,-41.621933,1.544676
medical,bloodmnist_224,test,1675,6,3,10.434475,-22.919083
medical,bloodmnist_224,test,1676,2,3,-43.745277,-3.809919
medical,bloodmnist_224,test,1677,1,3,4.333869,-23.464849
medical,bloodmnist_224,test,1678,3,3,5.124435,12.865759
medical,bloodmnist_224,test,1679,1,3,27.793968,-25.300064
medical,bloodmnist_224,test,1680,1,3,20.127317,-20.962324
medical,bloodmnist_224,test,1681,6,3,-7.302330,-15.622625
medical,bloodmnist_224,test,1682,7,3,-19.289488,38.393776
medical,bloodmnist_224,test,1683,1,3,9.102604,-10.807064
medical,bloodmnist_224,test,1684,6,0,-15.473066,-41.987232
medical,bloodmnist_224,test,1685,2,3,-41.876019,1.515596
medical,bloodmnist_224,test,1686,6,3,-11.223825,-20.259602
medical,bloodmnist_224,test,1687,0,3,30.925713,0.031217
medical,bloodmnist_224,test,1688,4,3,-3.981823,7.825813
medical,bloodmnist_224,test,1689,5,3,12.310063,10.150344
medical,bloodmnist_224,test,1690,7,3,-20.907675,42.021652
medical,bloodmnist_224,test,1691,6,3,3.050354,-11.817408
medical,bloodmnist_224,test,1692,5,3,19.780224,11.135539
medical,bloodmnist_224,test,1693,2,3,-38.041531,-3.280332
medical,bloodmnist_224,test,1694,0,3,35.164734,0.065828
medical,bloodmnist_224,test,1695,7,3,-20.425268,50.587688
medical,bloodmnist_224,test,1696,6,3,-10.919673,-31.822542
medical,bloodmnist_224,test,1697,7,3,-25.992407,48.563133
medical,bloodmnist_224,test,1698,4,3,-19.512207,1.357965
medical,bloodmnist_224,test,1699,7,3,-15.133786,48.887165
medical,bloodmnist_224,test,1700,7,3,-14.230536,45.111183
medical,bloodmnist_224,test,1701,1,3,14.785349,-3.704432
medical,bloodmnist_224,test,1702,1,3,11.773750,-29.352495
medical,bloodmnist_224,test,1703,7,3,-24.601299,48.746788
medical,bloodmnist_224,test,1704,6,3,-13.047588,-15.746119
medical,bloodmnist_224,test,1705,3,3,7.119041,-0.570197
medical,bloodmnist_224,test,1706,1,3,25.309376,-28.843637
medical,bloodmnist_224,test,1707,2,3,-34.344093,3.346724
medical,bloodmnist_224,test,1708,3,3,13.719766,10.081246
medical,bloodmnist_224,test,1709,3,3,10.707522,18.760534
medical,bloodmnist_224,test,1710,5,3,27.565035,18.986412
medical,bloodmnist_224,test,1711,4,3,-19.278067,-0.186161
medical,bloodmnist_224,test,1712,4,3,-31.795095,-2.823538
medical,bloodmnist_224,test,1713,6,3,-8.721975,-17.061821
medical,bloodmnist_224,test,1714,1,3,14.248140,-35.462437
medical,bloodmnist_224,test,1715,7,3,-25.741810,36.577538
medical,bloodmnist_224,test,1716,1,3,13.894470,-33.735023
medical,bloodmnist_224,test,1717,1,3,0.011954,-7.159749
medical,bloodmnist_224,test,1718,7,3,-13.440042,42.822994
medical,bloodmnist_224,test,1719,0,0,49.513214,-5.841381
medical,bloodmnist_224,test,1720,7,3,-28.903326,39.394241
medical,bloodmnist_224,test,1721,6,3,-7.339197,-14.998143
medical,bloodmnist_224,test,1722,3,3,12.460702,26.567297
medical,bloodmnist_224,test,1723,6,3,1.619195,-23.576647
medical,bloodmnist_224,test,1724,2,3,-41.900440,-0.025765
medical,bloodmnist_224,test,1725,7,3,-27.523842,43.500683
medical,bloodmnist_224,test,1726,6,3,-1.329576,-27.842833
medical,bloodmnist_224,test,1727,7,3,-33.473549,44.273350
medical,bloodmnist_224,test,1728,4,3,-24.426271,-4.243670
medical,bloodmnist_224,test,1729,1,3,17.115496,-21.049511
medical,bloodmnist_224,test,1730,3,3,32.163612,3.560755
medical,bloodmnist_224,test,1731,7,3,-33.954208,39.361214
medical,bloodmnist_224,test,1732,1,3,-0.427194,3.589904
medical,bloodmnist_224,test,1733,2,3,-33.310757,5.294797
medical,bloodmnist_224,test,1734,3,3,-1.962685,6.811662
medical,bloodmnist_224,test,1735,6,3,-1.169366,-30.614208
medical,bloodmnist_224,test,1736,3,3,21.914589,27.231760
medical,bloodmnist_224,test,1737,7,3,-26.673199,49.511166
medical,bloodmnist_224,test,1738,7,3,-20.172979,43.550846
medical,bloodmnist_224,test,1739,3,3,16.012495,8.753139
medical,bloodmnist_224,test,1740,6,3,6.137767,0.195736
medical,bloodmnist_224,test,1741,3,3,24.734123,24.517649
medical,bloodmnist_224,test,1742,6,3,-11.840446,-29.551104
medical,bloodmnist_224,test,1743,0,0,45.281349,-5.973038
medical,bloodmnist_224,test,1744,5,3,11.743509,11.502717
medical,bloodmnist_224,test,1745,3,3,3.493769,17.368460
medical,bloodmnist_224,test,1746,1,3,13.134701,-19.375200
medical,bloodmnist_224,test,1747,6,3,-11.088513,-33.868553
medical,bloodmnist_224,test,1748,0,3,27.374071,17.404583
medical,bloodmnist_224,test,1749,1,3,19.018444,-33.354206
medical,bloodmnist_224,test,1750,5,3,-29.688822,-4.351618
medical,bloodmnist_224,test,1751,0,0,47.982101,-8.711187
medical,bloodmnist_224,test,1752,3,3,9.444822,13.168045
medical,bloodmnist_224,test,1753,3,3,0.804734,3.993142
medical,bloodmnist_224,test,1754,7,3,-19.915548,39.559212
medical,bloodmnist_224,test,1755,2,3,-34.061504,5.925829
medical,bloodmnist_224,test,1756,6,3,-12.838305,-33.119591
medical,bloodmnist_224,test,1757,1,3,4.502490,-26.146774
medical,bloodmnist_224,test,1758,7,3,-28.202213,39.015202
medical,bloodmnist_224,test,1759,6,3,-0.040864,-27.350206
medical,bloodmnist_224,test,1760,4,3,-24.819437,-1.979319
medical,bloodmnist_224,test,1761,1,3,27.256399,-29.928921
medical,bloodmnist_224,test,1762,6,3,-7.079984,-13.637676
medical,bloodmnist_224,test,1763,6,3,-15.938215,-21.748690
medical,bloodmnist_224,test,1764,0,3,38.331280,-0.746585
medical,bloodmnist_224,test,1765,1,3,6.418606,-10.137495
medical,bloodmnist_224,test,1766,1,3,2.700867,-26.191534
medical,bloodmnist_224,test,1767,1,3,21.643950,-32.200211
medical,bloodmnist_224,test,1768,3,3,16.041603,21.742889
medical,bloodmnist_224,test,1769,7,3,-27.737099,51.338753
medical,bloodmnist_224,test,1770,1,3,5.341371,-27.244341
medical,bloodmnist_224,test,1771,6,3,-0.453327,-19.725750
medical,bloodmnist_224,test,1772,2,3,-35.151917,-11.869169
medical,bloodmnist_224,test,1773,0,0,46.456974,-1.801855
medical,bloodmnist_224,test,1774,3,3,25.546137,21.501760
medical,bloodmnist_224,test,1775,1,3,24.856150,-27.311565
medical,bloodmnist_224,test,1776,6,3,-6.913579,-31.911747
medical,bloodmnist_224,test,1777,0,3,32.597313,-0.056838
medical,bloodmnist_224,test,1778,1,3,15.375854,-16.755474
medical,bloodmnist_224,test,1779,1,3,16.403660,-12.356695
medical,bloodmnist_224,test,1780,2,3,-41.837143,-4.594295
medical,bloodmnist_224,test,1781,6,0,-16.887342,-40.666946
medical,bloodmnist_224,test,1782,6,3,-7.559160,-31.961569
medical,bloodmnist_224,test,1783,3,3,21.283638,25.310379
medical,bloodmnist_224,test,1784,4,3,-25.184019,0.431749
medical,bloodmnist_224,test,1785,6,3,-10.758832,-28.912699
medical,bloodmnist_224,test,1786,4,3,0.290809,5.490668
medical,bloodmnist_224,test,1787,2,3,-36.203686,-5.136283
medical,bloodmnist_224,test,1788,3,3,0.423937,12.411374
medical,bloodmnist_224,test,1789,5,3,31.565556,13.463757
medical,bloodmnist_224,test,1790,0,3,31.879717,1.421715
medical,bloodmnist_224,test,1791,0,0,47.355492,-4.415332
medical,bloodmnist_224,test,1792,0,0,47.160408,-8.857594
medical,bloodmnist_224,test,1793,1,3,24.359791,-14.074970
medical,bloodmnist_224,test,1794,6,3,-5.702285,-25.742847
medical,bloodmnist_224,test,1795,3,3,20.891027,8.422685
medical,bloodmnist_224,test,1796,3,3,4.997736,18.125134
medical,bloodmnist_224,test,1797,7,3,-30.547293,42.926914
medical,bloodmnist_224,test,1798,3,3,13.233031,14.065791
medical,bloodmnist_224,test,1799,5,3,20.527349,15.708279
medical,bloodmnist_224,test,1800,1,3,22.286501,-25.284094
medical,bloodmnist_224,test,1801,3,3,23.095934,22.036573
medical,bloodmnist_224,test,1802,2,3,-34.346573,-8.719692
medical,bloodmnist_224,test,1803,6,3,-15.775342,-22.476797
medical,bloodmnist_224,test,1804,1,3,25.569899,-20.160200
medical,bloodmnist_224,test,1805,3,3,8.290873,24.481588
medical,bloodmnist_224,test,1806,1,3,14.252230,-29.433260
medical,bloodmnist_224,test,1807,6,3,-6.554835,-26.991817
medical,bloodmnist_224,test,1808,6,3,-10.926545,-35.129021
medical,bloodmnist_224,test,1809,6,3,8.019767,-4.720145
medical,bloodmnist_224,test,1810,2,3,-42.545979,3.063895
medical,bloodmnist_224,test,1811,0,0,42.619244,-6.253574
medical,bloodmnist_224,test,1812,6,3,-8.093368,-24.392780
medical,bloodmnist_224,test,1813,7,3,-26.307556,51.783672
medical,bloodmnist_224,test,1814,2,3,-6.527621,10.123747
medical,bloodmnist_224,test,1815,6,3,-0.083903,-27.341570
medical,bloodmnist_224,test,1816,3,3,-0.155063,15.674578
medical,bloodmnist_224,test,1817,7,3,-17.546009,49.857330
medical,bloodmnist_224,test,1818,0,0,43.592587,-4.080908
medical,bloodmnist_224,test,1819,0,3,35.536568,-4.487515
medical,bloodmnist_224,test,1820,1,3,25.666719,-25.806955
medical,bloodmnist_224,test,1821,4,3,-21.549177,-1.209027
medical,bloodmnist_224,test,1822,6,3,7.683259,0.354907
medical,bloodmnist_224,test,1823,7,3,-22.245468,48.982235
medical,bloodmnist_224,test,1824,3,3,10.143145,11.668990
medical,bloodmnist_224,test,1825,3,3,23.487534,24.644621
medical,bloodmnist_224,test,1826,6,3,-4.401642,-34.257175
medical,bloodmnist_224,test,1827,6,3,-12.169606,-22.501186
medical,bloodmnist_224,test,1828,6,3,-10.539621,-42.154476
medical,bloodmnist_224,test,1829,2,3,-37.454288,-2.789665
medical,bloodmnist_224,test,1830,0,3,33.451794,1.126391
medical,bloodmnist_224,test,1831,4,3,-31.748430,-5.510160
medical,bloodmnist_224,test,1832,7,3,-28.247059,37.200615
medical,bloodmnist_224,test,1833,6,3,13.937210,14.800008
medical,bloodmnist_224,test,1834,1,3,12.690286,-30.749250
medical,bloodmnist_224,test,1835,0,0,48.880230,-3.907906
medical,bloodmnist_224,test,1836,3,3,8.847447,6.141397
medical,bloodmnist_224,test,1837,3,3,17.112551,13.134385
medical,bloodmnist_224,test,1838,6,3,-10.326605,-20.558586
medical,bloodmnist_224,test,1839,0,3,45.263626,0.059645
medical,bloodmnist_224,test,1840,6,0,-13.420973,-42.418289
medical,bloodmnist_224,test,1841,3,3,10.661607,26.590219
medical,bloodmnist_224,test,1842,0,3,41.294155,-6.895628
medical,bloodmnist_224,test,1843,5,3,-3.798209,9.034482
medical,bloodmnist_224,test,1844,4,3,-32.693386,-3.430724
medical,bloodmnist_224,test,1845,3,3,18.747770,17.109962
medical,bloodmnist_224,test,1846,3,3,38.711632,3.736019
medical,bloodmnist_224,test,1847,4,3,-27.169559,-3.112979
medical,bloodmnist_224,test,1848,7,3,-15.720360,46.049107
medical,bloodmnist_224,test,1849,0,3,40.838997,0.472312
medical,bloodmnist_224,test,1850,3,3,23.560299,23.203829
medical,bloodmnist_224,test,1851,5,3,2.470258,13.179225
medical,bloodmnist_224,test,1852,3,3,12.880032,0.481494
medical,bloodmnist_224,test,1853,3,3,17.444277,15.020615
medical,bloodmnist_224,test,1854,5,3,6.971618,15.796165
medical,bloodmnist_224,test,1855,3,3,18.128857,27.022831
medical,bloodmnist_224,test,1856,2,3,-34.015999,-5.101614
medical,bloodmnist_224,test,1857,7,3,-24.103573,44.664577
medical,bloodmnist_224,test,1858,4,3,-27.365267,-10.815700
medical,bloodmnist_224,test,1859,6,3,-11.240085,-16.785728
medical,bloodmnist_224,test,1860,1,3,13.620318,-34.482899
medical,bloodmnist_224,test,1861,3,3,16.466740,23.957617
medical,bloodmnist_224,test,1862,0,3,42.071205,-9.087934
medical,bloodmnist_224,test,1863,0,0,41.796085,-5.704810
medical,bloodmnist_224,test,1864,1,3,16.184555,-22.214634
medical,bloodmnist_224,test,1865,6,3,-8.361736,-15.838272
medical,bloodmnist_224,test,1866,1,3,12.537130,-14.422609
medical,bloodmnist_224,test,1867,4,3,-24.414600,3.238767
medical,bloodmnist_224,test,1868,3,3,-2.608653,8.474174
medical,bloodmnist_224,test,1869,6,3,-14.407623,-22.023367
medical,bloodmnist_224,test,1870,1,3,13.444523,-10.071382
medical,bloodmnist_224,test,1871,7,3,-27.823563,45.894642
medical,bloodmnist_224,test,1872,2,3,-34.899330,-10.463380
medical,bloodmnist_224,test,1873,5,3,28.021360,14.470685
medical,bloodmnist_224,test,1874,6,3,-7.373012,-29.171917
medical,bloodmnist_224,test,1875,6,3,-0.017813,-29.295702
medical,bloodmnist_224,test,1876,7,3,-25.747332,32.654778
medical,bloodmnist_224,test,1877,7,3,-30.170326,43.667667
medical,bloodmnist_224,test,1878,7,3,-31.857321,41.699589
medical,bloodmnist_224,test,1879,5,3,31.880598,14.700324
medical,bloodmnist_224,test,1880,1,3,16.709814,-33.666035
medical,bloodmnist_224,test,1881,3,3,13.552876,15.403008
medical,bloodmnist_224,test,1882,3,3,22.452110,25.974192
medical,bloodmnist_224,test,1883,7,3,-13.611412,45.747692
medical,bloodmnist_224,test,1884,2,3,-39.564995,-2.374642
medical,bloodmnist_224,test,1885,3,3,15.628444,14.150493
medical,bloodmnist_224,test,1886,6,3,-6.444121,-20.149826
medical,bloodmnist_224,test,1887,3,3,2.590506,16.294062
medical,bloodmnist_224,test,1888,6,3,-9.519217,-19.493309
medical,bloodmnist_224,test,1889,3,3,38.767391,3.642765
medical,bloodmnist_224,test,1890,2,3,-5.440860,13.850355
medical,bloodmnist_224,test,1891,2,3,-38.122433,2.384674
medical,bloodmnist_224,test,1892,4,3,-17.175587,-0.340645
medical,bloodmnist_224,test,1893,4,3,-25.436380,-2.002935
medical,bloodmnist_224,test,1894,3,3,14.262437,9.357124
medical,bloodmnist_224,test,1895,4,3,-28.114923,-1.838130
medical,bloodmnist_224,test,1896,7,3,-26.704212,36.049515
medical,bloodmnist_224,test,1897,0,0,48.971230,-2.100763
medical,bloodmnist_224,test,1898,6,3,-14.111442,-27.170956
medical,bloodmnist_224,test,1899,3,3,-9.758247,-18.742205
medical,bloodmnist_224,test,1900,3,3,9.694569,11.817982
medical,bloodmnist_224,test,1901,7,3,-31.871878,45.800304
medical,bloodmnist_224,test,1902,3,3,-4.017809,1.648956
medical,bloodmnist_224,test,1903,1,3,2.547161,-17.129166
medical,bloodmnist_224,test,1904,1,3,26.806768,-30.266314
medical,bloodmnist_224,test,1905,6,3,-15.934553,-26.841896
medical,bloodmnist_224,test,1906,4,3,-5.615558,4.933253
medical,bloodmnist_224,test,1907,6,3,-9.961473,-17.569517
medical,bloodmnist_224,test,1908,5,3,28.488682,13.473690
medical,bloodmnist_224,test,1909,5,3,4.155334,10.494268
medical,bloodmnist_224,test,1910,2,3,-31.263569,-11.764920
medical,bloodmnist_224,test,1911,1,3,3.698446,-27.842802
medical,bloodmnist_224,test,1912,3,3,13.215450,13.193935
medical,bloodmnist_224,test,1913,5,3,22.363123,12.102685
medical,bloodmnist_224,test,1914,0,3,35.760910,-4.685976
medical,bloodmnist_224,test,1915,0,0,47.873390,-9.060923
medical,bloodmnist_224,test,1916,1,3,5.749529,-26.646744
medical,bloodmnist_224,test,1917,7,3,-20.296616,45.264263
medical,bloodmnist_224,test,1918,3,3,-5.555016,-29.971071
medical,bloodmnist_224,test,1919,7,3,-16.038074,43.365898
medical,bloodmnist_224,test,1920,1,3,24.970470,-28.682457
medical,bloodmnist_224,test,1921,1,3,-8.441792,-42.803417
medical,bloodmnist_224,test,1922,6,3,-7.683989,-33.217915
medical,bloodmnist_224,test,1923,1,3,14.008019,-13.562357
medical,bloodmnist_224,test,1924,5,3,19.880558,17.273710
medical,bloodmnist_224,test,1925,1,3,24.325157,-16.277384
medical,bloodmnist_224,test,1926,7,3,-23.241241,42.601532
medical,bloodmnist_224,test,1927,5,3,1.911444,18.956911
medical,bloodmnist_224,test,1928,3,3,5.466594,7.834408
medical,bloodmnist_224,test,1929,6,3,-10.183136,-37.586212
medical,bloodmnist_224,test,1930,0,0,48.546337,-5.060392
medical,bloodmnist_224,test,1931,6,3,-14.913601,-24.161564
medical,bloodmnist_224,test,1932,6,3,-16.272852,-32.728527
medical,bloodmnist_224,test,1933,1,3,16.951611,-27.484468
medical,bloodmnist_224,test,1934,6,3,9.285216,-27.936737
medical,bloodmnist_224,test,1935,3,3,-0.694957,6.103519
medical,bloodmnist_224,test,1936,3,3,30.768089,7.989970
medical,bloodmnist_224,test,1937,2,3,-44.299458,-7.389679
medical,bloodmnist_224,test,1938,1,3,14.175451,-20.054298
medical,bloodmnist_224,test,1939,1,3,19.288116,-26.034895
medical,bloodmnist_224,test,1940,6,3,17.574518,-17.502827
medical,bloodmnist_224,test,1941,6,3,-2.883036,-27.799236
medical,bloodmnist_224,test,1942,5,3,26.608194,20.634680
medical,bloodmnist_224,test,1943,3,3,9.572291,-1.416986
medical,bloodmnist_224,test,1944,3,3,13.947089,11.648568
medical,bloodmnist_224,test,1945,7,3,-31.722658,46.683708
medical,bloodmnist_224,test,1946,7,3,-24.368210,32.050655
medical,bloodmnist_224,test,1947,1,0,45.892429,-9.904598
medical,bloodmnist_224,test,1948,3,3,26.483133,16.621080
medical,bloodmnist_224,test,1949,3,3,6.381734,9.402599
medical,bloodmnist_224,test,1950,3,3,8.913533,14.079421
medical,bloodmnist_224,test,1951,1,3,15.189437,-21.743324
medical,bloodmnist_224,test,1952,0,0,48.367153,-4.266038
medical,bloodmnist_224,test,1953,3,3,-22.444286,30.893930
medical,bloodmnist_224,test,1954,1,3,13.046265,-13.108119
medical,bloodmnist_224,test,1955,2,3,-5.396641,9.349405
medical,bloodmnist_224,test,1956,1,3,24.198551,-31.636843
medical,bloodmnist_224,test,1957,1,3,6.717405,-10.475082
medical,bloodmnist_224,test,1958,7,3,-28.719868,51.178596
medical,bloodmnist_224,test,1959,6,3,-12.096204,-33.192093
medical,bloodmnist_224,test,1960,3,3,10.321947,18.904360
medical,bloodmnist_224,test,1961,6,3,0.151573,-18.924540
medical,bloodmnist_224,test,1962,7,3,-19.585161,38.238335
medical,bloodmnist_224,test,1963,3,3,9.786437,27.188095
medical,bloodmnist_224,test,1964,6,3,20.723217,-17.688959
medical,bloodmnist_224,test,1965,0,3,39.462658,3.697758
medical,bloodmnist_224,test,1966,3,3,22.988138,5.628820
medical,bloodmnist_224,test,1967,3,3,14.683308,13.828114
medical,bloodmnist_224,test,1968,1,3,2.257214,-22.529644
medical,bloodmnist_224,test,1969,3,3,14.854794,24.961519
medical,bloodmnist_224,test,1970,1,3,18.103338,-18.580448
medical,bloodmnist_224,test,1971,2,3,-40.510689,-7.531451
medical,bloodmnist_224,test,1972,6,3,9.737201,-18.568995
medical,bloodmnist_224,test,1973,6,3,0.021049,-30.819254
medical,bloodmnist_224,test,1974,6,3,-1.305542,-13.514096
medical,bloodmnist_224,test,1975,3,3,9.089879,-1.782821
medical,bloodmnist_224,test,1976,1,3,14.470114,-34.773991
medical,bloodmnist_224,test,1977,7,3,-27.217243,49.805435
medical,bloodmnist_224,test,1978,1,0,46.883194,-9.965574
medical,bloodmnist_224,test,1979,6,3,-17.728500,-35.168854
medical,bloodmnist_224,test,1980,6,0,-17.443235,-38.445522
medical,bloodmnist_224,test,1981,3,3,-2.574637,8.230285
medical,bloodmnist_224,test,1982,1,3,18.818998,-21.503626
medical,bloodmnist_224,test,1983,7,3,-21.326010,33.134399
medical,bloodmnist_224,test,1984,7,3,-25.960840,50.117321
medical,bloodmnist_224,test,1985,6,3,2.987929,-8.229905
medical,bloodmnist_224,test,1986,3,3,7.699692,11.436203
medical,bloodmnist_224,test,1987,1,3,20.978334,-31.582460
medical,bloodmnist_224,test,1988,4,3,-17.997225,2.137528
medical,bloodmnist_224,test,1989,2,3,-4.678473,8.047331
medical,bloodmnist_224,test,1990,0,0,47.891190,-2.769214
medical,bloodmnist_224,test,1991,3,3,-14.863056,1.325194
medical,bloodmnist_224,test,1992,5,3,23.971460,21.256435
medical,bloodmnist_224,test,1993,3,3,8.758574,6.277048
medical,bloodmnist_224,test,1994,2,3,-44.069935,-5.595898
medical,bloodmnist_224,test,1995,4,3,-23.806337,0.063558
medical,bloodmnist_224,test,1996,4,3,-24.412710,4.109148
medical,bloodmnist_224,test,1997,2,3,-15.430710,-20.218075
medical,bloodmnist_224,test,1998,0,3,42.312012,-8.916300
medical,bloodmnist_224,test,1999,3,3,0.219393,5.367438
medical,bloodmnist_224,test,2000,1,3,14.217788,-11.961996
medical,bloodmnist_224,test,2001,1,3,2.515547,-17.442801
medical,bloodmnist_224,test,2002,1,3,6.366467,-9.519807
medical,bloodmnist_224,test,2003,1,3,21.199438,-33.901451
medical,bloodmnist_224,test,2004,6,3,-0.596842,-10.619095
medical,bloodmnist_224,test,2005,6,3,-2.530507,-22.775351
medical,bloodmnist_224,test,2006,6,3,-12.561551,-37.519024
medical,bloodmnist_224,test,2007,7,3,-28.713213,40.134708
medical,bloodmnist_224,test,2008,1,3,19.627350,-18.784109
medical,bloodmnist_224,test,2009,2,3,-32.067966,-10.312225
medical,bloodmnist_224,test,2010,7,3,-31.725515,32.156513
medical,bloodmnist_224,test,2011,6,3,1.603744,-23.639395
medical,bloodmnist_224,test,2012,4,3,-18.148300,3.228494
medical,bloodmnist_224,test,2013,5,3,19.983965,12.214319
medical,bloodmnist_224,test,2014,6,3,-4.110898,-22.211855
medical,bloodmnist_224,test,2015,1,3,15.807560,-35.066162
medical,bloodmnist_224,test,2016,1,3,21.817362,-21.660122
medical,bloodmnist_224,test,2017,6,3,-14.589602,-30.053391
medical,bloodmnist_224,test,2018,7,3,-28.028421,37.016064
medical,bloodmnist_224,test,2019,6,3,-8.322330,-25.308374
medical,bloodmnist_224,test,2020,0,3,43.034977,-0.467468
medical,bloodmnist_224,test,2021,4,3,-5.447266,4.906050
medical,bloodmnist_224,test,2022,1,3,15.983429,-27.808290
medical,bloodmnist_224,test,2023,5,3,28.270918,11.319574
medical,bloodmnist_224,test,2024,6,3,-4.716793,-16.483273
medical,bloodmnist_224,test,2025,1,3,-10.866937,-42.304962
medical,bloodmnist_224,test,2026,1,3,8.437075,-25.616385
medical,bloodmnist_224,test,2027,3,3,7.462868,22.544090
medical,bloodmnist_224,test,2028,7,3,-13.627950,48.284264
medical,bloodmnist_224,test,2029,7,3,-19.104828,49.364307
medical,bloodmnist_224,test,2030,3,3,9.863708,3.006023
medical,bloodmnist_224,test,2031,1,3,13.808722,-31.918999
medical,bloodmnist_224,test,2032,6,3,-4.091199,-16.580486
medical,bloodmnist_224,test,2033,2,3,-17.601896,-18.174274
medical,bloodmnist_224,test,2034,6,3,-14.029775,-37.809757
medical,bloodmnist_224,test,2035,6,3,-8.173100,-32.517998
medical,bloodmnist_224,test,2036,3,3,7.461680,9.978803
medical,bloodmnist_224,test,2037,7,3,-20.777767,40.810001
medical,bloodmnist_224,test,2038,2,3,-43.880627,-2.815700
medical,bloodmnist_224,test,2039,6,3,-0.323784,-9.103711
medical,bloodmnist_224,test,2040,6,3,2.302634,-12.672632
medical,bloodmnist_224,test,2041,3,3,10.844151,-4.677525
medical,bloodmnist_224,test,2042,4,3,-20.379601,2.937512
medical,bloodmnist_224,test,2043,1,3,24.370367,-25.852985
medical,bloodmnist_224,test,2044,6,3,-12.667541,-17.876423
medical,bloodmnist_224,test,2045,0,3,41.008080,-4.999695
medical,bloodmnist_224,test,2046,4,0,-24.547668,-7.382396
medical,bloodmnist_224,test,2047,4,3,-6.002677,-7.137605
medical,bloodmnist_224,test,2048,5,3,10.057191,24.844749
medical,bloodmnist_224,test,2049,6,0,-13.381876,-39.217793
medical,bloodmnist_224,test,2050,3,3,11.514304,11.595039
medical,bloodmnist_224,test,2051,0,0,46.083591,-4.008251
medical,bloodmnist_224,test,2052,7,3,-26.356737,49.999168
medical,bloodmnist_224,test,2053,1,3,21.765772,-32.232243
medical,bloodmnist_224,test,2054,3,3,26.842958,16.539000
medical,bloodmnist_224,test,2055,4,3,-22.314880,-2.442970
medical,bloodmnist_224,test,2056,6,3,-4.769243,-12.274278
medical,bloodmnist_224,test,2057,4,3,-18.302567,1.317972
medical,bloodmnist_224,test,2058,2,3,-41.494644,0.874000
medical,bloodmnist_224,test,2059,5,3,12.568004,27.211582
medical,bloodmnist_224,test,2060,0,0,-15.445922,-40.680279
medical,bloodmnist_224,test,2061,4,3,-28.325754,-2.098786
medical,bloodmnist_224,test,2062,5,3,8.997315,23.503080
medical,bloodmnist_224,test,2063,3,3,5.509459,19.187746
medical,bloodmnist_224,test,2064,3,3,9.983267,18.294842
medical,bloodmnist_224,test,2065,5,3,18.925068,9.807976
medical,bloodmnist_224,test,2066,7,0,-29.746399,35.851192
medical,bloodmnist_224,test,2067,3,3,26.644958,22.063023
medical,bloodmnist_224,test,2068,6,3,-4.862569,-35.331856
medical,bloodmnist_224,test,2069,2,3,-13.304018,-13.501923
medical,bloodmnist_224,test,2070,1,3,18.411587,-22.484091
medical,bloodmnist_224,test,2071,6,3,-8.533394,-21.130743
medical,bloodmnist_224,test,2072,2,3,-31.299524,-9.116015
medical,bloodmnist_224,test,2073,2,3,-42.386177,-2.844364
medical,bloodmnist_224,test,2074,2,3,-9.410926,-14.562645
medical,bloodmnist_224,test,2075,5,3,0.125918,15.037622
medical,bloodmnist_224,test,2076,2,3,-30.266964,-12.251568
medical,bloodmnist_224,test,2077,3,3,16.115074,11.502224
medical,bloodmnist_224,test,2078,3,3,6.364205,5.688427
medical,bloodmnist_224,test,2079,5,3,20.829287,16.528103
medical,bloodmnist_224,test,2080,1,3,15.131700,-20.180470
medical,bloodmnist_224,test,2081,3,3,0.841559,12.970694
medical,bloodmnist_224,test,2082,3,3,1.448305,5.292866
medical,bloodmnist_224,test,2083,7,3,-30.601387,38.513477
medical,bloodmnist_224,test,2084,5,3,29.205593,11.603597
medical,bloodmnist_224,test,2085,2,3,-30.454844,-13.735641
medical,bloodmnist_224,test,2086,6,3,-4.788652,0.390691
medical,bloodmnist_224,test,2087,3,3,28.144318,19.872766
medical,bloodmnist_224,test,2088,4,3,-16.602764,-0.457480
medical,bloodmnist_224,test,2089,6,3,-10.998824,-22.010750
medical,bloodmnist_224,test,2090,5,3,20.900356,9.944662
medical,bloodmnist_224,test,2091,2,3,-41.695297,3.545771
medical,bloodmnist_224,test,2092,4,3,-22.959892,1.196974
medical,bloodmnist_224,test,2093,3,3,7.968962,9.559131
medical,bloodmnist_224,test,2094,2,3,-15.772059,-19.699493
medical,bloodmnist_224,test,2095,0,0,44.480885,-7.120833
medical,bloodmnist_224,test,2096,6,3,-1.971090,-18.576742
medical,bloodmnist_224,test,2097,0,3,41.198021,-2.820966
medical,bloodmnist_224,test,2098,3,3,-0.356003,2.570418
medical,bloodmnist_224,test,2099,2,3,-35.671101,4.345264
medical,bloodmnist_224,test,2100,6,3,-0.417396,-9.284598
medical,bloodmnist_224,test,2101,3,3,5.130348,8.628875
medical,bloodmnist_224,test,2102,1,3,2.625830,-18.257261
medical,bloodmnist_224,test,2103,3,3,19.202644,16.303867
medical,bloodmnist_224,test,2104,1,3,12.888453,-24.079399
medical,bloodmnist_224,test,2105,6,3,2.072751,-10.346869
medical,bloodmnist_224,test,2106,6,3,-6.490965,-21.093502
medical,bloodmnist_224,test,2107,1,3,15.369851,-35.589748
medical,bloodmnist_224,test,2108,1,3,23.857658,-28.854172
medical,bloodmnist_224,test,2109,1,3,2.608762,-28.503120
medical,bloodmnist_224,test,2110,0,3,44.638565,-1.397464
medical,bloodmnist_224,test,2111,7,3,-21.475281,39.494591
medical,bloodmnist_224,test,2112,6,0,-17.646730,-37.283409
medical,bloodmnist_224,test,2113,6,3,-18.543659,-34.091534
medical,bloodmnist_224,test,2114,6,3,-13.385881,-16.436878
medical,bloodmnist_224,test,2115,6,0,-15.135612,-40.778976
medical,bloodmnist_224,test,2116,5,3,9.346047,18.572069
medical,bloodmnist_224,test,2117,6,3,10.158251,-17.256132
medical,bloodmnist_224,test,2118,0,0,41.914024,-5.759089
medical,bloodmnist_224,test,2119,6,3,7.793873,-15.197823
medical,bloodmnist_224,test,2120,0,3,32.435516,-2.603701
medical,bloodmnist_224,test,2121,2,3,-39.454243,3.461942
medical,bloodmnist_224,test,2122,1,3,26.300226,-26.662586
medical,bloodmnist_224,test,2123,6,3,-13.462211,-26.247360
medical,bloodmnist_224,test,2124,6,3,5.869766,-0.346683
medical,bloodmnist_224,test,2125,3,3,15.651638,26.189848
medical,bloodmnist_224,test,2126,6,3,-13.169701,-19.609333
medical,bloodmnist_224,test,2127,1,3,8.890445,-16.461061
medical,bloodmnist_224,test,2128,1,3,3.332114,-12.402898
medical,bloodmnist_224,test,2129,6,3,2.302555,-7.210089
medical,bloodmnist_224,test,2130,1,3,4.626159,-23.372959
medical,bloodmnist_224,test,2131,3,3,12.366074,17.943470
medical,bloodmnist_224,test,2132,4,3,-18.543844,-17.953230
medical,bloodmnist_224,test,2133,7,3,-28.474373,49.465050
medical,bloodmnist_224,test,2134,7,3,-21.662270,49.080776
medical,bloodmnist_224,test,2135,3,3,20.344646,4.256838
medical,bloodmnist_224,test,2136,6,3,-6.579515,-19.750622
medical,bloodmnist_224,test,2137,6,3,3.923299,-19.482639
medical,bloodmnist_224,test,2138,7,0,-32.918373,37.147923
medical,bloodmnist_224,test,2139,1,3,8.577770,-2.263971
medical,bloodmnist_224,test,2140,3,3,19.273796,13.992717
medical,bloodmnist_224,test,2141,0,3,38.568611,-3.051849
medical,bloodmnist_224,test,2142,1,3,16.768593,-30.940033
medical,bloodmnist_224,test,2143,5,3,20.232983,15.354892
medical,bloodmnist_224,test,2144,4,3,-21.422293,-7.935871
medical,bloodmnist_224,test,2145,7,3,-24.769699,33.889664
medical,bloodmnist_224,test,2146,6,3,6.803376,-17.983057
medical,bloodmnist_224,test,2147,2,3,-43.140903,2.031192
medical,bloodmnist_224,test,2148,7,3,-29.930109,40.824360
medical,bloodmnist_224,test,2149,2,3,-41.348026,-0.716999
medical,bloodmnist_224,test,2150,0,3,30.327320,-3.727041
medical,bloodmnist_224,test,2151,6,3,-4.297595,-11.674631
medical,bloodmnist_224,test,2152,1,3,21.901640,-17.116533
medical,bloodmnist_224,test,2153,3,3,12.684610,24.218922
medical,bloodmnist_224,test,2154,5,3,4.813043,21.218824
medical,bloodmnist_224,test,2155,5,3,3.721637,19.943153
medical,bloodmnist_224,test,2156,5,3,23.185825,7.513784
medical,bloodmnist_224,test,2157,1,3,-16.463842,-0.941879
medical,bloodmnist_224,test,2158,3,3,1.904460,17.555937
medical,bloodmnist_224,test,2159,6,3,-7.314658,-19.035601
medical,bloodmnist_224,test,2160,6,3,-6.345756,-40.161263
medical,bloodmnist_224,test,2161,0,0,47.463852,-5.332120
medical,bloodmnist_224,test,2162,5,3,15.640836,29.817249
medical,bloodmnist_224,test,2163,3,3,10.970957,24.607630
medical,bloodmnist_224,test,2164,4,3,-23.787434,2.654667
medical,bloodmnist_224,test,2165,7,3,-31.929209,31.624907
medical,bloodmnist_224,test,2166,1,3,12.657182,-31.967752
medical,bloodmnist_224,test,2167,7,3,-26.251507,47.819481
medical,bloodmnist_224,test,2168,7,3,-19.966988,50.135651
medical,bloodmnist_224,test,2169,7,3,-15.278398,45.153126
medical,bloodmnist_224,test,2170,7,3,-24.425451,39.525745
medical,bloodmnist_224,test,2171,5,3,0.171790,19.125046
medical,bloodmnist_224,test,2172,2,3,-43.907761,-7.098469
medical,bloodmnist_224,test,2173,6,3,-1.918630,-26.673702
medical,bloodmnist_224,test,2174,4,3,-25.036972,2.250186
medical,bloodmnist_224,test,2175,0,3,39.430229,-4.432130
medical,bloodmnist_224,test,2176,3,3,0.974141,5.633763
medical,bloodmnist_224,test,2177,3,3,1.530656,10.303327
medical,bloodmnist_224,test,2178,6,3,-8.123802,-13.550656
medical,bloodmnist_224,test,2179,7,3,-30.253443,44.884846
medical,bloodmnist_224,test,2180,7,3,-32.901909,45.510006
medical,bloodmnist_224,test,2181,3,3,16.141464,11.082794
medical,bloodmnist_224,test,2182,6,3,-8.155416,-14.951634
medical,bloodmnist_224,test,2183,4,3,-28.242273,-2.813186
medical,bloodmnist_224,test,2184,5,3,29.570356,10.524753
medical,bloodmnist_224,test,2185,1,3,13.874821,-23.068457
medical,bloodmnist_224,test,2186,7,3,-29.055614,47.549244
medical,bloodmnist_224,test,2187,3,3,-1.108655,11.434085
medical,bloodmnist_224,test,2188,2,3,-44.993286,-7.135358
medical,bloodmnist_224,test,2189,7,3,-26.186975,51.852154
medical,bloodmnist_224,test,2190,6,3,2.708648,-11.254689
medical,bloodmnist_224,test,2191,1,3,7.431984,-22.208767
medical,bloodmnist_224,test,2192,6,3,-13.447517,-20.741159
medical,bloodmnist_224,test,2193,6,3,-11.662126,-22.568239
medical,bloodmnist_224,test,2194,7,3,-18.110529,49.605961
medical,bloodmnist_224,test,2195,6,3,-13.396740,-22.642225
medical,bloodmnist_224,test,2196,1,3,6.614721,-29.086248
medical,bloodmnist_224,test,2197,6,3,-4.333685,-21.090012
medical,bloodmnist_224,test,2198,6,3,-7.300935,-14.234618
medical,bloodmnist_224,test,2199,6,3,-6.706987,-16.657244
medical,bloodmnist_224,test,2200,1,3,4.415257,-25.098553
medical,bloodmnist_224,test,2201,1,3,16.255392,-28.141531
medical,bloodmnist_224,test,2202,6,3,-8.931850,-31.552483
medical,bloodmnist_224,test,2203,6,3,-5.233392,-10.971130
medical,bloodmnist_224,test,2204,3,3,13.324640,27.353622
medical,bloodmnist_224,test,2205,7,3,-15.856920,44.432945
medical,bloodmnist_224,test,2206,0,0,48.318172,-2.262494
medical,bloodmnist_224,test,2207,1,3,16.336975,-20.940754
medical,bloodmnist_224,test,2208,7,3,-24.319626,38.849903
medical,bloodmnist_224,test,2209,7,3,-22.429567,48.157730
medical,bloodmnist_224,test,2210,5,3,28.529234,12.081737
medical,bloodmnist_224,test,2211,3,3,18.862116,26.467459
medical,bloodmnist_224,test,2212,1,3,13.148192,-17.369947
medical,bloodmnist_224,test,2213,2,3,-38.040195,-1.004495
medical,bloodmnist_224,test,2214,0,3,32.272305,0.482877
medical,bloodmnist_224,test,2215,0,0,49.726013,-5.222796
medical,bloodmnist_224,test,2216,2,3,-43.934048,-1.053832
medical,bloodmnist_224,test,2217,2,3,-35.350506,-9.396999
medical,bloodmnist_224,test,2218,6,3,-11.854962,-36.363796
medical,bloodmnist_224,test,2219,7,3,-24.708769,47.207611
medical,bloodmnist_224,test,2220,1,3,11.148976,-22.653364
medical,bloodmnist_224,test,2221,3,3,11.097651,3.329614
medical,bloodmnist_224,test,2222,6,3,-0.827493,-31.587313
medical,bloodmnist_224,test,2223,2,3,-3.209728,13.674752
medical,bloodmnist_224,test,2224,6,3,0.276120,-32.430794
medical,bloodmnist_224,test,2225,1,3,-10.791408,-34.699333
medical,bloodmnist_224,test,2226,6,3,-12.313641,-13.960938
medical,bloodmnist_224,test,2227,0,0,42.735748,-7.981565
medical,bloodmnist_224,test,2228,7,3,-33.162579,39.092068
medical,bloodmnist_224,test,2229,6,3,-13.081137,-36.623539
medical,bloodmnist_224,test,2230,6,3,-13.739433,-38.592285
medical,bloodmnist_224,test,2231,6,3,2.767689,-8.179107
medical,bloodmnist_224,test,2232,1,3,-3.364571,-24.934162
medical,bloodmnist_224,test,2233,2,3,-44.666924,-2.114041
medical,bloodmnist_224,test,2234,3,3,9.782347,19.270174
medical,bloodmnist_224,test,2235,0,3,35.859901,0.580135
medical,bloodmnist_224,test,2236,3,3,21.288822,23.842020
medical,bloodmnist_224,test,2237,1,3,23.411400,-19.956957
medical,bloodmnist_224,test,2238,7,3,-23.557970,36.160084
medical,bloodmnist_224,test,2239,5,3,26.830122,10.092728
medical,bloodmnist_224,test,2240,5,3,21.677826,14.619020
medical,bloodmnist_224,test,2241,6,3,-6.269075,-17.612368
medical,bloodmnist_224,test,2242,6,3,-7.482925,-18.965750
medical,bloodmnist_224,test,2243,1,3,13.862998,-12.956192
medical,bloodmnist_224,test,2244,3,3,8.456828,0.036393
medical,bloodmnist_224,test,2245,2,3,-37.557957,-2.878581
medical,bloodmnist_224,test,2246,2,3,-41.149818,0.680142
medical,bloodmnist_224,test,2247,7,3,-27.112675,51.986408
medical,bloodmnist_224,test,2248,7,3,-33.072872,38.472431
medical,bloodmnist_224,test,2249,0,3,-21.034727,-6.889557
medical,bloodmnist_224,test,2250,3,3,5.130407,7.330885
medical,bloodmnist_224,test,2251,5,3,2.183000,17.678989
medical,bloodmnist_224,test,2252,6,3,-5.676061,-36.431286
medical,bloodmnist_224,test,2253,6,3,-16.960440,-36.531712
medical,bloodmnist_224,test,2254,3,3,6.604842,9.624359
medical,bloodmnist_224,test,2255,6,3,-4.763429,-17.561033
medical,bloodmnist_224,test,2256,4,3,-19.563696,-18.524035
medical,bloodmnist_224,test,2257,1,3,11.054336,0.365776
medical,bloodmnist_224,test,2258,6,3,-12.393515,-38.927670
medical,bloodmnist_224,test,2259,6,3,-11.523695,-39.866043
medical,bloodmnist_224,test,2260,6,3,5.173813,-12.466830
medical,bloodmnist_224,test,2261,5,3,4.132878,22.496264
medical,bloodmnist_224,test,2262,6,3,-10.886527,-19.993971
medical,bloodmnist_224,test,2263,1,3,18.646942,-33.463997
medical,bloodmnist_224,test,2264,6,3,-4.615261,-34.708805
medical,bloodmnist_224,test,2265,5,3,26.966541,15.121366
medical,bloodmnist_224,test,2266,6,3,-7.167320,-21.959862
medical,bloodmnist_224,test,2267,3,3,30.768192,8.329202
medical,bloodmnist_224,test,2268,7,3,-21.036020,39.534218
medical,bloodmnist_224,test,2269,1,3,15.605278,-15.883270
medical,bloodmnist_224,test,2270,6,3,5.421225,-20.493568
medical,bloodmnist_224,test,2271,7,3,-18.096455,49.982708
medical,bloodmnist_224,test,2272,7,3,-29.427443,39.878929
medical,bloodmnist_224,test,2273,1,3,25.565786,-23.767103
medical,bloodmnist_224,test,2274,7,3,-22.726376,45.931576
medical,bloodmnist_224,test,2275,7,3,-28.255713,34.678917
medical,bloodmnist_224,test,2276,6,3,-8.700263,-19.914322
medical,bloodmnist_224,test,2277,3,3,10.635527,8.892614
medical,bloodmnist_224,test,2278,6,3,-7.724467,-33.181728
medical,bloodmnist_224,test,2279,0,3,38.224472,-0.844200
medical,bloodmnist_224,test,2280,7,3,-14.493180,48.481537
medical,bloodmnist_224,test,2281,0,0,46.204281,-7.315705
medical,bloodmnist_224,test,2282,3,3,2.861321,18.602287
medical,bloodmnist_224,test,2283,4,3,-28.470613,-6.042649
medical,bloodmnist_224,test,2284,1,3,21.067507,-21.506414
medical,bloodmnist_224,test,2285,7,3,-21.993433,49.863209
medical,bloodmnist_224,test,2286,0,3,41.552761,2.123626
medical,bloodmnist_224,test,2287,3,3,23.664387,10.218664
medical,bloodmnist_224,test,2288,2,3,-35.766376,3.819392
medical,bloodmnist_224,test,2289,4,3,-28.719955,-2.188862
medical,bloodmnist_224,test,2290,2,3,-43.196964,-1.397381
medical,bloodmnist_224,test,2291,7,3,-14.383920,50.036987
medical,bloodmnist_224,test,2292,3,3,-14.974442,-19.722099
medical,bloodmnist_224,test,2293,3,3,24.847170,24.042315
medical,bloodmnist_224,test,2294,7,3,-31.055674,38.558521
medical,bloodmnist_224,test,2295,3,3,7.594322,28.791784
medical,bloodmnist_224,test,2296,2,3,-35.472588,-8.440873
medical,bloodmnist_224,test,2297,1,3,18.245342,-28.868053
medical,bloodmnist_224,test,2298,1,3,27.353447,-23.475000
medical,bloodmnist_224,test,2299,0,0,45.704048,-4.094678
medical,bloodmnist_224,test,2300,3,3,6.441414,6.431924
medical,bloodmnist_224,test,2301,7,3,-19.034849,50.361374
medical,bloodmnist_224,test,2302,1,3,12.394759,-34.159199
medical,bloodmnist_224,test,2303,2,3,-4.441363,14.556918
medical,bloodmnist_224,test,2304,1,3,21.078911,-16.838871
medical,bloodmnist_224,test,2305,1,3,4.843917,-28.888052
medical,bloodmnist_224,test,2306,6,3,9.328241,-34.498581
medical,bloodmnist_224,test,2307,3,3,17.823631,13.811558
medical,bloodmnist_224,test,2308,1,3,28.624046,1.380540
medical,bloodmnist_224,test,2309,3,3,4.536364,24.641630
medical,bloodmnist_224,test,2310,3,3,21.720425,26.895882
medical,bloodmnist_224,test,2311,5,3,30.052595,4.766163
medical,bloodmnist_224,test,2312,1,3,19.258818,-22.571558
medical,bloodmnist_224,test,2313,7,3,-30.181124,42.714863
medical,bloodmnist_224,test,2314,1,3,12.565697,-22.853601
medical,bloodmnist_224,test,2315,3,3,19.609196,15.075771
medical,bloodmnist_224,test,2316,1,3,15.285835,-24.169300
medical,bloodmnist_224,test,2317,2,3,-26.420298,3.073256
medical,bloodmnist_224,test,2318,7,3,-33.474510,43.277672
medical,bloodmnist_224,test,2319,2,3,-16.814690,2.730638
medical,bloodmnist_224,test,2320,3,3,1.421948,17.511921
medical,bloodmnist_224,test,2321,5,3,26.244913,19.640985
medical,bloodmnist_224,test,2322,3,3,16.344683,10.048874
medical,bloodmnist_224,test,2323,1,3,21.661161,-22.661425
medical,bloodmnist_224,test,2324,3,3,17.024218,28.599785
medical,bloodmnist_224,test,2325,4,3,-26.609928,-2.023534
medical,bloodmnist_224,test,2326,7,3,-28.690014,35.633797
medical,bloodmnist_224,test,2327,2,3,-42.377701,-1.344670
medical,bloodmnist_224,test,2328,1,3,10.919662,-10.622423
medical,bloodmnist_224,test,2329,3,3,15.948971,23.239859
medical,bloodmnist_224,test,2330,7,3,-31.827536,37.992371
medical,bloodmnist_224,test,2331,7,3,-28.369081,35.152130
medical,bloodmnist_224,test,2332,3,3,24.909632,9.111627
medical,bloodmnist_224,test,2333,3,3,-2.988152,7.925578
medical,bloodmnist_224,test,2334,5,3,4.362355,24.376141
medical,bloodmnist_224,test,2335,1,3,17.002264,-18.833904
medical,bloodmnist_224,test,2336,6,3,-13.930676,-32.849899
medical,bloodmnist_224,test,2337,4,3,-23.767040,-3.695273
medical,bloodmnist_224,test,2338,6,3,-0.133528,-29.635988
medical,bloodmnist_224,test,2339,5,3,3.421457,23.649599
medical,bloodmnist_224,test,2340,5,3,20.439461,21.332880
medical,bloodmnist_224,test,2341,1,3,16.615675,-26.268066
medical,bloodmnist_224,test,2342,1,3,25.221155,-27.367958
medical,bloodmnist_224,test,2343,1,3,19.219654,-10.443389
medical,bloodmnist_224,test,2344,3,3,1.881002,10.719460
medical,bloodmnist_224,test,2345,6,3,-16.730646,-31.096828
medical,bloodmnist_224,test,2346,4,0,-41.558262,-6.307344
medical,bloodmnist_224,test,2347,3,3,12.696554,19.926863
medical,bloodmnist_224,test,2348,7,3,-22.277908,36.309120
medical,bloodmnist_224,test,2349,3,3,23.078531,21.144157
medical,bloodmnist_224,test,2350,1,3,13.884089,-13.553572
medical,bloodmnist_224,test,2351,6,3,-11.388203,-41.049240
medical,bloodmnist_224,test,2352,6,3,2.457535,-6.777014
medical,bloodmnist_224,test,2353,1,3,-6.222456,-35.606853
medical,bloodmnist_224,test,2354,6,3,-7.165283,-23.913986
medical,bloodmnist_224,test,2355,3,3,21.433285,7.850991
medical,bloodmnist_224,test,2356,2,3,-28.583273,-6.686372
medical,bloodmnist_224,test,2357,2,3,-5.000690,7.828350
medical,bloodmnist_224,test,2358,4,3,-20.924582,-1.129024
medical,bloodmnist_224,test,2359,0,0,44.534401,-6.984654
medical,bloodmnist_224,test,2360,1,3,23.456444,-13.238675
medical,bloodmnist_224,test,2361,3,3,9.041059,0.267141
medical,bloodmnist_224,test,2362,6,3,-2.393001,-36.524738
medical,bloodmnist_224,test,2363,3,3,-27.288082,-10.136766
medical,bloodmnist_224,test,2364,3,3,9.847702,27.702845
medical,bloodmnist_224,test,2365,1,3,25.663538,-19.235094
medical,bloodmnist_224,test,2366,7,0,-31.199793,34.256851
medical,bloodmnist_224,test,2367,7,3,-30.454887,37.802681
medical,bloodmnist_224,test,2368,1,3,10.031657,-10.458038
medical,bloodmnist_224,test,2369,3,3,-2.229165,6.694554
medical,bloodmnist_224,test,2370,7,3,-34.007484,46.857681
medical,bloodmnist_224,test,2371,1,3,19.823843,-9.141351
medical,bloodmnist_224,test,2372,1,3,18.469797,-28.090765
medical,bloodmnist_224,test,2373,1,3,7.206714,-28.655407
medical,bloodmnist_224,test,2374,5,3,29.299805,14.803547
medical,bloodmnist_224,test,2375,1,3,2.560422,-18.186790
medical,bloodmnist_224,test,2376,7,3,-17.786291,47.625587
medical,bloodmnist_224,test,2377,1,3,22.403215,-27.476574
medical,bloodmnist_224,test,2378,4,3,-19.809916,-1.806346
medical,bloodmnist_224,test,2379,1,3,21.413948,-16.669415
medical,bloodmnist_224,test,2380,6,3,10.793642,-17.769947
medical,bloodmnist_224,test,2381,5,3,30.677000,2.334021
medical,bloodmnist_224,test,2382,1,3,-10.931857,-18.192184
medical,bloodmnist_224,test,2383,0,3,31.689325,-4.338490
medical,bloodmnist_224,test,2384,6,3,3.101151,-11.231321
medical,bloodmnist_224,test,2385,4,3,-27.263020,2.544613
medical,bloodmnist_224,test,2386,6,3,-6.012358,-22.779341
medical,bloodmnist_224,test,2387,2,3,-34.415340,6.868877
medical,bloodmnist_224,test,2388,5,3,21.384418,13.344376
medical,bloodmnist_224,test,2389,4,3,-28.132246,-6.785425
medical,bloodmnist_224,test,2390,3,3,22.735434,9.504443
medical,bloodmnist_224,test,2391,5,3,5.231445,19.876078
medical,bloodmnist_224,test,2392,7,3,-30.331593,39.891243
medical,bloodmnist_224,test,2393,7,3,-28.242710,39.621353
medical,bloodmnist_224,test,2394,4,3,-25.094707,-1.545415
medical,bloodmnist_224,test,2395,1,3,13.312694,-31.573795
medical,bloodmnist_224,test,2396,6,3,1.443344,-26.807041
medical,bloodmnist_224,test,2397,6,3,1.773281,-10.660672
medical,bloodmnist_224,test,2398,6,3,-14.323735,-33.339783
medical,bloodmnist_224,test,2399,6,3,-9.560106,-31.922340
medical,bloodmnist_224,test,2400,7,3,-20.599422,52.071434
medical,bloodmnist_224,test,2401,1,3,23.174416,-32.227562
medical,bloodmnist_224,test,2402,3,3,6.601436,7.584556
medical,bloodmnist_224,test,2403,0,3,41.014832,-4.212931
medical,bloodmnist_224,test,2404,3,3,21.534567,6.643341
medical,bloodmnist_224,test,2405,6,3,-7.447367,-24.925575
medical,bloodmnist_224,test,2406,6,3,5.191247,-21.637968
medical,bloodmnist_224,test,2407,6,3,5.148064,-20.548220
medical,bloodmnist_224,test,2408,3,3,-1.327110,3.380066
medical,bloodmnist_224,test,2409,1,3,5.699045,-11.063907
medical,bloodmnist_224,test,2410,3,3,4.647672,16.515741
medical,bloodmnist_224,test,2411,1,3,18.024384,-16.220617
medical,bloodmnist_224,test,2412,2,3,-45.219273,-5.916702
medical,bloodmnist_224,test,2413,1,3,21.954796,-27.634079
medical,bloodmnist_224,test,2414,2,3,-39.510189,2.082900
medical,bloodmnist_224,test,2415,3,3,16.863298,22.644947
medical,bloodmnist_224,test,2416,3,3,-0.479325,11.134360
medical,bloodmnist_224,test,2417,2,3,-12.305853,-14.056799
medical,bloodmnist_224,test,2418,6,0,-15.284152,-40.016472
medical,bloodmnist_224,test,2419,2,3,-33.756580,-8.256798
medical,bloodmnist_224,test,2420,1,3,-9.720433,-40.810513
medical,bloodmnist_224,test,2421,7,3,-12.880678,47.253471
medical,bloodmnist_224,test,2422,1,3,15.794982,-29.188000
medical,bloodmnist_224,test,2423,0,3,39.371296,-4.501649
medical,bloodmnist_224,test,2424,3,3,11.809815,28.109415
medical,bloodmnist_224,test,2425,1,3,24.022177,-15.550580
medical,bloodmnist_224,test,2426,5,3,21.652754,15.411222
medical,bloodmnist_224,test,2427,3,3,4.796306,8.907079
medical,bloodmnist_224,test,2428,3,3,8.261664,8.988646
medical,bloodmnist_224,test,2429,2,3,-34.161575,-10.896062
medical,bloodmnist_224,test,2430,4,3,-22.426851,3.210504
medical,bloodmnist_224,test,2431,1,3,23.131460,-17.481564
medical,bloodmnist_224,test,2432,4,0,-28.735809,-7.198486
medical,bloodmnist_224,test,2433,0,0,48.507595,-7.036036
medical,bloodmnist_224,test,2434,3,3,0.361763,-8.468687
medical,bloodmnist_224,test,2435,2,3,-35.704563,-9.173676
medical,bloodmnist_224,test,2436,4,3,-25.711267,1.860058
medical,bloodmnist_224,test,2437,6,0,-14.890502,-39.041927
medical,bloodmnist_224,test,2438,0,3,39.854534,1.581573
medical,bloodmnist_224,test,2439,6,3,0.866246,-9.763838
medical,bloodmnist_224,test,2440,6,0,-16.466869,-36.591568
medical,bloodmnist_224,test,2441,3,3,8.089214,21.204609
medical,bloodmnist_224,test,2442,1,3,28.205006,-29.624418
medical,bloodmnist_224,test,2443,1,3,11.728791,-24.971556
medical,bloodmnist_224,test,2444,7,3,-14.572567,44.079945
medical,bloodmnist_224,test,2445,0,3,31.857914,1.600439
medical,bloodmnist_224,test,2446,1,3,19.586918,-32.132812
medical,bloodmnist_224,test,2447,5,3,28.082581,15.775827
medical,bloodmnist_224,test,2448,3,3,-0.293001,4.813303
medical,bloodmnist_224,test,2449,4,3,-19.342171,2.275664
medical,bloodmnist_224,test,2450,6,3,-19.975964,-33.188782
medical,bloodmnist_224,test,2451,7,3,-33.581303,44.955933
medical,bloodmnist_224,test,2452,7,3,-30.520784,40.306107
medical,bloodmnist_224,test,2453,3,3,1.867543,18.513613
medical,bloodmnist_224,test,2454,1,3,21.610332,-18.325249
medical,bloodmnist_224,test,2455,5,3,26.317495,10.244251
medical,bloodmnist_224,test,2456,5,3,24.877695,18.431078
medical,bloodmnist_224,test,2457,3,3,7.078983,-0.524586
medical,bloodmnist_224,test,2458,0,0,47.530949,-5.205418
medical,bloodmnist_224,test,2459,1,3,16.096865,-14.238446
medical,bloodmnist_224,test,2460,2,3,-5.335405,-14.162178
medical,bloodmnist_224,test,2461,4,3,-24.647278,-1.399138
medical,bloodmnist_224,test,2462,6,3,-10.590915,-36.196136
medical,bloodmnist_224,test,2463,3,3,10.355344,21.601519
medical,bloodmnist_224,test,2464,6,3,-10.600324,-29.670610
medical,bloodmnist_224,test,2465,5,3,27.663807,10.476858
medical,bloodmnist_224,test,2466,6,3,-12.145054,-27.354242
medical,bloodmnist_224,test,2467,3,3,14.767385,22.785223
medical,bloodmnist_224,test,2468,7,3,-28.700739,37.388416
medical,bloodmnist_224,test,2469,6,3,-11.868260,-39.737259
medical,bloodmnist_224,test,2470,3,3,30.153509,3.777372
medical,bloodmnist_224,test,2471,2,3,-43.267323,-3.750199
medical,bloodmnist_224,test,2472,7,3,-20.872322,50.647575
medical,bloodmnist_224,test,2473,0,3,41.107254,-5.448460
medical,bloodmnist_224,test,2474,0,3,42.021400,-3.851956
medical,bloodmnist_224,test,2475,5,3,0.652321,19.221729
medical,bloodmnist_224,test,2476,7,3,-15.746110,47.583710
medical,bloodmnist_224,test,2477,1,3,7.058034,-26.373331
medical,bloodmnist_224,test,2478,1,3,23.784405,-33.864330
medical,bloodmnist_224,test,2479,5,3,4.066862,20.529205
medical,bloodmnist_224,test,2480,1,3,25.781927,-27.157917
medical,bloodmnist_224,test,2481,6,3,-5.746450,-31.481457
medical,bloodmnist_224,test,2482,3,3,7.803159,-6.590826
medical,bloodmnist_224,test,2483,0,3,38.525352,-4.147607
medical,bloodmnist_224,test,2484,2,3,-44.196239,-6.263268
medical,bloodmnist_224,test,2485,5,3,26.081623,5.343494
medical,bloodmnist_224,test,2486,1,3,8.005836,-12.863867
medical,bloodmnist_224,test,2487,1,3,10.695464,-19.619116
medical,bloodmnist_224,test,2488,0,0,47.115589,-1.954202
medical,bloodmnist_224,test,2489,3,3,13.818687,9.880278
medical,bloodmnist_224,test,2490,3,3,22.555305,18.384630
medical,bloodmnist_224,test,2491,1,3,19.457016,-23.158297
medical,bloodmnist_224,test,2492,6,3,0.165955,-30.918861
medical,bloodmnist_224,test,2493,4,3,-25.877316,-2.881979
medical,bloodmnist_224,test,2494,5,3,21.107430,18.422165
medical,bloodmnist_224,test,2495,6,3,-0.069626,-24.484480
medical,bloodmnist_224,test,2496,1,3,20.055719,-21.018787
medical,bloodmnist_224,test,2497,0,3,43.595306,-2.467628
medical,bloodmnist_224,test,2498,3,3,4.225446,15.034916
medical,bloodmnist_224,test,2499,7,3,-20.926683,34.455814
medical,bloodmnist_224,test,2500,1,3,2.796159,-8.312625
medical,bloodmnist_224,test,2501,0,0,47.685753,-3.351072
medical,bloodmnist_224,test,2502,7,3,-18.317465,46.364063
medical,bloodmnist_224,test,2503,2,3,-38.007427,2.382185
medical,bloodmnist_224,test,2504,1,3,20.986031,-29.851494
medical,bloodmnist_224,test,2505,7,3,-23.275454,39.865105
medical,bloodmnist_224,test,2506,3,3,-17.341352,-18.915709
medical,bloodmnist_224,test,2507,3,3,2.560200,21.892319
medical,bloodmnist_224,test,2508,7,3,-32.690769,45.506981
medical,bloodmnist_224,test,2509,6,3,-14.570984,-27.637110
medical,bloodmnist_224,test,2510,6,3,-3.965061,-31.868055
medical,bloodmnist_224,test,2511,5,3,24.523092,16.423813
medical,bloodmnist_224,test,2512,2,3,30.250132,0.189784
medical,bloodmnist_224,test,2513,1,3,4.287061,-27.710962
medical,bloodmnist_224,test,2514,1,3,24.013874,-27.379578
medical,bloodmnist_224,test,2515,3,3,-3.779912,13.834529
medical,bloodmnist_224,test,2516,1,3,17.386526,-18.220003
medical,bloodmnist_224,test,2517,6,3,-5.353974,-38.984318
medical,bloodmnist_224,test,2518,0,0,46.706215,-4.163438
medical,bloodmnist_224,test,2519,0,3,-18.222540,2.071494
medical,bloodmnist_224,test,2520,7,3,-20.475901,42.666237
medical,bloodmnist_224,test,2521,6,3,-7.401994,-36.020161
medical,bloodmnist_224,test,2522,5,3,20.692940,8.749428
medical,bloodmnist_224,test,2523,7,3,-20.274368,40.634563
medical,bloodmnist_224,test,2524,2,3,0.946764,21.523914
medical,bloodmnist_224,test,2525,4,0,-27.910347,-6.871603
medical,bloodmnist_224,test,2526,6,3,-13.443308,-17.778557
medical,bloodmnist_224,test,2527,7,3,-27.382732,37.195694
medical,bloodmnist_224,test,2528,6,3,-3.517829,-30.733334
medical,bloodmnist_224,test,2529,6,3,-3.671113,-22.387955
medical,bloodmnist_224,test,2530,7,3,-25.648945,33.704556
medical,bloodmnist_224,test,2531,3,3,7.398247,10.421874
medical,bloodmnist_224,test,2532,1,3,15.066037,-25.611269
medical,bloodmnist_224,test,2533,6,3,-14.536173,-28.065207
medical,bloodmnist_224,test,2534,5,3,25.263344,12.808470
medical,bloodmnist_224,test,2535,1,3,25.471914,-14.855165
medical,bloodmnist_224,test,2536,3,3,9.532470,20.527065
medical,bloodmnist_224,test,2537,3,3,2.588942,4.575424
medical,bloodmnist_224,test,2538,3,3,15.786503,6.678343
medical,bloodmnist_224,test,2539,6,3,16.152437,-12.095042
medical,bloodmnist_224,test,2540,6,3,-13.920905,-25.087280
medical,bloodmnist_224,test,2541,7,0,-31.920841,34.180183
medical,bloodmnist_224,test,2542,6,3,-11.665452,-25.317310
medical,bloodmnist_224,test,2543,1,3,13.267430,-9.497622
medical,bloodmnist_224,test,2544,3,3,10.794273,17.255545
medical,bloodmnist_224,test,2545,1,3,17.533485,-15.317874
medical,bloodmnist_224,test,2546,7,3,-14.942216,47.135075
medical,bloodmnist_224,test,2547,5,3,28.996220,14.530967
medical,bloodmnist_224,test,2548,4,3,-19.991529,2.237959
medical,bloodmnist_224,test,2549,5,3,19.272800,13.037096
medical,bloodmnist_224,test,2550,3,3,-17.529240,-2.403368
medical,bloodmnist_224,test,2551,1,3,20.296001,-24.203949
medical,bloodmnist_224,test,2552,7,3,-30.083897,36.735222
medical,bloodmnist_224,test,2553,3,3,30.478992,2.564425
medical,bloodmnist_224,test,2554,1,3,25.596413,-20.929337
medical,bloodmnist_224,test,2555,1,3,13.922892,-28.952135
medical,bloodmnist_224,test,2556,2,3,-34.915356,7.000284
medical,bloodmnist_224,test,2557,2,3,-41.609287,1.932041
medical,bloodmnist_224,test,2558,6,3,-7.647617,-36.432247
medical,bloodmnist_224,test,2559,2,3,-43.570343,0.776956
medical,bloodmnist_224,test,2560,3,3,13.824871,29.056364
medical,bloodmnist_224,test,2561,6,3,18.209648,-21.746534
medical,bloodmnist_224,test,2562,3,3,23.277370,25.313839
medical,bloodmnist_224,test,2563,6,3,-1.065625,-23.326992
medical,bloodmnist_224,test,2564,1,3,9.754667,-30.939983
medical,bloodmnist_224,test,2565,6,3,12.898081,-4.234561
medical,bloodmnist_224,test,2566,1,3,24.154390,-28.183228
medical,bloodmnist_224,test,2567,3,3,8.789102,7.556443
medical,bloodmnist_224,test,2568,3,3,13.148682,30.944569
medical,bloodmnist_224,test,2569,3,3,27.276722,6.081429
medical,bloodmnist_224,test,2570,2,3,-41.378166,-2.152040
medical,bloodmnist_224,test,2571,3,3,5.950449,-9.770155
medical,bloodmnist_224,test,2572,3,3,11.115790,10.065123
medical,bloodmnist_224,test,2573,6,3,-15.417654,-32.141785
medical,bloodmnist_224,test,2574,2,3,-41.631020,3.796684
medical,bloodmnist_224,test,2575,4,3,-21.089737,-2.076386
medical,bloodmnist_224,test,2576,6,3,-6.771481,-26.598351
medical,bloodmnist_224,test,2577,7,3,-28.609892,51.834488
medical,bloodmnist_224,test,2578,5,3,8.700213,21.793871
medical,bloodmnist_224,test,2579,7,3,-31.884769,45.176849
medical,bloodmnist_224,test,2580,0,3,-21.245262,-8.132084
medical,bloodmnist_224,test,2581,3,3,9.279998,30.161955
medical,bloodmnist_224,test,2582,1,3,7.558716,-32.425896
medical,bloodmnist_224,test,2583,1,3,18.767096,-19.057379
medical,bloodmnist_224,test,2584,7,3,-26.944443,32.601547
medical,bloodmnist_224,test,2585,5,3,19.705067,18.902479
medical,bloodmnist_224,test,2586,7,3,-13.843852,48.159622
medical,bloodmnist_224,test,2587,0,3,34.059933,1.697315
medical,bloodmnist_224,test,2588,2,3,-35.995327,1.111174
medical,bloodmnist_224,test,2589,1,3,10.301446,-18.933214
medical,bloodmnist_224,test,2590,7,3,-14.306231,46.174038
medical,bloodmnist_224,test,2591,1,3,0.773671,-16.267506
medical,bloodmnist_224,test,2592,2,3,-42.575298,1.065932
medical,bloodmnist_224,test,2593,3,3,6.175340,17.025448
medical,bloodmnist_224,test,2594,2,3,-44.713261,-6.052170
medical,bloodmnist_224,test,2595,5,3,3.475995,23.212181
medical,bloodmnist_224,test,2596,1,3,20.151480,-15.778722
medical,bloodmnist_224,test,2597,4,3,-20.791389,0.148640
medical,bloodmnist_224,test,2598,6,3,-17.662334,-34.853149
medical,bloodmnist_224,test,2599,2,3,-32.769592,-10.437181
medical,bloodmnist_224,test,2600,7,3,-17.211370,46.963196
medical,bloodmnist_224,test,2601,1,3,6.779120,-32.408939
medical,bloodmnist_224,test,2602,3,3,5.191005,12.730871
medical,bloodmnist_224,test,2603,0,0,43.883614,-4.605132
medical,bloodmnist_224,test,2604,3,3,24.947260,14.082002
medical,bloodmnist_224,test,2605,4,3,-34.312767,1.208153
medical,bloodmnist_224,test,2606,7,3,-27.368780,39.156750
medical,bloodmnist_224,test,2607,6,3,-14.195418,-27.289827
medical,bloodmnist_224,test,2608,4,3,-23.418604,1.918711
medical,bloodmnist_224,test,2609,6,3,0.712961,-8.982347
medical,bloodmnist_224,test,2610,0,3,40.772293,0.089714
medical,bloodmnist_224,test,2611,1,3,7.284394,-31.441544
medical,bloodmnist_224,test,2612,2,3,-43.668240,-3.358115
medical,bloodmnist_224,test,2613,6,3,-17.500654,-24.069839
medical,bloodmnist_224,test,2614,3,3,18.764944,16.015633
medical,bloodmnist_224,test,2615,1,3,17.782894,-34.529415
medical,bloodmnist_224,test,2616,4,3,-28.151636,-3.055758
medical,bloodmnist_224,test,2617,3,3,8.823713,27.587439
medical,bloodmnist_224,test,2618,1,3,7.008287,-27.184473
medical,bloodmnist_224,test,2619,7,3,-26.409626,33.145401
medical,bloodmnist_224,test,2620,6,3,26.527256,-16.475662
medical,bloodmnist_224,test,2621,3,3,6.502122,16.032427
medical,bloodmnist_224,test,2622,2,3,-33.379089,7.378935
medical,bloodmnist_224,test,2623,4,3,-23.565109,-1.821127
medical,bloodmnist_224,test,2624,6,3,-15.943141,-27.553013
medical,bloodmnist_224,test,2625,6,0,-15.608550,-42.038090
medical,bloodmnist_224,test,2626,1,3,13.060069,-22.511560
medical,bloodmnist_224,test,2627,7,3,-31.241711,32.108501
medical,bloodmnist_224,test,2628,2,3,-44.813477,0.022451
medical,bloodmnist_224,test,2629,3,3,15.417087,25.968657
medical,bloodmnist_224,test,2630,3,3,8.282845,19.212681
medical,bloodmnist_224,test,2631,1,3,23.086035,-16.703987
medical,bloodmnist_224,test,2632,3,3,9.821770,2.644750
medical,bloodmnist_224,test,2633,1,3,2.242442,-33.638882
medical,bloodmnist_224,test,2634,6,3,-4.212669,-17.410269
medical,bloodmnist_224,test,2635,3,3,10.338718,27.015444
medical,bloodmnist_224,test,2636,3,3,14.710913,23.912481
medical,bloodmnist_224,test,2637,7,3,-21.288651,49.713791
medical,bloodmnist_224,test,2638,3,3,18.810696,25.924566
medical,bloodmnist_224,test,2639,5,3,17.761494,11.057738
medical,bloodmnist_224,test,2640,6,3,6.769686,-7.209269
medical,bloodmnist_224,test,2641,1,3,10.932328,-27.544151
medical,bloodmnist_224,test,2642,4,3,-29.222399,-2.354376
medical,bloodmnist_224,test,2643,2,3,-3.134300,14.591045
medical,bloodmnist_224,test,2644,5,3,29.328913,12.498772
medical,bloodmnist_224,test,2645,6,3,-33.042622,-13.286627
medical,bloodmnist_224,test,2646,4,3,-15.648385,1.780848
medical,bloodmnist_224,test,2647,6,3,-18.478527,-32.462746
medical,bloodmnist_224,test,2648,3,3,22.981281,23.100649
medical,bloodmnist_224,test,2649,5,3,8.242490,15.080665
medical,bloodmnist_224,test,2650,6,3,-2.758105,-21.289667
medical,bloodmnist_224,test,2651,6,3,6.708038,-20.511858
medical,bloodmnist_224,test,2652,1,3,3.562351,-12.457195
medical,bloodmnist_224,test,2653,6,3,-14.823523,-32.193981
medical,bloodmnist_224,test,2654,7,3,-31.430073,37.156345
medical,bloodmnist_224,test,2655,1,3,11.790852,-33.044266
medical,bloodmnist_224,test,2656,6,3,-15.324908,-32.331387
medical,bloodmnist_224,test,2657,2,3,-35.698097,3.520167
medical,bloodmnist_224,test,2658,1,3,13.826604,-26.301271
medical,bloodmnist_224,test,2659,1,3,28.747789,-2.900880
medical,bloodmnist_224,test,2660,7,3,-18.751614,40.578869
medical,bloodmnist_224,test,2661,1,3,-0.106414,-9.247793
medical,bloodmnist_224,test,2662,3,3,16.833990,10.232502
medical,bloodmnist_224,test,2663,7,3,-24.013123,42.721233
medical,bloodmnist_224,test,2664,0,3,33.382324,2.273335
medical,bloodmnist_224,test,2665,7,3,-31.318806,40.638386
medical,bloodmnist_224,test,2666,4,3,-18.086679,2.970447
medical,bloodmnist_224,test,2667,1,3,11.498748,-29.090366
medical,bloodmnist_224,test,2668,4,3,-31.986376,-2.504211
medical,bloodmnist_224,test,2669,3,3,9.300494,25.910358
medical,bloodmnist_224,test,2670,4,3,-25.260305,-0.705488
medical,bloodmnist_224,test,2671,1,3,7.674082,-32.140285
medical,bloodmnist_224,test,2672,2,3,-42.550114,-2.091746
medical,bloodmnist_224,test,2673,1,3,4.666391,-11.471004
medical,bloodmnist_224,test,2674,6,3,-9.134248,-34.395054
medical,bloodmnist_224,test,2675,1,3,23.747898,-31.081816
medical,bloodmnist_224,test,2676,1,3,0.032164,-6.967181
medical,bloodmnist_224,test,2677,6,3,-5.421097,-10.755430
medical,bloodmnist_224,test,2678,6,3,-2.559297,-17.133347
medical,bloodmnist_224,test,2679,3,3,3.432925,9.162179
medical,bloodmnist_224,test,2680,1,3,23.009920,-30.587154
medical,bloodmnist_224,test,2681,1,3,16.515821,-26.394917
medical,bloodmnist_224,test,2682,7,3,-16.070204,47.217842
medical,bloodmnist_224,test,2683,6,3,-18.761610,-28.237949
medical,bloodmnist_224,test,2684,1,3,27.062788,-22.194984
medical,bloodmnist_224,test,2685,3,3,19.298595,5.915134
medical,bloodmnist_224,test,2686,4,3,-19.279778,-17.346699
medical,bloodmnist_224,test,2687,1,3,17.749504,-10.982135
medical,bloodmnist_224,test,2688,4,3,-20.866594,0.930813
medical,bloodmnist_224,test,2689,2,3,-35.711975,-8.079953
medical,bloodmnist_224,test,2690,5,3,3.834532,20.071236
medical,bloodmnist_224,test,2691,1,3,12.498513,-30.773197
medical,bloodmnist_224,test,2692,6,3,-1.698576,-34.848747
medical,bloodmnist_224,test,2693,4,3,-32.131527,-3.737759
medical,bloodmnist_224,test,2694,1,3,17.879194,-27.341440
medical,bloodmnist_224,test,2695,5,3,7.748955,28.499954
medical,bloodmnist_224,test,2696,6,3,-11.330656,-40.069145
medical,bloodmnist_224,test,2697,2,3,-42.258011,-2.784096
medical,bloodmnist_224,test,2698,7,3,-31.562170,36.843758
medical,bloodmnist_224,test,2699,1,3,24.760862,-26.553703
medical,bloodmnist_224,test,2700,7,3,-18.593872,44.978268
medical,bloodmnist_224,test,2701,0,3,42.384865,-4.888452
medical,bloodmnist_224,test,2702,1,3,21.447344,-33.493141
medical,bloodmnist_224,test,2703,6,3,-4.182211,-13.144648
medical,bloodmnist_224,test,2704,7,3,-24.029003,37.522877
medical,bloodmnist_224,test,2705,7,3,-23.508583,36.651283
medical,bloodmnist_224,test,2706,3,3,23.768326,24.523191
medical,bloodmnist_224,test,2707,5,3,31.335903,4.383198
medical,bloodmnist_224,test,2708,3,3,22.225712,22.922630
medical,bloodmnist_224,test,2709,5,3,28.414177,11.051907
medical,bloodmnist_224,test,2710,4,3,-4.994881,6.133090
medical,bloodmnist_224,test,2711,2,3,-35.547676,-5.542060
medical,bloodmnist_224,test,2712,1,3,24.158335,-29.909222
medical,bloodmnist_224,test,2713,0,0,43.570244,-5.420945
medical,bloodmnist_224,test,2714,0,3,40.238258,-0.984440
medical,bloodmnist_224,test,2715,6,3,-0.238709,-32.971272
medical,bloodmnist_224,test,2716,6,3,-18.706976,-35.294315
medical,bloodmnist_224,test,2717,1,3,9.974771,-32.339531
medical,bloodmnist_224,test,2718,1,3,18.692972,-19.845108
medical,bloodmnist_224,test,2719,2,3,-43.493462,1.882274
medical,bloodmnist_224,test,2720,6,3,2.247347,-13.039196
medical,bloodmnist_224,test,2721,0,0,42.381752,-7.069497
medical,bloodmnist_224,test,2722,6,3,-8.877001,-19.587858
medical,bloodmnist_224,test,2723,7,3,-22.029036,42.279797
medical,bloodmnist_224,test,2724,7,3,-23.054354,40.703754
medical,bloodmnist_224,test,2725,7,3,-31.482910,44.421341
medical,bloodmnist_224,test,2726,3,3,5.427092,12.403942
medical,bloodmnist_224,test,2727,7,3,-25.607828,48.764240
medical,bloodmnist_224,test,2728,3,3,16.183645,23.746918
medical,bloodmnist_224,test,2729,1,3,10.217247,-23.429039
medical,bloodmnist_224,test,2730,6,3,-11.802145,-13.862823
medical,bloodmnist_224,test,2731,2,3,-11.898455,-14.952385
medical,bloodmnist_224,test,2732,1,3,18.464233,-28.617737
medical,bloodmnist_224,test,2733,3,3,3.251330,8.399064
medical,bloodmnist_224,test,2734,0,3,41.844479,0.996325
medical,bloodmnist_224,test,2735,3,3,10.422029,18.218208
medical,bloodmnist_224,test,2736,4,3,-21.938179,-0.931415
medical,bloodmnist_224,test,2737,7,3,-29.204462,49.245239
medical,bloodmnist_224,test,2738,4,3,-16.071253,0.397140
medical,bloodmnist_224,test,2739,2,3,-39.971893,-5.396706
medical,bloodmnist_224,test,2740,3,3,14.754715,25.218632
medical,bloodmnist_224,test,2741,7,3,-22.903690,44.782314
medical,bloodmnist_224,test,2742,3,3,4.427869,6.464824
medical,bloodmnist_224,test,2743,0,0,45.647778,-7.286444
medical,bloodmnist_224,test,2744,1,3,5.667501,-11.510535
medical,bloodmnist_224,test,2745,5,3,20.694214,7.511438
medical,bloodmnist_224,test,2746,3,3,19.153645,21.118921
medical,bloodmnist_224,test,2747,6,3,-17.332962,-31.235594
medical,bloodmnist_224,test,2748,7,3,-20.505219,47.047802
medical,bloodmnist_224,test,2749,3,3,-1.021887,10.770407
medical,bloodmnist_224,test,2750,6,3,11.268991,1.098588
medical,bloodmnist_224,test,2751,3,3,9.544221,11.798793
medical,bloodmnist_224,test,2752,1,3,12.657770,-14.373894
medical,bloodmnist_224,test,2753,6,3,-5.693081,-9.399879
medical,bloodmnist_224,test,2754,6,3,-19.089447,-27.022240
medical,bloodmnist_224,test,2755,3,3,17.163050,13.898682
medical,bloodmnist_224,test,2756,5,3,26.649998,14.969064
medical,bloodmnist_224,test,2757,6,3,-6.104913,-15.117187
medical,bloodmnist_224,test,2758,6,3,-9.293043,-34.769958
medical,bloodmnist_224,test,2759,5,3,23.255241,11.101767
medical,bloodmnist_224,test,2760,5,3,4.135112,23.226887
medical,bloodmnist_224,test,2761,3,3,18.502604,24.428150
medical,bloodmnist_224,test,2762,6,3,-13.040717,-25.978935
medical,bloodmnist_224,test,2763,6,3,-2.889299,-22.356695
medical,bloodmnist_224,test,2764,2,3,-33.606537,2.755252
medical,bloodmnist_224,test,2765,0,0,46.862709,-6.593025
medical,bloodmnist_224,test,2766,3,3,16.964468,20.983879
medical,bloodmnist_224,test,2767,5,3,24.136065,7.513680
medical,bloodmnist_224,test,2768,3,3,13.110256,14.509746
medical,bloodmnist_224,test,2769,6,3,-18.315365,-28.773476
medical,bloodmnist_224,test,2770,4,3,-19.107948,0.722249
medical,bloodmnist_224,test,2771,3,3,18.899212,5.926271
medical,bloodmnist_224,test,2772,1,3,24.476967,-17.086123
medical,bloodmnist_224,test,2773,5,3,-5.196011,12.987156
medical,bloodmnist_224,test,2774,7,3,-26.505718,38.589970
medical,bloodmnist_224,test,2775,6,3,-13.357069,-24.263836
medical,bloodmnist_224,test,2776,3,3,11.819900,19.923515
medical,bloodmnist_224,test,2777,7,3,-33.442146,35.359978
medical,bloodmnist_224,test,2778,7,3,-18.468477,47.863411
medical,bloodmnist_224,test,2779,3,3,18.645586,14.658154
medical,bloodmnist_224,test,2780,5,3,18.857475,18.889223
medical,bloodmnist_224,test,2781,5,3,18.222727,27.548237
medical,bloodmnist_224,test,2782,1,3,9.126790,-7.513810
medical,bloodmnist_224,test,2783,1,3,-8.131660,-18.191828
medical,bloodmnist_224,test,2784,3,3,10.310830,13.038880
medical,bloodmnist_224,test,2785,1,3,23.894705,-31.702000
medical,bloodmnist_224,test,2786,4,3,-25.433926,-7.773449
medical,bloodmnist_224,test,2787,7,3,-26.337936,47.939774
medical,bloodmnist_224,test,2788,6,3,2.347714,-10.454591
medical,bloodmnist_224,test,2789,6,3,-16.705563,-34.442463
medical,bloodmnist_224,test,2790,4,3,-22.844196,-0.370353
medical,bloodmnist_224,test,2791,3,3,3.509046,9.976982
medical,bloodmnist_224,test,2792,7,3,-27.519506,39.934711
medical,bloodmnist_224,test,2793,1,3,14.695228,-22.396618
medical,bloodmnist_224,test,2794,0,0,47.517845,-7.343084
medical,bloodmnist_224,test,2795,5,3,5.000002,22.183123
medical,bloodmnist_224,test,2796,0,0,47.217857,-6.198385
medical,bloodmnist_224,test,2797,2,3,-45.404835,-3.561456
medical,bloodmnist_224,test,2798,6,3,-5.860118,-20.449604
medical,bloodmnist_224,test,2799,4,3,-22.542238,-1.969976
medical,bloodmnist_224,test,2800,3,3,-3.315350,2.965750
medical,bloodmnist_224,test,2801,3,3,25.453323,9.840915
medical,bloodmnist_224,test,2802,6,3,-3.078459,-27.317444
medical,bloodmnist_224,test,2803,6,3,-6.254257,-37.271530
medical,bloodmnist_224,test,2804,7,3,-32.083534,41.074551
medical,bloodmnist_224,test,2805,4,3,18.343792,6.266334
medical,bloodmnist_224,test,2806,1,3,19.045586,-14.422137
medical,bloodmnist_224,test,2807,7,3,-24.253090,37.765682
medical,bloodmnist_224,test,2808,6,3,-10.580263,-37.162979
medical,bloodmnist_224,test,2809,4,3,-23.872145,-6.426577
medical,bloodmnist_224,test,2810,1,3,22.266857,-14.053948
medical,bloodmnist_224,test,2811,2,3,-22.286964,6.121859
medical,bloodmnist_224,test,2812,2,3,-41.023735,-5.547492
medical,bloodmnist_224,test,2813,4,3,-25.280029,-2.950422
medical,bloodmnist_224,test,2814,3,3,28.358126,4.338622
medical,bloodmnist_224,test,2815,1,3,20.381969,-22.411835
medical,bloodmnist_224,test,2816,7,3,-28.936855,34.892712
medical,bloodmnist_224,test,2817,7,3,-24.489271,40.112106
medical,bloodmnist_224,test,2818,7,3,-21.608965,48.921474
medical,bloodmnist_224,test,2819,2,3,-43.356194,-7.994414
medical,bloodmnist_224,test,2820,5,3,28.837173,7.596790
medical,bloodmnist_224,test,2821,2,3,-37.684212,-0.227742
medical,bloodmnist_224,test,2822,2,3,-43.393627,-1.783188
medical,bloodmnist_224,test,2823,3,3,32.747471,13.593700
medical,bloodmnist_224,test,2824,1,3,15.759947,-19.177807
medical,bloodmnist_224,test,2825,1,3,12.908047,-28.242373
medical,bloodmnist_224,test,2826,1,3,7.468730,-34.190491
medical,bloodmnist_224,test,2827,6,3,-1.560288,-18.866913
medical,bloodmnist_224,test,2828,7,3,-23.357567,46.794003
medical,bloodmnist_224,test,2829,3,3,6.348421,5.943157
medical,bloodmnist_224,test,2830,3,3,13.161159,28.569841
medical,bloodmnist_224,test,2831,6,3,-17.003382,-41.567486
medical,bloodmnist_224,test,2832,6,3,-19.713264,-28.512028
medical,bloodmnist_224,test,2833,2,3,-36.453766,3.672104
medical,bloodmnist_224,test,2834,7,3,-23.585045,43.362881
medical,bloodmnist_224,test,2835,6,3,-6.092101,-13.022544
medical,bloodmnist_224,test,2836,6,3,-12.899107,-15.785131
medical,bloodmnist_224,test,2837,5,3,21.385391,8.126252
medical,bloodmnist_224,test,2838,1,3,13.876650,-14.286860
medical,bloodmnist_224,test,2839,1,3,20.921629,-21.821714
medical,bloodmnist_224,test,2840,1,3,6.190068,-17.296366
medical,bloodmnist_224,test,2841,2,3,-34.579342,-11.571335
medical,bloodmnist_224,test,2842,1,3,12.958677,-9.637951
medical,bloodmnist_224,test,2843,0,3,35.526871,-4.167469
medical,bloodmnist_224,test,2844,6,3,-14.161582,-33.708775
medical,bloodmnist_224,test,2845,3,3,22.125811,6.999235
medical,bloodmnist_224,test,2846,2,3,-35.073895,3.887002
medical,bloodmnist_224,test,2847,3,3,23.434967,-16.499178
medical,bloodmnist_224,test,2848,1,3,23.090935,-33.630936
medical,bloodmnist_224,test,2849,4,3,-27.722275,-2.020250
medical,bloodmnist_224,test,2850,4,3,-25.658480,-1.518564
medical,bloodmnist_224,test,2851,4,3,-40.879803,-6.329898
medical,bloodmnist_224,test,2852,4,3,-25.696476,-1.720450
medical,bloodmnist_224,test,2853,7,3,-29.003094,47.495384
medical,bloodmnist_224,test,2854,1,3,20.877111,-30.105640
medical,bloodmnist_224,test,2855,5,3,-6.294159,10.401122
medical,bloodmnist_224,test,2856,3,3,14.756179,17.249641
medical,bloodmnist_224,test,2857,2,3,-42.149300,-4.302094
medical,bloodmnist_224,test,2858,2,3,-42.244717,2.388988
medical,bloodmnist_224,test,2859,6,3,-13.246223,-32.382500
medical,bloodmnist_224,test,2860,1,3,26.593462,-22.599062
medical,bloodmnist_224,test,2861,6,3,-5.646901,-33.953445
medical,bloodmnist_224,test,2862,4,3,-31.089804,-4.003130
medical,bloodmnist_224,test,2863,7,3,-18.914589,42.827625
medical,bloodmnist_224,test,2864,2,3,-43.606960,2.773810
medical,bloodmnist_224,test,2865,3,3,22.188192,22.395527
medical,bloodmnist_224,test,2866,3,3,5.568777,15.141625
medical,bloodmnist_224,test,2867,7,3,-14.250574,45.627827
medical,bloodmnist_224,test,2868,7,0,-32.845066,31.205927
medical,bloodmnist_224,test,2869,3,3,11.944247,0.220689
medical,bloodmnist_224,test,2870,3,3,3.401884,12.528894
medical,bloodmnist_224,test,2871,1,3,5.298819,-28.992619
medical,bloodmnist_224,test,2872,0,3,40.864109,-2.358434
medical,bloodmnist_224,test,2873,6,3,-14.014285,-39.697487
medical,bloodmnist_224,test,2874,7,3,-22.918810,41.418510
medical,bloodmnist_224,test,2875,1,3,23.358421,-25.699520
medical,bloodmnist_224,test,2876,0,0,47.464058,-8.564300
medical,bloodmnist_224,test,2877,7,3,-28.173820,44.965054
medical,bloodmnist_224,test,2878,5,3,10.559829,24.498487
medical,bloodmnist_224,test,2879,2,3,-41.857071,2.130471
medical,bloodmnist_224,test,2880,2,3,-8.976000,-23.631842
medical,bloodmnist_224,test,2881,7,3,-24.349335,46.096001
medical,bloodmnist_224,test,2882,6,3,-18.003132,-25.586496
medical,bloodmnist_224,test,2883,5,3,24.254969,4.864425
medical,bloodmnist_224,test,2884,1,3,12.616624,-17.503931
medical,bloodmnist_224,test,2885,6,3,-2.478937,-32.399994
medical,bloodmnist_224,test,2886,5,3,21.587536,14.373722
medical,bloodmnist_224,test,2887,3,3,11.727568,23.525648
medical,bloodmnist_224,test,2888,6,3,-7.681167,-27.409988
medical,bloodmnist_224,test,2889,1,3,7.289904,-32.211403
medical,bloodmnist_224,test,2890,1,3,18.358389,-13.829049
medical,bloodmnist_224,test,2891,2,3,-42.276859,-5.876015
medical,bloodmnist_224,test,2892,5,3,29.040178,8.159115
medical,bloodmnist_224,test,2893,7,3,-26.852427,41.161922
medical,bloodmnist_224,test,2894,5,3,37.256355,2.458672
medical,bloodmnist_224,test,2895,4,3,-23.844378,-6.211159
medical,bloodmnist_224,test,2896,7,3,-27.079020,47.025303
medical,bloodmnist_224,test,2897,0,0,42.792637,-8.415457
medical,bloodmnist_224,test,2898,2,3,-44.701122,1.221496
medical,bloodmnist_224,test,2899,2,3,-37.316891,-0.841459
medical,bloodmnist_224,test,2900,6,3,-7.083524,-25.481369
medical,bloodmnist_224,test,2901,7,3,-19.597570,46.283901
medical,bloodmnist_224,test,2902,1,3,15.656746,-20.329016
medical,bloodmnist_224,test,2903,1,3,22.288103,-34.197556
medical,bloodmnist_224,test,2904,2,3,-38.114182,-1.627715
medical,bloodmnist_224,test,2905,0,3,45.506516,0.075758
medical,bloodmnist_224,test,2906,0,3,39.087646,-0.308361
medical,bloodmnist_224,test,2907,6,3,-7.308909,-40.490017
medical,bloodmnist_224,test,2908,2,3,-6.136637,10.113640
medical,bloodmnist_224,test,2909,7,3,-20.795067,42.515442
medical,bloodmnist_224,test,2910,1,3,17.807774,-32.936562
medical,bloodmnist_224,test,2911,2,0,-45.122322,-6.767960
medical,bloodmnist_224,test,2912,6,3,-17.280317,-23.647949
medical,bloodmnist_224,test,2913,2,3,-43.909286,-4.045333
medical,bloodmnist_224,test,2914,5,3,15.048450,6.570009
medical,bloodmnist_224,test,2915,1,3,21.402317,-24.246420
medical,bloodmnist_224,test,2916,6,0,-14.722920,-41.912521
medical,bloodmnist_224,test,2917,6,3,-14.232140,-19.652380
medical,bloodmnist_224,test,2918,6,3,-10.106310,-36.782978
medical,bloodmnist_224,test,2919,6,3,-13.379596,-13.980950
medical,bloodmnist_224,test,2920,5,3,30.780439,13.450524
medical,bloodmnist_224,test,2921,3,3,9.728918,28.512011
medical,bloodmnist_224,test,2922,2,3,-42.529743,-4.917779
medical,bloodmnist_224,test,2923,4,3,-3.669796,1.808579
medical,bloodmnist_224,test,2924,4,3,-29.553522,-6.219147
medical,bloodmnist_224,test,2925,5,3,26.740515,22.230448
medical,bloodmnist_224,test,2926,3,3,7.486004,18.182692
medical,bloodmnist_224,test,2927,6,3,-2.886083,-16.902807
medical,bloodmnist_224,test,2928,3,3,3.180925,11.707952
medical,bloodmnist_224,test,2929,7,3,-17.551924,47.311817
medical,bloodmnist_224,test,2930,2,3,-46.485359,0.232940
medical,bloodmnist_224,test,2931,1,3,18.169458,-32.643482
medical,bloodmnist_224,test,2932,6,3,5.966300,0.260812
medical,bloodmnist_224,test,2933,3,3,13.304741,25.752859
medical,bloodmnist_224,test,2934,1,3,17.052120,-32.997581
medical,bloodmnist_224,test,2935,5,3,5.832520,25.558655
medical,bloodmnist_224,test,2936,0,0,48.834980,-5.496577
medical,bloodmnist_224,test,2937,4,3,-32.218468,-5.281609
medical,bloodmnist_224,test,2938,7,3,-30.632917,35.038189
medical,bloodmnist_224,test,2939,2,3,5.413331,9.095389
medical,bloodmnist_224,test,2940,6,3,21.273434,-17.633619
medical,bloodmnist_224,test,2941,2,3,-4.638070,14.250082
medical,bloodmnist_224,test,2942,3,3,16.287775,4.725417
medical,bloodmnist_224,test,2943,1,3,19.341829,-27.913525
medical,bloodmnist_224,test,2944,4,3,-32.421227,-4.584670
medical,bloodmnist_224,test,2945,7,3,-23.234055,37.942184
medical,bloodmnist_224,test,2946,3,3,26.346384,9.331011
medical,bloodmnist_224,test,2947,6,3,-12.026937,-14.759293
medical,bloodmnist_224,test,2948,3,3,6.330015,14.254871
medical,bloodmnist_224,test,2949,6,3,-7.584301,-23.653591
medical,bloodmnist_224,test,2950,3,3,-2.177510,5.924025
medical,bloodmnist_224,test,2951,5,3,25.394625,15.576055
medical,bloodmnist_224,test,2952,1,3,11.970243,-16.960951
medical,bloodmnist_224,test,2953,3,3,12.951678,5.509900
medical,bloodmnist_224,test,2954,1,3,8.371902,-9.671618
medical,bloodmnist_224,test,2955,1,3,9.733209,-24.632593
medical,bloodmnist_224,test,2956,5,3,12.648086,9.195580
medical,bloodmnist_224,test,2957,7,3,-25.040184,43.722847
medical,bloodmnist_224,test,2958,6,3,-12.112000,-13.256436
medical,bloodmnist_224,test,2959,3,3,16.026756,10.763217
medical,bloodmnist_224,test,2960,3,3,10.813102,17.336088
medical,bloodmnist_224,test,2961,3,3,10.481131,-5.206234
medical,bloodmnist_224,test,2962,6,3,-17.305098,-21.061180
medical,bloodmnist_224,test,2963,4,3,-34.866989,1.774259
medical,bloodmnist_224,test,2964,7,3,-21.311804,33.699894
medical,bloodmnist_224,test,2965,1,3,14.712216,-10.776394
medical,bloodmnist_224,test,2966,0,0,47.803265,-6.065892
medical,bloodmnist_224,test,2967,0,0,46.656666,-3.636753
medical,bloodmnist_224,test,2968,3,3,23.479788,20.078232
medical,bloodmnist_224,test,2969,1,3,-0.078466,-24.751953
medical,bloodmnist_224,test,2970,6,3,6.275593,-20.733818
medical,bloodmnist_224,test,2971,1,3,15.107672,-21.618092
medical,bloodmnist_224,test,2972,5,3,27.899910,12.200865
medical,bloodmnist_224,test,2973,3,3,12.779146,29.816566
medical,bloodmnist_224,test,2974,1,3,19.220633,-23.196318
medical,bloodmnist_224,test,2975,6,3,-5.582712,-16.406363
medical,bloodmnist_224,test,2976,7,3,-19.645918,42.510860
medical,bloodmnist_224,test,2977,4,3,-15.093543,1.926473
medical,bloodmnist_224,test,2978,6,3,-3.618001,-23.270592
medical,bloodmnist_224,test,2979,5,3,25.888975,18.884031
medical,bloodmnist_224,test,2980,5,3,25.486597,12.355716
medical,bloodmnist_224,test,2981,2,3,-42.627987,2.932672
medical,bloodmnist_224,test,2982,6,3,-14.293138,-18.712660
medical,bloodmnist_224,test,2983,7,3,-19.910904,36.687359
medical,bloodmnist_224,test,2984,2,3,-43.825363,1.708131
medical,bloodmnist_224,test,2985,7,3,-16.640240,48.401123
medical,bloodmnist_224,test,2986,3,3,29.049656,18.660017
medical,bloodmnist_224,test,2987,0,3,38.443466,-4.988915
medical,bloodmnist_224,test,2988,2,3,-44.775719,-6.646465
medical,bloodmnist_224,test,2989,1,3,18.608383,-19.319811
medical,bloodmnist_224,test,2990,1,3,15.140697,-15.114489
medical,bloodmnist_224,test,2991,6,3,1.117512,-33.866974
medical,bloodmnist_224,test,2992,1,3,10.920135,-32.507469
medical,bloodmnist_224,test,2993,1,3,3.674859,-34.242207
medical,bloodmnist_224,test,2994,1,3,11.954947,-21.505894
medical,bloodmnist_224,test,2995,6,3,0.417542,-31.180143
medical,bloodmnist_224,test,2996,1,3,17.067741,-27.780960
medical,bloodmnist_224,test,2997,1,3,-9.784497,-37.251568
medical,bloodmnist_224,test,2998,5,3,4.120005,13.386600
medical,bloodmnist_224,test,2999,1,3,13.269880,-24.675098
medical,bloodmnist_224,test,3000,2,3,-35.061104,-11.283506
medical,bloodmnist_224,test,3001,1,3,-6.275955,-40.452888
medical,bloodmnist_224,test,3002,1,3,24.288973,-26.411554
medical,bloodmnist_224,test,3003,7,3,-22.015442,37.120411
medical,bloodmnist_224,test,3004,7,3,-31.228218,34.200123
medical,bloodmnist_224,test,3005,3,3,7.253257,21.868086
medical,bloodmnist_224,test,3006,3,3,17.221851,15.969667
medical,bloodmnist_224,test,3007,6,3,-2.332973,-25.705696
medical,bloodmnist_224,test,3008,6,3,-20.561424,-33.109970
medical,bloodmnist_224,test,3009,7,3,-17.541834,45.363464
medical,bloodmnist_224,test,3010,6,3,-6.052200,-13.034477
medical,bloodmnist_224,test,3011,7,3,-23.764898,38.988956
medical,bloodmnist_224,test,3012,6,3,-8.791200,-28.036213
medical,bloodmnist_224,test,3013,1,3,14.121435,17.596048
medical,bloodmnist_224,test,3014,6,0,-16.691935,-39.423138
medical,bloodmnist_224,test,3015,3,3,6.417753,14.245670
medical,bloodmnist_224,test,3016,7,3,-27.481010,48.123135
medical,bloodmnist_224,test,3017,3,3,-5.989994,-8.309701
medical,bloodmnist_224,test,3018,0,0,43.857025,-3.393992
medical,bloodmnist_224,test,3019,2,3,-35.583305,2.990433
medical,bloodmnist_224,test,3020,1,3,13.927920,-20.903410
medical,bloodmnist_224,test,3021,6,3,-12.841163,-30.116514
medical,bloodmnist_224,test,3022,6,3,-18.068445,-23.163105
medical,bloodmnist_224,test,3023,7,3,-26.097471,49.851948
medical,bloodmnist_224,test,3024,3,3,30.067284,8.705509
medical,bloodmnist_224,test,3025,3,3,0.919567,1.724049
medical,bloodmnist_224,test,3026,0,0,47.814186,-6.183901
medical,bloodmnist_224,test,3027,0,3,44.767254,-5.771766
medical,bloodmnist_224,test,3028,4,3,-31.312038,-5.297428
medical,bloodmnist_224,test,3029,7,3,-24.648577,36.858406
medical,bloodmnist_224,test,3030,6,3,-1.248334,-11.164858
medical,bloodmnist_224,test,3031,3,3,15.534307,3.625959
medical,bloodmnist_224,test,3032,4,3,-28.846533,-1.338606
medical,bloodmnist_224,test,3033,7,3,-20.748903,37.638577
medical,bloodmnist_224,test,3034,6,3,5.556564,-20.647789
medical,bloodmnist_224,test,3035,4,3,-7.407841,10.332467
medical,bloodmnist_224,test,3036,2,3,-41.022568,2.917423
medical,bloodmnist_224,test,3037,7,3,-19.427784,41.403942
medical,bloodmnist_224,test,3038,1,3,24.652998,-26.610733
medical,bloodmnist_224,test,3039,4,3,-17.879927,1.136766
medical,bloodmnist_224,test,3040,7,3,-18.521076,52.115185
medical,bloodmnist_224,test,3041,1,3,6.481680,-25.119898
medical,bloodmnist_224,test,3042,1,3,15.976914,-32.716648
medical,bloodmnist_224,test,3043,7,3,-32.096462,31.737219
medical,bloodmnist_224,test,3044,3,3,20.801262,22.449186
medical,bloodmnist_224,test,3045,0,3,35.076283,-5.881162
medical,bloodmnist_224,test,3046,4,3,-17.651112,2.315153
medical,bloodmnist_224,test,3047,3,3,1.085878,5.215061
medical,bloodmnist_224,test,3048,3,3,8.178650,16.938816
medical,bloodmnist_224,test,3049,7,3,-20.434864,34.130013
medical,bloodmnist_224,test,3050,7,3,-17.586206,51.547489
medical,bloodmnist_224,test,3051,1,3,9.132576,-34.748100
medical,bloodmnist_224,test,3052,3,3,32.670555,14.706306
medical,bloodmnist_224,test,3053,4,0,-26.072832,-7.525573
medical,bloodmnist_224,test,3054,6,3,-14.075982,-39.452400
medical,bloodmnist_224,test,3055,7,3,-33.323677,41.166718
medical,bloodmnist_224,test,3056,1,3,21.122707,-32.805317
medical,bloodmnist_224,test,3057,5,3,26.634766,13.904916
medical,bloodmnist_224,test,3058,6,3,1.401528,-8.955462
medical,bloodmnist_224,test,3059,1,3,10.719165,-27.624258
medical,bloodmnist_224,test,3060,2,3,-29.992018,-12.612662
medical,bloodmnist_224,test,3061,2,3,-39.223999,-3.042018
medical,bloodmnist_224,test,3062,1,3,3.131572,-13.284802
medical,bloodmnist_224,test,3063,1,3,4.451879,-27.029022
medical,bloodmnist_224,test,3064,3,3,16.459864,26.548193
medical,bloodmnist_224,test,3065,1,3,-0.357829,-15.784317
medical,bloodmnist_224,test,3066,2,3,-5.694747,7.444146
medical,bloodmnist_224,test,3067,7,3,-18.239101,49.985653
medical,bloodmnist_224,test,3068,7,3,-29.720694,35.061100
medical,bloodmnist_224,test,3069,3,3,22.945711,24.014069
medical,bloodmnist_224,test,3070,1,3,28.016685,-29.714520
medical,bloodmnist_224,test,3071,6,3,6.017410,5.543088
medical,bloodmnist_224,test,3072,3,3,-23.773499,30.517023
medical,bloodmnist_224,test,3073,0,0,44.309944,-2.927999
medical,bloodmnist_224,test,3074,2,3,-10.563156,-13.362868
medical,bloodmnist_224,test,3075,5,3,1.446985,13.183888
medical,bloodmnist_224,test,3076,7,3,-21.828604,44.982117
medical,bloodmnist_224,test,3077,3,3,-17.987072,-18.153582
medical,bloodmnist_224,test,3078,1,3,14.139459,-4.512656
medical,bloodmnist_224,test,3079,7,3,-21.603607,44.470509
medical,bloodmnist_224,test,3080,7,3,-27.181789,43.362560
medical,bloodmnist_224,test,3081,4,3,-32.621944,-4.767354
medical,bloodmnist_224,test,3082,1,3,14.109542,-22.214880
medical,bloodmnist_224,test,3083,3,3,24.872807,9.086257
medical,bloodmnist_224,test,3084,3,3,30.596563,3.542184
medical,bloodmnist_224,test,3085,0,0,47.386257,-6.192637
medical,bloodmnist_224,test,3086,3,3,19.326931,15.025068
medical,bloodmnist_224,test,3087,1,3,39.410439,-5.834063
medical,bloodmnist_224,test,3088,1,3,1.123695,-11.659958
medical,bloodmnist_224,test,3089,5,3,25.707191,5.289719
medical,bloodmnist_224,test,3090,2,3,-35.628513,-5.878745
medical,bloodmnist_224,test,3091,6,3,-11.032628,-18.381514
medical,bloodmnist_224,test,3092,6,3,-5.452990,-15.023167
medical,bloodmnist_224,test,3093,1,3,-0.142709,-15.920916
medical,bloodmnist_224,test,3094,6,3,-2.773932,-28.265917
medical,bloodmnist_224,test,3095,7,3,-32.663517,44.816166
medical,bloodmnist_224,test,3096,5,3,14.637036,13.439677
medical,bloodmnist_224,test,3097,0,3,38.653030,-1.003373
medical,bloodmnist_224,test,3098,4,3,-21.857126,1.436797
medical,bloodmnist_224,test,3099,7,3,-21.908800,43.177189
medical,bloodmnist_224,test,3100,0,3,34.940838,0.029840
medical,bloodmnist_224,test,3101,7,3,-24.983301,48.634407
medical,bloodmnist_224,test,3102,6,3,-13.971440,-28.126581
medical,bloodmnist_224,test,3103,7,3,-23.816381,33.912727
medical,bloodmnist_224,test,3104,5,3,-1.244722,15.652667
medical,bloodmnist_224,test,3105,0,0,44.916306,-3.441630
medical,bloodmnist_224,test,3106,1,3,19.915680,-21.156290
medical,bloodmnist_224,test,3107,7,3,-24.908333,35.651611
medical,bloodmnist_224,test,3108,4,3,-24.722496,-3.966208
medical,bloodmnist_224,test,3109,5,3,30.966463,10.793564
medical,bloodmnist_224,test,3110,6,3,8.980170,-14.674376
medical,bloodmnist_224,test,3111,6,3,-1.016817,-10.527789
medical,bloodmnist_224,test,3112,3,3,2.470443,18.268961
medical,bloodmnist_224,test,3113,1,3,14.475409,-35.707565
medical,bloodmnist_224,test,3114,6,3,-11.491118,-23.457001
medical,bloodmnist_224,test,3115,4,3,-26.200581,-1.687405
medical,bloodmnist_224,test,3116,6,3,-11.498416,-17.438122
medical,bloodmnist_224,test,3117,7,3,-30.714184,46.957108
medical,bloodmnist_224,test,3118,4,3,-24.080301,-1.181051
medical,bloodmnist_224,test,3119,4,0,-23.864668,-7.459331
medical,bloodmnist_224,test,3120,3,3,15.484865,3.964444
medical,bloodmnist_224,test,3121,7,3,-25.078400,46.347038
medical,bloodmnist_224,test,3122,6,3,-10.376274,-27.226980
medical,bloodmnist_224,test,3123,5,3,21.151834,11.823303
medical,bloodmnist_224,test,3124,5,3,25.462255,9.890357
medical,bloodmnist_224,test,3125,3,3,33.085506,13.440274
medical,bloodmnist_224,test,3126,6,3,11.227070,-31.677814
medical,bloodmnist_224,test,3127,0,3,39.697277,1.681105
medical,bloodmnist_224,test,3128,3,3,6.106003,18.259371
medical,bloodmnist_224,test,3129,7,3,-27.762196,49.448574
medical,bloodmnist_224,test,3130,2,3,-44.872948,-1.023022
medical,bloodmnist_224,test,3131,7,3,-21.421022,49.632290
medical,bloodmnist_224,test,3132,7,3,-32.538673,33.371456
medical,bloodmnist_224,test,3133,7,3,-15.822450,48.847179
medical,bloodmnist_224,test,3134,0,3,32.067383,0.166374
medical,bloodmnist_224,test,3135,3,3,10.801552,23.043053
medical,bloodmnist_224,test,3136,5,3,22.192501,19.012421
medical,bloodmnist_224,test,3137,3,3,4.141732,6.566454
medical,bloodmnist_224,test,3138,0,3,32.054398,-3.609527
medical,bloodmnist_224,test,3139,4,3,-30.485985,-1.822113
medical,bloodmnist_224,test,3140,2,3,-40.838276,4.004563
medical,bloodmnist_224,test,3141,0,3,29.853601,-1.942501
medical,bloodmnist_224,test,3142,4,3,-22.999401,-2.850010
medical,bloodmnist_224,test,3143,7,3,-23.535233,45.475410
medical,bloodmnist_224,test,3144,1,3,20.921537,-27.964649
medical,bloodmnist_224,test,3145,3,3,16.215487,27.407204
medical,bloodmnist_224,test,3146,4,3,-30.494751,-2.057131
medical,bloodmnist_224,test,3147,7,3,-27.424143,42.706112
medical,bloodmnist_224,test,3148,6,3,-15.177651,-33.472893
medical,bloodmnist_224,test,3149,6,3,-2.139112,-14.660432
medical,bloodmnist_224,test,3150,7,3,-30.565496,35.774391
medical,bloodmnist_224,test,3151,6,3,-14.282752,-27.384542
medical,bloodmnist_224,test,3152,0,3,37.839664,1.753081
medical,bloodmnist_224,test,3153,0,3,45.215012,0.003469
medical,bloodmnist_224,test,3154,3,3,18.838234,15.250795
medical,bloodmnist_224,test,3155,6,3,-12.925349,-29.224764
medical,bloodmnist_224,test,3156,6,3,-15.168377,-30.577230
medical,bloodmnist_224,test,3157,7,3,-31.716557,36.372349
medical,bloodmnist_224,test,3158,7,3,-17.036293,49.956257
medical,bloodmnist_224,test,3159,1,3,20.204859,-32.563103
medical,bloodmnist_224,test,3160,2,3,-4.567852,14.449332
medical,bloodmnist_224,test,3161,1,3,14.483896,-20.936331
medical,bloodmnist_224,test,3162,3,3,9.523771,6.712407
medical,bloodmnist_224,test,3163,1,3,13.325201,-20.166397
medical,bloodmnist_224,test,3164,3,3,-1.728697,7.934399
medical,bloodmnist_224,test,3165,1,3,14.991202,-14.618230
medical,bloodmnist_224,test,3166,2,3,-36.349098,-1.177942
medical,bloodmnist_224,test,3167,4,3,-24.108862,-6.528974
medical,bloodmnist_224,test,3168,2,3,-43.028847,-0.386050
medical,bloodmnist_224,test,3169,4,3,-24.520174,-5.646824
medical,bloodmnist_224,test,3170,5,3,17.357967,23.154833
medical,bloodmnist_224,test,3171,2,3,-40.098106,-2.494160
medical,bloodmnist_224,test,3172,1,3,-4.881335,-32.340805
medical,bloodmnist_224,test,3173,6,3,-11.537822,-22.585011
medical,bloodmnist_224,test,3174,6,3,-11.197671,-27.181372
medical,bloodmnist_224,test,3175,7,3,-33.475914,46.837063
medical,bloodmnist_224,test,3176,6,3,2.871290,-10.526141
medical,bloodmnist_224,test,3177,7,3,-16.022465,41.066422
medical,bloodmnist_224,test,3178,6,3,-9.565223,-28.386671
medical,bloodmnist_224,test,3179,2,3,-33.715839,-11.913688
medical,bloodmnist_224,test,3180,1,3,9.035862,-30.545105
medical,bloodmnist_224,test,3181,6,3,-16.996660,-36.280983
medical,bloodmnist_224,test,3182,1,3,13.965704,-12.310120
medical,bloodmnist_224,test,3183,7,3,-15.699346,49.934036
medical,bloodmnist_224,test,3184,6,3,-1.173784,-21.144894
medical,bloodmnist_224,test,3185,1,3,26.484694,-21.605089
medical,bloodmnist_224,test,3186,5,3,30.163500,8.745880
medical,bloodmnist_224,test,3187,1,3,6.323188,-10.637616
medical,bloodmnist_224,test,3188,6,0,-17.596575,-37.438683
medical,bloodmnist_224,test,3189,6,3,5.435715,-35.022240
medical,bloodmnist_224,test,3190,3,3,12.279693,12.585484
medical,bloodmnist_224,test,3191,4,3,-23.980501,2.453156
medical,bloodmnist_224,test,3192,5,3,16.293039,8.803106
medical,bloodmnist_224,test,3193,7,3,-19.261293,43.007565
medical,bloodmnist_224,test,3194,7,3,-30.224056,36.984184
medical,bloodmnist_224,test,3195,7,3,-22.761229,38.971844
medical,bloodmnist_224,test,3196,6,0,-14.143856,-40.067799
medical,bloodmnist_224,test,3197,6,3,-2.269297,-29.847099
medical,bloodmnist_224,test,3198,6,3,-10.518456,-38.465279
medical,bloodmnist_224,test,3199,7,3,-22.188581,44.173794
medical,bloodmnist_224,test,3200,7,3,-29.385603,41.457188
medical,bloodmnist_224,test,3201,6,3,5.621682,1.645455
medical,bloodmnist_224,test,3202,0,3,31.284031,-6.023919
medical,bloodmnist_224,test,3203,4,3,-20.198587,4.837561
medical,bloodmnist_224,test,3204,1,3,2.192844,-15.627211
medical,bloodmnist_224,test,3205,7,3,-17.513109,39.430832
medical,bloodmnist_224,test,3206,6,3,3.448879,-11.556271
medical,bloodmnist_224,test,3207,6,3,2.725577,-33.691326
medical,bloodmnist_224,test,3208,4,3,-29.744068,-5.954811
medical,bloodmnist_224,test,3209,3,3,12.249759,20.828428
medical,bloodmnist_224,test,3210,0,0,47.107769,-5.053872
medical,bloodmnist_224,test,3211,3,3,10.702735,17.874208
medical,bloodmnist_224,test,3212,6,3,26.072504,24.950651
medical,bloodmnist_224,test,3213,2,3,-37.566254,4.162283
medical,bloodmnist_224,test,3214,6,3,2.731991,-16.412092
medical,bloodmnist_224,test,3215,2,3,-38.689819,-1.432421
medical,bloodmnist_224,test,3216,4,3,-26.990669,-9.321597
medical,bloodmnist_224,test,3217,1,3,10.967641,-32.384010
medical,bloodmnist_224,test,3218,0,0,44.228409,-2.469808
medical,bloodmnist_224,test,3219,0,3,32.538170,-0.292442
medical,bloodmnist_224,test,3220,2,3,-35.245972,-3.767893
medical,bloodmnist_224,test,3221,3,3,18.106140,22.034763
medical,bloodmnist_224,test,3222,6,3,-12.853419,-17.904289
medical,bloodmnist_224,test,3223,1,3,19.719053,-13.377190
medical,bloodmnist_224,test,3224,7,3,-24.022137,37.940342
medical,bloodmnist_224,test,3225,6,3,-11.579004,-26.547619
medical,bloodmnist_224,test,3226,5,3,23.113686,12.699300
medical,bloodmnist_224,test,3227,0,3,-17.095003,-40.712364
medical,bloodmnist_224,test,3228,1,3,20.295961,-27.229050
medical,bloodmnist_224,test,3229,3,3,-2.611449,15.366849
medical,bloodmnist_224,test,3230,1,3,8.044597,-10.411872
medical,bloodmnist_224,test,3231,7,3,-24.215809,44.009159
medical,bloodmnist_224,test,3232,6,3,-7.186780,-7.546171
medical,bloodmnist_224,test,3233,7,3,-28.479221,47.116463
medical,bloodmnist_224,test,3234,6,3,-16.711285,-23.324055
medical,bloodmnist_224,test,3235,5,3,2.854272,20.301479
medical,bloodmnist_224,test,3236,6,3,-13.052382,-33.271301
medical,bloodmnist_224,test,3237,0,0,41.609795,-7.562151
medical,bloodmnist_224,test,3238,3,3,24.910944,20.499176
medical,bloodmnist_224,test,3239,4,3,-20.559114,0.037558
medical,bloodmnist_224,test,3240,0,3,37.386971,-3.379992
medical,bloodmnist_224,test,3241,4,3,-22.969011,-1.754023
medical,bloodmnist_224,test,3242,1,3,2.408732,-16.429312
medical,bloodmnist_224,test,3243,4,3,-21.230453,4.201992
medical,bloodmnist_224,test,3244,3,3,4.639767,7.379129
medical,bloodmnist_224,test,3245,1,3,0.615181,-16.483524
medical,bloodmnist_224,test,3246,7,3,-28.952446,41.051460
medical,bloodmnist_224,test,3247,3,3,17.796581,26.192476
medical,bloodmnist_224,test,3248,5,3,28.516636,15.028826
medical,bloodmnist_224,test,3249,0,0,48.518684,-2.441035
medical,bloodmnist_224,test,3250,1,3,27.187405,-30.201847
medical,bloodmnist_224,test,3251,2,3,-6.768500,7.023839
medical,bloodmnist_224,test,3252,7,3,-33.149277,37.762161
medical,bloodmnist_224,test,3253,1,3,19.124348,-30.131525
medical,bloodmnist_224,test,3254,3,3,1.952658,4.274362
medical,bloodmnist_224,test,3255,5,3,3.671833,24.406836
medical,bloodmnist_224,test,3256,1,3,12.587807,-23.060118
medical,bloodmnist_224,test,3257,6,3,-12.984785,-35.836628
medical,bloodmnist_224,test,3258,4,3,-19.314671,2.088099
medical,bloodmnist_224,test,3259,6,3,-11.596892,-18.437351
medical,bloodmnist_224,test,3260,1,3,1.312074,-21.639269
medical,bloodmnist_224,test,3261,1,3,-13.884289,-36.192570
medical,bloodmnist_224,test,3262,1,3,25.429531,-19.555315
medical,bloodmnist_224,test,3263,0,3,36.304073,0.224273
medical,bloodmnist_224,test,3264,1,3,7.332319,-20.490978
medical,bloodmnist_224,test,3265,6,0,-14.731697,-40.124870
medical,bloodmnist_224,test,3266,0,0,46.452183,-0.552273
medical,bloodmnist_224,test,3267,5,3,-0.557394,17.306368
medical,bloodmnist_224,test,3268,1,3,17.010946,-19.113689
medical,bloodmnist_224,test,3269,1,3,14.032263,-14.324030
medical,bloodmnist_224,test,3270,7,3,-22.535345,34.147015
medical,bloodmnist_224,test,3271,7,3,-23.474352,32.563004
medical,bloodmnist_224,test,3272,5,3,9.982893,27.164129
medical,bloodmnist_224,test,3273,7,3,-13.314460,47.798275
medical,bloodmnist_224,test,3274,1,3,25.163145,-30.142601
medical,bloodmnist_224,test,3275,1,3,13.557528,-29.975275
medical,bloodmnist_224,test,3276,4,3,-22.932095,2.474701
medical,bloodmnist_224,test,3277,7,3,-14.705579,42.918766
medical,bloodmnist_224,test,3278,3,3,5.048872,8.500777
medical,bloodmnist_224,test,3279,2,3,-36.429695,1.531431
medical,bloodmnist_224,test,3280,7,3,-17.363972,44.271908
medical,bloodmnist_224,test,3281,0,3,38.695950,-3.976285
medical,bloodmnist_224,test,3282,1,3,16.701618,-28.846422
medical,bloodmnist_224,test,3283,5,3,-0.030447,14.502012
medical,bloodmnist_224,test,3284,7,3,-32.247276,31.581186
medical,bloodmnist_224,test,3285,6,3,14.128870,-4.388631
medical,bloodmnist_224,test,3286,3,3,9.971317,11.001290
medical,bloodmnist_224,test,3287,6,0,-15.649414,-38.430157
medical,bloodmnist_224,test,3288,2,3,-44.643585,-5.753851
medical,bloodmnist_224,test,3289,1,3,15.047962,-19.222164
medical,bloodmnist_224,test,3290,3,3,17.211393,25.393450
medical,bloodmnist_224,test,3291,3,3,15.770366,28.157812
medical,bloodmnist_224,test,3292,0,3,39.869450,-3.389335
medical,bloodmnist_224,test,3293,3,3,6.251840,1.654563
medical,bloodmnist_224,test,3294,7,3,-27.666302,43.587498
medical,bloodmnist_224,test,3295,1,3,18.857620,-21.460718
medical,bloodmnist_224,test,3296,1,3,11.185797,-9.594760
medical,bloodmnist_224,test,3297,6,3,-1.174655,-24.964649
medical,bloodmnist_224,test,3298,4,3,-22.082594,1.301511
medical,bloodmnist_224,test,3299,6,3,-10.507842,-25.611200
medical,bloodmnist_224,test,3300,5,3,17.902328,7.152693
medical,bloodmnist_224,test,3301,7,3,-17.596752,47.182461
medical,bloodmnist_224,test,3302,1,3,14.970495,-25.752319
medical,bloodmnist_224,test,3303,3,3,-4.940106,5.704834
medical,bloodmnist_224,test,3304,7,3,-16.538946,44.296879
medical,bloodmnist_224,test,3305,6,3,-1.536525,-19.014124
medical,bloodmnist_224,test,3306,6,3,-12.794931,-36.833542
medical,bloodmnist_224,test,3307,6,3,-2.422760,-30.850401
medical,bloodmnist_224,test,3308,6,3,-7.100876,-15.559299
medical,bloodmnist_224,test,3309,1,3,24.929054,-31.873123
medical,bloodmnist_224,test,3310,6,3,3.436064,-9.990067
medical,bloodmnist_224,test,3311,7,3,-20.735620,40.202717
medical,bloodmnist_224,test,3312,7,3,-15.062346,45.066811
medical,bloodmnist_224,test,3313,4,3,-30.325497,-1.675325
medical,bloodmnist_224,test,3314,5,3,31.831055,2.649819
medical,bloodmnist_224,test,3315,7,3,-22.275347,44.447826
medical,bloodmnist_224,test,3316,3,3,21.213579,25.088322
medical,bloodmnist_224,test,3317,2,3,-41.913944,-2.044834
medical,bloodmnist_224,test,3318,1,3,19.775229,-25.994316
medical,bloodmnist_224,test,3319,1,3,13.719882,-21.516905
medical,bloodmnist_224,test,3320,0,3,31.611696,-4.336675
medical,bloodmnist_224,test,3321,7,3,-33.650764,39.396297
medical,bloodmnist_224,test,3322,2,3,-39.977959,3.586397
medical,bloodmnist_224,test,3323,6,0,-14.831492,-40.951080
medical,bloodmnist_224,test,3324,6,3,-14.947426,-24.411465
medical,bloodmnist_224,test,3325,3,3,11.408517,14.694352
medical,bloodmnist_224,test,3326,7,3,-14.078630,42.874973
medical,bloodmnist_224,test,3327,7,3,-21.050758,40.236401
medical,bloodmnist_224,test,3328,6,3,-7.277420,-38.706661
medical,bloodmnist_224,test,3329,3,3,20.832903,19.163088
medical,bloodmnist_224,test,3330,4,3,-2.972499,4.086282
medical,bloodmnist_224,test,3331,5,3,27.874912,7.916457
medical,bloodmnist_224,test,3332,3,3,14.569444,17.307640
medical,bloodmnist_224,test,3333,3,3,32.787243,13.470622
medical,bloodmnist_224,test,3334,2,3,-37.086842,4.040340
medical,bloodmnist_224,test,3335,5,3,26.795542,12.956525
medical,bloodmnist_224,test,3336,2,3,-13.058283,-10.935338
medical,bloodmnist_224,test,3337,3,3,4.444554,15.153634
medical,bloodmnist_224,test,3338,7,3,-20.885414,47.716953
medical,bloodmnist_224,test,3339,6,3,0.007690,-20.824430
medical,bloodmnist_224,test,3340,5,3,28.352854,13.976815
medical,bloodmnist_224,test,3341,3,3,-9.600080,-13.072260
medical,bloodmnist_224,test,3342,1,3,2.481347,-22.644445
medical,bloodmnist_224,test,3343,6,3,-11.883386,-22.995924
medical,bloodmnist_224,test,3344,0,3,40.641125,1.961384
medical,bloodmnist_224,test,3345,3,3,22.992868,5.002230
medical,bloodmnist_224,test,3346,6,3,-13.024508,-27.011095
medical,bloodmnist_224,test,3347,1,3,10.614942,-19.013281
medical,bloodmnist_224,test,3348,6,3,-0.709732,-32.102905
medical,bloodmnist_224,test,3349,2,3,-44.584793,-5.102707
medical,bloodmnist_224,test,3350,1,3,26.272734,-16.671272
medical,bloodmnist_224,test,3351,1,3,13.354774,-27.191429
medical,bloodmnist_224,test,3352,3,3,3.794543,17.378498
medical,bloodmnist_224,test,3353,1,3,23.993410,-29.104092
medical,bloodmnist_224,test,3354,0,3,43.360321,-2.061219
medical,bloodmnist_224,test,3355,6,3,-2.657800,-16.940407
medical,bloodmnist_224,test,3356,6,3,-5.211637,-34.141544
medical,bloodmnist_224,test,3357,4,3,-18.466276,2.149342
medical,bloodmnist_224,test,3358,2,3,-21.936762,-2.324697
medical,bloodmnist_224,test,3359,1,3,10.544772,-26.821674
medical,bloodmnist_224,test,3360,6,3,-16.721333,-27.476955
medical,bloodmnist_224,test,3361,6,3,-10.687680,-25.170650
medical,bloodmnist_224,test,3362,1,3,25.280409,-21.291132
medical,bloodmnist_224,test,3363,2,3,-43.417538,4.022696
medical,bloodmnist_224,test,3364,4,3,-31.350468,-2.073571
medical,bloodmnist_224,test,3365,1,3,22.027624,-26.387636
medical,bloodmnist_224,test,3366,7,3,-23.130447,33.760090
medical,bloodmnist_224,test,3367,4,3,-29.657532,-1.416030
medical,bloodmnist_224,test,3368,2,3,-36.275555,1.092241
medical,bloodmnist_224,test,3369,7,3,-24.740976,44.264732
medical,bloodmnist_224,test,3370,7,3,-13.900984,47.000187
medical,bloodmnist_224,test,3371,1,3,12.942162,-26.022987
medical,bloodmnist_224,test,3372,1,3,16.141552,-26.941366
medical,bloodmnist_224,test,3373,3,3,6.853801,-0.955330
medical,bloodmnist_224,test,3374,5,3,30.849030,12.664712
medical,bloodmnist_224,test,3375,3,3,11.122519,18.402849
medical,bloodmnist_224,test,3376,6,3,-1.463279,-28.502733
medical,bloodmnist_224,test,3377,1,3,9.252028,-34.659393
medical,bloodmnist_224,test,3378,6,3,1.123573,-25.078424
medical,bloodmnist_224,test,3379,3,3,12.854962,19.240597
medical,bloodmnist_224,test,3380,3,3,23.551140,13.789947
medical,bloodmnist_224,test,3381,7,3,-26.755493,45.106281
medical,bloodmnist_224,test,3382,1,3,17.384089,-15.206313
medical,bloodmnist_224,test,3383,7,3,-16.338568,46.635498
medical,bloodmnist_224,test,3384,3,3,8.791251,13.912404
medical,bloodmnist_224,test,3385,7,3,-23.995905,37.671650
medical,bloodmnist_224,test,3386,4,3,-25.902323,-8.640428
medical,bloodmnist_224,test,3387,6,3,-12.022321,-21.954300
medical,bloodmnist_224,test,3388,6,3,-14.317554,-29.623772
medical,bloodmnist_224,test,3389,6,3,-9.392385,-30.118217
medical,bloodmnist_224,test,3390,6,3,-4.003375,-23.213900
medical,bloodmnist_224,test,3391,1,3,16.191832,-32.056068
medical,bloodmnist_224,test,3392,3,3,16.476076,9.565995
medical,bloodmnist_224,test,3393,4,3,30.609890,-1.657416
medical,bloodmnist_224,test,3394,7,3,-18.852827,44.729816
medical,bloodmnist_224,test,3395,0,3,-10.904315,-42.551147
medical,bloodmnist_224,test,3396,1,3,12.556496,-32.106716
medical,bloodmnist_224,test,3397,7,3,-26.875746,40.232609
medical,bloodmnist_224,test,3398,0,3,42.094791,-0.335350
medical,bloodmnist_224,test,3399,1,3,14.187069,-34.977413
medical,bloodmnist_224,test,3400,2,3,-34.721115,-9.219934
medical,bloodmnist_224,test,3401,6,3,-5.275534,-23.288172
medical,bloodmnist_224,test,3402,7,3,-28.374790,50.493832
medical,bloodmnist_224,test,3403,1,3,15.291697,-26.918446
medical,bloodmnist_224,test,3404,1,3,16.106304,-33.224140
medical,bloodmnist_224,test,3405,1,3,12.407954,-32.214088
medical,bloodmnist_224,test,3406,7,3,-32.744228,34.207359
medical,bloodmnist_224,test,3407,3,3,10.510427,-1.640293
medical,bloodmnist_224,test,3408,2,3,-33.583427,-12.841819
medical,bloodmnist_224,test,3409,3,3,20.831776,9.709208
medical,bloodmnist_224,test,3410,5,3,8.844281,23.182251
medical,bloodmnist_224,test,3411,6,3,-3.311233,-20.852758
medical,bloodmnist_224,test,3412,3,3,23.154551,14.117636
medical,bloodmnist_224,test,3413,3,3,16.900362,23.357426
medical,bloodmnist_224,test,3414,5,3,7.734657,18.487741
medical,bloodmnist_224,test,3415,4,3,-43.303066,-5.679036
medical,bloodmnist_224,test,3416,6,3,-5.086581,-9.897220
medical,bloodmnist_224,test,3417,3,3,11.131806,14.392740
medical,bloodmnist_224,test,3418,3,3,10.780841,19.090076
medical,bloodmnist_224,test,3419,1,3,25.401985,-16.870476
medical,bloodmnist_224,test,3420,7,3,-14.159672,43.766720
natural,svhn8_blood_strict_full_noreplace,test,0,5,6,23.190134,3.172484
natural,svhn8_blood_strict_full_noreplace,test,1,7,6,-41.787991,7.125885
natural,svhn8_blood_strict_full_noreplace,test,2,6,6,29.133997,8.155400
natural,svhn8_blood_strict_full_noreplace,test,3,3,5,-23.693350,17.987669
natural,svhn8_blood_strict_full_noreplace,test,4,3,5,-16.443699,-0.308774
natural,svhn8_blood_strict_full_noreplace,test,5,6,6,58.703278,7.934385
natural,svhn8_blood_strict_full_noreplace,test,6,2,6,-8.480632,8.638380
natural,svhn8_blood_strict_full_noreplace,test,7,0,6,5.513953,11.889784
natural,svhn8_blood_strict_full_noreplace,test,8,2,6,3.348295,-6.484465
natural,svhn8_blood_strict_full_noreplace,test,9,7,5,-36.741039,-0.818447
natural,svhn8_blood_strict_full_noreplace,test,10,7,5,-41.495850,18.552153
natural,svhn8_blood_strict_full_noreplace,test,11,2,6,-5.418937,13.781878
natural,svhn8_blood_strict_full_noreplace,test,12,1,6,4.591066,-34.403957
natural,svhn8_blood_strict_full_noreplace,test,13,0,0,67.692184,2.892528
natural,svhn8_blood_strict_full_noreplace,test,14,3,6,-16.459200,24.386837
natural,svhn8_blood_strict_full_noreplace,test,15,2,6,8.202287,3.702570
natural,svhn8_blood_strict_full_noreplace,test,16,3,5,-26.657925,14.339141
natural,svhn8_blood_strict_full_noreplace,test,17,7,6,-10.049035,12.201199
natural,svhn8_blood_strict_full_noreplace,test,18,3,6,-11.013747,11.182018
natural,svhn8_blood_strict_full_noreplace,test,19,6,6,51.880863,7.721751
natural,svhn8_blood_strict_full_noreplace,test,20,1,6,-14.081744,-37.799519
natural,svhn8_blood_strict_full_noreplace,test,21,5,5,-25.128492,1.385629
natural,svhn8_blood_strict_full_noreplace,test,22,6,6,65.560883,11.616200
natural,svhn8_blood_strict_full_noreplace,test,23,7,6,-17.915743,-6.472524
natural,svhn8_blood_strict_full_noreplace,test,24,6,6,20.752544,-2.929895
natural,svhn8_blood_strict_full_noreplace,test,25,6,6,38.810322,9.698969
natural,svhn8_blood_strict_full_noreplace,test,26,6,6,57.351357,10.241209
natural,svhn8_blood_strict_full_noreplace,test,27,3,5,-38.354908,36.072674
natural,svhn8_blood_strict_full_noreplace,test,28,2,6,17.404716,5.627018
natural,svhn8_blood_strict_full_noreplace,test,29,0,6,32.859440,-2.167324
natural,svhn8_blood_strict_full_noreplace,test,30,7,5,-37.018711,-6.266260
natural,svhn8_blood_strict_full_noreplace,test,31,0,6,54.978821,1.017369
natural,svhn8_blood_strict_full_noreplace,test,32,2,6,-31.049006,-5.763493
natural,svhn8_blood_strict_full_noreplace,test,33,6,6,64.338379,10.835779
natural,svhn8_blood_strict_full_noreplace,test,34,6,6,67.161407,8.447269
natural,svhn8_blood_strict_full_noreplace,test,35,1,6,-7.783352,-30.743771
natural,svhn8_blood_strict_full_noreplace,test,36,7,6,-17.268591,-11.608993
natural,svhn8_blood_strict_full_noreplace,test,37,6,6,48.696091,14.635269
natural,svhn8_blood_strict_full_noreplace,test,38,5,5,-25.871132,0.086850
natural,svhn8_blood_strict_full_noreplace,test,39,5,6,1.483133,17.585312
natural,svhn8_blood_strict_full_noreplace,test,40,6,6,-22.305809,9.330238
natural,svhn8_blood_strict_full_noreplace,test,41,7,5,-39.222988,3.903161
natural,svhn8_blood_strict_full_noreplace,test,42,0,6,67.532127,3.809541
natural,svhn8_blood_strict_full_noreplace,test,43,1,6,-15.192327,-33.862923
natural,svhn8_blood_strict_full_noreplace,test,44,3,5,-19.242107,21.221754
natural,svhn8_blood_strict_full_noreplace,test,45,7,5,-43.859802,13.836128
natural,svhn8_blood_strict_full_noreplace,test,46,6,6,65.664413,8.871540
natural,svhn8_blood_strict_full_noreplace,test,47,6,6,68.370781,7.958773
natural,svhn8_blood_strict_full_noreplace,test,48,3,6,-12.028602,21.804457
natural,svhn8_blood_strict_full_noreplace,test,49,6,6,53.920982,10.586665
natural,svhn8_blood_strict_full_noreplace,test,50,6,6,1.994052,10.877363
natural,svhn8_blood_strict_full_noreplace,test,51,3,6,-38.043339,-5.858148
natural,svhn8_blood_strict_full_noreplace,test,52,6,6,60.724621,9.477338
natural,svhn8_blood_strict_full_noreplace,test,53,2,5,-1.185280,-8.902700
natural,svhn8_blood_strict_full_noreplace,test,54,6,6,6.638979,10.033420
natural,svhn8_blood_strict_full_noreplace,test,55,5,5,-29.456726,24.102028
natural,svhn8_blood_strict_full_noreplace,test,56,6,6,45.809776,14.257044
natural,svhn8_blood_strict_full_noreplace,test,57,1,5,-20.121395,-26.640232
natural,svhn8_blood_strict_full_noreplace,test,58,1,6,-13.621864,-29.176880
natural,svhn8_blood_strict_full_noreplace,test,59,6,6,71.157898,8.194768
natural,svhn8_blood_strict_full_noreplace,test,60,7,5,-37.845490,12.444287
natural,svhn8_blood_strict_full_noreplace,test,61,5,5,-37.259007,33.008644
natural,svhn8_blood_strict_full_noreplace,test,62,6,6,5.057382,6.607276
natural,svhn8_blood_strict_full_noreplace,test,63,6,6,70.626007,5.935182
natural,svhn8_blood_strict_full_noreplace,test,64,1,6,2.878690,-39.984119
natural,svhn8_blood_strict_full_noreplace,test,65,7,6,-30.227303,-7.974381
natural,svhn8_blood_strict_full_noreplace,test,66,7,6,-21.426861,-7.980560
natural,svhn8_blood_strict_full_noreplace,test,67,4,6,0.169389,-16.245173
natural,svhn8_blood_strict_full_noreplace,test,68,7,6,-29.470301,-7.384314
natural,svhn8_blood_strict_full_noreplace,test,69,1,6,-16.850910,-36.757603
natural,svhn8_blood_strict_full_noreplace,test,70,6,6,30.256489,7.798245
natural,svhn8_blood_strict_full_noreplace,test,71,3,6,-24.040895,19.987118
natural,svhn8_blood_strict_full_noreplace,test,72,1,6,-1.782579,-28.815102
natural,svhn8_blood_strict_full_noreplace,test,73,1,6,4.811505,-38.909843
natural,svhn8_blood_strict_full_noreplace,test,74,3,5,-36.955257,34.049313
natural,svhn8_blood_strict_full_noreplace,test,75,7,6,-24.489693,-13.557383
natural,svhn8_blood_strict_full_noreplace,test,76,3,5,-39.122147,36.825363
natural,svhn8_blood_strict_full_noreplace,test,77,2,6,-0.167559,-15.624378
natural,svhn8_blood_strict_full_noreplace,test,78,6,6,71.017227,5.704727
natural,svhn8_blood_strict_full_noreplace,test,79,6,6,46.056419,13.464643
natural,svhn8_blood_strict_full_noreplace,test,80,1,6,0.182229,-18.921555
natural,svhn8_blood_strict_full_noreplace,test,81,1,6,2.186788,-23.560844
natural,svhn8_blood_strict_full_noreplace,test,82,6,6,62.770721,12.414560
natural,svhn8_blood_strict_full_noreplace,test,83,2,6,-0.151881,1.318606
natural,svhn8_blood_strict_full_noreplace,test,84,3,6,-11.520585,21.898098
natural,svhn8_blood_strict_full_noreplace,test,85,6,6,51.244946,9.401562
natural,svhn8_blood_strict_full_noreplace,test,86,6,6,64.904564,12.317691
natural,svhn8_blood_strict_full_noreplace,test,87,2,6,2.748406,3.175650
natural,svhn8_blood_strict_full_noreplace,test,88,6,6,64.577133,9.132417
natural,svhn8_blood_strict_full_noreplace,test,89,1,6,20.803686,-8.546068
natural,svhn8_blood_strict_full_noreplace,test,90,6,6,32.216278,10.843868
natural,svhn8_blood_strict_full_noreplace,test,91,6,6,13.213895,-9.525741
natural,svhn8_blood_strict_full_noreplace,test,92,7,5,-24.743862,-3.068431
natural,svhn8_blood_strict_full_noreplace,test,93,3,6,19.741089,-6.772278
natural,svhn8_blood_strict_full_noreplace,test,94,6,6,64.255493,10.398707
natural,svhn8_blood_strict_full_noreplace,test,95,6,6,56.168045,15.270733
natural,svhn8_blood_strict_full_noreplace,test,96,1,6,1.143970,-31.721380
natural,svhn8_blood_strict_full_noreplace,test,97,3,5,-36.771362,17.723989
natural,svhn8_blood_strict_full_noreplace,test,98,5,5,-36.261227,32.462940
natural,svhn8_blood_strict_full_noreplace,test,99,1,6,-11.871603,-12.263615
natural,svhn8_blood_strict_full_noreplace,test,100,3,6,3.372220,16.361664
natural,svhn8_blood_strict_full_noreplace,test,101,1,6,-14.237958,-30.235176
natural,svhn8_blood_strict_full_noreplace,test,102,7,5,-38.526211,16.302473
natural,svhn8_blood_strict_full_noreplace,test,103,1,5,-17.070200,-32.745285
natural,svhn8_blood_strict_full_noreplace,test,104,6,6,47.262180,9.451357
natural,svhn8_blood_strict_full_noreplace,test,105,7,6,-21.133230,-15.160814
natural,svhn8_blood_strict_full_noreplace,test,106,3,5,-35.780083,26.025904
natural,svhn8_blood_strict_full_noreplace,test,107,1,6,-7.557537,-29.137590
natural,svhn8_blood_strict_full_noreplace,test,108,5,5,-38.894054,29.068932
natural,svhn8_blood_strict_full_noreplace,test,109,2,5,-20.342567,22.180191
natural,svhn8_blood_strict_full_noreplace,test,110,5,6,-13.722945,17.170387
natural,svhn8_blood_strict_full_noreplace,test,111,1,6,-0.660399,-13.064614
natural,svhn8_blood_strict_full_noreplace,test,112,6,6,41.854630,11.919271
natural,svhn8_blood_strict_full_noreplace,test,113,6,6,48.156265,9.287732
natural,svhn8_blood_strict_full_noreplace,test,114,3,5,-20.689035,21.618431
natural,svhn8_blood_strict_full_noreplace,test,115,6,6,43.819942,13.199753
natural,svhn8_blood_strict_full_noreplace,test,116,1,6,-2.425363,-31.681648
natural,svhn8_blood_strict_full_noreplace,test,117,0,6,69.300583,0.625281
natural,svhn8_blood_strict_full_noreplace,test,118,6,6,58.791481,14.698149
natural,svhn8_blood_strict_full_noreplace,test,119,6,6,55.258362,9.429146
natural,svhn8_blood_strict_full_noreplace,test,120,2,6,-0.187319,3.972311
natural,svhn8_blood_strict_full_noreplace,test,121,6,6,35.005260,7.555223
natural,svhn8_blood_strict_full_noreplace,test,122,1,5,-20.275700,-29.465168
natural,svhn8_blood_strict_full_noreplace,test,123,2,5,-30.165115,7.372164
natural,svhn8_blood_strict_full_noreplace,test,124,5,5,-34.842823,31.985786
natural,svhn8_blood_strict_full_noreplace,test,125,3,6,-14.355042,-28.157864
natural,svhn8_blood_strict_full_noreplace,test,126,7,6,-22.825325,-10.409006
natural,svhn8_blood_strict_full_noreplace,test,127,5,5,-20.521889,28.139763
natural,svhn8_blood_strict_full_noreplace,test,128,6,6,10.301233,10.807757
natural,svhn8_blood_strict_full_noreplace,test,129,3,5,-23.196005,19.091642
natural,svhn8_blood_strict_full_noreplace,test,130,5,5,-33.265614,33.809414
natural,svhn8_blood_strict_full_noreplace,test,131,3,5,-32.539070,35.253490
natural,svhn8_blood_strict_full_noreplace,test,132,1,6,21.585747,-0.931736
natural,svhn8_blood_strict_full_noreplace,test,133,5,6,4.713706,14.028279
natural,svhn8_blood_strict_full_noreplace,test,134,2,6,9.985211,-1.935161
natural,svhn8_blood_strict_full_noreplace,test,135,1,6,-4.255840,-29.091003
natural,svhn8_blood_strict_full_noreplace,test,136,6,6,47.802528,10.370624
natural,svhn8_blood_strict_full_noreplace,test,137,1,6,-24.538977,-21.419765
natural,svhn8_blood_strict_full_noreplace,test,138,6,6,67.768318,6.796692
natural,svhn8_blood_strict_full_noreplace,test,139,1,6,-0.295140,-23.454967
natural,svhn8_blood_strict_full_noreplace,test,140,7,6,-31.127085,-8.710030
natural,svhn8_blood_strict_full_noreplace,test,141,1,6,3.060793,-27.238688
natural,svhn8_blood_strict_full_noreplace,test,142,3,5,-27.389759,2.511340
natural,svhn8_blood_strict_full_noreplace,test,143,6,6,40.615936,12.345133
natural,svhn8_blood_strict_full_noreplace,test,144,6,6,67.060272,11.175479
natural,svhn8_blood_strict_full_noreplace,test,145,3,5,-32.302242,24.709179
natural,svhn8_blood_strict_full_noreplace,test,146,2,6,13.269998,-1.011466
natural,svhn8_blood_strict_full_noreplace,test,147,3,6,-6.443065,19.216833
natural,svhn8_blood_strict_full_noreplace,test,148,5,5,-37.764984,28.460472
natural,svhn8_blood_strict_full_noreplace,test,149,1,6,-6.463614,-39.273197
natural,svhn8_blood_strict_full_noreplace,test,150,3,5,-37.267323,36.460045
natural,svhn8_blood_strict_full_noreplace,test,151,3,6,9.518503,14.986634
natural,svhn8_blood_strict_full_noreplace,test,152,7,6,-26.070711,-7.569769
natural,svhn8_blood_strict_full_noreplace,test,153,3,5,-39.181664,36.097038
natural,svhn8_blood_strict_full_noreplace,test,154,3,5,-36.579849,20.521151
natural,svhn8_blood_strict_full_noreplace,test,155,2,6,-34.380089,13.653740
natural,svhn8_blood_strict_full_noreplace,test,156,3,5,-37.000111,33.463654
natural,svhn8_blood_strict_full_noreplace,test,157,1,6,-21.309425,-36.879841
natural,svhn8_blood_strict_full_noreplace,test,158,3,5,-31.524109,35.342499
natural,svhn8_blood_strict_full_noreplace,test,159,5,5,-25.540752,29.943897
natural,svhn8_blood_strict_full_noreplace,test,160,6,6,69.406334,10.721008
natural,svhn8_blood_strict_full_noreplace,test,161,2,5,-34.079094,15.036748
natural,svhn8_blood_strict_full_noreplace,test,162,3,6,-21.519163,16.938723
natural,svhn8_blood_strict_full_noreplace,test,163,1,6,4.724946,-23.865694
natural,svhn8_blood_strict_full_noreplace,test,164,3,6,-13.351863,14.076629
natural,svhn8_blood_strict_full_noreplace,test,165,0,6,69.892761,4.206644
natural,svhn8_blood_strict_full_noreplace,test,166,4,6,1.915592,-16.864422
natural,svhn8_blood_strict_full_noreplace,test,167,5,6,-24.224340,-28.023966
natural,svhn8_blood_strict_full_noreplace,test,168,1,6,39.517918,2.344662
natural,svhn8_blood_strict_full_noreplace,test,169,1,6,-15.014510,-12.916000
natural,svhn8_blood_strict_full_noreplace,test,170,7,5,-42.175854,9.702153
natural,svhn8_blood_strict_full_noreplace,test,171,0,6,30.855745,-4.231512
natural,svhn8_blood_strict_full_noreplace,test,172,7,5,-26.725183,5.223668
natural,svhn8_blood_strict_full_noreplace,test,173,7,5,-42.657333,15.973209
natural,svhn8_blood_strict_full_noreplace,test,174,3,5,-17.495852,13.839792
natural,svhn8_blood_strict_full_noreplace,test,175,5,6,-9.888584,22.743219
natural,svhn8_blood_strict_full_noreplace,test,176,5,5,-17.358280,21.690205
natural,svhn8_blood_strict_full_noreplace,test,177,7,5,-39.375423,11.740017
natural,svhn8_blood_strict_full_noreplace,test,178,7,6,-20.784853,-2.928396
natural,svhn8_blood_strict_full_noreplace,test,179,3,5,-29.152643,29.213879
natural,svhn8_blood_strict_full_noreplace,test,180,0,6,59.801624,18.209936
natural,svhn8_blood_strict_full_noreplace,test,181,1,6,-15.081075,-35.988659
natural,svhn8_blood_strict_full_noreplace,test,182,7,6,-15.815852,-30.371305
natural,svhn8_blood_strict_full_noreplace,test,183,0,6,39.541439,1.040535
natural,svhn8_blood_strict_full_noreplace,test,184,3,6,18.707550,-7.387991
natural,svhn8_blood_strict_full_noreplace,test,185,1,6,3.771718,-34.831600
natural,svhn8_blood_strict_full_noreplace,test,186,4,6,-4.538403,-13.227604
natural,svhn8_blood_strict_full_noreplace,test,187,7,6,-24.757824,-6.087698
natural,svhn8_blood_strict_full_noreplace,test,188,3,5,-20.219126,11.743605
natural,svhn8_blood_strict_full_noreplace,test,189,1,6,-17.748796,-35.335972
natural,svhn8_blood_strict_full_noreplace,test,190,5,5,-25.145170,25.257122
natural,svhn8_blood_strict_full_noreplace,test,191,0,6,70.304214,5.138878
natural,svhn8_blood_strict_full_noreplace,test,192,6,6,46.655785,7.003670
natural,svhn8_blood_strict_full_noreplace,test,193,3,5,-33.862038,22.722488
natural,svhn8_blood_strict_full_noreplace,test,194,4,6,-10.110625,-29.363850
natural,svhn8_blood_strict_full_noreplace,test,195,3,5,-37.803894,18.426067
natural,svhn8_blood_strict_full_noreplace,test,196,6,6,33.638081,3.882845
natural,svhn8_blood_strict_full_noreplace,test,197,3,5,-35.573257,22.106369
natural,svhn8_blood_strict_full_noreplace,test,198,3,6,-16.213276,7.774600
natural,svhn8_blood_strict_full_noreplace,test,199,6,6,61.313683,13.382465
natural,svhn8_blood_strict_full_noreplace,test,200,1,6,-8.991693,-26.765112
natural,svhn8_blood_strict_full_noreplace,test,201,6,6,30.656649,8.601315
natural,svhn8_blood_strict_full_noreplace,test,202,1,6,-17.238438,-34.903484
natural,svhn8_blood_strict_full_noreplace,test,203,2,6,-15.968979,6.969337
natural,svhn8_blood_strict_full_noreplace,test,204,7,6,-29.448177,-3.479877
natural,svhn8_blood_strict_full_noreplace,test,205,1,5,-13.915260,-26.862827
natural,svhn8_blood_strict_full_noreplace,test,206,1,5,-18.633226,-27.288410
natural,svhn8_blood_strict_full_noreplace,test,207,3,5,-27.292223,14.868911
natural,svhn8_blood_strict_full_noreplace,test,208,5,5,-24.109148,23.924166
natural,svhn8_blood_strict_full_noreplace,test,209,4,6,-13.950211,-20.942957
natural,svhn8_blood_strict_full_noreplace,test,210,3,5,-18.445524,9.794310
natural,svhn8_blood_strict_full_noreplace,test,211,2,6,10.600606,0.147426
natural,svhn8_blood_strict_full_noreplace,test,212,1,6,19.954020,-11.259315
natural,svhn8_blood_strict_full_noreplace,test,213,0,0,73.191437,-0.743819
natural,svhn8_blood_strict_full_noreplace,test,214,1,6,-4.088696,-20.084246
natural,svhn8_blood_strict_full_noreplace,test,215,2,6,-18.951147,2.260229
natural,svhn8_blood_strict_full_noreplace,test,216,7,6,20.670383,-14.376942
natural,svhn8_blood_strict_full_noreplace,test,217,6,6,46.499168,15.899232
natural,svhn8_blood_strict_full_noreplace,test,218,6,6,31.197502,4.224828
natural,svhn8_blood_strict_full_noreplace,test,219,5,6,-15.528372,24.017633
natural,svhn8_blood_strict_full_noreplace,test,220,2,6,1.961175,3.757195
natural,svhn8_blood_strict_full_noreplace,test,221,7,6,24.248034,6.393766
natural,svhn8_blood_strict_full_noreplace,test,222,5,5,-32.625214,18.954048
natural,svhn8_blood_strict_full_noreplace,test,223,7,6,-20.346027,-4.480756
natural,svhn8_blood_strict_full_noreplace,test,224,1,6,4.645235,-37.672054
natural,svhn8_blood_strict_full_noreplace,test,225,5,5,-29.006001,23.835350
natural,svhn8_blood_strict_full_noreplace,test,226,1,6,21.328066,-3.986650
natural,svhn8_blood_strict_full_noreplace,test,227,2,6,13.415801,2.255930
natural,svhn8_blood_strict_full_noreplace,test,228,3,5,-33.842815,27.599876
natural,svhn8_blood_strict_full_noreplace,test,229,2,6,-14.235044,3.222437
natural,svhn8_blood_strict_full_noreplace,test,230,6,6,57.577450,10.253322
natural,svhn8_blood_strict_full_noreplace,test,231,6,6,67.644981,6.330807
natural,svhn8_blood_strict_full_noreplace,test,232,6,6,26.846813,3.335829
natural,svhn8_blood_strict_full_noreplace,test,233,3,6,-14.712146,20.551451
natural,svhn8_blood_strict_full_noreplace,test,234,1,6,-26.770000,-17.089764
natural,svhn8_blood_strict_full_noreplace,test,235,1,5,-37.404892,-10.969920
natural,svhn8_blood_strict_full_noreplace,test,236,4,6,-8.096467,-20.813442
natural,svhn8_blood_strict_full_noreplace,test,237,2,6,-5.611838,-8.253612
natural,svhn8_blood_strict_full_noreplace,test,238,7,6,-23.701679,-11.824039
natural,svhn8_blood_strict_full_noreplace,test,239,6,6,39.763756,10.931952
natural,svhn8_blood_strict_full_noreplace,test,240,3,6,-21.411890,19.281908
natural,svhn8_blood_strict_full_noreplace,test,241,6,6,22.502686,-14.515980
natural,svhn8_blood_strict_full_noreplace,test,242,3,6,6.782408,-23.024971
natural,svhn8_blood_strict_full_noreplace,test,243,1,6,-2.406553,-32.544487
natural,svhn8_blood_strict_full_noreplace,test,244,3,6,5.532466,14.514030
natural,svhn8_blood_strict_full_noreplace,test,245,1,6,-7.839485,-29.519020
natural,svhn8_blood_strict_full_noreplace,test,246,0,6,69.987236,2.163023
natural,svhn8_blood_strict_full_noreplace,test,247,3,5,-35.272869,35.833706
natural,svhn8_blood_strict_full_noreplace,test,248,4,6,14.911346,-10.529308
natural,svhn8_blood_strict_full_noreplace,test,249,1,6,-21.595856,-37.582355
natural,svhn8_blood_strict_full_noreplace,test,250,1,6,-6.367006,-33.586937
natural,svhn8_blood_strict_full_noreplace,test,251,0,6,32.876270,-1.263233
natural,svhn8_blood_strict_full_noreplace,test,252,0,6,59.818428,18.664036
natural,svhn8_blood_strict_full_noreplace,test,253,0,6,32.263313,-4.278942
natural,svhn8_blood_strict_full_noreplace,test,254,6,6,31.111647,5.233521
natural,svhn8_blood_strict_full_noreplace,test,255,1,6,-27.826006,-9.813656
natural,svhn8_blood_strict_full_noreplace,test,256,7,6,-23.701733,-7.592505
natural,svhn8_blood_strict_full_noreplace,test,257,2,6,10.358398,5.008303
natural,svhn8_blood_strict_full_noreplace,test,258,1,6,-3.902494,-41.578209
natural,svhn8_blood_strict_full_noreplace,test,259,3,5,-38.861847,34.529716
natural,svhn8_blood_strict_full_noreplace,test,260,6,6,52.430683,14.338996
natural,svhn8_blood_strict_full_noreplace,test,261,1,5,-21.969587,-34.264721
natural,svhn8_blood_strict_full_noreplace,test,262,1,5,-32.262714,-15.559676
natural,svhn8_blood_strict_full_noreplace,test,263,1,6,-1.110985,-34.127953
natural,svhn8_blood_strict_full_noreplace,test,264,1,6,-10.561870,-25.733486
natural,svhn8_blood_strict_full_noreplace,test,265,5,6,-15.798593,8.716403
natural,svhn8_blood_strict_full_noreplace,test,266,5,5,-30.036057,32.468895
natural,svhn8_blood_strict_full_noreplace,test,267,6,6,55.349552,13.390150
natural,svhn8_blood_strict_full_noreplace,test,268,7,6,-26.584457,-8.768173
natural,svhn8_blood_strict_full_noreplace,test,269,1,6,5.354548,-38.970963
natural,svhn8_blood_strict_full_noreplace,test,270,4,6,-3.358654,-29.487247
natural,svhn8_blood_strict_full_noreplace,test,271,5,6,9.911649,9.884982
natural,svhn8_blood_strict_full_noreplace,test,272,2,5,-30.312504,8.265583
natural,svhn8_blood_strict_full_noreplace,test,273,6,6,34.200336,9.699307
natural,svhn8_blood_strict_full_noreplace,test,274,3,6,6.228545,-10.022278
natural,svhn8_blood_strict_full_noreplace,test,275,2,6,-5.264459,5.261042
natural,svhn8_blood_strict_full_noreplace,test,276,6,6,65.756744,8.300352
natural,svhn8_blood_strict_full_noreplace,test,277,0,6,36.473076,16.046833
natural,svhn8_blood_strict_full_noreplace,test,278,1,6,4.500852,-35.715752
natural,svhn8_blood_strict_full_noreplace,test,279,7,6,-21.720190,14.615441
natural,svhn8_blood_strict_full_noreplace,test,280,7,5,-42.163174,12.876564
natural,svhn8_blood_strict_full_noreplace,test,281,3,5,-38.525364,34.255444
natural,svhn8_blood_strict_full_noreplace,test,282,3,6,-10.469123,9.841667
natural,svhn8_blood_strict_full_noreplace,test,283,5,5,-21.253225,28.624807
natural,svhn8_blood_strict_full_noreplace,test,284,7,6,-14.544667,-11.839520
natural,svhn8_blood_strict_full_noreplace,test,285,6,6,58.310486,11.852161
natural,svhn8_blood_strict_full_noreplace,test,286,6,6,51.153008,12.218753
natural,svhn8_blood_strict_full_noreplace,test,287,1,6,-2.767443,-33.694714
natural,svhn8_blood_strict_full_noreplace,test,288,3,5,-20.670034,29.422020
natural,svhn8_blood_strict_full_noreplace,test,289,7,6,-24.506516,-11.240711
natural,svhn8_blood_strict_full_noreplace,test,290,6,6,64.948631,12.991611
natural,svhn8_blood_strict_full_noreplace,test,291,4,6,-13.786559,-21.219820
natural,svhn8_blood_strict_full_noreplace,test,292,1,6,-6.489047,-40.059334
natural,svhn8_blood_strict_full_noreplace,test,293,6,6,64.427063,11.983642
natural,svhn8_blood_strict_full_noreplace,test,294,5,6,-12.630692,1.558288
natural,svhn8_blood_strict_full_noreplace,test,295,2,6,-3.292359,2.537004
natural,svhn8_blood_strict_full_noreplace,test,296,2,5,-4.065144,-5.274130
natural,svhn8_blood_strict_full_noreplace,test,297,3,6,-12.875996,15.358648
natural,svhn8_blood_strict_full_noreplace,test,298,6,6,39.821518,8.620624
natural,svhn8_blood_strict_full_noreplace,test,299,1,5,-20.365660,-35.167702
natural,svhn8_blood_strict_full_noreplace,test,300,6,6,36.079193,8.602370
natural,svhn8_blood_strict_full_noreplace,test,301,0,0,72.142830,-0.279777
natural,svhn8_blood_strict_full_noreplace,test,302,1,6,-24.436232,-29.507191
natural,svhn8_blood_strict_full_noreplace,test,303,2,6,10.111271,4.085042
natural,svhn8_blood_strict_full_noreplace,test,304,1,6,-5.006387,-40.013454
natural,svhn8_blood_strict_full_noreplace,test,305,3,6,3.994739,14.658056
natural,svhn8_blood_strict_full_noreplace,test,306,2,6,37.683086,17.755665
natural,svhn8_blood_strict_full_noreplace,test,307,1,5,-36.845768,17.517105
natural,svhn8_blood_strict_full_noreplace,test,308,0,6,20.078041,-10.791499
natural,svhn8_blood_strict_full_noreplace,test,309,6,6,22.769588,-14.322113
natural,svhn8_blood_strict_full_noreplace,test,310,0,6,63.701393,2.080930
natural,svhn8_blood_strict_full_noreplace,test,311,2,6,-4.422639,1.718177
natural,svhn8_blood_strict_full_noreplace,test,312,3,5,-36.660049,25.315502
natural,svhn8_blood_strict_full_noreplace,test,313,1,6,-6.326295,-26.167234
natural,svhn8_blood_strict_full_noreplace,test,314,7,6,-21.202110,-8.291804
natural,svhn8_blood_strict_full_noreplace,test,315,1,6,29.409500,-1.478829
natural,svhn8_blood_strict_full_noreplace,test,316,3,5,-32.499313,24.290802
natural,svhn8_blood_strict_full_noreplace,test,317,3,6,5.891324,12.523231
natural,svhn8_blood_strict_full_noreplace,test,318,1,6,4.122993,-37.531525
natural,svhn8_blood_strict_full_noreplace,test,319,3,5,-38.677113,27.362568
natural,svhn8_blood_strict_full_noreplace,test,320,4,6,-18.297174,-18.539141
natural,svhn8_blood_strict_full_noreplace,test,321,3,6,-15.057419,12.779488
natural,svhn8_blood_strict_full_noreplace,test,322,7,5,-41.252583,5.647501
natural,svhn8_blood_strict_full_noreplace,test,323,7,5,-32.145790,21.274216
natural,svhn8_blood_strict_full_noreplace,test,324,7,5,-44.045044,11.542225
natural,svhn8_blood_strict_full_noreplace,test,325,6,6,71.252052,2.792204
natural,svhn8_blood_strict_full_noreplace,test,326,3,3,-33.652561,37.700649
natural,svhn8_blood_strict_full_noreplace,test,327,5,5,-23.620380,25.670198
natural,svhn8_blood_strict_full_noreplace,test,328,6,6,3.681556,6.732056
natural,svhn8_blood_strict_full_noreplace,test,329,4,6,-12.904768,-18.490814
natural,svhn8_blood_strict_full_noreplace,test,330,1,6,2.923549,-37.488987
natural,svhn8_blood_strict_full_noreplace,test,331,6,6,27.129654,2.659522
natural,svhn8_blood_strict_full_noreplace,test,332,4,6,-14.172373,-33.689102
natural,svhn8_blood_strict_full_noreplace,test,333,3,5,-33.642555,24.572021
natural,svhn8_blood_strict_full_noreplace,test,334,5,6,-10.612938,0.104999
natural,svhn8_blood_strict_full_noreplace,test,335,7,5,-40.093788,11.456963
natural,svhn8_blood_strict_full_noreplace,test,336,6,6,69.398857,9.778347
natural,svhn8_blood_strict_full_noreplace,test,337,7,6,-15.596157,-12.530072
natural,svhn8_blood_strict_full_noreplace,test,338,7,6,-32.784969,-5.655967
natural,svhn8_blood_strict_full_noreplace,test,339,3,6,-13.605362,14.874210
natural,svhn8_blood_strict_full_noreplace,test,340,0,6,40.824215,15.132584
natural,svhn8_blood_strict_full_noreplace,test,341,1,6,-12.415638,-12.759440
natural,svhn8_blood_strict_full_noreplace,test,342,7,6,-18.703432,-5.410219
natural,svhn8_blood_strict_full_noreplace,test,343,7,5,-38.939175,8.309798
natural,svhn8_blood_strict_full_noreplace,test,344,2,5,-24.446661,18.544062
natural,svhn8_blood_strict_full_noreplace,test,345,7,6,1.915696,-16.751966
natural,svhn8_blood_strict_full_noreplace,test,346,2,6,-14.528043,3.126195
natural,svhn8_blood_strict_full_noreplace,test,347,7,5,-31.152918,0.070209
natural,svhn8_blood_strict_full_noreplace,test,348,1,6,-24.234774,-37.528305
natural,svhn8_blood_strict_full_noreplace,test,349,7,6,-30.980968,4.297035
natural,svhn8_blood_strict_full_noreplace,test,350,1,5,-38.774612,16.786592
natural,svhn8_blood_strict_full_noreplace,test,351,6,6,53.491695,9.116530
natural,svhn8_blood_strict_full_noreplace,test,352,5,5,-28.635368,27.749798
natural,svhn8_blood_strict_full_noreplace,test,353,7,5,-42.802212,13.184642
natural,svhn8_blood_strict_full_noreplace,test,354,6,6,39.623253,8.422051
natural,svhn8_blood_strict_full_noreplace,test,355,7,6,-8.496900,24.414162
natural,svhn8_blood_strict_full_noreplace,test,356,6,6,30.296312,2.937905
natural,svhn8_blood_strict_full_noreplace,test,357,3,6,-5.543317,16.620262
natural,svhn8_blood_strict_full_noreplace,test,358,3,6,-7.296292,9.928267
natural,svhn8_blood_strict_full_noreplace,test,359,7,6,-3.887574,-23.437164
natural,svhn8_blood_strict_full_noreplace,test,360,6,6,61.355385,13.186400
natural,svhn8_blood_strict_full_noreplace,test,361,2,6,-3.677920,-1.053600
natural,svhn8_blood_strict_full_noreplace,test,362,2,6,-4.486002,-13.737316
natural,svhn8_blood_strict_full_noreplace,test,363,1,5,-38.070713,-11.230176
natural,svhn8_blood_strict_full_noreplace,test,364,6,6,40.078297,6.259946
natural,svhn8_blood_strict_full_noreplace,test,365,2,6,9.565707,3.485806
natural,svhn8_blood_strict_full_noreplace,test,366,1,6,-24.631987,-29.108246
natural,svhn8_blood_strict_full_noreplace,test,367,1,5,-33.398674,-12.740794
natural,svhn8_blood_strict_full_noreplace,test,368,3,6,-11.362914,26.344725
natural,svhn8_blood_strict_full_noreplace,test,369,7,5,-41.627087,13.408633
natural,svhn8_blood_strict_full_noreplace,test,370,2,5,-34.528126,14.735901
natural,svhn8_blood_strict_full_noreplace,test,371,1,6,-11.047498,-40.733688
natural,svhn8_blood_strict_full_noreplace,test,372,3,5,-27.693659,13.125190
natural,svhn8_blood_strict_full_noreplace,test,373,3,5,-39.895512,24.383217
natural,svhn8_blood_strict_full_noreplace,test,374,1,6,-4.563752,-12.227439
natural,svhn8_blood_strict_full_noreplace,test,375,6,6,53.385460,13.536219
natural,svhn8_blood_strict_full_noreplace,test,376,3,6,-15.474843,7.181832
natural,svhn8_blood_strict_full_noreplace,test,377,1,6,-15.251868,-36.328384
natural,svhn8_blood_strict_full_noreplace,test,378,1,6,0.347902,-34.877453
natural,svhn8_blood_strict_full_noreplace,test,379,6,6,15.152735,-9.555540
natural,svhn8_blood_strict_full_noreplace,test,380,2,6,9.459838,4.725167
natural,svhn8_blood_strict_full_noreplace,test,381,2,6,15.389661,4.791208
natural,svhn8_blood_strict_full_noreplace,test,382,0,6,9.495511,-1.038741
natural,svhn8_blood_strict_full_noreplace,test,383,0,6,39.755970,14.870584
natural,svhn8_blood_strict_full_noreplace,test,384,5,5,-26.505930,25.178215
natural,svhn8_blood_strict_full_noreplace,test,385,6,6,43.059193,12.013596
natural,svhn8_blood_strict_full_noreplace,test,386,0,6,59.148823,18.111128
natural,svhn8_blood_strict_full_noreplace,test,387,1,6,26.516481,-13.806792
natural,svhn8_blood_strict_full_noreplace,test,388,6,6,49.322960,12.550936
natural,svhn8_blood_strict_full_noreplace,test,389,3,6,-12.229647,11.540275
natural,svhn8_blood_strict_full_noreplace,test,390,3,6,1.319799,-14.742549
natural,svhn8_blood_strict_full_noreplace,test,391,3,5,-36.822475,31.349766
natural,svhn8_blood_strict_full_noreplace,test,392,6,6,36.960556,9.065413
natural,svhn8_blood_strict_full_noreplace,test,393,1,6,20.365637,-14.078268
natural,svhn8_blood_strict_full_noreplace,test,394,2,6,-13.343528,2.753254
natural,svhn8_blood_strict_full_noreplace,test,395,5,6,-5.767400,15.613194
natural,svhn8_blood_strict_full_noreplace,test,396,6,6,62.142307,11.542283
natural,svhn8_blood_strict_full_noreplace,test,397,6,6,73.059097,2.508025
natural,svhn8_blood_strict_full_noreplace,test,398,1,6,-18.030754,-36.971313
natural,svhn8_blood_strict_full_noreplace,test,399,7,6,-17.211643,-7.779444
natural,svhn8_blood_strict_full_noreplace,test,400,5,5,-28.993526,14.740072
natural,svhn8_blood_strict_full_noreplace,test,401,7,6,-27.019867,-7.062704
natural,svhn8_blood_strict_full_noreplace,test,402,7,6,24.832802,6.479065
natural,svhn8_blood_strict_full_noreplace,test,403,0,6,23.566296,-14.398012
natural,svhn8_blood_strict_full_noreplace,test,404,6,6,10.398114,11.427408
natural,svhn8_blood_strict_full_noreplace,test,405,7,5,-15.421638,-24.906353
natural,svhn8_blood_strict_full_noreplace,test,406,7,6,-3.168820,-8.992665
natural,svhn8_blood_strict_full_noreplace,test,407,5,5,-27.092329,16.052568
natural,svhn8_blood_strict_full_noreplace,test,408,6,6,56.786808,11.293181
natural,svhn8_blood_strict_full_noreplace,test,409,4,6,25.479940,-9.504201
natural,svhn8_blood_strict_full_noreplace,test,410,3,5,-31.660202,15.708716
natural,svhn8_blood_strict_full_noreplace,test,411,5,5,-28.859760,22.466391
natural,svhn8_blood_strict_full_noreplace,test,412,6,6,48.236866,10.447177
natural,svhn8_blood_strict_full_noreplace,test,413,1,6,-25.900053,-36.424225
natural,svhn8_blood_strict_full_noreplace,test,414,6,6,65.190544,11.366305
natural,svhn8_blood_strict_full_noreplace,test,415,3,5,-22.484020,27.006205
natural,svhn8_blood_strict_full_noreplace,test,416,2,6,9.140067,7.903407
natural,svhn8_blood_strict_full_noreplace,test,417,2,6,14.537930,4.326735
natural,svhn8_blood_strict_full_noreplace,test,418,4,6,-11.333836,-17.343391
natural,svhn8_blood_strict_full_noreplace,test,419,0,6,20.435297,-7.977381
natural,svhn8_blood_strict_full_noreplace,test,420,6,6,20.081858,-13.778069
natural,svhn8_blood_strict_full_noreplace,test,421,1,6,-24.773130,-37.227428
natural,svhn8_blood_strict_full_noreplace,test,422,6,6,38.377106,6.889504
natural,svhn8_blood_strict_full_noreplace,test,423,5,5,-26.625856,17.944479
natural,svhn8_blood_strict_full_noreplace,test,424,1,6,-7.162450,-36.147873
natural,svhn8_blood_strict_full_noreplace,test,425,0,6,61.278996,17.023270
natural,svhn8_blood_strict_full_noreplace,test,426,0,6,66.745659,1.576540
natural,svhn8_blood_strict_full_noreplace,test,427,3,5,-37.597904,27.250486
natural,svhn8_blood_strict_full_noreplace,test,428,6,6,34.483433,6.129468
natural,svhn8_blood_strict_full_noreplace,test,429,6,6,70.656868,8.205602
natural,svhn8_blood_strict_full_noreplace,test,430,2,6,9.432541,-11.492654
natural,svhn8_blood_strict_full_noreplace,test,431,1,6,-11.498925,-9.564175
natural,svhn8_blood_strict_full_noreplace,test,432,6,6,2.362746,-14.858772
natural,svhn8_blood_strict_full_noreplace,test,433,1,6,-24.255041,-35.596405
natural,svhn8_blood_strict_full_noreplace,test,434,6,6,28.455103,4.508558
natural,svhn8_blood_strict_full_noreplace,test,435,6,6,47.619442,12.527421
natural,svhn8_blood_strict_full_noreplace,test,436,7,6,-31.376112,-2.662933
natural,svhn8_blood_strict_full_noreplace,test,437,1,6,2.909124,-22.386307
natural,svhn8_blood_strict_full_noreplace,test,438,3,5,-24.697470,4.519181
natural,svhn8_blood_strict_full_noreplace,test,439,7,5,-37.526470,3.921649
natural,svhn8_blood_strict_full_noreplace,test,440,6,6,33.193668,6.953547
natural,svhn8_blood_strict_full_noreplace,test,441,6,6,65.893509,5.877894
natural,svhn8_blood_strict_full_noreplace,test,442,2,5,-29.842661,9.201583
natural,svhn8_blood_strict_full_noreplace,test,443,0,6,57.558762,4.181723
natural,svhn8_blood_strict_full_noreplace,test,444,6,6,24.254601,-4.686795
natural,svhn8_blood_strict_full_noreplace,test,445,6,6,31.809341,7.421105
natural,svhn8_blood_strict_full_noreplace,test,446,4,6,-3.647147,-29.334988
natural,svhn8_blood_strict_full_noreplace,test,447,1,6,-14.626145,-25.803951
natural,svhn8_blood_strict_full_noreplace,test,448,3,5,-32.000431,27.998814
natural,svhn8_blood_strict_full_noreplace,test,449,6,6,42.708324,9.822715
natural,svhn8_blood_strict_full_noreplace,test,450,7,5,-29.789379,3.973464
natural,svhn8_blood_strict_full_noreplace,test,451,3,5,-22.155890,22.751648
natural,svhn8_blood_strict_full_noreplace,test,452,2,6,-0.860382,-2.572793
natural,svhn8_blood_strict_full_noreplace,test,453,0,6,73.095612,-0.162558
natural,svhn8_blood_strict_full_noreplace,test,454,1,6,-37.782291,-4.601519
natural,svhn8_blood_strict_full_noreplace,test,455,0,0,74.644714,-0.643782
natural,svhn8_blood_strict_full_noreplace,test,456,1,6,6.122143,-29.728960
natural,svhn8_blood_strict_full_noreplace,test,457,3,5,-26.983940,-3.374420
natural,svhn8_blood_strict_full_noreplace,test,458,4,6,-26.946196,-10.890944
natural,svhn8_blood_strict_full_noreplace,test,459,6,6,16.936640,-6.182333
natural,svhn8_blood_strict_full_noreplace,test,460,0,6,57.211842,19.831537
natural,svhn8_blood_strict_full_noreplace,test,461,1,6,-15.483374,-35.422016
natural,svhn8_blood_strict_full_noreplace,test,462,7,5,-25.822470,-0.981412
natural,svhn8_blood_strict_full_noreplace,test,463,7,5,-30.606865,-2.390882
natural,svhn8_blood_strict_full_noreplace,test,464,3,6,8.406572,7.974620
natural,svhn8_blood_strict_full_noreplace,test,465,7,6,-19.622166,-10.217101
natural,svhn8_blood_strict_full_noreplace,test,466,7,6,-22.763803,-6.068614
natural,svhn8_blood_strict_full_noreplace,test,467,1,5,-35.784233,-7.894040
natural,svhn8_blood_strict_full_noreplace,test,468,1,6,-15.117835,-37.097313
natural,svhn8_blood_strict_full_noreplace,test,469,7,5,-37.371838,11.710758
natural,svhn8_blood_strict_full_noreplace,test,470,7,6,-22.438601,11.506327
natural,svhn8_blood_strict_full_noreplace,test,471,6,6,22.462107,-2.729656
natural,svhn8_blood_strict_full_noreplace,test,472,6,6,60.467834,16.569263
natural,svhn8_blood_strict_full_noreplace,test,473,1,6,-4.087200,-32.574020
natural,svhn8_blood_strict_full_noreplace,test,474,5,5,-31.761068,23.375484
natural,svhn8_blood_strict_full_noreplace,test,475,6,6,34.886402,-3.410462
natural,svhn8_blood_strict_full_noreplace,test,476,1,6,7.267931,-33.884022
natural,svhn8_blood_strict_full_noreplace,test,477,7,5,-21.161787,-13.267509
natural,svhn8_blood_strict_full_noreplace,test,478,7,6,-15.718295,-4.504963
natural,svhn8_blood_strict_full_noreplace,test,479,0,0,74.311378,-0.434871
natural,svhn8_blood_strict_full_noreplace,test,480,6,6,72.296768,3.625539
natural,svhn8_blood_strict_full_noreplace,test,481,0,6,40.238262,2.892371
natural,svhn8_blood_strict_full_noreplace,test,482,3,5,-22.917177,23.232941
natural,svhn8_blood_strict_full_noreplace,test,483,1,6,42.401192,1.363983
natural,svhn8_blood_strict_full_noreplace,test,484,2,6,-22.233818,6.869111
natural,svhn8_blood_strict_full_noreplace,test,485,2,6,0.592617,-9.727448
natural,svhn8_blood_strict_full_noreplace,test,486,6,6,63.131382,13.826300
natural,svhn8_blood_strict_full_noreplace,test,487,3,6,-15.307715,2.443470
natural,svhn8_blood_strict_full_noreplace,test,488,1,6,-12.032083,-24.701708
natural,svhn8_blood_strict_full_noreplace,test,489,7,6,-29.408270,-6.687602
natural,svhn8_blood_strict_full_noreplace,test,490,1,6,25.483892,-15.328512
natural,svhn8_blood_strict_full_noreplace,test,491,1,6,-6.637618,-39.012367
natural,svhn8_blood_strict_full_noreplace,test,492,3,6,1.618823,14.907848
natural,svhn8_blood_strict_full_noreplace,test,493,1,5,-20.245077,-32.482529
natural,svhn8_blood_strict_full_noreplace,test,494,6,6,30.628485,-2.327158
natural,svhn8_blood_strict_full_noreplace,test,495,2,6,0.126194,1.720571
natural,svhn8_blood_strict_full_noreplace,test,496,4,6,-11.796083,-27.549593
natural,svhn8_blood_strict_full_noreplace,test,497,5,6,-17.371164,19.289295
natural,svhn8_blood_strict_full_noreplace,test,498,7,5,-32.317024,-0.428783
natural,svhn8_blood_strict_full_noreplace,test,499,5,6,1.284806,15.353326
natural,svhn8_blood_strict_full_noreplace,test,500,6,6,69.185638,8.553906
natural,svhn8_blood_strict_full_noreplace,test,501,3,6,-14.099156,15.859797
natural,svhn8_blood_strict_full_noreplace,test,502,7,6,-19.152540,-11.264274
natural,svhn8_blood_strict_full_noreplace,test,503,2,6,-13.377754,3.404300
natural,svhn8_blood_strict_full_noreplace,test,504,1,6,-18.938328,-35.754299
natural,svhn8_blood_strict_full_noreplace,test,505,7,6,-6.081569,-11.320305
natural,svhn8_blood_strict_full_noreplace,test,506,6,6,68.012589,8.285960
natural,svhn8_blood_strict_full_noreplace,test,507,5,5,-25.124817,6.947842
natural,svhn8_blood_strict_full_noreplace,test,508,1,6,7.364298,-33.175797
natural,svhn8_blood_strict_full_noreplace,test,509,1,6,0.125902,-27.365906
natural,svhn8_blood_strict_full_noreplace,test,510,6,6,14.328349,-10.455759
natural,svhn8_blood_strict_full_noreplace,test,511,3,5,-27.566467,3.999145
natural,svhn8_blood_strict_full_noreplace,test,512,3,6,-18.668962,30.926062
natural,svhn8_blood_strict_full_noreplace,test,513,3,6,-12.232003,21.743504
natural,svhn8_blood_strict_full_noreplace,test,514,2,6,-14.422564,2.038581
natural,svhn8_blood_strict_full_noreplace,test,515,0,6,58.977264,3.444120
natural,svhn8_blood_strict_full_noreplace,test,516,1,6,1.256324,-31.038853
natural,svhn8_blood_strict_full_noreplace,test,517,7,6,-21.341089,-5.763776
natural,svhn8_blood_strict_full_noreplace,test,518,1,6,6.053615,-33.401844
natural,svhn8_blood_strict_full_noreplace,test,519,3,3,-15.480458,29.500746
natural,svhn8_blood_strict_full_noreplace,test,520,1,5,-28.552229,0.569081
natural,svhn8_blood_strict_full_noreplace,test,521,7,6,-34.101547,5.810031
natural,svhn8_blood_strict_full_noreplace,test,522,7,5,-35.038483,13.982285
natural,svhn8_blood_strict_full_noreplace,test,523,3,6,8.068991,8.371399
natural,svhn8_blood_strict_full_noreplace,test,524,4,6,-10.692088,-16.377987
natural,svhn8_blood_strict_full_noreplace,test,525,0,6,39.078827,16.697039
natural,svhn8_blood_strict_full_noreplace,test,526,4,6,-16.624563,-15.278185
natural,svhn8_blood_strict_full_noreplace,test,527,6,6,14.604350,-8.909204
natural,svhn8_blood_strict_full_noreplace,test,528,1,6,-15.471697,-39.245625
natural,svhn8_blood_strict_full_noreplace,test,529,3,5,-33.302971,35.010250
natural,svhn8_blood_strict_full_noreplace,test,530,4,6,-19.099113,-22.519348
natural,svhn8_blood_strict_full_noreplace,test,531,6,6,73.301140,2.566060
natural,svhn8_blood_strict_full_noreplace,test,532,1,6,30.533836,-6.652893
natural,svhn8_blood_strict_full_noreplace,test,533,7,6,-1.879009,-14.870676
natural,svhn8_blood_strict_full_noreplace,test,534,1,6,-12.723733,-36.343369
natural,svhn8_blood_strict_full_noreplace,test,535,3,5,-30.261856,34.640747
natural,svhn8_blood_strict_full_noreplace,test,536,6,6,47.892494,15.293455
natural,svhn8_blood_strict_full_noreplace,test,537,6,6,-0.459643,-37.136036
natural,svhn8_blood_strict_full_noreplace,test,538,7,5,-40.494884,6.990796
natural,svhn8_blood_strict_full_noreplace,test,539,6,6,49.242176,9.114572
natural,svhn8_blood_strict_full_noreplace,test,540,2,6,3.871380,-5.069520
natural,svhn8_blood_strict_full_noreplace,test,541,3,6,-24.636126,12.729765
natural,svhn8_blood_strict_full_noreplace,test,542,1,6,-16.878132,-36.806122
natural,svhn8_blood_strict_full_noreplace,test,543,1,6,-5.874549,-28.828302
natural,svhn8_blood_strict_full_noreplace,test,544,2,6,10.417528,11.353976
natural,svhn8_blood_strict_full_noreplace,test,545,7,6,-27.832701,-7.375717
natural,svhn8_blood_strict_full_noreplace,test,546,3,5,-21.895634,30.244303
natural,svhn8_blood_strict_full_noreplace,test,547,0,6,42.366146,1.988565
natural,svhn8_blood_strict_full_noreplace,test,548,6,6,59.553928,14.751694
natural,svhn8_blood_strict_full_noreplace,test,549,2,6,15.622579,4.914296
natural,svhn8_blood_strict_full_noreplace,test,550,1,6,-7.018931,-36.091232
natural,svhn8_blood_strict_full_noreplace,test,551,1,6,-24.774946,-39.438854
natural,svhn8_blood_strict_full_noreplace,test,552,7,6,-22.624657,-7.586189
natural,svhn8_blood_strict_full_noreplace,test,553,3,6,-9.418658,25.756741
natural,svhn8_blood_strict_full_noreplace,test,554,5,6,-5.191856,10.988740
natural,svhn8_blood_strict_full_noreplace,test,555,6,6,19.955563,-1.488777
natural,svhn8_blood_strict_full_noreplace,test,556,2,6,1.453619,-7.513248
natural,svhn8_blood_strict_full_noreplace,test,557,2,6,-16.257284,5.432520
natural,svhn8_blood_strict_full_noreplace,test,558,5,6,19.029650,-6.518007
natural,svhn8_blood_strict_full_noreplace,test,559,1,6,-9.268719,-35.748260
natural,svhn8_blood_strict_full_noreplace,test,560,6,6,15.924006,-7.684832
natural,svhn8_blood_strict_full_noreplace,test,561,1,6,-1.189396,-36.698429
natural,svhn8_blood_strict_full_noreplace,test,562,1,6,2.946907,-39.795845
natural,svhn8_blood_strict_full_noreplace,test,563,6,6,55.543941,16.311432
natural,svhn8_blood_strict_full_noreplace,test,564,0,6,39.288963,14.954915
natural,svhn8_blood_strict_full_noreplace,test,565,7,5,-40.911800,14.887010
natural,svhn8_blood_strict_full_noreplace,test,566,6,6,31.512711,8.369091
natural,svhn8_blood_strict_full_noreplace,test,567,6,6,12.953647,-9.024540
natural,svhn8_blood_strict_full_noreplace,test,568,6,6,42.008186,13.501935
natural,svhn8_blood_strict_full_noreplace,test,569,2,6,2.098239,-5.372550
natural,svhn8_blood_strict_full_noreplace,test,570,1,6,-8.063483,-37.575928
natural,svhn8_blood_strict_full_noreplace,test,571,7,6,-3.285996,-9.099372
natural,svhn8_blood_strict_full_noreplace,test,572,6,6,31.953299,6.360858
natural,svhn8_blood_strict_full_noreplace,test,573,7,6,-10.198851,-10.362607
natural,svhn8_blood_strict_full_noreplace,test,574,3,5,-28.051924,6.663322
natural,svhn8_blood_strict_full_noreplace,test,575,6,6,26.244522,-0.491145
natural,svhn8_blood_strict_full_noreplace,test,576,6,6,8.017488,-10.986442
natural,svhn8_blood_strict_full_noreplace,test,577,6,6,48.574429,9.101825
natural,svhn8_blood_strict_full_noreplace,test,578,3,5,-23.946291,-25.080385
natural,svhn8_blood_strict_full_noreplace,test,579,0,6,65.154457,1.475177
natural,svhn8_blood_strict_full_noreplace,test,580,3,6,4.958788,12.464596
natural,svhn8_blood_strict_full_noreplace,test,581,7,5,-41.690205,19.251993
natural,svhn8_blood_strict_full_noreplace,test,582,1,6,-14.140903,-24.496140
natural,svhn8_blood_strict_full_noreplace,test,583,3,5,-36.331409,30.950031
natural,svhn8_blood_strict_full_noreplace,test,584,2,6,-0.860011,0.289286
natural,svhn8_blood_strict_full_noreplace,test,585,3,5,-32.842506,-14.968718
natural,svhn8_blood_strict_full_noreplace,test,586,1,6,-1.427126,-38.282627
natural,svhn8_blood_strict_full_noreplace,test,587,1,6,3.668843,-34.930740
natural,svhn8_blood_strict_full_noreplace,test,588,3,5,-33.790340,23.483696
natural,svhn8_blood_strict_full_noreplace,test,589,1,6,-14.280336,-32.383541
natural,svhn8_blood_strict_full_noreplace,test,590,1,6,-7.855327,-39.910397
natural,svhn8_blood_strict_full_noreplace,test,591,6,6,56.308800,16.263502
natural,svhn8_blood_strict_full_noreplace,test,592,3,5,-33.027767,18.259287
natural,svhn8_blood_strict_full_noreplace,test,593,6,6,32.451935,8.111769
natural,svhn8_blood_strict_full_noreplace,test,594,3,6,-12.431139,26.209721
natural,svhn8_blood_strict_full_noreplace,test,595,1,6,-21.585316,8.754959
natural,svhn8_blood_strict_full_noreplace,test,596,6,6,35.140175,9.800631
natural,svhn8_blood_strict_full_noreplace,test,597,0,6,69.522484,2.890086
natural,svhn8_blood_strict_full_noreplace,test,598,3,6,-0.283854,9.145303
natural,svhn8_blood_strict_full_noreplace,test,599,0,6,72.817116,0.431052
natural,svhn8_blood_strict_full_noreplace,test,600,5,6,-11.441498,13.272058
natural,svhn8_blood_strict_full_noreplace,test,601,2,6,-13.030005,-14.827837
natural,svhn8_blood_strict_full_noreplace,test,602,3,6,-2.157332,10.797969
natural,svhn8_blood_strict_full_noreplace,test,603,1,6,4.107920,-27.020655
natural,svhn8_blood_strict_full_noreplace,test,604,1,6,-24.854549,-27.954876
natural,svhn8_blood_strict_full_noreplace,test,605,4,6,-0.443719,-28.302032
natural,svhn8_blood_strict_full_noreplace,test,606,4,6,-16.025116,-15.439146
natural,svhn8_blood_strict_full_noreplace,test,607,4,6,26.045792,-9.032637
natural,svhn8_blood_strict_full_noreplace,test,608,3,6,-14.748510,0.484621
natural,svhn8_blood_strict_full_noreplace,test,609,2,6,7.027067,-12.761900
natural,svhn8_blood_strict_full_noreplace,test,610,3,6,1.190260,10.490683
natural,svhn8_blood_strict_full_noreplace,test,611,3,6,-11.738528,16.827091
natural,svhn8_blood_strict_full_noreplace,test,612,7,5,-30.619150,-2.915541
natural,svhn8_blood_strict_full_noreplace,test,613,1,6,-11.522261,-25.172628
natural,svhn8_blood_strict_full_noreplace,test,614,5,6,4.339962,6.762864
natural,svhn8_blood_strict_full_noreplace,test,615,2,5,-28.069916,2.811888
natural,svhn8_blood_strict_full_noreplace,test,616,5,5,-25.485518,17.353964
natural,svhn8_blood_strict_full_noreplace,test,617,7,5,-39.873856,15.516501
natural,svhn8_blood_strict_full_noreplace,test,618,1,5,-23.326609,-29.956873
natural,svhn8_blood_strict_full_noreplace,test,619,7,5,-43.650688,14.355977
natural,svhn8_blood_strict_full_noreplace,test,620,1,6,-12.806794,-37.600128
natural,svhn8_blood_strict_full_noreplace,test,621,4,6,-11.485177,-16.253807
natural,svhn8_blood_strict_full_noreplace,test,622,1,6,-11.723983,-33.652130
natural,svhn8_blood_strict_full_noreplace,test,623,4,6,-13.516548,-18.423180
natural,svhn8_blood_strict_full_noreplace,test,624,3,5,-28.323370,5.528125
natural,svhn8_blood_strict_full_noreplace,test,625,0,6,37.148285,-0.003912
natural,svhn8_blood_strict_full_noreplace,test,626,7,6,-22.176939,-11.501242
natural,svhn8_blood_strict_full_noreplace,test,627,6,6,59.358101,9.841808
natural,svhn8_blood_strict_full_noreplace,test,628,6,6,32.911396,5.986981
natural,svhn8_blood_strict_full_noreplace,test,629,0,6,-3.527185,-14.800145
natural,svhn8_blood_strict_full_noreplace,test,630,5,5,-37.914429,29.452309
natural,svhn8_blood_strict_full_noreplace,test,631,1,6,-1.040455,-13.632966
natural,svhn8_blood_strict_full_noreplace,test,632,0,6,66.689003,1.074519
natural,svhn8_blood_strict_full_noreplace,test,633,6,6,33.096153,7.971380
natural,svhn8_blood_strict_full_noreplace,test,634,3,5,-39.066479,24.893763
natural,svhn8_blood_strict_full_noreplace,test,635,4,6,-11.778467,-17.025372
natural,svhn8_blood_strict_full_noreplace,test,636,3,5,-37.306942,20.006559
natural,svhn8_blood_strict_full_noreplace,test,637,1,6,-3.953666,-40.050873
natural,svhn8_blood_strict_full_noreplace,test,638,0,6,69.854408,2.755604
natural,svhn8_blood_strict_full_noreplace,test,639,2,6,13.706916,3.337597
natural,svhn8_blood_strict_full_noreplace,test,640,2,6,15.226830,3.142454
natural,svhn8_blood_strict_full_noreplace,test,641,1,6,-8.696163,-26.218744
natural,svhn8_blood_strict_full_noreplace,test,642,1,6,-8.775839,-29.710123
natural,svhn8_blood_strict_full_noreplace,test,643,7,5,-40.713676,5.803141
natural,svhn8_blood_strict_full_noreplace,test,644,1,6,-4.954471,-29.726952
natural,svhn8_blood_strict_full_noreplace,test,645,4,6,-14.065603,-19.851713
natural,svhn8_blood_strict_full_noreplace,test,646,7,6,-24.987997,-3.872910
natural,svhn8_blood_strict_full_noreplace,test,647,3,6,-20.813318,18.270716
natural,svhn8_blood_strict_full_noreplace,test,648,3,6,-9.946885,24.901133
natural,svhn8_blood_strict_full_noreplace,test,649,0,6,58.785942,3.641751
natural,svhn8_blood_strict_full_noreplace,test,650,3,6,-6.005422,-12.384349
natural,svhn8_blood_strict_full_noreplace,test,651,1,6,30.683624,-4.872193
natural,svhn8_blood_strict_full_noreplace,test,652,0,6,32.210644,0.112158
natural,svhn8_blood_strict_full_noreplace,test,653,3,5,-39.885063,28.041740
natural,svhn8_blood_strict_full_noreplace,test,654,4,6,3.539051,-26.423681
natural,svhn8_blood_strict_full_noreplace,test,655,6,6,41.814915,8.478514
natural,svhn8_blood_strict_full_noreplace,test,656,3,6,2.874329,-14.369048
natural,svhn8_blood_strict_full_noreplace,test,657,6,6,32.065792,5.105042
natural,svhn8_blood_strict_full_noreplace,test,658,3,6,-11.690233,13.799420
natural,svhn8_blood_strict_full_noreplace,test,659,1,6,30.144350,-1.016078
natural,svhn8_blood_strict_full_noreplace,test,660,4,6,6.395366,-29.920467
natural,svhn8_blood_strict_full_noreplace,test,661,6,6,39.114834,11.923331
natural,svhn8_blood_strict_full_noreplace,test,662,6,6,56.444347,12.306354
natural,svhn8_blood_strict_full_noreplace,test,663,1,6,-0.507493,-32.252594
natural,svhn8_blood_strict_full_noreplace,test,664,2,6,6.930467,9.258697
natural,svhn8_blood_strict_full_noreplace,test,665,0,6,39.075184,1.777022
natural,svhn8_blood_strict_full_noreplace,test,666,3,6,-2.421750,3.617477
natural,svhn8_blood_strict_full_noreplace,test,667,2,6,0.477592,-7.222331
natural,svhn8_blood_strict_full_noreplace,test,668,1,5,-22.119892,-29.365206
natural,svhn8_blood_strict_full_noreplace,test,669,7,6,23.169546,-12.899671
natural,svhn8_blood_strict_full_noreplace,test,670,1,6,5.418715,-24.635515
natural,svhn8_blood_strict_full_noreplace,test,671,6,6,54.264973,12.343812
natural,svhn8_blood_strict_full_noreplace,test,672,5,5,-25.726389,31.371017
natural,svhn8_blood_strict_full_noreplace,test,673,1,6,-0.797476,-30.217836
natural,svhn8_blood_strict_full_noreplace,test,674,2,5,-26.287447,2.197900
natural,svhn8_blood_strict_full_noreplace,test,675,3,6,3.517481,-13.845942
natural,svhn8_blood_strict_full_noreplace,test,676,4,6,-20.665482,-19.992161
natural,svhn8_blood_strict_full_noreplace,test,677,6,6,33.793369,4.729558
natural,svhn8_blood_strict_full_noreplace,test,678,6,6,26.807844,-0.994248
natural,svhn8_blood_strict_full_noreplace,test,679,0,6,65.917023,4.483376
natural,svhn8_blood_strict_full_noreplace,test,680,4,6,-9.154868,-31.820156
natural,svhn8_blood_strict_full_noreplace,test,681,1,6,23.385626,-13.334762
natural,svhn8_blood_strict_full_noreplace,test,682,7,5,-39.127300,17.792374
natural,svhn8_blood_strict_full_noreplace,test,683,3,6,-15.042553,27.356359
natural,svhn8_blood_strict_full_noreplace,test,684,7,6,4.500036,-12.088458
natural,svhn8_blood_strict_full_noreplace,test,685,0,6,64.702553,3.354436
natural,svhn8_blood_strict_full_noreplace,test,686,1,6,5.211747,-31.618574
natural,svhn8_blood_strict_full_noreplace,test,687,3,5,-33.362366,20.118301
natural,svhn8_blood_strict_full_noreplace,test,688,2,6,9.907769,4.276361
natural,svhn8_blood_strict_full_noreplace,test,689,6,6,52.176945,14.327927
natural,svhn8_blood_strict_full_noreplace,test,690,3,6,-20.118038,17.571781
natural,svhn8_blood_strict_full_noreplace,test,691,4,6,-10.380098,-18.640429
natural,svhn8_blood_strict_full_noreplace,test,692,0,6,66.167358,4.356768
natural,svhn8_blood_strict_full_noreplace,test,693,7,6,-16.039312,-7.423058
natural,svhn8_blood_strict_full_noreplace,test,694,1,6,25.124586,-13.810369
natural,svhn8_blood_strict_full_noreplace,test,695,6,6,54.306370,11.639330
natural,svhn8_blood_strict_full_noreplace,test,696,5,5,-17.760174,9.476897
natural,svhn8_blood_strict_full_noreplace,test,697,3,6,-12.636833,-3.653695
natural,svhn8_blood_strict_full_noreplace,test,698,1,6,1.094297,-30.160460
natural,svhn8_blood_strict_full_noreplace,test,699,6,6,50.552288,16.111399
natural,svhn8_blood_strict_full_noreplace,test,700,4,6,-11.434667,-19.948273
natural,svhn8_blood_strict_full_noreplace,test,701,6,6,55.852562,18.694756
natural,svhn8_blood_strict_full_noreplace,test,702,2,6,16.334257,5.286424
natural,svhn8_blood_strict_full_noreplace,test,703,6,6,41.686081,12.535810
natural,svhn8_blood_strict_full_noreplace,test,704,0,6,23.450769,-8.278483
natural,svhn8_blood_strict_full_noreplace,test,705,6,6,35.273991,11.062944
natural,svhn8_blood_strict_full_noreplace,test,706,1,6,23.371500,-13.697188
natural,svhn8_blood_strict_full_noreplace,test,707,1,6,-25.362734,-34.908066
natural,svhn8_blood_strict_full_noreplace,test,708,6,6,27.121931,0.505637
natural,svhn8_blood_strict_full_noreplace,test,709,3,5,-40.203659,22.761763
natural,svhn8_blood_strict_full_noreplace,test,710,4,6,5.801235,-33.989254
natural,svhn8_blood_strict_full_noreplace,test,711,7,6,-4.158689,-14.483232
natural,svhn8_blood_strict_full_noreplace,test,712,1,6,-24.046967,-28.513620
natural,svhn8_blood_strict_full_noreplace,test,713,4,6,-15.465653,-18.626699
natural,svhn8_blood_strict_full_noreplace,test,714,0,6,53.589851,2.521351
natural,svhn8_blood_strict_full_noreplace,test,715,1,6,-15.464949,-17.649721
natural,svhn8_blood_strict_full_noreplace,test,716,6,6,64.577370,12.492505
natural,svhn8_blood_strict_full_noreplace,test,717,7,5,-43.554451,10.957587
natural,svhn8_blood_strict_full_noreplace,test,718,1,6,3.348446,-36.613876
natural,svhn8_blood_strict_full_noreplace,test,719,2,6,2.519373,-3.293864
natural,svhn8_blood_strict_full_noreplace,test,720,1,6,25.020285,-12.462815
natural,svhn8_blood_strict_full_noreplace,test,721,7,5,-38.978325,6.739863
natural,svhn8_blood_strict_full_noreplace,test,722,7,6,-5.855217,-21.617306
natural,svhn8_blood_strict_full_noreplace,test,723,1,6,-5.537606,-31.850975
natural,svhn8_blood_strict_full_noreplace,test,724,5,6,-4.832997,15.104340
natural,svhn8_blood_strict_full_noreplace,test,725,6,6,43.617252,15.011526
natural,svhn8_blood_strict_full_noreplace,test,726,6,6,29.814558,6.095845
natural,svhn8_blood_strict_full_noreplace,test,727,0,6,56.913136,3.725596
natural,svhn8_blood_strict_full_noreplace,test,728,7,5,-43.752201,12.770718
natural,svhn8_blood_strict_full_noreplace,test,729,2,6,-4.857402,1.089680
natural,svhn8_blood_strict_full_noreplace,test,730,5,6,-13.956704,23.242271
natural,svhn8_blood_strict_full_noreplace,test,731,6,6,17.508390,-7.066924
natural,svhn8_blood_strict_full_noreplace,test,732,7,6,-17.625513,-11.150901
natural,svhn8_blood_strict_full_noreplace,test,733,5,6,4.844329,12.778855
natural,svhn8_blood_strict_full_noreplace,test,734,1,6,5.080806,-28.119556
natural,svhn8_blood_strict_full_noreplace,test,735,1,5,-20.949726,-28.608210
natural,svhn8_blood_strict_full_noreplace,test,736,1,6,-5.710815,-28.326250
natural,svhn8_blood_strict_full_noreplace,test,737,6,6,59.010124,10.967932
natural,svhn8_blood_strict_full_noreplace,test,738,6,6,48.174328,8.409857
natural,svhn8_blood_strict_full_noreplace,test,739,1,6,10.960459,-10.545454
natural,svhn8_blood_strict_full_noreplace,test,740,1,5,-22.100973,-36.156879
natural,svhn8_blood_strict_full_noreplace,test,741,0,6,66.062386,4.385745
natural,svhn8_blood_strict_full_noreplace,test,742,3,5,-16.386036,24.868622
natural,svhn8_blood_strict_full_noreplace,test,743,3,6,-6.401277,5.679193
natural,svhn8_blood_strict_full_noreplace,test,744,3,6,11.571333,13.517612
natural,svhn8_blood_strict_full_noreplace,test,745,5,6,-17.000189,20.256207
natural,svhn8_blood_strict_full_noreplace,test,746,7,5,-33.582310,0.416415
natural,svhn8_blood_strict_full_noreplace,test,747,6,6,42.733505,11.922674
natural,svhn8_blood_strict_full_noreplace,test,748,6,6,27.061743,-1.125440
natural,svhn8_blood_strict_full_noreplace,test,749,7,6,-20.639223,-3.092442
natural,svhn8_blood_strict_full_noreplace,test,750,1,6,-7.261349,-31.921534
natural,svhn8_blood_strict_full_noreplace,test,751,7,5,-41.257671,14.457002
natural,svhn8_blood_strict_full_noreplace,test,752,6,6,63.864513,11.286573
natural,svhn8_blood_strict_full_noreplace,test,753,5,5,-28.846476,33.859524
natural,svhn8_blood_strict_full_noreplace,test,754,6,6,24.346769,-3.180943
natural,svhn8_blood_strict_full_noreplace,test,755,3,6,8.468508,10.901345
natural,svhn8_blood_strict_full_noreplace,test,756,7,5,-29.028608,1.101027
natural,svhn8_blood_strict_full_noreplace,test,757,0,6,24.844473,-14.521177
natural,svhn8_blood_strict_full_noreplace,test,758,6,6,59.493740,10.223184
natural,svhn8_blood_strict_full_noreplace,test,759,6,6,67.186531,10.590384
natural,svhn8_blood_strict_full_noreplace,test,760,5,6,-22.262957,21.501556
natural,svhn8_blood_strict_full_noreplace,test,761,4,6,-15.652979,-20.239307
natural,svhn8_blood_strict_full_noreplace,test,762,0,6,25.664206,-11.503668
natural,svhn8_blood_strict_full_noreplace,test,763,5,6,-15.495680,26.682905
natural,svhn8_blood_strict_full_noreplace,test,764,6,6,36.270126,14.474871
natural,svhn8_blood_strict_full_noreplace,test,765,4,6,-2.456851,-39.071167
natural,svhn8_blood_strict_full_noreplace,test,766,1,6,-12.469424,-35.757835
natural,svhn8_blood_strict_full_noreplace,test,767,1,6,2.460576,-35.270084
natural,svhn8_blood_strict_full_noreplace,test,768,1,6,-14.088462,-19.688652
natural,svhn8_blood_strict_full_noreplace,test,769,4,6,-0.021656,-12.429864
natural,svhn8_blood_strict_full_noreplace,test,770,2,6,-0.599102,2.792852
natural,svhn8_blood_strict_full_noreplace,test,771,4,6,25.951321,-8.383360
natural,svhn8_blood_strict_full_noreplace,test,772,1,5,-37.358551,-11.598032
natural,svhn8_blood_strict_full_noreplace,test,773,6,6,35.263809,6.508605
natural,svhn8_blood_strict_full_noreplace,test,774,6,6,71.040947,3.730217
natural,svhn8_blood_strict_full_noreplace,test,775,3,5,-36.259613,35.906750
natural,svhn8_blood_strict_full_noreplace,test,776,6,6,39.987854,4.475178
natural,svhn8_blood_strict_full_noreplace,test,777,5,6,10.623127,13.816765
natural,svhn8_blood_strict_full_noreplace,test,778,1,6,-12.538139,-0.976364
natural,svhn8_blood_strict_full_noreplace,test,779,6,6,21.449623,-8.579051
natural,svhn8_blood_strict_full_noreplace,test,780,2,6,9.303014,6.992847
natural,svhn8_blood_strict_full_noreplace,test,781,4,6,-10.257838,-17.719635
natural,svhn8_blood_strict_full_noreplace,test,782,7,5,-41.514057,13.868282
natural,svhn8_blood_strict_full_noreplace,test,783,3,6,-8.074527,23.323311
natural,svhn8_blood_strict_full_noreplace,test,784,1,6,0.169000,-29.718515
natural,svhn8_blood_strict_full_noreplace,test,785,0,6,71.673271,1.913907
natural,svhn8_blood_strict_full_noreplace,test,786,1,6,7.246289,-36.807728
natural,svhn8_blood_strict_full_noreplace,test,787,7,6,-29.487751,-6.433541
natural,svhn8_blood_strict_full_noreplace,test,788,6,6,68.471657,8.960771
natural,svhn8_blood_strict_full_noreplace,test,789,1,6,2.148424,-20.946554
natural,svhn8_blood_strict_full_noreplace,test,790,6,6,73.218185,2.622678
natural,svhn8_blood_strict_full_noreplace,test,791,4,6,-7.281714,-20.996952
natural,svhn8_blood_strict_full_noreplace,test,792,6,6,60.587738,11.497501
natural,svhn8_blood_strict_full_noreplace,test,793,6,6,43.815620,9.473868
natural,svhn8_blood_strict_full_noreplace,test,794,1,6,-11.980722,-38.527103
natural,svhn8_blood_strict_full_noreplace,test,795,7,6,-18.283777,-13.572265
natural,svhn8_blood_strict_full_noreplace,test,796,7,5,-41.968674,14.549069
natural,svhn8_blood_strict_full_noreplace,test,797,3,6,-5.612133,-15.887033
natural,svhn8_blood_strict_full_noreplace,test,798,6,6,26.692699,10.329203
natural,svhn8_blood_strict_full_noreplace,test,799,7,5,-42.434711,21.576612
natural,svhn8_blood_strict_full_noreplace,test,800,6,6,71.810463,2.354763
natural,svhn8_blood_strict_full_noreplace,test,801,1,6,16.499590,-2.034992
natural,svhn8_blood_strict_full_noreplace,test,802,6,6,53.391926,13.554287
natural,svhn8_blood_strict_full_noreplace,test,803,7,5,-39.171959,3.300284
natural,svhn8_blood_strict_full_noreplace,test,804,7,6,-16.491457,-11.944731
natural,svhn8_blood_strict_full_noreplace,test,805,6,6,46.715855,10.302883
natural,svhn8_blood_strict_full_noreplace,test,806,2,6,1.269991,-0.586874
natural,svhn8_blood_strict_full_noreplace,test,807,1,6,-15.929502,-28.788389
natural,svhn8_blood_strict_full_noreplace,test,808,3,5,-15.912151,22.681877
natural,svhn8_blood_strict_full_noreplace,test,809,6,6,70.180260,9.119416
natural,svhn8_blood_strict_full_noreplace,test,810,3,5,-34.835545,23.611986
natural,svhn8_blood_strict_full_noreplace,test,811,6,6,46.956364,15.554084
natural,svhn8_blood_strict_full_noreplace,test,812,1,6,-16.319033,-36.792709
natural,svhn8_blood_strict_full_noreplace,test,813,3,5,-33.960129,35.713627
natural,svhn8_blood_strict_full_noreplace,test,814,6,6,7.923960,1.395178
natural,svhn8_blood_strict_full_noreplace,test,815,6,6,41.389015,9.448426
natural,svhn8_blood_strict_full_noreplace,test,816,1,5,-20.493683,-30.089602
natural,svhn8_blood_strict_full_noreplace,test,817,3,6,-14.688513,15.099679
natural,svhn8_blood_strict_full_noreplace,test,818,0,6,36.056217,-1.539451
natural,svhn8_blood_strict_full_noreplace,test,819,7,5,-35.020676,11.175922
natural,svhn8_blood_strict_full_noreplace,test,820,5,6,-15.802024,27.062300
natural,svhn8_blood_strict_full_noreplace,test,821,1,6,-21.190346,-38.817326
natural,svhn8_blood_strict_full_noreplace,test,822,4,6,-11.957627,-18.359640
natural,svhn8_blood_strict_full_noreplace,test,823,0,6,56.030003,3.074544
natural,svhn8_blood_strict_full_noreplace,test,824,4,6,-1.475566,-18.225019
natural,svhn8_blood_strict_full_noreplace,test,825,6,6,13.889050,-8.674854
natural,svhn8_blood_strict_full_noreplace,test,826,5,5,-25.478058,27.463873
natural,svhn8_blood_strict_full_noreplace,test,827,6,6,28.490643,5.488578
natural,svhn8_blood_strict_full_noreplace,test,828,4,6,-21.983210,-13.779921
natural,svhn8_blood_strict_full_noreplace,test,829,2,5,-29.098837,9.253604
natural,svhn8_blood_strict_full_noreplace,test,830,4,6,-20.323685,-19.878695
natural,svhn8_blood_strict_full_noreplace,test,831,1,6,21.191771,-14.878131
natural,svhn8_blood_strict_full_noreplace,test,832,5,5,-26.279625,28.980433
natural,svhn8_blood_strict_full_noreplace,test,833,6,6,34.692135,11.655368
natural,svhn8_blood_strict_full_noreplace,test,834,4,6,-1.489901,-11.905314
natural,svhn8_blood_strict_full_noreplace,test,835,6,6,-12.384840,-37.920811
natural,svhn8_blood_strict_full_noreplace,test,836,7,6,-16.949726,-3.660100
natural,svhn8_blood_strict_full_noreplace,test,837,4,6,-0.569993,-26.278564
natural,svhn8_blood_strict_full_noreplace,test,838,4,6,-2.988272,-13.666625
natural,svhn8_blood_strict_full_noreplace,test,839,0,6,26.309563,-9.744615
natural,svhn8_blood_strict_full_noreplace,test,840,4,6,7.789178,-19.300251
natural,svhn8_blood_strict_full_noreplace,test,841,6,6,51.056976,8.238099
natural,svhn8_blood_strict_full_noreplace,test,842,3,6,-3.742826,11.792404
natural,svhn8_blood_strict_full_noreplace,test,843,3,6,3.597050,5.636850
natural,svhn8_blood_strict_full_noreplace,test,844,0,6,60.448685,17.353310
natural,svhn8_blood_strict_full_noreplace,test,845,4,6,-1.554576,-26.650377
natural,svhn8_blood_strict_full_noreplace,test,846,3,5,-32.649616,11.784926
natural,svhn8_blood_strict_full_noreplace,test,847,4,6,3.969078,-17.258141
natural,svhn8_blood_strict_full_noreplace,test,848,3,6,-9.931458,14.301909
natural,svhn8_blood_strict_full_noreplace,test,849,6,6,15.575389,-7.835031
natural,svhn8_blood_strict_full_noreplace,test,850,2,6,13.719786,5.342161
natural,svhn8_blood_strict_full_noreplace,test,851,5,5,-20.266094,10.152275
natural,svhn8_blood_strict_full_noreplace,test,852,2,6,0.346731,1.236258
natural,svhn8_blood_strict_full_noreplace,test,853,7,6,-7.579962,-11.040179
natural,svhn8_blood_strict_full_noreplace,test,854,1,5,-20.096119,-28.723866
natural,svhn8_blood_strict_full_noreplace,test,855,6,6,22.626287,-5.012094
natural,svhn8_blood_strict_full_noreplace,test,856,5,6,-6.516871,16.837296
natural,svhn8_blood_strict_full_noreplace,test,857,5,6,1.550414,14.786617
natural,svhn8_blood_strict_full_noreplace,test,858,3,6,-22.869503,12.603466
natural,svhn8_blood_strict_full_noreplace,test,859,1,6,-2.787867,-39.393356
natural,svhn8_blood_strict_full_noreplace,test,860,3,5,-26.950670,23.675243
natural,svhn8_blood_strict_full_noreplace,test,861,6,6,35.163605,8.672218
natural,svhn8_blood_strict_full_noreplace,test,862,6,6,35.704979,10.830253
natural,svhn8_blood_strict_full_noreplace,test,863,1,6,-7.312361,-35.225616
natural,svhn8_blood_strict_full_noreplace,test,864,1,6,-9.417777,-36.261826
natural,svhn8_blood_strict_full_noreplace,test,865,6,6,60.269459,11.641929
natural,svhn8_blood_strict_full_noreplace,test,866,6,6,34.087269,8.145247
natural,svhn8_blood_strict_full_noreplace,test,867,2,6,10.265749,6.028439
natural,svhn8_blood_strict_full_noreplace,test,868,3,5,-17.984150,19.704042
natural,svhn8_blood_strict_full_noreplace,test,869,1,6,23.853035,-12.464009
natural,svhn8_blood_strict_full_noreplace,test,870,1,6,-3.917516,-32.957150
natural,svhn8_blood_strict_full_noreplace,test,871,5,6,-9.226425,0.349990
natural,svhn8_blood_strict_full_noreplace,test,872,5,5,-26.279428,29.829346
natural,svhn8_blood_strict_full_noreplace,test,873,6,6,61.012489,15.282063
natural,svhn8_blood_strict_full_noreplace,test,874,3,6,-5.686803,11.200334
natural,svhn8_blood_strict_full_noreplace,test,875,5,6,-6.785650,-3.393446
natural,svhn8_blood_strict_full_noreplace,test,876,1,6,-6.133800,-16.160887
natural,svhn8_blood_strict_full_noreplace,test,877,3,5,-21.310959,26.589720
natural,svhn8_blood_strict_full_noreplace,test,878,3,6,-11.092956,25.243618
natural,svhn8_blood_strict_full_noreplace,test,879,0,6,57.758518,3.466855
natural,svhn8_blood_strict_full_noreplace,test,880,0,6,40.407074,17.743223
natural,svhn8_blood_strict_full_noreplace,test,881,5,6,-11.684768,16.102188
natural,svhn8_blood_strict_full_noreplace,test,882,3,6,2.659398,14.291060
natural,svhn8_blood_strict_full_noreplace,test,883,6,6,72.631355,4.169949
natural,svhn8_blood_strict_full_noreplace,test,884,7,6,-31.935770,-3.942765
natural,svhn8_blood_strict_full_noreplace,test,885,1,6,-22.718380,-33.914585
natural,svhn8_blood_strict_full_noreplace,test,886,5,5,-36.365231,17.927237
natural,svhn8_blood_strict_full_noreplace,test,887,7,6,-4.337965,-8.352685
natural,svhn8_blood_strict_full_noreplace,test,888,6,6,18.902321,-7.186998
natural,svhn8_blood_strict_full_noreplace,test,889,1,5,-17.172462,-29.958553
natural,svhn8_blood_strict_full_noreplace,test,890,6,6,52.573742,13.107305
natural,svhn8_blood_strict_full_noreplace,test,891,1,6,4.710750,-31.735180
natural,svhn8_blood_strict_full_noreplace,test,892,3,5,-30.501387,34.768528
natural,svhn8_blood_strict_full_noreplace,test,893,7,6,-18.234129,-6.396141
natural,svhn8_blood_strict_full_noreplace,test,894,7,5,-31.846779,-1.129250
natural,svhn8_blood_strict_full_noreplace,test,895,1,6,4.870322,-25.983734
natural,svhn8_blood_strict_full_noreplace,test,896,7,5,-37.395657,10.030334
natural,svhn8_blood_strict_full_noreplace,test,897,0,6,55.300541,4.118264
natural,svhn8_blood_strict_full_noreplace,test,898,3,6,5.213442,16.898867
natural,svhn8_blood_strict_full_noreplace,test,899,6,6,19.864349,-9.286710
natural,svhn8_blood_strict_full_noreplace,test,900,5,5,-27.050238,15.131492
natural,svhn8_blood_strict_full_noreplace,test,901,6,6,62.443069,11.820401
natural,svhn8_blood_strict_full_noreplace,test,902,6,6,44.097099,9.514155
natural,svhn8_blood_strict_full_noreplace,test,903,5,6,-2.635069,-17.742989
natural,svhn8_blood_strict_full_noreplace,test,904,5,6,-11.269942,3.739007
natural,svhn8_blood_strict_full_noreplace,test,905,7,5,-38.594063,11.573379
natural,svhn8_blood_strict_full_noreplace,test,906,1,6,-4.325777,-36.873856
natural,svhn8_blood_strict_full_noreplace,test,907,2,6,3.939725,-4.822730
natural,svhn8_blood_strict_full_noreplace,test,908,5,5,-28.666836,34.264297
natural,svhn8_blood_strict_full_noreplace,test,909,5,5,-14.160443,19.622292
natural,svhn8_blood_strict_full_noreplace,test,910,0,6,62.201088,1.718746
natural,svhn8_blood_strict_full_noreplace,test,911,3,5,-30.626154,12.736174
natural,svhn8_blood_strict_full_noreplace,test,912,4,6,-13.143272,-7.749149
natural,svhn8_blood_strict_full_noreplace,test,913,1,6,-1.977170,-17.804790
natural,svhn8_blood_strict_full_noreplace,test,914,3,6,-27.447170,-6.241428
natural,svhn8_blood_strict_full_noreplace,test,915,5,5,-25.097879,30.928886
natural,svhn8_blood_strict_full_noreplace,test,916,4,6,9.930528,-14.236135
natural,svhn8_blood_strict_full_noreplace,test,917,4,6,-2.964124,-38.529160
natural,svhn8_blood_strict_full_noreplace,test,918,1,6,-0.245892,-35.554535
natural,svhn8_blood_strict_full_noreplace,test,919,6,6,68.265862,5.705837
natural,svhn8_blood_strict_full_noreplace,test,920,4,6,34.242290,-5.989357
natural,svhn8_blood_strict_full_noreplace,test,921,6,6,20.355404,-2.501263
natural,svhn8_blood_strict_full_noreplace,test,922,1,6,-4.142919,-40.386463
natural,svhn8_blood_strict_full_noreplace,test,923,7,6,-15.435890,-11.558572
natural,svhn8_blood_strict_full_noreplace,test,924,3,6,3.257895,-2.780116
natural,svhn8_blood_strict_full_noreplace,test,925,1,6,-24.621176,-30.167891
natural,svhn8_blood_strict_full_noreplace,test,926,2,6,15.954831,4.529619
natural,svhn8_blood_strict_full_noreplace,test,927,0,6,56.658779,4.443893
natural,svhn8_blood_strict_full_noreplace,test,928,3,6,5.365971,10.285119
natural,svhn8_blood_strict_full_noreplace,test,929,0,6,-11.797298,-6.496086
natural,svhn8_blood_strict_full_noreplace,test,930,1,5,-15.541364,-32.101643
natural,svhn8_blood_strict_full_noreplace,test,931,3,6,-12.536425,23.730167
natural,svhn8_blood_strict_full_noreplace,test,932,7,6,-16.812593,-6.046647
natural,svhn8_blood_strict_full_noreplace,test,933,6,6,-14.257854,-13.378363
natural,svhn8_blood_strict_full_noreplace,test,934,3,6,-23.245165,16.803127
natural,svhn8_blood_strict_full_noreplace,test,935,5,5,-23.344316,24.786297
natural,svhn8_blood_strict_full_noreplace,test,936,2,6,-20.538351,15.649288
natural,svhn8_blood_strict_full_noreplace,test,937,3,6,5.656200,16.364882
natural,svhn8_blood_strict_full_noreplace,test,938,7,5,-35.023033,-6.571808
natural,svhn8_blood_strict_full_noreplace,test,939,7,5,-35.721870,0.137023
natural,svhn8_blood_strict_full_noreplace,test,940,1,6,19.338354,-15.256638
natural,svhn8_blood_strict_full_noreplace,test,941,1,6,1.725642,-17.183165
natural,svhn8_blood_strict_full_noreplace,test,942,2,6,6.251787,-0.819675
natural,svhn8_blood_strict_full_noreplace,test,943,4,6,-16.883135,-18.475986
natural,svhn8_blood_strict_full_noreplace,test,944,1,6,-11.883182,-27.777533
natural,svhn8_blood_strict_full_noreplace,test,945,1,5,-32.164028,-14.113281
natural,svhn8_blood_strict_full_noreplace,test,946,4,6,12.820281,-20.939810
natural,svhn8_blood_strict_full_noreplace,test,947,1,6,-0.120818,-20.380219
natural,svhn8_blood_strict_full_noreplace,test,948,7,5,-40.515526,16.604580
natural,svhn8_blood_strict_full_noreplace,test,949,6,6,39.480202,14.404104
natural,svhn8_blood_strict_full_noreplace,test,950,1,6,-25.640217,-34.952869
natural,svhn8_blood_strict_full_noreplace,test,951,3,5,-20.523392,21.294624
natural,svhn8_blood_strict_full_noreplace,test,952,1,6,6.154169,-12.250562
natural,svhn8_blood_strict_full_noreplace,test,953,6,6,40.551880,3.776446
natural,svhn8_blood_strict_full_noreplace,test,954,6,6,31.484856,0.190831
natural,svhn8_blood_strict_full_noreplace,test,955,6,6,62.939934,13.331474
natural,svhn8_blood_strict_full_noreplace,test,956,2,5,-12.635172,6.002003
natural,svhn8_blood_strict_full_noreplace,test,957,1,6,3.186378,-27.897711
natural,svhn8_blood_strict_full_noreplace,test,958,4,6,1.383886,-13.571183
natural,svhn8_blood_strict_full_noreplace,test,959,7,5,-38.598095,3.979154
natural,svhn8_blood_strict_full_noreplace,test,960,1,6,4.745615,-32.400833
natural,svhn8_blood_strict_full_noreplace,test,961,0,6,64.288139,1.281629
natural,svhn8_blood_strict_full_noreplace,test,962,3,6,57.205379,18.887388
natural,svhn8_blood_strict_full_noreplace,test,963,5,6,-9.142784,22.906342
natural,svhn8_blood_strict_full_noreplace,test,964,3,6,18.418358,-8.400678
natural,svhn8_blood_strict_full_noreplace,test,965,3,5,-21.571962,20.518982
natural,svhn8_blood_strict_full_noreplace,test,966,1,6,22.166498,-17.032358
natural,svhn8_blood_strict_full_noreplace,test,967,2,6,15.816896,4.869075
natural,svhn8_blood_strict_full_noreplace,test,968,6,6,36.782906,3.696070
natural,svhn8_blood_strict_full_noreplace,test,969,4,6,-12.909486,-16.409569
natural,svhn8_blood_strict_full_noreplace,test,970,2,6,4.769171,4.144807
natural,svhn8_blood_strict_full_noreplace,test,971,7,5,-41.396423,15.049873
natural,svhn8_blood_strict_full_noreplace,test,972,0,6,39.471100,17.018736
natural,svhn8_blood_strict_full_noreplace,test,973,4,6,12.908577,-20.848272
natural,svhn8_blood_strict_full_noreplace,test,974,3,5,-28.680578,31.121479
natural,svhn8_blood_strict_full_noreplace,test,975,3,6,4.509781,17.942894
natural,svhn8_blood_strict_full_noreplace,test,976,4,5,-20.061790,-23.591471
natural,svhn8_blood_strict_full_noreplace,test,977,2,6,-1.440909,-3.557540
natural,svhn8_blood_strict_full_noreplace,test,978,7,6,-24.310114,-9.157558
natural,svhn8_blood_strict_full_noreplace,test,979,3,5,-38.411484,-10.019637
natural,svhn8_blood_strict_full_noreplace,test,980,6,6,49.502628,10.339253
natural,svhn8_blood_strict_full_noreplace,test,981,6,6,49.655693,8.053336
natural,svhn8_blood_strict_full_noreplace,test,982,6,6,62.676334,11.604276
natural,svhn8_blood_strict_full_noreplace,test,983,7,5,-38.157082,6.663560
natural,svhn8_blood_strict_full_noreplace,test,984,5,5,-25.214624,31.043562
natural,svhn8_blood_strict_full_noreplace,test,985,5,5,-19.019909,27.143459
natural,svhn8_blood_strict_full_noreplace,test,986,5,5,-24.428976,25.845678
natural,svhn8_blood_strict_full_noreplace,test,987,6,6,69.189758,8.404532
natural,svhn8_blood_strict_full_noreplace,test,988,1,6,-3.693831,-31.745581
natural,svhn8_blood_strict_full_noreplace,test,989,1,6,-20.500826,-40.467911
natural,svhn8_blood_strict_full_noreplace,test,990,7,5,-34.956951,7.454683
natural,svhn8_blood_strict_full_noreplace,test,991,1,6,-23.871778,-39.242538
natural,svhn8_blood_strict_full_noreplace,test,992,1,6,-9.907098,-32.374996
natural,svhn8_blood_strict_full_noreplace,test,993,3,6,-10.521465,24.969233
natural,svhn8_blood_strict_full_noreplace,test,994,1,6,-13.791880,-33.689274
natural,svhn8_blood_strict_full_noreplace,test,995,1,6,4.563848,-34.858833
natural,svhn8_blood_strict_full_noreplace,test,996,5,5,-25.939302,30.480183
natural,svhn8_blood_strict_full_noreplace,test,997,6,6,55.743759,15.636923
natural,svhn8_blood_strict_full_noreplace,test,998,3,5,-19.511684,31.091816
natural,svhn8_blood_strict_full_noreplace,test,999,6,6,53.219875,10.787896
natural,svhn8_blood_strict_full_noreplace,test,1000,0,0,73.185043,0.503802
natural,svhn8_blood_strict_full_noreplace,test,1001,3,6,28.562706,9.897361
natural,svhn8_blood_strict_full_noreplace,test,1002,6,6,22.210415,-4.646010
natural,svhn8_blood_strict_full_noreplace,test,1003,0,6,26.285538,6.670973
natural,svhn8_blood_strict_full_noreplace,test,1004,4,6,12.736470,-21.174383
natural,svhn8_blood_strict_full_noreplace,test,1005,6,6,38.751453,10.172518
natural,svhn8_blood_strict_full_noreplace,test,1006,7,6,-25.068094,-11.926256
natural,svhn8_blood_strict_full_noreplace,test,1007,4,6,2.652665,-18.406366
natural,svhn8_blood_strict_full_noreplace,test,1008,2,6,-28.336636,-8.144643
natural,svhn8_blood_strict_full_noreplace,test,1009,3,5,-34.511372,28.963242
natural,svhn8_blood_strict_full_noreplace,test,1010,0,6,68.839653,2.529827
natural,svhn8_blood_strict_full_noreplace,test,1011,6,6,0.736365,-13.077962
natural,svhn8_blood_strict_full_noreplace,test,1012,6,6,71.914871,5.318934
natural,svhn8_blood_strict_full_noreplace,test,1013,7,6,-16.512133,1.270375
natural,svhn8_blood_strict_full_noreplace,test,1014,2,6,12.656455,2.940108
natural,svhn8_blood_strict_full_noreplace,test,1015,6,6,31.918839,3.616498
natural,svhn8_blood_strict_full_noreplace,test,1016,3,5,-38.993076,35.670433
natural,svhn8_blood_strict_full_noreplace,test,1017,5,5,-22.122580,1.794033
natural,svhn8_blood_strict_full_noreplace,test,1018,1,6,-4.274558,-20.411097
natural,svhn8_blood_strict_full_noreplace,test,1019,5,5,-38.221306,29.162226
natural,svhn8_blood_strict_full_noreplace,test,1020,6,6,21.141090,-1.882645
natural,svhn8_blood_strict_full_noreplace,test,1021,4,6,13.894032,-9.968041
natural,svhn8_blood_strict_full_noreplace,test,1022,1,5,-16.704618,-32.088753
natural,svhn8_blood_strict_full_noreplace,test,1023,3,5,-32.932644,28.332703
natural,svhn8_blood_strict_full_noreplace,test,1024,6,6,12.344917,-10.891243
natural,svhn8_blood_strict_full_noreplace,test,1025,1,6,-20.801210,-33.388622
natural,svhn8_blood_strict_full_noreplace,test,1026,3,5,-26.242168,7.050185
natural,svhn8_blood_strict_full_noreplace,test,1027,6,6,53.588337,11.824491
natural,svhn8_blood_strict_full_noreplace,test,1028,1,6,-23.980789,-38.752968
natural,svhn8_blood_strict_full_noreplace,test,1029,6,6,12.011414,-9.044966
natural,svhn8_blood_strict_full_noreplace,test,1030,6,6,56.414574,10.649570
natural,svhn8_blood_strict_full_noreplace,test,1031,4,6,-37.237625,-1.732200
natural,svhn8_blood_strict_full_noreplace,test,1032,6,6,53.304428,11.913130
natural,svhn8_blood_strict_full_noreplace,test,1033,6,6,37.757133,13.899427
natural,svhn8_blood_strict_full_noreplace,test,1034,6,6,32.892052,10.721175
natural,svhn8_blood_strict_full_noreplace,test,1035,6,6,8.928480,10.227012
natural,svhn8_blood_strict_full_noreplace,test,1036,7,6,-5.081615,-10.100234
natural,svhn8_blood_strict_full_noreplace,test,1037,1,6,22.802954,-4.451203
natural,svhn8_blood_strict_full_noreplace,test,1038,3,5,-40.658989,36.188885
natural,svhn8_blood_strict_full_noreplace,test,1039,6,6,33.176422,9.117635
natural,svhn8_blood_strict_full_noreplace,test,1040,1,6,-12.911573,-35.225529
natural,svhn8_blood_strict_full_noreplace,test,1041,7,6,-34.983829,-2.410941
natural,svhn8_blood_strict_full_noreplace,test,1042,1,6,-4.753441,-32.945293
natural,svhn8_blood_strict_full_noreplace,test,1043,5,6,-13.825862,22.137861
natural,svhn8_blood_strict_full_noreplace,test,1044,1,6,-11.741833,-6.365718
natural,svhn8_blood_strict_full_noreplace,test,1045,6,6,37.521210,11.807001
natural,svhn8_blood_strict_full_noreplace,test,1046,2,6,-22.250839,-2.217504
natural,svhn8_blood_strict_full_noreplace,test,1047,0,6,22.845598,-8.540732
natural,svhn8_blood_strict_full_noreplace,test,1048,7,6,-16.629242,-14.383962
natural,svhn8_blood_strict_full_noreplace,test,1049,3,6,-12.519338,0.174897
natural,svhn8_blood_strict_full_noreplace,test,1050,1,6,24.518068,-13.814808
natural,svhn8_blood_strict_full_noreplace,test,1051,3,6,-9.250700,24.324955
natural,svhn8_blood_strict_full_noreplace,test,1052,0,6,40.482849,0.629629
natural,svhn8_blood_strict_full_noreplace,test,1053,7,6,-23.616817,-10.866736
natural,svhn8_blood_strict_full_noreplace,test,1054,5,5,-28.822388,28.185905
natural,svhn8_blood_strict_full_noreplace,test,1055,7,5,-42.433231,14.092905
natural,svhn8_blood_strict_full_noreplace,test,1056,1,5,-23.204975,-32.222889
natural,svhn8_blood_strict_full_noreplace,test,1057,3,5,-21.832088,26.065590
natural,svhn8_blood_strict_full_noreplace,test,1058,4,6,4.351435,-6.144481
natural,svhn8_blood_strict_full_noreplace,test,1059,1,6,22.841284,-13.242822
natural,svhn8_blood_strict_full_noreplace,test,1060,4,6,12.803500,-20.384340
natural,svhn8_blood_strict_full_noreplace,test,1061,1,6,23.370502,-12.014595
natural,svhn8_blood_strict_full_noreplace,test,1062,2,6,-19.605661,3.666667
natural,svhn8_blood_strict_full_noreplace,test,1063,1,6,23.944069,-14.713800
natural,svhn8_blood_strict_full_noreplace,test,1064,6,6,12.479430,-11.746840
natural,svhn8_blood_strict_full_noreplace,test,1065,7,6,-25.120588,-12.189116
natural,svhn8_blood_strict_full_noreplace,test,1066,4,6,8.670181,-20.261324
natural,svhn8_blood_strict_full_noreplace,test,1067,3,5,-38.826687,37.270027
natural,svhn8_blood_strict_full_noreplace,test,1068,3,5,-39.971951,28.299986
natural,svhn8_blood_strict_full_noreplace,test,1069,6,6,11.202445,13.356925
natural,svhn8_blood_strict_full_noreplace,test,1070,6,6,32.901085,5.150549
natural,svhn8_blood_strict_full_noreplace,test,1071,1,5,-23.971275,-34.061329
natural,svhn8_blood_strict_full_noreplace,test,1072,6,6,53.504456,13.694333
natural,svhn8_blood_strict_full_noreplace,test,1073,4,6,8.832256,-18.626713
natural,svhn8_blood_strict_full_noreplace,test,1074,7,5,-44.562027,16.508486
natural,svhn8_blood_strict_full_noreplace,test,1075,3,5,-22.763552,22.941895
natural,svhn8_blood_strict_full_noreplace,test,1076,1,6,4.591658,-24.310188
natural,svhn8_blood_strict_full_noreplace,test,1077,7,6,-4.493628,10.147131
natural,svhn8_blood_strict_full_noreplace,test,1078,7,6,-20.921917,-9.645902
natural,svhn8_blood_strict_full_noreplace,test,1079,6,6,17.409624,-9.355189
natural,svhn8_blood_strict_full_noreplace,test,1080,3,6,52.956360,15.647593
natural,svhn8_blood_strict_full_noreplace,test,1081,7,5,-30.402277,5.064793
natural,svhn8_blood_strict_full_noreplace,test,1082,7,5,-36.763485,7.964447
natural,svhn8_blood_strict_full_noreplace,test,1083,3,6,-14.949264,7.348735
natural,svhn8_blood_strict_full_noreplace,test,1084,3,5,-37.426888,37.278053
natural,svhn8_blood_strict_full_noreplace,test,1085,1,6,-15.401769,-33.610210
natural,svhn8_blood_strict_full_noreplace,test,1086,3,6,-27.021564,22.874023
natural,svhn8_blood_strict_full_noreplace,test,1087,6,6,64.415962,12.868557
natural,svhn8_blood_strict_full_noreplace,test,1088,7,5,-30.938498,-1.720977
natural,svhn8_blood_strict_full_noreplace,test,1089,1,6,-17.318647,-30.020742
natural,svhn8_blood_strict_full_noreplace,test,1090,0,6,-12.551092,13.210567
natural,svhn8_blood_strict_full_noreplace,test,1091,5,6,1.864462,12.007871
natural,svhn8_blood_strict_full_noreplace,test,1092,7,5,-42.568752,13.681218
natural,svhn8_blood_strict_full_noreplace,test,1093,7,6,-33.376690,1.422243
natural,svhn8_blood_strict_full_noreplace,test,1094,3,6,-14.653178,23.062965
natural,svhn8_blood_strict_full_noreplace,test,1095,4,6,12.188625,-16.827759
natural,svhn8_blood_strict_full_noreplace,test,1096,7,6,-6.597122,-15.957706
natural,svhn8_blood_strict_full_noreplace,test,1097,0,0,73.681061,0.104717
natural,svhn8_blood_strict_full_noreplace,test,1098,3,6,2.873234,-34.019249
natural,svhn8_blood_strict_full_noreplace,test,1099,7,5,-38.145138,11.777498
natural,svhn8_blood_strict_full_noreplace,test,1100,7,6,-20.424486,-10.629642
natural,svhn8_blood_strict_full_noreplace,test,1101,2,6,7.245848,2.750053
natural,svhn8_blood_strict_full_noreplace,test,1102,1,6,30.563780,-6.569411
natural,svhn8_blood_strict_full_noreplace,test,1103,7,5,-39.653309,8.058808
natural,svhn8_blood_strict_full_noreplace,test,1104,1,6,8.075908,-31.709723
natural,svhn8_blood_strict_full_noreplace,test,1105,4,6,-21.895611,-20.127937
natural,svhn8_blood_strict_full_noreplace,test,1106,7,5,-41.869488,18.544201
natural,svhn8_blood_strict_full_noreplace,test,1107,3,5,-33.059944,-13.226377
natural,svhn8_blood_strict_full_noreplace,test,1108,1,6,5.913069,-36.027603
natural,svhn8_blood_strict_full_noreplace,test,1109,6,6,17.906193,-7.119179
natural,svhn8_blood_strict_full_noreplace,test,1110,3,6,8.942944,16.579815
natural,svhn8_blood_strict_full_noreplace,test,1111,6,6,20.297974,-6.820240
natural,svhn8_blood_strict_full_noreplace,test,1112,2,6,-12.785303,-4.140464
natural,svhn8_blood_strict_full_noreplace,test,1113,1,6,3.026315,-19.541088
natural,svhn8_blood_strict_full_noreplace,test,1114,7,6,2.729652,-16.677914
natural,svhn8_blood_strict_full_noreplace,test,1115,2,6,-2.102472,-0.201189
natural,svhn8_blood_strict_full_noreplace,test,1116,4,6,-7.515895,-21.010014
natural,svhn8_blood_strict_full_noreplace,test,1117,1,6,-20.175507,-35.720142
natural,svhn8_blood_strict_full_noreplace,test,1118,1,6,-7.182727,-36.707310
natural,svhn8_blood_strict_full_noreplace,test,1119,3,5,-38.386513,29.979895
natural,svhn8_blood_strict_full_noreplace,test,1120,2,5,-14.750837,5.244425
natural,svhn8_blood_strict_full_noreplace,test,1121,6,6,31.943163,6.922859
natural,svhn8_blood_strict_full_noreplace,test,1122,0,6,56.790985,19.043188
natural,svhn8_blood_strict_full_noreplace,test,1123,2,6,-21.763945,-12.459760
natural,svhn8_blood_strict_full_noreplace,test,1124,7,6,-30.294123,-3.766164
natural,svhn8_blood_strict_full_noreplace,test,1125,1,5,-24.685303,-35.776016
natural,svhn8_blood_strict_full_noreplace,test,1126,5,5,-21.557364,28.855753
natural,svhn8_blood_strict_full_noreplace,test,1127,0,6,65.428215,4.181271
natural,svhn8_blood_strict_full_noreplace,test,1128,0,5,-15.357966,2.827093
natural,svhn8_blood_strict_full_noreplace,test,1129,5,6,-13.929425,19.512524
natural,svhn8_blood_strict_full_noreplace,test,1130,3,6,-12.618951,-34.708572
natural,svhn8_blood_strict_full_noreplace,test,1131,7,5,-36.855919,7.975404
natural,svhn8_blood_strict_full_noreplace,test,1132,5,5,-19.244638,28.583584
natural,svhn8_blood_strict_full_noreplace,test,1133,6,6,49.866634,11.357162
natural,svhn8_blood_strict_full_noreplace,test,1134,7,6,-18.365633,-14.446285
natural,svhn8_blood_strict_full_noreplace,test,1135,4,6,-12.355102,-17.245445
natural,svhn8_blood_strict_full_noreplace,test,1136,2,6,-3.353663,-13.223763
natural,svhn8_blood_strict_full_noreplace,test,1137,6,6,62.553062,10.529038
natural,svhn8_blood_strict_full_noreplace,test,1138,6,6,63.219711,9.177108
natural,svhn8_blood_strict_full_noreplace,test,1139,7,6,-3.739353,10.378720
natural,svhn8_blood_strict_full_noreplace,test,1140,1,6,3.560237,-22.222519
natural,svhn8_blood_strict_full_noreplace,test,1141,3,5,-30.864166,14.962485
natural,svhn8_blood_strict_full_noreplace,test,1142,3,5,-30.858465,34.661095
natural,svhn8_blood_strict_full_noreplace,test,1143,3,5,-25.011862,19.064053
natural,svhn8_blood_strict_full_noreplace,test,1144,3,6,-13.056695,15.259896
natural,svhn8_blood_strict_full_noreplace,test,1145,6,6,47.908817,6.299289
natural,svhn8_blood_strict_full_noreplace,test,1146,1,6,0.629329,-23.297152
natural,svhn8_blood_strict_full_noreplace,test,1147,5,5,-24.446714,30.586235
natural,svhn8_blood_strict_full_noreplace,test,1148,1,6,34.682499,0.723239
natural,svhn8_blood_strict_full_noreplace,test,1149,7,6,-33.774670,4.864401
natural,svhn8_blood_strict_full_noreplace,test,1150,4,6,2.485302,-15.329165
natural,svhn8_blood_strict_full_noreplace,test,1151,5,5,-34.433811,24.786097
natural,svhn8_blood_strict_full_noreplace,test,1152,1,6,-23.959120,-19.066507
natural,svhn8_blood_strict_full_noreplace,test,1153,6,6,42.698551,11.483465
natural,svhn8_blood_strict_full_noreplace,test,1154,4,5,-14.195545,-25.538317
natural,svhn8_blood_strict_full_noreplace,test,1155,1,6,-15.990604,-30.196491
natural,svhn8_blood_strict_full_noreplace,test,1156,2,6,9.153230,8.568122
natural,svhn8_blood_strict_full_noreplace,test,1157,6,6,28.252356,5.459155
natural,svhn8_blood_strict_full_noreplace,test,1158,3,6,-11.772729,21.899637
natural,svhn8_blood_strict_full_noreplace,test,1159,6,6,44.753700,6.398504
natural,svhn8_blood_strict_full_noreplace,test,1160,5,5,-37.304836,21.931597
natural,svhn8_blood_strict_full_noreplace,test,1161,1,6,21.518063,-14.642871
natural,svhn8_blood_strict_full_noreplace,test,1162,6,6,49.558891,12.013192
natural,svhn8_blood_strict_full_noreplace,test,1163,2,6,3.742823,-14.816525
natural,svhn8_blood_strict_full_noreplace,test,1164,6,6,21.049297,-13.803926
natural,svhn8_blood_strict_full_noreplace,test,1165,6,6,45.130657,6.380519
natural,svhn8_blood_strict_full_noreplace,test,1166,4,6,5.074354,4.437717
natural,svhn8_blood_strict_full_noreplace,test,1167,2,6,1.370069,-5.719336
natural,svhn8_blood_strict_full_noreplace,test,1168,3,6,-20.388525,17.083202
natural,svhn8_blood_strict_full_noreplace,test,1169,6,6,47.892326,15.634618
natural,svhn8_blood_strict_full_noreplace,test,1170,6,6,29.679531,4.275963
natural,svhn8_blood_strict_full_noreplace,test,1171,5,5,-38.617813,31.268539
natural,svhn8_blood_strict_full_noreplace,test,1172,7,5,-42.120747,15.752119
natural,svhn8_blood_strict_full_noreplace,test,1173,1,6,22.865692,-13.776215
natural,svhn8_blood_strict_full_noreplace,test,1174,1,6,11.721950,-10.925794
natural,svhn8_blood_strict_full_noreplace,test,1175,2,5,-31.860758,13.256067
natural,svhn8_blood_strict_full_noreplace,test,1176,6,6,25.020309,-3.492677
natural,svhn8_blood_strict_full_noreplace,test,1177,1,6,-24.109753,-34.030525
natural,svhn8_blood_strict_full_noreplace,test,1178,6,6,24.664770,-3.568300
natural,svhn8_blood_strict_full_noreplace,test,1179,7,6,-18.713448,-3.390579
natural,svhn8_blood_strict_full_noreplace,test,1180,3,5,-23.284552,18.709185
natural,svhn8_blood_strict_full_noreplace,test,1181,2,6,9.232238,4.048264
natural,svhn8_blood_strict_full_noreplace,test,1182,6,6,69.760345,6.834384
natural,svhn8_blood_strict_full_noreplace,test,1183,6,6,50.395992,7.550516
natural,svhn8_blood_strict_full_noreplace,test,1184,4,6,-14.810606,-14.882565
natural,svhn8_blood_strict_full_noreplace,test,1185,7,6,-16.315977,-7.169034
natural,svhn8_blood_strict_full_noreplace,test,1186,3,6,-17.460032,10.603551
natural,svhn8_blood_strict_full_noreplace,test,1187,0,6,39.900864,1.067781
natural,svhn8_blood_strict_full_noreplace,test,1188,1,6,-19.371994,-32.378613
natural,svhn8_blood_strict_full_noreplace,test,1189,6,6,25.813614,0.500035
natural,svhn8_blood_strict_full_noreplace,test,1190,5,6,0.176911,11.841608
natural,svhn8_blood_strict_full_noreplace,test,1191,5,6,-12.513618,13.741286
natural,svhn8_blood_strict_full_noreplace,test,1192,6,6,31.876978,5.821598
natural,svhn8_blood_strict_full_noreplace,test,1193,3,5,-27.007439,29.195526
natural,svhn8_blood_strict_full_noreplace,test,1194,0,6,28.659609,-3.493036
natural,svhn8_blood_strict_full_noreplace,test,1195,2,5,-25.768448,0.626304
natural,svhn8_blood_strict_full_noreplace,test,1196,4,6,-6.375064,-20.859114
natural,svhn8_blood_strict_full_noreplace,test,1197,3,5,-33.218086,15.688117
natural,svhn8_blood_strict_full_noreplace,test,1198,5,5,-33.420139,-10.415008
natural,svhn8_blood_strict_full_noreplace,test,1199,7,6,-16.932335,-27.943893
natural,svhn8_blood_strict_full_noreplace,test,1200,6,6,33.236202,5.174326
natural,svhn8_blood_strict_full_noreplace,test,1201,5,5,-23.140644,29.294781
natural,svhn8_blood_strict_full_noreplace,test,1202,5,5,-21.545921,28.342667
natural,svhn8_blood_strict_full_noreplace,test,1203,3,6,-17.950289,-0.787140
natural,svhn8_blood_strict_full_noreplace,test,1204,6,6,27.280609,-2.460763
natural,svhn8_blood_strict_full_noreplace,test,1205,7,6,-22.775639,-9.464393
natural,svhn8_blood_strict_full_noreplace,test,1206,3,5,-28.173481,25.805723
natural,svhn8_blood_strict_full_noreplace,test,1207,0,6,67.167007,1.504334
natural,svhn8_blood_strict_full_noreplace,test,1208,1,6,-5.093101,-30.334385
natural,svhn8_blood_strict_full_noreplace,test,1209,7,5,-41.723942,8.367171
natural,svhn8_blood_strict_full_noreplace,test,1210,0,6,40.428032,0.777904
natural,svhn8_blood_strict_full_noreplace,test,1211,3,6,-9.117296,25.991726
natural,svhn8_blood_strict_full_noreplace,test,1212,0,6,18.547773,-9.735127
natural,svhn8_blood_strict_full_noreplace,test,1213,2,6,16.737333,5.568129
natural,svhn8_blood_strict_full_noreplace,test,1214,3,5,-30.832228,14.932449
natural,svhn8_blood_strict_full_noreplace,test,1215,6,6,38.112160,8.147671
natural,svhn8_blood_strict_full_noreplace,test,1216,7,5,-43.313835,19.464441
natural,svhn8_blood_strict_full_noreplace,test,1217,3,6,-27.855661,-8.828082
natural,svhn8_blood_strict_full_noreplace,test,1218,1,6,7.403243,-36.559242
natural,svhn8_blood_strict_full_noreplace,test,1219,3,5,-25.590210,12.859017
natural,svhn8_blood_strict_full_noreplace,test,1220,6,6,59.808784,9.404991
natural,svhn8_blood_strict_full_noreplace,test,1221,7,5,-25.405664,4.424223
natural,svhn8_blood_strict_full_noreplace,test,1222,6,6,57.708031,11.929730
natural,svhn8_blood_strict_full_noreplace,test,1223,1,6,-2.171994,-31.481628
natural,svhn8_blood_strict_full_noreplace,test,1224,0,6,55.224945,2.490255
natural,svhn8_blood_strict_full_noreplace,test,1225,5,6,-14.561314,21.354565
natural,svhn8_blood_strict_full_noreplace,test,1226,5,6,-1.916054,6.781801
natural,svhn8_blood_strict_full_noreplace,test,1227,6,6,69.147583,9.401131
natural,svhn8_blood_strict_full_noreplace,test,1228,4,6,26.266544,-8.818026
natural,svhn8_blood_strict_full_noreplace,test,1229,2,6,6.776054,-11.181129
natural,svhn8_blood_strict_full_noreplace,test,1230,3,5,-28.205761,15.008526
natural,svhn8_blood_strict_full_noreplace,test,1231,7,6,-2.808790,-8.525458
natural,svhn8_blood_strict_full_noreplace,test,1232,1,6,-12.426345,-30.283442
natural,svhn8_blood_strict_full_noreplace,test,1233,0,0,73.908813,-0.274344
natural,svhn8_blood_strict_full_noreplace,test,1234,1,6,-11.440187,-39.278831
natural,svhn8_blood_strict_full_noreplace,test,1235,1,6,-19.475687,-39.614498
natural,svhn8_blood_strict_full_noreplace,test,1236,1,6,9.313756,-0.698825
natural,svhn8_blood_strict_full_noreplace,test,1237,6,6,55.912636,10.039428
natural,svhn8_blood_strict_full_noreplace,test,1238,6,6,36.769028,5.948428
natural,svhn8_blood_strict_full_noreplace,test,1239,7,6,-2.108492,-7.765182
natural,svhn8_blood_strict_full_noreplace,test,1240,4,6,-11.495697,-21.366207
natural,svhn8_blood_strict_full_noreplace,test,1241,6,6,30.451239,4.657412
natural,svhn8_blood_strict_full_noreplace,test,1242,6,6,27.894512,2.934405
natural,svhn8_blood_strict_full_noreplace,test,1243,6,6,51.445370,6.954329
natural,svhn8_blood_strict_full_noreplace,test,1244,6,6,38.250828,9.294193
natural,svhn8_blood_strict_full_noreplace,test,1245,4,6,9.504714,-19.439529
natural,svhn8_blood_strict_full_noreplace,test,1246,1,6,-8.580385,-28.959362
natural,svhn8_blood_strict_full_noreplace,test,1247,3,5,-33.898743,32.958183
natural,svhn8_blood_strict_full_noreplace,test,1248,1,6,3.369830,-37.546921
natural,svhn8_blood_strict_full_noreplace,test,1249,6,6,69.476662,7.414989
natural,svhn8_blood_strict_full_noreplace,test,1250,6,6,47.119514,16.730797
natural,svhn8_blood_strict_full_noreplace,test,1251,7,6,-29.161030,-9.108303
natural,svhn8_blood_strict_full_noreplace,test,1252,7,6,-24.014893,-3.391320
natural,svhn8_blood_strict_full_noreplace,test,1253,2,6,-12.255091,0.957263
natural,svhn8_blood_strict_full_noreplace,test,1254,5,5,-34.888023,33.003120
natural,svhn8_blood_strict_full_noreplace,test,1255,6,6,47.500202,6.856299
natural,svhn8_blood_strict_full_noreplace,test,1256,7,6,-6.629609,-11.595805
natural,svhn8_blood_strict_full_noreplace,test,1257,2,5,-28.656988,10.605505
natural,svhn8_blood_strict_full_noreplace,test,1258,1,6,-14.585341,-34.841141
natural,svhn8_blood_strict_full_noreplace,test,1259,6,6,50.529888,11.230942
natural,svhn8_blood_strict_full_noreplace,test,1260,3,5,-38.924000,38.316917
natural,svhn8_blood_strict_full_noreplace,test,1261,7,5,-37.462620,3.022596
natural,svhn8_blood_strict_full_noreplace,test,1262,3,5,-21.918791,-28.792200
natural,svhn8_blood_strict_full_noreplace,test,1263,1,6,6.441492,-36.868843
natural,svhn8_blood_strict_full_noreplace,test,1264,3,6,-10.215930,9.821209
natural,svhn8_blood_strict_full_noreplace,test,1265,7,5,-37.514652,10.174206
natural,svhn8_blood_strict_full_noreplace,test,1266,6,6,25.549061,6.628940
natural,svhn8_blood_strict_full_noreplace,test,1267,2,5,-28.263186,2.208925
natural,svhn8_blood_strict_full_noreplace,test,1268,2,6,15.568535,3.797160
natural,svhn8_blood_strict_full_noreplace,test,1269,3,5,-33.366695,27.867403
natural,svhn8_blood_strict_full_noreplace,test,1270,1,6,2.584038,-24.756773
natural,svhn8_blood_strict_full_noreplace,test,1271,7,5,-29.777641,25.142641
natural,svhn8_blood_strict_full_noreplace,test,1272,1,6,8.905849,-33.751652
natural,svhn8_blood_strict_full_noreplace,test,1273,1,6,-19.478010,-39.550949
natural,svhn8_blood_strict_full_noreplace,test,1274,2,5,-5.976997,-10.565355
natural,svhn8_blood_strict_full_noreplace,test,1275,5,5,-23.745436,23.114426
natural,svhn8_blood_strict_full_noreplace,test,1276,2,6,7.960998,-9.736745
natural,svhn8_blood_strict_full_noreplace,test,1277,7,6,-31.284098,-10.536343
natural,svhn8_blood_strict_full_noreplace,test,1278,1,6,-8.187659,-39.956127
natural,svhn8_blood_strict_full_noreplace,test,1279,2,6,1.750283,2.391104
natural,svhn8_blood_strict_full_noreplace,test,1280,4,6,-17.158813,-25.039820
natural,svhn8_blood_strict_full_noreplace,test,1281,3,5,-34.800625,-12.813596
natural,svhn8_blood_strict_full_noreplace,test,1282,5,5,-26.985535,21.609138
natural,svhn8_blood_strict_full_noreplace,test,1283,2,5,-29.957111,9.118859
natural,svhn8_blood_strict_full_noreplace,test,1284,1,6,-11.672155,-37.003990
natural,svhn8_blood_strict_full_noreplace,test,1285,4,5,-43.206852,18.845182
natural,svhn8_blood_strict_full_noreplace,test,1286,1,6,-10.882844,-12.759526
natural,svhn8_blood_strict_full_noreplace,test,1287,6,6,22.199978,-8.622021
natural,svhn8_blood_strict_full_noreplace,test,1288,7,6,-28.107100,-5.250009
natural,svhn8_blood_strict_full_noreplace,test,1289,3,5,-31.792419,28.471701
natural,svhn8_blood_strict_full_noreplace,test,1290,6,6,39.232971,8.316253
natural,svhn8_blood_strict_full_noreplace,test,1291,6,6,48.576420,6.506951
natural,svhn8_blood_strict_full_noreplace,test,1292,3,6,-5.863101,16.267681
natural,svhn8_blood_strict_full_noreplace,test,1293,3,6,-17.363522,30.094187
natural,svhn8_blood_strict_full_noreplace,test,1294,2,6,-4.297181,4.504908
natural,svhn8_blood_strict_full_noreplace,test,1295,3,6,-8.879829,25.053637
natural,svhn8_blood_strict_full_noreplace,test,1296,2,6,2.926131,-6.024286
natural,svhn8_blood_strict_full_noreplace,test,1297,1,6,1.361349,-29.458332
natural,svhn8_blood_strict_full_noreplace,test,1298,7,5,-33.831753,-13.824633
natural,svhn8_blood_strict_full_noreplace,test,1299,5,6,8.461957,15.190322
natural,svhn8_blood_strict_full_noreplace,test,1300,2,6,-10.577559,-9.316299
natural,svhn8_blood_strict_full_noreplace,test,1301,7,5,-39.898781,6.603720
natural,svhn8_blood_strict_full_noreplace,test,1302,5,5,-26.131275,31.959902
natural,svhn8_blood_strict_full_noreplace,test,1303,7,6,-20.211796,-10.334000
natural,svhn8_blood_strict_full_noreplace,test,1304,5,5,-33.129768,26.508682
natural,svhn8_blood_strict_full_noreplace,test,1305,7,5,-31.345161,-0.269836
natural,svhn8_blood_strict_full_noreplace,test,1306,2,6,1.809185,2.779245
natural,svhn8_blood_strict_full_noreplace,test,1307,7,5,-40.763535,12.956975
natural,svhn8_blood_strict_full_noreplace,test,1308,2,6,-7.241908,-12.297811
natural,svhn8_blood_strict_full_noreplace,test,1309,6,6,42.914219,10.059913
natural,svhn8_blood_strict_full_noreplace,test,1310,5,5,-34.246059,22.985380
natural,svhn8_blood_strict_full_noreplace,test,1311,7,5,-41.026302,11.529087
natural,svhn8_blood_strict_full_noreplace,test,1312,6,6,50.786377,11.817050
natural,svhn8_blood_strict_full_noreplace,test,1313,2,6,6.045570,-10.911694
natural,svhn8_blood_strict_full_noreplace,test,1314,4,6,-4.566128,-24.834871
natural,svhn8_blood_strict_full_noreplace,test,1315,4,6,-18.127726,-20.016142
natural,svhn8_blood_strict_full_noreplace,test,1316,6,6,44.118038,3.012219
natural,svhn8_blood_strict_full_noreplace,test,1317,3,6,-8.795399,1.040137
natural,svhn8_blood_strict_full_noreplace,test,1318,2,6,13.603713,3.545168
natural,svhn8_blood_strict_full_noreplace,test,1319,7,6,-35.503201,-1.964738
natural,svhn8_blood_strict_full_noreplace,test,1320,4,6,-0.840592,-27.083551
natural,svhn8_blood_strict_full_noreplace,test,1321,6,6,71.286667,4.486836
natural,svhn8_blood_strict_full_noreplace,test,1322,3,6,-1.054239,12.266051
natural,svhn8_blood_strict_full_noreplace,test,1323,5,5,-19.741053,28.617695
natural,svhn8_blood_strict_full_noreplace,test,1324,6,6,41.287487,11.835985
natural,svhn8_blood_strict_full_noreplace,test,1325,4,5,-15.947695,-26.609070
natural,svhn8_blood_strict_full_noreplace,test,1326,3,6,-8.937872,14.354989
natural,svhn8_blood_strict_full_noreplace,test,1327,2,6,-3.971967,0.579593
natural,svhn8_blood_strict_full_noreplace,test,1328,2,5,-36.694633,5.089925
natural,svhn8_blood_strict_full_noreplace,test,1329,1,6,-4.183653,-29.265682
natural,svhn8_blood_strict_full_noreplace,test,1330,6,6,38.008793,11.150791
natural,svhn8_blood_strict_full_noreplace,test,1331,6,6,0.034233,12.670092
natural,svhn8_blood_strict_full_noreplace,test,1332,7,5,-41.001175,5.495248
natural,svhn8_blood_strict_full_noreplace,test,1333,7,6,-5.547740,-9.703738
natural,svhn8_blood_strict_full_noreplace,test,1334,3,5,-24.363071,25.420532
natural,svhn8_blood_strict_full_noreplace,test,1335,0,6,68.647247,3.297346
natural,svhn8_blood_strict_full_noreplace,test,1336,7,5,-40.002148,8.277539
natural,svhn8_blood_strict_full_noreplace,test,1337,6,6,47.878952,6.988933
natural,svhn8_blood_strict_full_noreplace,test,1338,6,6,32.738712,6.923985
natural,svhn8_blood_strict_full_noreplace,test,1339,0,6,67.842445,2.367694
natural,svhn8_blood_strict_full_noreplace,test,1340,6,6,34.068832,9.671551
natural,svhn8_blood_strict_full_noreplace,test,1341,1,6,-2.041725,-35.594906
natural,svhn8_blood_strict_full_noreplace,test,1342,3,5,-28.591951,26.598282
natural,svhn8_blood_strict_full_noreplace,test,1343,3,5,-33.566025,22.006630
natural,svhn8_blood_strict_full_noreplace,test,1344,7,5,-41.193459,17.485624
natural,svhn8_blood_strict_full_noreplace,test,1345,4,6,-10.057404,-18.214230
natural,svhn8_blood_strict_full_noreplace,test,1346,7,6,-6.999947,-12.092152
natural,svhn8_blood_strict_full_noreplace,test,1347,3,5,-36.265865,16.849653
natural,svhn8_blood_strict_full_noreplace,test,1348,7,6,5.428213,-12.451648
natural,svhn8_blood_strict_full_noreplace,test,1349,1,6,-0.133022,-20.282404
natural,svhn8_blood_strict_full_noreplace,test,1350,1,6,6.519380,-30.934538
natural,svhn8_blood_strict_full_noreplace,test,1351,4,6,-15.403185,-18.927355
natural,svhn8_blood_strict_full_noreplace,test,1352,6,6,41.449360,12.761116
natural,svhn8_blood_strict_full_noreplace,test,1353,7,5,-40.740547,5.058061
natural,svhn8_blood_strict_full_noreplace,test,1354,0,6,32.194351,0.636229
natural,svhn8_blood_strict_full_noreplace,test,1355,7,5,-42.553123,16.763067
natural,svhn8_blood_strict_full_noreplace,test,1356,6,6,-8.745221,-5.567815
natural,svhn8_blood_strict_full_noreplace,test,1357,7,5,-43.795704,15.019696
natural,svhn8_blood_strict_full_noreplace,test,1358,5,5,-24.753231,24.109961
natural,svhn8_blood_strict_full_noreplace,test,1359,5,5,-26.670677,27.906609
natural,svhn8_blood_strict_full_noreplace,test,1360,3,6,-8.793024,-1.052769
natural,svhn8_blood_strict_full_noreplace,test,1361,7,5,-43.179253,12.085205
natural,svhn8_blood_strict_full_noreplace,test,1362,7,6,-35.610466,-1.461287
natural,svhn8_blood_strict_full_noreplace,test,1363,7,6,-35.800373,-0.498586
natural,svhn8_blood_strict_full_noreplace,test,1364,0,6,13.761116,6.107030
natural,svhn8_blood_strict_full_noreplace,test,1365,7,5,-39.571045,5.442954
natural,svhn8_blood_strict_full_noreplace,test,1366,7,6,-15.033271,-14.204067
natural,svhn8_blood_strict_full_noreplace,test,1367,3,6,-23.299686,13.988980
natural,svhn8_blood_strict_full_noreplace,test,1368,7,6,-14.494088,-7.654702
natural,svhn8_blood_strict_full_noreplace,test,1369,1,5,-36.744522,14.269024
natural,svhn8_blood_strict_full_noreplace,test,1370,4,6,-6.501032,-11.330197
natural,svhn8_blood_strict_full_noreplace,test,1371,2,6,-2.187452,-3.314210
natural,svhn8_blood_strict_full_noreplace,test,1372,6,6,25.591417,-3.522356
natural,svhn8_blood_strict_full_noreplace,test,1373,1,6,-8.780174,-31.785646
natural,svhn8_blood_strict_full_noreplace,test,1374,3,5,-34.247894,27.673092
natural,svhn8_blood_strict_full_noreplace,test,1375,7,5,-31.026825,1.946564
natural,svhn8_blood_strict_full_noreplace,test,1376,6,6,25.687017,-4.823407
natural,svhn8_blood_strict_full_noreplace,test,1377,1,6,-29.140505,-11.248969
natural,svhn8_blood_strict_full_noreplace,test,1378,0,6,10.038440,-0.888591
natural,svhn8_blood_strict_full_noreplace,test,1379,6,6,38.638924,10.134330
natural,svhn8_blood_strict_full_noreplace,test,1380,2,6,4.481209,-5.990561
natural,svhn8_blood_strict_full_noreplace,test,1381,3,6,-12.462655,14.504642
natural,svhn8_blood_strict_full_noreplace,test,1382,1,6,-13.016582,-28.526398
natural,svhn8_blood_strict_full_noreplace,test,1383,6,6,47.704510,16.184540
natural,svhn8_blood_strict_full_noreplace,test,1384,5,6,-20.635143,25.402983
natural,svhn8_blood_strict_full_noreplace,test,1385,6,6,9.051725,-26.496925
natural,svhn8_blood_strict_full_noreplace,test,1386,4,6,11.552264,-15.813591
natural,svhn8_blood_strict_full_noreplace,test,1387,4,6,-13.781210,-21.188484
natural,svhn8_blood_strict_full_noreplace,test,1388,3,6,4.141517,13.414960
natural,svhn8_blood_strict_full_noreplace,test,1389,7,5,-35.856487,9.274757
natural,svhn8_blood_strict_full_noreplace,test,1390,3,6,-16.798580,29.044666
natural,svhn8_blood_strict_full_noreplace,test,1391,1,6,4.814295,-32.527351
natural,svhn8_blood_strict_full_noreplace,test,1392,2,6,-8.647136,8.233907
natural,svhn8_blood_strict_full_noreplace,test,1393,1,6,-10.824461,-32.089092
natural,svhn8_blood_strict_full_noreplace,test,1394,7,6,-25.358219,-7.243938
natural,svhn8_blood_strict_full_noreplace,test,1395,2,6,-8.479451,6.435752
natural,svhn8_blood_strict_full_noreplace,test,1396,3,6,-4.963566,16.931332
natural,svhn8_blood_strict_full_noreplace,test,1397,1,6,-7.221985,-26.200779
natural,svhn8_blood_strict_full_noreplace,test,1398,1,6,-9.835873,-25.634548
natural,svhn8_blood_strict_full_noreplace,test,1399,6,6,30.046461,5.102853
natural,svhn8_blood_strict_full_noreplace,test,1400,0,6,37.961342,0.668869
natural,svhn8_blood_strict_full_noreplace,test,1401,3,5,-39.916805,36.254154
natural,svhn8_blood_strict_full_noreplace,test,1402,7,6,-34.111641,-0.253481
natural,svhn8_blood_strict_full_noreplace,test,1403,7,5,-39.832951,7.263696
natural,svhn8_blood_strict_full_noreplace,test,1404,2,6,10.807183,4.180977
natural,svhn8_blood_strict_full_noreplace,test,1405,7,6,-12.766603,-7.905072
natural,svhn8_blood_strict_full_noreplace,test,1406,5,5,-34.258999,30.415590
natural,svhn8_blood_strict_full_noreplace,test,1407,3,5,-20.882458,30.600422
natural,svhn8_blood_strict_full_noreplace,test,1408,1,6,-4.359034,-31.735315
natural,svhn8_blood_strict_full_noreplace,test,1409,6,6,65.231956,10.023811
natural,svhn8_blood_strict_full_noreplace,test,1410,2,6,8.027345,-3.064353
natural,svhn8_blood_strict_full_noreplace,test,1411,5,6,-17.698345,14.964523
natural,svhn8_blood_strict_full_noreplace,test,1412,4,6,-12.883171,-16.595484
natural,svhn8_blood_strict_full_noreplace,test,1413,7,6,-22.183105,-4.907455
natural,svhn8_blood_strict_full_noreplace,test,1414,6,6,46.949280,13.090133
natural,svhn8_blood_strict_full_noreplace,test,1415,1,6,-4.931250,-23.604338
natural,svhn8_blood_strict_full_noreplace,test,1416,3,5,-32.339272,11.028045
natural,svhn8_blood_strict_full_noreplace,test,1417,0,6,-11.375048,-38.283367
natural,svhn8_blood_strict_full_noreplace,test,1418,2,5,-24.083941,-0.235892
natural,svhn8_blood_strict_full_noreplace,test,1419,6,6,73.645493,1.498083
natural,svhn8_blood_strict_full_noreplace,test,1420,7,6,-32.951748,-6.976864
natural,svhn8_blood_strict_full_noreplace,test,1421,3,5,-16.216625,8.164613
natural,svhn8_blood_strict_full_noreplace,test,1422,1,6,42.369026,0.699212
natural,svhn8_blood_strict_full_noreplace,test,1423,3,6,0.384811,8.945045
natural,svhn8_blood_strict_full_noreplace,test,1424,2,6,20.745506,4.195077
natural,svhn8_blood_strict_full_noreplace,test,1425,5,6,9.498370,15.791900
natural,svhn8_blood_strict_full_noreplace,test,1426,5,5,-33.948223,33.414181
natural,svhn8_blood_strict_full_noreplace,test,1427,7,6,-29.501810,-4.795509
natural,svhn8_blood_strict_full_noreplace,test,1428,1,6,40.356644,3.496387
natural,svhn8_blood_strict_full_noreplace,test,1429,7,6,-14.157792,-11.461845
natural,svhn8_blood_strict_full_noreplace,test,1430,1,6,6.159812,-36.120411
natural,svhn8_blood_strict_full_noreplace,test,1431,3,5,-37.371384,16.902903
natural,svhn8_blood_strict_full_noreplace,test,1432,3,5,-37.444199,20.054850
natural,svhn8_blood_strict_full_noreplace,test,1433,0,6,56.102745,17.972502
natural,svhn8_blood_strict_full_noreplace,test,1434,3,5,-27.771662,5.944080
natural,svhn8_blood_strict_full_noreplace,test,1435,5,6,3.405220,6.172298
natural,svhn8_blood_strict_full_noreplace,test,1436,0,6,30.784332,-2.577280
natural,svhn8_blood_strict_full_noreplace,test,1437,5,6,-10.498268,-1.137460
natural,svhn8_blood_strict_full_noreplace,test,1438,7,6,-0.378823,-18.280630
natural,svhn8_blood_strict_full_noreplace,test,1439,6,6,55.773697,12.038795
natural,svhn8_blood_strict_full_noreplace,test,1440,0,6,12.425585,-12.627863
natural,svhn8_blood_strict_full_noreplace,test,1441,1,6,-9.744317,-30.507685
natural,svhn8_blood_strict_full_noreplace,test,1442,1,6,-8.406477,-35.053928
natural,svhn8_blood_strict_full_noreplace,test,1443,5,5,-29.719234,15.505251
natural,svhn8_blood_strict_full_noreplace,test,1444,7,5,-35.534321,-8.031453
natural,svhn8_blood_strict_full_noreplace,test,1445,2,5,-29.080355,8.539451
natural,svhn8_blood_strict_full_noreplace,test,1446,2,6,-0.767292,-10.940289
natural,svhn8_blood_strict_full_noreplace,test,1447,7,6,-25.254873,-8.503711
natural,svhn8_blood_strict_full_noreplace,test,1448,7,6,-39.239346,5.346906
natural,svhn8_blood_strict_full_noreplace,test,1449,3,5,-30.543968,12.534006
natural,svhn8_blood_strict_full_noreplace,test,1450,1,6,-4.632345,-31.320498
natural,svhn8_blood_strict_full_noreplace,test,1451,3,5,-35.025581,18.954926
natural,svhn8_blood_strict_full_noreplace,test,1452,4,6,11.434972,-16.524397
natural,svhn8_blood_strict_full_noreplace,test,1453,7,6,-16.657394,5.186189
natural,svhn8_blood_strict_full_noreplace,test,1454,2,5,-27.526791,4.342944
natural,svhn8_blood_strict_full_noreplace,test,1455,5,6,-0.106038,9.076541
natural,svhn8_blood_strict_full_noreplace,test,1456,7,5,-13.554239,-25.796448
natural,svhn8_blood_strict_full_noreplace,test,1457,6,6,44.008621,13.272166
natural,svhn8_blood_strict_full_noreplace,test,1458,7,5,-26.703421,2.142604
natural,svhn8_blood_strict_full_noreplace,test,1459,1,6,5.130360,-34.417736
natural,svhn8_blood_strict_full_noreplace,test,1460,3,6,-31.998941,4.573757
natural,svhn8_blood_strict_full_noreplace,test,1461,4,6,-14.735086,-16.725035
natural,svhn8_blood_strict_full_noreplace,test,1462,5,5,-39.394932,35.182644
natural,svhn8_blood_strict_full_noreplace,test,1463,3,6,-3.136899,10.439906
natural,svhn8_blood_strict_full_noreplace,test,1464,3,5,-20.762091,-13.394597
natural,svhn8_blood_strict_full_noreplace,test,1465,1,6,-7.094587,-33.083118
natural,svhn8_blood_strict_full_noreplace,test,1466,4,6,-13.656807,-16.887381
natural,svhn8_blood_strict_full_noreplace,test,1467,7,6,-33.216164,5.326863
natural,svhn8_blood_strict_full_noreplace,test,1468,2,6,11.473871,4.861961
natural,svhn8_blood_strict_full_noreplace,test,1469,3,6,3.720291,18.295073
natural,svhn8_blood_strict_full_noreplace,test,1470,1,6,3.166641,-25.079950
natural,svhn8_blood_strict_full_noreplace,test,1471,4,6,8.722794,-20.151426
natural,svhn8_blood_strict_full_noreplace,test,1472,3,6,-28.317255,19.053921
natural,svhn8_blood_strict_full_noreplace,test,1473,0,6,56.829121,4.760396
natural,svhn8_blood_strict_full_noreplace,test,1474,5,6,-16.709047,16.593393
natural,svhn8_blood_strict_full_noreplace,test,1475,6,6,25.906439,-2.387726
natural,svhn8_blood_strict_full_noreplace,test,1476,4,6,10.488196,-19.223333
natural,svhn8_blood_strict_full_noreplace,test,1477,0,6,38.051281,-0.526166
natural,svhn8_blood_strict_full_noreplace,test,1478,1,6,15.275051,-11.261198
natural,svhn8_blood_strict_full_noreplace,test,1479,5,6,10.206506,12.325067
natural,svhn8_blood_strict_full_noreplace,test,1480,6,6,55.647411,13.993673
natural,svhn8_blood_strict_full_noreplace,test,1481,1,6,-21.872065,-33.743309
natural,svhn8_blood_strict_full_noreplace,test,1482,7,5,-42.658085,18.724024
natural,svhn8_blood_strict_full_noreplace,test,1483,4,6,7.576433,-18.851868
natural,svhn8_blood_strict_full_noreplace,test,1484,5,5,-33.719254,17.740965
natural,svhn8_blood_strict_full_noreplace,test,1485,6,6,33.230560,12.378926
natural,svhn8_blood_strict_full_noreplace,test,1486,1,6,5.600400,-31.006907
natural,svhn8_blood_strict_full_noreplace,test,1487,2,6,34.508205,15.418403
natural,svhn8_blood_strict_full_noreplace,test,1488,1,6,-0.033455,-14.607129
natural,svhn8_blood_strict_full_noreplace,test,1489,6,6,22.238583,4.985095
natural,svhn8_blood_strict_full_noreplace,test,1490,6,6,49.504051,15.740265
natural,svhn8_blood_strict_full_noreplace,test,1491,1,6,1.473617,-31.520748
natural,svhn8_blood_strict_full_noreplace,test,1492,7,5,-40.910530,9.425438
natural,svhn8_blood_strict_full_noreplace,test,1493,2,5,-14.701533,4.880704
natural,svhn8_blood_strict_full_noreplace,test,1494,4,6,-11.333659,-26.471958
natural,svhn8_blood_strict_full_noreplace,test,1495,4,6,12.531350,-20.699854
natural,svhn8_blood_strict_full_noreplace,test,1496,1,6,21.964956,-11.451135
natural,svhn8_blood_strict_full_noreplace,test,1497,1,6,-13.328997,-27.471031
natural,svhn8_blood_strict_full_noreplace,test,1498,7,6,4.783048,-9.893065
natural,svhn8_blood_strict_full_noreplace,test,1499,0,6,20.701923,-12.724528
natural,svhn8_blood_strict_full_noreplace,test,1500,5,5,-35.128902,32.564186
natural,svhn8_blood_strict_full_noreplace,test,1501,3,6,5.718808,-13.604613
natural,svhn8_blood_strict_full_noreplace,test,1502,3,6,-9.749968,17.815382
natural,svhn8_blood_strict_full_noreplace,test,1503,2,6,-1.566869,2.172271
natural,svhn8_blood_strict_full_noreplace,test,1504,7,6,-41.720531,4.414463
natural,svhn8_blood_strict_full_noreplace,test,1505,1,6,0.923667,-22.270393
natural,svhn8_blood_strict_full_noreplace,test,1506,1,6,-14.590889,-35.768772
natural,svhn8_blood_strict_full_noreplace,test,1507,2,6,-4.187384,-6.918184
natural,svhn8_blood_strict_full_noreplace,test,1508,3,6,-15.543632,15.742545
natural,svhn8_blood_strict_full_noreplace,test,1509,6,6,36.852448,16.256758
natural,svhn8_blood_strict_full_noreplace,test,1510,2,5,-24.032709,2.733790
natural,svhn8_blood_strict_full_noreplace,test,1511,1,6,-15.538787,-40.402863
natural,svhn8_blood_strict_full_noreplace,test,1512,3,5,-36.741051,36.008270
natural,svhn8_blood_strict_full_noreplace,test,1513,1,5,-23.752850,-34.559216
natural,svhn8_blood_strict_full_noreplace,test,1514,1,6,-7.494205,-38.782997
natural,svhn8_blood_strict_full_noreplace,test,1515,7,6,-5.361409,-12.094837
natural,svhn8_blood_strict_full_noreplace,test,1516,1,6,58.023991,6.094021
natural,svhn8_blood_strict_full_noreplace,test,1517,6,6,65.643372,7.163305
natural,svhn8_blood_strict_full_noreplace,test,1518,3,5,-36.092491,22.575176
natural,svhn8_blood_strict_full_noreplace,test,1519,0,6,60.872261,4.290267
natural,svhn8_blood_strict_full_noreplace,test,1520,6,6,26.071898,5.260225
natural,svhn8_blood_strict_full_noreplace,test,1521,4,6,-1.282022,-10.880050
natural,svhn8_blood_strict_full_noreplace,test,1522,1,6,8.028771,-21.605762
natural,svhn8_blood_strict_full_noreplace,test,1523,1,6,2.740375,-39.173038
natural,svhn8_blood_strict_full_noreplace,test,1524,1,6,-11.454931,-36.373684
natural,svhn8_blood_strict_full_noreplace,test,1525,2,6,5.762167,3.857192
natural,svhn8_blood_strict_full_noreplace,test,1526,2,6,14.053264,3.477438
natural,svhn8_blood_strict_full_noreplace,test,1527,7,5,-35.513969,-12.081158
natural,svhn8_blood_strict_full_noreplace,test,1528,5,5,-24.908878,21.847300
natural,svhn8_blood_strict_full_noreplace,test,1529,1,6,30.908009,-5.621653
natural,svhn8_blood_strict_full_noreplace,test,1530,5,5,-40.505497,28.191164
natural,svhn8_blood_strict_full_noreplace,test,1531,6,6,56.057938,1.357793
natural,svhn8_blood_strict_full_noreplace,test,1532,5,6,-8.582328,-5.123058
natural,svhn8_blood_strict_full_noreplace,test,1533,5,6,3.361920,6.080115
natural,svhn8_blood_strict_full_noreplace,test,1534,6,6,48.176418,7.256725
natural,svhn8_blood_strict_full_noreplace,test,1535,1,6,-1.315068,-16.237331
natural,svhn8_blood_strict_full_noreplace,test,1536,1,6,34.385536,-5.239910
natural,svhn8_blood_strict_full_noreplace,test,1537,7,5,-31.272671,6.342849
natural,svhn8_blood_strict_full_noreplace,test,1538,1,5,-19.398256,-29.344501
natural,svhn8_blood_strict_full_noreplace,test,1539,3,5,-31.766087,20.709980
natural,svhn8_blood_strict_full_noreplace,test,1540,4,6,12.715081,-17.500778
natural,svhn8_blood_strict_full_noreplace,test,1541,5,6,-18.821905,-0.669144
natural,svhn8_blood_strict_full_noreplace,test,1542,7,5,-36.949642,15.534113
natural,svhn8_blood_strict_full_noreplace,test,1543,3,6,2.330470,8.152708
natural,svhn8_blood_strict_full_noreplace,test,1544,7,6,-33.640400,-6.238087
natural,svhn8_blood_strict_full_noreplace,test,1545,3,5,-19.506159,10.609155
natural,svhn8_blood_strict_full_noreplace,test,1546,1,6,22.593000,-17.543074
natural,svhn8_blood_strict_full_noreplace,test,1547,3,6,2.451522,-15.392304
natural,svhn8_blood_strict_full_noreplace,test,1548,3,6,-19.321186,11.745168
natural,svhn8_blood_strict_full_noreplace,test,1549,1,6,2.685338,-30.860619
natural,svhn8_blood_strict_full_noreplace,test,1550,4,6,-29.549589,-8.237587
natural,svhn8_blood_strict_full_noreplace,test,1551,2,6,36.076214,15.892404
natural,svhn8_blood_strict_full_noreplace,test,1552,1,5,-26.315845,-33.771568
natural,svhn8_blood_strict_full_noreplace,test,1553,7,6,-33.640251,-2.058478
natural,svhn8_blood_strict_full_noreplace,test,1554,1,6,-16.386713,-28.337780
natural,svhn8_blood_strict_full_noreplace,test,1555,1,6,-6.016205,-29.450531
natural,svhn8_blood_strict_full_noreplace,test,1556,5,5,-39.016560,33.814640
natural,svhn8_blood_strict_full_noreplace,test,1557,3,6,3.280715,18.041965
natural,svhn8_blood_strict_full_noreplace,test,1558,6,6,22.522516,-1.554016
natural,svhn8_blood_strict_full_noreplace,test,1559,3,6,-18.288012,1.089399
natural,svhn8_blood_strict_full_noreplace,test,1560,6,6,70.784462,2.963856
natural,svhn8_blood_strict_full_noreplace,test,1561,0,6,22.752188,-8.431548
natural,svhn8_blood_strict_full_noreplace,test,1562,5,5,-27.653814,23.806292
natural,svhn8_blood_strict_full_noreplace,test,1563,2,5,-31.899260,-12.357455
natural,svhn8_blood_strict_full_noreplace,test,1564,7,5,-19.811817,-9.117742
natural,svhn8_blood_strict_full_noreplace,test,1565,3,6,-14.978226,13.160551
natural,svhn8_blood_strict_full_noreplace,test,1566,3,5,-26.863228,16.634678
natural,svhn8_blood_strict_full_noreplace,test,1567,1,6,4.333729,-25.727459
natural,svhn8_blood_strict_full_noreplace,test,1568,4,6,-17.196379,-16.524221
natural,svhn8_blood_strict_full_noreplace,test,1569,3,5,-28.429047,6.208229
natural,svhn8_blood_strict_full_noreplace,test,1570,7,6,-27.243694,-8.413069
natural,svhn8_blood_strict_full_noreplace,test,1571,5,5,-39.416187,28.401619
natural,svhn8_blood_strict_full_noreplace,test,1572,6,6,19.725178,-9.331892
natural,svhn8_blood_strict_full_noreplace,test,1573,7,5,-38.845852,6.806903
natural,svhn8_blood_strict_full_noreplace,test,1574,7,6,-31.645790,3.947432
natural,svhn8_blood_strict_full_noreplace,test,1575,6,6,30.827843,7.144391
natural,svhn8_blood_strict_full_noreplace,test,1576,7,6,-16.662994,-5.215448
natural,svhn8_blood_strict_full_noreplace,test,1577,6,6,61.163029,9.134205
natural,svhn8_blood_strict_full_noreplace,test,1578,1,6,31.328745,-4.909992
natural,svhn8_blood_strict_full_noreplace,test,1579,6,6,32.888119,-1.375739
natural,svhn8_blood_strict_full_noreplace,test,1580,2,6,8.135081,-0.882676
natural,svhn8_blood_strict_full_noreplace,test,1581,6,6,11.536476,13.400781
natural,svhn8_blood_strict_full_noreplace,test,1582,5,5,-16.918592,21.739153
natural,svhn8_blood_strict_full_noreplace,test,1583,0,6,35.439720,-1.820629
natural,svhn8_blood_strict_full_noreplace,test,1584,4,6,-2.944314,-19.119871
natural,svhn8_blood_strict_full_noreplace,test,1585,0,0,73.749031,0.282903
natural,svhn8_blood_strict_full_noreplace,test,1586,7,6,3.014254,-1.411487
natural,svhn8_blood_strict_full_noreplace,test,1587,6,6,63.811653,9.737980
natural,svhn8_blood_strict_full_noreplace,test,1588,1,6,-6.795809,-34.861435
natural,svhn8_blood_strict_full_noreplace,test,1589,7,6,-4.067563,-10.182249
natural,svhn8_blood_strict_full_noreplace,test,1590,4,6,-14.159525,-20.578604
natural,svhn8_blood_strict_full_noreplace,test,1591,1,6,-4.508912,-37.238785
natural,svhn8_blood_strict_full_noreplace,test,1592,6,6,16.995354,-2.156410
natural,svhn8_blood_strict_full_noreplace,test,1593,6,6,44.731949,11.833668
natural,svhn8_blood_strict_full_noreplace,test,1594,5,5,-26.821178,6.538747
natural,svhn8_blood_strict_full_noreplace,test,1595,5,5,-22.700060,25.081598
natural,svhn8_blood_strict_full_noreplace,test,1596,1,6,-8.416009,-30.941307
natural,svhn8_blood_strict_full_noreplace,test,1597,7,5,-38.814877,6.658640
natural,svhn8_blood_strict_full_noreplace,test,1598,6,6,34.030262,5.288495
natural,svhn8_blood_strict_full_noreplace,test,1599,1,6,-8.135968,-38.557003
natural,svhn8_blood_strict_full_noreplace,test,1600,5,5,-35.457169,29.951010
natural,svhn8_blood_strict_full_noreplace,test,1601,7,6,-34.775589,2.027904
natural,svhn8_blood_strict_full_noreplace,test,1602,2,5,-24.604172,-0.047670
natural,svhn8_blood_strict_full_noreplace,test,1603,6,6,-0.552507,11.559587
natural,svhn8_blood_strict_full_noreplace,test,1604,2,5,-24.345554,18.496370
natural,svhn8_blood_strict_full_noreplace,test,1605,3,5,-33.344086,12.909702
natural,svhn8_blood_strict_full_noreplace,test,1606,3,6,-16.766691,25.912308
natural,svhn8_blood_strict_full_noreplace,test,1607,1,6,2.051370,-20.741671
natural,svhn8_blood_strict_full_noreplace,test,1608,7,5,-27.102322,-2.809332
natural,svhn8_blood_strict_full_noreplace,test,1609,6,6,25.745661,-5.205607
natural,svhn8_blood_strict_full_noreplace,test,1610,0,6,55.094681,1.634172
natural,svhn8_blood_strict_full_noreplace,test,1611,1,6,24.045494,-6.791787
natural,svhn8_blood_strict_full_noreplace,test,1612,2,6,-2.743215,-0.039078
natural,svhn8_blood_strict_full_noreplace,test,1613,1,6,-11.853964,-40.364895
natural,svhn8_blood_strict_full_noreplace,test,1614,7,6,-20.302753,-16.513166
natural,svhn8_blood_strict_full_noreplace,test,1615,4,6,-14.279385,-18.274441
natural,svhn8_blood_strict_full_noreplace,test,1616,3,6,-12.932972,22.509247
natural,svhn8_blood_strict_full_noreplace,test,1617,2,6,3.221757,-1.814448
natural,svhn8_blood_strict_full_noreplace,test,1618,4,6,-14.695631,-17.468538
natural,svhn8_blood_strict_full_noreplace,test,1619,1,6,4.058794,-37.898262
natural,svhn8_blood_strict_full_noreplace,test,1620,4,6,-12.221665,-18.834070
natural,svhn8_blood_strict_full_noreplace,test,1621,0,6,61.268452,2.286280
natural,svhn8_blood_strict_full_noreplace,test,1622,2,6,-6.593881,0.872097
natural,svhn8_blood_strict_full_noreplace,test,1623,2,5,-38.021370,24.365047
natural,svhn8_blood_strict_full_noreplace,test,1624,6,6,44.180714,10.517303
natural,svhn8_blood_strict_full_noreplace,test,1625,2,6,0.612894,-16.013702
natural,svhn8_blood_strict_full_noreplace,test,1626,6,6,14.343658,-10.829812
natural,svhn8_blood_strict_full_noreplace,test,1627,7,5,-43.260036,11.396485
natural,svhn8_blood_strict_full_noreplace,test,1628,5,5,-24.965252,26.693245
natural,svhn8_blood_strict_full_noreplace,test,1629,6,6,61.944614,11.268989
natural,svhn8_blood_strict_full_noreplace,test,1630,2,6,8.630489,-1.839977
natural,svhn8_blood_strict_full_noreplace,test,1631,0,6,37.312885,15.412839
natural,svhn8_blood_strict_full_noreplace,test,1632,6,6,9.098698,-28.148401
natural,svhn8_blood_strict_full_noreplace,test,1633,7,5,-38.410244,13.028193
natural,svhn8_blood_strict_full_noreplace,test,1634,3,6,-13.111209,23.049265
natural,svhn8_blood_strict_full_noreplace,test,1635,1,6,3.148100,-25.545527
natural,svhn8_blood_strict_full_noreplace,test,1636,4,5,-39.428223,10.847041
natural,svhn8_blood_strict_full_noreplace,test,1637,3,5,-25.735905,13.243092
natural,svhn8_blood_strict_full_noreplace,test,1638,0,6,54.870152,6.251013
natural,svhn8_blood_strict_full_noreplace,test,1639,4,6,-18.108643,-15.277379
natural,svhn8_blood_strict_full_noreplace,test,1640,0,0,74.614174,-0.801930
natural,svhn8_blood_strict_full_noreplace,test,1641,2,5,-27.274799,0.464834
natural,svhn8_blood_strict_full_noreplace,test,1642,6,6,45.136562,14.371552
natural,svhn8_blood_strict_full_noreplace,test,1643,1,5,-21.665348,-28.252544
natural,svhn8_blood_strict_full_noreplace,test,1644,6,6,65.892372,10.657887
natural,svhn8_blood_strict_full_noreplace,test,1645,3,6,4.086706,15.985763
natural,svhn8_blood_strict_full_noreplace,test,1646,2,6,10.261756,-7.366133
natural,svhn8_blood_strict_full_noreplace,test,1647,5,5,-38.288578,27.253550
natural,svhn8_blood_strict_full_noreplace,test,1648,3,6,9.289908,15.946742
natural,svhn8_blood_strict_full_noreplace,test,1649,7,6,-42.114651,6.847184
natural,svhn8_blood_strict_full_noreplace,test,1650,1,6,-6.305215,-30.882280
natural,svhn8_blood_strict_full_noreplace,test,1651,2,6,6.936097,2.917885
natural,svhn8_blood_strict_full_noreplace,test,1652,5,6,1.876366,15.641757
natural,svhn8_blood_strict_full_noreplace,test,1653,6,6,41.717274,9.074194
natural,svhn8_blood_strict_full_noreplace,test,1654,1,6,1.553275,-30.707218
natural,svhn8_blood_strict_full_noreplace,test,1655,1,6,0.496335,-27.668831
natural,svhn8_blood_strict_full_noreplace,test,1656,5,5,-38.025127,37.239254
natural,svhn8_blood_strict_full_noreplace,test,1657,4,6,-18.306721,-21.801157
natural,svhn8_blood_strict_full_noreplace,test,1658,6,6,25.371210,3.596483
natural,svhn8_blood_strict_full_noreplace,test,1659,1,6,0.813775,-22.231977
natural,svhn8_blood_strict_full_noreplace,test,1660,0,6,68.126740,1.540055
natural,svhn8_blood_strict_full_noreplace,test,1661,3,5,-26.075321,14.201892
natural,svhn8_blood_strict_full_noreplace,test,1662,0,6,6.573715,-23.129772
natural,svhn8_blood_strict_full_noreplace,test,1663,0,0,72.509567,0.676479
natural,svhn8_blood_strict_full_noreplace,test,1664,2,6,3.906864,-0.055169
natural,svhn8_blood_strict_full_noreplace,test,1665,2,6,21.947325,4.621794
natural,svhn8_blood_strict_full_noreplace,test,1666,3,5,-29.064484,9.178992
natural,svhn8_blood_strict_full_noreplace,test,1667,6,6,46.924740,8.050828
natural,svhn8_blood_strict_full_noreplace,test,1668,3,5,-18.377554,21.127304
natural,svhn8_blood_strict_full_noreplace,test,1669,6,6,14.553663,-7.383155
natural,svhn8_blood_strict_full_noreplace,test,1670,1,6,-12.642840,-3.706802
natural,svhn8_blood_strict_full_noreplace,test,1671,4,6,11.580222,-16.871473
natural,svhn8_blood_strict_full_noreplace,test,1672,3,6,-2.460624,11.892352
natural,svhn8_blood_strict_full_noreplace,test,1673,7,6,-7.899975,-10.294134
natural,svhn8_blood_strict_full_noreplace,test,1674,3,5,-38.447582,26.090807
natural,svhn8_blood_strict_full_noreplace,test,1675,3,5,-39.918423,34.636490
natural,svhn8_blood_strict_full_noreplace,test,1676,1,5,-11.581267,-24.944204
natural,svhn8_blood_strict_full_noreplace,test,1677,6,6,9.727263,11.617609
natural,svhn8_blood_strict_full_noreplace,test,1678,3,5,-28.645046,29.631142
natural,svhn8_blood_strict_full_noreplace,test,1679,3,6,-4.986818,16.377340
natural,svhn8_blood_strict_full_noreplace,test,1680,1,6,-19.371811,-34.713566
natural,svhn8_blood_strict_full_noreplace,test,1681,6,6,48.644421,6.526221
natural,svhn8_blood_strict_full_noreplace,test,1682,6,6,55.896709,18.079794
natural,svhn8_blood_strict_full_noreplace,test,1683,7,6,-20.643179,-10.628806
natural,svhn8_blood_strict_full_noreplace,test,1684,3,6,-2.833920,-15.628592
natural,svhn8_blood_strict_full_noreplace,test,1685,5,6,7.642701,-21.198973
natural,svhn8_blood_strict_full_noreplace,test,1686,6,6,10.006183,10.068150
natural,svhn8_blood_strict_full_noreplace,test,1687,6,6,35.472607,6.008092
natural,svhn8_blood_strict_full_noreplace,test,1688,5,6,-7.894175,14.206657
natural,svhn8_blood_strict_full_noreplace,test,1689,6,6,40.644676,6.390911
natural,svhn8_blood_strict_full_noreplace,test,1690,5,5,-23.665197,28.944563
natural,svhn8_blood_strict_full_noreplace,test,1691,4,6,-28.337414,-11.069825
natural,svhn8_blood_strict_full_noreplace,test,1692,6,6,33.958130,9.175268
natural,svhn8_blood_strict_full_noreplace,test,1693,5,6,-20.400024,17.245867
natural,svhn8_blood_strict_full_noreplace,test,1694,5,3,-15.465311,29.556581
natural,svhn8_blood_strict_full_noreplace,test,1695,1,6,-23.898355,-21.249519
natural,svhn8_blood_strict_full_noreplace,test,1696,3,6,-1.545630,9.728579
natural,svhn8_blood_strict_full_noreplace,test,1697,5,5,-23.124157,23.163399
natural,svhn8_blood_strict_full_noreplace,test,1698,3,6,-11.850997,20.909134
natural,svhn8_blood_strict_full_noreplace,test,1699,1,5,-37.787552,17.637751
natural,svhn8_blood_strict_full_noreplace,test,1700,0,6,38.529476,2.140328
natural,svhn8_blood_strict_full_noreplace,test,1701,4,6,8.293340,-19.203188
natural,svhn8_blood_strict_full_noreplace,test,1702,1,6,1.116677,-32.476719
natural,svhn8_blood_strict_full_noreplace,test,1703,3,6,-34.685452,6.274562
natural,svhn8_blood_strict_full_noreplace,test,1704,6,6,46.288155,10.037521
natural,svhn8_blood_strict_full_noreplace,test,1705,3,6,-11.306581,13.318131
natural,svhn8_blood_strict_full_noreplace,test,1706,0,6,39.614529,13.159611
natural,svhn8_blood_strict_full_noreplace,test,1707,6,6,11.597975,-13.656228
natural,svhn8_blood_strict_full_noreplace,test,1708,7,5,-41.852470,19.027777
natural,svhn8_blood_strict_full_noreplace,test,1709,4,6,-16.482618,-20.007807
natural,svhn8_blood_strict_full_noreplace,test,1710,3,6,-17.222773,29.493166
natural,svhn8_blood_strict_full_noreplace,test,1711,6,6,56.553543,8.298704
natural,svhn8_blood_strict_full_noreplace,test,1712,1,6,6.107354,-33.298214
natural,svhn8_blood_strict_full_noreplace,test,1713,7,6,-0.549104,-12.193233
natural,svhn8_blood_strict_full_noreplace,test,1714,3,5,-39.032616,27.711432
natural,svhn8_blood_strict_full_noreplace,test,1715,3,5,-38.266659,25.150518
natural,svhn8_blood_strict_full_noreplace,test,1716,6,6,17.331314,-7.892618
natural,svhn8_blood_strict_full_noreplace,test,1717,4,6,-15.289996,-28.576773
natural,svhn8_blood_strict_full_noreplace,test,1718,4,6,11.592110,-18.918779
natural,svhn8_blood_strict_full_noreplace,test,1719,4,6,-0.340959,-32.619717
natural,svhn8_blood_strict_full_noreplace,test,1720,7,5,-39.064384,9.989725
natural,svhn8_blood_strict_full_noreplace,test,1721,1,6,-14.852587,-36.478062
natural,svhn8_blood_strict_full_noreplace,test,1722,2,6,-2.857287,3.200923
natural,svhn8_blood_strict_full_noreplace,test,1723,5,6,-10.511349,16.578817
natural,svhn8_blood_strict_full_noreplace,test,1724,6,6,24.735477,-5.515831
natural,svhn8_blood_strict_full_noreplace,test,1725,5,5,-37.426376,29.445337
natural,svhn8_blood_strict_full_noreplace,test,1726,6,6,55.236618,4.082029
natural,svhn8_blood_strict_full_noreplace,test,1727,2,6,11.695338,3.500065
natural,svhn8_blood_strict_full_noreplace,test,1728,7,6,-38.019234,0.344429
natural,svhn8_blood_strict_full_noreplace,test,1729,7,6,-20.371016,-5.257518
natural,svhn8_blood_strict_full_noreplace,test,1730,6,6,71.555954,6.504530
natural,svhn8_blood_strict_full_noreplace,test,1731,5,5,-16.682482,8.230677
natural,svhn8_blood_strict_full_noreplace,test,1732,7,6,-17.579802,-14.761507
natural,svhn8_blood_strict_full_noreplace,test,1733,6,6,26.263918,4.605765
natural,svhn8_blood_strict_full_noreplace,test,1734,3,5,-22.333590,29.226591
natural,svhn8_blood_strict_full_noreplace,test,1735,7,6,-32.870480,-4.017107
natural,svhn8_blood_strict_full_noreplace,test,1736,6,6,41.623688,6.573963
natural,svhn8_blood_strict_full_noreplace,test,1737,4,6,-16.684385,-16.388474
natural,svhn8_blood_strict_full_noreplace,test,1738,6,6,17.868586,-8.163802
natural,svhn8_blood_strict_full_noreplace,test,1739,7,5,-40.895519,8.666052
natural,svhn8_blood_strict_full_noreplace,test,1740,0,6,55.437675,1.879397
natural,svhn8_blood_strict_full_noreplace,test,1741,1,6,-20.748411,-37.013710
natural,svhn8_blood_strict_full_noreplace,test,1742,0,6,37.196926,0.576360
natural,svhn8_blood_strict_full_noreplace,test,1743,3,6,-16.153900,-1.079832
natural,svhn8_blood_strict_full_noreplace,test,1744,6,6,55.097557,12.885304
natural,svhn8_blood_strict_full_noreplace,test,1745,7,5,-32.334103,9.322275
natural,svhn8_blood_strict_full_noreplace,test,1746,1,6,-23.588217,-22.880243
natural,svhn8_blood_strict_full_noreplace,test,1747,3,5,-32.072834,17.795288
natural,svhn8_blood_strict_full_noreplace,test,1748,7,5,-40.622021,16.470974
natural,svhn8_blood_strict_full_noreplace,test,1749,4,6,-17.422705,-18.328615
natural,svhn8_blood_strict_full_noreplace,test,1750,1,6,7.194748,-35.495201
natural,svhn8_blood_strict_full_noreplace,test,1751,0,6,64.717842,1.910350
natural,svhn8_blood_strict_full_noreplace,test,1752,2,5,-31.415186,18.820528
natural,svhn8_blood_strict_full_noreplace,test,1753,4,6,-25.576075,-13.360875
natural,svhn8_blood_strict_full_noreplace,test,1754,7,6,-34.140121,-2.709903
natural,svhn8_blood_strict_full_noreplace,test,1755,5,5,-37.624573,33.226032
natural,svhn8_blood_strict_full_noreplace,test,1756,3,5,-38.171261,34.978413
natural,svhn8_blood_strict_full_noreplace,test,1757,2,6,9.334321,4.318977
natural,svhn8_blood_strict_full_noreplace,test,1758,1,5,-20.803255,-32.820427
natural,svhn8_blood_strict_full_noreplace,test,1759,6,6,25.729858,4.952883
natural,svhn8_blood_strict_full_noreplace,test,1760,1,6,-6.827868,-38.667694
natural,svhn8_blood_strict_full_noreplace,test,1761,2,6,-29.335621,-1.098974
natural,svhn8_blood_strict_full_noreplace,test,1762,3,6,-10.838699,-0.413208
natural,svhn8_blood_strict_full_noreplace,test,1763,7,6,-20.594807,-7.476597
natural,svhn8_blood_strict_full_noreplace,test,1764,0,0,72.270767,0.167155
natural,svhn8_blood_strict_full_noreplace,test,1765,1,5,-39.215485,-10.463667
natural,svhn8_blood_strict_full_noreplace,test,1766,4,6,-19.900908,-20.448746
natural,svhn8_blood_strict_full_noreplace,test,1767,2,6,9.442933,5.372249
natural,svhn8_blood_strict_full_noreplace,test,1768,4,6,-29.150856,-8.987429
natural,svhn8_blood_strict_full_noreplace,test,1769,3,6,-23.404322,19.062576
natural,svhn8_blood_strict_full_noreplace,test,1770,5,5,-31.669815,32.683636
natural,svhn8_blood_strict_full_noreplace,test,1771,1,6,-21.949560,-37.478527
natural,svhn8_blood_strict_full_noreplace,test,1772,6,6,70.665421,6.173535
natural,svhn8_blood_strict_full_noreplace,test,1773,7,5,-37.857658,9.099496
natural,svhn8_blood_strict_full_noreplace,test,1774,6,6,27.660896,0.913016
natural,svhn8_blood_strict_full_noreplace,test,1775,3,5,-34.279919,30.284069
natural,svhn8_blood_strict_full_noreplace,test,1776,0,6,36.217655,16.992432
natural,svhn8_blood_strict_full_noreplace,test,1777,7,6,-21.530945,-5.083003
natural,svhn8_blood_strict_full_noreplace,test,1778,3,5,-35.888493,30.158133
natural,svhn8_blood_strict_full_noreplace,test,1779,6,6,64.004913,12.876524
natural,svhn8_blood_strict_full_noreplace,test,1780,6,6,49.339970,8.938252
natural,svhn8_blood_strict_full_noreplace,test,1781,2,6,12.143041,-13.959343
natural,svhn8_blood_strict_full_noreplace,test,1782,3,6,3.860390,17.393700
natural,svhn8_blood_strict_full_noreplace,test,1783,3,5,-38.821774,25.110281
natural,svhn8_blood_strict_full_noreplace,test,1784,6,6,69.869560,7.244020
natural,svhn8_blood_strict_full_noreplace,test,1785,1,5,-22.880369,-28.315420
natural,svhn8_blood_strict_full_noreplace,test,1786,2,5,-12.912012,5.964896
natural,svhn8_blood_strict_full_noreplace,test,1787,3,5,-24.229809,-34.009689
natural,svhn8_blood_strict_full_noreplace,test,1788,1,6,-11.419063,-32.425747
natural,svhn8_blood_strict_full_noreplace,test,1789,3,5,-36.318993,18.226305
natural,svhn8_blood_strict_full_noreplace,test,1790,4,6,-20.462402,7.516644
natural,svhn8_blood_strict_full_noreplace,test,1791,2,6,-1.229814,-2.040404
natural,svhn8_blood_strict_full_noreplace,test,1792,1,6,-3.446923,-16.651085
natural,svhn8_blood_strict_full_noreplace,test,1793,7,5,-26.143103,-4.605927
natural,svhn8_blood_strict_full_noreplace,test,1794,7,5,-19.823479,-9.311873
natural,svhn8_blood_strict_full_noreplace,test,1795,6,6,50.133564,13.179838
natural,svhn8_blood_strict_full_noreplace,test,1796,6,6,37.385880,12.686523
natural,svhn8_blood_strict_full_noreplace,test,1797,3,5,-36.427372,33.936928
natural,svhn8_blood_strict_full_noreplace,test,1798,0,6,21.859650,-9.836035
natural,svhn8_blood_strict_full_noreplace,test,1799,4,6,7.986293,-9.060879
natural,svhn8_blood_strict_full_noreplace,test,1800,6,6,57.485657,15.306070
natural,svhn8_blood_strict_full_noreplace,test,1801,6,6,33.808796,13.138871
natural,svhn8_blood_strict_full_noreplace,test,1802,6,6,52.269730,11.463747
natural,svhn8_blood_strict_full_noreplace,test,1803,3,6,-12.018149,25.487370
natural,svhn8_blood_strict_full_noreplace,test,1804,1,6,-31.958984,-9.336056
natural,svhn8_blood_strict_full_noreplace,test,1805,4,6,-10.715928,-39.464104
natural,svhn8_blood_strict_full_noreplace,test,1806,1,6,-1.054165,-31.698624
natural,svhn8_blood_strict_full_noreplace,test,1807,6,6,51.754932,11.255213
natural,svhn8_blood_strict_full_noreplace,test,1808,3,6,-14.957312,6.677867
natural,svhn8_blood_strict_full_noreplace,test,1809,4,6,-18.619703,-22.159966
natural,svhn8_blood_strict_full_noreplace,test,1810,1,6,13.571632,-14.388013
natural,svhn8_blood_strict_full_noreplace,test,1811,6,6,31.245115,3.903430
natural,svhn8_blood_strict_full_noreplace,test,1812,6,6,46.986683,12.828481
natural,svhn8_blood_strict_full_noreplace,test,1813,3,6,-16.238371,15.328149
natural,svhn8_blood_strict_full_noreplace,test,1814,4,6,8.549021,-19.766176
natural,svhn8_blood_strict_full_noreplace,test,1815,1,5,-17.766520,-0.686247
natural,svhn8_blood_strict_full_noreplace,test,1816,6,6,54.490650,10.788358
natural,svhn8_blood_strict_full_noreplace,test,1817,4,6,-14.854320,-15.217745
natural,svhn8_blood_strict_full_noreplace,test,1818,6,6,31.204527,1.422735
natural,svhn8_blood_strict_full_noreplace,test,1819,5,6,-10.371579,15.126324
natural,svhn8_blood_strict_full_noreplace,test,1820,0,6,34.558033,-1.084687
natural,svhn8_blood_strict_full_noreplace,test,1821,1,6,-14.133057,-30.782269
natural,svhn8_blood_strict_full_noreplace,test,1822,1,6,-23.384888,-36.492569
natural,svhn8_blood_strict_full_noreplace,test,1823,4,6,-2.544376,-15.570506
natural,svhn8_blood_strict_full_noreplace,test,1824,5,5,-25.105743,31.357346
natural,svhn8_blood_strict_full_noreplace,test,1825,7,6,-22.044098,-4.787529
natural,svhn8_blood_strict_full_noreplace,test,1826,2,6,2.216186,-3.538762
natural,svhn8_blood_strict_full_noreplace,test,1827,0,6,69.476494,1.934466
natural,svhn8_blood_strict_full_noreplace,test,1828,2,6,6.881274,4.775838
natural,svhn8_blood_strict_full_noreplace,test,1829,7,5,-39.591911,9.182991
natural,svhn8_blood_strict_full_noreplace,test,1830,7,6,-18.401796,0.909006
natural,svhn8_blood_strict_full_noreplace,test,1831,1,6,-3.698292,-17.930044
natural,svhn8_blood_strict_full_noreplace,test,1832,5,5,-18.690210,21.658897
natural,svhn8_blood_strict_full_noreplace,test,1833,0,6,57.599453,19.137661
natural,svhn8_blood_strict_full_noreplace,test,1834,1,6,21.791475,-13.809907
natural,svhn8_blood_strict_full_noreplace,test,1835,3,5,-34.221939,28.924572
natural,svhn8_blood_strict_full_noreplace,test,1836,5,6,-7.326602,-2.072671
natural,svhn8_blood_strict_full_noreplace,test,1837,1,6,-1.994722,-26.791477
natural,svhn8_blood_strict_full_noreplace,test,1838,2,6,-0.439861,2.479399
natural,svhn8_blood_strict_full_noreplace,test,1839,1,5,-36.137451,-13.329178
natural,svhn8_blood_strict_full_noreplace,test,1840,1,6,-7.566658,-29.836405
natural,svhn8_blood_strict_full_noreplace,test,1841,2,5,-28.617399,6.220802
natural,svhn8_blood_strict_full_noreplace,test,1842,6,6,25.837025,2.624903
natural,svhn8_blood_strict_full_noreplace,test,1843,7,5,-42.316898,15.838933
natural,svhn8_blood_strict_full_noreplace,test,1844,7,6,9.093247,-26.249607
natural,svhn8_blood_strict_full_noreplace,test,1845,6,6,30.072886,6.058431
natural,svhn8_blood_strict_full_noreplace,test,1846,5,6,-4.307578,11.213372
natural,svhn8_blood_strict_full_noreplace,test,1847,5,5,-33.342793,-11.205497
natural,svhn8_blood_strict_full_noreplace,test,1848,3,6,-8.218859,11.019816
natural,svhn8_blood_strict_full_noreplace,test,1849,6,6,8.555120,10.312469
natural,svhn8_blood_strict_full_noreplace,test,1850,3,6,-6.385697,8.421108
natural,svhn8_blood_strict_full_noreplace,test,1851,7,5,-41.818192,10.649624
natural,svhn8_blood_strict_full_noreplace,test,1852,6,6,25.712280,2.340758
natural,svhn8_blood_strict_full_noreplace,test,1853,3,5,-14.650822,19.118481
natural,svhn8_blood_strict_full_noreplace,test,1854,3,3,-32.973373,37.741623
natural,svhn8_blood_strict_full_noreplace,test,1855,3,6,-11.910804,23.946924
natural,svhn8_blood_strict_full_noreplace,test,1856,6,6,34.902798,3.131663
natural,svhn8_blood_strict_full_noreplace,test,1857,3,5,-31.476240,20.861578
natural,svhn8_blood_strict_full_noreplace,test,1858,6,6,37.364204,14.729204
natural,svhn8_blood_strict_full_noreplace,test,1859,6,6,4.513549,13.218162
natural,svhn8_blood_strict_full_noreplace,test,1860,3,5,-33.318954,-14.332365
natural,svhn8_blood_strict_full_noreplace,test,1861,3,5,-38.547554,32.368248
natural,svhn8_blood_strict_full_noreplace,test,1862,1,6,-8.296282,-33.776089
natural,svhn8_blood_strict_full_noreplace,test,1863,2,6,2.959259,-2.547709
natural,svhn8_blood_strict_full_noreplace,test,1864,7,5,-35.855209,8.957199
natural,svhn8_blood_strict_full_noreplace,test,1865,5,5,-29.226494,34.520802
natural,svhn8_blood_strict_full_noreplace,test,1866,5,5,-32.908661,32.242367
natural,svhn8_blood_strict_full_noreplace,test,1867,4,6,12.424541,-18.929529
natural,svhn8_blood_strict_full_noreplace,test,1868,7,5,-30.071686,4.960339
natural,svhn8_blood_strict_full_noreplace,test,1869,1,6,21.962210,-18.213287
natural,svhn8_blood_strict_full_noreplace,test,1870,6,6,31.176472,0.475789
natural,svhn8_blood_strict_full_noreplace,test,1871,2,6,5.676574,-2.074094
natural,svhn8_blood_strict_full_noreplace,test,1872,3,6,-14.193584,22.302195
natural,svhn8_blood_strict_full_noreplace,test,1873,4,6,-19.163872,-11.437416
natural,svhn8_blood_strict_full_noreplace,test,1874,1,5,-37.493816,-11.408448
natural,svhn8_blood_strict_full_noreplace,test,1875,7,5,-40.558430,14.847788
natural,svhn8_blood_strict_full_noreplace,test,1876,3,5,-27.436972,12.141163
natural,svhn8_blood_strict_full_noreplace,test,1877,7,5,-27.127182,-3.717707
natural,svhn8_blood_strict_full_noreplace,test,1878,0,6,73.038094,-0.093441
natural,svhn8_blood_strict_full_noreplace,test,1879,2,6,-4.942071,5.423357
natural,svhn8_blood_strict_full_noreplace,test,1880,7,6,-20.804880,7.495040
natural,svhn8_blood_strict_full_noreplace,test,1881,6,6,11.562667,-8.860324
natural,svhn8_blood_strict_full_noreplace,test,1882,1,5,-31.230761,-11.761468
natural,svhn8_blood_strict_full_noreplace,test,1883,1,6,7.821357,-37.475555
natural,svhn8_blood_strict_full_noreplace,test,1884,3,5,-27.395182,4.383101
natural,svhn8_blood_strict_full_noreplace,test,1885,2,6,37.036377,17.914898
natural,svhn8_blood_strict_full_noreplace,test,1886,3,6,-10.808592,10.925440
natural,svhn8_blood_strict_full_noreplace,test,1887,1,6,-8.907291,-28.744694
natural,svhn8_blood_strict_full_noreplace,test,1888,5,6,-15.788696,17.490383
natural,svhn8_blood_strict_full_noreplace,test,1889,6,6,12.865497,-10.689028
natural,svhn8_blood_strict_full_noreplace,test,1890,3,5,-42.234249,17.956554
natural,svhn8_blood_strict_full_noreplace,test,1891,2,6,13.991576,3.963469
natural,svhn8_blood_strict_full_noreplace,test,1892,6,6,46.417492,9.324548
natural,svhn8_blood_strict_full_noreplace,test,1893,3,5,-19.782093,27.687950
natural,svhn8_blood_strict_full_noreplace,test,1894,5,5,-26.738745,26.395714
natural,svhn8_blood_strict_full_noreplace,test,1895,1,6,21.878790,-3.170071
natural,svhn8_blood_strict_full_noreplace,test,1896,6,6,37.271358,3.966381
natural,svhn8_blood_strict_full_noreplace,test,1897,1,6,-13.233543,-34.001835
natural,svhn8_blood_strict_full_noreplace,test,1898,2,6,5.210749,-1.089559
natural,svhn8_blood_strict_full_noreplace,test,1899,0,6,59.711418,4.034310
natural,svhn8_blood_strict_full_noreplace,test,1900,4,6,-14.455831,-17.326347
natural,svhn8_blood_strict_full_noreplace,test,1901,3,6,-24.111177,13.776239
natural,svhn8_blood_strict_full_noreplace,test,1902,0,6,30.376215,0.978574
natural,svhn8_blood_strict_full_noreplace,test,1903,7,6,-18.423712,-10.428226
natural,svhn8_blood_strict_full_noreplace,test,1904,6,6,1.753563,10.572960
natural,svhn8_blood_strict_full_noreplace,test,1905,3,6,1.548870,5.949580
natural,svhn8_blood_strict_full_noreplace,test,1906,3,6,-14.374049,-0.003623
natural,svhn8_blood_strict_full_noreplace,test,1907,1,6,-13.718710,-30.346630
natural,svhn8_blood_strict_full_noreplace,test,1908,2,6,-10.820037,19.673914
natural,svhn8_blood_strict_full_noreplace,test,1909,3,6,-14.176194,12.505000
natural,svhn8_blood_strict_full_noreplace,test,1910,6,6,40.556011,9.055366
natural,svhn8_blood_strict_full_noreplace,test,1911,2,6,12.876602,2.125965
natural,svhn8_blood_strict_full_noreplace,test,1912,5,5,-30.370068,31.992207
natural,svhn8_blood_strict_full_noreplace,test,1913,0,6,70.615654,1.442920
natural,svhn8_blood_strict_full_noreplace,test,1914,2,6,-5.597492,5.508725
natural,svhn8_blood_strict_full_noreplace,test,1915,1,6,-1.420000,-17.128311
natural,svhn8_blood_strict_full_noreplace,test,1916,7,5,-39.617031,4.395110
natural,svhn8_blood_strict_full_noreplace,test,1917,5,6,3.365745,17.956072
natural,svhn8_blood_strict_full_noreplace,test,1918,1,6,-12.550571,-29.988493
natural,svhn8_blood_strict_full_noreplace,test,1919,3,6,-10.367703,2.481246
natural,svhn8_blood_strict_full_noreplace,test,1920,1,5,-0.601001,-21.521465
natural,svhn8_blood_strict_full_noreplace,test,1921,4,6,9.123325,-27.632746
natural,svhn8_blood_strict_full_noreplace,test,1922,4,6,-19.527004,-23.208696
natural,svhn8_blood_strict_full_noreplace,test,1923,5,5,-35.143536,35.436592
natural,svhn8_blood_strict_full_noreplace,test,1924,4,6,8.258954,-19.137980
natural,svhn8_blood_strict_full_noreplace,test,1925,7,6,-19.609221,2.798411
natural,svhn8_blood_strict_full_noreplace,test,1926,3,5,-15.716939,1.931988
natural,svhn8_blood_strict_full_noreplace,test,1927,3,5,-36.162846,19.596691
natural,svhn8_blood_strict_full_noreplace,test,1928,6,6,36.958523,7.559316
natural,svhn8_blood_strict_full_noreplace,test,1929,1,5,-22.947577,-27.518232
natural,svhn8_blood_strict_full_noreplace,test,1930,3,5,-15.627707,19.813150
natural,svhn8_blood_strict_full_noreplace,test,1931,2,6,1.744178,-0.265785
natural,svhn8_blood_strict_full_noreplace,test,1932,0,6,32.410366,-4.282192
natural,svhn8_blood_strict_full_noreplace,test,1933,3,6,4.845953,16.412098
natural,svhn8_blood_strict_full_noreplace,test,1934,7,6,-1.561629,-11.684319
natural,svhn8_blood_strict_full_noreplace,test,1935,6,6,24.493778,-0.857589
natural,svhn8_blood_strict_full_noreplace,test,1936,6,6,23.249811,-10.262813
natural,svhn8_blood_strict_full_noreplace,test,1937,6,6,-4.786370,2.901365
natural,svhn8_blood_strict_full_noreplace,test,1938,5,5,-16.864920,7.595704
natural,svhn8_blood_strict_full_noreplace,test,1939,1,6,-4.498414,-27.138378
natural,svhn8_blood_strict_full_noreplace,test,1940,0,6,28.454506,2.191824
natural,svhn8_blood_strict_full_noreplace,test,1941,6,6,28.324993,3.356495
natural,svhn8_blood_strict_full_noreplace,test,1942,3,6,9.040007,14.806253
natural,svhn8_blood_strict_full_noreplace,test,1943,3,6,-7.819470,15.424843
natural,svhn8_blood_strict_full_noreplace,test,1944,1,6,-13.460471,-27.055479
natural,svhn8_blood_strict_full_noreplace,test,1945,5,5,-25.725847,26.296980
natural,svhn8_blood_strict_full_noreplace,test,1946,1,6,1.518435,-36.581741
natural,svhn8_blood_strict_full_noreplace,test,1947,2,6,-7.525145,3.695192
natural,svhn8_blood_strict_full_noreplace,test,1948,4,6,-27.579922,-10.768136
natural,svhn8_blood_strict_full_noreplace,test,1949,1,6,-4.933465,-34.815426
natural,svhn8_blood_strict_full_noreplace,test,1950,2,5,-29.163698,8.886505
natural,svhn8_blood_strict_full_noreplace,test,1951,0,6,55.373833,5.270672
natural,svhn8_blood_strict_full_noreplace,test,1952,7,6,-1.723344,-7.179127
natural,svhn8_blood_strict_full_noreplace,test,1953,1,6,-27.486027,-9.559550
natural,svhn8_blood_strict_full_noreplace,test,1954,1,6,5.336980,-37.053177
natural,svhn8_blood_strict_full_noreplace,test,1955,5,5,-22.383062,31.131916
natural,svhn8_blood_strict_full_noreplace,test,1956,6,6,58.617702,8.755205
natural,svhn8_blood_strict_full_noreplace,test,1957,0,0,70.736794,0.204676
natural,svhn8_blood_strict_full_noreplace,test,1958,5,5,-38.534218,37.489098
natural,svhn8_blood_strict_full_noreplace,test,1959,1,6,8.462329,-35.504681
natural,svhn8_blood_strict_full_noreplace,test,1960,3,5,-39.353321,30.175606
natural,svhn8_blood_strict_full_noreplace,test,1961,7,6,6.539200,-19.712233
natural,svhn8_blood_strict_full_noreplace,test,1962,6,6,12.825630,12.942581
natural,svhn8_blood_strict_full_noreplace,test,1963,3,6,-16.857082,28.248734
natural,svhn8_blood_strict_full_noreplace,test,1964,1,5,-23.141939,-29.824554
natural,svhn8_blood_strict_full_noreplace,test,1965,3,6,-11.208823,24.641264
natural,svhn8_blood_strict_full_noreplace,test,1966,3,5,-36.805069,36.823566
natural,svhn8_blood_strict_full_noreplace,test,1967,2,6,6.331861,3.752303
natural,svhn8_blood_strict_full_noreplace,test,1968,6,6,0.747735,12.777603
natural,svhn8_blood_strict_full_noreplace,test,1969,1,6,-23.662018,-35.126465
natural,svhn8_blood_strict_full_noreplace,test,1970,5,6,-13.855586,22.443012
natural,svhn8_blood_strict_full_noreplace,test,1971,1,6,-14.949025,-35.214073
natural,svhn8_blood_strict_full_noreplace,test,1972,3,6,3.955009,18.430149
natural,svhn8_blood_strict_full_noreplace,test,1973,2,6,36.374992,16.064363
natural,svhn8_blood_strict_full_noreplace,test,1974,5,6,4.061070,17.360723
natural,svhn8_blood_strict_full_noreplace,test,1975,0,0,70.638916,1.129584
natural,svhn8_blood_strict_full_noreplace,test,1976,2,6,4.543436,-0.875171
natural,svhn8_blood_strict_full_noreplace,test,1977,1,6,-15.950447,-28.179916
natural,svhn8_blood_strict_full_noreplace,test,1978,3,6,-8.783418,-2.666625
natural,svhn8_blood_strict_full_noreplace,test,1979,3,5,-39.093002,27.610210
natural,svhn8_blood_strict_full_noreplace,test,1980,2,6,-1.077216,-2.526499
natural,svhn8_blood_strict_full_noreplace,test,1981,3,5,-37.439789,28.149036
natural,svhn8_blood_strict_full_noreplace,test,1982,5,5,-39.541737,36.234055
natural,svhn8_blood_strict_full_noreplace,test,1983,0,6,52.633385,2.706605
natural,svhn8_blood_strict_full_noreplace,test,1984,1,6,0.606944,-19.470524
natural,svhn8_blood_strict_full_noreplace,test,1985,1,6,-1.521037,-28.790140
natural,svhn8_blood_strict_full_noreplace,test,1986,2,6,4.179579,-3.857779
natural,svhn8_blood_strict_full_noreplace,test,1987,5,5,-26.377523,25.061304
natural,svhn8_blood_strict_full_noreplace,test,1988,6,6,35.534222,7.923148
natural,svhn8_blood_strict_full_noreplace,test,1989,0,6,42.843422,2.328974
natural,svhn8_blood_strict_full_noreplace,test,1990,6,6,66.406288,6.259984
natural,svhn8_blood_strict_full_noreplace,test,1991,2,6,0.921261,-3.171778
natural,svhn8_blood_strict_full_noreplace,test,1992,1,6,-24.085901,-36.495193
natural,svhn8_blood_strict_full_noreplace,test,1993,6,6,45.636395,8.589625
natural,svhn8_blood_strict_full_noreplace,test,1994,3,5,-37.486599,26.631016
natural,svhn8_blood_strict_full_noreplace,test,1995,3,5,-29.668871,32.636841
natural,svhn8_blood_strict_full_noreplace,test,1996,3,6,-23.141092,26.648041
natural,svhn8_blood_strict_full_noreplace,test,1997,0,6,37.796177,15.807937
natural,svhn8_blood_strict_full_noreplace,test,1998,1,6,-12.356355,-12.105725
natural,svhn8_blood_strict_full_noreplace,test,1999,3,6,-7.653134,13.421585
natural,svhn8_blood_strict_full_noreplace,test,2000,6,6,32.293205,3.595808
natural,svhn8_blood_strict_full_noreplace,test,2001,3,5,-38.385612,32.769409
natural,svhn8_blood_strict_full_noreplace,test,2002,6,6,69.386719,4.497186
natural,svhn8_blood_strict_full_noreplace,test,2003,3,5,-36.882240,24.924110
natural,svhn8_blood_strict_full_noreplace,test,2004,2,5,-28.779058,8.252817
natural,svhn8_blood_strict_full_noreplace,test,2005,0,0,71.344383,-0.149755
natural,svhn8_blood_strict_full_noreplace,test,2006,6,6,50.777390,10.150416
natural,svhn8_blood_strict_full_noreplace,test,2007,6,6,61.730816,10.532327
natural,svhn8_blood_strict_full_noreplace,test,2008,1,6,24.613047,-15.413115
natural,svhn8_blood_strict_full_noreplace,test,2009,2,5,-33.753136,11.598049
natural,svhn8_blood_strict_full_noreplace,test,2010,6,6,55.444084,12.318868
natural,svhn8_blood_strict_full_noreplace,test,2011,6,6,38.618050,12.223229
natural,svhn8_blood_strict_full_noreplace,test,2012,3,6,-13.950696,15.160259
natural,svhn8_blood_strict_full_noreplace,test,2013,1,6,-8.748846,-6.097054
natural,svhn8_blood_strict_full_noreplace,test,2014,6,6,71.058479,3.229611
natural,svhn8_blood_strict_full_noreplace,test,2015,6,6,36.809616,4.211664
natural,svhn8_blood_strict_full_noreplace,test,2016,3,5,-27.055391,11.546159
natural,svhn8_blood_strict_full_noreplace,test,2017,0,6,33.274696,-1.861880
natural,svhn8_blood_strict_full_noreplace,test,2018,2,6,1.220253,-14.023380
natural,svhn8_blood_strict_full_noreplace,test,2019,6,6,49.810413,12.867452
natural,svhn8_blood_strict_full_noreplace,test,2020,0,6,61.925529,1.833811
natural,svhn8_blood_strict_full_noreplace,test,2021,1,6,-18.786072,-39.760380
natural,svhn8_blood_strict_full_noreplace,test,2022,6,6,40.772987,15.583993
natural,svhn8_blood_strict_full_noreplace,test,2023,3,6,-25.602663,-28.746220
natural,svhn8_blood_strict_full_noreplace,test,2024,4,6,3.628924,-16.805492
natural,svhn8_blood_strict_full_noreplace,test,2025,3,6,-26.645325,21.996605
natural,svhn8_blood_strict_full_noreplace,test,2026,6,6,47.243969,11.260445
natural,svhn8_blood_strict_full_noreplace,test,2027,0,6,55.446053,3.360380
natural,svhn8_blood_strict_full_noreplace,test,2028,6,6,0.249528,-18.024393
natural,svhn8_blood_strict_full_noreplace,test,2029,7,5,-38.683887,18.121145
natural,svhn8_blood_strict_full_noreplace,test,2030,1,6,31.406446,-3.086807
natural,svhn8_blood_strict_full_noreplace,test,2031,6,6,68.883278,8.962576
natural,svhn8_blood_strict_full_noreplace,test,2032,0,6,40.844009,2.393829
natural,svhn8_blood_strict_full_noreplace,test,2033,6,6,15.633403,-10.190572
natural,svhn8_blood_strict_full_noreplace,test,2034,7,5,-40.729897,18.050779
natural,svhn8_blood_strict_full_noreplace,test,2035,3,5,-23.810349,28.216705
natural,svhn8_blood_strict_full_noreplace,test,2036,3,6,-18.872232,11.789758
natural,svhn8_blood_strict_full_noreplace,test,2037,5,6,3.539274,15.990378
natural,svhn8_blood_strict_full_noreplace,test,2038,5,6,-13.663683,18.928919
natural,svhn8_blood_strict_full_noreplace,test,2039,5,5,-27.866657,29.867561
natural,svhn8_blood_strict_full_noreplace,test,2040,6,6,23.234669,-0.944201
natural,svhn8_blood_strict_full_noreplace,test,2041,7,6,-3.485895,-17.988897
natural,svhn8_blood_strict_full_noreplace,test,2042,5,5,-31.796408,33.863789
natural,svhn8_blood_strict_full_noreplace,test,2043,0,6,66.203094,4.956946
natural,svhn8_blood_strict_full_noreplace,test,2044,2,6,-1.167984,3.193637
natural,svhn8_blood_strict_full_noreplace,test,2045,7,5,-36.968185,4.545620
natural,svhn8_blood_strict_full_noreplace,test,2046,3,6,4.154630,-1.367052
natural,svhn8_blood_strict_full_noreplace,test,2047,1,6,1.856707,-30.696173
natural,svhn8_blood_strict_full_noreplace,test,2048,1,6,41.414772,3.000928
natural,svhn8_blood_strict_full_noreplace,test,2049,5,6,-14.465837,22.591606
natural,svhn8_blood_strict_full_noreplace,test,2050,6,6,42.985764,18.038328
natural,svhn8_blood_strict_full_noreplace,test,2051,7,6,-15.141362,-7.370483
natural,svhn8_blood_strict_full_noreplace,test,2052,3,6,-14.878333,28.534248
natural,svhn8_blood_strict_full_noreplace,test,2053,1,6,-33.161148,-8.700900
natural,svhn8_blood_strict_full_noreplace,test,2054,4,6,-9.684925,-18.216549
natural,svhn8_blood_strict_full_noreplace,test,2055,2,6,-13.243586,2.882786
natural,svhn8_blood_strict_full_noreplace,test,2056,1,6,4.467759,-39.719685
natural,svhn8_blood_strict_full_noreplace,test,2057,6,6,54.376106,14.675477
natural,svhn8_blood_strict_full_noreplace,test,2058,6,6,39.190758,5.071310
natural,svhn8_blood_strict_full_noreplace,test,2059,7,5,-35.923248,-11.586185
natural,svhn8_blood_strict_full_noreplace,test,2060,1,6,-11.738992,-12.801245
natural,svhn8_blood_strict_full_noreplace,test,2061,2,5,-28.917162,2.159299
natural,svhn8_blood_strict_full_noreplace,test,2062,7,6,-6.259139,0.763846
natural,svhn8_blood_strict_full_noreplace,test,2063,5,5,-23.252563,28.032522
natural,svhn8_blood_strict_full_noreplace,test,2064,7,5,-42.881214,19.671606
natural,svhn8_blood_strict_full_noreplace,test,2065,7,5,-36.382614,11.800490
natural,svhn8_blood_strict_full_noreplace,test,2066,3,6,-12.167956,21.705627
natural,svhn8_blood_strict_full_noreplace,test,2067,3,5,-34.892262,36.081322
natural,svhn8_blood_strict_full_noreplace,test,2068,3,6,-15.258906,-0.814646
natural,svhn8_blood_strict_full_noreplace,test,2069,4,5,-15.969272,-25.189117
natural,svhn8_blood_strict_full_noreplace,test,2070,4,6,-31.003042,-5.820226
natural,svhn8_blood_strict_full_noreplace,test,2071,4,6,0.168714,-19.853125
natural,svhn8_blood_strict_full_noreplace,test,2072,2,6,0.856441,3.893987
natural,svhn8_blood_strict_full_noreplace,test,2073,4,6,-16.559616,1.746093
natural,svhn8_blood_strict_full_noreplace,test,2074,6,6,22.922785,-2.271065
natural,svhn8_blood_strict_full_noreplace,test,2075,0,6,38.323795,2.190201
natural,svhn8_blood_strict_full_noreplace,test,2076,4,6,11.397871,-18.422857
natural,svhn8_blood_strict_full_noreplace,test,2077,7,6,-2.182086,11.386386
natural,svhn8_blood_strict_full_noreplace,test,2078,6,6,40.442024,11.664288
natural,svhn8_blood_strict_full_noreplace,test,2079,4,6,2.540134,-15.636720
natural,svhn8_blood_strict_full_noreplace,test,2080,7,5,-37.751915,12.741276
natural,svhn8_blood_strict_full_noreplace,test,2081,3,5,-29.620392,17.172384
natural,svhn8_blood_strict_full_noreplace,test,2082,3,5,-23.436998,18.603823
natural,svhn8_blood_strict_full_noreplace,test,2083,1,6,-2.265629,-6.025996
natural,svhn8_blood_strict_full_noreplace,test,2084,5,5,-33.007755,32.330795
natural,svhn8_blood_strict_full_noreplace,test,2085,2,6,3.835342,-1.119796
natural,svhn8_blood_strict_full_noreplace,test,2086,3,5,-24.303617,25.321911
natural,svhn8_blood_strict_full_noreplace,test,2087,2,6,11.904366,0.775850
natural,svhn8_blood_strict_full_noreplace,test,2088,6,6,61.622417,12.173635
natural,svhn8_blood_strict_full_noreplace,test,2089,3,6,-22.038097,6.941907
natural,svhn8_blood_strict_full_noreplace,test,2090,6,6,9.278726,2.294529
natural,svhn8_blood_strict_full_noreplace,test,2091,2,6,3.411147,-15.949121
natural,svhn8_blood_strict_full_noreplace,test,2092,6,6,22.474501,-6.181629
natural,svhn8_blood_strict_full_noreplace,test,2093,1,6,2.932681,-30.926077
natural,svhn8_blood_strict_full_noreplace,test,2094,2,6,-5.574308,-8.011081
natural,svhn8_blood_strict_full_noreplace,test,2095,2,6,4.851677,-1.318345
natural,svhn8_blood_strict_full_noreplace,test,2096,1,6,-22.421480,-15.182439
natural,svhn8_blood_strict_full_noreplace,test,2097,5,5,-38.317059,33.248837
natural,svhn8_blood_strict_full_noreplace,test,2098,2,5,-24.301716,-0.524821
natural,svhn8_blood_strict_full_noreplace,test,2099,4,6,-12.792687,-40.135464
natural,svhn8_blood_strict_full_noreplace,test,2100,5,5,-27.445433,26.082575
natural,svhn8_blood_strict_full_noreplace,test,2101,2,5,-34.672508,16.059612
natural,svhn8_blood_strict_full_noreplace,test,2102,3,6,-6.926814,18.935163
natural,svhn8_blood_strict_full_noreplace,test,2103,3,5,-23.013857,26.734035
natural,svhn8_blood_strict_full_noreplace,test,2104,2,6,4.679440,-2.173002
natural,svhn8_blood_strict_full_noreplace,test,2105,7,5,-39.481339,8.146832
natural,svhn8_blood_strict_full_noreplace,test,2106,0,6,39.372025,-0.028182
natural,svhn8_blood_strict_full_noreplace,test,2107,1,6,-19.959517,-7.408092
natural,svhn8_blood_strict_full_noreplace,test,2108,3,6,-5.570792,0.766535
natural,svhn8_blood_strict_full_noreplace,test,2109,2,5,-3.090029,-4.016482
natural,svhn8_blood_strict_full_noreplace,test,2110,7,6,-24.619688,-6.324875
natural,svhn8_blood_strict_full_noreplace,test,2111,3,6,1.260432,12.351735
natural,svhn8_blood_strict_full_noreplace,test,2112,6,6,33.037479,3.702053
natural,svhn8_blood_strict_full_noreplace,test,2113,6,6,50.839214,7.638612
natural,svhn8_blood_strict_full_noreplace,test,2114,2,6,5.001014,-2.368572
natural,svhn8_blood_strict_full_noreplace,test,2115,0,6,57.723034,3.462910
natural,svhn8_blood_strict_full_noreplace,test,2116,4,6,-21.170586,-15.362173
natural,svhn8_blood_strict_full_noreplace,test,2117,2,5,-24.442711,4.058112
natural,svhn8_blood_strict_full_noreplace,test,2118,0,6,59.639095,17.372599
natural,svhn8_blood_strict_full_noreplace,test,2119,1,5,-21.394526,-32.307243
natural,svhn8_blood_strict_full_noreplace,test,2120,3,6,-24.317036,11.015692
natural,svhn8_blood_strict_full_noreplace,test,2121,2,6,10.803615,0.692919
natural,svhn8_blood_strict_full_noreplace,test,2122,4,6,-22.567144,-13.416431
natural,svhn8_blood_strict_full_noreplace,test,2123,3,5,-32.983265,22.883463
natural,svhn8_blood_strict_full_noreplace,test,2124,6,6,6.587861,-11.561676
natural,svhn8_blood_strict_full_noreplace,test,2125,7,6,2.051510,-1.730588
natural,svhn8_blood_strict_full_noreplace,test,2126,6,6,19.635469,-6.946906
natural,svhn8_blood_strict_full_noreplace,test,2127,7,6,-8.720171,-3.757622
natural,svhn8_blood_strict_full_noreplace,test,2128,7,6,-34.897373,-0.832402
natural,svhn8_blood_strict_full_noreplace,test,2129,2,6,11.853729,3.698503
natural,svhn8_blood_strict_full_noreplace,test,2130,7,5,-28.080162,1.484908
natural,svhn8_blood_strict_full_noreplace,test,2131,0,6,60.051994,2.282353
natural,svhn8_blood_strict_full_noreplace,test,2132,6,6,47.175457,15.749129
natural,svhn8_blood_strict_full_noreplace,test,2133,3,6,-9.926534,12.123674
natural,svhn8_blood_strict_full_noreplace,test,2134,3,5,-24.648628,28.006548
natural,svhn8_blood_strict_full_noreplace,test,2135,3,5,-32.543499,10.840985
natural,svhn8_blood_strict_full_noreplace,test,2136,5,5,-25.246336,23.312489
natural,svhn8_blood_strict_full_noreplace,test,2137,2,6,-4.833106,-0.135026
natural,svhn8_blood_strict_full_noreplace,test,2138,0,6,38.692795,16.052917
natural,svhn8_blood_strict_full_noreplace,test,2139,1,6,-3.691211,-33.961216
natural,svhn8_blood_strict_full_noreplace,test,2140,6,6,47.906670,13.501595
natural,svhn8_blood_strict_full_noreplace,test,2141,1,6,62.986565,1.338782
natural,svhn8_blood_strict_full_noreplace,test,2142,3,6,-10.951975,25.699924
natural,svhn8_blood_strict_full_noreplace,test,2143,7,6,-15.163689,-6.687670
natural,svhn8_blood_strict_full_noreplace,test,2144,4,6,18.449305,-5.163214
natural,svhn8_blood_strict_full_noreplace,test,2145,6,6,17.511957,-8.752808
natural,svhn8_blood_strict_full_noreplace,test,2146,2,6,-5.985900,-17.157137
natural,svhn8_blood_strict_full_noreplace,test,2147,1,6,-17.574154,-38.718868
natural,svhn8_blood_strict_full_noreplace,test,2148,6,6,26.119732,-0.860360
natural,svhn8_blood_strict_full_noreplace,test,2149,4,6,-14.752523,-13.545685
natural,svhn8_blood_strict_full_noreplace,test,2150,1,6,8.209754,-34.503471
natural,svhn8_blood_strict_full_noreplace,test,2151,3,5,-16.594135,9.305948
natural,svhn8_blood_strict_full_noreplace,test,2152,3,5,-25.209793,25.451033
natural,svhn8_blood_strict_full_noreplace,test,2153,6,6,19.418190,-8.039462
natural,svhn8_blood_strict_full_noreplace,test,2154,6,6,29.317049,8.369592
natural,svhn8_blood_strict_full_noreplace,test,2155,0,6,40.216076,2.290276
natural,svhn8_blood_strict_full_noreplace,test,2156,3,6,-14.643406,-26.634974
natural,svhn8_blood_strict_full_noreplace,test,2157,3,6,-2.578063,-15.331775
natural,svhn8_blood_strict_full_noreplace,test,2158,6,6,38.720882,10.507040
natural,svhn8_blood_strict_full_noreplace,test,2159,0,6,55.354313,11.293592
natural,svhn8_blood_strict_full_noreplace,test,2160,6,6,59.740185,10.450383
natural,svhn8_blood_strict_full_noreplace,test,2161,3,6,-10.447138,-35.536137
natural,svhn8_blood_strict_full_noreplace,test,2162,4,6,-12.922132,-18.413475
natural,svhn8_blood_strict_full_noreplace,test,2163,5,5,-23.454372,19.584753
natural,svhn8_blood_strict_full_noreplace,test,2164,7,6,-14.815115,-24.819799
natural,svhn8_blood_strict_full_noreplace,test,2165,3,6,5.130156,6.399701
natural,svhn8_blood_strict_full_noreplace,test,2166,6,6,35.319565,7.203988
natural,svhn8_blood_strict_full_noreplace,test,2167,2,6,-1.561338,1.944891
natural,svhn8_blood_strict_full_noreplace,test,2168,6,6,-0.534152,-14.821316
natural,svhn8_blood_strict_full_noreplace,test,2169,0,6,42.557129,17.948761
natural,svhn8_blood_strict_full_noreplace,test,2170,1,6,-4.301273,-39.153240
natural,svhn8_blood_strict_full_noreplace,test,2171,1,6,-8.850618,-39.211960
natural,svhn8_blood_strict_full_noreplace,test,2172,3,5,-27.598080,13.559102
natural,svhn8_blood_strict_full_noreplace,test,2173,1,5,-13.790139,-25.444738
natural,svhn8_blood_strict_full_noreplace,test,2174,6,6,13.647572,-10.582334
natural,svhn8_blood_strict_full_noreplace,test,2175,7,5,-29.998753,-2.642779
natural,svhn8_blood_strict_full_noreplace,test,2176,6,6,40.965549,10.520445
natural,svhn8_blood_strict_full_noreplace,test,2177,6,6,31.506079,7.493034
natural,svhn8_blood_strict_full_noreplace,test,2178,6,6,48.434185,7.057235
natural,svhn8_blood_strict_full_noreplace,test,2179,7,6,-34.140343,-6.342618
natural,svhn8_blood_strict_full_noreplace,test,2180,0,6,58.641697,17.162283
natural,svhn8_blood_strict_full_noreplace,test,2181,1,5,-29.214678,5.250328
natural,svhn8_blood_strict_full_noreplace,test,2182,7,5,-42.183483,13.272180
natural,svhn8_blood_strict_full_noreplace,test,2183,4,6,-3.661793,-12.512286
natural,svhn8_blood_strict_full_noreplace,test,2184,1,6,-13.964159,-29.320896
natural,svhn8_blood_strict_full_noreplace,test,2185,2,6,-16.197664,5.922983
natural,svhn8_blood_strict_full_noreplace,test,2186,3,6,-5.243242,-1.854646
natural,svhn8_blood_strict_full_noreplace,test,2187,3,6,4.559300,18.345770
natural,svhn8_blood_strict_full_noreplace,test,2188,3,6,9.179502,16.203279
natural,svhn8_blood_strict_full_noreplace,test,2189,1,6,-14.014711,-29.037766
natural,svhn8_blood_strict_full_noreplace,test,2190,6,6,63.121437,14.450816
natural,svhn8_blood_strict_full_noreplace,test,2191,6,6,38.745674,3.618915
natural,svhn8_blood_strict_full_noreplace,test,2192,1,5,-37.534451,-10.877862
natural,svhn8_blood_strict_full_noreplace,test,2193,6,6,65.686577,10.042239
natural,svhn8_blood_strict_full_noreplace,test,2194,1,6,-3.161588,-18.287096
natural,svhn8_blood_strict_full_noreplace,test,2195,5,6,8.611076,13.816917
natural,svhn8_blood_strict_full_noreplace,test,2196,0,6,66.840851,4.576743
natural,svhn8_blood_strict_full_noreplace,test,2197,6,6,58.233589,9.789557
natural,svhn8_blood_strict_full_noreplace,test,2198,3,6,-23.990496,-11.374794
natural,svhn8_blood_strict_full_noreplace,test,2199,1,6,-17.879204,-36.771603
natural,svhn8_blood_strict_full_noreplace,test,2200,5,6,-10.773466,15.753687
natural,svhn8_blood_strict_full_noreplace,test,2201,0,6,58.818802,18.794544
natural,svhn8_blood_strict_full_noreplace,test,2202,6,6,51.822815,7.464810
natural,svhn8_blood_strict_full_noreplace,test,2203,4,6,-14.793982,-23.576628
natural,svhn8_blood_strict_full_noreplace,test,2204,7,5,-42.448715,13.837555
natural,svhn8_blood_strict_full_noreplace,test,2205,1,6,-7.431968,-37.778622
natural,svhn8_blood_strict_full_noreplace,test,2206,3,5,-23.205231,26.302746
natural,svhn8_blood_strict_full_noreplace,test,2207,6,6,70.635391,9.013931
natural,svhn8_blood_strict_full_noreplace,test,2208,3,5,-38.679108,37.862972
natural,svhn8_blood_strict_full_noreplace,test,2209,5,6,-5.658125,-5.194275
natural,svhn8_blood_strict_full_noreplace,test,2210,4,6,11.400626,-20.031446
natural,svhn8_blood_strict_full_noreplace,test,2211,3,6,-9.532660,25.963354
natural,svhn8_blood_strict_full_noreplace,test,2212,7,6,-41.490772,4.155599
natural,svhn8_blood_strict_full_noreplace,test,2213,2,6,13.261223,5.815215
natural,svhn8_blood_strict_full_noreplace,test,2214,3,5,-28.968153,6.344810
natural,svhn8_blood_strict_full_noreplace,test,2215,1,6,-2.772585,-35.312550
natural,svhn8_blood_strict_full_noreplace,test,2216,1,5,-36.224113,-12.203532
natural,svhn8_blood_strict_full_noreplace,test,2217,2,6,-3.946638,-5.173230
natural,svhn8_blood_strict_full_noreplace,test,2218,1,6,-22.825520,-15.341694
natural,svhn8_blood_strict_full_noreplace,test,2219,1,6,25.828751,-14.320181
natural,svhn8_blood_strict_full_noreplace,test,2220,1,6,0.625321,-34.298542
natural,svhn8_blood_strict_full_noreplace,test,2221,3,6,-20.211584,16.223860
natural,svhn8_blood_strict_full_noreplace,test,2222,7,6,-16.494913,-34.123150
natural,svhn8_blood_strict_full_noreplace,test,2223,1,6,-3.285722,-40.312695
natural,svhn8_blood_strict_full_noreplace,test,2224,1,6,-24.027039,-36.694717
natural,svhn8_blood_strict_full_noreplace,test,2225,3,5,-31.847664,-11.023297
natural,svhn8_blood_strict_full_noreplace,test,2226,7,5,-30.770962,1.956695
natural,svhn8_blood_strict_full_noreplace,test,2227,3,6,-9.503935,17.039513
natural,svhn8_blood_strict_full_noreplace,test,2228,7,6,-7.228026,-12.501126
natural,svhn8_blood_strict_full_noreplace,test,2229,1,6,27.048456,-13.260519
natural,svhn8_blood_strict_full_noreplace,test,2230,6,6,69.322235,6.785833
natural,svhn8_blood_strict_full_noreplace,test,2231,6,6,18.670380,-8.953736
natural,svhn8_blood_strict_full_noreplace,test,2232,5,6,-10.132081,0.424499
natural,svhn8_blood_strict_full_noreplace,test,2233,3,5,-32.797550,30.791441
natural,svhn8_blood_strict_full_noreplace,test,2234,0,6,66.996201,1.953086
natural,svhn8_blood_strict_full_noreplace,test,2235,6,6,57.948689,9.720192
natural,svhn8_blood_strict_full_noreplace,test,2236,6,6,59.600906,16.053997
natural,svhn8_blood_strict_full_noreplace,test,2237,1,5,-22.956915,-40.473579
natural,svhn8_blood_strict_full_noreplace,test,2238,6,6,34.770718,7.527924
natural,svhn8_blood_strict_full_noreplace,test,2239,7,5,-29.073597,-3.277426
natural,svhn8_blood_strict_full_noreplace,test,2240,1,5,-34.338673,-14.846781
natural,svhn8_blood_strict_full_noreplace,test,2241,1,6,-11.900443,-40.140106
natural,svhn8_blood_strict_full_noreplace,test,2242,4,5,-27.662096,1.346884
natural,svhn8_blood_strict_full_noreplace,test,2243,5,5,-31.165962,23.472101
natural,svhn8_blood_strict_full_noreplace,test,2244,5,6,6.651987,-10.330997
natural,svhn8_blood_strict_full_noreplace,test,2245,1,5,-19.965294,-26.665335
natural,svhn8_blood_strict_full_noreplace,test,2246,1,5,-17.786180,-26.387636
natural,svhn8_blood_strict_full_noreplace,test,2247,3,6,-26.642248,-8.931296
natural,svhn8_blood_strict_full_noreplace,test,2248,4,6,-7.405857,-28.663788
natural,svhn8_blood_strict_full_noreplace,test,2249,4,6,-14.931794,-20.489491
natural,svhn8_blood_strict_full_noreplace,test,2250,2,6,35.056675,15.835729
natural,svhn8_blood_strict_full_noreplace,test,2251,6,6,60.293831,15.337831
natural,svhn8_blood_strict_full_noreplace,test,2252,6,6,27.129635,-3.069579
natural,svhn8_blood_strict_full_noreplace,test,2253,3,6,-0.467544,9.893750
natural,svhn8_blood_strict_full_noreplace,test,2254,6,6,-7.600847,-3.267924
natural,svhn8_blood_strict_full_noreplace,test,2255,2,5,-40.315163,14.123343
natural,svhn8_blood_strict_full_noreplace,test,2256,7,6,-16.483839,-10.810734
natural,svhn8_blood_strict_full_noreplace,test,2257,1,6,-2.120868,-34.643143
natural,svhn8_blood_strict_full_noreplace,test,2258,6,6,57.462959,13.490938
natural,svhn8_blood_strict_full_noreplace,test,2259,1,6,5.468308,-38.726021
natural,svhn8_blood_strict_full_noreplace,test,2260,6,6,24.859287,1.453830
natural,svhn8_blood_strict_full_noreplace,test,2261,2,6,8.671475,4.457198
natural,svhn8_blood_strict_full_noreplace,test,2262,7,6,-23.917604,-11.065306
natural,svhn8_blood_strict_full_noreplace,test,2263,1,6,1.201207,-31.383795
natural,svhn8_blood_strict_full_noreplace,test,2264,7,6,-22.201551,-11.773413
natural,svhn8_blood_strict_full_noreplace,test,2265,6,6,38.384361,11.704809
natural,svhn8_blood_strict_full_noreplace,test,2266,7,6,-21.655128,-9.409912
natural,svhn8_blood_strict_full_noreplace,test,2267,5,6,-8.166447,-0.516458
natural,svhn8_blood_strict_full_noreplace,test,2268,1,6,5.883514,-37.102169
natural,svhn8_blood_strict_full_noreplace,test,2269,3,6,-15.174859,20.524933
natural,svhn8_blood_strict_full_noreplace,test,2270,1,6,7.006555,-36.135860
natural,svhn8_blood_strict_full_noreplace,test,2271,6,6,56.544056,12.015857
natural,svhn8_blood_strict_full_noreplace,test,2272,7,6,-7.201504,-26.159822
natural,svhn8_blood_strict_full_noreplace,test,2273,1,6,-1.817883,-38.383682
natural,svhn8_blood_strict_full_noreplace,test,2274,6,6,53.668533,14.768334
natural,svhn8_blood_strict_full_noreplace,test,2275,6,6,33.886978,7.645923
natural,svhn8_blood_strict_full_noreplace,test,2276,1,5,-20.879786,-34.552883
natural,svhn8_blood_strict_full_noreplace,test,2277,3,6,-21.763718,7.227679
natural,svhn8_blood_strict_full_noreplace,test,2278,2,6,12.642188,6.455295
natural,svhn8_blood_strict_full_noreplace,test,2279,6,6,71.255577,9.055232
natural,svhn8_blood_strict_full_noreplace,test,2280,2,6,6.017312,2.573474
natural,svhn8_blood_strict_full_noreplace,test,2281,3,5,-39.014584,26.430674
natural,svhn8_blood_strict_full_noreplace,test,2282,4,5,-19.805393,-23.748880
natural,svhn8_blood_strict_full_noreplace,test,2283,1,6,-0.230544,-31.663637
natural,svhn8_blood_strict_full_noreplace,test,2284,5,6,-6.761557,16.258184
natural,svhn8_blood_strict_full_noreplace,test,2285,4,6,-33.467873,-8.616218
natural,svhn8_blood_strict_full_noreplace,test,2286,1,6,2.141397,-25.456043
natural,svhn8_blood_strict_full_noreplace,test,2287,2,6,6.681843,2.290638
natural,svhn8_blood_strict_full_noreplace,test,2288,3,6,-18.252243,27.375883
natural,svhn8_blood_strict_full_noreplace,test,2289,4,6,-15.440953,-15.603932
natural,svhn8_blood_strict_full_noreplace,test,2290,6,6,40.014503,10.365446
natural,svhn8_blood_strict_full_noreplace,test,2291,3,6,-18.316919,30.555948
natural,svhn8_blood_strict_full_noreplace,test,2292,1,6,-4.597909,-41.278160
natural,svhn8_blood_strict_full_noreplace,test,2293,2,6,5.323742,-0.632593
natural,svhn8_blood_strict_full_noreplace,test,2294,1,5,-32.963886,25.913504
natural,svhn8_blood_strict_full_noreplace,test,2295,6,6,39.028481,10.812841
natural,svhn8_blood_strict_full_noreplace,test,2296,1,5,-25.918705,-38.614799
natural,svhn8_blood_strict_full_noreplace,test,2297,7,6,-6.604943,-12.587591
natural,svhn8_blood_strict_full_noreplace,test,2298,1,6,-19.117399,-37.746410
natural,svhn8_blood_strict_full_noreplace,test,2299,6,6,24.560833,3.794484
natural,svhn8_blood_strict_full_noreplace,test,2300,6,6,68.621536,9.716937
natural,svhn8_blood_strict_full_noreplace,test,2301,0,6,65.878578,1.135856
natural,svhn8_blood_strict_full_noreplace,test,2302,4,6,-37.594997,-5.457316
natural,svhn8_blood_strict_full_noreplace,test,2303,6,6,9.119452,-27.308128
natural,svhn8_blood_strict_full_noreplace,test,2304,1,6,-5.529586,-22.982372
natural,svhn8_blood_strict_full_noreplace,test,2305,5,5,-17.121552,22.252983
natural,svhn8_blood_strict_full_noreplace,test,2306,4,6,-20.348030,-10.283021
natural,svhn8_blood_strict_full_noreplace,test,2307,3,5,-39.387905,26.188534
natural,svhn8_blood_strict_full_noreplace,test,2308,2,6,-5.190218,0.409371
natural,svhn8_blood_strict_full_noreplace,test,2309,5,6,-15.869893,27.099621
natural,svhn8_blood_strict_full_noreplace,test,2310,3,6,-6.696299,18.143997
natural,svhn8_blood_strict_full_noreplace,test,2311,2,6,13.851208,2.920694
natural,svhn8_blood_strict_full_noreplace,test,2312,7,6,-4.055648,-30.808041
natural,svhn8_blood_strict_full_noreplace,test,2313,2,6,-15.731517,4.908389
natural,svhn8_blood_strict_full_noreplace,test,2314,6,6,70.379562,5.291610
natural,svhn8_blood_strict_full_noreplace,test,2315,5,6,-14.366171,23.732925
natural,svhn8_blood_strict_full_noreplace,test,2316,1,6,-19.132793,-37.997158
natural,svhn8_blood_strict_full_noreplace,test,2317,5,6,-1.240319,10.958055
natural,svhn8_blood_strict_full_noreplace,test,2318,3,5,-15.854188,11.333859
natural,svhn8_blood_strict_full_noreplace,test,2319,1,6,-9.895483,-35.235752
natural,svhn8_blood_strict_full_noreplace,test,2320,7,6,-30.222746,-4.128838
natural,svhn8_blood_strict_full_noreplace,test,2321,0,6,66.739120,4.292108
natural,svhn8_blood_strict_full_noreplace,test,2322,0,6,41.096870,1.190963
natural,svhn8_blood_strict_full_noreplace,test,2323,1,5,-19.748697,-27.625006
natural,svhn8_blood_strict_full_noreplace,test,2324,4,6,-16.559355,-22.395496
natural,svhn8_blood_strict_full_noreplace,test,2325,3,5,-36.819870,21.422693
natural,svhn8_blood_strict_full_noreplace,test,2326,5,5,-33.179951,25.966137
natural,svhn8_blood_strict_full_noreplace,test,2327,0,6,69.360001,1.644483
natural,svhn8_blood_strict_full_noreplace,test,2328,1,6,4.021516,-23.549744
natural,svhn8_blood_strict_full_noreplace,test,2329,3,6,-12.971394,26.563911
natural,svhn8_blood_strict_full_noreplace,test,2330,4,6,-13.531080,-17.351494
natural,svhn8_blood_strict_full_noreplace,test,2331,1,6,-11.194413,-12.755015
natural,svhn8_blood_strict_full_noreplace,test,2332,6,6,47.940857,11.275033
natural,svhn8_blood_strict_full_noreplace,test,2333,3,5,-32.954002,29.079052
natural,svhn8_blood_strict_full_noreplace,test,2334,7,5,-25.455965,-1.959550
natural,svhn8_blood_strict_full_noreplace,test,2335,7,6,-22.289448,-14.505084
natural,svhn8_blood_strict_full_noreplace,test,2336,7,6,-23.479824,-5.810433
natural,svhn8_blood_strict_full_noreplace,test,2337,6,6,70.219917,8.532793
natural,svhn8_blood_strict_full_noreplace,test,2338,7,6,-27.461687,-5.585563
natural,svhn8_blood_strict_full_noreplace,test,2339,2,6,8.885245,-0.729698
natural,svhn8_blood_strict_full_noreplace,test,2340,0,6,37.932106,9.533948
natural,svhn8_blood_strict_full_noreplace,test,2341,4,6,14.822008,-17.822262
natural,svhn8_blood_strict_full_noreplace,test,2342,4,6,-17.002495,-20.233849
natural,svhn8_blood_strict_full_noreplace,test,2343,3,6,9.321625,15.318090
natural,svhn8_blood_strict_full_noreplace,test,2344,6,6,55.254288,12.890889
natural,svhn8_blood_strict_full_noreplace,test,2345,6,6,44.803577,11.798227
natural,svhn8_blood_strict_full_noreplace,test,2346,0,6,24.309851,-14.289923
natural,svhn8_blood_strict_full_noreplace,test,2347,1,6,-15.552134,-35.325287
natural,svhn8_blood_strict_full_noreplace,test,2348,6,6,24.738426,4.249750
natural,svhn8_blood_strict_full_noreplace,test,2349,3,5,-36.002300,35.197647
natural,svhn8_blood_strict_full_noreplace,test,2350,7,6,-22.340719,-5.855534
natural,svhn8_blood_strict_full_noreplace,test,2351,5,6,-16.736137,18.261589
natural,svhn8_blood_strict_full_noreplace,test,2352,6,6,36.454887,9.436001
natural,svhn8_blood_strict_full_noreplace,test,2353,6,6,53.910774,11.222340
natural,svhn8_blood_strict_full_noreplace,test,2354,7,5,-28.517193,-2.363281
natural,svhn8_blood_strict_full_noreplace,test,2355,7,6,-33.407547,4.764606
natural,svhn8_blood_strict_full_noreplace,test,2356,0,6,9.105570,-27.362715
natural,svhn8_blood_strict_full_noreplace,test,2357,7,6,-21.724506,-7.467638
natural,svhn8_blood_strict_full_noreplace,test,2358,1,6,24.505739,-13.134330
natural,svhn8_blood_strict_full_noreplace,test,2359,7,5,-38.653412,16.310650
natural,svhn8_blood_strict_full_noreplace,test,2360,0,6,38.815784,17.716629
natural,svhn8_blood_strict_full_noreplace,test,2361,3,6,-7.641794,-1.639129
natural,svhn8_blood_strict_full_noreplace,test,2362,4,6,-18.307140,-17.034937
natural,svhn8_blood_strict_full_noreplace,test,2363,6,6,30.738361,3.408832
natural,svhn8_blood_strict_full_noreplace,test,2364,2,6,5.914336,3.959948
natural,svhn8_blood_strict_full_noreplace,test,2365,1,5,-22.728346,-30.275045
natural,svhn8_blood_strict_full_noreplace,test,2366,4,6,-4.205750,-38.594341
natural,svhn8_blood_strict_full_noreplace,test,2367,5,5,-19.924177,20.046598
natural,svhn8_blood_strict_full_noreplace,test,2368,7,6,-3.074495,-12.056005
natural,svhn8_blood_strict_full_noreplace,test,2369,7,5,-41.124554,12.624335
natural,svhn8_blood_strict_full_noreplace,test,2370,4,6,-16.083162,-19.791607
natural,svhn8_blood_strict_full_noreplace,test,2371,4,6,25.669489,-9.596369
natural,svhn8_blood_strict_full_noreplace,test,2372,3,5,-39.482014,33.732788
natural,svhn8_blood_strict_full_noreplace,test,2373,5,6,3.476275,-14.101791
natural,svhn8_blood_strict_full_noreplace,test,2374,5,6,-13.632930,8.296090
natural,svhn8_blood_strict_full_noreplace,test,2375,5,6,-11.828674,-9.138679
natural,svhn8_blood_strict_full_noreplace,test,2376,4,6,11.651592,-14.163699
natural,svhn8_blood_strict_full_noreplace,test,2377,6,6,46.896942,8.903119
natural,svhn8_blood_strict_full_noreplace,test,2378,5,5,-28.965912,15.954132
natural,svhn8_blood_strict_full_noreplace,test,2379,4,6,10.001861,-14.459450
natural,svhn8_blood_strict_full_noreplace,test,2380,4,6,-18.471512,-19.778658
natural,svhn8_blood_strict_full_noreplace,test,2381,4,6,-37.446991,-4.778670
natural,svhn8_blood_strict_full_noreplace,test,2382,5,5,-27.733358,28.077129
natural,svhn8_blood_strict_full_noreplace,test,2383,1,5,-38.531586,-9.797084
natural,svhn8_blood_strict_full_noreplace,test,2384,2,6,9.240559,4.318074
natural,svhn8_blood_strict_full_noreplace,test,2385,1,6,3.913590,-21.062141
natural,svhn8_blood_strict_full_noreplace,test,2386,0,0,73.811966,-0.452662
natural,svhn8_blood_strict_full_noreplace,test,2387,7,5,-43.401581,21.290638
natural,svhn8_blood_strict_full_noreplace,test,2388,4,6,-19.291784,-18.818060
natural,svhn8_blood_strict_full_noreplace,test,2389,6,6,34.355835,-0.699263
natural,svhn8_blood_strict_full_noreplace,test,2390,6,6,22.289577,-1.363053
natural,svhn8_blood_strict_full_noreplace,test,2391,0,6,64.878555,0.994491
natural,svhn8_blood_strict_full_noreplace,test,2392,5,5,-25.360674,26.694740
natural,svhn8_blood_strict_full_noreplace,test,2393,7,6,-23.609480,-7.199259
natural,svhn8_blood_strict_full_noreplace,test,2394,0,6,39.240067,14.911778
natural,svhn8_blood_strict_full_noreplace,test,2395,6,6,46.334156,13.810622
natural,svhn8_blood_strict_full_noreplace,test,2396,6,6,22.564550,-2.680691
natural,svhn8_blood_strict_full_noreplace,test,2397,1,6,-1.982886,-38.143513
natural,svhn8_blood_strict_full_noreplace,test,2398,6,6,62.072605,11.189416
natural,svhn8_blood_strict_full_noreplace,test,2399,2,6,-5.735250,17.026510
natural,svhn8_blood_strict_full_noreplace,test,2400,3,6,-11.165632,-38.462124
natural,svhn8_blood_strict_full_noreplace,test,2401,5,5,-37.522045,25.961050
natural,svhn8_blood_strict_full_noreplace,test,2402,4,6,-6.432247,-22.651358
natural,svhn8_blood_strict_full_noreplace,test,2403,7,6,-24.676126,-12.639540
natural,svhn8_blood_strict_full_noreplace,test,2404,3,6,-9.596290,-0.416720
natural,svhn8_blood_strict_full_noreplace,test,2405,1,5,-18.987947,-31.669086
natural,svhn8_blood_strict_full_noreplace,test,2406,1,6,-14.829576,-29.269461
natural,svhn8_blood_strict_full_noreplace,test,2407,7,5,-36.463573,-11.330462
natural,svhn8_blood_strict_full_noreplace,test,2408,6,6,70.171242,6.825830
natural,svhn8_blood_strict_full_noreplace,test,2409,3,6,7.581658,15.165606
natural,svhn8_blood_strict_full_noreplace,test,2410,7,6,-26.359961,-7.306325
natural,svhn8_blood_strict_full_noreplace,test,2411,6,6,30.824810,4.217568
natural,svhn8_blood_strict_full_noreplace,test,2412,3,5,-18.097387,13.566981
natural,svhn8_blood_strict_full_noreplace,test,2413,6,6,67.098015,8.696308
natural,svhn8_blood_strict_full_noreplace,test,2414,2,6,-5.546552,0.196046
natural,svhn8_blood_strict_full_noreplace,test,2415,6,6,37.389404,7.744145
natural,svhn8_blood_strict_full_noreplace,test,2416,1,5,-12.437997,-24.953995
natural,svhn8_blood_strict_full_noreplace,test,2417,2,6,22.339394,3.833600
natural,svhn8_blood_strict_full_noreplace,test,2418,6,6,67.219582,11.704955
natural,svhn8_blood_strict_full_noreplace,test,2419,4,6,-12.299232,-11.470763
natural,svhn8_blood_strict_full_noreplace,test,2420,1,6,6.796409,-31.842907
natural,svhn8_blood_strict_full_noreplace,test,2421,7,5,-41.547371,7.284063
natural,svhn8_blood_strict_full_noreplace,test,2422,3,6,2.620788,14.333179
natural,svhn8_blood_strict_full_noreplace,test,2423,1,6,-2.818606,-30.347403
natural,svhn8_blood_strict_full_noreplace,test,2424,3,6,-10.832089,23.730263
natural,svhn8_blood_strict_full_noreplace,test,2425,5,6,7.326659,7.225364
natural,svhn8_blood_strict_full_noreplace,test,2426,0,6,63.664909,3.399685
natural,svhn8_blood_strict_full_noreplace,test,2427,0,6,39.940033,1.906596
natural,svhn8_blood_strict_full_noreplace,test,2428,1,6,-4.173407,-41.990189
natural,svhn8_blood_strict_full_noreplace,test,2429,6,6,27.358782,4.688931
natural,svhn8_blood_strict_full_noreplace,test,2430,5,5,-34.133167,33.433102
natural,svhn8_blood_strict_full_noreplace,test,2431,3,5,-20.313951,11.726268
natural,svhn8_blood_strict_full_noreplace,test,2432,2,6,8.114665,-3.157599
natural,svhn8_blood_strict_full_noreplace,test,2433,7,6,-14.899788,-5.326784
natural,svhn8_blood_strict_full_noreplace,test,2434,1,5,-22.523540,-35.856026
natural,svhn8_blood_strict_full_noreplace,test,2435,1,5,-27.709362,5.669592
natural,svhn8_blood_strict_full_noreplace,test,2436,6,6,25.735826,-12.593566
natural,svhn8_blood_strict_full_noreplace,test,2437,4,6,-17.905302,-17.144510
natural,svhn8_blood_strict_full_noreplace,test,2438,1,6,-15.698643,-27.344624
natural,svhn8_blood_strict_full_noreplace,test,2439,3,5,-21.076817,30.012276
natural,svhn8_blood_strict_full_noreplace,test,2440,5,5,-25.619360,31.168455
natural,svhn8_blood_strict_full_noreplace,test,2441,6,6,20.641228,-6.612463
natural,svhn8_blood_strict_full_noreplace,test,2442,1,5,-12.481131,-26.079681
natural,svhn8_blood_strict_full_noreplace,test,2443,3,5,-37.658684,23.074629
natural,svhn8_blood_strict_full_noreplace,test,2444,1,6,-5.925347,-33.036655
natural,svhn8_blood_strict_full_noreplace,test,2445,3,6,-6.904209,-3.881219
natural,svhn8_blood_strict_full_noreplace,test,2446,6,6,41.880341,9.641150
natural,svhn8_blood_strict_full_noreplace,test,2447,7,5,-27.630676,-3.778818
natural,svhn8_blood_strict_full_noreplace,test,2448,2,6,12.289424,7.581831
natural,svhn8_blood_strict_full_noreplace,test,2449,0,6,55.566582,2.276555
natural,svhn8_blood_strict_full_noreplace,test,2450,1,6,-12.325289,-32.554062
natural,svhn8_blood_strict_full_noreplace,test,2451,7,5,-43.976322,13.656938
natural,svhn8_blood_strict_full_noreplace,test,2452,6,6,44.667381,8.265135
natural,svhn8_blood_strict_full_noreplace,test,2453,7,6,-19.748251,-6.640638
natural,svhn8_blood_strict_full_noreplace,test,2454,2,6,-0.074411,3.294836
natural,svhn8_blood_strict_full_noreplace,test,2455,6,6,26.568445,1.032182
natural,svhn8_blood_strict_full_noreplace,test,2456,4,6,-12.875419,-20.888784
natural,svhn8_blood_strict_full_noreplace,test,2457,1,6,-9.038917,-26.862570
natural,svhn8_blood_strict_full_noreplace,test,2458,1,6,-4.039437,-34.695034
natural,svhn8_blood_strict_full_noreplace,test,2459,0,6,40.721779,1.363181
natural,svhn8_blood_strict_full_noreplace,test,2460,6,6,71.966125,4.476343
natural,svhn8_blood_strict_full_noreplace,test,2461,1,5,-21.094233,-29.656424
natural,svhn8_blood_strict_full_noreplace,test,2462,0,6,34.545834,-1.572380
natural,svhn8_blood_strict_full_noreplace,test,2463,7,6,6.572654,5.239617
natural,svhn8_blood_strict_full_noreplace,test,2464,6,6,47.664455,8.844572
natural,svhn8_blood_strict_full_noreplace,test,2465,3,6,-7.546841,19.742647
natural,svhn8_blood_strict_full_noreplace,test,2466,1,6,-19.419615,-37.952496
natural,svhn8_blood_strict_full_noreplace,test,2467,2,6,11.198312,3.172098
natural,svhn8_blood_strict_full_noreplace,test,2468,3,5,-30.634197,18.785271
natural,svhn8_blood_strict_full_noreplace,test,2469,2,6,4.282743,-13.948103
natural,svhn8_blood_strict_full_noreplace,test,2470,1,6,2.782990,-30.735056
natural,svhn8_blood_strict_full_noreplace,test,2471,1,6,8.626904,-12.032485
natural,svhn8_blood_strict_full_noreplace,test,2472,6,6,40.048820,9.822271
natural,svhn8_blood_strict_full_noreplace,test,2473,6,6,26.460962,-4.045946
natural,svhn8_blood_strict_full_noreplace,test,2474,4,6,11.276956,-20.144331
natural,svhn8_blood_strict_full_noreplace,test,2475,1,6,-12.889457,-4.508876
natural,svhn8_blood_strict_full_noreplace,test,2476,6,6,55.164112,11.873221
natural,svhn8_blood_strict_full_noreplace,test,2477,4,6,-13.164044,-17.123276
natural,svhn8_blood_strict_full_noreplace,test,2478,6,6,26.059086,4.884237
natural,svhn8_blood_strict_full_noreplace,test,2479,1,6,-0.458734,-37.712307
natural,svhn8_blood_strict_full_noreplace,test,2480,3,5,-37.873470,35.698433
natural,svhn8_blood_strict_full_noreplace,test,2481,1,6,21.855358,-18.322697
natural,svhn8_blood_strict_full_noreplace,test,2482,7,5,-43.599026,20.402802
natural,svhn8_blood_strict_full_noreplace,test,2483,4,6,-4.017559,-28.329721
natural,svhn8_blood_strict_full_noreplace,test,2484,2,6,11.815205,-13.609585
natural,svhn8_blood_strict_full_noreplace,test,2485,3,5,-34.347824,36.554508
natural,svhn8_blood_strict_full_noreplace,test,2486,1,5,-34.366501,-9.189665
natural,svhn8_blood_strict_full_noreplace,test,2487,7,6,-15.175096,-7.549654
natural,svhn8_blood_strict_full_noreplace,test,2488,3,5,-27.625788,6.602028
natural,svhn8_blood_strict_full_noreplace,test,2489,1,6,-11.036451,-28.123955
natural,svhn8_blood_strict_full_noreplace,test,2490,1,6,24.083117,-14.348686
natural,svhn8_blood_strict_full_noreplace,test,2491,5,6,-12.256224,19.496733
natural,svhn8_blood_strict_full_noreplace,test,2492,5,5,-36.190514,27.392258
natural,svhn8_blood_strict_full_noreplace,test,2493,5,6,20.267328,-9.154892
natural,svhn8_blood_strict_full_noreplace,test,2494,1,6,-5.352952,-31.063089
natural,svhn8_blood_strict_full_noreplace,test,2495,3,6,-14.255858,7.047950
natural,svhn8_blood_strict_full_noreplace,test,2496,7,6,-42.288986,6.636544
natural,svhn8_blood_strict_full_noreplace,test,2497,7,6,-17.819420,-10.887776
natural,svhn8_blood_strict_full_noreplace,test,2498,7,5,-31.214300,0.061222
natural,svhn8_blood_strict_full_noreplace,test,2499,1,6,-13.767133,-29.346493
natural,svhn8_blood_strict_full_noreplace,test,2500,1,6,-21.221781,-35.392487
natural,svhn8_blood_strict_full_noreplace,test,2501,7,6,-42.798470,6.275296
natural,svhn8_blood_strict_full_noreplace,test,2502,7,5,-40.482349,5.259948
natural,svhn8_blood_strict_full_noreplace,test,2503,2,6,16.059446,5.583354
natural,svhn8_blood_strict_full_noreplace,test,2504,7,5,-42.271423,15.173578
natural,svhn8_blood_strict_full_noreplace,test,2505,3,5,-40.138702,26.071245
natural,svhn8_blood_strict_full_noreplace,test,2506,4,6,-13.283465,-20.441341
natural,svhn8_blood_strict_full_noreplace,test,2507,7,6,-17.457289,-10.949377
natural,svhn8_blood_strict_full_noreplace,test,2508,6,6,-11.419853,-6.055945
natural,svhn8_blood_strict_full_noreplace,test,2509,1,6,-0.245362,-34.610420
natural,svhn8_blood_strict_full_noreplace,test,2510,1,6,-10.527558,-35.676895
natural,svhn8_blood_strict_full_noreplace,test,2511,6,6,26.885471,1.318086
natural,svhn8_blood_strict_full_noreplace,test,2512,1,5,-24.044651,-37.556145
natural,svhn8_blood_strict_full_noreplace,test,2513,0,6,-0.217592,-13.290285
natural,svhn8_blood_strict_full_noreplace,test,2514,3,6,-6.616100,11.879786
natural,svhn8_blood_strict_full_noreplace,test,2515,0,6,55.761642,3.829341
natural,svhn8_blood_strict_full_noreplace,test,2516,2,6,-11.879380,5.314425
natural,svhn8_blood_strict_full_noreplace,test,2517,2,6,-1.453729,-15.634510
natural,svhn8_blood_strict_full_noreplace,test,2518,0,6,8.702085,-12.179854
natural,svhn8_blood_strict_full_noreplace,test,2519,7,6,-18.523712,-6.190245
natural,svhn8_blood_strict_full_noreplace,test,2520,3,6,5.552722,10.709053
natural,svhn8_blood_strict_full_noreplace,test,2521,6,6,44.542408,14.821745
natural,svhn8_blood_strict_full_noreplace,test,2522,4,6,5.462609,-27.210257
natural,svhn8_blood_strict_full_noreplace,test,2523,7,6,-35.150547,-6.022510
natural,svhn8_blood_strict_full_noreplace,test,2524,6,6,23.201797,-11.895141
natural,svhn8_blood_strict_full_noreplace,test,2525,1,6,-10.621314,-27.326889
natural,svhn8_blood_strict_full_noreplace,test,2526,1,6,0.743481,-30.362944
natural,svhn8_blood_strict_full_noreplace,test,2527,1,6,-39.248207,-6.342766
natural,svhn8_blood_strict_full_noreplace,test,2528,0,6,56.865929,5.327340
natural,svhn8_blood_strict_full_noreplace,test,2529,2,6,10.591659,-14.116910
natural,svhn8_blood_strict_full_noreplace,test,2530,7,5,-37.621918,15.169382
natural,svhn8_blood_strict_full_noreplace,test,2531,1,5,-20.430723,-28.208954
natural,svhn8_blood_strict_full_noreplace,test,2532,6,6,45.170620,13.637344
natural,svhn8_blood_strict_full_noreplace,test,2533,4,6,-13.446301,-7.479990
natural,svhn8_blood_strict_full_noreplace,test,2534,1,6,26.240368,-10.680986
natural,svhn8_blood_strict_full_noreplace,test,2535,3,6,19.304382,-6.440942
natural,svhn8_blood_strict_full_noreplace,test,2536,4,6,14.783407,-17.865847
natural,svhn8_blood_strict_full_noreplace,test,2537,0,6,66.983841,1.417685
natural,svhn8_blood_strict_full_noreplace,test,2538,6,6,44.883739,11.510502
natural,svhn8_blood_strict_full_noreplace,test,2539,1,6,5.368431,-23.924185
natural,svhn8_blood_strict_full_noreplace,test,2540,0,6,52.805473,2.657336
natural,svhn8_blood_strict_full_noreplace,test,2541,1,6,17.689814,5.810587
natural,svhn8_blood_strict_full_noreplace,test,2542,1,5,-22.972822,-29.607107
natural,svhn8_blood_strict_full_noreplace,test,2543,1,6,-1.775242,-35.861771
natural,svhn8_blood_strict_full_noreplace,test,2544,5,6,-22.825129,8.080547
natural,svhn8_blood_strict_full_noreplace,test,2545,7,6,-13.769687,-12.643004
natural,svhn8_blood_strict_full_noreplace,test,2546,6,6,51.029865,6.687289
natural,svhn8_blood_strict_full_noreplace,test,2547,3,6,5.486741,7.761415
natural,svhn8_blood_strict_full_noreplace,test,2548,0,6,70.886848,1.384537
natural,svhn8_blood_strict_full_noreplace,test,2549,6,6,44.067196,6.447049
natural,svhn8_blood_strict_full_noreplace,test,2550,0,6,25.086510,5.294598
natural,svhn8_blood_strict_full_noreplace,test,2551,7,6,-5.513228,-12.836049
natural,svhn8_blood_strict_full_noreplace,test,2552,2,6,-23.086742,11.424172
natural,svhn8_blood_strict_full_noreplace,test,2553,6,6,25.372465,-3.344141
natural,svhn8_blood_strict_full_noreplace,test,2554,6,6,44.205715,12.243518
natural,svhn8_blood_strict_full_noreplace,test,2555,3,6,-23.815504,9.424760
natural,svhn8_blood_strict_full_noreplace,test,2556,0,6,26.146124,4.972278
natural,svhn8_blood_strict_full_noreplace,test,2557,5,6,-12.686722,13.820934
natural,svhn8_blood_strict_full_noreplace,test,2558,5,5,-34.583721,26.317265
natural,svhn8_blood_strict_full_noreplace,test,2559,3,6,-18.612133,30.608841
natural,svhn8_blood_strict_full_noreplace,test,2560,3,6,-27.611885,-9.168412
natural,svhn8_blood_strict_full_noreplace,test,2561,6,6,36.651749,13.352600
natural,svhn8_blood_strict_full_noreplace,test,2562,7,6,-21.694818,-3.491420
natural,svhn8_blood_strict_full_noreplace,test,2563,6,6,41.001396,10.045231
natural,svhn8_blood_strict_full_noreplace,test,2564,7,5,-41.298519,8.218804
natural,svhn8_blood_strict_full_noreplace,test,2565,4,6,-10.668711,-20.327112
natural,svhn8_blood_strict_full_noreplace,test,2566,7,6,-5.021274,-9.981137
natural,svhn8_blood_strict_full_noreplace,test,2567,6,6,31.278654,5.453216
natural,svhn8_blood_strict_full_noreplace,test,2568,6,6,35.173508,10.128003
natural,svhn8_blood_strict_full_noreplace,test,2569,6,6,36.355476,7.058857
natural,svhn8_blood_strict_full_noreplace,test,2570,5,6,-5.624568,15.277442
natural,svhn8_blood_strict_full_noreplace,test,2571,6,6,-22.686985,7.389201
natural,svhn8_blood_strict_full_noreplace,test,2572,2,6,5.923639,-3.379881
natural,svhn8_blood_strict_full_noreplace,test,2573,3,5,-32.715405,17.250631
natural,svhn8_blood_strict_full_noreplace,test,2574,7,6,-7.663654,18.130423
natural,svhn8_blood_strict_full_noreplace,test,2575,5,6,-1.562161,4.913340
natural,svhn8_blood_strict_full_noreplace,test,2576,3,5,-31.949165,18.018242
natural,svhn8_blood_strict_full_noreplace,test,2577,3,6,-16.541365,27.596571
natural,svhn8_blood_strict_full_noreplace,test,2578,2,6,3.198308,-4.290347
natural,svhn8_blood_strict_full_noreplace,test,2579,6,6,55.426716,16.009905
natural,svhn8_blood_strict_full_noreplace,test,2580,2,6,1.590317,3.221951
natural,svhn8_blood_strict_full_noreplace,test,2581,1,6,4.092099,-35.806686
natural,svhn8_blood_strict_full_noreplace,test,2582,6,6,48.282318,12.129671
natural,svhn8_blood_strict_full_noreplace,test,2583,7,5,-34.834530,1.688279
natural,svhn8_blood_strict_full_noreplace,test,2584,1,6,-24.089487,-38.859016
natural,svhn8_blood_strict_full_noreplace,test,2585,6,6,60.530472,16.856470
natural,svhn8_blood_strict_full_noreplace,test,2586,6,6,58.834991,8.204423
natural,svhn8_blood_strict_full_noreplace,test,2587,7,6,-40.619522,3.748752
natural,svhn8_blood_strict_full_noreplace,test,2588,7,5,-38.366917,2.789058
natural,svhn8_blood_strict_full_noreplace,test,2589,0,6,13.567506,-11.724323
natural,svhn8_blood_strict_full_noreplace,test,2590,2,6,-6.297011,5.644928
natural,svhn8_blood_strict_full_noreplace,test,2591,7,6,-5.047672,-14.610748
natural,svhn8_blood_strict_full_noreplace,test,2592,3,5,-33.318249,-13.737868
natural,svhn8_blood_strict_full_noreplace,test,2593,0,6,19.598368,-11.669873
natural,svhn8_blood_strict_full_noreplace,test,2594,3,6,-18.736153,12.547788
natural,svhn8_blood_strict_full_noreplace,test,2595,0,6,34.521141,1.009371
natural,svhn8_blood_strict_full_noreplace,test,2596,3,6,-10.403240,0.669872
natural,svhn8_blood_strict_full_noreplace,test,2597,2,6,15.123412,5.249035
natural,svhn8_blood_strict_full_noreplace,test,2598,6,6,19.832470,-1.365531
natural,svhn8_blood_strict_full_noreplace,test,2599,5,5,-25.177952,27.645447
natural,svhn8_blood_strict_full_noreplace,test,2600,2,6,7.931387,1.591739
natural,svhn8_blood_strict_full_noreplace,test,2601,7,6,-12.668842,-10.220943
natural,svhn8_blood_strict_full_noreplace,test,2602,1,6,2.143757,-27.349121
natural,svhn8_blood_strict_full_noreplace,test,2603,3,6,16.217859,-6.552814
natural,svhn8_blood_strict_full_noreplace,test,2604,0,6,57.717934,16.398218
natural,svhn8_blood_strict_full_noreplace,test,2605,5,6,5.832121,-0.645231
natural,svhn8_blood_strict_full_noreplace,test,2606,4,6,10.652477,-19.370888
natural,svhn8_blood_strict_full_noreplace,test,2607,7,6,-25.633009,-5.833258
natural,svhn8_blood_strict_full_noreplace,test,2608,2,6,-0.175154,-6.216431
natural,svhn8_blood_strict_full_noreplace,test,2609,6,6,31.891857,9.327474
natural,svhn8_blood_strict_full_noreplace,test,2610,4,6,22.278820,-12.335907
natural,svhn8_blood_strict_full_noreplace,test,2611,5,6,-14.778013,22.531933
natural,svhn8_blood_strict_full_noreplace,test,2612,1,6,-32.697189,-8.762469
natural,svhn8_blood_strict_full_noreplace,test,2613,7,6,-45.333488,15.792693
natural,svhn8_blood_strict_full_noreplace,test,2614,0,6,56.825947,19.601969
natural,svhn8_blood_strict_full_noreplace,test,2615,7,5,-42.451576,10.477440
natural,svhn8_blood_strict_full_noreplace,test,2616,7,6,-20.108101,1.651019
natural,svhn8_blood_strict_full_noreplace,test,2617,3,5,-6.265713,-7.196919
natural,svhn8_blood_strict_full_noreplace,test,2618,6,6,23.283623,3.242906
natural,svhn8_blood_strict_full_noreplace,test,2619,5,6,3.763149,13.790912
natural,svhn8_blood_strict_full_noreplace,test,2620,1,5,-22.956703,-34.369633
natural,svhn8_blood_strict_full_noreplace,test,2621,4,6,-12.897134,-20.854383
natural,svhn8_blood_strict_full_noreplace,test,2622,7,6,-35.378712,-0.896411
natural,svhn8_blood_strict_full_noreplace,test,2623,6,6,47.020729,14.267922
natural,svhn8_blood_strict_full_noreplace,test,2624,4,6,-19.114458,-19.006664
natural,svhn8_blood_strict_full_noreplace,test,2625,1,6,4.633741,-26.819439
natural,svhn8_blood_strict_full_noreplace,test,2626,3,5,-15.886280,0.635919
natural,svhn8_blood_strict_full_noreplace,test,2627,0,0,73.498642,-0.578704
natural,svhn8_blood_strict_full_noreplace,test,2628,1,5,-22.611544,-33.248260
natural,svhn8_blood_strict_full_noreplace,test,2629,1,6,-3.854326,-37.065884
natural,svhn8_blood_strict_full_noreplace,test,2630,6,6,46.485950,15.562939
natural,svhn8_blood_strict_full_noreplace,test,2631,1,6,-12.873652,-33.335548
natural,svhn8_blood_strict_full_noreplace,test,2632,2,6,36.511326,17.828125
natural,svhn8_blood_strict_full_noreplace,test,2633,2,6,13.258317,4.288475
natural,svhn8_blood_strict_full_noreplace,test,2634,6,6,45.566975,15.072660
natural,svhn8_blood_strict_full_noreplace,test,2635,5,5,-26.228573,28.873434
natural,svhn8_blood_strict_full_noreplace,test,2636,3,5,-37.433048,36.085323
natural,svhn8_blood_strict_full_noreplace,test,2637,6,6,51.706902,2.702934
natural,svhn8_blood_strict_full_noreplace,test,2638,1,6,-0.120390,-19.587845
natural,svhn8_blood_strict_full_noreplace,test,2639,6,6,24.988310,1.632199
natural,svhn8_blood_strict_full_noreplace,test,2640,5,5,-33.315590,16.900881
natural,svhn8_blood_strict_full_noreplace,test,2641,6,6,46.746849,12.776025
natural,svhn8_blood_strict_full_noreplace,test,2642,6,6,46.227669,15.123411
natural,svhn8_blood_strict_full_noreplace,test,2643,3,6,11.626359,8.148396
natural,svhn8_blood_strict_full_noreplace,test,2644,5,6,-9.702770,14.240886
natural,svhn8_blood_strict_full_noreplace,test,2645,2,6,12.017653,3.929722
natural,svhn8_blood_strict_full_noreplace,test,2646,3,6,-9.950615,18.276512
natural,svhn8_blood_strict_full_noreplace,test,2647,6,6,53.020370,12.921970
natural,svhn8_blood_strict_full_noreplace,test,2648,3,6,-9.002910,5.247138
natural,svhn8_blood_strict_full_noreplace,test,2649,1,6,-10.195474,-35.743240
natural,svhn8_blood_strict_full_noreplace,test,2650,2,5,-31.650665,12.465952
natural,svhn8_blood_strict_full_noreplace,test,2651,5,6,12.735480,6.793884
natural,svhn8_blood_strict_full_noreplace,test,2652,6,6,40.323166,16.906765
natural,svhn8_blood_strict_full_noreplace,test,2653,6,6,27.295538,3.447718
natural,svhn8_blood_strict_full_noreplace,test,2654,3,5,-16.206841,11.130156
natural,svhn8_blood_strict_full_noreplace,test,2655,0,6,59.324158,1.945490
natural,svhn8_blood_strict_full_noreplace,test,2656,2,6,-18.769621,5.838419
natural,svhn8_blood_strict_full_noreplace,test,2657,1,6,-7.464164,-38.906128
natural,svhn8_blood_strict_full_noreplace,test,2658,7,6,-42.149422,5.744652
natural,svhn8_blood_strict_full_noreplace,test,2659,3,5,-32.134144,33.339039
natural,svhn8_blood_strict_full_noreplace,test,2660,4,6,-12.309060,-20.749571
natural,svhn8_blood_strict_full_noreplace,test,2661,5,6,1.613543,7.257551
natural,svhn8_blood_strict_full_noreplace,test,2662,3,6,-13.390586,16.571564
natural,svhn8_blood_strict_full_noreplace,test,2663,1,5,-15.734998,-25.620451
natural,svhn8_blood_strict_full_noreplace,test,2664,5,5,-36.169590,32.949169
natural,svhn8_blood_strict_full_noreplace,test,2665,5,5,-18.077812,21.154369
natural,svhn8_blood_strict_full_noreplace,test,2666,1,6,2.507532,-26.629988
natural,svhn8_blood_strict_full_noreplace,test,2667,4,6,-10.864111,-17.624142
natural,svhn8_blood_strict_full_noreplace,test,2668,7,5,-37.761036,11.527061
natural,svhn8_blood_strict_full_noreplace,test,2669,7,6,17.441193,-8.676971
natural,svhn8_blood_strict_full_noreplace,test,2670,2,6,20.661831,4.246965
natural,svhn8_blood_strict_full_noreplace,test,2671,0,6,35.194164,-1.849480
natural,svhn8_blood_strict_full_noreplace,test,2672,1,6,0.159077,-16.834290
natural,svhn8_blood_strict_full_noreplace,test,2673,3,5,-25.391733,15.368357
natural,svhn8_blood_strict_full_noreplace,test,2674,6,6,34.614040,1.742422
natural,svhn8_blood_strict_full_noreplace,test,2675,4,6,-17.669256,-15.175453
natural,svhn8_blood_strict_full_noreplace,test,2676,7,5,-32.732452,0.241045
natural,svhn8_blood_strict_full_noreplace,test,2677,3,6,-6.810381,-13.064816
natural,svhn8_blood_strict_full_noreplace,test,2678,1,6,22.896870,-16.017632
natural,svhn8_blood_strict_full_noreplace,test,2679,1,6,-16.681585,-39.061642
natural,svhn8_blood_strict_full_noreplace,test,2680,1,6,6.295561,-35.468224
natural,svhn8_blood_strict_full_noreplace,test,2681,1,5,-15.823146,-24.693436
natural,svhn8_blood_strict_full_noreplace,test,2682,1,6,6.629793,-31.088890
natural,svhn8_blood_strict_full_noreplace,test,2683,6,6,30.806717,6.862862
natural,svhn8_blood_strict_full_noreplace,test,2684,6,6,19.395426,-9.307166
natural,svhn8_blood_strict_full_noreplace,test,2685,7,6,-16.279161,-10.968934
natural,svhn8_blood_strict_full_noreplace,test,2686,3,5,-30.652290,32.643745
natural,svhn8_blood_strict_full_noreplace,test,2687,6,6,32.337322,7.865321
natural,svhn8_blood_strict_full_noreplace,test,2688,5,5,-26.618380,29.704525
natural,svhn8_blood_strict_full_noreplace,test,2689,7,6,-22.524498,-9.118960
natural,svhn8_blood_strict_full_noreplace,test,2690,6,6,45.878620,10.501830
natural,svhn8_blood_strict_full_noreplace,test,2691,6,6,29.539244,3.577837
natural,svhn8_blood_strict_full_noreplace,test,2692,6,6,55.321079,15.502993
natural,svhn8_blood_strict_full_noreplace,test,2693,4,6,-17.923319,-35.308426
natural,svhn8_blood_strict_full_noreplace,test,2694,1,6,-21.101068,-35.479660
natural,svhn8_blood_strict_full_noreplace,test,2695,6,6,55.859627,13.353130
natural,svhn8_blood_strict_full_noreplace,test,2696,3,5,-39.767155,37.287354
natural,svhn8_blood_strict_full_noreplace,test,2697,3,6,-9.635810,-0.433310
natural,svhn8_blood_strict_full_noreplace,test,2698,5,6,-17.831078,18.436472
natural,svhn8_blood_strict_full_noreplace,test,2699,7,5,-37.965969,25.466141
natural,svhn8_blood_strict_full_noreplace,test,2700,6,6,46.490421,13.841749
natural,svhn8_blood_strict_full_noreplace,test,2701,1,6,-21.377108,-34.812347
natural,svhn8_blood_strict_full_noreplace,test,2702,4,6,-2.999999,-25.676676
natural,svhn8_blood_strict_full_noreplace,test,2703,3,6,4.066514,3.180004
natural,svhn8_blood_strict_full_noreplace,test,2704,7,6,-18.357933,1.556837
natural,svhn8_blood_strict_full_noreplace,test,2705,0,6,38.600189,15.323584
natural,svhn8_blood_strict_full_noreplace,test,2706,5,6,11.471101,12.905931
natural,svhn8_blood_strict_full_noreplace,test,2707,7,6,-16.622772,-11.659969
natural,svhn8_blood_strict_full_noreplace,test,2708,3,6,9.519461,12.064262
natural,svhn8_blood_strict_full_noreplace,test,2709,4,6,-16.757517,-17.431906
natural,svhn8_blood_strict_full_noreplace,test,2710,3,5,-27.465714,14.311513
natural,svhn8_blood_strict_full_noreplace,test,2711,6,6,6.125911,2.261365
natural,svhn8_blood_strict_full_noreplace,test,2712,4,6,1.454649,-18.145227
natural,svhn8_blood_strict_full_noreplace,test,2713,3,6,-17.642748,17.560766
natural,svhn8_blood_strict_full_noreplace,test,2714,6,6,12.039370,-10.216693
natural,svhn8_blood_strict_full_noreplace,test,2715,0,0,72.741280,0.012711
natural,svhn8_blood_strict_full_noreplace,test,2716,6,6,60.837688,11.963255
natural,svhn8_blood_strict_full_noreplace,test,2717,5,5,-16.681549,21.603045
natural,svhn8_blood_strict_full_noreplace,test,2718,7,6,-37.297432,-5.310956
natural,svhn8_blood_strict_full_noreplace,test,2719,0,6,61.972450,4.076794
natural,svhn8_blood_strict_full_noreplace,test,2720,3,6,-8.701077,26.640226
natural,svhn8_blood_strict_full_noreplace,test,2721,4,6,-11.547841,-16.126406
natural,svhn8_blood_strict_full_noreplace,test,2722,2,6,13.681817,4.710133
natural,svhn8_blood_strict_full_noreplace,test,2723,6,6,18.104383,-11.559340
natural,svhn8_blood_strict_full_noreplace,test,2724,1,5,-12.941705,-26.869549
natural,svhn8_blood_strict_full_noreplace,test,2725,1,6,22.344620,-12.332976
natural,svhn8_blood_strict_full_noreplace,test,2726,3,5,-37.763924,37.005558
natural,svhn8_blood_strict_full_noreplace,test,2727,2,6,7.828451,5.967156
natural,svhn8_blood_strict_full_noreplace,test,2728,0,6,72.068237,0.929223
natural,svhn8_blood_strict_full_noreplace,test,2729,7,6,-1.976794,-10.110303
natural,svhn8_blood_strict_full_noreplace,test,2730,1,5,-18.034815,-33.351048
natural,svhn8_blood_strict_full_noreplace,test,2731,2,5,-6.075827,-7.424792
natural,svhn8_blood_strict_full_noreplace,test,2732,5,5,-18.908850,20.720867
natural,svhn8_blood_strict_full_noreplace,test,2733,3,6,-9.601905,-1.888582
natural,svhn8_blood_strict_full_noreplace,test,2734,2,6,-12.968906,-7.363798
natural,svhn8_blood_strict_full_noreplace,test,2735,6,6,44.612347,5.983011
natural,svhn8_blood_strict_full_noreplace,test,2736,7,6,-3.217989,-8.842593
natural,svhn8_blood_strict_full_noreplace,test,2737,1,6,2.057075,-29.270981
natural,svhn8_blood_strict_full_noreplace,test,2738,6,6,67.749535,9.456463
natural,svhn8_blood_strict_full_noreplace,test,2739,4,6,-5.908550,-21.073570
natural,svhn8_blood_strict_full_noreplace,test,2740,7,5,-38.070168,18.947929
natural,svhn8_blood_strict_full_noreplace,test,2741,2,6,0.671911,-13.029902
natural,svhn8_blood_strict_full_noreplace,test,2742,6,6,56.566051,10.133962
natural,svhn8_blood_strict_full_noreplace,test,2743,3,5,-40.935085,32.885735
natural,svhn8_blood_strict_full_noreplace,test,2744,1,6,24.939728,-13.205618
natural,svhn8_blood_strict_full_noreplace,test,2745,7,6,-33.034828,-2.389009
natural,svhn8_blood_strict_full_noreplace,test,2746,0,6,32.927719,-2.118929
natural,svhn8_blood_strict_full_noreplace,test,2747,0,6,33.781990,-1.648652
natural,svhn8_blood_strict_full_noreplace,test,2748,6,6,25.762712,-0.733107
natural,svhn8_blood_strict_full_noreplace,test,2749,3,5,-26.214111,25.568064
natural,svhn8_blood_strict_full_noreplace,test,2750,7,5,-36.555355,0.121532
natural,svhn8_blood_strict_full_noreplace,test,2751,1,6,7.895513,-32.629940
natural,svhn8_blood_strict_full_noreplace,test,2752,1,6,3.754318,-27.987228
natural,svhn8_blood_strict_full_noreplace,test,2753,3,6,-14.820704,14.064052
natural,svhn8_blood_strict_full_noreplace,test,2754,6,6,-4.541592,2.654751
natural,svhn8_blood_strict_full_noreplace,test,2755,3,6,-13.698291,0.064980
natural,svhn8_blood_strict_full_noreplace,test,2756,7,5,-24.868162,-3.990220
natural,svhn8_blood_strict_full_noreplace,test,2757,0,6,41.876469,18.015560
natural,svhn8_blood_strict_full_noreplace,test,2758,1,6,-18.760082,-31.926273
natural,svhn8_blood_strict_full_noreplace,test,2759,1,6,-27.158079,-13.174583
natural,svhn8_blood_strict_full_noreplace,test,2760,6,6,17.946625,-5.019628
natural,svhn8_blood_strict_full_noreplace,test,2761,0,6,59.235504,2.146381
natural,svhn8_blood_strict_full_noreplace,test,2762,6,6,11.284614,-10.765252
natural,svhn8_blood_strict_full_noreplace,test,2763,1,6,-3.962694,-36.745232
natural,svhn8_blood_strict_full_noreplace,test,2764,7,6,-27.180820,-3.282052
natural,svhn8_blood_strict_full_noreplace,test,2765,3,6,5.733869,-12.154734
natural,svhn8_blood_strict_full_noreplace,test,2766,6,6,26.589943,9.166196
natural,svhn8_blood_strict_full_noreplace,test,2767,1,6,3.870778,-23.018753
natural,svhn8_blood_strict_full_noreplace,test,2768,1,6,-3.567601,-34.563221
natural,svhn8_blood_strict_full_noreplace,test,2769,3,5,-22.296005,-26.872715
natural,svhn8_blood_strict_full_noreplace,test,2770,3,5,-33.429695,24.101330
natural,svhn8_blood_strict_full_noreplace,test,2771,6,6,23.091745,-9.173881
natural,svhn8_blood_strict_full_noreplace,test,2772,6,6,63.486076,12.561164
natural,svhn8_blood_strict_full_noreplace,test,2773,1,6,-22.845610,-38.488995
natural,svhn8_blood_strict_full_noreplace,test,2774,7,6,-23.071306,-4.656487
natural,svhn8_blood_strict_full_noreplace,test,2775,5,5,-35.993172,28.742987
natural,svhn8_blood_strict_full_noreplace,test,2776,1,5,-15.136960,-29.525774
natural,svhn8_blood_strict_full_noreplace,test,2777,3,6,-15.042350,-0.088710
natural,svhn8_blood_strict_full_noreplace,test,2778,1,5,-20.263617,-26.601543
natural,svhn8_blood_strict_full_noreplace,test,2779,4,6,14.527408,-18.034826
natural,svhn8_blood_strict_full_noreplace,test,2780,5,5,-30.681692,20.597439
natural,svhn8_blood_strict_full_noreplace,test,2781,1,6,-20.594215,-37.995731
natural,svhn8_blood_strict_full_noreplace,test,2782,0,6,35.818962,-1.726272
natural,svhn8_blood_strict_full_noreplace,test,2783,6,6,11.499538,11.189483
natural,svhn8_blood_strict_full_noreplace,test,2784,5,6,-8.849468,0.238708
natural,svhn8_blood_strict_full_noreplace,test,2785,6,6,24.954479,0.457411
natural,svhn8_blood_strict_full_noreplace,test,2786,6,6,66.013786,10.528375
natural,svhn8_blood_strict_full_noreplace,test,2787,0,6,12.519726,-13.382692
natural,svhn8_blood_strict_full_noreplace,test,2788,6,6,29.823759,4.932820
natural,svhn8_blood_strict_full_noreplace,test,2789,5,5,-25.839252,28.909210
natural,svhn8_blood_strict_full_noreplace,test,2790,2,6,-3.423292,0.089679
natural,svhn8_blood_strict_full_noreplace,test,2791,1,6,-14.259776,-32.781612
natural,svhn8_blood_strict_full_noreplace,test,2792,5,5,-27.191515,29.086262
natural,svhn8_blood_strict_full_noreplace,test,2793,6,6,55.558601,18.077501
natural,svhn8_blood_strict_full_noreplace,test,2794,0,6,60.277344,17.593594
natural,svhn8_blood_strict_full_noreplace,test,2795,6,6,63.708447,11.221128
natural,svhn8_blood_strict_full_noreplace,test,2796,2,6,-18.647057,1.910320
natural,svhn8_blood_strict_full_noreplace,test,2797,6,6,38.311203,12.029867
natural,svhn8_blood_strict_full_noreplace,test,2798,3,6,-14.599958,0.909603
natural,svhn8_blood_strict_full_noreplace,test,2799,6,6,15.435787,-9.003458
natural,svhn8_blood_strict_full_noreplace,test,2800,4,6,34.438057,-5.158134
natural,svhn8_blood_strict_full_noreplace,test,2801,6,6,35.199699,10.076463
natural,svhn8_blood_strict_full_noreplace,test,2802,6,6,36.550739,6.155529
natural,svhn8_blood_strict_full_noreplace,test,2803,1,6,-10.832249,-37.753220
natural,svhn8_blood_strict_full_noreplace,test,2804,6,6,49.722263,9.833015
natural,svhn8_blood_strict_full_noreplace,test,2805,3,6,-16.284332,15.180687
natural,svhn8_blood_strict_full_noreplace,test,2806,6,6,53.729713,12.994116
natural,svhn8_blood_strict_full_noreplace,test,2807,1,6,8.162186,-35.664375
natural,svhn8_blood_strict_full_noreplace,test,2808,0,6,61.045078,2.382387
natural,svhn8_blood_strict_full_noreplace,test,2809,2,6,-3.556434,4.690893
natural,svhn8_blood_strict_full_noreplace,test,2810,6,6,63.545467,13.151767
natural,svhn8_blood_strict_full_noreplace,test,2811,1,6,-5.519643,-41.371998
natural,svhn8_blood_strict_full_noreplace,test,2812,0,6,59.775776,17.400345
natural,svhn8_blood_strict_full_noreplace,test,2813,3,5,-17.407631,23.512241
natural,svhn8_blood_strict_full_noreplace,test,2814,1,5,-25.131348,-38.176910
natural,svhn8_blood_strict_full_noreplace,test,2815,7,6,16.968651,-2.118484
natural,svhn8_blood_strict_full_noreplace,test,2816,7,6,-5.195518,-13.765845
natural,svhn8_blood_strict_full_noreplace,test,2817,4,6,-11.348372,-20.024019
natural,svhn8_blood_strict_full_noreplace,test,2818,1,6,5.730687,-33.485531
natural,svhn8_blood_strict_full_noreplace,test,2819,3,6,-0.527588,11.230844
natural,svhn8_blood_strict_full_noreplace,test,2820,5,5,-22.487722,18.487707
natural,svhn8_blood_strict_full_noreplace,test,2821,2,6,24.509594,9.868132
natural,svhn8_blood_strict_full_noreplace,test,2822,1,6,-6.120839,-31.165339
natural,svhn8_blood_strict_full_noreplace,test,2823,0,6,58.394375,18.691027
natural,svhn8_blood_strict_full_noreplace,test,2824,3,6,-7.607734,-12.779650
natural,svhn8_blood_strict_full_noreplace,test,2825,2,6,-9.285379,13.213386
natural,svhn8_blood_strict_full_noreplace,test,2826,1,6,6.241835,-36.890957
natural,svhn8_blood_strict_full_noreplace,test,2827,1,6,-1.143100,-32.490543
natural,svhn8_blood_strict_full_noreplace,test,2828,3,5,-33.429646,20.690517
natural,svhn8_blood_strict_full_noreplace,test,2829,1,5,-18.610149,-33.813538
natural,svhn8_blood_strict_full_noreplace,test,2830,6,6,23.717936,-5.394247
natural,svhn8_blood_strict_full_noreplace,test,2831,0,0,67.652931,3.222315
natural,svhn8_blood_strict_full_noreplace,test,2832,1,6,24.321091,-11.811184
natural,svhn8_blood_strict_full_noreplace,test,2833,0,6,54.855068,3.329592
natural,svhn8_blood_strict_full_noreplace,test,2834,5,5,-23.737591,23.357227
natural,svhn8_blood_strict_full_noreplace,test,2835,3,6,-15.578743,7.198658
natural,svhn8_blood_strict_full_noreplace,test,2836,3,6,-10.471268,20.063114
natural,svhn8_blood_strict_full_noreplace,test,2837,7,6,-4.850767,-21.031025
natural,svhn8_blood_strict_full_noreplace,test,2838,6,6,33.587147,12.652670
natural,svhn8_blood_strict_full_noreplace,test,2839,6,6,45.627434,12.648958
natural,svhn8_blood_strict_full_noreplace,test,2840,1,6,0.918220,-32.803066
natural,svhn8_blood_strict_full_noreplace,test,2841,5,5,-25.173618,24.680876
natural,svhn8_blood_strict_full_noreplace,test,2842,1,6,-9.118296,-29.001955
natural,svhn8_blood_strict_full_noreplace,test,2843,1,5,-24.211210,0.916046
natural,svhn8_blood_strict_full_noreplace,test,2844,6,6,52.060211,9.428211
natural,svhn8_blood_strict_full_noreplace,test,2845,6,6,53.695026,10.328811
natural,svhn8_blood_strict_full_noreplace,test,2846,0,6,56.788303,3.606015
natural,svhn8_blood_strict_full_noreplace,test,2847,6,6,48.897305,11.238522
natural,svhn8_blood_strict_full_noreplace,test,2848,7,5,-35.061611,13.832402
natural,svhn8_blood_strict_full_noreplace,test,2849,1,5,-16.454081,-0.953212
natural,svhn8_blood_strict_full_noreplace,test,2850,7,6,-25.740353,-10.996921
natural,svhn8_blood_strict_full_noreplace,test,2851,7,5,-35.302311,9.010617
natural,svhn8_blood_strict_full_noreplace,test,2852,1,6,-23.422161,-37.779919
natural,svhn8_blood_strict_full_noreplace,test,2853,0,6,3.688395,5.299796
natural,svhn8_blood_strict_full_noreplace,test,2854,2,6,-3.782343,-7.366353
natural,svhn8_blood_strict_full_noreplace,test,2855,3,6,-10.702229,23.718271
natural,svhn8_blood_strict_full_noreplace,test,2856,6,6,44.393967,8.461257
natural,svhn8_blood_strict_full_noreplace,test,2857,5,6,-12.001543,25.713610
natural,svhn8_blood_strict_full_noreplace,test,2858,1,6,5.120596,-30.954016
natural,svhn8_blood_strict_full_noreplace,test,2859,1,6,-32.981461,-5.199817
natural,svhn8_blood_strict_full_noreplace,test,2860,1,6,-12.231208,-34.138027
natural,svhn8_blood_strict_full_noreplace,test,2861,6,6,-6.345055,-13.652974
natural,svhn8_blood_strict_full_noreplace,test,2862,0,6,55.944420,4.066727
natural,svhn8_blood_strict_full_noreplace,test,2863,5,5,-39.433578,29.111738
natural,svhn8_blood_strict_full_noreplace,test,2864,3,3,-38.381168,38.477886
natural,svhn8_blood_strict_full_noreplace,test,2865,1,6,-8.437784,-39.940445
natural,svhn8_blood_strict_full_noreplace,test,2866,3,6,7.039766,15.437562
natural,svhn8_blood_strict_full_noreplace,test,2867,3,5,-27.766359,2.179386
natural,svhn8_blood_strict_full_noreplace,test,2868,3,5,-35.988930,23.022711
natural,svhn8_blood_strict_full_noreplace,test,2869,6,6,21.544384,-1.776592
natural,svhn8_blood_strict_full_noreplace,test,2870,5,5,-35.697350,37.548256
natural,svhn8_blood_strict_full_noreplace,test,2871,6,6,67.725433,9.994411
natural,svhn8_blood_strict_full_noreplace,test,2872,1,5,-17.628353,-25.766193
natural,svhn8_blood_strict_full_noreplace,test,2873,5,6,-7.590795,14.485071
natural,svhn8_blood_strict_full_noreplace,test,2874,6,6,64.549400,13.124366
natural,svhn8_blood_strict_full_noreplace,test,2875,0,6,3.522231,6.591160
natural,svhn8_blood_strict_full_noreplace,test,2876,6,6,21.707779,-13.479396
natural,svhn8_blood_strict_full_noreplace,test,2877,3,5,-34.393150,23.945658
natural,svhn8_blood_strict_full_noreplace,test,2878,3,6,-2.655524,-16.563637
natural,svhn8_blood_strict_full_noreplace,test,2879,2,6,-10.503763,12.753911
natural,svhn8_blood_strict_full_noreplace,test,2880,6,6,70.135590,8.365309
natural,svhn8_blood_strict_full_noreplace,test,2881,6,6,63.595757,9.173975
natural,svhn8_blood_strict_full_noreplace,test,2882,3,5,-33.932480,28.685053
natural,svhn8_blood_strict_full_noreplace,test,2883,2,6,-25.740870,1.963163
natural,svhn8_blood_strict_full_noreplace,test,2884,7,5,-35.304455,9.687864
natural,svhn8_blood_strict_full_noreplace,test,2885,5,6,-10.398281,0.042950
natural,svhn8_blood_strict_full_noreplace,test,2886,6,6,38.916740,6.520495
natural,svhn8_blood_strict_full_noreplace,test,2887,4,6,7.033471,-18.342175
natural,svhn8_blood_strict_full_noreplace,test,2888,6,6,32.809479,1.304506
natural,svhn8_blood_strict_full_noreplace,test,2889,5,6,-12.944593,22.588915
natural,svhn8_blood_strict_full_noreplace,test,2890,2,6,5.880770,-11.789806
natural,svhn8_blood_strict_full_noreplace,test,2891,6,6,2.766429,7.942458
natural,svhn8_blood_strict_full_noreplace,test,2892,1,6,-3.545097,-27.766300
natural,svhn8_blood_strict_full_noreplace,test,2893,0,0,71.469566,0.207938
natural,svhn8_blood_strict_full_noreplace,test,2894,6,6,70.798477,3.930706
natural,svhn8_blood_strict_full_noreplace,test,2895,1,6,-12.833319,-35.379311
natural,svhn8_blood_strict_full_noreplace,test,2896,3,6,10.834714,-13.961272
natural,svhn8_blood_strict_full_noreplace,test,2897,2,5,-36.671070,16.525799
natural,svhn8_blood_strict_full_noreplace,test,2898,5,5,-19.276951,12.623795
natural,svhn8_blood_strict_full_noreplace,test,2899,1,6,-5.426170,-41.469486
natural,svhn8_blood_strict_full_noreplace,test,2900,6,6,47.882877,9.610965
natural,svhn8_blood_strict_full_noreplace,test,2901,7,6,-33.923115,-1.026509
natural,svhn8_blood_strict_full_noreplace,test,2902,6,6,55.186237,13.846894
natural,svhn8_blood_strict_full_noreplace,test,2903,3,6,-21.877573,13.953433
natural,svhn8_blood_strict_full_noreplace,test,2904,3,6,-19.016344,25.543139
natural,svhn8_blood_strict_full_noreplace,test,2905,0,6,59.117687,3.863168
natural,svhn8_blood_strict_full_noreplace,test,2906,2,6,8.330194,-1.562430
natural,svhn8_blood_strict_full_noreplace,test,2907,6,6,52.176914,11.941571
natural,svhn8_blood_strict_full_noreplace,test,2908,7,6,-34.043415,-2.042610
natural,svhn8_blood_strict_full_noreplace,test,2909,1,5,-21.133896,-27.557657
natural,svhn8_blood_strict_full_noreplace,test,2910,4,6,-19.606798,-23.125750
natural,svhn8_blood_strict_full_noreplace,test,2911,7,5,-42.509739,8.257825
natural,svhn8_blood_strict_full_noreplace,test,2912,6,6,23.104383,3.833881
natural,svhn8_blood_strict_full_noreplace,test,2913,3,6,23.538681,-1.995878
natural,svhn8_blood_strict_full_noreplace,test,2914,1,6,2.856173,-33.982243
natural,svhn8_blood_strict_full_noreplace,test,2915,2,6,16.830732,5.204006
natural,svhn8_blood_strict_full_noreplace,test,2916,7,5,-41.304527,17.078140
natural,svhn8_blood_strict_full_noreplace,test,2917,0,6,56.120018,6.108048
natural,svhn8_blood_strict_full_noreplace,test,2918,7,6,-37.999275,0.262099
natural,svhn8_blood_strict_full_noreplace,test,2919,1,6,13.535000,-14.150548
natural,svhn8_blood_strict_full_noreplace,test,2920,4,6,1.265670,-15.475846
natural,svhn8_blood_strict_full_noreplace,test,2921,3,6,-6.836926,-2.682053
natural,svhn8_blood_strict_full_noreplace,test,2922,6,6,23.829781,0.975777
natural,svhn8_blood_strict_full_noreplace,test,2923,3,6,-10.162478,23.536520
natural,svhn8_blood_strict_full_noreplace,test,2924,7,6,-30.321424,-3.916640
natural,svhn8_blood_strict_full_noreplace,test,2925,4,6,10.695023,-20.173241
natural,svhn8_blood_strict_full_noreplace,test,2926,1,6,-5.141420,-31.140089
natural,svhn8_blood_strict_full_noreplace,test,2927,7,5,-33.783627,8.901121
natural,svhn8_blood_strict_full_noreplace,test,2928,2,6,12.121164,5.451180
natural,svhn8_blood_strict_full_noreplace,test,2929,0,0,74.813309,-1.282480
natural,svhn8_blood_strict_full_noreplace,test,2930,2,6,-3.151592,-13.296465
natural,svhn8_blood_strict_full_noreplace,test,2931,6,6,54.864887,16.910561
natural,svhn8_blood_strict_full_noreplace,test,2932,6,6,71.505806,3.917717
natural,svhn8_blood_strict_full_noreplace,test,2933,2,6,12.911395,2.076893
natural,svhn8_blood_strict_full_noreplace,test,2934,5,5,-20.586840,11.726468
natural,svhn8_blood_strict_full_noreplace,test,2935,1,6,-13.359970,-35.055759
natural,svhn8_blood_strict_full_noreplace,test,2936,5,5,-17.798870,21.134811
natural,svhn8_blood_strict_full_noreplace,test,2937,3,5,-36.440540,29.010067
natural,svhn8_blood_strict_full_noreplace,test,2938,3,6,10.750938,11.906038
natural,svhn8_blood_strict_full_noreplace,test,2939,6,6,26.722998,-2.886308
natural,svhn8_blood_strict_full_noreplace,test,2940,7,5,-30.106672,6.809905
natural,svhn8_blood_strict_full_noreplace,test,2941,1,6,4.127639,-32.597622
natural,svhn8_blood_strict_full_noreplace,test,2942,6,6,48.307781,12.796957
natural,svhn8_blood_strict_full_noreplace,test,2943,6,6,4.019764,-14.080103
natural,svhn8_blood_strict_full_noreplace,test,2944,1,6,7.333995,-31.466175
natural,svhn8_blood_strict_full_noreplace,test,2945,2,6,10.440446,-7.772717
natural,svhn8_blood_strict_full_noreplace,test,2946,2,6,7.921000,5.149989
natural,svhn8_blood_strict_full_noreplace,test,2947,2,6,14.491097,6.600748
natural,svhn8_blood_strict_full_noreplace,test,2948,2,6,15.694911,-8.522642
natural,svhn8_blood_strict_full_noreplace,test,2949,4,6,-15.663527,-26.415359
natural,svhn8_blood_strict_full_noreplace,test,2950,0,6,40.672791,17.261381
natural,svhn8_blood_strict_full_noreplace,test,2951,7,5,-30.046114,0.717273
natural,svhn8_blood_strict_full_noreplace,test,2952,7,5,-43.243816,9.270576
natural,svhn8_blood_strict_full_noreplace,test,2953,6,6,18.229868,-2.653320
natural,svhn8_blood_strict_full_noreplace,test,2954,5,6,-0.563760,3.580361
natural,svhn8_blood_strict_full_noreplace,test,2955,2,5,-29.513971,9.667425
natural,svhn8_blood_strict_full_noreplace,test,2956,3,5,-26.927950,23.024353
natural,svhn8_blood_strict_full_noreplace,test,2957,6,6,64.056206,11.265327
natural,svhn8_blood_strict_full_noreplace,test,2958,3,5,-31.540443,17.199106
natural,svhn8_blood_strict_full_noreplace,test,2959,3,6,2.206881,14.628290
natural,svhn8_blood_strict_full_noreplace,test,2960,7,6,-21.096680,4.211646
natural,svhn8_blood_strict_full_noreplace,test,2961,6,6,47.319603,9.918323
natural,svhn8_blood_strict_full_noreplace,test,2962,0,6,33.092358,-0.112828
natural,svhn8_blood_strict_full_noreplace,test,2963,3,6,-20.463608,16.717421
natural,svhn8_blood_strict_full_noreplace,test,2964,3,5,-38.865631,35.985363
natural,svhn8_blood_strict_full_noreplace,test,2965,6,6,20.933233,-7.327400
natural,svhn8_blood_strict_full_noreplace,test,2966,7,6,-17.076563,-15.265645
natural,svhn8_blood_strict_full_noreplace,test,2967,1,6,-2.124291,-35.989735
natural,svhn8_blood_strict_full_noreplace,test,2968,2,6,-2.820157,-13.434873
natural,svhn8_blood_strict_full_noreplace,test,2969,5,5,-24.273710,29.904968
natural,svhn8_blood_strict_full_noreplace,test,2970,3,6,-6.222957,19.593832
natural,svhn8_blood_strict_full_noreplace,test,2971,1,5,-23.189896,-26.496902
natural,svhn8_blood_strict_full_noreplace,test,2972,2,6,0.378464,2.575388
natural,svhn8_blood_strict_full_noreplace,test,2973,3,5,-40.130871,23.199554
natural,svhn8_blood_strict_full_noreplace,test,2974,5,5,-22.079458,28.111700
natural,svhn8_blood_strict_full_noreplace,test,2975,6,6,38.909634,8.781712
natural,svhn8_blood_strict_full_noreplace,test,2976,1,6,-20.430000,-40.822098
natural,svhn8_blood_strict_full_noreplace,test,2977,7,6,-34.273502,-1.603168
natural,svhn8_blood_strict_full_noreplace,test,2978,3,6,11.705791,7.967810
natural,svhn8_blood_strict_full_noreplace,test,2979,6,6,35.237431,4.113727
natural,svhn8_blood_strict_full_noreplace,test,2980,7,6,-18.027624,-5.236079
natural,svhn8_blood_strict_full_noreplace,test,2981,1,6,19.523849,-14.532933
natural,svhn8_blood_strict_full_noreplace,test,2982,6,6,63.031197,13.061207
natural,svhn8_blood_strict_full_noreplace,test,2983,1,6,2.073764,-31.806564
natural,svhn8_blood_strict_full_noreplace,test,2984,4,6,-11.117659,-18.668907
natural,svhn8_blood_strict_full_noreplace,test,2985,6,6,48.049953,13.956666
natural,svhn8_blood_strict_full_noreplace,test,2986,2,5,-2.655986,-3.627740
natural,svhn8_blood_strict_full_noreplace,test,2987,6,6,16.093479,-8.931977
natural,svhn8_blood_strict_full_noreplace,test,2988,1,6,-6.339191,-21.960304
natural,svhn8_blood_strict_full_noreplace,test,2989,3,5,-23.142658,-25.863682
natural,svhn8_blood_strict_full_noreplace,test,2990,7,6,-16.407934,-11.865039
natural,svhn8_blood_strict_full_noreplace,test,2991,1,5,-17.239784,-30.986984
natural,svhn8_blood_strict_full_noreplace,test,2992,6,6,59.328602,8.572591
natural,svhn8_blood_strict_full_noreplace,test,2993,6,6,8.002394,13.076899
natural,svhn8_blood_strict_full_noreplace,test,2994,1,5,-17.029598,-27.147091
natural,svhn8_blood_strict_full_noreplace,test,2995,6,6,19.122892,-2.422754
natural,svhn8_blood_strict_full_noreplace,test,2996,3,5,-35.569199,21.106853
natural,svhn8_blood_strict_full_noreplace,test,2997,7,6,-5.076494,-1.975643
natural,svhn8_blood_strict_full_noreplace,test,2998,7,5,-40.879669,10.445183
natural,svhn8_blood_strict_full_noreplace,test,2999,7,6,-24.296043,-10.709761
natural,svhn8_blood_strict_full_noreplace,test,3000,5,5,-26.986813,29.657478
natural,svhn8_blood_strict_full_noreplace,test,3001,7,6,-21.719410,14.911120
natural,svhn8_blood_strict_full_noreplace,test,3002,0,6,65.331230,0.916996
natural,svhn8_blood_strict_full_noreplace,test,3003,6,6,63.264492,11.262275
natural,svhn8_blood_strict_full_noreplace,test,3004,3,6,7.081765,9.971167
natural,svhn8_blood_strict_full_noreplace,test,3005,6,6,69.515732,8.089582
natural,svhn8_blood_strict_full_noreplace,test,3006,7,5,-31.617603,-1.475100
natural,svhn8_blood_strict_full_noreplace,test,3007,3,6,40.648991,5.038193
natural,svhn8_blood_strict_full_noreplace,test,3008,5,5,-31.425568,33.974720
natural,svhn8_blood_strict_full_noreplace,test,3009,1,6,-1.204656,-18.726837
natural,svhn8_blood_strict_full_noreplace,test,3010,4,6,-12.714402,-11.407007
natural,svhn8_blood_strict_full_noreplace,test,3011,7,5,-26.213116,-4.353319
natural,svhn8_blood_strict_full_noreplace,test,3012,5,5,-27.137156,28.179638
natural,svhn8_blood_strict_full_noreplace,test,3013,4,6,-31.520733,-7.570500
natural,svhn8_blood_strict_full_noreplace,test,3014,3,6,-26.602188,21.052641
natural,svhn8_blood_strict_full_noreplace,test,3015,7,5,-43.518566,17.142555
natural,svhn8_blood_strict_full_noreplace,test,3016,3,6,8.668234,8.628521
natural,svhn8_blood_strict_full_noreplace,test,3017,1,5,-35.089195,-14.235210
natural,svhn8_blood_strict_full_noreplace,test,3018,3,5,-32.554199,10.896497
natural,svhn8_blood_strict_full_noreplace,test,3019,0,6,64.292191,3.247258
natural,svhn8_blood_strict_full_noreplace,test,3020,6,6,27.239859,-6.848108
natural,svhn8_blood_strict_full_noreplace,test,3021,3,6,4.357906,15.618846
natural,svhn8_blood_strict_full_noreplace,test,3022,6,6,-18.314108,3.238073
natural,svhn8_blood_strict_full_noreplace,test,3023,4,6,-0.452449,-17.170841
natural,svhn8_blood_strict_full_noreplace,test,3024,5,5,-36.774998,32.773991
natural,svhn8_blood_strict_full_noreplace,test,3025,7,5,-40.067482,31.716446
natural,svhn8_blood_strict_full_noreplace,test,3026,6,6,38.856876,2.861051
natural,svhn8_blood_strict_full_noreplace,test,3027,5,6,-16.805651,19.574167
natural,svhn8_blood_strict_full_noreplace,test,3028,4,6,-13.156360,-15.368324
natural,svhn8_blood_strict_full_noreplace,test,3029,7,5,-39.672138,30.472658
natural,svhn8_blood_strict_full_noreplace,test,3030,3,6,-14.171998,-0.892845
natural,svhn8_blood_strict_full_noreplace,test,3031,6,6,51.137417,10.600049
natural,svhn8_blood_strict_full_noreplace,test,3032,3,5,-36.481625,24.671139
natural,svhn8_blood_strict_full_noreplace,test,3033,1,6,4.532335,-33.540848
natural,svhn8_blood_strict_full_noreplace,test,3034,1,6,-15.396351,-27.005291
natural,svhn8_blood_strict_full_noreplace,test,3035,1,6,-5.145319,-27.353180
natural,svhn8_blood_strict_full_noreplace,test,3036,1,5,-25.311737,-37.197853
natural,svhn8_blood_strict_full_noreplace,test,3037,7,6,-5.086448,-20.396799
natural,svhn8_blood_strict_full_noreplace,test,3038,1,6,-5.033167,-33.927986
natural,svhn8_blood_strict_full_noreplace,test,3039,3,6,-13.976190,-33.573925
natural,svhn8_blood_strict_full_noreplace,test,3040,7,6,53.790695,2.986719
natural,svhn8_blood_strict_full_noreplace,test,3041,7,6,-13.760387,-14.183847
natural,svhn8_blood_strict_full_noreplace,test,3042,3,6,-8.114613,13.535591
natural,svhn8_blood_strict_full_noreplace,test,3043,2,6,-19.033756,2.086967
natural,svhn8_blood_strict_full_noreplace,test,3044,4,6,-0.298315,-34.212067
natural,svhn8_blood_strict_full_noreplace,test,3045,6,6,66.000626,11.069383
natural,svhn8_blood_strict_full_noreplace,test,3046,4,6,-8.689192,-18.011751
natural,svhn8_blood_strict_full_noreplace,test,3047,1,6,-1.898368,-17.197578
natural,svhn8_blood_strict_full_noreplace,test,3048,0,6,65.521988,4.349824
natural,svhn8_blood_strict_full_noreplace,test,3049,1,6,-19.650352,-34.002602
natural,svhn8_blood_strict_full_noreplace,test,3050,6,6,57.927742,11.135354
natural,svhn8_blood_strict_full_noreplace,test,3051,3,5,-20.690754,-13.614242
natural,svhn8_blood_strict_full_noreplace,test,3052,1,6,-21.225233,-37.947876
natural,svhn8_blood_strict_full_noreplace,test,3053,3,3,-34.553951,37.002193
natural,svhn8_blood_strict_full_noreplace,test,3054,0,6,23.662977,-10.578293
natural,svhn8_blood_strict_full_noreplace,test,3055,0,6,38.104767,1.715980
natural,svhn8_blood_strict_full_noreplace,test,3056,0,6,57.665382,19.483713
natural,svhn8_blood_strict_full_noreplace,test,3057,7,6,-5.179499,-9.204294
natural,svhn8_blood_strict_full_noreplace,test,3058,1,6,-13.566463,-38.779205
natural,svhn8_blood_strict_full_noreplace,test,3059,7,6,-24.174166,-2.710233
natural,svhn8_blood_strict_full_noreplace,test,3060,0,6,60.555779,3.455504
natural,svhn8_blood_strict_full_noreplace,test,3061,3,5,-39.753857,37.762825
natural,svhn8_blood_strict_full_noreplace,test,3062,6,6,24.770760,-4.601491
natural,svhn8_blood_strict_full_noreplace,test,3063,3,6,-7.482378,1.303391
natural,svhn8_blood_strict_full_noreplace,test,3064,2,6,5.100298,-2.798949
natural,svhn8_blood_strict_full_noreplace,test,3065,7,6,-27.277748,-7.727508
natural,svhn8_blood_strict_full_noreplace,test,3066,3,5,-32.305702,35.471603
natural,svhn8_blood_strict_full_noreplace,test,3067,5,5,-33.368813,17.061214
natural,svhn8_blood_strict_full_noreplace,test,3068,2,6,5.491935,-0.083108
natural,svhn8_blood_strict_full_noreplace,test,3069,1,6,0.297047,-31.138649
natural,svhn8_blood_strict_full_noreplace,test,3070,6,6,46.296967,12.222297
natural,svhn8_blood_strict_full_noreplace,test,3071,6,6,24.853504,-7.061378
natural,svhn8_blood_strict_full_noreplace,test,3072,1,6,20.183361,-11.987962
natural,svhn8_blood_strict_full_noreplace,test,3073,7,5,-37.830841,2.360405
natural,svhn8_blood_strict_full_noreplace,test,3074,3,6,-22.374310,-13.195794
natural,svhn8_blood_strict_full_noreplace,test,3075,0,6,55.416576,6.241454
natural,svhn8_blood_strict_full_noreplace,test,3076,4,6,-10.163128,-30.241444
natural,svhn8_blood_strict_full_noreplace,test,3077,3,6,-2.244430,3.959166
natural,svhn8_blood_strict_full_noreplace,test,3078,7,5,-34.934944,8.866078
natural,svhn8_blood_strict_full_noreplace,test,3079,3,5,-30.652744,12.724793
natural,svhn8_blood_strict_full_noreplace,test,3080,5,6,-17.461983,19.605047
natural,svhn8_blood_strict_full_noreplace,test,3081,0,6,23.421961,-10.885365
natural,svhn8_blood_strict_full_noreplace,test,3082,5,6,-13.674923,19.823210
natural,svhn8_blood_strict_full_noreplace,test,3083,0,6,40.284084,1.798322
natural,svhn8_blood_strict_full_noreplace,test,3084,1,6,11.857462,-15.171689
natural,svhn8_blood_strict_full_noreplace,test,3085,0,0,74.162643,0.087151
natural,svhn8_blood_strict_full_noreplace,test,3086,0,6,45.534466,16.021696
natural,svhn8_blood_strict_full_noreplace,test,3087,1,5,-35.217010,-9.074161
natural,svhn8_blood_strict_full_noreplace,test,3088,6,6,20.974594,-9.032393
natural,svhn8_blood_strict_full_noreplace,test,3089,0,6,68.107193,1.652219
natural,svhn8_blood_strict_full_noreplace,test,3090,7,6,-4.402453,-15.853291
natural,svhn8_blood_strict_full_noreplace,test,3091,2,5,-32.329826,14.046994
natural,svhn8_blood_strict_full_noreplace,test,3092,2,5,-20.340809,-13.716364
natural,svhn8_blood_strict_full_noreplace,test,3093,1,6,4.184659,-32.840595
natural,svhn8_blood_strict_full_noreplace,test,3094,7,6,-25.051434,-10.524895
natural,svhn8_blood_strict_full_noreplace,test,3095,6,6,34.215900,7.503050
natural,svhn8_blood_strict_full_noreplace,test,3096,7,6,-5.014478,-14.255630
natural,svhn8_blood_strict_full_noreplace,test,3097,5,5,-36.589508,27.940939
natural,svhn8_blood_strict_full_noreplace,test,3098,1,6,4.887780,-25.566813
natural,svhn8_blood_strict_full_noreplace,test,3099,5,6,-15.028300,21.700424
natural,svhn8_blood_strict_full_noreplace,test,3100,7,5,-31.647160,7.653280
natural,svhn8_blood_strict_full_noreplace,test,3101,3,6,1.722878,7.741044
natural,svhn8_blood_strict_full_noreplace,test,3102,7,6,-33.803219,-4.981064
natural,svhn8_blood_strict_full_noreplace,test,3103,6,6,26.859833,3.490531
natural,svhn8_blood_strict_full_noreplace,test,3104,4,6,-13.117086,-25.817833
natural,svhn8_blood_strict_full_noreplace,test,3105,3,5,-36.023533,20.164015
natural,svhn8_blood_strict_full_noreplace,test,3106,7,5,-29.561420,-3.216593
natural,svhn8_blood_strict_full_noreplace,test,3107,7,5,-40.934685,18.817875
natural,svhn8_blood_strict_full_noreplace,test,3108,3,5,-22.933121,28.679319
natural,svhn8_blood_strict_full_noreplace,test,3109,7,6,-16.630632,5.151701
natural,svhn8_blood_strict_full_noreplace,test,3110,0,6,70.171242,3.584370
natural,svhn8_blood_strict_full_noreplace,test,3111,4,6,8.252429,-18.710115
natural,svhn8_blood_strict_full_noreplace,test,3112,2,6,3.175648,-0.181646
natural,svhn8_blood_strict_full_noreplace,test,3113,7,6,-24.197344,-9.916713
natural,svhn8_blood_strict_full_noreplace,test,3114,0,6,27.275753,3.061198
natural,svhn8_blood_strict_full_noreplace,test,3115,2,6,0.664425,-9.485499
natural,svhn8_blood_strict_full_noreplace,test,3116,3,6,-11.499758,-9.276603
natural,svhn8_blood_strict_full_noreplace,test,3117,1,6,4.692775,-31.030361
natural,svhn8_blood_strict_full_noreplace,test,3118,1,6,-5.093676,-30.801790
natural,svhn8_blood_strict_full_noreplace,test,3119,3,6,-8.990597,8.370797
natural,svhn8_blood_strict_full_noreplace,test,3120,5,6,-19.717854,11.742476
natural,svhn8_blood_strict_full_noreplace,test,3121,7,6,10.358901,-0.490744
natural,svhn8_blood_strict_full_noreplace,test,3122,5,5,-17.797192,13.005390
natural,svhn8_blood_strict_full_noreplace,test,3123,6,6,47.010635,5.805868
natural,svhn8_blood_strict_full_noreplace,test,3124,7,6,-21.506773,-3.960893
natural,svhn8_blood_strict_full_noreplace,test,3125,4,6,-12.185540,-16.922432
natural,svhn8_blood_strict_full_noreplace,test,3126,6,6,34.543312,-4.525432
natural,svhn8_blood_strict_full_noreplace,test,3127,3,5,-37.360573,25.579828
natural,svhn8_blood_strict_full_noreplace,test,3128,6,6,33.548729,2.259011
natural,svhn8_blood_strict_full_noreplace,test,3129,1,6,-7.983673,-32.385120
natural,svhn8_blood_strict_full_noreplace,test,3130,2,6,6.357745,4.652098
natural,svhn8_blood_strict_full_noreplace,test,3131,3,6,0.373936,13.545093
natural,svhn8_blood_strict_full_noreplace,test,3132,7,6,13.811429,-9.347046
natural,svhn8_blood_strict_full_noreplace,test,3133,6,6,48.365582,13.423147
natural,svhn8_blood_strict_full_noreplace,test,3134,7,5,-41.622757,7.270081
natural,svhn8_blood_strict_full_noreplace,test,3135,5,5,-33.331158,32.630085
natural,svhn8_blood_strict_full_noreplace,test,3136,6,6,62.798244,14.524542
natural,svhn8_blood_strict_full_noreplace,test,3137,0,6,37.194645,0.938344
natural,svhn8_blood_strict_full_noreplace,test,3138,0,6,25.083040,6.633542
natural,svhn8_blood_strict_full_noreplace,test,3139,4,6,12.645485,-13.258426
natural,svhn8_blood_strict_full_noreplace,test,3140,2,6,1.631273,-5.780739
natural,svhn8_blood_strict_full_noreplace,test,3141,3,6,-10.371555,25.014147
natural,svhn8_blood_strict_full_noreplace,test,3142,5,5,-24.200294,27.258121
natural,svhn8_blood_strict_full_noreplace,test,3143,6,6,35.813072,10.143829
natural,svhn8_blood_strict_full_noreplace,test,3144,2,5,-18.231871,-25.299139
natural,svhn8_blood_strict_full_noreplace,test,3145,3,5,-36.638699,34.024670
natural,svhn8_blood_strict_full_noreplace,test,3146,0,0,74.254906,-0.906654
natural,svhn8_blood_strict_full_noreplace,test,3147,7,5,-44.119946,14.441654
natural,svhn8_blood_strict_full_noreplace,test,3148,3,6,-17.152655,27.851795
natural,svhn8_blood_strict_full_noreplace,test,3149,7,5,-38.093620,8.262423
natural,svhn8_blood_strict_full_noreplace,test,3150,3,6,-23.826262,14.125414
natural,svhn8_blood_strict_full_noreplace,test,3151,6,6,61.739250,11.950087
natural,svhn8_blood_strict_full_noreplace,test,3152,3,5,-39.740410,34.137043
natural,svhn8_blood_strict_full_noreplace,test,3153,1,6,2.971083,-22.518642
natural,svhn8_blood_strict_full_noreplace,test,3154,2,6,8.761968,-2.196062
natural,svhn8_blood_strict_full_noreplace,test,3155,7,6,-21.712656,-8.043431
natural,svhn8_blood_strict_full_noreplace,test,3156,7,6,23.259243,-12.877887
natural,svhn8_blood_strict_full_noreplace,test,3157,6,6,72.660866,2.649283
natural,svhn8_blood_strict_full_noreplace,test,3158,6,6,-17.636772,-1.505342
natural,svhn8_blood_strict_full_noreplace,test,3159,1,6,-14.616154,-36.272137
natural,svhn8_blood_strict_full_noreplace,test,3160,7,5,-35.246750,8.106056
natural,svhn8_blood_strict_full_noreplace,test,3161,3,6,-8.287919,-2.500484
natural,svhn8_blood_strict_full_noreplace,test,3162,6,6,42.076843,13.431888
natural,svhn8_blood_strict_full_noreplace,test,3163,6,6,25.885218,9.083272
natural,svhn8_blood_strict_full_noreplace,test,3164,6,6,66.435089,7.226553
natural,svhn8_blood_strict_full_noreplace,test,3165,4,6,10.279774,-18.591818
natural,svhn8_blood_strict_full_noreplace,test,3166,2,5,-15.209781,5.399286
natural,svhn8_blood_strict_full_noreplace,test,3167,5,6,-10.488930,2.459935
natural,svhn8_blood_strict_full_noreplace,test,3168,7,5,-27.103901,-3.307566
natural,svhn8_blood_strict_full_noreplace,test,3169,5,6,-16.037683,8.649651
natural,svhn8_blood_strict_full_noreplace,test,3170,3,5,-34.136898,21.959143
natural,svhn8_blood_strict_full_noreplace,test,3171,3,5,-36.842285,17.310574
natural,svhn8_blood_strict_full_noreplace,test,3172,5,6,-13.384710,23.582180
natural,svhn8_blood_strict_full_noreplace,test,3173,7,6,-4.812751,-16.466360
natural,svhn8_blood_strict_full_noreplace,test,3174,4,6,-10.511547,-18.336073
natural,svhn8_blood_strict_full_noreplace,test,3175,1,6,-5.929175,-30.600502
natural,svhn8_blood_strict_full_noreplace,test,3176,6,6,60.356621,12.194649
natural,svhn8_blood_strict_full_noreplace,test,3177,7,6,-32.480423,-6.246322
natural,svhn8_blood_strict_full_noreplace,test,3178,3,3,-34.338734,37.528561
natural,svhn8_blood_strict_full_noreplace,test,3179,5,6,7.408127,10.111987
natural,svhn8_blood_strict_full_noreplace,test,3180,1,6,-9.362392,-26.555969
natural,svhn8_blood_strict_full_noreplace,test,3181,1,6,23.474062,-5.904867
natural,svhn8_blood_strict_full_noreplace,test,3182,1,5,-31.481556,-12.904619
natural,svhn8_blood_strict_full_noreplace,test,3183,7,5,-38.045010,6.414009
natural,svhn8_blood_strict_full_noreplace,test,3184,0,6,34.342972,-1.774987
natural,svhn8_blood_strict_full_noreplace,test,3185,1,6,3.037244,-27.082949
natural,svhn8_blood_strict_full_noreplace,test,3186,3,6,-9.064643,16.419987
natural,svhn8_blood_strict_full_noreplace,test,3187,4,6,8.791306,-20.971172
natural,svhn8_blood_strict_full_noreplace,test,3188,2,6,-11.336084,0.948726
natural,svhn8_blood_strict_full_noreplace,test,3189,7,6,-20.402668,-4.010269
natural,svhn8_blood_strict_full_noreplace,test,3190,6,6,66.585419,11.802169
natural,svhn8_blood_strict_full_noreplace,test,3191,6,6,61.522472,11.589747
natural,svhn8_blood_strict_full_noreplace,test,3192,6,6,65.243309,9.412960
natural,svhn8_blood_strict_full_noreplace,test,3193,7,6,19.303331,-2.585603
natural,svhn8_blood_strict_full_noreplace,test,3194,4,6,-2.953413,-24.057537
natural,svhn8_blood_strict_full_noreplace,test,3195,6,6,23.746939,-4.785276
natural,svhn8_blood_strict_full_noreplace,test,3196,1,6,8.441844,-11.186007
natural,svhn8_blood_strict_full_noreplace,test,3197,6,6,37.952896,9.412341
natural,svhn8_blood_strict_full_noreplace,test,3198,5,5,-20.730289,25.845337
natural,svhn8_blood_strict_full_noreplace,test,3199,3,5,-23.210747,20.311974
natural,svhn8_blood_strict_full_noreplace,test,3200,1,6,24.193748,-14.967344
natural,svhn8_blood_strict_full_noreplace,test,3201,3,5,-25.851566,6.913627
natural,svhn8_blood_strict_full_noreplace,test,3202,2,6,11.474279,-0.311846
natural,svhn8_blood_strict_full_noreplace,test,3203,5,6,-18.000591,27.832561
natural,svhn8_blood_strict_full_noreplace,test,3204,6,6,27.496523,0.045854
natural,svhn8_blood_strict_full_noreplace,test,3205,6,6,-8.442964,-3.019111
natural,svhn8_blood_strict_full_noreplace,test,3206,6,6,59.420219,12.573607
natural,svhn8_blood_strict_full_noreplace,test,3207,3,6,-8.862456,15.485791
natural,svhn8_blood_strict_full_noreplace,test,3208,0,6,57.248650,2.079653
natural,svhn8_blood_strict_full_noreplace,test,3209,7,5,-35.553562,8.374989
natural,svhn8_blood_strict_full_noreplace,test,3210,2,6,39.186230,18.217634
natural,svhn8_blood_strict_full_noreplace,test,3211,6,6,40.808193,7.920543
natural,svhn8_blood_strict_full_noreplace,test,3212,1,5,-15.831327,-31.697895
natural,svhn8_blood_strict_full_noreplace,test,3213,3,5,-26.518320,1.374422
natural,svhn8_blood_strict_full_noreplace,test,3214,0,6,41.515423,0.865131
natural,svhn8_blood_strict_full_noreplace,test,3215,4,6,-11.044021,-19.572308
natural,svhn8_blood_strict_full_noreplace,test,3216,1,6,-11.342229,-40.182156
natural,svhn8_blood_strict_full_noreplace,test,3217,1,6,-15.371866,-38.634136
natural,svhn8_blood_strict_full_noreplace,test,3218,6,6,67.393646,11.928785
natural,svhn8_blood_strict_full_noreplace,test,3219,5,5,-27.560781,3.066647
natural,svhn8_blood_strict_full_noreplace,test,3220,7,5,-43.200695,21.502527
natural,svhn8_blood_strict_full_noreplace,test,3221,1,6,-1.066350,-29.684381
natural,svhn8_blood_strict_full_noreplace,test,3222,4,6,-18.261612,-18.404924
natural,svhn8_blood_strict_full_noreplace,test,3223,7,5,-37.490334,16.207457
natural,svhn8_blood_strict_full_noreplace,test,3224,1,6,8.804360,-26.347916
natural,svhn8_blood_strict_full_noreplace,test,3225,5,5,-28.080109,31.080639
natural,svhn8_blood_strict_full_noreplace,test,3226,7,5,-40.973961,6.159196
natural,svhn8_blood_strict_full_noreplace,test,3227,6,6,42.999416,8.796826
natural,svhn8_blood_strict_full_noreplace,test,3228,5,5,-34.748360,33.811325
natural,svhn8_blood_strict_full_noreplace,test,3229,5,5,-25.110725,16.921465
natural,svhn8_blood_strict_full_noreplace,test,3230,1,6,-4.949749,-34.475464
natural,svhn8_blood_strict_full_noreplace,test,3231,7,6,-31.616718,-2.786491
natural,svhn8_blood_strict_full_noreplace,test,3232,3,6,3.405074,-14.507385
natural,svhn8_blood_strict_full_noreplace,test,3233,6,6,28.904613,6.958248
natural,svhn8_blood_strict_full_noreplace,test,3234,6,6,54.444386,13.224372
natural,svhn8_blood_strict_full_noreplace,test,3235,3,5,-30.045105,2.674244
natural,svhn8_blood_strict_full_noreplace,test,3236,6,6,27.698574,4.793913
natural,svhn8_blood_strict_full_noreplace,test,3237,3,6,6.484500,15.326559
natural,svhn8_blood_strict_full_noreplace,test,3238,4,6,-13.664116,-6.594451
natural,svhn8_blood_strict_full_noreplace,test,3239,3,5,-37.266991,30.389717
natural,svhn8_blood_strict_full_noreplace,test,3240,3,5,-40.382393,35.129108
natural,svhn8_blood_strict_full_noreplace,test,3241,3,5,-33.918587,11.457572
natural,svhn8_blood_strict_full_noreplace,test,3242,7,6,-24.643488,-11.976184
natural,svhn8_blood_strict_full_noreplace,test,3243,3,5,-18.235332,-30.679222
natural,svhn8_blood_strict_full_noreplace,test,3244,3,5,-26.942816,23.878344
natural,svhn8_blood_strict_full_noreplace,test,3245,1,6,-0.897485,-34.927303
natural,svhn8_blood_strict_full_noreplace,test,3246,2,6,2.764227,-5.727387
natural,svhn8_blood_strict_full_noreplace,test,3247,7,5,-40.986061,6.834012
natural,svhn8_blood_strict_full_noreplace,test,3248,2,5,-24.403025,-1.028209
natural,svhn8_blood_strict_full_noreplace,test,3249,3,5,-30.093182,32.919132
natural,svhn8_blood_strict_full_noreplace,test,3250,3,6,-8.028787,-3.069651
natural,svhn8_blood_strict_full_noreplace,test,3251,6,6,22.965025,-3.514296
natural,svhn8_blood_strict_full_noreplace,test,3252,3,6,-0.206311,-14.559605
natural,svhn8_blood_strict_full_noreplace,test,3253,6,6,57.244778,12.466220
natural,svhn8_blood_strict_full_noreplace,test,3254,1,5,-23.517273,-35.478054
natural,svhn8_blood_strict_full_noreplace,test,3255,3,6,-23.042030,12.473043
natural,svhn8_blood_strict_full_noreplace,test,3256,1,5,-31.862495,-12.221431
natural,svhn8_blood_strict_full_noreplace,test,3257,7,6,-1.110035,-30.104607
natural,svhn8_blood_strict_full_noreplace,test,3258,6,6,68.445259,9.600888
natural,svhn8_blood_strict_full_noreplace,test,3259,3,5,-27.918074,27.449034
natural,svhn8_blood_strict_full_noreplace,test,3260,6,6,28.153473,9.566405
natural,svhn8_blood_strict_full_noreplace,test,3261,3,6,8.755457,11.221529
natural,svhn8_blood_strict_full_noreplace,test,3262,3,5,-35.640289,30.398645
natural,svhn8_blood_strict_full_noreplace,test,3263,5,6,9.511429,14.058870
natural,svhn8_blood_strict_full_noreplace,test,3264,6,6,52.369377,9.216311
natural,svhn8_blood_strict_full_noreplace,test,3265,4,6,-16.506310,-26.517639
natural,svhn8_blood_strict_full_noreplace,test,3266,3,6,-17.469048,27.587820
natural,svhn8_blood_strict_full_noreplace,test,3267,3,5,-22.460466,31.188034
natural,svhn8_blood_strict_full_noreplace,test,3268,4,6,-24.722147,-14.139916
natural,svhn8_blood_strict_full_noreplace,test,3269,2,6,9.693792,1.152286
natural,svhn8_blood_strict_full_noreplace,test,3270,4,6,26.310497,-8.479042
natural,svhn8_blood_strict_full_noreplace,test,3271,3,6,-6.335160,-4.254156
natural,svhn8_blood_strict_full_noreplace,test,3272,3,5,-30.631723,13.936202
natural,svhn8_blood_strict_full_noreplace,test,3273,4,6,-14.831326,-15.669804
natural,svhn8_blood_strict_full_noreplace,test,3274,6,6,58.025753,13.267428
natural,svhn8_blood_strict_full_noreplace,test,3275,1,6,-6.952928,-30.485989
natural,svhn8_blood_strict_full_noreplace,test,3276,3,3,-15.488574,29.349630
natural,svhn8_blood_strict_full_noreplace,test,3277,3,5,-36.573269,4.992544
natural,svhn8_blood_strict_full_noreplace,test,3278,3,5,-36.276821,35.717274
natural,svhn8_blood_strict_full_noreplace,test,3279,6,6,54.542896,13.092935
natural,svhn8_blood_strict_full_noreplace,test,3280,1,5,-19.821873,-32.377201
natural,svhn8_blood_strict_full_noreplace,test,3281,2,6,-7.052717,1.455132
natural,svhn8_blood_strict_full_noreplace,test,3282,6,6,30.077845,6.843064
natural,svhn8_blood_strict_full_noreplace,test,3283,1,5,-35.027187,-12.710353
natural,svhn8_blood_strict_full_noreplace,test,3284,6,6,17.897985,5.616696
natural,svhn8_blood_strict_full_noreplace,test,3285,1,6,-13.706704,-35.090675
natural,svhn8_blood_strict_full_noreplace,test,3286,6,6,50.109730,9.716049
natural,svhn8_blood_strict_full_noreplace,test,3287,1,6,-31.173182,-10.057357
natural,svhn8_blood_strict_full_noreplace,test,3288,6,6,20.959351,-7.610970
natural,svhn8_blood_strict_full_noreplace,test,3289,6,6,28.551025,-1.144078
natural,svhn8_blood_strict_full_noreplace,test,3290,3,6,-22.533300,14.963504
natural,svhn8_blood_strict_full_noreplace,test,3291,6,6,36.595070,10.592738
natural,svhn8_blood_strict_full_noreplace,test,3292,1,6,-5.011852,-27.109793
natural,svhn8_blood_strict_full_noreplace,test,3293,3,6,-0.578152,10.563004
natural,svhn8_blood_strict_full_noreplace,test,3294,1,6,-2.307266,-40.126888
natural,svhn8_blood_strict_full_noreplace,test,3295,6,6,20.773825,-0.608506
natural,svhn8_blood_strict_full_noreplace,test,3296,4,6,39.171906,3.904793
natural,svhn8_blood_strict_full_noreplace,test,3297,7,5,-30.238951,0.943192
natural,svhn8_blood_strict_full_noreplace,test,3298,1,6,-15.527158,-37.883953
natural,svhn8_blood_strict_full_noreplace,test,3299,1,6,-6.899041,-38.712818
natural,svhn8_blood_strict_full_noreplace,test,3300,4,6,-19.010445,-17.341919
natural,svhn8_blood_strict_full_noreplace,test,3301,3,6,-15.410297,14.716712
natural,svhn8_blood_strict_full_noreplace,test,3302,6,6,47.554886,8.733574
natural,svhn8_blood_strict_full_noreplace,test,3303,3,5,-27.369368,16.570194
natural,svhn8_blood_strict_full_noreplace,test,3304,3,5,-19.083597,12.144399
natural,svhn8_blood_strict_full_noreplace,test,3305,3,5,-32.658897,27.167284
natural,svhn8_blood_strict_full_noreplace,test,3306,7,5,-27.127211,-4.107341
natural,svhn8_blood_strict_full_noreplace,test,3307,5,5,-35.230465,32.474098
natural,svhn8_blood_strict_full_noreplace,test,3308,0,6,53.879013,2.421258
natural,svhn8_blood_strict_full_noreplace,test,3309,4,6,-18.519590,-28.927460
natural,svhn8_blood_strict_full_noreplace,test,3310,6,6,24.438148,-4.522864
natural,svhn8_blood_strict_full_noreplace,test,3311,1,6,5.029918,-24.923277
natural,svhn8_blood_strict_full_noreplace,test,3312,7,5,-39.040977,7.167784
natural,svhn8_blood_strict_full_noreplace,test,3313,3,5,-29.801184,27.117685
natural,svhn8_blood_strict_full_noreplace,test,3314,1,6,-5.999485,-31.924006
natural,svhn8_blood_strict_full_noreplace,test,3315,4,6,-11.997696,-18.281746
natural,svhn8_blood_strict_full_noreplace,test,3316,5,5,-32.490574,31.853800
natural,svhn8_blood_strict_full_noreplace,test,3317,6,6,31.078320,2.273405
natural,svhn8_blood_strict_full_noreplace,test,3318,7,6,-31.703989,-7.655666
natural,svhn8_blood_strict_full_noreplace,test,3319,4,6,-0.181324,-27.720060
natural,svhn8_blood_strict_full_noreplace,test,3320,3,5,-16.771320,-0.376803
natural,svhn8_blood_strict_full_noreplace,test,3321,3,6,3.873285,12.627156
natural,svhn8_blood_strict_full_noreplace,test,3322,0,6,30.602188,-6.520451
natural,svhn8_blood_strict_full_noreplace,test,3323,2,6,-0.432337,-11.176005
natural,svhn8_blood_strict_full_noreplace,test,3324,7,6,-21.500156,-6.132349
natural,svhn8_blood_strict_full_noreplace,test,3325,6,6,55.193115,18.152035
natural,svhn8_blood_strict_full_noreplace,test,3326,7,6,-19.867662,-41.512947
natural,svhn8_blood_strict_full_noreplace,test,3327,3,5,-21.746634,1.970806
natural,svhn8_blood_strict_full_noreplace,test,3328,7,6,-0.399040,-17.583334
natural,svhn8_blood_strict_full_noreplace,test,3329,1,5,-21.235468,-30.453617
natural,svhn8_blood_strict_full_noreplace,test,3330,0,6,39.186577,15.530538
natural,svhn8_blood_strict_full_noreplace,test,3331,1,6,-5.787034,-32.180931
natural,svhn8_blood_strict_full_noreplace,test,3332,7,5,-37.482353,16.237349
natural,svhn8_blood_strict_full_noreplace,test,3333,7,5,-39.090237,3.687758
natural,svhn8_blood_strict_full_noreplace,test,3334,1,6,-11.331520,-35.544952
natural,svhn8_blood_strict_full_noreplace,test,3335,7,5,-44.575665,16.232687
natural,svhn8_blood_strict_full_noreplace,test,3336,6,6,70.186584,4.825098
natural,svhn8_blood_strict_full_noreplace,test,3337,7,6,-23.211731,-2.999911
natural,svhn8_blood_strict_full_noreplace,test,3338,1,5,-22.647640,-30.276907
natural,svhn8_blood_strict_full_noreplace,test,3339,5,6,-17.428289,25.837177
natural,svhn8_blood_strict_full_noreplace,test,3340,0,6,69.216179,2.298991
natural,svhn8_blood_strict_full_noreplace,test,3341,6,6,55.131836,15.131019
natural,svhn8_blood_strict_full_noreplace,test,3342,3,6,4.051476,18.716314
natural,svhn8_blood_strict_full_noreplace,test,3343,2,6,-3.804964,-12.718500
natural,svhn8_blood_strict_full_noreplace,test,3344,3,6,-20.649786,7.584770
natural,svhn8_blood_strict_full_noreplace,test,3345,5,5,-20.721329,12.711226
natural,svhn8_blood_strict_full_noreplace,test,3346,3,5,-37.488800,33.896149
natural,svhn8_blood_strict_full_noreplace,test,3347,5,6,-19.766321,17.314056
natural,svhn8_blood_strict_full_noreplace,test,3348,1,6,-8.873795,-29.173920
natural,svhn8_blood_strict_full_noreplace,test,3349,4,6,-4.604455,-23.915878
natural,svhn8_blood_strict_full_noreplace,test,3350,7,6,-18.839035,5.902112
natural,svhn8_blood_strict_full_noreplace,test,3351,1,6,3.549423,-23.102289
natural,svhn8_blood_strict_full_noreplace,test,3352,3,3,-32.851162,37.809151
natural,svhn8_blood_strict_full_noreplace,test,3353,0,6,-7.787949,-0.948308
natural,svhn8_blood_strict_full_noreplace,test,3354,1,6,-2.507535,-28.222483
natural,svhn8_blood_strict_full_noreplace,test,3355,6,6,53.476677,9.296996
natural,svhn8_blood_strict_full_noreplace,test,3356,3,5,-27.729698,17.067284
natural,svhn8_blood_strict_full_noreplace,test,3357,0,0,70.292282,0.815054
natural,svhn8_blood_strict_full_noreplace,test,3358,2,6,2.870976,-2.829448
natural,svhn8_blood_strict_full_noreplace,test,3359,6,6,47.844044,8.877281
natural,svhn8_blood_strict_full_noreplace,test,3360,1,6,3.806404,-25.834831
natural,svhn8_blood_strict_full_noreplace,test,3361,4,6,-30.083931,-5.362533
natural,svhn8_blood_strict_full_noreplace,test,3362,7,6,-10.513303,-9.903761
natural,svhn8_blood_strict_full_noreplace,test,3363,7,6,-17.354244,-10.224623
natural,svhn8_blood_strict_full_noreplace,test,3364,7,6,-30.004896,-4.012350
natural,svhn8_blood_strict_full_noreplace,test,3365,3,5,-21.965563,30.420561
natural,svhn8_blood_strict_full_noreplace,test,3366,1,6,-0.729117,-35.927200
natural,svhn8_blood_strict_full_noreplace,test,3367,5,6,-5.540447,16.464804
natural,svhn8_blood_strict_full_noreplace,test,3368,1,6,-3.267605,-27.060965
natural,svhn8_blood_strict_full_noreplace,test,3369,2,6,1.686380,-3.472915
natural,svhn8_blood_strict_full_noreplace,test,3370,3,5,-28.121012,8.764625
natural,svhn8_blood_strict_full_noreplace,test,3371,3,5,-39.686840,35.734318
natural,svhn8_blood_strict_full_noreplace,test,3372,3,5,-39.052174,38.670849
natural,svhn8_blood_strict_full_noreplace,test,3373,6,6,23.538723,-6.114458
natural,svhn8_blood_strict_full_noreplace,test,3374,1,6,-20.375322,-39.548462
natural,svhn8_blood_strict_full_noreplace,test,3375,6,6,45.525486,9.005318
natural,svhn8_blood_strict_full_noreplace,test,3376,1,6,7.149514,-32.691803
natural,svhn8_blood_strict_full_noreplace,test,3377,3,5,-34.897568,25.997702
natural,svhn8_blood_strict_full_noreplace,test,3378,0,6,60.449352,17.195385
natural,svhn8_blood_strict_full_noreplace,test,3379,4,6,-20.131109,-16.830206
natural,svhn8_blood_strict_full_noreplace,test,3380,1,6,-22.354660,-33.977760
natural,svhn8_blood_strict_full_noreplace,test,3381,1,6,3.930042,-23.488583
natural,svhn8_blood_strict_full_noreplace,test,3382,4,6,-14.397100,-37.349712
natural,svhn8_blood_strict_full_noreplace,test,3383,7,5,-34.244785,0.063920
natural,svhn8_blood_strict_full_noreplace,test,3384,6,6,35.940006,7.349556
natural,svhn8_blood_strict_full_noreplace,test,3385,6,6,43.191654,9.293477
natural,svhn8_blood_strict_full_noreplace,test,3386,4,6,25.260521,-7.759974
natural,svhn8_blood_strict_full_noreplace,test,3387,5,5,-39.862221,28.803112
natural,svhn8_blood_strict_full_noreplace,test,3388,1,6,-7.361671,-33.207352
natural,svhn8_blood_strict_full_noreplace,test,3389,7,6,-24.871378,-8.145142
natural,svhn8_blood_strict_full_noreplace,test,3390,2,6,3.122546,-4.533910
natural,svhn8_blood_strict_full_noreplace,test,3391,2,6,7.345850,2.936684
natural,svhn8_blood_strict_full_noreplace,test,3392,6,6,68.971367,5.093261
natural,svhn8_blood_strict_full_noreplace,test,3393,7,6,-24.285477,10.868924
natural,svhn8_blood_strict_full_noreplace,test,3394,2,6,8.217652,-1.079314
natural,svhn8_blood_strict_full_noreplace,test,3395,6,6,27.397827,4.138392
natural,svhn8_blood_strict_full_noreplace,test,3396,2,6,8.368917,1.114252
natural,svhn8_blood_strict_full_noreplace,test,3397,0,6,36.137127,1.091197
natural,svhn8_blood_strict_full_noreplace,test,3398,2,6,1.236642,6.708300
natural,svhn8_blood_strict_full_noreplace,test,3399,6,6,-6.984292,11.260573
natural,svhn8_blood_strict_full_noreplace,test,3400,3,5,-33.818150,35.030270
natural,svhn8_blood_strict_full_noreplace,test,3401,2,6,-21.630585,-0.902790
natural,svhn8_blood_strict_full_noreplace,test,3402,7,6,-11.238865,-17.917149
natural,svhn8_blood_strict_full_noreplace,test,3403,2,6,-7.101673,-9.593964
natural,svhn8_blood_strict_full_noreplace,test,3404,2,6,-8.587888,7.548413
natural,svhn8_blood_strict_full_noreplace,test,3405,3,6,-6.972135,20.845875
natural,svhn8_blood_strict_full_noreplace,test,3406,3,6,2.563303,16.915689
natural,svhn8_blood_strict_full_noreplace,test,3407,3,6,3.767989,14.790657
natural,svhn8_blood_strict_full_noreplace,test,3408,3,5,-37.994659,32.574547
natural,svhn8_blood_strict_full_noreplace,test,3409,5,6,-8.960927,23.025909
natural,svhn8_blood_strict_full_noreplace,test,3410,3,5,-27.803425,25.035984
natural,svhn8_blood_strict_full_noreplace,test,3411,6,6,25.862064,-4.329764
natural,svhn8_blood_strict_full_noreplace,test,3412,3,6,-10.165194,18.432507
natural,svhn8_blood_strict_full_noreplace,test,3413,1,6,-10.721212,-33.454052
natural,svhn8_blood_strict_full_noreplace,test,3414,0,6,70.011887,2.974394
natural,svhn8_blood_strict_full_noreplace,test,3415,0,6,25.860119,3.375114
natural,svhn8_blood_strict_full_noreplace,test,3416,3,6,9.681099,14.265986
natural,svhn8_blood_strict_full_noreplace,test,3417,1,6,2.793729,-22.958054
natural,svhn8_blood_strict_full_noreplace,test,3418,6,6,25.557793,1.003758
natural,svhn8_blood_strict_full_noreplace,test,3419,7,5,-42.715389,12.900793
natural,svhn8_blood_strict_full_noreplace,test,3420,6,6,60.993179,10.985213
