status,error,seconds,source,task_type,dataset,model,num_clients,beta,seed,method,base_method,ablation_mode,client_id,split,accuracy,balanced_accuracy,macro_auc,macro_f1,mean_precision,loss,num_samples,num_classes,num_total_classes,num_eval_classes,true_majority_class,true_majority_ratio,pred_majority_class,collapse_ratio,collapse_over_true_majority,collapse_excess,effective_predicted_classes,pred_nonzero_classes,pred_entropy_norm,prob_entropy_norm,mean_max_probability,pred_true_tv,prob_true_tv,per_class_recall,per_class_precision,per_class_f1,true_counts,predicted_class_counts,prob_mean,confusion_matrix_json,checkpoint_path,merged_dir,updated_at
OK,,22.09,merge,small,bloodmnist_224,convnext,3,0,42,avg_head,avg_head,,,test,0.2785735165156387,0.1880102960248479,0.5953984034286941,0.12498586373899845,0.16092797962840164,1.977770286009208,3421,8,8,8,6,0.19467991815258695,6,0.5051154633148203,2.594594594594595,0.3104355451622333,2.5600576807731823,6,0.45205877200581424,0.9807650415938979,0.19880426045016078,0.5448699210757089,0.09774480124459409,0.000000 0.871795 0.000000 0.129534 0.000000 0.000000 0.498498 0.004255,0.000000 0.381487 0.000000 0.313808 0.000000 0.000000 0.192130 0.400000,0.000000 0.530732 0.000000 0.183374 0.000000 0.000000 0.277360 0.008421,244 624 311 579 243 284 666 470,22 1426 0 239 1 0 1728 5,0.115937 0.177186 0.074076 0.142563 0.109060 0.098120 0.179663 0.103394,"[[0,93,0,23,0,0,128,0],[1,544,0,6,0,0,73,0],[1,108,0,18,0,0,181,3],[18,180,0,75,1,0,305,0],[0,67,0,28,0,0,148,0],[0,70,0,32,0,0,182,0],[1,322,0,11,0,0,332,0],[1,42,0,46,0,0,379,2]]",/data2/liyapeng_grp/program/MedMNISTMerge/outputs/prediction_diagnostics_full_avg_head_full_20260724c/shard_0/merged/small/bloodmnist_224/convnext/clients_3/beta_0/seed_42/avg_head/merged.pt,/data2/liyapeng_grp/program/MedMNISTMerge/outputs/prediction_diagnostics_full_avg_head_full_20260724c/shard_0/merged/small/bloodmnist_224/convnext/clients_3/beta_0/seed_42/avg_head,2026-07-24T16:32:40
OK,,21.18,merge,small,bloodmnist_224,convnext,3,0.01,42,avg_head,avg_head,,,test,0.2964045600701549,0.21296827679902713,0.631915262295814,0.14377059528664404,0.17501316567833902,1.980447911338059,3421,8,8,8,6,0.19467991815258695,6,0.5086232095878398,2.6126126126126126,0.31394329143525285,2.857533821069686,6,0.5049235246418612,0.9788036615065889,0.20017447383805906,0.5325928091201403,0.12343024203596348,0.192623 0.806090 0.000000 0.048359 0.000000 0.003521 0.653153 0.000000,0.115196 0.416391 0.000000 0.518519 0.000000 0.100000 0.250000 0.000000,0.144172 0.549127 0.000000 0.088468 0.000000 0.006803 0.361596 0.000000,244 624 311 579 243 284 666 470,408 1208 0 54 0 10 1740 1,0.149869 0.171725 0.073293 0.120119 0.080948 0.117986 0.180066 0.105994,"[[47,72,0,10,0,1,114,0],[36,503,0,5,0,0,80,0],[9,110,0,2,0,0,190,0],[185,143,0,28,0,8,215,0],[22,70,0,3,0,0,148,0],[59,63,0,4,0,1,157,0],[15,214,0,1,0,0,435,1],[35,33,0,1,0,0,401,0]]",/data2/liyapeng_grp/program/MedMNISTMerge/outputs/prediction_diagnostics_full_avg_head_full_20260724c/shard_0/merged/small/bloodmnist_224/convnext/clients_3/beta_0p01/seed_42/avg_head/merged.pt,/data2/liyapeng_grp/program/MedMNISTMerge/outputs/prediction_diagnostics_full_avg_head_full_20260724c/shard_0/merged/small/bloodmnist_224/convnext/clients_3/beta_0p01/seed_42/avg_head,2026-07-24T16:33:02
OK,,21.10,merge,small,bloodmnist_224,convnext,3,0.1,42,avg_head,avg_head,,,test,0.1905875475007308,0.14471530151030756,0.49770991575979534,0.06708330267099019,0.07090985236987617,2.1915705328759865,3421,8,8,8,6,0.19467991815258695,3,0.9403683133586671,4.830330330330331,0.7456883952060802,1.255832923149719,3,0.10954817996166176,0.9243596838540582,0.30594124524992694,0.7711195556854722,0.2337483760962758,0.000000 0.000000 0.000000 0.989637 0.000000 0.000000 0.000000 0.168085,0.000000 0.000000 0.000000 0.178116 0.000000 0.000000 0.000000 0.389163,0.000000 0.000000 0.000000 0.301897 0.000000 0.000000 0.000000 0.234770,244 624 311 579 243 284 666 470,0 0 0 3217 1 0 0 203,0.068093 0.075551 0.096310 0.304153 0.114926 0.082338 0.071694 0.186936,"[[0,0,0,225,0,0,0,19],[0,0,0,612,0,0,0,12],[0,0,0,235,0,0,0,76],[0,0,0,573,1,0,0,5],[0,0,0,231,0,0,0,12],[0,0,0,284,0,0,0,0],[0,0,0,666,0,0,0,0],[0,0,0,391,0,0,0,79]]",/data2/liyapeng_grp/program/MedMNISTMerge/outputs/prediction_diagnostics_full_avg_head_full_20260724c/shard_0/merged/small/bloodmnist_224/convnext/clients_3/beta_0p1/seed_42/avg_head/merged.pt,/data2/liyapeng_grp/program/MedMNISTMerge/outputs/prediction_diagnostics_full_avg_head_full_20260724c/shard_0/merged/small/bloodmnist_224/convnext/clients_3/beta_0p1/seed_42/avg_head,2026-07-24T16:33:23
OK,,21.37,merge,small,bloodmnist_224,convnext,5,0,42,avg_head,avg_head,,,test,0.22478807366267173,0.16684911691151,0.635163792000691,0.11120625827220301,0.19647350288680865,1.999785904158141,3421,8,8,8,6,0.19467991815258695,6,0.6530254311604794,3.3543543543543546,0.45834551300789245,2.7201576712610622,7,0.4812300927656113,0.9922877645838286,0.1717174254603917,0.6290558316281789,0.14498512033822508,0.204918 0.049679 0.041801 0.089810 0.000000 0.000000 0.903904 0.044681,0.060386 0.284404 0.213115 0.426230 0.000000 0.000000 0.269472 0.318182,0.093284 0.084584 0.069892 0.148359 0.000000 0.000000 0.415172 0.078358,244 624 311 579 243 284 666 470,828 109 61 122 1 0 2234 66,0.149843 0.129270 0.120275 0.122126 0.093126 0.098023 0.165252 0.122085,"[[50,9,7,11,0,0,166,1],[255,31,3,28,0,0,305,2],[56,6,13,7,0,0,201,28],[182,25,17,52,1,0,297,5],[75,0,8,10,0,0,146,4],[110,16,13,5,0,0,136,4],[40,22,0,1,0,0,602,1],[60,0,0,8,0,0,381,21]]",/data2/liyapeng_grp/program/MedMNISTMerge/outputs/prediction_diagnostics_full_avg_head_full_20260724c/shard_0/merged/small/bloodmnist_224/convnext/clients_5/beta_0/seed_42/avg_head/merged.pt,/data2/liyapeng_grp/program/MedMNISTMerge/outputs/prediction_diagnostics_full_avg_head_full_20260724c/shard_0/merged/small/bloodmnist_224/convnext/clients_5/beta_0/seed_42/avg_head,2026-07-24T16:33:44
OK,,21.39,merge,small,bloodmnist_224,convnext,5,0.01,42,avg_head,avg_head,,,test,0.20841859105524702,0.13481027566144282,0.6496536600403964,0.061038926056679564,0.20606515951316212,1.9758853862174803,3421,8,8,8,6,0.19467991815258695,6,0.9307220111078632,4.780780780780781,0.7360420929552762,1.3160361408113803,5,0.13206636957286816,0.9650924947890662,0.2338725884244373,0.7360420929552762,0.09759812461323837,0.000000 0.084936 0.000000 0.005181 0.000000 0.000000 0.981982 0.006383,0.000000 0.243119 0.000000 1.000000 0.000000 0.000000 0.205402 0.200000,0.000000 0.125891 0.000000 0.010309 0.000000 0.000000 0.339740 0.012371,244 624 311 579 243 284 666 470,0 218 1 3 0 0 3184 15,0.094930 0.175034 0.101859 0.096905 0.096404 0.071357 0.232351 0.131161,"[[0,32,0,0,0,0,211,1],[0,53,0,0,0,0,569,2],[0,30,0,0,0,0,276,5],[0,50,0,3,0,0,524,2],[0,3,0,0,0,0,240,0],[0,29,0,0,0,0,253,2],[0,12,0,0,0,0,654,0],[0,9,1,0,0,0,457,3]]",/data2/liyapeng_grp/program/MedMNISTMerge/outputs/prediction_diagnostics_full_avg_head_full_20260724c/shard_0/merged/small/bloodmnist_224/convnext/clients_5/beta_0p01/seed_42/avg_head/merged.pt,/data2/liyapeng_grp/program/MedMNISTMerge/outputs/prediction_diagnostics_full_avg_head_full_20260724c/shard_0/merged/small/bloodmnist_224/convnext/clients_5/beta_0p01/seed_42/avg_head,2026-07-24T16:34:05
OK,,21.57,merge,small,bloodmnist_224,convnext,5,0.1,42,avg_head,avg_head,,,test,0.12598655363928676,0.12284795238176385,0.6678422866928444,0.05438126302196222,0.1061642358197873,2.0403719101688105,3421,8,8,8,6,0.19467991815258695,1,0.5355159310143233,2.750750750750751,0.3408360128617363,2.109782384292122,4,0.3590313994398046,0.9644070110354356,0.2095741376790412,0.7345805320081847,0.18807201462481501,0.483607 0.463141 0.000000 0.000000 0.000000 0.000000 0.036036 0.000000,0.076178 0.157751 0.000000 0.000000 0.000000 0.000000 0.615385 0.000000,0.131623 0.235342 0.000000 0.000000 0.000000 0.000000 0.068085 0.000000,244 624 311 579 243 284 666 470,1549 1832 0 0 0 1 39 0,0.196249 0.199005 0.079404 0.100619 0.061693 0.129562 0.142437 0.091032,"[[118,126,0,0,0,0,0,0],[335,289,0,0,0,0,0,0],[69,235,0,0,0,1,6,0],[343,236,0,0,0,0,0,0],[156,86,0,0,0,0,1,0],[190,94,0,0,0,0,0,0],[159,483,0,0,0,0,24,0],[179,283,0,0,0,0,8,0]]",/data2/liyapeng_grp/program/MedMNISTMerge/outputs/prediction_diagnostics_full_avg_head_full_20260724c/shard_0/merged/small/bloodmnist_224/convnext/clients_5/beta_0p1/seed_42/avg_head/merged.pt,/data2/liyapeng_grp/program/MedMNISTMerge/outputs/prediction_diagnostics_full_avg_head_full_20260724c/shard_0/merged/small/bloodmnist_224/convnext/clients_5/beta_0p1/seed_42/avg_head,2026-07-24T16:34:27
OK,,21.60,merge,small,bloodmnist_224,convnext,7,0,42,avg_head,avg_head,,,test,0.26863490207541657,0.19963628185539267,0.6937332573270769,0.14321831769652782,0.2606821517960647,1.9607082747186495,3421,8,8,8,6,0.19467991815258695,1,0.8570593393744519,4.402402402402402,0.662379421221865,1.7398806138484062,5,0.2663294384771624,0.982751677781395,0.18656368751826952,0.6746565331774335,0.10842968919541139,0.008197 0.991987 0.000000 0.065630 0.000000 0.000000 0.052553 0.478723,0.064516 0.211119 0.000000 0.426966 0.000000 0.000000 0.673077 0.709779,0.014545 0.348144 0.000000 0.113772 0.000000 0.000000 0.097493 0.571792,244 624 311 579 243 284 666 470,31 2932 0 89 0 0 52 317,0.139720 0.184574 0.071861 0.133808 0.092736 0.099175 0.141225 0.136901,"[[2,227,0,4,0,0,3,8],[3,619,0,1,0,0,0,1],[0,234,0,9,0,0,0,68],[16,519,0,38,0,0,4,2],[1,212,0,19,0,0,2,9],[5,266,0,3,0,0,6,4],[0,631,0,0,0,0,35,0],[4,224,0,15,0,0,2,225]]",/data2/liyapeng_grp/program/MedMNISTMerge/outputs/prediction_diagnostics_full_avg_head_full_20260724c/shard_0/merged/small/bloodmnist_224/convnext/clients_7/beta_0/seed_42/avg_head/merged.pt,/data2/liyapeng_grp/program/MedMNISTMerge/outputs/prediction_diagnostics_full_avg_head_full_20260724c/shard_0/merged/small/bloodmnist_224/convnext/clients_7/beta_0/seed_42/avg_head,2026-07-24T16:34:48
OK,,21.49,merge,small,bloodmnist_224,convnext,7,0.01,42,avg_head,avg_head,,,test,0.26951183864367145,0.19270163685629565,0.6649079324825118,0.11419809888322523,0.2565841186519663,2.0022277385998244,3421,8,8,8,6,0.19467991815258695,6,0.8240280619701842,4.2327327327327335,0.6293481438175972,1.6855460248268406,5,0.2510720071658911,0.9708728992248798,0.2026225884244373,0.6550716164864074,0.13973810776221093,0.000000 0.001603 0.000000 0.027634 0.004115 0.000000 0.995495 0.512766,0.000000 0.500000 0.000000 0.842105 0.043478 0.000000 0.235190 0.431900,0.000000 0.003195 0.000000 0.053512 0.007519 0.000000 0.380488 0.468872,244 624 311 579 243 284 666 470,0 2 0 19 23 0 2819 558,0.115986 0.123930 0.053595 0.128679 0.134331 0.079635 0.199313 0.164531,"[[0,1,0,0,2,0,210,31],[0,1,0,1,1,0,583,38],[0,0,0,1,1,0,197,112],[0,0,0,16,10,0,510,43],[0,0,0,0,1,0,179,63],[0,0,0,0,7,0,249,28],[0,0,0,0,1,0,663,2],[0,0,0,1,0,0,228,241]]",/data2/liyapeng_grp/program/MedMNISTMerge/outputs/prediction_diagnostics_full_avg_head_full_20260724c/shard_0/merged/small/bloodmnist_224/convnext/clients_7/beta_0p01/seed_42/avg_head/merged.pt,/data2/liyapeng_grp/program/MedMNISTMerge/outputs/prediction_diagnostics_full_avg_head_full_20260724c/shard_0/merged/small/bloodmnist_224/convnext/clients_7/beta_0p01/seed_42/avg_head,2026-07-24T16:35:10
OK,,21.46,merge,small,bloodmnist_224,convnext,7,0.1,42,avg_head,avg_head,,,test,0.31540485238234434,0.2518562208589634,0.6846743470935845,0.14559776590973356,0.29812865121586074,1.9828883184741304,3421,8,8,8,6,0.19467991815258695,1,0.5480853551593101,2.815315315315315,0.35340543700672317,2.498986640687241,6,0.4404477296511049,0.9807323222436701,0.18399225372698041,0.6226249634609763,0.1506988011897562,0.000000 0.892628 0.000000 0.027634 0.000000 0.073944 0.027027 0.993617,0.000000 0.297067 0.000000 0.640000 0.000000 0.154412 0.947368 0.346182,0.000000 0.445778 0.000000 0.052980 0.000000 0.100000 0.052555 0.513469,244 624 311 579 243 284 666 470,17 1875 0 25 0 136 19 1349,0.131151 0.171313 0.072875 0.120192 0.074146 0.142427 0.122162 0.165734,"[[0,138,0,0,0,14,0,92],[2,557,0,1,0,28,0,36],[0,46,0,2,0,1,0,262],[9,308,0,16,0,53,0,193],[0,62,0,5,0,0,0,176],[6,169,0,0,0,21,1,87],[0,593,0,0,0,19,18,36],[0,2,0,1,0,0,0,467]]",/data2/liyapeng_grp/program/MedMNISTMerge/outputs/prediction_diagnostics_full_avg_head_full_20260724c/shard_0/merged/small/bloodmnist_224/convnext/clients_7/beta_0p1/seed_42/avg_head/merged.pt,/data2/liyapeng_grp/program/MedMNISTMerge/outputs/prediction_diagnostics_full_avg_head_full_20260724c/shard_0/merged/small/bloodmnist_224/convnext/clients_7/beta_0p1/seed_42/avg_head,2026-07-24T16:35:32
OK,,19.45,merge,small,bloodmnist_224,resnet,3,0,42,avg_head,avg_head,,,test,0.16924875767319497,0.125,0.6539619192241932,0.036187500000000004,0.02115609470914937,2.0041571703266587,3421,8,8,8,6,0.19467991815258695,3,1.0,5.136636636636637,0.8053200818474131,1.0,1,-0.0,0.9739231060519739,0.22312554808535515,0.8307512423268051,0.11188521435765256,0.000000 0.000000 0.000000 1.000000 0.000000 0.000000 0.000000 0.000000,0.000000 0.000000 0.000000 0.169249 0.000000 0.000000 0.000000 0.000000,0.000000 0.000000 0.000000 0.289500 0.000000 0.000000 0.000000 0.000000,244 624 311 579 243 284 666 470,0 0 0 3421 0 0 0 0,0.095008 0.146912 0.102153 0.223133 0.094105 0.078729 0.140438 0.119522,"[[0,0,0,244,0,0,0,0],[0,0,0,624,0,0,0,0],[0,0,0,311,0,0,0,0],[0,0,0,579,0,0,0,0],[0,0,0,243,0,0,0,0],[0,0,0,284,0,0,0,0],[0,0,0,666,0,0,0,0],[0,0,0,470,0,0,0,0]]",/data2/liyapeng_grp/program/MedMNISTMerge/outputs/prediction_diagnostics_full_avg_head_full_20260724c/shard_0/merged/small/bloodmnist_224/resnet/clients_3/beta_0/seed_42/avg_head/merged.pt,/data2/liyapeng_grp/program/MedMNISTMerge/outputs/prediction_diagnostics_full_avg_head_full_20260724c/shard_0/merged/small/bloodmnist_224/resnet/clients_3/beta_0/seed_42/avg_head,2026-07-24T16:35:53
OK,,19.39,merge,small,bloodmnist_224,resnet,3,0.01,42,avg_head,avg_head,,,test,0.17041800643086816,0.1257545751959612,0.6916691662178308,0.0393133135262874,0.03216379029632042,1.9959082002703887,3421,8,8,8,6,0.19467991815258695,3,0.9733995907629348,5.0,0.7787196726103478,1.141318358773747,4,0.06356709079941253,0.9856700550456727,0.1831290192926045,0.8041508330897398,0.10065247270076716,0.000000 0.011218 0.000000 0.994819 0.000000 0.000000 0.000000 0.000000,0.000000 0.084337 0.000000 0.172973 0.000000 0.000000 0.000000 0.000000,0.000000 0.019802 0.000000 0.294705 0.000000 0.000000 0.000000 0.000000,244 624 311 579 243 284 666 470,0 83 0 3330 0 3 5 0,0.085745 0.154299 0.094756 0.183007 0.099281 0.123395 0.140436 0.119082,"[[0,0,0,244,0,0,0,0],[0,7,0,617,0,0,0,0],[0,20,0,287,0,0,4,0],[0,2,0,576,0,0,1,0],[0,0,0,243,0,0,0,0],[0,0,0,284,0,0,0,0],[0,46,0,620,0,0,0,0],[0,8,0,459,0,3,0,0]]",/data2/liyapeng_grp/program/MedMNISTMerge/outputs/prediction_diagnostics_full_avg_head_full_20260724c/shard_0/merged/small/bloodmnist_224/resnet/clients_3/beta_0p01/seed_42/avg_head/merged.pt,/data2/liyapeng_grp/program/MedMNISTMerge/outputs/prediction_diagnostics_full_avg_head_full_20260724c/shard_0/merged/small/bloodmnist_224/resnet/clients_3/beta_0p01/seed_42/avg_head,2026-07-24T16:36:12
OK,,19.41,merge,small,bloodmnist_224,resnet,3,0.1,42,avg_head,avg_head,,,test,0.18766442560654778,0.14457017604079445,0.7069139203381477,0.06840987472547413,0.16089466138132588,1.992746718338936,3421,8,8,8,6,0.19467991815258695,3,0.8091201403098509,4.156156156156157,0.614440222157264,1.7059733444101781,5,0.25686503497612395,0.971456737559581,0.19579892575270388,0.6831335866705641,0.13821079507006212,0.020492 0.000000 0.000000 0.929188 0.000000 0.000000 0.009009 0.197872,0.192308 0.000000 0.000000 0.194364 0.000000 0.000000 0.750000 0.150485,0.037037 0.000000 0.000000 0.321482 0.000000 0.000000 0.017804 0.170956,244 624 311 579 243 284 666 470,26 1 0 2768 0 0 8 618,0.142321 0.141796 0.062066 0.192636 0.086905 0.079585 0.129351 0.165341,"[[5,0,0,238,0,0,0,1],[7,0,0,557,0,0,0,60],[6,0,0,144,0,0,2,159],[2,0,0,538,0,0,0,39],[2,0,0,215,0,0,0,26],[2,0,0,261,0,0,0,21],[0,1,0,440,0,0,6,219],[2,0,0,375,0,0,0,93]]",/data2/liyapeng_grp/program/MedMNISTMerge/outputs/prediction_diagnostics_full_avg_head_full_20260724c/shard_0/merged/small/bloodmnist_224/resnet/clients_3/beta_0p1/seed_42/avg_head/merged.pt,/data2/liyapeng_grp/program/MedMNISTMerge/outputs/prediction_diagnostics_full_avg_head_full_20260724c/shard_0/merged/small/bloodmnist_224/resnet/clients_3/beta_0p1/seed_42/avg_head,2026-07-24T16:36:32
OK,,19.52,merge,small,bloodmnist_224,resnet,5,0,42,avg_head,avg_head,,,test,0.2823735749780766,0.19224859574600506,0.5515841746853416,0.1039488434791675,0.07145196032927636,2.053133164188103,3421,8,8,8,6,0.19467991815258695,3,0.5179771996492254,2.660660660660661,0.32329728149663844,2.040027434615902,5,0.34286285130712163,0.9985467604937536,0.14440222157263957,0.6331482022800351,0.15583079053151622,0.000000 0.000000 0.000000 0.670121 0.000000 0.000000 0.867868 0.000000,0.000000 0.000000 0.000000 0.218962 0.000000 0.000000 0.352654 0.000000,0.000000 0.000000 0.000000 0.330072 0.000000 0.000000 0.501518 0.000000,244 624 311 579 243 284 666 470,0 3 6 1772 0 0 1639 1,0.116272 0.120408 0.124832 0.140526 0.112409 0.118599 0.139931 0.127022,"[[0,0,0,218,0,0,26,0],[0,0,1,150,0,0,473,0],[0,1,0,119,0,0,191,0],[0,0,0,388,0,0,191,0],[0,0,0,207,0,0,36,0],[0,0,1,223,0,0,60,0],[0,0,3,84,0,0,578,1],[0,2,1,383,0,0,84,0]]",/data2/liyapeng_grp/program/MedMNISTMerge/outputs/prediction_diagnostics_full_avg_head_full_20260724c/shard_0/merged/small/bloodmnist_224/resnet/clients_5/beta_0/seed_42/avg_head/merged.pt,/data2/liyapeng_grp/program/MedMNISTMerge/outputs/prediction_diagnostics_full_avg_head_full_20260724c/shard_0/merged/small/bloodmnist_224/resnet/clients_5/beta_0/seed_42/avg_head,2026-07-24T16:36:51
OK,,19.59,merge,small,bloodmnist_224,resnet,5,0.01,42,avg_head,avg_head,,,test,0.19467991815258695,0.125,0.6098514325523026,0.0407389283092733,0.02433498976907337,2.042537703705057,3421,8,8,8,6,0.19467991815258695,6,1.0,5.136636636636637,0.8053200818474131,1.0,1,-0.0,0.9922655159443041,0.17706810874013446,0.8053200818474131,0.14287192475339616,0.000000 0.000000 0.000000 0.000000 0.000000 0.000000 1.000000 0.000000,0.000000 0.000000 0.000000 0.000000 0.000000 0.000000 0.194680 0.000000,0.000000 0.000000 0.000000 0.000000 0.000000 0.000000 0.325911 0.000000,244 624 311 579 243 284 666 470,0 0 0 0 0 0 3421 0,0.101472 0.116083 0.101663 0.136921 0.126968 0.129051 0.177061 0.110780,"[[0,0,0,0,0,0,244,0],[0,0,0,0,0,0,624,0],[0,0,0,0,0,0,311,0],[0,0,0,0,0,0,579,0],[0,0,0,0,0,0,243,0],[0,0,0,0,0,0,284,0],[0,0,0,0,0,0,666,0],[0,0,0,0,0,0,470,0]]",/data2/liyapeng_grp/program/MedMNISTMerge/outputs/prediction_diagnostics_full_avg_head_full_20260724c/shard_0/merged/small/bloodmnist_224/resnet/clients_5/beta_0p01/seed_42/avg_head/merged.pt,/data2/liyapeng_grp/program/MedMNISTMerge/outputs/prediction_diagnostics_full_avg_head_full_20260724c/shard_0/merged/small/bloodmnist_224/resnet/clients_5/beta_0p01/seed_42/avg_head,2026-07-24T16:37:11
OK,,19.66,merge,small,bloodmnist_224,resnet,5,0.1,42,avg_head,avg_head,,,test,0.2034492838351359,0.1541883292947472,0.7727255335714297,0.08667842768703254,0.3135862018772315,2.0181447653281204,3421,8,8,8,6,0.19467991815258695,3,0.8523823443437591,4.378378378378379,0.6577024261911721,1.6507622612310568,5,0.2410441205925676,0.9934687570151154,0.16013455495469162,0.6831335866705641,0.16082616986065984,0.000000 0.174679 0.028939 0.962003 0.000000 0.063380 0.004505 0.000000,0.000000 0.262651 0.818182 0.191015 0.000000 0.236842 1.000000 0.000000,0.000000 0.209817 0.055901 0.318741 0.000000 0.100000 0.008969 0.000000,244 624 311 579 243 284 666 470,0 415 11 2916 0 76 3 0,0.122148 0.138206 0.126794 0.159180 0.091173 0.136993 0.126615 0.098892,"[[0,0,0,241,0,3,0,0],[0,109,0,507,0,8,0,0],[0,47,9,240,0,15,0,0],[0,16,0,557,0,6,0,0],[0,1,0,240,0,2,0,0],[0,0,0,266,0,18,0,0],[0,230,0,422,0,11,3,0],[0,12,2,443,0,13,0,0]]",/data2/liyapeng_grp/program/MedMNISTMerge/outputs/prediction_diagnostics_full_avg_head_full_20260724c/shard_0/merged/small/bloodmnist_224/resnet/clients_5/beta_0p1/seed_42/avg_head/merged.pt,/data2/liyapeng_grp/program/MedMNISTMerge/outputs/prediction_diagnostics_full_avg_head_full_20260724c/shard_0/merged/small/bloodmnist_224/resnet/clients_5/beta_0p1/seed_42/avg_head,2026-07-24T16:37:30
OK,,19.56,merge,small,bloodmnist_224,resnet,7,0,42,avg_head,avg_head,,,test,0.17947968430283542,0.13254570301753632,0.5011904999106019,0.053273687017704144,0.1111099188823256,2.0471989983740135,3421,8,8,8,6,0.19467991815258695,3,0.9611224788073662,4.936936936936937,0.7664425606547793,1.2182801016013212,4,0.09494862315941908,0.9972274632687337,0.14697822274188835,0.7918737211341713,0.13624218501840718,0.000000 0.000000 0.000000 0.987910 0.000000 0.000000 0.040541 0.031915,0.000000 0.000000 0.000000 0.173966 0.000000 0.000000 0.509434 0.205479,0.000000 0.000000 0.000000 0.295837 0.000000 0.000000 0.075104 0.055249,244 624 311 579 243 284 666 470,0 7 0 3288 0 0 53 73,0.109828 0.131826 0.123607 0.146892 0.105946 0.113143 0.134463 0.134295,"[[0,0,0,244,0,0,0,0],[0,0,0,613,0,0,5,6],[0,2,0,297,0,0,7,5],[0,1,0,572,0,0,4,2],[0,0,0,237,0,0,3,3],[0,0,0,278,0,0,5,1],[0,1,0,597,0,0,27,41],[0,3,0,450,0,0,2,15]]",/data2/liyapeng_grp/program/MedMNISTMerge/outputs/prediction_diagnostics_full_avg_head_full_20260724c/shard_0/merged/small/bloodmnist_224/resnet/clients_7/beta_0/seed_42/avg_head/merged.pt,/data2/liyapeng_grp/program/MedMNISTMerge/outputs/prediction_diagnostics_full_avg_head_full_20260724c/shard_0/merged/small/bloodmnist_224/resnet/clients_7/beta_0/seed_42/avg_head,2026-07-24T16:37:50
OK,,19.72,merge,small,bloodmnist_224,resnet,7,0.01,42,avg_head,avg_head,,,test,0.15638702133878982,0.13549452881389823,0.5307427343276269,0.06239620211006018,0.08672978692325196,2.0440372309814383,3421,8,8,8,6,0.19467991815258695,7,0.8906752411575563,4.575075075075075,0.6959953230049694,1.5232791229025657,3,0.20239344095662998,0.9911723986370164,0.16148193145279158,0.7532885121309558,0.13900875627680614,0.000000 0.000000 0.000000 0.077720 0.000000 0.000000 0.087087 0.919149,0.000000 0.000000 0.000000 0.236842 0.000000 0.000000 0.315217 0.141779,0.000000 0.000000 0.000000 0.117035 0.000000 0.000000 0.136471 0.245664,244 624 311 579 243 284 666 470,0 0 0 190 0 0 184 3047,0.090762 0.108721 0.122693 0.148224 0.117550 0.100515 0.150378 0.161157,"[[0,0,0,26,0,0,9,209],[0,0,0,9,0,0,24,591],[0,0,0,10,0,0,15,286],[0,0,0,45,0,0,36,498],[0,0,0,26,0,0,0,217],[0,0,0,36,0,0,42,206],[0,0,0,0,0,0,58,608],[0,0,0,38,0,0,0,432]]",/data2/liyapeng_grp/program/MedMNISTMerge/outputs/prediction_diagnostics_full_avg_head_full_20260724c/shard_0/merged/small/bloodmnist_224/resnet/clients_7/beta_0p01/seed_42/avg_head/merged.pt,/data2/liyapeng_grp/program/MedMNISTMerge/outputs/prediction_diagnostics_full_avg_head_full_20260724c/shard_0/merged/small/bloodmnist_224/resnet/clients_7/beta_0p01/seed_42/avg_head,2026-07-24T16:38:10
OK,,19.74,merge,small,bloodmnist_224,resnet,7,0.1,42,avg_head,avg_head,,,test,0.33615901783104357,0.29430271301927,0.7278067024780548,0.21569505698129535,0.17687576759835194,2.011702478716019,3421,8,8,8,6,0.19467991815258695,2,0.31131248173048814,1.5990990990990992,0.1166325635779012,3.937195800252193,4,0.6590561535965832,0.988027772597734,0.15925305100847706,0.4200526161940953,0.12378876105681,0.000000 0.620192 0.569132 0.352332 0.000000 0.000000 0.000000 0.812766,0.000000 0.414347 0.166197 0.276798 0.000000 0.000000 0.000000 0.557664,0.000000 0.496791 0.257267 0.310030 0.000000 0.000000 0.000000 0.661472,244 624 311 579 243 284 666 470,0 934 1065 737 0 0 0 685,0.094894 0.152094 0.153036 0.149742 0.094254 0.086562 0.120707 0.148710,"[[0,22,44,146,0,0,0,32],[0,387,170,45,0,0,0,22],[0,29,177,37,0,0,0,68],[0,140,208,204,0,0,0,27],[0,14,73,110,0,0,0,46],[0,60,78,126,0,0,0,20],[0,280,280,18,0,0,0,88],[0,2,35,51,0,0,0,382]]",/data2/liyapeng_grp/program/MedMNISTMerge/outputs/prediction_diagnostics_full_avg_head_full_20260724c/shard_0/merged/small/bloodmnist_224/resnet/clients_7/beta_0p1/seed_42/avg_head/merged.pt,/data2/liyapeng_grp/program/MedMNISTMerge/outputs/prediction_diagnostics_full_avg_head_full_20260724c/shard_0/merged/small/bloodmnist_224/resnet/clients_7/beta_0p1/seed_42/avg_head,2026-07-24T16:38:29
OK,,21.86,merge,small,bloodmnist_224,swin_tiny,3,0,42,avg_head,avg_head,,,test,0.10610932475884244,0.10936076886482109,0.5556829174994815,0.05766546123568581,0.049031349252837655,2.0880935878580824,3421,8,8,8,6,0.19467991815258695,5,0.5103770827243496,2.6216216216216215,0.3156971645717626,2.955700065562604,4,0.521166625700839,0.990731929866445,0.1638227126571178,0.5369774919614148,0.18052847425748128,0.000000 0.000000 0.000000 0.181347 0.008230 0.524648 0.160661 0.000000,0.000000 0.000000 0.000000 0.159091 0.036364 0.085338 0.111458 0.000000,0.000000 0.000000 0.000000 0.169492 0.013423 0.146798 0.131611 0.000000,244 624 311 579 243 284 666 470,0 0 0 660 55 1746 960 0,0.110130 0.091135 0.097225 0.150743 0.131493 0.157963 0.150503 0.110809,"[[0,0,0,60,9,132,43,0],[0,0,0,32,2,476,114,0],[0,0,0,104,3,72,132,0],[0,0,0,105,14,313,147,0],[0,0,0,67,2,104,70,0],[0,0,0,57,4,149,74,0],[0,0,0,115,5,439,107,0],[0,0,0,120,16,61,273,0]]",/data2/liyapeng_grp/program/MedMNISTMerge/outputs/prediction_diagnostics_full_avg_head_full_20260724c/shard_0/merged/small/bloodmnist_224/swin_tiny/clients_3/beta_0/seed_42/avg_head/merged.pt,/data2/liyapeng_grp/program/MedMNISTMerge/outputs/prediction_diagnostics_full_avg_head_full_20260724c/shard_0/merged/small/bloodmnist_224/swin_tiny/clients_3/beta_0/seed_42/avg_head,2026-07-24T16:38:49
OK,,21.79,merge,small,bloodmnist_224,swin_tiny,3,0.01,42,avg_head,avg_head,,,test,0.1601870798012277,0.16054906715576783,0.5973535730905044,0.09744959518314911,0.24801799013495227,2.065692597193803,3421,8,8,8,6,0.19467991815258695,5,0.5147617655656241,2.6441441441441444,0.3200818474130372,2.979328807653317,7,0.5249957841737133,0.9986568633139659,0.14304342662964045,0.644840689856767,0.17635677346682888,0.000000 0.001603 0.016077 0.158895 0.000000 0.408451 0.027027 0.672340,0.000000 0.500000 0.714286 0.298701 0.000000 0.065872 0.141732 0.263553,0.000000 0.003195 0.031447 0.207441 0.000000 0.113447 0.045397 0.378670,244 624 311 579 243 284 666 470,0 2 7 308 17 1761 127 1199,0.112682 0.113554 0.117742 0.129119 0.123311 0.138903 0.127721 0.136967,"[[0,0,0,46,3,89,10,96],[0,1,0,14,1,509,17,82],[0,0,5,24,0,54,5,223],[0,0,2,92,9,293,49,134],[0,0,0,37,0,117,3,86],[0,0,0,57,1,116,24,86],[0,1,0,17,3,451,18,176],[0,0,0,21,0,132,1,316]]",/data2/liyapeng_grp/program/MedMNISTMerge/outputs/prediction_diagnostics_full_avg_head_full_20260724c/shard_0/merged/small/bloodmnist_224/swin_tiny/clients_3/beta_0p01/seed_42/avg_head/merged.pt,/data2/liyapeng_grp/program/MedMNISTMerge/outputs/prediction_diagnostics_full_avg_head_full_20260724c/shard_0/merged/small/bloodmnist_224/swin_tiny/clients_3/beta_0p01/seed_42/avg_head,2026-07-24T16:39:11
OK,,21.77,merge,small,bloodmnist_224,swin_tiny,3,0.1,42,avg_head,avg_head,,,test,0.15171002630809705,0.12296946745779166,0.6323260427969382,0.05566422412843487,0.07725348527006168,2.1259066245249927,3421,8,8,8,6,0.19467991815258695,3,0.5638702133878982,2.8963963963963963,0.36919029523531127,2.0879809263010816,5,0.35403617765117407,0.9874527654999833,0.16794933864367145,0.7503653902367728,0.22087234677650008,0.143443 0.000000 0.000000 0.829016 0.000000 0.007042 0.000000 0.004255,0.023956 0.000000 0.000000 0.248834 0.000000 0.095238 0.000000 0.250000,0.041056 0.000000 0.000000 0.382775 0.000000 0.013115 0.000000 0.008368,244 624 311 579 243 284 666 470,1461 0 0 1929 2 21 0 8,0.162733 0.076222 0.107233 0.164568 0.128300 0.138888 0.104417 0.117639,"[[35,0,0,209,0,0,0,0],[524,0,0,96,0,4,0,0],[67,0,0,237,1,0,0,6],[96,0,0,480,1,2,0,0],[61,0,0,182,0,0,0,0],[47,0,0,235,0,2,0,0],[464,0,0,189,0,13,0,0],[167,0,0,301,0,0,0,2]]",/data2/liyapeng_grp/program/MedMNISTMerge/outputs/prediction_diagnostics_full_avg_head_full_20260724c/shard_0/merged/small/bloodmnist_224/swin_tiny/clients_3/beta_0p1/seed_42/avg_head/merged.pt,/data2/liyapeng_grp/program/MedMNISTMerge/outputs/prediction_diagnostics_full_avg_head_full_20260724c/shard_0/merged/small/bloodmnist_224/swin_tiny/clients_3/beta_0p1/seed_42/avg_head,2026-07-24T16:39:33
OK,,21.94,merge,small,bloodmnist_224,swin_tiny,5,0,42,avg_head,avg_head,,,test,0.11750950014615609,0.08473786014788542,0.5410322592450962,0.05055589584615686,0.05861166418722386,2.064953252886583,3421,8,8,8,6,0.19467991815258695,1,0.5931014323297281,3.0465465465465464,0.39842151417714117,2.562590366326631,6,0.45253429340961643,0.9987970544507299,0.1416823479976615,0.5781935106693948,0.16541351220845166,0.000000 0.411859 0.000000 0.226252 0.004115 0.028169 0.007508 0.000000,0.000000 0.126663 0.000000 0.113715 0.016393 0.060606 0.151515 0.000000,0.000000 0.193743 0.000000 0.151358 0.006579 0.038462 0.014306 0.000000,244 624 311 579 243 284 666 470,0 2029 0 1152 61 132 33 14,0.112258 0.139571 0.116571 0.137034 0.126530 0.126336 0.121413 0.120287,"[[0,100,0,111,9,13,2,9],[0,257,0,299,2,51,15,0],[0,265,0,34,3,6,1,2],[0,393,0,131,20,28,6,1],[0,185,0,50,1,6,0,1],[0,134,0,119,19,8,3,1],[0,359,0,285,5,12,5,0],[0,336,0,123,2,8,1,0]]",/data2/liyapeng_grp/program/MedMNISTMerge/outputs/prediction_diagnostics_full_avg_head_full_20260724c/shard_0/merged/small/bloodmnist_224/swin_tiny/clients_5/beta_0/seed_42/avg_head/merged.pt,/data2/liyapeng_grp/program/MedMNISTMerge/outputs/prediction_diagnostics_full_avg_head_full_20260724c/shard_0/merged/small/bloodmnist_224/swin_tiny/clients_5/beta_0/seed_42/avg_head,2026-07-24T16:39:55
OK,,21.95,merge,small,bloodmnist_224,swin_tiny,5,0.01,42,avg_head,avg_head,,,test,0.16807950891552179,0.16444221999777556,0.5562744262506326,0.06819407622034684,0.047140211655320514,2.0678124314893305,3421,8,8,8,6,0.19467991815258695,4,0.5951476176556563,3.057057057057057,0.4004676995030693,2.001702167615241,6,0.3337424440604716,0.9971037608091412,0.15164379932768196,0.7316574101140016,0.17567867824232702,0.000000 0.000000 0.000000 0.000000 0.711934 0.000000 0.603604 0.000000,0.000000 0.000000 0.000000 0.000000 0.084971 0.000000 0.292151 0.000000,0.000000 0.000000 0.000000 0.000000 0.151821 0.000000 0.393732 0.000000,244 624 311 579 243 284 666 470,0 3 0 1 2036 4 1376 1,0.110307 0.121750 0.110074 0.124648 0.148297 0.123282 0.146253 0.115388,"[[0,0,0,0,206,0,37,1],[0,0,0,0,247,4,373,0],[0,1,0,0,205,0,105,0],[0,0,0,0,433,0,146,0],[0,0,0,1,173,0,69,0],[0,0,0,0,237,0,47,0],[0,0,0,0,264,0,402,0],[0,2,0,0,271,0,197,0]]",/data2/liyapeng_grp/program/MedMNISTMerge/outputs/prediction_diagnostics_full_avg_head_full_20260724c/shard_0/merged/small/bloodmnist_224/swin_tiny/clients_5/beta_0p01/seed_42/avg_head/merged.pt,/data2/liyapeng_grp/program/MedMNISTMerge/outputs/prediction_diagnostics_full_avg_head_full_20260724c/shard_0/merged/small/bloodmnist_224/swin_tiny/clients_5/beta_0p01/seed_42/avg_head,2026-07-24T16:40:17
OK,,21.92,merge,small,bloodmnist_224,swin_tiny,5,0.1,42,avg_head,avg_head,,,test,0.19204910844782228,0.1766475402435631,0.6239367243905429,0.09809980629281316,0.07710407498562608,2.109053570776089,3421,8,8,8,6,0.19467991815258695,1,0.7956737795966092,4.087087087087087,0.6009938614440222,1.8884981141216743,3,0.30574644769503984,0.9896015920592697,0.16474075562700966,0.679041216018708,0.22081476608242753,0.446721 0.804487 0.000000 0.000000 0.000000 0.161972 0.000000 0.000000,0.232409 0.184423 0.000000 0.000000 0.000000 0.200000 0.000000 0.000000,0.305750 0.300060 0.000000 0.000000 0.000000 0.178988 0.000000 0.000000,244 624 311 579 243 284 666 470,469 2722 0 0 0 230 0 0,0.155361 0.163323 0.116397 0.112283 0.114189 0.151150 0.098140 0.089157,"[[109,111,0,0,0,24,0,0],[76,502,0,0,0,46,0,0],[20,285,0,0,0,6,0,0],[64,437,0,0,0,78,0,0],[24,209,0,0,0,10,0,0],[85,153,0,0,0,46,0,0],[29,620,0,0,0,17,0,0],[62,405,0,0,0,3,0,0]]",/data2/liyapeng_grp/program/MedMNISTMerge/outputs/prediction_diagnostics_full_avg_head_full_20260724c/shard_0/merged/small/bloodmnist_224/swin_tiny/clients_5/beta_0p1/seed_42/avg_head/merged.pt,/data2/liyapeng_grp/program/MedMNISTMerge/outputs/prediction_diagnostics_full_avg_head_full_20260724c/shard_0/merged/small/bloodmnist_224/swin_tiny/clients_5/beta_0p1/seed_42/avg_head,2026-07-24T16:40:39
OK,,22.18,merge,small,bloodmnist_224,swin_tiny,7,0,42,avg_head,avg_head,,,test,0.17012569424144988,0.12696365805190352,0.5968414776439706,0.06167779593039172,0.07941903382441637,2.061621636126133,3421,8,8,8,6,0.19467991815258695,3,0.822858813212511,4.226726726726727,0.6281788950599241,2.010730920550009,7,0.3359066768809698,0.9995212275546407,0.13822255919321835,0.6536100555393161,0.16873021647458974,0.000000 0.024038 0.000000 0.886010 0.000000 0.035211 0.055556 0.014894,0.000000 0.142857 0.000000 0.182238 0.000000 0.057471 0.143411 0.109375,0.000000 0.041152 0.000000 0.302298 0.000000 0.043668 0.080087 0.026217,244 624 311 579 243 284 666 470,4 105 0 2815 1 174 258 64,0.119272 0.124277 0.119500 0.137301 0.120137 0.126103 0.128561 0.124849,"[[0,1,0,210,0,8,11,14],[3,15,0,445,0,90,68,3],[1,28,0,207,1,12,36,26],[0,5,0,513,0,28,28,5],[0,37,0,172,0,14,15,5],[0,0,0,268,0,10,5,1],[0,5,0,613,0,8,37,3],[0,14,0,387,0,4,58,7]]",/data2/liyapeng_grp/program/MedMNISTMerge/outputs/prediction_diagnostics_full_avg_head_full_20260724c/shard_0/merged/small/bloodmnist_224/swin_tiny/clients_7/beta_0/seed_42/avg_head/merged.pt,/data2/liyapeng_grp/program/MedMNISTMerge/outputs/prediction_diagnostics_full_avg_head_full_20260724c/shard_0/merged/small/bloodmnist_224/swin_tiny/clients_7/beta_0/seed_42/avg_head,2026-07-24T16:41:01
OK,,22.16,merge,small,bloodmnist_224,swin_tiny,7,0.01,42,avg_head,avg_head,,,test,0.19964922537269805,0.13439828717606495,0.5960983130192271,0.05722814572200581,0.06947699683198295,2.058984831737796,3421,8,8,8,6,0.19467991815258695,6,0.9836305173925752,5.0525525525525525,0.7889505992399883,1.0914742984511823,4,0.04209271959694481,0.9960079366327577,0.15911146229172757,0.7889505992399883,0.1566148402233924,0.000000 0.000000 0.000000 0.000000 0.078189 0.000000 0.996997 0.000000,0.000000 0.000000 0.000000 0.000000 0.358491 0.000000 0.197325 0.000000,0.000000 0.000000 0.000000 0.000000 0.128378 0.000000 0.329447 0.000000,244 624 311 579 243 284 666 470,0 0 0 0 53 1 3365 2,0.114124 0.109720 0.105554 0.130150 0.136761 0.116458 0.159028 0.128205,"[[0,0,0,0,0,0,243,1],[0,0,0,0,4,1,619,0],[0,0,0,0,21,0,289,1],[0,0,0,0,2,0,577,0],[0,0,0,0,19,0,224,0],[0,0,0,0,1,0,283,0],[0,0,0,0,2,0,664,0],[0,0,0,0,4,0,466,0]]",/data2/liyapeng_grp/program/MedMNISTMerge/outputs/prediction_diagnostics_full_avg_head_full_20260724c/shard_0/merged/small/bloodmnist_224/swin_tiny/clients_7/beta_0p01/seed_42/avg_head/merged.pt,/data2/liyapeng_grp/program/MedMNISTMerge/outputs/prediction_diagnostics_full_avg_head_full_20260724c/shard_0/merged/small/bloodmnist_224/swin_tiny/clients_7/beta_0p01/seed_42/avg_head,2026-07-24T16:41:23
OK,,22.31,merge,small,bloodmnist_224,swin_tiny,7,0.1,42,avg_head,avg_head,,,test,0.12774042677579656,0.1838976746451399,0.5646613019357084,0.06613189761824928,0.06477137054931323,2.0725119779486993,3421,8,8,8,6,0.19467991815258695,5,0.7448114586378252,3.825825825825826,0.5501315404852383,1.9617755474494176,4,0.3240533293288806,0.9973776439676791,0.14629768342589886,0.7950891552177726,0.18167159307703623,0.000000 0.001603 0.514469 0.000000 0.000000 0.929577 0.000000 0.025532,0.000000 0.076923 0.208605 0.000000 0.000000 0.103611 0.000000 0.129032,0.000000 0.003140 0.296846 0.000000 0.000000 0.186441 0.000000 0.042629,244 624 311 579 243 284 666 470,0 13 767 0 0 2548 0 93,0.112539 0.129173 0.138340 0.121058 0.101931 0.145143 0.121301 0.130514,"[[0,0,53,0,0,172,0,19],[0,1,83,0,0,538,0,2],[0,7,160,0,0,118,0,26],[0,0,60,0,0,509,0,10],[0,2,73,0,0,165,0,3],[0,0,9,0,0,264,0,11],[0,2,155,0,0,499,0,10],[0,1,174,0,0,283,0,12]]",/data2/liyapeng_grp/program/MedMNISTMerge/outputs/prediction_diagnostics_full_avg_head_full_20260724c/shard_0/merged/small/bloodmnist_224/swin_tiny/clients_7/beta_0p1/seed_42/avg_head/merged.pt,/data2/liyapeng_grp/program/MedMNISTMerge/outputs/prediction_diagnostics_full_avg_head_full_20260724c/shard_0/merged/small/bloodmnist_224/swin_tiny/clients_7/beta_0p1/seed_42/avg_head,2026-07-24T16:41:45
OK,,19.34,merge,small,bloodmnist_224,vit_t,3,0,42,avg_head,avg_head,,,test,0.11224788073662671,0.10803777668718009,0.5513181625302963,0.07749211104568678,0.0697152216970739,2.121855074813651,3421,8,8,8,6,0.19467991815258695,3,0.56357790119848,2.894894894894895,0.368897983045893,3.9066895647537545,8,0.6553155399828398,0.9815486234761919,0.20920874744226833,0.4405144694533762,0.18948217362902248,0.155738 0.072115 0.000000 0.411054 0.024691 0.200704 0.000000 0.000000,0.129252 0.110837 0.000000 0.123444 0.048780 0.145408 0.000000 0.000000,0.141264 0.087379 0.000000 0.189868 0.032787 0.168639 0.000000 0.000000,244 624 311 579 243 284 666 470,294 406 1 1928 123 392 1 276,0.128953 0.137194 0.069994 0.190220 0.121778 0.143152 0.084628 0.124081,"[[38,19,1,151,1,8,0,26],[7,45,0,497,40,16,0,19],[82,8,0,129,20,59,0,13],[98,59,0,238,5,31,0,148],[24,11,0,179,6,7,0,16],[3,19,0,149,3,57,0,53],[23,194,0,269,46,133,0,1],[19,51,0,316,2,81,1,0]]",/data2/liyapeng_grp/program/MedMNISTMerge/outputs/prediction_diagnostics_full_avg_head_full_20260724c/shard_0/merged/small/bloodmnist_224/vit_t/clients_3/beta_0/seed_42/avg_head/merged.pt,/data2/liyapeng_grp/program/MedMNISTMerge/outputs/prediction_diagnostics_full_avg_head_full_20260724c/shard_0/merged/small/bloodmnist_224/vit_t/clients_3/beta_0/seed_42/avg_head,2026-07-24T16:42:07
OK,,19.39,merge,small,bloodmnist_224,vit_t,3,0.01,42,avg_head,avg_head,,,test,0.17187956737795967,0.12603576654560017,0.5350133060525665,0.05465753460243292,0.039416203432000065,2.1698624990865243,3421,8,8,8,6,0.19467991815258695,1,0.7667348728441976,3.9384384384384385,0.5720549546916107,2.115594333687957,5,0.360354338816003,0.9437960264647268,0.2608246857643964,0.6577024261911721,0.20004403240633653,0.000000 0.878205 0.000000 0.010363 0.000000 0.119718 0.000000 0.000000,0.000000 0.208921 0.000000 0.042857 0.000000 0.063551 0.000000 0.000000,0.000000 0.337542 0.000000 0.016690 0.000000 0.083028 0.000000 0.000000,244 624 311 579 243 284 666 470,4 2623 0 140 0 535 0 119,0.082839 0.251616 0.063234 0.139489 0.083993 0.189372 0.064247 0.125211,"[[0,210,0,17,0,3,0,14],[0,548,0,24,0,51,0,1],[4,149,0,13,0,140,0,5],[0,470,0,6,0,43,0,60],[0,149,0,57,0,28,0,9],[0,212,0,8,0,34,0,30],[0,567,0,3,0,96,0,0],[0,318,0,12,0,140,0,0]]",/data2/liyapeng_grp/program/MedMNISTMerge/outputs/prediction_diagnostics_full_avg_head_full_20260724c/shard_0/merged/small/bloodmnist_224/vit_t/clients_3/beta_0p01/seed_42/avg_head/merged.pt,/data2/liyapeng_grp/program/MedMNISTMerge/outputs/prediction_diagnostics_full_avg_head_full_20260724c/shard_0/merged/small/bloodmnist_224/vit_t/clients_3/beta_0p01/seed_42/avg_head,2026-07-24T16:42:27
OK,,19.32,merge,small,bloodmnist_224,vit_t,3,0.1,42,avg_head,avg_head,,,test,0.15287927506577023,0.11722567994869358,0.5773281082940224,0.05426589547276591,0.138262215609254,2.1494394685399008,3421,8,8,8,6,0.19467991815258695,3,0.8748903829289681,4.493993993993994,0.6802104647763811,1.5210506663688117,6,0.20168940339897354,0.8964769828869423,0.32408743788365973,0.7056416252557731,0.2629123449648151,0.008197 0.000000 0.000000 0.792746 0.000000 0.014085 0.001502 0.121277,0.400000 0.000000 0.000000 0.153358 0.000000 0.266667 0.142857 0.143216,0.016064 0.000000 0.000000 0.256999 0.000000 0.026756 0.002972 0.131336,244 624 311 579 243 284 666 470,5 3 0 2993 0 15 7 398,0.106070 0.069613 0.052354 0.318539 0.049216 0.080377 0.107568 0.216263,"[[2,0,0,200,0,0,0,42],[0,0,0,566,0,0,1,57],[2,0,0,285,0,6,1,17],[0,1,0,459,0,1,0,118],[0,0,0,208,0,0,0,35],[0,0,0,235,0,4,3,42],[0,1,0,632,0,2,1,30],[1,1,0,408,0,2,1,57]]",/data2/liyapeng_grp/program/MedMNISTMerge/outputs/prediction_diagnostics_full_avg_head_full_20260724c/shard_0/merged/small/bloodmnist_224/vit_t/clients_3/beta_0p1/seed_42/avg_head/merged.pt,/data2/liyapeng_grp/program/MedMNISTMerge/outputs/prediction_diagnostics_full_avg_head_full_20260724c/shard_0/merged/small/bloodmnist_224/vit_t/clients_3/beta_0p1/seed_42/avg_head,2026-07-24T16:42:46
OK,,19.34,merge,small,bloodmnist_224,vit_t,5,0,42,avg_head,avg_head,,,test,0.10464776381175095,0.1170556101573577,0.5641863713165205,0.048275314292446345,0.12136064248740305,2.1235972440441393,3421,8,8,8,6,0.19467991815258695,2,0.5603624671148787,2.8783783783783785,0.36568254896229174,2.029276926260539,3,0.34032191886940405,0.9500707919760574,0.25202791581408945,0.7228880444314527,0.21914982254760404,0.000000 0.216346 0.684887 0.000000 0.000000 0.035211 0.000000 0.000000,0.000000 0.090543 0.111111 0.000000 0.000000 0.769231 0.000000 0.000000,0.000000 0.127660 0.191203 0.000000 0.000000 0.067340 0.000000 0.000000,244 624 311 579 243 284 666 470,0 1491 1917 0 0 13 0 0,0.055548 0.221337 0.228375 0.104172 0.095533 0.101264 0.093196 0.100574,"[[0,121,123,0,0,0,0,0],[0,135,489,0,0,0,0,0],[0,97,213,0,0,1,0,0],[0,420,159,0,0,0,0,0],[0,54,189,0,0,0,0,0],[0,208,66,0,0,10,0,0],[0,146,518,0,0,2,0,0],[0,310,160,0,0,0,0,0]]",/data2/liyapeng_grp/program/MedMNISTMerge/outputs/prediction_diagnostics_full_avg_head_full_20260724c/shard_0/merged/small/bloodmnist_224/vit_t/clients_5/beta_0/seed_42/avg_head/merged.pt,/data2/liyapeng_grp/program/MedMNISTMerge/outputs/prediction_diagnostics_full_avg_head_full_20260724c/shard_0/merged/small/bloodmnist_224/vit_t/clients_5/beta_0/seed_42/avg_head,2026-07-24T16:43:05
OK,,19.28,merge,small,bloodmnist_224,vit_t,5,0.01,42,avg_head,avg_head,,,test,0.18971061093247588,0.1291812278828124,0.5539455944835467,0.0752300576176322,0.12027917013863632,2.066697705806051,3421,8,8,8,6,0.19467991815258695,6,0.73194972230342,3.75975975975976,0.537269804150833,2.0797028753547293,5,0.35212580899521756,0.9605645748765045,0.22654194679918152,0.5726395790704473,0.13193111528174192,0.000000 0.145833 0.000000 0.000000 0.037037 0.045775 0.804805 0.000000,0.000000 0.122148 0.000000 0.000000 0.060811 0.565217 0.214058 0.000000,0.000000 0.132944 0.000000 0.000000 0.046036 0.084691 0.338170 0.000000,244 624 311 579 243 284 666 470,0 745 0 1 148 23 2504 0,0.051954 0.183273 0.091047 0.103256 0.148814 0.113698 0.217140 0.090818,"[[0,27,0,0,1,1,215,0],[0,91,0,0,9,0,524,0],[0,70,0,0,98,0,143,0],[0,103,0,0,1,2,473,0],[0,27,0,1,9,0,206,0],[0,24,0,0,1,13,246,0],[0,111,0,0,15,4,536,0],[0,292,0,0,14,3,161,0]]",/data2/liyapeng_grp/program/MedMNISTMerge/outputs/prediction_diagnostics_full_avg_head_full_20260724c/shard_0/merged/small/bloodmnist_224/vit_t/clients_5/beta_0p01/seed_42/avg_head/merged.pt,/data2/liyapeng_grp/program/MedMNISTMerge/outputs/prediction_diagnostics_full_avg_head_full_20260724c/shard_0/merged/small/bloodmnist_224/vit_t/clients_5/beta_0p01/seed_42/avg_head,2026-07-24T16:43:25
OK,,19.28,merge,small,bloodmnist_224,vit_t,5,0.1,42,avg_head,avg_head,,,test,0.182987430575855,0.12588028169014084,0.548386705477348,0.04034300681999841,0.14782036278525454,2.337479846444753,3421,8,8,8,6,0.19467991815258695,1,0.9991230634317451,5.132132132132132,0.8044431452791581,1.007636568544439,3,0.0036584618538381664,0.8280795746133931,0.442524115755627,0.8167202572347266,0.3527040812406128,0.000000 1.000000 0.000000 0.000000 0.000000 0.007042 0.000000 0.000000,0.000000 0.182563 0.000000 0.000000 0.000000 1.000000 0.000000 0.000000,0.000000 0.308758 0.000000 0.000000 0.000000 0.013986 0.000000 0.000000,244 624 311 579 243 284 666 470,0 3418 1 0 0 2 0 0,0.089523 0.442486 0.134282 0.070765 0.032861 0.114066 0.069001 0.047017,"[[0,244,0,0,0,0,0,0],[0,624,0,0,0,0,0,0],[0,311,0,0,0,0,0,0],[0,579,0,0,0,0,0,0],[0,242,1,0,0,0,0,0],[0,282,0,0,0,2,0,0],[0,666,0,0,0,0,0,0],[0,470,0,0,0,0,0,0]]",/data2/liyapeng_grp/program/MedMNISTMerge/outputs/prediction_diagnostics_full_avg_head_full_20260724c/shard_0/merged/small/bloodmnist_224/vit_t/clients_5/beta_0p1/seed_42/avg_head/merged.pt,/data2/liyapeng_grp/program/MedMNISTMerge/outputs/prediction_diagnostics_full_avg_head_full_20260724c/shard_0/merged/small/bloodmnist_224/vit_t/clients_5/beta_0p1/seed_42/avg_head,2026-07-24T16:43:44
OK,,19.40,merge,small,bloodmnist_224,vit_t,7,0,42,avg_head,avg_head,,,test,0.1870798012277112,0.21488183646065956,0.5567454326419967,0.14958119931814345,0.18302322233981289,2.063467142282958,3421,8,8,8,6,0.19467991815258695,2,0.4177141186787489,2.145645645645646,0.22303420052616196,4.51085457108985,8,0.7244669248839712,0.9914592975740091,0.17766643525285003,0.47296112247880734,0.1613716811395175,0.159836 0.003205 0.733119 0.340242 0.000000 0.383803 0.094595 0.004255,0.619048 0.058824 0.159552 0.239078 0.000000 0.202226 0.173554 0.011905,0.254072 0.006079 0.262069 0.280827 0.000000 0.264885 0.122449 0.006270,244 624 311 579 243 284 666 470,63 34 1429 824 1 539 363 168,0.107135 0.111898 0.156195 0.149291 0.081632 0.132692 0.140913 0.120245,"[[39,3,74,59,0,14,36,19],[0,2,301,206,0,21,75,19],[2,3,228,38,1,15,11,13],[15,21,74,197,0,105,89,78],[0,0,140,62,0,10,25,6],[0,0,10,87,0,109,54,24],[7,0,296,62,0,231,63,7],[0,5,306,113,0,34,10,2]]",/data2/liyapeng_grp/program/MedMNISTMerge/outputs/prediction_diagnostics_full_avg_head_full_20260724c/shard_0/merged/small/bloodmnist_224/vit_t/clients_7/beta_0/seed_42/avg_head/merged.pt,/data2/liyapeng_grp/program/MedMNISTMerge/outputs/prediction_diagnostics_full_avg_head_full_20260724c/shard_0/merged/small/bloodmnist_224/vit_t/clients_7/beta_0/seed_42/avg_head,2026-07-24T16:44:03
OK,,19.44,merge,small,bloodmnist_224,vit_t,7,0.01,42,avg_head,avg_head,,,test,0.15258696287635196,0.14216087247885878,0.5580540767405062,0.08530295381638421,0.15638875607836894,2.1036757686897105,3421,8,8,8,6,0.19467991815258695,7,0.7024261911721719,3.6081081081081083,0.507746273019585,2.54193157159626,6,0.44864173124627327,0.9682536024080393,0.21277586962876352,0.6343174510377082,0.17814488907582315,0.000000 0.000000 0.003215 0.015544 0.008230 0.253521 0.180180 0.676596,0.000000 0.000000 0.500000 0.105882 0.035714 0.138196 0.338983 0.132335,0.000000 0.000000 0.006390 0.027108 0.013378 0.178882 0.235294 0.221371,244 624 311 579 243 284 666 470,0 0 2 85 56 521 354 2403,0.060053 0.073316 0.099512 0.141311 0.110584 0.148182 0.164832 0.202211,"[[0,0,0,1,0,14,4,225],[0,0,0,26,1,26,111,460],[0,0,1,8,51,55,24,172],[0,0,0,9,0,46,14,510],[0,0,1,3,2,15,40,182],[0,0,0,3,0,72,16,193],[0,0,0,2,0,201,120,343],[0,0,0,33,2,92,25,318]]",/data2/liyapeng_grp/program/MedMNISTMerge/outputs/prediction_diagnostics_full_avg_head_full_20260724c/shard_0/merged/small/bloodmnist_224/vit_t/clients_7/beta_0p01/seed_42/avg_head/merged.pt,/data2/liyapeng_grp/program/MedMNISTMerge/outputs/prediction_diagnostics_full_avg_head_full_20260724c/shard_0/merged/small/bloodmnist_224/vit_t/clients_7/beta_0p01/seed_42/avg_head,2026-07-24T16:44:23
OK,,19.62,merge,small,bloodmnist_224,vit_t,7,0.1,42,avg_head,avg_head,,,test,0.14761765565624085,0.18942809625489784,0.5930889259554345,0.1071702528938861,0.2545601610625482,2.213075461076805,3421,8,8,8,6,0.19467991815258695,2,0.8626132709733996,4.4309309309309315,0.6679333528208127,1.6857052969213353,5,0.25111744648779677,0.9321589409369875,0.27907136071324173,0.7717041800643086,0.2623274340506728,0.004098 0.000000 0.958199 0.165803 0.000000 0.387324 0.000000 0.000000,1.000000 0.000000 0.100983 0.475248 0.000000 0.460251 0.000000 0.000000,0.008163 0.000000 0.182710 0.245839 0.000000 0.420650 0.000000 0.000000,244 624 311 579 243 284 666 470,1 0 2951 202 0 239 0 28,0.077133 0.063353 0.271896 0.176792 0.053058 0.151005 0.080795 0.125968,"[[1,0,213,15,0,12,0,3],[0,0,598,21,0,5,0,0],[0,0,298,10,0,2,0,1],[0,0,402,96,0,64,0,17],[0,0,240,0,0,3,0,0],[0,0,116,51,0,110,0,7],[0,0,620,6,0,40,0,0],[0,0,464,3,0,3,0,0]]",/data2/liyapeng_grp/program/MedMNISTMerge/outputs/prediction_diagnostics_full_avg_head_full_20260724c/shard_0/merged/small/bloodmnist_224/vit_t/clients_7/beta_0p1/seed_42/avg_head/merged.pt,/data2/liyapeng_grp/program/MedMNISTMerge/outputs/prediction_diagnostics_full_avg_head_full_20260724c/shard_0/merged/small/bloodmnist_224/vit_t/clients_7/beta_0p1/seed_42/avg_head,2026-07-24T16:44:42
OK,,3.56,merge,small,chaoshengmnist_224,convnext,3,0,42,avg_head,avg_head,,,test,0.2174303683737646,0.1776903462775397,0.5379392672415202,0.12828966784144524,0.11914399596414224,2.067018685422282,1113,8,8,8,6,0.1734052111410602,5,0.38544474393531,2.22279792746114,0.21203953279424978,3.6557098858696797,7,0.6233838612822123,0.9776487542470067,0.20802448337825696,0.47978436657681944,0.07613934738001293,0.000000 0.024793 0.000000 0.577778 0.010000 0.425532 0.383420 0.000000,0.000000 0.136364 0.000000 0.442553 0.041667 0.139860 0.192708 0.000000,0.000000 0.041958 0.000000 0.501205 0.016129 0.210526 0.256499 0.000000,121 121 117 180 100 141 193 140,0 22 1 235 24 429 384 18,0.083485 0.109597 0.065774 0.158885 0.117885 0.173904 0.171058 0.119411,"[[0,2,0,20,2,48,49,0],[0,3,1,35,6,36,39,1],[0,4,0,12,4,58,39,0],[0,2,0,104,0,33,31,10],[0,3,0,3,1,51,40,2],[0,5,0,22,3,60,49,2],[0,2,0,13,5,96,74,3],[0,1,0,26,3,47,63,0]]",/data2/liyapeng_grp/program/MedMNISTMerge/outputs/prediction_diagnostics_full_avg_head_full_20260724c/shard_0/merged/small/chaoshengmnist_224/convnext/clients_3/beta_0/seed_42/avg_head/merged.pt,/data2/liyapeng_grp/program/MedMNISTMerge/outputs/prediction_diagnostics_full_avg_head_full_20260724c/shard_0/merged/small/chaoshengmnist_224/convnext/clients_3/beta_0/seed_42/avg_head,2026-07-24T16:45:02
OK,,3.40,merge,small,chaoshengmnist_224,convnext,3,0.01,42,avg_head,avg_head,,,test,0.1761006289308176,0.12842291980548512,0.5330776317984605,0.04730442269716832,0.1690970697980685,2.281572888589398,1113,8,8,8,6,0.1734052111410602,6,0.963162623539982,5.55440414507772,0.7897574123989218,1.2003671644781706,6,0.0878252534310254,0.8729488012719792,0.3530154986522911,0.7897574123989217,0.28555520837598625,0.000000 0.000000 0.000000 0.005556 0.000000 0.042553 0.979275 0.000000,0.000000 0.000000 0.000000 1.000000 0.000000 0.176471 0.176306 0.000000,0.000000 0.000000 0.000000 0.011050 0.000000 0.068571 0.298814 0.000000,121 121 117 180 100 141 193 140,0 3 0 1 2 34 1072 1,0.028373 0.115371 0.050274 0.056537 0.139467 0.177724 0.351646 0.080609,"[[0,0,0,0,1,3,117,0],[0,0,0,0,0,1,120,0],[0,1,0,0,0,7,109,0],[0,0,0,1,1,7,170,1],[0,0,0,0,0,5,95,0],[0,1,0,0,0,6,134,0],[0,0,0,0,0,4,189,0],[0,1,0,0,0,1,138,0]]",/data2/liyapeng_grp/program/MedMNISTMerge/outputs/prediction_diagnostics_full_avg_head_full_20260724c/shard_0/merged/small/chaoshengmnist_224/convnext/clients_3/beta_0p01/seed_42/avg_head/merged.pt,/data2/liyapeng_grp/program/MedMNISTMerge/outputs/prediction_diagnostics_full_avg_head_full_20260724c/shard_0/merged/small/chaoshengmnist_224/convnext/clients_3/beta_0p01/seed_42/avg_head,2026-07-24T16:45:05
OK,,3.41,merge,small,chaoshengmnist_224,convnext,3,0.1,42,avg_head,avg_head,,,test,0.1778975741239892,0.1284722222222222,0.5302208473523242,0.04391443025021456,0.11115788110348401,2.2371787784984276,1113,8,8,8,6,0.1734052111410602,6,0.9910152740341419,5.715025906735751,0.8176100628930817,1.0584131718685972,3,0.0273009736890504,0.8679178902035284,0.38971248876909254,0.8176100628930817,0.2546382552065119,0.000000 0.000000 0.000000 0.027778 0.000000 0.000000 1.000000 0.000000,0.000000 0.000000 0.000000 0.714286 0.000000 0.000000 0.174977 0.000000,0.000000 0.000000 0.000000 0.053476 0.000000 0.000000 0.297840 0.000000,121 121 117 180 100 141 193 140,3 0 0 7 0 0 1103 0,0.147489 0.096826 0.034247 0.113603 0.081494 0.087343 0.389270 0.049727,"[[0,0,0,1,0,0,120,0],[1,0,0,0,0,0,120,0],[1,0,0,0,0,0,116,0],[0,0,0,5,0,0,175,0],[1,0,0,0,0,0,99,0],[0,0,0,0,0,0,141,0],[0,0,0,0,0,0,193,0],[0,0,0,1,0,0,139,0]]",/data2/liyapeng_grp/program/MedMNISTMerge/outputs/prediction_diagnostics_full_avg_head_full_20260724c/shard_0/merged/small/chaoshengmnist_224/convnext/clients_3/beta_0p1/seed_42/avg_head/merged.pt,/data2/liyapeng_grp/program/MedMNISTMerge/outputs/prediction_diagnostics_full_avg_head_full_20260724c/shard_0/merged/small/chaoshengmnist_224/convnext/clients_3/beta_0p1/seed_42/avg_head,2026-07-24T16:45:09
OK,,3.65,merge,small,chaoshengmnist_224,convnext,5,0,42,avg_head,avg_head,,,test,0.12668463611859837,0.12749036028957805,0.5334012172143099,0.07419932892997777,0.19163463604952966,2.0980598607367473,1113,8,8,8,6,0.1734052111410602,5,0.5911949685534591,3.4093264248704664,0.4177897574123989,2.841861878790208,8,0.502278812630962,0.9873287459166553,0.1985624438454627,0.6819407008086253,0.1352406298158401,0.008264 0.008264 0.008547 0.100000 0.190000 0.673759 0.031088 0.000000,0.142857 0.055556 0.333333 0.692308 0.055556 0.144377 0.109091 0.000000,0.015625 0.014388 0.016667 0.174757 0.085973 0.237797 0.048387 0.000000,121 121 117 180 100 141 193 140,7 18 3 26 342 658 55 4,0.107191 0.117225 0.100048 0.108256 0.159607 0.183656 0.130635 0.093382,"[[1,1,0,1,54,63,1,0],[2,1,1,0,57,56,4,0],[2,0,1,1,36,74,3,0],[0,8,0,18,55,79,18,2],[0,0,0,0,19,76,5,0],[1,6,0,1,30,95,7,1],[0,0,1,1,43,141,6,1],[1,2,0,4,48,74,11,0]]",/data2/liyapeng_grp/program/MedMNISTMerge/outputs/prediction_diagnostics_full_avg_head_full_20260724c/shard_0/merged/small/chaoshengmnist_224/convnext/clients_5/beta_0/seed_42/avg_head/merged.pt,/data2/liyapeng_grp/program/MedMNISTMerge/outputs/prediction_diagnostics_full_avg_head_full_20260724c/shard_0/merged/small/chaoshengmnist_224/convnext/clients_5/beta_0/seed_42/avg_head,2026-07-24T16:45:12
OK,,3.62,merge,small,chaoshengmnist_224,convnext,5,0.01,42,avg_head,avg_head,,,test,0.1078167115902965,0.12262899997025231,0.5234228171228005,0.043503816382837845,0.1875191500444281,2.125354475516622,1113,8,8,8,6,0.1734052111410602,2,0.8885893980233602,5.124352331606217,0.7151841868823,1.67404270782122,8,0.24777877802884715,0.9768006395727841,0.22011174752920035,0.7834681042228211,0.15849781889492795,0.000000 0.000000 0.888889 0.022222 0.000000 0.014184 0.041451 0.014286,0.000000 0.000000 0.105157 0.666667 0.000000 0.500000 0.181818 0.046512,0.000000 0.000000 0.188065 0.043011 0.000000 0.027586 0.067511 0.021858,121 121 117 180 100 141 193 140,1 8 989 6 18 4 44 43,0.075154 0.115797 0.216823 0.090288 0.116603 0.106457 0.140134 0.138744,"[[0,0,114,1,3,1,2,0],[0,0,112,0,4,0,0,5],[0,1,104,0,0,1,2,9],[1,2,150,4,2,0,10,11],[0,1,91,0,0,0,5,3],[0,2,121,0,3,2,8,5],[0,0,175,0,2,0,8,8],[0,2,122,1,4,0,9,2]]",/data2/liyapeng_grp/program/MedMNISTMerge/outputs/prediction_diagnostics_full_avg_head_full_20260724c/shard_0/merged/small/chaoshengmnist_224/convnext/clients_5/beta_0p01/seed_42/avg_head/merged.pt,/data2/liyapeng_grp/program/MedMNISTMerge/outputs/prediction_diagnostics_full_avg_head_full_20260724c/shard_0/merged/small/chaoshengmnist_224/convnext/clients_5/beta_0p01/seed_42/avg_head,2026-07-24T16:45:16
OK,,3.59,merge,small,chaoshengmnist_224,convnext,5,0.1,42,avg_head,avg_head,,,test,0.1725067385444744,0.12544808547385441,0.5279063532119249,0.04627694165737644,0.12761803666537133,2.14440577970575,1113,8,8,8,6,0.1734052111410602,6,0.958670260557053,5.528497409326425,0.7852650494159927,1.207562249224588,4,0.09069918705977782,0.9214625600496981,0.3175679469901168,0.7852650494159927,0.2071451372027287,0.000000 0.000000 0.000000 0.016667 0.000000 0.028369 0.958549 0.000000,0.000000 0.000000 0.000000 0.750000 0.000000 0.097561 0.173383 0.000000,0.000000 0.000000 0.000000 0.032609 0.000000 0.043956 0.293651 0.000000,121 121 117 180 100 141 193 140,0 0 0 4 1 41 1067 0,0.074403 0.067914 0.068456 0.099684 0.105735 0.174858 0.316489 0.092461,"[[0,0,0,1,0,6,114,0],[0,0,0,0,0,3,118,0],[0,0,0,0,0,5,112,0],[0,0,0,3,0,4,173,0],[0,0,0,0,0,7,93,0],[0,0,0,0,0,4,137,0],[0,0,0,0,0,8,185,0],[0,0,0,0,1,4,135,0]]",/data2/liyapeng_grp/program/MedMNISTMerge/outputs/prediction_diagnostics_full_avg_head_full_20260724c/shard_0/merged/small/chaoshengmnist_224/convnext/clients_5/beta_0p1/seed_42/avg_head/merged.pt,/data2/liyapeng_grp/program/MedMNISTMerge/outputs/prediction_diagnostics_full_avg_head_full_20260724c/shard_0/merged/small/chaoshengmnist_224/convnext/clients_5/beta_0p1/seed_42/avg_head,2026-07-24T16:45:19
OK,,3.84,merge,small,chaoshengmnist_224,convnext,7,0,42,avg_head,avg_head,,,test,0.1725067385444744,0.14798748669759934,0.5148504199603249,0.11773602519668508,0.10860994515561466,2.084988137353998,1113,8,8,8,6,0.1734052111410602,3,0.3495058400718778,2.0155440414507773,0.1761006289308176,5.299264011924439,7,0.8019306683147244,0.9891374590858562,0.1705834456424079,0.316262353998203,0.09170508392215498,0.206612 0.000000 0.000000 0.550000 0.080000 0.120567 0.212435 0.014286,0.166667 0.000000 0.000000 0.254499 0.044693 0.149123 0.179825 0.074074,0.184502 0.000000 0.000000 0.347979 0.057348 0.133333 0.194774 0.023952,121 121 117 180 100 141 193 140,150 26 0 389 179 114 228 27,0.137846 0.118762 0.067989 0.153525 0.142375 0.123116 0.143784 0.112603,"[[25,1,0,31,30,9,25,0],[22,0,0,52,21,4,22,0],[15,6,0,34,23,13,23,3],[19,4,0,99,17,8,29,4],[10,4,0,28,8,20,25,5],[19,7,0,43,19,17,33,3],[23,1,0,48,35,35,41,10],[17,3,0,54,26,8,30,2]]",/data2/liyapeng_grp/program/MedMNISTMerge/outputs/prediction_diagnostics_full_avg_head_full_20260724c/shard_0/merged/small/chaoshengmnist_224/convnext/clients_7/beta_0/seed_42/avg_head/merged.pt,/data2/liyapeng_grp/program/MedMNISTMerge/outputs/prediction_diagnostics_full_avg_head_full_20260724c/shard_0/merged/small/chaoshengmnist_224/convnext/clients_7/beta_0/seed_42/avg_head,2026-07-24T16:45:23
OK,,3.84,merge,small,chaoshengmnist_224,convnext,7,0.01,42,avg_head,avg_head,,,test,0.16981132075471697,0.15838703276297858,0.5080413721915498,0.11393641888333436,0.11159485512813687,2.0757524707996406,1113,8,8,8,6,0.1734052111410602,5,0.3953279424977538,2.2797927461139897,0.22192273135669363,4.142481068870624,7,0.6834983681162092,0.9926695729979672,0.17486522911051214,0.45462713387241693,0.07315304920077309,0.380165 0.000000 0.025641 0.372222 0.000000 0.411348 0.077720 0.000000,0.142415 0.000000 0.136364 0.362162 0.000000 0.131818 0.120000 0.000000,0.207207 0.000000 0.043165 0.367123 0.000000 0.199656 0.094340 0.000000,121 121 117 180 100 141 193 140,323 3 22 185 0 440 125 15,0.150824 0.105743 0.108156 0.141352 0.092313 0.152229 0.138285 0.111098,"[[46,0,9,10,0,42,13,1],[55,0,4,15,0,29,18,0],[30,1,3,15,0,58,6,4],[49,1,2,67,0,35,23,3],[20,0,0,10,0,52,14,4],[41,1,0,22,0,58,18,1],[46,0,3,18,0,109,15,2],[36,0,1,28,0,57,18,0]]",/data2/liyapeng_grp/program/MedMNISTMerge/outputs/prediction_diagnostics_full_avg_head_full_20260724c/shard_0/merged/small/chaoshengmnist_224/convnext/clients_7/beta_0p01/seed_42/avg_head/merged.pt,/data2/liyapeng_grp/program/MedMNISTMerge/outputs/prediction_diagnostics_full_avg_head_full_20260724c/shard_0/merged/small/chaoshengmnist_224/convnext/clients_7/beta_0p01/seed_42/avg_head,2026-07-24T16:45:27
OK,,3.77,merge,small,chaoshengmnist_224,convnext,7,0.1,42,avg_head,avg_head,,,test,0.1761006289308176,0.18475973467752965,0.5568381465332701,0.10275895382394665,0.10272322944524034,2.14983697635894,1113,8,8,8,6,0.1734052111410602,4,0.738544474393531,4.259067357512953,0.5651392632524708,2.1559854319229492,4,0.369449143259032,0.9633620074035278,0.21477706648697215,0.6783468104222821,0.18313984776926867,0.066116 0.000000 0.000000 0.577778 0.820000 0.014184 0.000000 0.000000,0.142857 0.000000 0.000000 0.488263 0.099757 0.090909 0.000000 0.000000,0.090395 0.000000 0.000000 0.529262 0.177874 0.024540 0.000000 0.000000,121 121 117 180 100 141 193 140,56 0 0 213 822 22 0 0,0.148736 0.118127 0.049801 0.176002 0.204545 0.131417 0.086859 0.084513,"[[8,0,0,8,104,1,0,0],[9,0,0,17,95,0,0,0],[5,0,0,11,99,2,0,0],[6,0,0,104,69,1,0,0],[5,0,0,9,82,4,0,0],[9,0,0,20,110,2,0,0],[10,0,0,15,160,8,0,0],[4,0,0,29,103,4,0,0]]",/data2/liyapeng_grp/program/MedMNISTMerge/outputs/prediction_diagnostics_full_avg_head_full_20260724c/shard_0/merged/small/chaoshengmnist_224/convnext/clients_7/beta_0p1/seed_42/avg_head/merged.pt,/data2/liyapeng_grp/program/MedMNISTMerge/outputs/prediction_diagnostics_full_avg_head_full_20260724c/shard_0/merged/small/chaoshengmnist_224/convnext/clients_7/beta_0p1/seed_42/avg_head,2026-07-24T16:45:31
OK,,3.51,merge,small,chaoshengmnist_224,resnet,3,0,42,avg_head,avg_head,,,test,0.20754716981132076,0.17300969380880638,0.5390860628274714,0.10626457388161767,0.09756945563397176,2.0504952128256964,1113,8,8,8,6,0.1734052111410602,3,0.6226415094339622,3.5906735751295336,0.449236298292902,2.8146368423977037,4,0.4976495970183406,0.9959770009851509,0.15459344115004492,0.531895777178796,0.04776255530901462,0.000000 0.000000 0.000000 0.844444 0.000000 0.156028 0.062176 0.321429,0.000000 0.000000 0.000000 0.219336 0.000000 0.153846 0.200000 0.207373,0.000000 0.000000 0.000000 0.348225 0.000000 0.154930 0.094862 0.252101,121 121 117 180 100 141 193 140,0 0 0 693 0 143 60 217,0.113075 0.116250 0.113569 0.150182 0.098367 0.134220 0.137185 0.137150,"[[0,0,0,72,0,30,0,19],[0,0,0,83,0,32,2,4],[0,0,0,67,0,9,11,30],[0,0,0,152,0,4,17,7],[0,0,0,59,0,10,4,27],[0,0,0,82,0,22,8,29],[0,0,0,97,0,28,12,56],[0,0,0,81,0,8,6,45]]",/data2/liyapeng_grp/program/MedMNISTMerge/outputs/prediction_diagnostics_full_avg_head_full_20260724c/shard_1/merged/small/chaoshengmnist_224/resnet/clients_3/beta_0/seed_42/avg_head/merged.pt,/data2/liyapeng_grp/program/MedMNISTMerge/outputs/prediction_diagnostics_full_avg_head_full_20260724c/shard_1/merged/small/chaoshengmnist_224/resnet/clients_3/beta_0/seed_42/avg_head,2026-07-24T16:32:39
OK,,2.34,merge,small,chaoshengmnist_224,resnet,3,0.01,42,avg_head,avg_head,,,test,0.1778975741239892,0.13097418194330435,0.5698877831421185,0.052196956857558825,0.08207208612888127,2.056394948899371,1113,8,8,8,6,0.1734052111410602,6,0.9622641509433962,5.549222797927461,0.788858939802336,1.2020500252027835,3,0.08849897910738037,0.9896813799805261,0.18512747079964062,0.788858939802336,0.08294890242436434,0.000000 0.033058 0.000000 0.000000 0.000000 0.035461 0.979275 0.000000,0.000000 0.307692 0.000000 0.000000 0.000000 0.172414 0.176471 0.000000,0.000000 0.059701 0.000000 0.000000 0.000000 0.058824 0.299051 0.000000,121 121 117 180 100 141 193 140,0 13 0 0 0 29 1071 0,0.136665 0.120823 0.093305 0.107306 0.109804 0.138281 0.184743 0.109072,"[[0,3,0,0,0,9,109,0],[0,4,0,0,0,3,114,0],[0,0,0,0,0,3,114,0],[0,1,0,0,0,1,178,0],[0,0,0,0,0,2,98,0],[0,5,0,0,0,5,131,0],[0,0,0,0,0,4,189,0],[0,0,0,0,0,2,138,0]]",/data2/liyapeng_grp/program/MedMNISTMerge/outputs/prediction_diagnostics_full_avg_head_full_20260724c/shard_1/merged/small/chaoshengmnist_224/resnet/clients_3/beta_0p01/seed_42/avg_head/merged.pt,/data2/liyapeng_grp/program/MedMNISTMerge/outputs/prediction_diagnostics_full_avg_head_full_20260724c/shard_1/merged/small/chaoshengmnist_224/resnet/clients_3/beta_0p01/seed_42/avg_head,2026-07-24T16:32:43
OK,,2.42,merge,small,chaoshengmnist_224,resnet,3,0.1,42,avg_head,avg_head,,,test,0.1734052111410602,0.125,0.523394317204146,0.036944869831546705,0.021675651392632524,2.1549887164476638,1113,8,8,8,6,0.1734052111410602,6,1.0,5.766839378238342,0.8265947888589398,1.0,1,-0.0,0.9259219328958846,0.3188173854447439,0.8265947888589398,0.19183358706184864,0.000000 0.000000 0.000000 0.000000 0.000000 0.000000 1.000000 0.000000,0.000000 0.000000 0.000000 0.000000 0.000000 0.000000 0.173405 0.000000,0.000000 0.000000 0.000000 0.000000 0.000000 0.000000 0.295559 0.000000,121 121 117 180 100 141 193 140,0 0 0 0 0 0 1113 0,0.155161 0.108345 0.071415 0.086513 0.072116 0.110124 0.318793 0.077532,"[[0,0,0,0,0,0,121,0],[0,0,0,0,0,0,121,0],[0,0,0,0,0,0,117,0],[0,0,0,0,0,0,180,0],[0,0,0,0,0,0,100,0],[0,0,0,0,0,0,141,0],[0,0,0,0,0,0,193,0],[0,0,0,0,0,0,140,0]]",/data2/liyapeng_grp/program/MedMNISTMerge/outputs/prediction_diagnostics_full_avg_head_full_20260724c/shard_1/merged/small/chaoshengmnist_224/resnet/clients_3/beta_0p1/seed_42/avg_head/merged.pt,/data2/liyapeng_grp/program/MedMNISTMerge/outputs/prediction_diagnostics_full_avg_head_full_20260724c/shard_1/merged/small/chaoshengmnist_224/resnet/clients_3/beta_0p1/seed_42/avg_head,2026-07-24T16:32:45
OK,,2.52,merge,small,chaoshengmnist_224,resnet,5,0,42,avg_head,avg_head,,,test,0.10242587601078167,0.09233374888597326,0.48032427872897104,0.04787860007187185,0.05090672483298091,2.0836825443620843,1113,8,8,8,6,0.1734052111410602,5,0.5543575920934412,3.196891191709845,0.38095238095238093,2.3932717380020567,5,0.41966140444854205,0.9981361617100374,0.14282204627133874,0.6648697214734951,0.09941514402522,0.008264 0.000000 0.034188 0.277778 0.000000 0.418440 0.000000 0.000000,0.090909 0.000000 0.108108 0.112613 0.000000 0.095624 0.000000 0.000000,0.015152 0.000000 0.051948 0.160256 0.000000 0.155673 0.000000 0.000000,121 121 117 180 100 141 193 140,11 4 37 444 0 617 0 0,0.126651 0.123529 0.130275 0.139285 0.117552 0.140492 0.115892 0.106324,"[[1,1,0,42,0,77,0,0],[1,0,3,64,0,53,0,0],[1,0,4,47,0,65,0,0],[0,0,13,50,0,117,0,0],[0,0,3,43,0,54,0,0],[3,1,4,74,0,59,0,0],[2,0,5,54,0,132,0,0],[3,2,5,70,0,60,0,0]]",/data2/liyapeng_grp/program/MedMNISTMerge/outputs/prediction_diagnostics_full_avg_head_full_20260724c/shard_1/merged/small/chaoshengmnist_224/resnet/clients_5/beta_0/seed_42/avg_head/merged.pt,/data2/liyapeng_grp/program/MedMNISTMerge/outputs/prediction_diagnostics_full_avg_head_full_20260724c/shard_1/merged/small/chaoshengmnist_224/resnet/clients_5/beta_0/seed_42/avg_head,2026-07-24T16:32:48
OK,,2.55,merge,small,chaoshengmnist_224,resnet,5,0.01,42,avg_head,avg_head,,,test,0.1105121293800539,0.13038602811330086,0.5194186836369421,0.043068910256410256,0.02741415197096579,2.1218360427897576,1113,8,8,8,6,0.1734052111410602,2,0.7574123989218329,4.367875647668394,0.5840071877807727,1.750621956863279,3,0.26928919014665875,0.9843453197215727,0.18362533692722371,0.7852650494159927,0.1575416714348095,0.239669 0.000000 0.803419 0.000000 0.000000 0.000000 0.000000 0.000000,0.107807 0.000000 0.111507 0.000000 0.000000 0.000000 0.000000 0.000000,0.148718 0.000000 0.195833 0.000000 0.000000 0.000000 0.000000 0.000000,121 121 117 180 100 141 193 140,269 0 843 0 0 0 0 1,0.173200 0.097739 0.182118 0.098736 0.096241 0.102720 0.113793 0.135453,"[[29,0,91,0,0,0,0,1],[22,0,99,0,0,0,0,0],[23,0,94,0,0,0,0,0],[39,0,141,0,0,0,0,0],[19,0,81,0,0,0,0,0],[34,0,107,0,0,0,0,0],[58,0,135,0,0,0,0,0],[45,0,95,0,0,0,0,0]]",/data2/liyapeng_grp/program/MedMNISTMerge/outputs/prediction_diagnostics_full_avg_head_full_20260724c/shard_1/merged/small/chaoshengmnist_224/resnet/clients_5/beta_0p01/seed_42/avg_head/merged.pt,/data2/liyapeng_grp/program/MedMNISTMerge/outputs/prediction_diagnostics_full_avg_head_full_20260724c/shard_1/merged/small/chaoshengmnist_224/resnet/clients_5/beta_0p01/seed_42/avg_head,2026-07-24T16:32:50
OK,,2.52,merge,small,chaoshengmnist_224,resnet,5,0.1,42,avg_head,avg_head,,,test,0.18418688230008984,0.1447148421710212,0.583431423342449,0.0659897351540735,0.042825653270487055,2.058456873315364,1113,8,8,8,6,0.1734052111410602,6,0.6253369272237197,3.6062176165803113,0.4519317160826595,1.9374852801873035,2,0.3180617832418273,0.9820725382096919,0.18432726864330637,0.6999101527403414,0.08823598672772902,0.000000 0.000000 0.000000 0.000000 0.000000 0.354610 0.803109 0.000000,0.000000 0.000000 0.000000 0.000000 0.000000 0.119904 0.222701 0.000000,0.000000 0.000000 0.000000 0.000000 0.000000 0.179211 0.348706 0.000000,121 121 117 180 100 141 193 140,0 0 0 0 0 417 696 0,0.132874 0.097337 0.114819 0.128790 0.082780 0.174454 0.180014 0.088931,"[[0,0,0,0,0,52,69,0],[0,0,0,0,0,59,62,0],[0,0,0,0,0,32,85,0],[0,0,0,0,0,112,68,0],[0,0,0,0,0,28,72,0],[0,0,0,0,0,50,91,0],[0,0,0,0,0,38,155,0],[0,0,0,0,0,46,94,0]]",/data2/liyapeng_grp/program/MedMNISTMerge/outputs/prediction_diagnostics_full_avg_head_full_20260724c/shard_1/merged/small/chaoshengmnist_224/resnet/clients_5/beta_0p1/seed_42/avg_head/merged.pt,/data2/liyapeng_grp/program/MedMNISTMerge/outputs/prediction_diagnostics_full_avg_head_full_20260724c/shard_1/merged/small/chaoshengmnist_224/resnet/clients_5/beta_0p1/seed_42/avg_head,2026-07-24T16:32:53
OK,,2.60,merge,small,chaoshengmnist_224,resnet,7,0,42,avg_head,avg_head,,,test,0.16172506738544473,0.125,0.48379019519500516,0.034856700232377996,0.02025202520252025,2.068829669249775,1113,8,8,8,6,0.1734052111410602,3,0.9982030548068284,5.756476683937824,0.8247978436657681,1.0132419270926794,2,0.006326226965654308,0.9971786235599954,0.15401785714285715,0.8364779874213837,0.0626461865608888,0.000000 0.000000 0.000000 1.000000 0.000000 0.000000 0.000000 0.000000,0.000000 0.000000 0.000000 0.162016 0.000000 0.000000 0.000000 0.000000,0.000000 0.000000 0.000000 0.278854 0.000000 0.000000 0.000000 0.000000,121 121 117 180 100 141 193 140,2 0 0 1111 0 0 0 0,0.133397 0.115461 0.119044 0.154005 0.105496 0.116898 0.128266 0.127432,"[[0,0,0,121,0,0,0,0],[0,0,0,121,0,0,0,0],[0,0,0,117,0,0,0,0],[0,0,0,180,0,0,0,0],[0,0,0,100,0,0,0,0],[0,0,0,141,0,0,0,0],[2,0,0,191,0,0,0,0],[0,0,0,140,0,0,0,0]]",/data2/liyapeng_grp/program/MedMNISTMerge/outputs/prediction_diagnostics_full_avg_head_full_20260724c/shard_1/merged/small/chaoshengmnist_224/resnet/clients_7/beta_0/seed_42/avg_head/merged.pt,/data2/liyapeng_grp/program/MedMNISTMerge/outputs/prediction_diagnostics_full_avg_head_full_20260724c/shard_1/merged/small/chaoshengmnist_224/resnet/clients_7/beta_0/seed_42/avg_head,2026-07-24T16:32:55
OK,,2.57,merge,small,chaoshengmnist_224,resnet,7,0.01,42,avg_head,avg_head,,,test,0.1509433962264151,0.11891025641025642,0.5085830896933331,0.041136680644159845,0.0301294343240652,2.0709117742026057,1113,8,8,8,6,0.1734052111410602,3,0.9371069182389937,5.404145077720208,0.7637017070979335,1.264725152607692,2,0.11294129851672287,0.9968050999055454,0.1513715745732255,0.775381850853549,0.07051090562709025,0.000000 0.000000 0.051282 0.900000 0.000000 0.000000 0.000000 0.000000,0.000000 0.000000 0.085714 0.155321 0.000000 0.000000 0.000000 0.000000,0.000000 0.000000 0.064171 0.264922 0.000000 0.000000 0.000000 0.000000,121 121 117 180 100 141 193 140,0 0 70 1043 0 0 0 0,0.126860 0.112117 0.141067 0.151170 0.102866 0.116507 0.125214 0.124200,"[[0,0,2,119,0,0,0,0],[0,0,2,119,0,0,0,0],[0,0,6,111,0,0,0,0],[0,0,18,162,0,0,0,0],[0,0,8,92,0,0,0,0],[0,0,12,129,0,0,0,0],[0,0,14,179,0,0,0,0],[0,0,8,132,0,0,0,0]]",/data2/liyapeng_grp/program/MedMNISTMerge/outputs/prediction_diagnostics_full_avg_head_full_20260724c/shard_1/merged/small/chaoshengmnist_224/resnet/clients_7/beta_0p01/seed_42/avg_head/merged.pt,/data2/liyapeng_grp/program/MedMNISTMerge/outputs/prediction_diagnostics_full_avg_head_full_20260724c/shard_1/merged/small/chaoshengmnist_224/resnet/clients_7/beta_0p01/seed_42/avg_head,2026-07-24T16:32:58
OK,,2.63,merge,small,chaoshengmnist_224,resnet,7,0.1,42,avg_head,avg_head,,,test,0.16172506738544473,0.125,0.6227901223389822,0.03480278422273782,0.02021563342318059,2.071024083277179,1113,8,8,8,6,0.1734052111410602,3,1.0,5.766839378238342,0.8265947888589398,1.0,1,-0.0,0.9860504919301118,0.20139824797843667,0.8382749326145553,0.10160631746685507,0.000000 0.000000 0.000000 1.000000 0.000000 0.000000 0.000000 0.000000,0.000000 0.000000 0.000000 0.161725 0.000000 0.000000 0.000000 0.000000,0.000000 0.000000 0.000000 0.278422 0.000000 0.000000 0.000000 0.000000,121 121 117 180 100 141 193 140,0 0 0 1113 0 0 0 0,0.121718 0.114195 0.102728 0.201399 0.133297 0.114856 0.088316 0.123491,"[[0,0,0,121,0,0,0,0],[0,0,0,121,0,0,0,0],[0,0,0,117,0,0,0,0],[0,0,0,180,0,0,0,0],[0,0,0,100,0,0,0,0],[0,0,0,141,0,0,0,0],[0,0,0,193,0,0,0,0],[0,0,0,140,0,0,0,0]]",/data2/liyapeng_grp/program/MedMNISTMerge/outputs/prediction_diagnostics_full_avg_head_full_20260724c/shard_1/merged/small/chaoshengmnist_224/resnet/clients_7/beta_0p1/seed_42/avg_head/merged.pt,/data2/liyapeng_grp/program/MedMNISTMerge/outputs/prediction_diagnostics_full_avg_head_full_20260724c/shard_1/merged/small/chaoshengmnist_224/resnet/clients_7/beta_0p1/seed_42/avg_head,2026-07-24T16:33:01
OK,,3.92,merge,small,chaoshengmnist_224,swin_tiny,3,0,42,avg_head,avg_head,,,test,0.12578616352201258,0.1462806455227858,0.569331362976323,0.08169048472621934,0.16890452690406343,2.0701624620956873,1113,8,8,8,6,0.1734052111410602,4,0.5606469002695418,3.233160621761658,0.38724168912848156,3.3087393926518835,6,0.5754272215509609,0.9954280965615394,0.15587095687331537,0.5741239892183289,0.09985364793325448,0.016529 0.000000 0.000000 0.016667 0.660000 0.290780 0.036269 0.150000,0.066667 0.000000 0.000000 0.750000 0.105769 0.160156 0.118644 0.150000,0.026490 0.000000 0.000000 0.032609 0.182320 0.206549 0.055556 0.150000,121 121 117 180 100 141 193 140,30 0 0 4 624 256 59 140,0.126898 0.098431 0.105120 0.110562 0.150386 0.138239 0.135000 0.135364,"[[2,0,0,0,73,26,4,16],[3,0,0,0,71,25,2,20],[4,0,0,0,63,28,10,12],[11,0,0,3,67,44,13,42],[3,0,0,1,66,17,11,2],[1,0,0,0,73,41,6,20],[1,0,0,0,146,32,7,7],[5,0,0,0,65,43,6,21]]",/data2/liyapeng_grp/program/MedMNISTMerge/outputs/prediction_diagnostics_full_avg_head_full_20260724c/shard_1/merged/small/chaoshengmnist_224/swin_tiny/clients_3/beta_0/seed_42/avg_head/merged.pt,/data2/liyapeng_grp/program/MedMNISTMerge/outputs/prediction_diagnostics_full_avg_head_full_20260724c/shard_1/merged/small/chaoshengmnist_224/swin_tiny/clients_3/beta_0/seed_42/avg_head,2026-07-24T16:33:03
OK,,3.67,merge,small,chaoshengmnist_224,swin_tiny,3,0.01,42,avg_head,avg_head,,,test,0.1752021563342318,0.12889439105407074,0.560678940894568,0.050777593840841975,0.09777436986355235,2.0685532836365677,1113,8,8,8,6,0.1734052111410602,6,0.9326145552560647,5.378238341968912,0.7592093441150045,1.367479276801695,5,0.15050632338084688,0.987857960891596,0.1849870844564241,0.7592093441150044,0.08831887921743792,0.000000 0.016529 0.000000 0.000000 0.010000 0.000000 0.968912 0.035714,0.000000 0.166667 0.000000 0.000000 0.333333 0.000000 0.180154 0.102041,0.000000 0.030075 0.000000 0.000000 0.019417 0.000000 0.303818 0.052910,121 121 117 180 100 141 193 140,0 12 0 0 3 11 1038 49,0.086632 0.128072 0.103360 0.097251 0.128946 0.134847 0.184504 0.136388,"[[0,0,0,0,0,2,113,6],[0,2,0,0,0,3,111,5],[0,0,0,0,0,0,114,3],[0,3,0,0,0,4,147,26],[0,0,0,0,1,0,98,1],[0,3,0,0,1,0,135,2],[0,4,0,0,0,1,187,1],[0,0,0,0,1,1,133,5]]",/data2/liyapeng_grp/program/MedMNISTMerge/outputs/prediction_diagnostics_full_avg_head_full_20260724c/shard_1/merged/small/chaoshengmnist_224/swin_tiny/clients_3/beta_0p01/seed_42/avg_head/merged.pt,/data2/liyapeng_grp/program/MedMNISTMerge/outputs/prediction_diagnostics_full_avg_head_full_20260724c/shard_1/merged/small/chaoshengmnist_224/swin_tiny/clients_3/beta_0p01/seed_42/avg_head,2026-07-24T16:33:07
OK,,3.75,merge,small,chaoshengmnist_224,swin_tiny,3,0.1,42,avg_head,avg_head,,,test,0.18149146451033243,0.13817961319054964,0.5769614093021083,0.06924399467620321,0.1023740989992879,2.0537591953054806,1113,8,8,8,6,0.1734052111410602,6,0.8068283917340521,4.652849740932642,0.6334231805929919,1.950627223912252,5,0.3213126989878775,0.9945629306651065,0.16632272012578617,0.6397124887690925,0.06835964919207659,0.016529 0.000000 0.000000 0.000000 0.020000 0.021277 0.911917 0.135714,0.066667 0.000000 0.000000 0.000000 0.333333 0.093750 0.195991 0.129252,0.026490 0.000000 0.000000 0.000000 0.037736 0.034682 0.322640 0.132404,121 121 117 180 100 141 193 140,30 0 0 0 6 32 898 147,0.123990 0.103730 0.106473 0.107896 0.121501 0.131429 0.163859 0.141122,"[[2,0,0,0,0,2,96,21],[1,0,0,0,0,3,96,21],[3,0,0,0,0,1,98,15],[17,0,0,0,0,11,114,38],[2,0,0,0,2,1,88,7],[4,0,0,0,2,3,116,16],[0,0,0,0,1,6,176,10],[1,0,0,0,1,5,114,19]]",/data2/liyapeng_grp/program/MedMNISTMerge/outputs/prediction_diagnostics_full_avg_head_full_20260724c/shard_1/merged/small/chaoshengmnist_224/swin_tiny/clients_3/beta_0p1/seed_42/avg_head/merged.pt,/data2/liyapeng_grp/program/MedMNISTMerge/outputs/prediction_diagnostics_full_avg_head_full_20260724c/shard_1/merged/small/chaoshengmnist_224/swin_tiny/clients_3/beta_0p1/seed_42/avg_head,2026-07-24T16:33:11
OK,,3.90,merge,small,chaoshengmnist_224,swin_tiny,5,0,42,avg_head,avg_head,,,test,0.14824797843665768,0.13272705419451794,0.5651283579917437,0.12266614322018857,0.1538081688574468,2.0656104349168913,1113,8,8,8,6,0.1734052111410602,6,0.24618149146451032,1.4196891191709844,0.07277628032345013,6.204120342409652,8,0.8777422236179927,0.9997451632120075,0.14063903863432164,0.2857142857142857,0.09029320063247537,0.099174 0.041322 0.051282 0.261111 0.190000 0.049645 0.326425 0.042857,0.052402 0.200000 0.065217 0.252688 0.085202 0.122807 0.229927 0.222222,0.068571 0.068493 0.057416 0.256831 0.117647 0.070707 0.269807 0.071856,121 121 117 180 100 141 193 140,229 25 92 186 223 57 274 27,0.127755 0.118521 0.126561 0.124499 0.129855 0.122619 0.130124 0.120066,"[[12,3,21,11,22,10,37,5],[28,5,20,23,24,3,15,3],[14,0,6,21,30,3,42,1],[61,6,10,47,18,15,20,3],[20,2,12,14,19,2,30,1],[33,2,5,29,27,7,33,5],[34,3,14,12,57,7,63,3],[27,4,4,29,26,10,34,6]]",/data2/liyapeng_grp/program/MedMNISTMerge/outputs/prediction_diagnostics_full_avg_head_full_20260724c/shard_1/merged/small/chaoshengmnist_224/swin_tiny/clients_5/beta_0/seed_42/avg_head/merged.pt,/data2/liyapeng_grp/program/MedMNISTMerge/outputs/prediction_diagnostics_full_avg_head_full_20260724c/shard_1/merged/small/chaoshengmnist_224/swin_tiny/clients_5/beta_0/seed_42/avg_head,2026-07-24T16:33:15
OK,,3.94,merge,small,chaoshengmnist_224,swin_tiny,5,0.01,42,avg_head,avg_head,,,test,0.11410601976639713,0.13268598825417005,0.5656835011494594,0.043671750005248276,0.19201679806442856,2.0750654551325245,1113,8,8,8,6,0.1734052111410602,2,0.9083557951482479,5.238341968911917,0.7349505840071877,1.5391412037241512,7,0.20737519776952912,0.9973393823644906,0.15873483827493262,0.8032345013477089,0.10014982822757536,0.008264 0.000000 0.982906 0.038889 0.010000 0.000000 0.000000 0.021429,0.019608 0.000000 0.113749 0.777778 0.250000 0.000000 0.000000 0.375000,0.011628 0.000000 0.203901 0.074074 0.019231 0.000000 0.000000 0.040541,121 121 117 180 100 141 193 140,51 0 1011 9 4 26 4 8,0.123998 0.109475 0.158038 0.117045 0.121038 0.126090 0.118586 0.125730,"[[1,0,110,0,0,8,0,2],[2,0,118,0,0,0,0,1],[1,0,115,0,0,0,1,0],[26,0,137,7,0,8,1,1],[7,0,89,0,1,2,1,0],[3,0,136,2,0,0,0,0],[6,0,181,0,1,4,0,1],[5,0,125,0,2,4,1,3]]",/data2/liyapeng_grp/program/MedMNISTMerge/outputs/prediction_diagnostics_full_avg_head_full_20260724c/shard_1/merged/small/chaoshengmnist_224/swin_tiny/clients_5/beta_0p01/seed_42/avg_head/merged.pt,/data2/liyapeng_grp/program/MedMNISTMerge/outputs/prediction_diagnostics_full_avg_head_full_20260724c/shard_1/merged/small/chaoshengmnist_224/swin_tiny/clients_5/beta_0p01/seed_42/avg_head,2026-07-24T16:33:19
OK,,3.93,merge,small,chaoshengmnist_224,swin_tiny,5,0.1,42,avg_head,avg_head,,,test,0.18149146451033243,0.1316759606315609,0.5418373808936717,0.05489572734208564,0.08409725332139126,2.0559079837713385,1113,8,8,8,6,0.1734052111410602,6,0.9433962264150944,5.4404145077720205,0.7699910152740341,1.3224693593360106,5,0.13441143217331875,0.9934876081477263,0.174465128032345,0.7699910152740341,0.05114949263329687,0.000000 0.000000 0.000000 0.072222 0.000000 0.007092 0.974093 0.000000,0.000000 0.000000 0.000000 0.448276 0.000000 0.045455 0.179048 0.000000,0.000000 0.000000 0.000000 0.124402 0.000000 0.012270 0.302494 0.000000,121 121 117 180 100 141 193 140,11 0 0 29 1 22 1050 0,0.121931 0.099866 0.110964 0.134093 0.118016 0.130019 0.173994 0.111118,"[[0,0,0,2,0,4,115,0],[1,0,0,1,0,0,119,0],[0,0,0,2,0,1,114,0],[10,0,0,13,0,12,145,0],[0,0,0,1,0,0,99,0],[0,0,0,4,0,1,136,0],[0,0,0,3,0,2,188,0],[0,0,0,3,1,2,134,0]]",/data2/liyapeng_grp/program/MedMNISTMerge/outputs/prediction_diagnostics_full_avg_head_full_20260724c/shard_1/merged/small/chaoshengmnist_224/swin_tiny/clients_5/beta_0p1/seed_42/avg_head/merged.pt,/data2/liyapeng_grp/program/MedMNISTMerge/outputs/prediction_diagnostics_full_avg_head_full_20260724c/shard_1/merged/small/chaoshengmnist_224/swin_tiny/clients_5/beta_0p1/seed_42/avg_head,2026-07-24T16:33:23
OK,,4.19,merge,small,chaoshengmnist_224,swin_tiny,7,0,42,avg_head,avg_head,,,test,0.19946091644204852,0.16016982429616097,0.5452352055916283,0.12369621593115232,0.11816721990086174,2.0652024371069184,1113,8,8,8,6,0.1734052111410602,6,0.4420485175202156,2.5492227979274613,0.26864330637915546,4.270062263468925,8,0.6980857021689587,0.9992386860112342,0.14080048292902067,0.39442946990116806,0.06959491175905277,0.000000 0.000000 0.000000 0.383333 0.030000 0.191489 0.533679 0.142857,0.000000 0.000000 0.000000 0.264368 0.130435 0.135000 0.209350 0.206186,0.000000 0.000000 0.000000 0.312925 0.048780 0.158358 0.300730 0.168776,121 121 117 180 100 141 193 140,27 4 9 261 23 200 492 97,0.117754 0.113467 0.120461 0.129883 0.123405 0.131157 0.135652 0.128221,"[[0,1,3,15,1,25,65,11],[1,0,2,27,2,22,46,21],[1,0,0,31,0,16,64,5],[18,1,0,69,2,46,37,7],[4,1,1,17,3,9,59,6],[0,0,0,41,2,27,61,10],[1,1,1,31,7,32,103,17],[2,0,2,30,6,23,57,20]]",/data2/liyapeng_grp/program/MedMNISTMerge/outputs/prediction_diagnostics_full_avg_head_full_20260724c/shard_1/merged/small/chaoshengmnist_224/swin_tiny/clients_7/beta_0/seed_42/avg_head/merged.pt,/data2/liyapeng_grp/program/MedMNISTMerge/outputs/prediction_diagnostics_full_avg_head_full_20260724c/shard_1/merged/small/chaoshengmnist_224/swin_tiny/clients_7/beta_0/seed_42/avg_head,2026-07-24T16:33:26
OK,,4.19,merge,small,chaoshengmnist_224,swin_tiny,7,0.01,42,avg_head,avg_head,,,test,0.17430368373764601,0.14773815946883717,0.5463238357319209,0.11492974249662044,0.19851149927624942,2.0663325471698113,1113,8,8,8,6,0.1734052111410602,3,0.5202156334231806,3.0,0.34681042228212033,3.7792013494299725,8,0.6393604616624364,0.9986969149676939,0.14414869721473494,0.43575920934411494,0.07582936779499155,0.099174 0.000000 0.213675 0.522222 0.010000 0.014184 0.279793 0.042857,0.104348 0.000000 0.123153 0.162349 0.333333 0.100000 0.303371 0.461538,0.101695 0.000000 0.156250 0.247694 0.019417 0.024845 0.291105 0.078431,121 121 117 180 100 141 193 140,115 2 203 579 3 20 178 13,0.128870 0.108564 0.133726 0.139395 0.116917 0.123587 0.128720 0.120221,"[[12,0,34,50,0,0,22,3],[12,0,34,65,0,2,7,1],[0,0,25,61,0,1,29,1],[50,2,26,94,0,2,6,0],[12,0,16,51,1,1,19,0],[9,0,22,89,0,2,19,0],[11,0,35,87,0,4,54,2],[9,0,11,82,2,8,22,6]]",/data2/liyapeng_grp/program/MedMNISTMerge/outputs/prediction_diagnostics_full_avg_head_full_20260724c/shard_1/merged/small/chaoshengmnist_224/swin_tiny/clients_7/beta_0p01/seed_42/avg_head/merged.pt,/data2/liyapeng_grp/program/MedMNISTMerge/outputs/prediction_diagnostics_full_avg_head_full_20260724c/shard_1/merged/small/chaoshengmnist_224/swin_tiny/clients_7/beta_0p01/seed_42/avg_head,2026-07-24T16:33:31
OK,,4.05,merge,small,chaoshengmnist_224,swin_tiny,7,0.1,42,avg_head,avg_head,,,test,0.17430368373764601,0.14588767266475197,0.5770641200452503,0.07544995843775844,0.10741785768300062,2.0692894345238093,1113,8,8,8,6,0.1734052111410602,3,0.8337825696316262,4.808290155440415,0.660377358490566,1.8553790093745663,6,0.29723797496716475,0.9969782602596975,0.15345631176999103,0.6846361185983827,0.09048952432763546,0.016529 0.115702 0.000000 0.927778 0.100000 0.007092 0.000000 0.000000,0.133333 0.291667 0.000000 0.179957 0.087719 0.166667 0.000000 0.000000,0.029412 0.165680 0.000000 0.301444 0.093458 0.013605 0.000000 0.000000,121 121 117 180 100 141 193 140,15 48 0 928 114 6 0 2,0.126105 0.130571 0.110014 0.152293 0.136199 0.124887 0.112600 0.107331,"[[2,12,0,82,22,2,0,1],[1,14,0,86,20,0,0,0],[0,0,0,98,18,1,0,0],[4,5,0,167,4,0,0,0],[2,3,0,85,10,0,0,0],[1,3,0,127,9,1,0,0],[4,5,0,162,19,2,0,1],[1,6,0,121,12,0,0,0]]",/data2/liyapeng_grp/program/MedMNISTMerge/outputs/prediction_diagnostics_full_avg_head_full_20260724c/shard_1/merged/small/chaoshengmnist_224/swin_tiny/clients_7/beta_0p1/seed_42/avg_head/merged.pt,/data2/liyapeng_grp/program/MedMNISTMerge/outputs/prediction_diagnostics_full_avg_head_full_20260724c/shard_1/merged/small/chaoshengmnist_224/swin_tiny/clients_7/beta_0p1/seed_42/avg_head,2026-07-24T16:33:35
OK,,2.28,merge,small,chaoshengmnist_224,vit_t,3,0,42,avg_head,avg_head,,,test,0.12309074573225516,0.12007875313175169,0.5456551599649334,0.051254974403396644,0.1725339524428477,2.207781000814241,1113,8,8,8,6,0.1734052111410602,5,0.8544474393530997,4.927461139896373,0.6810422282120395,1.7759894107194525,8,0.2762076598967426,0.9245070333037598,0.31758198562443846,0.7277628032345014,0.22607845303365348,0.000000 0.000000 0.059829 0.011111 0.010000 0.822695 0.056995 0.000000,0.000000 0.000000 0.086420 0.666667 0.333333 0.121977 0.171875 0.000000,0.000000 0.000000 0.070707 0.021858 0.019417 0.212454 0.085603 0.000000,121 121 117 180 100 141 193 140,2 1 81 3 3 951 64 8,0.052832 0.066545 0.148628 0.095272 0.074579 0.309257 0.128841 0.124047,"[[0,1,8,0,0,107,2,3],[1,0,16,0,0,92,11,1],[0,0,7,0,0,99,8,3],[0,0,0,2,0,178,0,0],[0,0,13,0,1,72,14,0],[0,0,14,1,1,116,9,0],[0,0,13,0,0,168,11,1],[1,0,10,0,1,119,9,0]]",/data2/liyapeng_grp/program/MedMNISTMerge/outputs/prediction_diagnostics_full_avg_head_full_20260724c/shard_1/merged/small/chaoshengmnist_224/vit_t/clients_3/beta_0/seed_42/avg_head/merged.pt,/data2/liyapeng_grp/program/MedMNISTMerge/outputs/prediction_diagnostics_full_avg_head_full_20260724c/shard_1/merged/small/chaoshengmnist_224/vit_t/clients_3/beta_0/seed_42/avg_head,2026-07-24T16:33:39
OK,,2.30,merge,small,chaoshengmnist_224,vit_t,3,0.01,42,avg_head,avg_head,,,test,0.14465408805031446,0.11482050303607014,0.5429154287313067,0.06733902882811628,0.1578521936404102,2.2433211197214735,1113,8,8,8,6,0.1734052111410602,6,0.6648697214734951,3.83419689119171,0.4914645103324349,2.298024638470787,5,0.4001314220157177,0.8911182813711511,0.32388533243486073,0.6469002695417789,0.266135861855731,0.000000 0.033058 0.017094 0.033333 0.000000 0.234043 0.601036 0.000000,0.000000 0.108108 0.142857 0.750000 0.000000 0.105096 0.156757 0.000000,0.000000 0.050633 0.030534 0.063830 0.000000 0.145055 0.248660 0.000000,121 121 117 180 100 141 193 140,0 37 14 8 0 314 740 0,0.058305 0.139425 0.112076 0.070691 0.048729 0.231109 0.297451 0.042213,"[[0,5,3,0,0,22,91,0],[0,4,0,0,0,25,92,0],[0,6,2,0,0,18,91,0],[0,2,1,6,0,90,81,0],[0,4,1,0,0,20,75,0],[0,6,1,1,0,33,100,0],[0,5,4,0,0,68,116,0],[0,5,2,1,0,38,94,0]]",/data2/liyapeng_grp/program/MedMNISTMerge/outputs/prediction_diagnostics_full_avg_head_full_20260724c/shard_1/merged/small/chaoshengmnist_224/vit_t/clients_3/beta_0p01/seed_42/avg_head/merged.pt,/data2/liyapeng_grp/program/MedMNISTMerge/outputs/prediction_diagnostics_full_avg_head_full_20260724c/shard_1/merged/small/chaoshengmnist_224/vit_t/clients_3/beta_0p01/seed_42/avg_head,2026-07-24T16:33:41
OK,,2.29,merge,small,chaoshengmnist_224,vit_t,3,0.1,42,avg_head,avg_head,,,test,0.16801437556154536,0.12421912321317018,0.513346483883492,0.05005685510071475,0.03995996131092966,2.627598902178796,1113,8,8,8,6,0.1734052111410602,6,0.9182389937106918,5.295336787564767,0.7448337825696316,1.3496070394088207,4,0.14417980123460591,0.722709774490235,0.5088162623539982,0.7448337825696316,0.4082368694204267,0.000000 0.000000 0.000000 0.000000 0.000000 0.092199 0.901554 0.000000,0.000000 0.000000 0.000000 0.000000 0.000000 0.149425 0.170254 0.000000,0.000000 0.000000 0.000000 0.000000 0.000000 0.114035 0.286420 0.000000,121 121 117 180 100 141 193 140,0 0 1 0 0 87 1022 3,0.019569 0.019146 0.076595 0.034901 0.042279 0.208237 0.500090 0.099183,"[[0,0,0,0,0,2,118,1],[0,0,0,0,0,5,116,0],[0,0,0,0,0,5,112,0],[0,0,0,0,0,29,150,1],[0,0,1,0,0,3,96,0],[0,0,0,0,0,13,128,0],[0,0,0,0,0,18,174,1],[0,0,0,0,0,12,128,0]]",/data2/liyapeng_grp/program/MedMNISTMerge/outputs/prediction_diagnostics_full_avg_head_full_20260724c/shard_1/merged/small/chaoshengmnist_224/vit_t/clients_3/beta_0p1/seed_42/avg_head/merged.pt,/data2/liyapeng_grp/program/MedMNISTMerge/outputs/prediction_diagnostics_full_avg_head_full_20260724c/shard_1/merged/small/chaoshengmnist_224/vit_t/clients_3/beta_0p1/seed_42/avg_head,2026-07-24T16:33:44
OK,,2.29,merge,small,chaoshengmnist_224,vit_t,5,0,42,avg_head,avg_head,,,test,0.13836477987421383,0.13510865611929443,0.5588058160258886,0.05620974768793756,0.10680355427473584,2.164677128958895,1113,8,8,8,6,0.1734052111410602,5,0.9353099730458221,5.393782383419689,0.7619047619047619,1.34822218254367,5,0.14368608915653436,0.945774449169422,0.2919614779874214,0.8086253369272236,0.20615418631720375,0.000000 0.000000 0.059829 0.077778 0.000000 0.943262 0.000000 0.000000,0.000000 0.000000 0.166667 0.560000 0.000000 0.127762 0.000000 0.000000,0.000000 0.000000 0.088050 0.136585 0.000000 0.225042 0.000000 0.000000,121 121 117 180 100 141 193 140,2 3 42 25 0 1041 0 0,0.095559 0.120408 0.136876 0.119215 0.087284 0.289392 0.069084 0.082182,"[[0,1,8,1,0,111,0,0],[1,0,7,1,0,112,0,0],[0,1,7,4,0,105,0,0],[0,0,0,14,0,166,0,0],[0,1,3,0,0,96,0,0],[0,0,6,2,0,133,0,0],[0,0,4,0,0,189,0,0],[1,0,7,3,0,129,0,0]]",/data2/liyapeng_grp/program/MedMNISTMerge/outputs/prediction_diagnostics_full_avg_head_full_20260724c/shard_1/merged/small/chaoshengmnist_224/vit_t/clients_5/beta_0/seed_42/avg_head/merged.pt,/data2/liyapeng_grp/program/MedMNISTMerge/outputs/prediction_diagnostics_full_avg_head_full_20260724c/shard_1/merged/small/chaoshengmnist_224/vit_t/clients_5/beta_0/seed_42/avg_head,2026-07-24T16:33:46
OK,,2.29,merge,small,chaoshengmnist_224,vit_t,5,0.01,42,avg_head,avg_head,,,test,0.1105121293800539,0.12977359519912712,0.5457961467254964,0.03491547007078014,0.02754104468784746,2.447597068382188,1113,8,8,8,6,0.1734052111410602,2,0.9263252470799641,5.341968911917099,0.7529200359389039,1.3008817588455377,2,0.12649661233794496,0.808042616101653,0.43848270440251574,0.821203953279425,0.4098966798511077,0.000000 0.000000 0.974359 0.000000 0.000000 0.063830 0.000000 0.000000,0.000000 0.000000 0.110572 0.000000 0.000000 0.109756 0.000000 0.000000,0.000000 0.000000 0.198606 0.000000 0.000000 0.080717 0.000000 0.000000,121 121 117 180 100 141 193 140,0 0 1031 0 0 82 0 0,0.041588 0.053257 0.432934 0.075475 0.035735 0.208769 0.059176 0.093066,"[[0,0,118,0,0,3,0,0],[0,0,118,0,0,3,0,0],[0,0,114,0,0,3,0,0],[0,0,135,0,0,45,0,0],[0,0,99,0,0,1,0,0],[0,0,132,0,0,9,0,0],[0,0,183,0,0,10,0,0],[0,0,132,0,0,8,0,0]]",/data2/liyapeng_grp/program/MedMNISTMerge/outputs/prediction_diagnostics_full_avg_head_full_20260724c/shard_1/merged/small/chaoshengmnist_224/vit_t/clients_5/beta_0p01/seed_42/avg_head/merged.pt,/data2/liyapeng_grp/program/MedMNISTMerge/outputs/prediction_diagnostics_full_avg_head_full_20260724c/shard_1/merged/small/chaoshengmnist_224/vit_t/clients_5/beta_0p01/seed_42/avg_head,2026-07-24T16:33:48
OK,,2.31,merge,small,chaoshengmnist_224,vit_t,5,0.1,42,avg_head,avg_head,,,test,0.1509433962264151,0.12006387106449994,0.5562796812256512,0.07938518286365441,0.10494888196232448,2.1115878397349506,1113,8,8,8,6,0.1734052111410602,6,0.6442048517520216,3.7150259067357516,0.47079964061096136,2.3560549174485925,4,0.41212438914658256,0.9295503643815096,0.28318733153638814,0.6352201257861636,0.18313041083120934,0.016529 0.000000 0.000000 0.138889 0.000000 0.276596 0.528497 0.000000,0.105263 0.000000 0.000000 0.471698 0.000000 0.120370 0.142259 0.000000,0.028571 0.000000 0.000000 0.214592 0.000000 0.167742 0.224176 0.000000,121 121 117 180 100 141 193 140,19 0 0 53 0 324 717 0,0.110868 0.070899 0.071855 0.131538 0.065747 0.219575 0.261492 0.068026,"[[2,0,0,1,0,23,95,0],[2,0,0,0,0,16,103,0],[1,0,0,3,0,31,82,0],[0,0,0,25,0,62,93,0],[7,0,0,2,0,22,69,0],[3,0,0,6,0,39,93,0],[1,0,0,10,0,80,102,0],[3,0,0,6,0,51,80,0]]",/data2/liyapeng_grp/program/MedMNISTMerge/outputs/prediction_diagnostics_full_avg_head_full_20260724c/shard_1/merged/small/chaoshengmnist_224/vit_t/clients_5/beta_0p1/seed_42/avg_head/merged.pt,/data2/liyapeng_grp/program/MedMNISTMerge/outputs/prediction_diagnostics_full_avg_head_full_20260724c/shard_1/merged/small/chaoshengmnist_224/vit_t/clients_5/beta_0p1/seed_42/avg_head,2026-07-24T16:33:50
OK,,2.36,merge,small,chaoshengmnist_224,vit_t,7,0,42,avg_head,avg_head,,,test,0.13926325247079965,0.13396023302938195,0.5282228082595442,0.049295465959188184,0.06837063595538172,2.1531027136680145,1113,8,8,8,6,0.1734052111410602,5,0.9344115004492363,5.38860103626943,0.761006289308176,1.3292047121863149,5,0.13685443755815477,0.9394804316525927,0.2772630278526505,0.8077268643306379,0.15473370059524677,0.000000 0.000000 0.000000 0.100000 0.000000 0.964539 0.000000 0.007143,0.000000 0.000000 0.000000 0.305085 0.000000 0.130769 0.000000 0.111111,0.000000 0.000000 0.000000 0.150628 0.000000 0.230313 0.000000 0.013423,121 121 117 180 100 141 193 140,4 0 1 59 0 1040 0 9,0.105975 0.065241 0.099537 0.166882 0.049010 0.275162 0.111306 0.126885,"[[0,0,1,3,0,115,0,2],[1,0,0,4,0,113,0,3],[0,0,0,9,0,106,0,2],[0,0,0,18,0,162,0,0],[2,0,0,4,0,93,0,1],[0,0,0,5,0,136,0,0],[0,0,0,7,0,186,0,0],[1,0,0,9,0,129,0,1]]",/data2/liyapeng_grp/program/MedMNISTMerge/outputs/prediction_diagnostics_full_avg_head_full_20260724c/shard_1/merged/small/chaoshengmnist_224/vit_t/clients_7/beta_0/seed_42/avg_head/merged.pt,/data2/liyapeng_grp/program/MedMNISTMerge/outputs/prediction_diagnostics_full_avg_head_full_20260724c/shard_1/merged/small/chaoshengmnist_224/vit_t/clients_7/beta_0/seed_42/avg_head,2026-07-24T16:33:53
OK,,2.37,merge,small,chaoshengmnist_224,vit_t,7,0.01,42,avg_head,avg_head,,,test,0.12668463611859837,0.12480645831709662,0.528012549007525,0.04000871570858053,0.09587346258077964,2.1599158383872417,1113,8,8,8,6,0.1734052111410602,5,0.9577717879604672,5.523316062176166,0.784366576819407,1.2508563838631201,5,0.10763871902124389,0.9447655806615267,0.275339734950584,0.8310871518418689,0.18764617098062267,0.000000 0.000000 0.017094 0.016667 0.000000 0.943262 0.000000 0.021429,0.000000 0.000000 0.222222 0.300000 0.000000 0.124765 0.000000 0.120000,0.000000 0.000000 0.031746 0.031579 0.000000 0.220381 0.000000 0.036364,121 121 117 180 100 141 193 140,3 0 9 10 0 1066 0 25,0.096902 0.065407 0.129777 0.133444 0.055100 0.274152 0.103909 0.141309,"[[0,0,2,0,0,115,0,4],[1,0,1,2,0,113,0,4],[0,0,2,0,0,108,0,7],[0,0,0,3,0,177,0,0],[2,0,0,2,0,94,0,2],[0,0,3,1,0,133,0,4],[0,0,0,0,0,192,0,1],[0,0,1,2,0,134,0,3]]",/data2/liyapeng_grp/program/MedMNISTMerge/outputs/prediction_diagnostics_full_avg_head_full_20260724c/shard_1/merged/small/chaoshengmnist_224/vit_t/clients_7/beta_0p01/seed_42/avg_head/merged.pt,/data2/liyapeng_grp/program/MedMNISTMerge/outputs/prediction_diagnostics_full_avg_head_full_20260724c/shard_1/merged/small/chaoshengmnist_224/vit_t/clients_7/beta_0p01/seed_42/avg_head,2026-07-24T16:33:55
OK,,2.35,merge,small,chaoshengmnist_224,vit_t,7,0.1,42,avg_head,avg_head,,,test,0.16711590296495957,0.1606341216810269,0.5433299957068285,0.09432098739932426,0.14599778644625908,2.332432228492812,1113,8,8,8,6,0.1734052111410602,5,0.766397124887691,4.419689119170985,0.5929919137466307,2.0241206640132985,4,0.33909843201744977,0.9053578183856033,0.2752555031446541,0.6397124887690926,0.27804975809169286,0.008264 0.000000 0.000000 0.316667 0.180000 0.780142 0.000000 0.000000,0.500000 0.000000 0.000000 0.343373 0.195652 0.128957 0.000000 0.000000,0.016260 0.000000 0.000000 0.329480 0.187500 0.221328 0.000000 0.000000,121 121 117 180 100 141 193 140,2 0 0 166 92 853 0 0,0.087180 0.059168 0.054327 0.200813 0.189099 0.266394 0.032434 0.110585,"[[1,0,0,6,13,101,0,0],[1,0,0,15,6,99,0,0],[0,0,0,22,12,83,0,0],[0,0,0,57,12,111,0,0],[0,0,0,9,18,73,0,0],[0,0,0,15,16,110,0,0],[0,0,0,24,9,160,0,0],[0,0,0,18,6,116,0,0]]",/data2/liyapeng_grp/program/MedMNISTMerge/outputs/prediction_diagnostics_full_avg_head_full_20260724c/shard_1/merged/small/chaoshengmnist_224/vit_t/clients_7/beta_0p1/seed_42/avg_head/merged.pt,/data2/liyapeng_grp/program/MedMNISTMerge/outputs/prediction_diagnostics_full_avg_head_full_20260724c/shard_1/merged/small/chaoshengmnist_224/vit_t/clients_7/beta_0p1/seed_42/avg_head,2026-07-24T16:33:58
OK,,15.65,merge,small,dermamnist_224,convnext,3,0,42,avg_head,avg_head,,,test,0.6374064837905237,0.15010207453551722,0.5507186423639405,0.13682807043706566,0.14364597251687777,1.4595966139339152,2005,7,7,7,5,0.6688279301745635,5,0.9132169576059851,1.365398956002983,0.24438902743142155,1.472410123443362,5,0.1988275759586478,0.924125623909911,0.3108167082294264,0.2443890274314215,0.3618321756918062,0.015152 0.000000 0.077273 0.000000 0.022422 0.935869 0.000000,0.031250 0.000000 0.186813 0.000000 0.102041 0.685418 0.000000,0.020408 0.000000 0.109325 0.000000 0.036765 0.791299 0.000000,66 103 220 23 223 1341 29,32 0 91 2 49 1831 0,0.155683 0.074188 0.167598 0.117955 0.137535 0.306996 0.040046,"[[1,0,3,0,4,58,0],[1,0,11,0,2,89,0],[6,0,17,1,8,188,0],[0,0,0,0,0,23,0],[9,0,14,0,5,195,0],[15,0,41,1,29,1255,0],[0,0,5,0,1,23,0]]",/data2/liyapeng_grp/program/MedMNISTMerge/outputs/prediction_diagnostics_full_avg_head_full_20260724c/shard_1/merged/small/dermamnist_224/convnext/clients_3/beta_0/seed_42/avg_head/merged.pt,/data2/liyapeng_grp/program/MedMNISTMerge/outputs/prediction_diagnostics_full_avg_head_full_20260724c/shard_1/merged/small/dermamnist_224/convnext/clients_3/beta_0/seed_42/avg_head,2026-07-24T16:34:00
OK,,15.68,merge,small,dermamnist_224,convnext,3,0.01,42,avg_head,avg_head,,,test,0.22942643391521197,0.16839189308265662,0.5586654444601836,0.101196173384993,0.14262208411094204,1.6800598601153367,2005,7,7,7,5,0.6688279301745635,2,0.4463840399002494,0.6674123788217748,-0.22244389027431416,2.7803038338593122,3,0.5254919991974457,0.843466014371804,0.3276496259351621,0.6164588528678303,0.49006273575818343,0.000000 0.000000 0.427273 0.000000 0.573991 0.177479 0.000000,0.000000 0.000000 0.105028 0.000000 0.163265 0.730061 0.000000,0.000000 0.000000 0.168610 0.000000 0.254220 0.285543 0.000000,66 103 220 23 223 1341 29,0 0 895 0 784 326 0,0.047706 0.018386 0.286264 0.100481 0.286905 0.211751 0.048508,"[[0,0,25,0,25,16,0],[0,0,55,0,37,11,0],[0,0,94,0,91,35,0],[0,0,11,0,9,3,0],[0,0,73,0,128,22,0],[0,0,617,0,486,238,0],[0,0,20,0,8,1,0]]",/data2/liyapeng_grp/program/MedMNISTMerge/outputs/prediction_diagnostics_full_avg_head_full_20260724c/shard_1/merged/small/dermamnist_224/convnext/clients_3/beta_0p01/seed_42/avg_head/merged.pt,/data2/liyapeng_grp/program/MedMNISTMerge/outputs/prediction_diagnostics_full_avg_head_full_20260724c/shard_1/merged/small/dermamnist_224/convnext/clients_3/beta_0p01/seed_42/avg_head,2026-07-24T16:34:16
OK,,15.64,merge,small,dermamnist_224,convnext,3,0.1,42,avg_head,avg_head,,,test,0.6688279301745635,0.14339996319862092,0.5442332930018942,0.11581202158527915,0.1670472384758099,1.1778714225179239,2005,7,7,7,5,0.6688279301745635,5,0.9985037406483791,1.492915734526473,0.32967581047381556,1.0122548610375732,3,0.006259476129979937,0.7369575351213861,0.5392300498753118,0.3296758104738155,0.1296141479648804,0.000000 0.000000 0.004545 0.000000 0.000000 0.999254 0.000000,0.000000 0.000000 0.500000 0.000000 0.000000 0.669331 0.000000,0.000000 0.000000 0.009009 0.000000 0.000000 0.801675 0.000000,66 103 220 23 223 1341 29,0 0 2 0 1 2002 0,0.042637 0.060770 0.151342 0.048555 0.130231 0.539214 0.027252,"[[0,0,0,0,0,66,0],[0,0,0,0,0,103,0],[0,0,1,0,0,219,0],[0,0,0,0,0,23,0],[0,0,0,0,0,223,0],[0,0,1,0,0,1340,0],[0,0,0,0,1,28,0]]",/data2/liyapeng_grp/program/MedMNISTMerge/outputs/prediction_diagnostics_full_avg_head_full_20260724c/shard_1/merged/small/dermamnist_224/convnext/clients_3/beta_0p1/seed_42/avg_head/merged.pt,/data2/liyapeng_grp/program/MedMNISTMerge/outputs/prediction_diagnostics_full_avg_head_full_20260724c/shard_1/merged/small/dermamnist_224/convnext/clients_3/beta_0p1/seed_42/avg_head,2026-07-24T16:34:31
OK,,15.94,merge,small,dermamnist_224,convnext,5,0,42,avg_head,avg_head,,,test,0.6503740648379053,0.16414904454300125,0.5315374737510463,0.15353039492067946,0.20038155449095527,1.506120441084788,2005,7,7,7,5,0.6688279301745635,5,0.9072319201995013,1.3564504101416854,0.23840399002493773,1.4385875987354289,4,0.18688519519789246,0.9481194678447575,0.27963684538653366,0.2384039900249377,0.3934078459926199,0.030303 0.000000 0.150000 0.000000 0.026906 0.941834 0.000000,0.117647 0.000000 0.215686 0.000000 0.375000 0.694338 0.000000,0.048193 0.000000 0.176944 0.000000 0.050209 0.799367 0.000000,66 103 220 23 223 1341 29,17 0 153 0 16 1819 0,0.151645 0.083538 0.180227 0.096356 0.145466 0.275420 0.067348,"[[2,0,12,0,2,50,0],[0,0,15,0,0,88,0],[2,0,33,0,1,184,0],[0,0,2,0,0,21,0],[5,0,25,0,6,187,0],[7,0,64,0,7,1263,0],[1,0,2,0,0,26,0]]",/data2/liyapeng_grp/program/MedMNISTMerge/outputs/prediction_diagnostics_full_avg_head_full_20260724c/shard_1/merged/small/dermamnist_224/convnext/clients_5/beta_0/seed_42/avg_head/merged.pt,/data2/liyapeng_grp/program/MedMNISTMerge/outputs/prediction_diagnostics_full_avg_head_full_20260724c/shard_1/merged/small/dermamnist_224/convnext/clients_5/beta_0/seed_42/avg_head,2026-07-24T16:34:47
OK,,15.98,merge,small,dermamnist_224,convnext,5,0.01,42,avg_head,avg_head,,,test,0.628927680798005,0.16421776158586582,0.5276006809611448,0.15951973687550042,0.24096400464947884,1.5127737297381547,2005,7,7,7,5,0.6688279301745635,5,0.8798004987531172,1.3154362416107384,0.21097256857855362,1.598775732894122,6,0.2411407174389447,0.9471964328856426,0.27937188279301745,0.21097256857855362,0.39481844821995854,0.030303 0.000000 0.068182 0.000000 0.147982 0.903057 0.000000,0.500000 0.000000 0.306122 0.000000 0.194118 0.686508 0.000000,0.057143 0.000000 0.111524 0.000000 0.167939 0.780032 0.000000,66 103 220 23 223 1341 29,4 0 49 17 170 1764 1,0.092781 0.073545 0.161153 0.137250 0.184176 0.274009 0.077084,"[[2,0,2,7,5,50,0],[0,0,5,0,6,92,0],[1,0,15,3,15,186,0],[0,0,1,0,1,21,0],[1,0,9,2,33,178,0],[0,0,17,5,107,1211,1],[0,0,0,0,3,26,0]]",/data2/liyapeng_grp/program/MedMNISTMerge/outputs/prediction_diagnostics_full_avg_head_full_20260724c/shard_1/merged/small/dermamnist_224/convnext/clients_5/beta_0p01/seed_42/avg_head/merged.pt,/data2/liyapeng_grp/program/MedMNISTMerge/outputs/prediction_diagnostics_full_avg_head_full_20260724c/shard_1/merged/small/dermamnist_224/convnext/clients_5/beta_0p01/seed_42/avg_head,2026-07-24T16:35:03
OK,,15.84,merge,small,dermamnist_224,convnext,5,0.1,42,avg_head,avg_head,,,test,0.228927680798005,0.16052110995981944,0.5410832206267299,0.07426061191909812,0.12734631499667293,1.4764530324579177,2005,7,7,7,5,0.6688279301745635,4,0.8369077306733167,1.2513049962714393,0.16807980049875315,1.5654102463641457,3,0.23030247728000297,0.7869232951667173,0.41698877805486284,0.7256857855361596,0.39480162788124595,0.000000 0.000000 0.000000 0.000000 0.937220 0.186428 0.000000,0.000000 0.000000 0.000000 0.000000 0.124553 0.766871 0.000000,0.000000 0.000000 0.000000 0.000000 0.219884 0.299940 0.000000,66 103 220 23 223 1341 29,0 0 0 0 1678 326 1,0.054815 0.066514 0.075066 0.041821 0.409645 0.308686 0.043453,"[[0,0,0,0,56,10,0],[0,0,0,0,88,15,0],[0,0,0,0,192,28,0],[0,0,0,0,20,3,0],[0,0,0,0,209,14,0],[0,0,0,0,1090,250,1],[0,0,0,0,23,6,0]]",/data2/liyapeng_grp/program/MedMNISTMerge/outputs/prediction_diagnostics_full_avg_head_full_20260724c/shard_1/merged/small/dermamnist_224/convnext/clients_5/beta_0p1/seed_42/avg_head/merged.pt,/data2/liyapeng_grp/program/MedMNISTMerge/outputs/prediction_diagnostics_full_avg_head_full_20260724c/shard_1/merged/small/dermamnist_224/convnext/clients_5/beta_0p1/seed_42/avg_head,2026-07-24T16:35:19
OK,,16.05,merge,small,dermamnist_224,convnext,7,0,42,avg_head,avg_head,,,test,0.6249376558603491,0.16086980888949168,0.4938929606456965,0.15108588087702216,0.177918597441924,1.5665630844763092,2005,7,7,7,5,0.6688279301745635,5,0.8678304239401496,1.2975391498881432,0.1990024937655861,1.603917711516877,6,0.24279086385918397,0.9573140554912625,0.25356140897755614,0.19900249376558607,0.4192826602024777,0.030303 0.000000 0.159091 0.000000 0.035874 0.900820 0.000000,0.153846 0.000000 0.162037 0.000000 0.235294 0.694253 0.000000,0.050633 0.000000 0.160550 0.000000 0.062257 0.784161 0.000000,66 103 220 23 223 1341 29,13 0 216 1 34 1740 1,0.131790 0.086304 0.196190 0.090593 0.164120 0.249545 0.081458,"[[2,0,13,0,2,49,0],[0,0,19,0,0,84,0],[2,0,35,0,5,178,0],[0,0,3,0,0,20,0],[3,0,35,0,8,177,0],[5,0,107,1,19,1208,1],[1,0,4,0,0,24,0]]",/data2/liyapeng_grp/program/MedMNISTMerge/outputs/prediction_diagnostics_full_avg_head_full_20260724c/shard_1/merged/small/dermamnist_224/convnext/clients_7/beta_0/seed_42/avg_head/merged.pt,/data2/liyapeng_grp/program/MedMNISTMerge/outputs/prediction_diagnostics_full_avg_head_full_20260724c/shard_1/merged/small/dermamnist_224/convnext/clients_7/beta_0/seed_42/avg_head,2026-07-24T16:35:35
OK,,16.23,merge,small,dermamnist_224,convnext,7,0.01,42,avg_head,avg_head,,,test,0.4718204488778055,0.18116687471128134,0.4962660086523056,0.13261053929330038,0.1660838350054104,1.640080949968828,2005,7,7,7,5,0.6688279301745635,5,0.6374064837905237,0.953020134228188,-0.031421446384039875,2.235803236221551,5,0.4134828906151684,0.9540584095555784,0.24286159600997506,0.285286783042394,0.43901397846383383,0.500000 0.000000 0.100000 0.000000 0.004484 0.663684 0.000000,0.051724 0.000000 0.271605 0.000000 0.142857 0.696401 0.000000,0.093750 0.000000 0.146179 0.000000 0.008696 0.679649 0.000000,66 103 220 23 223 1341 29,638 0 81 1 7 1278 0,0.211655 0.079355 0.171158 0.084865 0.147834 0.229814 0.075319,"[[33,0,3,0,0,30,0],[24,0,10,0,0,69,0],[74,0,22,0,1,123,0],[7,0,1,0,0,15,0],[85,0,10,0,1,127,0],[412,0,33,1,5,890,0],[3,0,2,0,0,24,0]]",/data2/liyapeng_grp/program/MedMNISTMerge/outputs/prediction_diagnostics_full_avg_head_full_20260724c/shard_1/merged/small/dermamnist_224/convnext/clients_7/beta_0p01/seed_42/avg_head/merged.pt,/data2/liyapeng_grp/program/MedMNISTMerge/outputs/prediction_diagnostics_full_avg_head_full_20260724c/shard_1/merged/small/dermamnist_224/convnext/clients_7/beta_0p01/seed_42/avg_head,2026-07-24T16:35:51
OK,,16.00,merge,small,dermamnist_224,convnext,7,0.1,42,avg_head,avg_head,,,test,0.6448877805486284,0.15294488335539289,0.5164478765113539,0.13733225010113143,0.18847746363998974,1.4769545861907731,2005,7,7,7,5,0.6688279301745635,5,0.9466334164588529,1.4153616703952276,0.27780548628428936,1.2945178319234174,5,0.13265684203534223,0.9266671814395211,0.29518391521197007,0.2778054862842893,0.3748590105969474,0.060606 0.000000 0.013636 0.000000 0.044843 0.951529 0.000000,0.102564 0.000000 0.375000 0.000000 0.169492 0.672287 0.000000,0.076190 0.000000 0.026316 0.000000 0.070922 0.787897 0.000000,66 103 220 23 223 1341 29,39 0 8 0 59 1898 1,0.155336 0.071321 0.147086 0.055866 0.195409 0.293969 0.081013,"[[4,0,1,0,3,58,0],[3,0,1,0,1,98,0],[4,0,3,0,5,208,0],[0,0,0,0,0,23,0],[6,0,0,0,10,207,0],[21,0,3,0,40,1276,1],[1,0,0,0,0,28,0]]",/data2/liyapeng_grp/program/MedMNISTMerge/outputs/prediction_diagnostics_full_avg_head_full_20260724c/shard_1/merged/small/dermamnist_224/convnext/clients_7/beta_0p1/seed_42/avg_head/merged.pt,/data2/liyapeng_grp/program/MedMNISTMerge/outputs/prediction_diagnostics_full_avg_head_full_20260724c/shard_1/merged/small/dermamnist_224/convnext/clients_7/beta_0p1/seed_42/avg_head,2026-07-24T16:36:07
OK,,14.39,merge,small,dermamnist_224,resnet,3,0,42,avg_head,avg_head,,,test,0.6613466334164588,0.141259188239054,0.5879887186303598,0.11425124935378253,0.0959132007233273,1.7218808447630922,2005,7,7,7,5,0.6688279301745635,5,0.9850374064837906,1.4727815063385534,0.316209476309227,1.09387030745516,4,0.04610806314555198,0.9877370768136609,0.19435006234413965,0.316209476309227,0.47451522853668415,0.000000 0.000000 0.000000 0.000000 0.000000 0.988814 0.000000,0.000000 0.000000 0.000000 0.000000 0.000000 0.671392 0.000000,0.000000 0.000000 0.000000 0.000000 0.000000 0.799759 0.000000,66 103 220 23 223 1341 29,0 12 1 0 17 1975 0,0.130768 0.154295 0.157572 0.110644 0.157565 0.194313 0.094844,"[[0,1,0,0,0,65,0],[0,0,0,0,1,102,0],[0,7,0,0,5,208,0],[0,0,0,0,0,23,0],[0,1,0,0,0,222,0],[0,3,1,0,11,1326,0],[0,0,0,0,0,29,0]]",/data2/liyapeng_grp/program/MedMNISTMerge/outputs/prediction_diagnostics_full_avg_head_full_20260724c/shard_1/merged/small/dermamnist_224/resnet/clients_3/beta_0/seed_42/avg_head/merged.pt,/data2/liyapeng_grp/program/MedMNISTMerge/outputs/prediction_diagnostics_full_avg_head_full_20260724c/shard_1/merged/small/dermamnist_224/resnet/clients_3/beta_0/seed_42/avg_head,2026-07-24T16:36:23
OK,,14.33,merge,small,dermamnist_224,resnet,3,0.01,42,avg_head,avg_head,,,test,0.6488778054862843,0.150653905422004,0.5849945298025909,0.12846130771404432,0.1244395257964802,1.7005016754987532,2005,7,7,7,5,0.6688279301745635,5,0.9451371571072319,1.4131245339299032,0.27630922693266835,1.276713045490031,4,0.12553963092451575,0.9794081441562935,0.20321072319201994,0.27630922693266835,0.46582327687931396,0.000000 0.087379 0.000000 0.000000 0.004484 0.962714 0.000000,0.000000 0.098901 0.000000 0.000000 0.090909 0.681266 0.000000,0.000000 0.092784 0.000000 0.000000 0.008547 0.797899 0.000000,66 103 220 23 223 1341 29,0 91 0 8 11 1895 0,0.084656 0.172576 0.150287 0.138558 0.159972 0.203005 0.090947,"[[0,10,0,0,0,56,0],[0,9,0,1,0,93,0],[0,20,0,3,3,194,0],[0,1,0,0,1,21,0],[0,10,0,1,1,211,0],[0,41,0,3,6,1291,0],[0,0,0,0,0,29,0]]",/data2/liyapeng_grp/program/MedMNISTMerge/outputs/prediction_diagnostics_full_avg_head_full_20260724c/shard_1/merged/small/dermamnist_224/resnet/clients_3/beta_0p01/seed_42/avg_head/merged.pt,/data2/liyapeng_grp/program/MedMNISTMerge/outputs/prediction_diagnostics_full_avg_head_full_20260724c/shard_1/merged/small/dermamnist_224/resnet/clients_3/beta_0p01/seed_42/avg_head,2026-07-24T16:36:38
OK,,14.32,merge,small,dermamnist_224,resnet,3,0.1,42,avg_head,avg_head,,,test,0.6688279301745635,0.14285714285714285,0.585176898724984,0.1145077277773034,0.0955468471677948,1.4130333955151184,2005,7,7,7,5,0.6688279301745635,5,1.0,1.4951528709917972,0.33117206982543645,1.0,1,-0.0,0.8933910276189215,0.39200436408977557,0.33117206982543645,0.321504809290049,0.000000 0.000000 0.000000 0.000000 0.000000 1.000000 0.000000,0.000000 0.000000 0.000000 0.000000 0.000000 0.668828 0.000000,0.000000 0.000000 0.000000 0.000000 0.000000 0.801554 0.000000,66 103 220 23 223 1341 29,0 0 0 0 0 2005 0,0.147037 0.099611 0.113390 0.106831 0.066552 0.391993 0.074587,"[[0,0,0,0,0,66,0],[0,0,0,0,0,103,0],[0,0,0,0,0,220,0],[0,0,0,0,0,23,0],[0,0,0,0,0,223,0],[0,0,0,0,0,1341,0],[0,0,0,0,0,29,0]]",/data2/liyapeng_grp/program/MedMNISTMerge/outputs/prediction_diagnostics_full_avg_head_full_20260724c/shard_1/merged/small/dermamnist_224/resnet/clients_3/beta_0p1/seed_42/avg_head/merged.pt,/data2/liyapeng_grp/program/MedMNISTMerge/outputs/prediction_diagnostics_full_avg_head_full_20260724c/shard_1/merged/small/dermamnist_224/resnet/clients_3/beta_0p1/seed_42/avg_head,2026-07-24T16:36:52
OK,,14.48,merge,small,dermamnist_224,resnet,5,0,42,avg_head,avg_head,,,test,0.6224438902743142,0.16389058368924142,0.5157609972056576,0.14352948728504306,0.12766889170147339,1.7523330346009975,2005,7,7,7,5,0.6688279301745635,5,0.8598503740648379,1.2856077554064131,0.19102244389027434,1.4996548874108588,2,0.20824959815032607,0.9905344376381773,0.19025093516209476,0.22144638403990027,0.4792964104109841,0.000000 0.000000 0.259091 0.000000 0.000000 0.888143 0.000000,0.000000 0.000000 0.202847 0.000000 0.000000 0.690835 0.000000,0.000000 0.000000 0.227545 0.000000 0.000000 0.777162 0.000000,66 103 220 23 223 1341 29,0 0 281 0 0 1724 0,0.140607 0.126641 0.179540 0.121179 0.132272 0.189532 0.110230,"[[0,0,15,0,0,51,0],[0,0,23,0,0,80,0],[0,0,57,0,0,163,0],[0,0,3,0,0,20,0],[0,0,31,0,0,192,0],[0,0,150,0,0,1191,0],[0,0,2,0,0,27,0]]",/data2/liyapeng_grp/program/MedMNISTMerge/outputs/prediction_diagnostics_full_avg_head_full_20260724c/shard_1/merged/small/dermamnist_224/resnet/clients_5/beta_0/seed_42/avg_head/merged.pt,/data2/liyapeng_grp/program/MedMNISTMerge/outputs/prediction_diagnostics_full_avg_head_full_20260724c/shard_1/merged/small/dermamnist_224/resnet/clients_5/beta_0/seed_42/avg_head,2026-07-24T16:37:06
OK,,14.43,merge,small,dermamnist_224,resnet,5,0.01,42,avg_head,avg_head,,,test,0.6613466334164588,0.1469150018981262,0.5942095927518171,0.12357108698516144,0.1338453623656923,1.7254071851620947,2005,7,7,7,5,0.6688279301745635,5,0.9760598503740648,1.4593586875466071,0.3072319201995013,1.1297773637991186,3,0.06270617900073568,0.9859252232191249,0.20084164588528677,0.3072319201995013,0.4680417754427729,0.000000 0.038835 0.000000 0.000000 0.004484 0.985086 0.000000,0.000000 0.095238 0.000000 0.000000 0.166667 0.675013 0.000000,0.000000 0.055172 0.000000 0.000000 0.008734 0.801092 0.000000,66 103 220 23 223 1341 29,0 42 0 0 6 1957 0,0.100370 0.170017 0.114230 0.122067 0.166200 0.200786 0.126330,"[[0,4,0,0,0,62,0],[0,4,0,0,1,98,0],[0,12,0,0,1,207,0],[0,1,0,0,0,22,0],[0,4,0,0,1,218,0],[0,17,0,0,3,1321,0],[0,0,0,0,0,29,0]]",/data2/liyapeng_grp/program/MedMNISTMerge/outputs/prediction_diagnostics_full_avg_head_full_20260724c/shard_1/merged/small/dermamnist_224/resnet/clients_5/beta_0p01/seed_42/avg_head/merged.pt,/data2/liyapeng_grp/program/MedMNISTMerge/outputs/prediction_diagnostics_full_avg_head_full_20260724c/shard_1/merged/small/dermamnist_224/resnet/clients_5/beta_0p01/seed_42/avg_head,2026-07-24T16:37:21
OK,,14.37,merge,small,dermamnist_224,resnet,5,0.1,42,avg_head,avg_head,,,test,0.11122194513715711,0.14285714285714285,0.5927932616325557,0.028726007986603113,0.015968492660221982,1.72435926784601,2005,7,7,7,5,0.6688279301745635,4,0.9950124688279302,1.487695749440716,0.3261845386533666,1.0319116459470872,2,0.016143113810852244,0.9305261077175402,0.2960567331670823,0.883790523690773,0.4866356861207717,0.000000 0.000000 0.000000 0.000000 1.000000 0.000000 0.000000,0.000000 0.000000 0.000000 0.000000 0.111779 0.000000 0.000000,0.000000 0.000000 0.000000 0.000000 0.201082 0.000000 0.000000,66 103 220 23 223 1341 29,0 10 0 0 1995 0 0,0.120639 0.165899 0.114698 0.059223 0.296006 0.182192 0.061344,"[[0,0,0,0,66,0,0],[0,0,0,0,103,0,0],[0,1,0,0,219,0,0],[0,0,0,0,23,0,0],[0,0,0,0,223,0,0],[0,9,0,0,1332,0,0],[0,0,0,0,29,0,0]]",/data2/liyapeng_grp/program/MedMNISTMerge/outputs/prediction_diagnostics_full_avg_head_full_20260724c/shard_1/merged/small/dermamnist_224/resnet/clients_5/beta_0p1/seed_42/avg_head/merged.pt,/data2/liyapeng_grp/program/MedMNISTMerge/outputs/prediction_diagnostics_full_avg_head_full_20260724c/shard_1/merged/small/dermamnist_224/resnet/clients_5/beta_0p1/seed_42/avg_head,2026-07-24T16:37:35
OK,,14.52,merge,small,dermamnist_224,resnet,7,0,42,avg_head,avg_head,,,test,0.6598503740648379,0.14510271585126783,0.5457384357013132,0.12209756563279076,0.13007129081140653,1.8373158899625934,2005,7,7,7,5,0.6688279301745635,5,0.97356608478803,1.4556301267710665,0.3047381546134664,1.1532184944874813,4,0.07325966425508153,0.9976221003677462,0.16649392144638403,0.30473815461346637,0.5023854403567385,0.000000 0.019417 0.000000 0.000000 0.013453 0.982849 0.000000,0.000000 0.058824 0.000000 0.000000 0.176471 0.675205 0.000000,0.000000 0.029197 0.000000 0.000000 0.025000 0.800486 0.000000,66 103 220 23 223 1341 29,0 34 2 0 17 1952 0,0.125454 0.147977 0.146950 0.138138 0.150588 0.166442 0.124450,"[[0,3,0,0,0,63,0],[0,2,0,0,2,99,0],[0,18,0,0,0,202,0],[0,0,0,0,0,23,0],[0,2,0,0,3,218,0],[0,9,2,0,12,1318,0],[0,0,0,0,0,29,0]]",/data2/liyapeng_grp/program/MedMNISTMerge/outputs/prediction_diagnostics_full_avg_head_full_20260724c/shard_1/merged/small/dermamnist_224/resnet/clients_7/beta_0/seed_42/avg_head/merged.pt,/data2/liyapeng_grp/program/MedMNISTMerge/outputs/prediction_diagnostics_full_avg_head_full_20260724c/shard_1/merged/small/dermamnist_224/resnet/clients_7/beta_0/seed_42/avg_head,2026-07-24T16:37:50
OK,,14.64,merge,small,dermamnist_224,resnet,7,0.01,42,avg_head,avg_head,,,test,0.6688279301745635,0.14285714285714285,0.5435184169492733,0.1145077277773034,0.0955468471677948,1.6807317643391522,2005,7,7,7,5,0.6688279301745635,5,1.0,1.4951528709917972,0.33117206982543645,1.0,1,-0.0,0.9870257623866115,0.2187110349127182,0.33117206982543645,0.45011266674549943,0.000000 0.000000 0.000000 0.000000 0.000000 1.000000 0.000000,0.000000 0.000000 0.000000 0.000000 0.000000 0.668828 0.000000,0.000000 0.000000 0.000000 0.000000 0.000000 0.801554 0.000000,66 103 220 23 223 1341 29,0 0 0 0 0 2005 0,0.136114 0.136685 0.152254 0.123499 0.125553 0.218715 0.107180,"[[0,0,0,0,0,66,0],[0,0,0,0,0,103,0],[0,0,0,0,0,220,0],[0,0,0,0,0,23,0],[0,0,0,0,0,223,0],[0,0,0,0,0,1341,0],[0,0,0,0,0,29,0]]",/data2/liyapeng_grp/program/MedMNISTMerge/outputs/prediction_diagnostics_full_avg_head_full_20260724c/shard_1/merged/small/dermamnist_224/resnet/clients_7/beta_0p01/seed_42/avg_head/merged.pt,/data2/liyapeng_grp/program/MedMNISTMerge/outputs/prediction_diagnostics_full_avg_head_full_20260724c/shard_1/merged/small/dermamnist_224/resnet/clients_7/beta_0p01/seed_42/avg_head,2026-07-24T16:38:04
OK,,14.57,merge,small,dermamnist_224,resnet,7,0.1,42,avg_head,avg_head,,,test,0.43241895261845387,0.19383786660399055,0.5952605406328474,0.12840724556840838,0.14381716441385567,1.6795520963216957,2005,7,7,7,5,0.6688279301745635,4,0.602493765586035,0.900820283370619,-0.06633416458852859,1.9581253609594391,2,0.34533329680707925,0.9735493010532278,0.21315461346633416,0.49127182044887774,0.46496231510209496,0.000000 0.000000 0.000000 0.000000 0.852018 0.504847 0.000000,0.000000 0.000000 0.000000 0.000000 0.157285 0.849435 0.000000,0.000000 0.000000 0.000000 0.000000 0.265549 0.633302 0.000000,66 103 220 23 223 1341 29,0 0 0 0 1208 797 0,0.121739 0.150797 0.131070 0.109655 0.208786 0.203866 0.074087,"[[0,0,0,0,58,8,0],[0,0,0,0,88,15,0],[0,0,0,0,178,42,0],[0,0,0,0,10,13,0],[0,0,0,0,190,33,0],[0,0,0,0,664,677,0],[0,0,0,0,20,9,0]]",/data2/liyapeng_grp/program/MedMNISTMerge/outputs/prediction_diagnostics_full_avg_head_full_20260724c/shard_1/merged/small/dermamnist_224/resnet/clients_7/beta_0p1/seed_42/avg_head/merged.pt,/data2/liyapeng_grp/program/MedMNISTMerge/outputs/prediction_diagnostics_full_avg_head_full_20260724c/shard_1/merged/small/dermamnist_224/resnet/clients_7/beta_0p1/seed_42/avg_head,2026-07-24T16:38:19
OK,,17.39,merge,small,dermamnist_224,swin_tiny,3,0,42,avg_head,avg_head,,,test,0.0658354114713217,0.13575766618818044,0.5471604386618354,0.05696150846039533,0.30432882914384535,1.9820843399314214,2005,7,7,7,5,0.6688279301745635,0,0.41047381546134665,0.6137211036539896,-0.2583541147132169,3.408797315202125,6,0.6302241324917803,0.9943249276576265,0.18082138403990025,0.7670822942643392,0.5390283364837039,0.409091 0.262136 0.018182 0.000000 0.206278 0.020134 0.034483,0.032807 0.046875 0.093023 0.000000 0.086629 0.870968 1.000000,0.060742 0.079529 0.030418 0.000000 0.122016 0.039359 0.066667,66 103 220 23 223 1341 29,823 576 43 0 531 31 1,0.168874 0.160259 0.142956 0.125565 0.164218 0.129800 0.108329,"[[27,18,0,0,21,0,0],[55,27,0,0,20,1,0],[89,75,4,0,51,1,0],[9,7,0,0,7,0,0],[74,100,2,0,46,1,0],[554,342,36,0,382,27,0],[15,7,1,0,4,1,1]]",/data2/liyapeng_grp/program/MedMNISTMerge/outputs/prediction_diagnostics_full_avg_head_full_20260724c/shard_2/merged/small/dermamnist_224/swin_tiny/clients_3/beta_0/seed_42/avg_head/merged.pt,/data2/liyapeng_grp/program/MedMNISTMerge/outputs/prediction_diagnostics_full_avg_head_full_20260724c/shard_2/merged/small/dermamnist_224/swin_tiny/clients_3/beta_0/seed_42/avg_head,2026-07-24T16:32:39
OK,,16.20,merge,small,dermamnist_224,swin_tiny,3,0.01,42,avg_head,avg_head,,,test,0.3281795511221945,0.1694883811076748,0.5645437769013661,0.1274746420038245,0.156803535871415,1.838392787562344,2005,7,7,7,5,0.6688279301745635,4,0.5341645885286783,0.7986577181208054,-0.13466334164588523,2.978859524194993,7,0.5609408624511175,0.9963800733851058,0.17580657730673316,0.4334164588528678,0.5085805787861427,0.000000 0.038835 0.140909 0.000000 0.650224 0.356450 0.000000,0.000000 0.050000 0.128631 0.000000 0.135387 0.783607 0.000000,0.000000 0.043716 0.134490 0.000000 0.224111 0.490005 0.000000,66 103 220 23 223 1341 29,1 80 241 1 1071 610 1,0.126165 0.140740 0.155525 0.126384 0.167708 0.160247 0.123231,"[[0,2,4,0,53,7,0],[0,4,4,0,76,19,0],[0,8,31,0,139,42,0],[1,1,1,0,14,6,0],[0,11,25,0,145,42,0],[0,54,168,1,639,478,1],[0,0,8,0,5,16,0]]",/data2/liyapeng_grp/program/MedMNISTMerge/outputs/prediction_diagnostics_full_avg_head_full_20260724c/shard_2/merged/small/dermamnist_224/swin_tiny/clients_3/beta_0p01/seed_42/avg_head/merged.pt,/data2/liyapeng_grp/program/MedMNISTMerge/outputs/prediction_diagnostics_full_avg_head_full_20260724c/shard_2/merged/small/dermamnist_224/swin_tiny/clients_3/beta_0p01/seed_42/avg_head,2026-07-24T16:32:57
OK,,16.15,merge,small,dermamnist_224,swin_tiny,3,0.1,42,avg_head,avg_head,,,test,0.6503740648379053,0.14182441473442972,0.5419319745778738,0.11905669210208718,0.12109178173706768,1.7166765702930173,2005,7,7,7,5,0.6688279301745635,5,0.9680798004987531,1.447427293064877,0.29925187032418954,1.1962099731205014,5,0.09206910350709344,0.9902028492003951,0.2007247506234414,0.29925187032418954,0.46837863354871445,0.000000 0.009709 0.013636 0.000000 0.000000 0.969426 0.000000,0.000000 0.062500 0.115385 0.000000 0.000000 0.669758 0.000000,0.000000 0.016807 0.024390 0.000000 0.000000 0.792200 0.000000,66 103 220 23 223 1341 29,20 16 26 0 2 1941 0,0.140087 0.142378 0.157862 0.108123 0.137664 0.200449 0.113436,"[[0,1,0,0,0,65,0],[0,1,0,0,0,102,0],[2,2,3,0,1,212,0],[0,2,0,0,0,21,0],[0,5,6,0,0,212,0],[18,5,17,0,1,1300,0],[0,0,0,0,0,29,0]]",/data2/liyapeng_grp/program/MedMNISTMerge/outputs/prediction_diagnostics_full_avg_head_full_20260724c/shard_2/merged/small/dermamnist_224/swin_tiny/clients_3/beta_0p1/seed_42/avg_head/merged.pt,/data2/liyapeng_grp/program/MedMNISTMerge/outputs/prediction_diagnostics_full_avg_head_full_20260724c/shard_2/merged/small/dermamnist_224/swin_tiny/clients_3/beta_0p1/seed_42/avg_head,2026-07-24T16:33:13
OK,,16.40,merge,small,dermamnist_224,swin_tiny,5,0,42,avg_head,avg_head,,,test,0.44089775561097255,0.1902218242440485,0.5650335512884233,0.15760463961662,0.16867986596324067,1.864713704021197,2005,7,7,7,5,0.6688279301745635,5,0.5241895261845386,0.7837434750186428,-0.14463840399002492,3.6274988296682342,6,0.6621803086715315,0.9980613149719163,0.16543796758104737,0.2578553615960099,0.5091431380466265,0.136364 0.368932 0.009091 0.000000 0.192825 0.589858 0.034483,0.035019 0.099476 0.090909 0.000000 0.159259 0.752617 0.043478,0.055728 0.156701 0.016529 0.000000 0.174442 0.661371 0.038462,66 103 220 23 223 1341 29,257 382 22 0 270 1051 23,0.148284 0.149942 0.132486 0.120535 0.151067 0.159685 0.138000,"[[9,17,0,0,16,24,0],[14,38,0,0,12,34,5],[35,55,2,0,45,81,2],[0,7,0,0,0,16,0],[35,53,1,0,43,87,4],[161,207,18,0,153,791,11],[3,5,1,0,1,18,1]]",/data2/liyapeng_grp/program/MedMNISTMerge/outputs/prediction_diagnostics_full_avg_head_full_20260724c/shard_2/merged/small/dermamnist_224/swin_tiny/clients_5/beta_0/seed_42/avg_head/merged.pt,/data2/liyapeng_grp/program/MedMNISTMerge/outputs/prediction_diagnostics_full_avg_head_full_20260724c/shard_2/merged/small/dermamnist_224/swin_tiny/clients_5/beta_0/seed_42/avg_head,2026-07-24T16:33:29
OK,,16.54,merge,small,dermamnist_224,swin_tiny,5,0.01,42,avg_head,avg_head,,,test,0.16209476309226933,0.19559631070517186,0.5753151767044866,0.08879250951339844,0.15069607402811594,1.9187236985660847,2005,7,7,7,5,0.6688279301745635,6,0.3481296758104738,0.5205070842654735,-0.3206982543640897,3.768144684282982,5,0.6817286783694609,0.9972575696369919,0.16706281172069826,0.7062344139650873,0.5193684810816919,0.000000 0.417476 0.000000 0.000000 0.363229 0.140194 0.448276,0.000000 0.082375 0.000000 0.000000 0.147005 0.806867 0.018625,0.000000 0.137600 0.000000 0.000000 0.209302 0.238882 0.035763,66 103 220 23 223 1341 29,0 522 0 1 551 233 698,0.128012 0.154931 0.119529 0.132713 0.156063 0.149459 0.159293,"[[0,22,0,0,18,2,24],[0,43,0,0,18,4,38],[0,63,0,0,74,19,64],[0,5,0,0,3,1,14],[0,58,0,0,81,14,70],[0,323,0,0,355,188,475],[0,8,0,1,2,5,13]]",/data2/liyapeng_grp/program/MedMNISTMerge/outputs/prediction_diagnostics_full_avg_head_full_20260724c/shard_2/merged/small/dermamnist_224/swin_tiny/clients_5/beta_0p01/seed_42/avg_head/merged.pt,/data2/liyapeng_grp/program/MedMNISTMerge/outputs/prediction_diagnostics_full_avg_head_full_20260724c/shard_2/merged/small/dermamnist_224/swin_tiny/clients_5/beta_0p01/seed_42/avg_head,2026-07-24T16:33:46
OK,,16.31,merge,small,dermamnist_224,swin_tiny,5,0.1,42,avg_head,avg_head,,,test,0.11122194513715711,0.14285714285714285,0.5646300966734045,0.02859707617337779,0.015888849305308157,1.9132934265897756,2005,7,7,7,5,0.6688279301745635,4,1.0,1.4951528709917972,0.33117206982543645,1.0,1,-0.0,0.9706204469120231,0.2532886533665835,0.8887780548628428,0.5309126244963118,0.000000 0.000000 0.000000 0.000000 1.000000 0.000000 0.000000,0.000000 0.000000 0.000000 0.000000 0.111222 0.000000 0.000000,0.000000 0.000000 0.000000 0.000000 0.200180 0.000000 0.000000,66 103 220 23 223 1341 29,0 0 0 0 2005 0 0,0.128856 0.160387 0.133704 0.086240 0.253285 0.137915 0.099613,"[[0,0,0,0,66,0,0],[0,0,0,0,103,0,0],[0,0,0,0,220,0,0],[0,0,0,0,23,0,0],[0,0,0,0,223,0,0],[0,0,0,0,1341,0,0],[0,0,0,0,29,0,0]]",/data2/liyapeng_grp/program/MedMNISTMerge/outputs/prediction_diagnostics_full_avg_head_full_20260724c/shard_2/merged/small/dermamnist_224/swin_tiny/clients_5/beta_0p1/seed_42/avg_head/merged.pt,/data2/liyapeng_grp/program/MedMNISTMerge/outputs/prediction_diagnostics_full_avg_head_full_20260724c/shard_2/merged/small/dermamnist_224/swin_tiny/clients_5/beta_0p1/seed_42/avg_head,2026-07-24T16:34:02
OK,,16.47,merge,small,dermamnist_224,swin_tiny,7,0,42,avg_head,avg_head,,,test,0.4174563591022444,0.1808995823627198,0.5672501806771676,0.13727756792865484,0.17108286846270082,1.8741807590399002,2005,7,7,7,5,0.6688279301745635,5,0.4972568578553616,0.743475018642804,-0.17157107231920193,3.0111002777589686,7,0.5664729963435767,0.998346969026268,0.1630494077306733,0.36359102244389024,0.5111453415054248,0.060606 0.543689 0.018182 0.000000 0.040359 0.568978 0.034483,0.076923 0.070707 0.125000 0.000000 0.145161 0.765296 0.014493,0.067797 0.125140 0.031746 0.000000 0.063158 0.652695 0.020408,66 103 220 23 223 1341 29,52 792 32 1 62 997 69,0.142047 0.155332 0.138387 0.120421 0.144122 0.157683 0.142008,"[[4,31,2,0,2,24,3],[3,56,1,0,2,31,10],[9,104,4,0,8,83,12],[0,13,0,0,0,7,3],[5,122,2,0,9,72,13],[31,456,22,1,41,763,27],[0,10,1,0,0,17,1]]",/data2/liyapeng_grp/program/MedMNISTMerge/outputs/prediction_diagnostics_full_avg_head_full_20260724c/shard_2/merged/small/dermamnist_224/swin_tiny/clients_7/beta_0/seed_42/avg_head/merged.pt,/data2/liyapeng_grp/program/MedMNISTMerge/outputs/prediction_diagnostics_full_avg_head_full_20260724c/shard_2/merged/small/dermamnist_224/swin_tiny/clients_7/beta_0/seed_42/avg_head,2026-07-24T16:34:19
OK,,16.45,merge,small,dermamnist_224,swin_tiny,7,0.01,42,avg_head,avg_head,,,test,0.5052369077306733,0.1867449468917318,0.5629374383303858,0.14172151074219183,0.15623330180654557,1.852779671913965,2005,7,7,7,5,0.6688279301745635,5,0.6503740648379053,0.9724086502609994,-0.01845386533665827,2.627280366626939,6,0.4963997081249648,0.9974497704706509,0.16748753117206983,0.24588528678304233,0.5046555959818356,0.348485 0.194175 0.000000 0.000000 0.008969 0.721104 0.034483,0.063361 0.066890 0.000000 0.000000 0.181818 0.741564 0.040000,0.107226 0.099502 0.000000 0.000000 0.017094 0.731191 0.037037,66 103 220 23 223 1341 29,363 299 3 0 11 1304 25,0.152962 0.153039 0.133262 0.117916 0.140396 0.164172 0.138253,"[[23,7,0,0,0,36,0],[26,20,0,0,0,51,6],[61,46,0,0,2,107,4],[4,4,0,0,0,15,0],[52,58,0,0,2,107,4],[194,160,3,0,7,967,10],[3,4,0,0,0,21,1]]",/data2/liyapeng_grp/program/MedMNISTMerge/outputs/prediction_diagnostics_full_avg_head_full_20260724c/shard_2/merged/small/dermamnist_224/swin_tiny/clients_7/beta_0p01/seed_42/avg_head/merged.pt,/data2/liyapeng_grp/program/MedMNISTMerge/outputs/prediction_diagnostics_full_avg_head_full_20260724c/shard_2/merged/small/dermamnist_224/swin_tiny/clients_7/beta_0p01/seed_42/avg_head,2026-07-24T16:34:35
OK,,16.52,merge,small,dermamnist_224,swin_tiny,7,0.1,42,avg_head,avg_head,,,test,0.5236907730673317,0.19057953447549464,0.5927533963624381,0.1449954199489008,0.1449741048034349,1.7507179317331671,2005,7,7,7,5,0.6688279301745635,5,0.5850374064837905,0.8747203579418346,-0.083790523690773,2.046376408612419,3,0.3679875064555112,0.9884534914302732,0.19191864089775562,0.29625935162094763,0.48260540307753674,0.000000 0.009709 0.000000 0.000000 0.650224 0.674124 0.000000,0.000000 0.066667 0.000000 0.000000 0.177479 0.770673 0.000000,0.000000 0.016949 0.000000 0.000000 0.278846 0.719173 0.000000,66 103 220 23 223 1341 29,0 15 0 0 817 1173 0,0.133324 0.158869 0.121702 0.103857 0.181309 0.186223 0.114717,"[[0,1,0,0,42,23,0],[0,1,0,0,60,42,0],[0,3,0,0,123,94,0],[0,0,0,0,12,11,0],[0,2,0,0,145,76,0],[0,8,0,0,429,904,0],[0,0,0,0,6,23,0]]",/data2/liyapeng_grp/program/MedMNISTMerge/outputs/prediction_diagnostics_full_avg_head_full_20260724c/shard_2/merged/small/dermamnist_224/swin_tiny/clients_7/beta_0p1/seed_42/avg_head/merged.pt,/data2/liyapeng_grp/program/MedMNISTMerge/outputs/prediction_diagnostics_full_avg_head_full_20260724c/shard_2/merged/small/dermamnist_224/swin_tiny/clients_7/beta_0p1/seed_42/avg_head,2026-07-24T16:34:52
OK,,14.17,merge,small,dermamnist_224,vit_t,3,0,42,avg_head,avg_head,,,test,0.3630922693266833,0.15423422994904282,0.485095647059978,0.12186956783699562,0.1404089228364885,1.7136204897911471,2005,7,7,7,5,0.6688279301745635,5,0.4194513715710723,0.6271439224459359,-0.24937655860349123,3.193479000482699,6,0.5966929762175891,0.9415774436720477,0.29608011221945135,0.4099750623441396,0.4509900978691315,0.075758 0.000000 0.004545 0.130435 0.399103 0.469799 0.000000,0.075758 0.000000 0.038462 0.012821 0.106715 0.749108 0.000000,0.075758 0.000000 0.008130 0.023346 0.168401 0.577452 0.000000,66 103 220 23 223 1341 29,66 0 26 234 834 841 4,0.134729 0.053198 0.092316 0.172777 0.230333 0.235248 0.081399,"[[5,0,0,6,43,12,0],[15,0,3,8,41,35,1],[11,0,1,27,129,52,0],[0,0,0,3,12,7,1],[8,0,5,30,89,91,0],[27,0,16,156,510,630,2],[0,0,1,4,10,14,0]]",/data2/liyapeng_grp/program/MedMNISTMerge/outputs/prediction_diagnostics_full_avg_head_full_20260724c/shard_2/merged/small/dermamnist_224/vit_t/clients_3/beta_0/seed_42/avg_head/merged.pt,/data2/liyapeng_grp/program/MedMNISTMerge/outputs/prediction_diagnostics_full_avg_head_full_20260724c/shard_2/merged/small/dermamnist_224/vit_t/clients_3/beta_0/seed_42/avg_head,2026-07-24T16:35:08
OK,,14.30,merge,small,dermamnist_224,vit_t,3,0.01,42,avg_head,avg_head,,,test,0.16408977556109725,0.16465027884130382,0.5134918372628515,0.08819864163251272,0.15185875540205104,1.9468927778210723,2005,7,7,7,5,0.6688279301745635,3,0.5501246882793017,0.8225205070842655,-0.11870324189526182,3.7535396452180008,6,0.6797329778136751,0.965121415396878,0.2876870324189526,0.6354114713216957,0.4921812235535588,0.060606 0.000000 0.036364 0.608696 0.103139 0.205817 0.137931,0.068966 0.000000 0.087912 0.012693 0.158621 0.716883 0.017937,0.064516 0.000000 0.051447 0.024867 0.125000 0.319815 0.031746,66 103 220 23 223 1341 29,58 0 91 1103 145 385 223,0.105882 0.066010 0.115774 0.245371 0.146520 0.176647 0.143796,"[[4,0,1,31,15,7,8],[9,0,4,53,13,14,10],[8,0,8,120,30,29,25],[0,0,0,14,1,4,4],[8,0,4,118,23,49,21],[29,0,71,752,62,276,151],[0,0,3,15,1,6,4]]",/data2/liyapeng_grp/program/MedMNISTMerge/outputs/prediction_diagnostics_full_avg_head_full_20260724c/shard_2/merged/small/dermamnist_224/vit_t/clients_3/beta_0p01/seed_42/avg_head/merged.pt,/data2/liyapeng_grp/program/MedMNISTMerge/outputs/prediction_diagnostics_full_avg_head_full_20260724c/shard_2/merged/small/dermamnist_224/vit_t/clients_3/beta_0p01/seed_42/avg_head,2026-07-24T16:35:22
OK,,14.25,merge,small,dermamnist_224,vit_t,3,0.1,42,avg_head,avg_head,,,test,0.6523690773067332,0.1393416426973474,0.4900899951179238,0.11321244644480029,0.09533527696793002,1.3115655076176747,2005,7,7,7,5,0.6688279301745635,5,0.9775561097256857,1.4615958240119313,0.3087281795511222,1.1404058463303117,5,0.06751812495975303,0.8128689327238412,0.4870635910224439,0.3087281795511222,0.18335242850030053,0.000000 0.000000 0.000000 0.000000 0.000000 0.975391 0.000000,0.000000 0.000000 0.000000 0.000000 0.000000 0.667347 0.000000,0.000000 0.000000 0.000000 0.000000 0.000000 0.792487 0.000000,66 103 220 23 223 1341 29,6 0 28 4 7 1960 0,0.087355 0.055166 0.120228 0.089982 0.120321 0.485476 0.041471,"[[0,0,1,0,0,65,0],[0,0,1,0,0,102,0],[2,0,0,1,1,216,0],[0,0,0,0,0,23,0],[1,0,2,2,0,218,0],[3,0,23,1,6,1308,0],[0,0,1,0,0,28,0]]",/data2/liyapeng_grp/program/MedMNISTMerge/outputs/prediction_diagnostics_full_avg_head_full_20260724c/shard_2/merged/small/dermamnist_224/vit_t/clients_3/beta_0p1/seed_42/avg_head/merged.pt,/data2/liyapeng_grp/program/MedMNISTMerge/outputs/prediction_diagnostics_full_avg_head_full_20260724c/shard_2/merged/small/dermamnist_224/vit_t/clients_3/beta_0p1/seed_42/avg_head,2026-07-24T16:35:37
OK,,14.38,merge,small,dermamnist_224,vit_t,5,0,42,avg_head,avg_head,,,test,0.542643391521197,0.13865597489758563,0.47602898833555296,0.11693785636188814,0.10653980159275656,1.6179904243298004,2005,7,7,7,5,0.6688279301745635,5,0.8124688279301746,1.214765100671141,0.14364089775561106,1.970844848205271,7,0.3486606553254275,0.9488761644062693,0.2964931421446384,0.2329177057356609,0.3842382029997746,0.151515 0.000000 0.018182 0.000000 0.000000 0.800895 0.000000,0.045662 0.000000 0.040816 0.000000 0.000000 0.659300 0.000000,0.070175 0.000000 0.025157 0.000000 0.000000 0.723232 0.000000,66 103 220 23 223 1341 29,219 1 98 49 8 1629 1,0.179637 0.079299 0.123298 0.144147 0.113428 0.284590 0.075601,"[[10,0,1,8,0,47,0],[18,0,4,1,0,80,0],[11,0,4,9,0,196,0],[8,0,0,0,0,15,0],[24,0,4,1,0,194,0],[145,1,82,30,8,1074,1],[3,0,3,0,0,23,0]]",/data2/liyapeng_grp/program/MedMNISTMerge/outputs/prediction_diagnostics_full_avg_head_full_20260724c/shard_2/merged/small/dermamnist_224/vit_t/clients_5/beta_0/seed_42/avg_head/merged.pt,/data2/liyapeng_grp/program/MedMNISTMerge/outputs/prediction_diagnostics_full_avg_head_full_20260724c/shard_2/merged/small/dermamnist_224/vit_t/clients_5/beta_0/seed_42/avg_head,2026-07-24T16:35:51
OK,,14.29,merge,small,dermamnist_224,vit_t,5,0.01,42,avg_head,avg_head,,,test,0.6219451371571072,0.13573471586777236,0.5835586773591278,0.11571036182335882,0.11872907057559866,1.337373363466334,2005,7,7,7,5,0.6688279301745635,5,0.9381546134663342,1.4026845637583893,0.2693266832917707,1.3564413163117899,5,0.1566694080014932,0.8663157484736271,0.4045043640897756,0.2693266832917706,0.2684650152516746,0.000000 0.009709 0.004545 0.000000 0.008969 0.926920 0.000000,0.000000 0.029412 0.015873 0.000000 0.125000 0.660819 0.000000,0.000000 0.014599 0.007067 0.000000 0.016736 0.771570 0.000000,66 103 220 23 223 1341 29,0 34 63 0 16 1881 11,0.057994 0.130865 0.150660 0.031509 0.129020 0.400363 0.099589,"[[0,0,3,0,0,61,2],[0,1,3,0,1,97,1],[0,1,1,0,1,215,2],[0,0,0,0,1,21,1],[0,2,1,0,2,218,0],[0,28,54,0,11,1243,5],[0,2,1,0,0,26,0]]",/data2/liyapeng_grp/program/MedMNISTMerge/outputs/prediction_diagnostics_full_avg_head_full_20260724c/shard_2/merged/small/dermamnist_224/vit_t/clients_5/beta_0p01/seed_42/avg_head/merged.pt,/data2/liyapeng_grp/program/MedMNISTMerge/outputs/prediction_diagnostics_full_avg_head_full_20260724c/shard_2/merged/small/dermamnist_224/vit_t/clients_5/beta_0p01/seed_42/avg_head,2026-07-24T16:36:05
OK,,14.24,merge,small,dermamnist_224,vit_t,5,0.1,42,avg_head,avg_head,,,test,0.486783042394015,0.15496495943271155,0.5386233587714835,0.14197233392017655,0.13582943711901602,1.48766438396197,2005,7,7,7,5,0.6688279301745635,5,0.6274314214463841,0.9381058911260255,-0.04139650872817946,2.5132394388569845,4,0.47359459765207523,0.8743592078128902,0.3342269326683292,0.15112219451371567,0.3749602525833738,0.000000 0.000000 0.131818 0.000000 0.295964 0.656972 0.000000,0.000000 0.000000 0.081690 0.000000 0.168798 0.700318 0.000000,0.000000 0.000000 0.100870 0.000000 0.214984 0.677953 0.000000,66 103 220 23 223 1341 29,0 0 355 0 391 1258 1,0.070480 0.047854 0.219471 0.046024 0.247510 0.297386 0.071277,"[[0,0,9,0,24,32,1],[0,0,18,0,37,48,0],[0,0,29,0,61,130,0],[0,0,2,0,8,13,0],[0,0,21,0,66,136,0],[0,0,272,0,188,881,0],[0,0,4,0,7,18,0]]",/data2/liyapeng_grp/program/MedMNISTMerge/outputs/prediction_diagnostics_full_avg_head_full_20260724c/shard_2/merged/small/dermamnist_224/vit_t/clients_5/beta_0p1/seed_42/avg_head/merged.pt,/data2/liyapeng_grp/program/MedMNISTMerge/outputs/prediction_diagnostics_full_avg_head_full_20260724c/shard_2/merged/small/dermamnist_224/vit_t/clients_5/beta_0p1/seed_42/avg_head,2026-07-24T16:36:20
OK,,14.35,merge,small,dermamnist_224,vit_t,7,0,42,avg_head,avg_head,,,test,0.5082294264339152,0.1348468323909983,0.5065402297157305,0.12664957137704588,0.12048669262484198,1.6232360992051122,2005,7,7,7,5,0.6688279301745635,5,0.7162094763092269,1.0708426547352723,0.04738154613466339,2.264078791964335,7,0.41994126102711293,0.9699626602050664,0.25716957605985036,0.11022443890274317,0.42687014922469313,0.000000 0.000000 0.063636 0.000000 0.156951 0.723341 0.000000,0.000000 0.000000 0.067633 0.000000 0.100287 0.675487 0.000000,0.000000 0.000000 0.065574 0.000000 0.122378 0.698596 0.000000,66 103 220 23 223 1341 29,8 1 207 3 349 1436 1,0.117649 0.101751 0.155567 0.106393 0.183929 0.241958 0.092753,"[[0,0,5,0,30,31,0],[0,0,6,0,26,71,0],[1,0,14,1,54,150,0],[0,0,4,0,3,16,0],[1,0,10,0,35,177,0],[6,1,164,2,197,970,1],[0,0,4,0,4,21,0]]",/data2/liyapeng_grp/program/MedMNISTMerge/outputs/prediction_diagnostics_full_avg_head_full_20260724c/shard_2/merged/small/dermamnist_224/vit_t/clients_7/beta_0/seed_42/avg_head/merged.pt,/data2/liyapeng_grp/program/MedMNISTMerge/outputs/prediction_diagnostics_full_avg_head_full_20260724c/shard_2/merged/small/dermamnist_224/vit_t/clients_7/beta_0/seed_42/avg_head,2026-07-24T16:36:34
OK,,14.37,merge,small,dermamnist_224,vit_t,7,0.01,42,avg_head,avg_head,,,test,0.6194513715710723,0.14368614234386046,0.49171420602709665,0.12227328719209743,0.10893222820366147,1.4621037737687033,2005,7,7,7,5,0.6688279301745635,5,0.9246882793017457,1.38255033557047,0.25586034912718214,1.398392382146527,4,0.17232207690442747,0.9082201619499998,0.34275249376558603,0.26284289276807987,0.3297275342785115,0.075758 0.000000 0.009091 0.000000 0.000000 0.920955 0.000000,0.062500 0.000000 0.033898 0.000000 0.000000 0.666127 0.000000,0.068493 0.000000 0.014337 0.000000 0.000000 0.773083 0.000000,66 103 220 23 223 1341 29,80 0 59 0 12 1854 0,0.193952 0.084965 0.124046 0.058105 0.133531 0.339100 0.066301,"[[5,0,1,0,2,58,0],[8,0,2,0,0,93,0],[10,0,2,0,2,206,0],[1,0,0,0,0,22,0],[9,0,1,0,0,213,0],[47,0,52,0,7,1235,0],[0,0,1,0,1,27,0]]",/data2/liyapeng_grp/program/MedMNISTMerge/outputs/prediction_diagnostics_full_avg_head_full_20260724c/shard_2/merged/small/dermamnist_224/vit_t/clients_7/beta_0p01/seed_42/avg_head/merged.pt,/data2/liyapeng_grp/program/MedMNISTMerge/outputs/prediction_diagnostics_full_avg_head_full_20260724c/shard_2/merged/small/dermamnist_224/vit_t/clients_7/beta_0p01/seed_42/avg_head,2026-07-24T16:36:48
OK,,14.35,merge,small,dermamnist_224,vit_t,7,0.1,42,avg_head,avg_head,,,test,0.3197007481296758,0.14839862972405785,0.5632834973740353,0.09721088772080391,0.1191442557197494,1.5055700592269328,2005,7,7,7,5,0.6688279301745635,4,0.655860349127182,0.9806114839671888,-0.012967581047381493,1.9454523461002542,3,0.34199653002614777,0.8795355497035371,0.33960411471321694,0.5446384039900249,0.39005085655909977,0.000000 0.000000 0.000000 0.000000 0.672646 0.366145 0.000000,0.000000 0.000000 0.000000 0.000000 0.114068 0.719941 0.000000,0.000000 0.000000 0.000000 0.000000 0.195059 0.485418 0.000000,66 103 220 23 223 1341 29,0 0 8 0 1315 682 0,0.069319 0.077514 0.126974 0.085293 0.318945 0.278777 0.043178,"[[0,0,0,0,50,16,0],[0,0,0,0,73,30,0],[0,0,0,0,162,58,0],[0,0,0,0,17,6,0],[0,0,1,0,150,72,0],[0,0,7,0,843,491,0],[0,0,0,0,20,9,0]]",/data2/liyapeng_grp/program/MedMNISTMerge/outputs/prediction_diagnostics_full_avg_head_full_20260724c/shard_2/merged/small/dermamnist_224/vit_t/clients_7/beta_0p1/seed_42/avg_head/merged.pt,/data2/liyapeng_grp/program/MedMNISTMerge/outputs/prediction_diagnostics_full_avg_head_full_20260724c/shard_2/merged/small/dermamnist_224/vit_t/clients_7/beta_0p1/seed_42/avg_head,2026-07-24T16:37:02
OK,,15.35,merge,small,organcmnist_224,convnext,3,0,42,avg_head,avg_head,,,test,0.07874878286270691,0.10782570788171099,0.583559828754376,0.07008257013138303,0.13328511597942178,2.4201582896558542,8216,11,11,11,6,0.22334469328140213,3,0.5349318403115871,2.3950953678474116,0.311587147030185,4.584497146643579,10,0.6350070594778624,0.9812004120018224,0.1785640252251704,0.5935978578383643,0.19930883508423142,0.050725 0.000000 0.190024 0.591449 0.005502 0.072109 0.013079 0.049180 0.037702 0.106667 0.069647,0.146341 0.000000 0.137694 0.056655 0.028169 0.202290 0.210526 0.117904 0.411765 0.053583 0.101208,0.075336 0.000000 0.159681 0.103405 0.009206 0.106319 0.024628 0.069409 0.069079 0.071333 0.082512,828 431 421 421 727 735 1835 549 557 750 962,287 0 581 4395 142 262 114 229 51 1493 662,0.089778 0.041733 0.097804 0.154615 0.083136 0.085342 0.082824 0.087484 0.063807 0.119995 0.093481,"[[42,0,69,319,19,40,9,9,0,209,112],[3,0,87,17,19,21,1,1,0,215,67],[5,0,80,36,32,15,1,7,0,181,64],[23,0,18,249,4,2,9,15,5,84,12],[23,0,68,340,4,31,6,14,0,162,79],[37,0,77,270,4,53,11,16,0,155,112],[59,0,61,1325,12,31,24,53,19,225,26],[11,0,8,455,18,1,4,27,5,18,2],[20,0,6,375,11,3,3,71,21,46,1],[51,0,60,384,2,20,30,2,1,80,120],[13,0,47,625,17,45,16,14,0,118,67]]",/data2/liyapeng_grp/program/MedMNISTMerge/outputs/prediction_diagnostics_full_avg_head_full_20260724c/shard_2/merged/small/organcmnist_224/convnext/clients_3/beta_0/seed_42/avg_head/merged.pt,/data2/liyapeng_grp/program/MedMNISTMerge/outputs/prediction_diagnostics_full_avg_head_full_20260724c/shard_2/merged/small/organcmnist_224/convnext/clients_3/beta_0/seed_42/avg_head,2026-07-24T16:37:17
OK,,15.23,merge,small,organcmnist_224,convnext,3,0.01,42,avg_head,avg_head,,,test,0.0827653359298929,0.08655752191156989,0.5911119889149522,0.043255285908099315,0.08745674979580209,2.476055082118732,8216,11,11,11,6,0.22334469328140213,5,0.5573271665043817,2.4953678474114445,0.3339824732229796,4.420902782985295,10,0.6198535614289413,0.9659772216575016,0.20320107108081792,0.5777750730282377,0.2428936866329784,0.071256 0.020882 0.026128 0.087886 0.004127 0.676190 0.005995 0.000000 0.001795 0.017333 0.040541,0.116601 0.037344 0.053659 0.027946 0.007752 0.108539 0.440000 0.000000 0.062500 0.030303 0.077381,0.088456 0.026786 0.035144 0.042407 0.005386 0.187053 0.011828 0.000000 0.003490 0.022053 0.053206,828 431 421 421 727 735 1835 549 557 750 962,506 241 205 1324 387 4579 25 0 16 429 504,0.093632 0.087195 0.094169 0.117674 0.088908 0.179708 0.058240 0.031791 0.050163 0.099412 0.099108,"[[59,23,15,31,15,566,3,0,0,62,54],[11,9,11,0,7,269,0,0,0,114,10],[7,5,11,0,6,275,0,0,0,109,8],[33,17,7,37,5,295,1,0,0,14,12],[23,57,21,40,3,511,0,0,0,24,48],[32,74,16,23,8,497,0,0,0,33,52],[126,14,70,597,135,709,11,0,15,37,121],[14,0,8,242,53,207,5,0,0,1,19],[72,5,7,123,66,254,3,0,1,5,21],[113,13,20,98,71,300,2,0,0,13,120],[16,24,19,133,18,696,0,0,0,17,39]]",/data2/liyapeng_grp/program/MedMNISTMerge/outputs/prediction_diagnostics_full_avg_head_full_20260724c/shard_2/merged/small/organcmnist_224/convnext/clients_3/beta_0p01/seed_42/avg_head/merged.pt,/data2/liyapeng_grp/program/MedMNISTMerge/outputs/prediction_diagnostics_full_avg_head_full_20260724c/shard_2/merged/small/organcmnist_224/convnext/clients_3/beta_0p01/seed_42/avg_head,2026-07-24T16:37:32
OK,,15.25,merge,small,organcmnist_224,convnext,3,0.1,42,avg_head,avg_head,,,test,0.12329600778967868,0.1308247798182148,0.6016147872381676,0.07565194575354664,0.12261301883258797,2.6230598902864837,8216,11,11,11,6,0.22334469328140213,9,0.7241966893865628,3.242506811989101,0.5008519961051606,2.716896593912764,9,0.4168198178367264,0.8863003486868729,0.29477733994644595,0.6335199610516067,0.3251181354358335,0.000000 0.000000 0.000000 0.068884 0.004127 0.017687 0.000000 0.311475 0.044883 0.860000 0.132017,0.000000 0.000000 0.000000 0.068075 0.023622 0.060748 0.000000 0.326336 0.625000 0.108403 0.136559,0.000000 0.000000 0.000000 0.068477 0.007026 0.027397 0.000000 0.318733 0.083752 0.192537 0.134249,828 431 421 421 727 735 1835 549 557 750 962,0 0 4 426 127 214 1 524 40 5950 930,0.023151 0.016048 0.042919 0.099796 0.088592 0.110105 0.041282 0.097530 0.047099 0.275845 0.157632,"[[0,0,0,4,14,33,0,2,0,639,136],[0,0,0,0,13,35,0,0,0,287,96],[0,0,0,0,14,26,0,1,0,277,103],[0,0,2,29,6,5,0,8,0,319,52],[0,0,0,11,3,16,0,18,1,576,102],[0,0,0,11,7,13,0,7,0,538,159],[0,0,2,159,13,21,0,138,8,1457,37],[0,0,0,150,12,9,1,171,6,175,25],[0,0,0,31,21,8,0,152,25,311,9],[0,0,0,10,2,5,0,4,0,645,84],[0,0,0,21,22,43,0,23,0,726,127]]",/data2/liyapeng_grp/program/MedMNISTMerge/outputs/prediction_diagnostics_full_avg_head_full_20260724c/shard_2/merged/small/organcmnist_224/convnext/clients_3/beta_0p1/seed_42/avg_head/merged.pt,/data2/liyapeng_grp/program/MedMNISTMerge/outputs/prediction_diagnostics_full_avg_head_full_20260724c/shard_2/merged/small/organcmnist_224/convnext/clients_3/beta_0p1/seed_42/avg_head,2026-07-24T16:37:47
OK,,15.41,merge,small,organcmnist_224,convnext,5,0,42,avg_head,avg_head,,,test,0.08386075949367089,0.07318042348221158,0.5710621841845354,0.06248809514492146,0.12819424304759994,2.368975289260285,8216,11,11,11,6,0.22334469328140213,9,0.2898003894839338,1.2975476839237057,0.06645569620253164,5.133485602586589,11,0.6821752816769618,0.9905791224739502,0.15159112174415773,0.5581791626095424,0.17091993768130326,0.013285 0.000000 0.035629 0.235154 0.037139 0.002721 0.138965 0.036430 0.035907 0.092000 0.177755,0.164179 0.000000 0.108696 0.041632 0.123853 0.095238 0.308717 0.157480 0.294118 0.028979 0.087245,0.024581 0.000000 0.053667 0.070740 0.057143 0.005291 0.191657 0.059172 0.064000 0.044075 0.117043,828 431 421 421 727 735 1835 549 557 750 962,67 32 138 2378 218 21 826 127 68 2381 1960,0.077432 0.074481 0.084012 0.120737 0.083395 0.066677 0.104944 0.080011 0.071923 0.120597 0.115790,"[[11,10,8,184,12,1,70,4,2,250,276],[2,0,21,12,9,0,7,3,0,218,159],[11,0,15,25,14,0,6,3,0,180,167],[3,0,10,99,1,3,50,6,3,155,91],[5,5,6,317,27,0,36,1,1,105,224],[5,8,4,246,38,2,38,10,0,143,241],[12,3,46,483,26,7,255,46,28,705,224],[4,0,12,318,17,0,49,20,11,85,33],[7,0,7,151,21,3,124,17,20,187,20],[4,1,2,149,45,3,119,1,3,69,354],[3,5,7,394,8,2,72,16,0,284,171]]",/data2/liyapeng_grp/program/MedMNISTMerge/outputs/prediction_diagnostics_full_avg_head_full_20260724c/shard_2/merged/small/organcmnist_224/convnext/clients_5/beta_0/seed_42/avg_head/merged.pt,/data2/liyapeng_grp/program/MedMNISTMerge/outputs/prediction_diagnostics_full_avg_head_full_20260724c/shard_2/merged/small/organcmnist_224/convnext/clients_5/beta_0/seed_42/avg_head,2026-07-24T16:38:03
OK,,15.36,merge,small,organcmnist_224,convnext,5,0.01,42,avg_head,avg_head,,,test,0.07631450827653359,0.12058565242131629,0.6482620348905844,0.054611356852092424,0.13872499132501248,2.4434927965440907,8216,11,11,11,6,0.22334469328140213,1,0.8403115871470301,3.762397820163488,0.616966893865628,1.9870243951537196,11,0.28635038763508114,0.9559226234756808,0.2264593285966407,0.787852969814995,0.25524391219520015,0.000000 0.983759 0.000000 0.000000 0.001376 0.000000 0.001090 0.216758 0.089767 0.006667 0.027027,0.000000 0.061414 0.000000 0.000000 0.047619 0.000000 0.400000 0.385113 0.537634 0.010593 0.083601,0.000000 0.115610 0.000000 0.000000 0.002674 0.000000 0.002174 0.277389 0.153846 0.008183 0.040848,828 431 421 421 727 735 1835 549 557 750 962,1 6904 7 92 21 1 5 309 93 472 311,0.049015 0.221014 0.070807 0.082481 0.077061 0.048985 0.071764 0.079242 0.068666 0.110247 0.120717,"[[0,778,1,0,1,0,0,0,0,24,24],[0,424,0,0,1,0,0,0,0,3,3],[0,411,0,0,1,0,0,0,0,8,1],[0,329,1,0,0,0,1,5,5,13,67],[0,682,0,4,1,0,0,3,1,0,36],[0,690,1,5,3,0,0,0,0,7,29],[1,1312,0,34,3,1,2,92,10,315,65],[0,341,0,29,0,0,0,119,24,19,17],[0,347,0,11,3,0,0,84,50,52,10],[0,701,1,2,5,0,2,1,0,5,33],[0,889,3,7,3,0,0,5,3,26,26]]",/data2/liyapeng_grp/program/MedMNISTMerge/outputs/prediction_diagnostics_full_avg_head_full_20260724c/shard_2/merged/small/organcmnist_224/convnext/clients_5/beta_0p01/seed_42/avg_head/merged.pt,/data2/liyapeng_grp/program/MedMNISTMerge/outputs/prediction_diagnostics_full_avg_head_full_20260724c/shard_2/merged/small/organcmnist_224/convnext/clients_5/beta_0p01/seed_42/avg_head,2026-07-24T16:38:18
OK,,15.39,merge,small,organcmnist_224,convnext,5,0.1,42,avg_head,avg_head,,,test,0.1336416747809153,0.13174431432411451,0.6786663729130944,0.09954304436570571,0.2371765283769912,2.2692562054984178,8216,11,11,11,6,0.22334469328140213,9,0.4946445959104187,2.214713896457766,0.2712999026290166,3.759680042530083,11,0.5522901161416083,0.9691048484663831,0.1838038963607595,0.6006572541382669,0.19456202575719173,0.013285 0.000000 0.038005 0.000000 0.006878 0.352381 0.069210 0.367942 0.012567 0.450667 0.138254,0.305556 0.000000 0.238806 0.000000 0.217391 0.111686 0.654639 0.427061 0.437500 0.083169 0.133133,0.025463 0.000000 0.065574 0.000000 0.013333 0.169614 0.125185 0.395303 0.024433 0.140424 0.135645,828 431 421 421 727 735 1835 549 557 750 962,36 2 67 23 23 2319 194 473 16 4064 999,0.079329 0.056742 0.081294 0.053035 0.077287 0.145585 0.082662 0.091981 0.046565 0.161146 0.124376,"[[11,0,9,0,1,279,1,1,0,483,43],[0,0,8,0,1,194,0,0,0,225,3],[1,0,16,0,1,177,0,0,0,218,8],[2,0,4,0,2,184,2,7,0,186,34],[2,1,2,0,5,242,0,12,0,284,179],[0,1,6,0,1,259,1,5,0,319,143],[11,0,10,6,6,265,127,100,2,1119,189],[2,0,3,12,0,73,28,202,7,151,71],[3,0,5,2,2,58,21,124,7,291,44],[2,0,2,0,3,238,8,7,0,338,152],[2,0,2,3,1,350,6,15,0,450,133]]",/data2/liyapeng_grp/program/MedMNISTMerge/outputs/prediction_diagnostics_full_avg_head_full_20260724c/shard_2/merged/small/organcmnist_224/convnext/clients_5/beta_0p1/seed_42/avg_head/merged.pt,/data2/liyapeng_grp/program/MedMNISTMerge/outputs/prediction_diagnostics_full_avg_head_full_20260724c/shard_2/merged/small/organcmnist_224/convnext/clients_5/beta_0p1/seed_42/avg_head,2026-07-24T16:38:34
OK,,15.60,merge,small,organcmnist_224,convnext,7,0,42,avg_head,avg_head,,,test,0.10869036027263876,0.08527643718697007,0.5785844017159234,0.07270928636071602,0.12387419612210629,2.3470065554253896,8216,11,11,11,6,0.22334469328140213,9,0.4513145082765336,2.020708446866485,0.22796981499513144,3.7073215885021544,11,0.5464415760590411,0.9896405262545609,0.14857965783227847,0.6192794547224927,0.17172619851833928,0.000000 0.000000 0.000000 0.002375 0.001376 0.058503 0.130790 0.072860 0.100539 0.178667 0.392931,0.000000 0.000000 0.000000 0.010638 0.031250 0.290541 0.360360 0.261438 0.250000 0.036138 0.122251,0.000000 0.000000 0.000000 0.003883 0.002635 0.097395 0.191923 0.113960 0.143406 0.060117 0.186482,828 431 421 421 727 735 1835 549 557 750 962,4 67 28 94 32 148 666 153 224 3708 3092,0.063871 0.083154 0.074108 0.078838 0.076546 0.088534 0.101391 0.081528 0.091044 0.132433 0.128551,"[[0,11,1,1,2,5,47,1,7,406,347],[0,0,0,0,0,11,0,0,2,199,219],[0,0,0,0,0,6,1,0,0,192,222],[0,0,0,1,1,2,20,0,12,301,84],[1,5,5,4,1,27,43,4,8,239,390],[0,10,3,8,2,43,36,0,8,295,330],[0,7,6,29,11,12,240,84,56,966,424],[2,8,6,31,4,5,43,40,62,223,125],[1,3,2,9,2,5,87,21,56,247,124],[0,9,3,3,9,15,121,2,5,134,449],[0,14,2,8,0,17,28,1,8,506,378]]",/data2/liyapeng_grp/program/MedMNISTMerge/outputs/prediction_diagnostics_full_avg_head_full_20260724c/shard_2/merged/small/organcmnist_224/convnext/clients_7/beta_0/seed_42/avg_head/merged.pt,/data2/liyapeng_grp/program/MedMNISTMerge/outputs/prediction_diagnostics_full_avg_head_full_20260724c/shard_2/merged/small/organcmnist_224/convnext/clients_7/beta_0/seed_42/avg_head,2026-07-24T16:38:49
OK,,15.60,merge,small,organcmnist_224,convnext,7,0.01,42,avg_head,avg_head,,,test,0.11550632911392406,0.12337725167102791,0.6154977219824304,0.09690860117619918,0.1726330843375681,2.3484453686024223,8216,11,11,11,6,0.22334469328140213,1,0.2400194741966894,1.0746594005449592,0.016674780915287263,6.810783845713252,11,0.8000796521272977,0.9924092625429014,0.141170572282741,0.4507059396299902,0.16994236797629783,0.210145 0.419954 0.000000 0.000000 0.002751 0.327891 0.049591 0.091075 0.035907 0.101333 0.118503,0.242678 0.091785 0.000000 0.000000 0.064516 0.155184 0.554878 0.308642 0.317460 0.039095 0.124726,0.225243 0.150645 0.000000 0.000000 0.005277 0.210664 0.091046 0.140647 0.064516 0.056422 0.121535,828 431 421 421 727 735 1835 549 557 750 962,717 1972 125 571 31 1553 164 162 63 1944 914,0.100817 0.113306 0.074471 0.082602 0.072527 0.112338 0.079328 0.074950 0.069647 0.112891 0.107121,"[[174,296,6,4,0,99,3,0,0,119,127],[38,181,0,0,0,68,0,0,0,56,88],[65,185,0,0,0,63,0,0,0,38,70],[14,59,3,0,0,87,4,2,1,215,36],[24,229,3,18,2,242,1,0,0,91,117],[42,259,2,15,0,241,3,0,0,100,73],[139,132,65,227,9,244,91,66,29,704,129],[31,63,19,144,9,84,6,50,11,111,21],[49,22,11,96,6,71,33,44,20,187,18],[56,299,13,30,5,129,21,0,0,76,121],[85,247,3,37,0,225,2,0,2,247,114]]",/data2/liyapeng_grp/program/MedMNISTMerge/outputs/prediction_diagnostics_full_avg_head_full_20260724c/shard_2/merged/small/organcmnist_224/convnext/clients_7/beta_0p01/seed_42/avg_head/merged.pt,/data2/liyapeng_grp/program/MedMNISTMerge/outputs/prediction_diagnostics_full_avg_head_full_20260724c/shard_2/merged/small/organcmnist_224/convnext/clients_7/beta_0p01/seed_42/avg_head,2026-07-24T16:39:05
OK,,15.81,merge,small,organcmnist_224,convnext,7,0.1,42,avg_head,avg_head,,,test,0.12232229795520935,0.13686098353949375,0.6596887993604986,0.07540451013631728,0.1631541709411581,2.3654786344860637,8216,11,11,11,6,0.22334469328140213,9,0.8619766309639727,3.859400544959128,0.6386319376825705,1.7797494327623622,10,0.24040774124862044,0.9541122424996503,0.21279173259493672,0.7706913339824732,0.2390718289272262,0.009662 0.000000 0.121140 0.000000 0.005502 0.000000 0.009809 0.471767 0.003591 0.884000 0.000000,0.098765 0.000000 0.126866 0.000000 0.048780 0.000000 0.600000 0.493333 0.333333 0.093618 0.000000,0.017602 0.000000 0.123937 0.000000 0.009889 0.000000 0.019303 0.482309 0.007105 0.169305 0.000000,828 431 421 421 727 735 1835 549 557 750 962,81 0 402 2 82 4 30 525 6 7082 2,0.101644 0.041881 0.134054 0.049118 0.090418 0.076366 0.070731 0.102622 0.051353 0.208946 0.072867,"[[8,0,37,0,11,0,0,5,0,766,1],[0,0,58,0,0,0,0,0,0,373,0],[0,0,51,0,3,0,0,0,0,367,0],[2,0,11,0,2,0,2,1,0,403,0],[1,0,78,0,4,0,0,4,0,640,0],[0,0,67,1,5,0,0,9,0,653,0],[28,0,25,1,17,0,18,112,2,1631,1],[2,0,14,0,12,0,5,259,2,255,0],[6,0,9,0,12,0,2,114,2,412,0],[33,0,37,0,14,0,3,0,0,663,0],[1,0,15,0,2,4,0,21,0,919,0]]",/data2/liyapeng_grp/program/MedMNISTMerge/outputs/prediction_diagnostics_full_avg_head_full_20260724c/shard_2/merged/small/organcmnist_224/convnext/clients_7/beta_0p1/seed_42/avg_head/merged.pt,/data2/liyapeng_grp/program/MedMNISTMerge/outputs/prediction_diagnostics_full_avg_head_full_20260724c/shard_2/merged/small/organcmnist_224/convnext/clients_7/beta_0p1/seed_42/avg_head,2026-07-24T16:39:20
OK,,10.92,merge,small,organcmnist_224,resnet,3,0,42,avg_head,avg_head,,,test,0.07801850048685492,0.06063446620884567,0.6057895231770308,0.04601356324462262,0.11166548860730906,2.3259221479050023,8216,11,11,11,6,0.22334469328140213,9,0.4819863680623174,2.1580381471389645,0.25864167478091526,3.2993835821929376,8,0.49782643607968236,0.9940705732695547,0.1219314827775073,0.6627312560856865,0.13766359822832033,0.164251 0.018561 0.000000 0.000000 0.011004 0.032653 0.117166 0.000000 0.000000 0.288000 0.035343,0.044401 0.380952 0.000000 0.000000 0.030534 0.171429 0.396679 0.000000 0.000000 0.054545 0.149780,0.069905 0.035398 0.000000 0.000000 0.016178 0.054857 0.180900 0.000000 0.000000 0.091720 0.057191,828 431 421 421 727 735 1835 549 557 750 962,3063 21 0 0 262 140 542 1 0 3960 227,0.112291 0.075567 0.065376 0.070920 0.092672 0.094584 0.103025 0.087528 0.084809 0.113483 0.099744,"[[136,4,0,0,56,0,1,0,0,607,24],[16,8,0,0,2,9,1,0,0,394,1],[11,6,0,0,2,7,0,0,0,395,0],[106,0,0,0,13,1,15,0,0,277,9],[63,0,0,0,8,29,47,0,0,527,53],[59,1,0,0,17,24,63,0,0,503,68],[1442,0,0,0,0,1,215,0,0,173,4],[318,0,0,0,0,64,99,0,0,60,8],[451,0,0,0,0,2,35,1,0,62,6],[329,2,0,0,147,1,35,0,0,216,20],[132,0,0,0,17,2,31,0,0,746,34]]",/data2/liyapeng_grp/program/MedMNISTMerge/outputs/prediction_diagnostics_full_avg_head_full_20260724c/shard_2/merged/small/organcmnist_224/resnet/clients_3/beta_0/seed_42/avg_head/merged.pt,/data2/liyapeng_grp/program/MedMNISTMerge/outputs/prediction_diagnostics_full_avg_head_full_20260724c/shard_2/merged/small/organcmnist_224/resnet/clients_3/beta_0/seed_42/avg_head,2026-07-24T16:39:36
OK,,10.84,merge,small,organcmnist_224,resnet,3,0.01,42,avg_head,avg_head,,,test,0.10382181110029211,0.10719171711514397,0.5768076710594044,0.04339548203208861,0.16586366754034654,2.3827609142983204,8216,11,11,11,6,0.22334469328140213,5,0.9388997078870497,4.203814713896458,0.7155550146056475,1.3488015049319355,5,0.12478294086289372,0.979771326258795,0.15785319802823758,0.8494401168451803,0.21344497978606208,0.072464 0.078886 0.000000 0.000000 0.000000 0.985034 0.002725 0.000000 0.000000 0.040000 0.000000,0.300000 0.225166 0.000000 0.000000 0.000000 0.093855 1.000000 0.000000 0.000000 0.205479 0.000000,0.116732 0.116838 0.000000 0.000000 0.000000 0.171381 0.005435 0.000000 0.000000 0.066964 0.000000,828 431 421 421 727 735 1835 549 557 750 962,200 151 0 0 0 7714 5 0 0 146 0,0.081138 0.103806 0.061069 0.075983 0.068379 0.157522 0.088105 0.048321 0.096800 0.121746 0.097132,"[[60,27,0,0,0,723,0,0,0,18,0],[22,34,0,0,0,368,0,0,0,7,0],[26,28,0,0,0,362,0,0,0,5,0],[3,19,0,0,0,375,0,0,0,24,0],[1,0,0,0,0,724,0,0,0,2,0],[9,0,0,0,0,724,0,0,0,2,0],[0,0,0,0,0,1784,5,0,0,46,0],[0,0,0,0,0,549,0,0,0,0,0],[0,0,0,0,0,557,0,0,0,0,0],[70,43,0,0,0,607,0,0,0,30,0],[9,0,0,0,0,941,0,0,0,12,0]]",/data2/liyapeng_grp/program/MedMNISTMerge/outputs/prediction_diagnostics_full_avg_head_full_20260724c/shard_2/merged/small/organcmnist_224/resnet/clients_3/beta_0p01/seed_42/avg_head/merged.pt,/data2/liyapeng_grp/program/MedMNISTMerge/outputs/prediction_diagnostics_full_avg_head_full_20260724c/shard_2/merged/small/organcmnist_224/resnet/clients_3/beta_0p01/seed_42/avg_head,2026-07-24T16:39:47
OK,,10.88,merge,small,organcmnist_224,resnet,3,0.1,42,avg_head,avg_head,,,test,0.25499026290165533,0.1842008397075354,0.7416468890075714,0.12012905723803655,0.3208546875205519,2.228987265701071,8216,11,11,11,6,0.22334469328140213,9,0.4419425511197663,1.9787465940054498,0.2185978578383642,3.476971727450877,9,0.5196898028965666,0.9895191360123985,0.14751846625486856,0.5662122687439144,0.16749792652289985,0.006039 0.000000 0.000000 0.028504 0.107290 0.001361 0.443052 0.009107 0.001795 0.918667 0.510395,0.192308 0.000000 0.000000 0.352941 0.146067 1.000000 0.656174 0.312500 0.500000 0.189755 0.179656,0.011710 0.000000 0.000000 0.052747 0.123711 0.002717 0.528953 0.017699 0.003578 0.314540 0.265765,828 431 421 421 727 735 1835 549 557 750 962,26 0 0 34 534 1 1239 16 2 3631 2733,0.080315 0.070426 0.059947 0.095093 0.108772 0.060864 0.104906 0.091034 0.091854 0.119132 0.117656,"[[5,0,0,0,47,0,28,0,0,567,181],[4,0,0,0,21,0,0,0,0,374,32],[2,0,0,1,6,0,0,0,0,352,60],[0,0,0,12,30,0,51,0,0,248,80],[1,0,0,1,78,0,12,0,0,289,346],[3,0,0,2,64,1,52,1,0,327,285],[2,0,0,11,176,0,813,6,1,366,460],[2,0,0,0,27,0,26,5,0,27,462],[0,0,0,4,23,0,168,3,1,37,321],[6,0,0,2,17,0,20,1,0,689,15],[1,0,0,1,45,0,69,0,0,355,491]]",/data2/liyapeng_grp/program/MedMNISTMerge/outputs/prediction_diagnostics_full_avg_head_full_20260724c/shard_2/merged/small/organcmnist_224/resnet/clients_3/beta_0p1/seed_42/avg_head/merged.pt,/data2/liyapeng_grp/program/MedMNISTMerge/outputs/prediction_diagnostics_full_avg_head_full_20260724c/shard_2/merged/small/organcmnist_224/resnet/clients_3/beta_0p1/seed_42/avg_head,2026-07-24T16:39:58
OK,,10.98,merge,small,organcmnist_224,resnet,5,0,42,avg_head,avg_head,,,test,0.07156767283349562,0.057152001547638755,0.4680236392006531,0.03549768019107833,0.03038914792517283,2.3727635102239533,8216,11,11,11,6,0.22334469328140213,9,0.377921129503408,1.692098092643052,0.15457643622200587,4.219349752934868,5,0.6003936224924948,0.9974558478167276,0.10800786004442552,0.4704235637779941,0.14414023529268505,0.240338 0.000000 0.000000 0.000000 0.002751 0.000000 0.072480 0.000000 0.000000 0.222667 0.090437,0.085261 0.000000 0.000000 0.000000 0.004032 0.000000 0.101141 0.000000 0.000000 0.053784 0.090062,0.125870 0.000000 0.000000 0.000000 0.003271 0.000000 0.084444 0.000000 0.000000 0.086641 0.090249,828 431 421 421 727 735 1835 549 557 750 962,2334 0 0 0 496 0 1315 0 0 3105 966,0.103255 0.085044 0.076848 0.078930 0.098908 0.083838 0.101949 0.086428 0.081525 0.103309 0.099966,"[[199,0,0,0,9,0,131,0,0,464,25],[25,0,0,0,0,0,34,0,0,371,1],[31,0,0,0,0,0,30,0,0,360,0],[60,0,0,0,13,0,96,0,0,215,37],[91,0,0,0,2,0,189,0,0,406,39],[74,0,0,0,11,0,188,0,0,409,53],[919,0,0,0,274,0,133,0,0,88,421],[190,0,0,0,64,0,53,0,0,78,164],[327,0,0,0,50,0,26,0,0,52,102],[242,0,0,0,16,0,288,0,0,167,37],[176,0,0,0,57,0,147,0,0,495,87]]",/data2/liyapeng_grp/program/MedMNISTMerge/outputs/prediction_diagnostics_full_avg_head_full_20260724c/shard_2/merged/small/organcmnist_224/resnet/clients_5/beta_0/seed_42/avg_head/merged.pt,/data2/liyapeng_grp/program/MedMNISTMerge/outputs/prediction_diagnostics_full_avg_head_full_20260724c/shard_2/merged/small/organcmnist_224/resnet/clients_5/beta_0/seed_42/avg_head,2026-07-24T16:40:09
OK,,10.92,merge,small,organcmnist_224,resnet,5,0.01,42,avg_head,avg_head,,,test,0.10710808179162609,0.1540882775016388,0.615485234489259,0.06423037406306954,0.04474306257926229,2.3865841992758035,8216,11,11,11,6,0.22334469328140213,8,0.7193281402142162,3.2207084468664853,0.49598344693281404,2.196377646477747,4,0.32812503863306913,0.9951955544332074,0.1188051990780185,0.8128042843232716,0.19584819051570984,0.000000 0.477958 0.000000 0.000000 0.000000 0.000000 0.000000 0.484517 0.732496 0.000000 0.000000,0.000000 0.158462 0.000000 0.000000 0.000000 0.000000 0.000000 0.264677 0.069036 0.000000 0.000000,0.000000 0.238013 0.000000 0.000000 0.000000 0.000000 0.000000 0.342342 0.126179 0.000000 0.000000,828 431 421 421 727 735 1835 549 557 750 962,0 1300 0 0 0 1 0 1005 5910 0 0,0.075708 0.100719 0.067721 0.079034 0.092042 0.099466 0.089733 0.107548 0.116820 0.083346 0.087863,"[[0,269,0,0,0,0,0,7,552,0,0],[0,206,0,0,0,0,0,2,223,0,0],[0,190,0,0,0,0,0,2,229,0,0],[0,84,0,0,0,0,0,65,272,0,0],[0,16,0,0,0,0,0,31,680,0,0],[0,32,0,0,0,0,0,21,682,0,0],[0,27,0,0,0,0,0,390,1418,0,0],[0,4,0,0,0,1,0,266,278,0,0],[0,0,0,0,0,0,0,149,408,0,0],[0,307,0,0,0,0,0,14,429,0,0],[0,165,0,0,0,0,0,58,739,0,0]]",/data2/liyapeng_grp/program/MedMNISTMerge/outputs/prediction_diagnostics_full_avg_head_full_20260724c/shard_2/merged/small/organcmnist_224/resnet/clients_5/beta_0p01/seed_42/avg_head/merged.pt,/data2/liyapeng_grp/program/MedMNISTMerge/outputs/prediction_diagnostics_full_avg_head_full_20260724c/shard_2/merged/small/organcmnist_224/resnet/clients_5/beta_0p01/seed_42/avg_head,2026-07-24T16:40:20
OK,,10.96,merge,small,organcmnist_224,resnet,5,0.1,42,avg_head,avg_head,,,test,0.28858325219084713,0.21441968385891316,0.7305741697982735,0.1290537947132314,0.15675606844940593,2.267643974029333,8216,11,11,11,6,0.22334469328140213,5,0.3785296981499513,1.6948228882833787,0.15518500486854916,3.402605565668169,7,0.5106734622091722,0.9862223455240816,0.13864192201192793,0.560126582278481,0.14014546677873818,0.020531 0.004640 0.092637 0.000000 0.000000 0.806803 0.594005 0.000000 0.000000 0.840000 0.000000,0.102410 0.333333 0.322314 0.000000 0.000000 0.190675 0.554143 0.000000 0.000000 0.221441 0.000000,0.034205 0.009153 0.143911 0.000000 0.000000 0.308453 0.573382 0.000000 0.000000 0.350487 0.000000,828 431 421 421 727 735 1835 549 557 750 962,166 6 121 0 1 3110 1967 0 0 2845 0,0.104687 0.085379 0.081084 0.050966 0.091481 0.125460 0.117264 0.072215 0.062241 0.120369 0.088852,"[[17,0,29,0,0,247,70,0,0,465,0],[5,2,34,0,0,130,0,0,0,260,0],[3,0,39,0,0,140,0,0,0,239,0],[1,0,2,0,0,174,41,0,0,203,0],[0,0,3,0,0,610,11,0,0,103,0],[10,0,8,0,0,593,8,0,0,116,0],[63,0,0,0,0,285,1090,0,0,397,0],[0,0,2,0,0,278,244,0,0,25,0],[3,0,2,0,0,183,332,0,0,37,0],[54,2,1,0,0,52,11,0,0,630,0],[10,2,1,0,1,418,160,0,0,370,0]]",/data2/liyapeng_grp/program/MedMNISTMerge/outputs/prediction_diagnostics_full_avg_head_full_20260724c/shard_2/merged/small/organcmnist_224/resnet/clients_5/beta_0p1/seed_42/avg_head/merged.pt,/data2/liyapeng_grp/program/MedMNISTMerge/outputs/prediction_diagnostics_full_avg_head_full_20260724c/shard_2/merged/small/organcmnist_224/resnet/clients_5/beta_0p1/seed_42/avg_head,2026-07-24T16:40:31
OK,,11.13,merge,small,organcmnist_224,resnet,7,0,42,avg_head,avg_head,,,test,0.1174537487828627,0.09155520168968251,0.4960528912242705,0.046258131532440516,0.03867222172436856,2.371368319057327,8216,11,11,11,6,0.22334469328140213,10,0.6047955209347614,2.7079019073569484,0.38145082765335925,3.013910597472339,5,0.4600861638377297,0.9978538915441265,0.10629697389240507,0.5569620253164557,0.1383121418015534,0.310386 0.000000 0.000000 0.000000 0.000000 0.000000 0.047411 0.000000 0.008977 0.000000 0.640333,0.183966 0.000000 0.000000 0.000000 0.000000 0.000000 0.064829 0.000000 0.052632 0.000000 0.123969,0.231011 0.000000 0.000000 0.000000 0.000000 0.000000 0.054769 0.000000 0.015337 0.000000 0.207722,828 431 421 421 727 735 1835 549 557 750 962,1397 0 0 0 0 0 1342 0 95 413 4969,0.101428 0.086540 0.076744 0.077071 0.085043 0.090535 0.100723 0.085322 0.094817 0.096935 0.104841,"[[257,0,0,0,0,0,314,0,12,29,216],[165,0,0,0,0,0,106,0,0,108,52],[201,0,0,0,0,0,84,0,4,78,54],[43,0,0,0,0,0,69,0,0,22,287],[115,0,0,0,0,0,58,0,32,59,463],[137,0,0,0,0,0,89,0,16,63,430],[152,0,0,0,0,0,87,0,4,6,1586],[51,0,0,0,0,0,13,0,1,6,478],[73,0,0,0,0,0,8,0,5,0,471],[97,0,0,0,0,0,337,0,0,0,316],[106,0,0,0,0,0,177,0,21,42,616]]",/data2/liyapeng_grp/program/MedMNISTMerge/outputs/prediction_diagnostics_full_avg_head_full_20260724c/shard_2/merged/small/organcmnist_224/resnet/clients_7/beta_0/seed_42/avg_head/merged.pt,/data2/liyapeng_grp/program/MedMNISTMerge/outputs/prediction_diagnostics_full_avg_head_full_20260724c/shard_2/merged/small/organcmnist_224/resnet/clients_7/beta_0/seed_42/avg_head,2026-07-24T16:40:42
OK,,11.02,merge,small,organcmnist_224,resnet,7,0.01,42,avg_head,avg_head,,,test,0.10905550146056475,0.10531448231204683,0.5251497988510997,0.07119680000008376,0.06293335940536829,2.385426492514606,8216,11,11,11,6,0.22334469328140213,0,0.34870983446932813,1.561307901907357,0.125365141187926,4.08355571570761,5,0.5867512746656995,0.9973494813952942,0.10885724120618306,0.566333982473223,0.1496660983278368,0.588164 0.129930 0.000000 0.000000 0.000000 0.262585 0.000000 0.000000 0.000000 0.052000 0.125780,0.169983 0.194444 0.000000 0.000000 0.000000 0.250324 0.000000 0.000000 0.000000 0.017016 0.060500,0.263742 0.155772 0.000000 0.000000 0.000000 0.256308 0.000000 0.000000 0.000000 0.025641 0.081702,828 431 421 421 727 735 1835 549 557 750 962,2865 288 0 0 0 771 0 0 0 2292 2000,0.103922 0.092904 0.078217 0.079620 0.086445 0.101072 0.089041 0.077181 0.084029 0.103801 0.103767,"[[487,49,0,0,0,11,0,0,0,223,58],[147,56,0,0,0,9,0,0,0,217,2],[186,26,0,0,0,6,0,0,0,199,4],[81,44,0,0,0,16,0,0,0,193,87],[116,10,0,0,0,220,0,0,0,287,94],[157,15,0,0,0,193,0,0,0,300,70],[735,5,0,0,0,53,0,0,0,157,885],[22,3,0,0,0,98,0,0,0,157,269],[71,3,0,0,0,26,0,0,0,106,351],[604,26,0,0,0,22,0,0,0,39,59],[259,51,0,0,0,117,0,0,0,414,121]]",/data2/liyapeng_grp/program/MedMNISTMerge/outputs/prediction_diagnostics_full_avg_head_full_20260724c/shard_2/merged/small/organcmnist_224/resnet/clients_7/beta_0p01/seed_42/avg_head/merged.pt,/data2/liyapeng_grp/program/MedMNISTMerge/outputs/prediction_diagnostics_full_avg_head_full_20260724c/shard_2/merged/small/organcmnist_224/resnet/clients_7/beta_0p01/seed_42/avg_head,2026-07-24T16:40:53
OK,,11.05,merge,small,organcmnist_224,resnet,7,0.1,42,avg_head,avg_head,,,test,0.24647030185004867,0.1516214864494775,0.7534174866886201,0.07036695391653684,0.16585080640468255,2.2677019782284566,8216,11,11,11,6,0.22334469328140213,9,0.5960321324245375,2.6686648501362398,0.3726874391431353,2.0233648724860385,7,0.29390854221042295,0.9919164223466934,0.13321211089642163,0.680744888023369,0.129144338193082,0.002415 0.000000 0.000000 0.000000 0.001376 0.001361 0.713351 0.000000 0.000000 0.949333 0.000000,0.080000 0.000000 0.000000 0.000000 1.000000 0.200000 0.398964 0.000000 0.000000 0.145395 0.000000,0.004689 0.000000 0.000000 0.000000 0.002747 0.002703 0.511728 0.000000 0.000000 0.252169 0.000000,828 431 421 421 727 735 1835 549 557 750 962,25 0 2 0 1 5 3281 0 0 4897 5,0.094027 0.074692 0.082628 0.065491 0.087076 0.100735 0.118027 0.070084 0.081525 0.124292 0.101424,"[[2,0,1,0,0,0,115,0,0,710,0],[0,0,1,0,0,0,5,0,0,425,0],[0,0,0,0,0,0,9,0,0,412,0],[0,0,0,0,0,0,122,0,0,299,0],[3,0,0,0,1,4,189,0,0,529,1],[9,0,0,0,0,1,190,0,0,535,0],[0,0,0,0,0,0,1309,0,0,525,1],[0,0,0,0,0,0,450,0,0,98,1],[0,0,0,0,0,0,488,0,0,67,2],[11,0,0,0,0,0,27,0,0,712,0],[0,0,0,0,0,0,377,0,0,585,0]]",/data2/liyapeng_grp/program/MedMNISTMerge/outputs/prediction_diagnostics_full_avg_head_full_20260724c/shard_2/merged/small/organcmnist_224/resnet/clients_7/beta_0p1/seed_42/avg_head/merged.pt,/data2/liyapeng_grp/program/MedMNISTMerge/outputs/prediction_diagnostics_full_avg_head_full_20260724c/shard_2/merged/small/organcmnist_224/resnet/clients_7/beta_0p1/seed_42/avg_head,2026-07-24T16:41:04
OK,,16.86,merge,small,organcmnist_224,swin_tiny,3,0,42,avg_head,avg_head,,,test,0.14423076923076922,0.1486086099544387,0.657035718968885,0.10052867102453343,0.17566142660590114,2.338798723527264,8216,11,11,11,6,0.22334469328140213,7,0.5578140214216164,2.497547683923706,0.33446932814021424,4.647353476513725,11,0.6406859924896671,0.9971661695683716,0.11914585488680624,0.5638997078870498,0.18779076769806802,0.032609 0.013921 0.002375 0.000000 0.079780 0.140136 0.150409 0.918033 0.082585 0.201333 0.013514,0.375000 0.157895 0.008065 0.000000 0.152231 0.222462 0.547619 0.109972 0.039792 0.277574 0.041667,0.060000 0.025586 0.003670 0.000000 0.104693 0.171953 0.235998 0.196415 0.053707 0.233385 0.020408,828 431 421 421 727 735 1835 549 557 750 962,72 38 124 39 381 463 504 4583 1156 544 312,0.081116 0.073837 0.086322 0.088282 0.097361 0.084873 0.088364 0.114505 0.105075 0.091736 0.088529,"[[27,15,53,6,19,86,35,360,114,81,32],[1,6,7,2,3,12,1,253,98,47,1],[0,7,1,1,22,28,0,209,109,44,0],[1,0,8,0,39,0,4,196,156,6,11],[13,4,10,1,58,111,16,314,125,71,4],[5,3,12,0,26,103,14,391,104,73,4],[2,0,13,12,134,39,276,1023,155,27,154],[0,0,0,0,4,0,0,504,41,0,0],[1,0,0,0,15,1,0,494,46,0,0],[0,3,16,14,8,26,143,217,79,151,93],[22,0,4,3,53,57,15,622,129,44,13]]",/data2/liyapeng_grp/program/MedMNISTMerge/outputs/prediction_diagnostics_full_avg_head_full_20260724c/shard_2/merged/small/organcmnist_224/swin_tiny/clients_3/beta_0/seed_42/avg_head/merged.pt,/data2/liyapeng_grp/program/MedMNISTMerge/outputs/prediction_diagnostics_full_avg_head_full_20260724c/shard_2/merged/small/organcmnist_224/swin_tiny/clients_3/beta_0/seed_42/avg_head,2026-07-24T16:41:15
OK,,16.81,merge,small,organcmnist_224,swin_tiny,3,0.01,42,avg_head,avg_head,,,test,0.24306231742940604,0.1881903996874798,0.6783855887042498,0.1610109139435145,0.2571685744988131,2.2987314909551486,8216,11,11,11,6,0.22334469328140213,5,0.34980525803310614,1.5662125340599455,0.126460564751704,6.157475678451818,11,0.7580259745777782,0.998101408200806,0.11984547110820351,0.40981012658227856,0.16650427077678312,0.020531 0.039443 0.277910 0.016627 0.103164 0.669388 0.489373 0.021858 0.059246 0.138667 0.233888,0.170000 0.188889 0.113703 0.061404 0.066138 0.171190 0.693972 0.400000 0.423077 0.348993 0.191489,0.036638 0.065259 0.161379 0.026168 0.080602 0.272652 0.573985 0.041451 0.103937 0.198473 0.210576,828 431 421 421 727 735 1835 549 557 750 962,100 90 1029 114 1134 2874 1294 30 78 298 1175,0.082305 0.083092 0.096277 0.089980 0.098033 0.106655 0.094103 0.074752 0.085184 0.091320 0.098300,"[[17,27,210,9,54,302,32,0,4,46,127],[3,17,157,0,25,200,0,0,0,4,25],[0,23,117,3,35,217,0,0,6,5,15],[0,0,99,7,98,97,10,0,10,11,89],[5,5,85,3,75,496,6,0,0,4,48],[0,15,100,2,60,492,5,2,2,14,43],[28,0,48,36,216,261,898,2,0,41,305],[9,0,34,9,205,114,42,12,19,29,76],[16,0,13,29,138,55,136,13,33,24,100],[1,1,78,6,41,283,114,0,0,104,122],[21,2,88,10,187,357,51,1,4,16,225]]",/data2/liyapeng_grp/program/MedMNISTMerge/outputs/prediction_diagnostics_full_avg_head_full_20260724c/shard_2/merged/small/organcmnist_224/swin_tiny/clients_3/beta_0p01/seed_42/avg_head/merged.pt,/data2/liyapeng_grp/program/MedMNISTMerge/outputs/prediction_diagnostics_full_avg_head_full_20260724c/shard_2/merged/small/organcmnist_224/swin_tiny/clients_3/beta_0p01/seed_42/avg_head,2026-07-24T16:41:32
OK,,16.84,merge,small,organcmnist_224,swin_tiny,3,0.1,42,avg_head,avg_head,,,test,0.12548685491723466,0.14286268719431647,0.6552602606393064,0.06036237148460377,0.06081214597690836,2.430070826930684,8216,11,11,11,6,0.22334469328140213,7,0.6640701071080818,2.9732970027247956,0.4407254138266796,2.505600870559331,6,0.38305616791504327,0.9803936648443969,0.15101369469632425,0.7108081791626095,0.23222723578101048,0.000000 0.000000 0.000000 0.007126 0.000000 0.001361 0.000000 0.989071 0.000000 0.321333 0.252599,0.000000 0.000000 0.000000 0.058824 0.000000 0.111111 0.000000 0.099523 0.000000 0.257204 0.142272,0.000000 0.000000 0.000000 0.012712 0.000000 0.002688 0.000000 0.180849 0.000000 0.285714 0.182022,828 431 421 421 727 735 1835 549 557 750 962,0 0 0 51 55 9 0 5456 0 937 1708,0.078042 0.071368 0.091958 0.103419 0.071966 0.064978 0.055933 0.145816 0.066718 0.124214 0.125588,"[[0,0,0,5,8,0,0,406,0,100,309],[0,0,0,2,0,0,0,287,0,12,130],[0,0,0,1,0,0,0,297,0,23,100],[0,0,0,3,0,0,0,346,0,13,59],[0,0,0,5,0,0,0,369,0,84,269],[0,0,0,4,0,1,0,417,0,114,199],[0,0,0,21,9,4,0,1283,0,227,291],[0,0,0,0,0,0,0,543,0,5,1],[0,0,0,1,0,0,0,530,0,20,6],[0,0,0,7,38,4,0,359,0,241,101],[0,0,0,2,0,0,0,619,0,98,243]]",/data2/liyapeng_grp/program/MedMNISTMerge/outputs/prediction_diagnostics_full_avg_head_full_20260724c/shard_2/merged/small/organcmnist_224/swin_tiny/clients_3/beta_0p1/seed_42/avg_head/merged.pt,/data2/liyapeng_grp/program/MedMNISTMerge/outputs/prediction_diagnostics_full_avg_head_full_20260724c/shard_2/merged/small/organcmnist_224/swin_tiny/clients_3/beta_0p1/seed_42/avg_head,2026-07-24T16:41:49
OK,,17.05,merge,small,organcmnist_224,swin_tiny,5,0,42,avg_head,avg_head,,,test,0.2618062317429406,0.1734526163281722,0.633959964390404,0.12746431158500052,0.14263641737579283,2.3370391043390946,8216,11,11,11,6,0.22334469328140213,6,0.4023855890944499,1.8016348773841964,0.17904089581304775,5.406186984060945,11,0.7037605247593991,0.9991611829350339,0.10971803303006329,0.43354430379746844,0.16346405023596441,0.105072 0.032483 0.004751 0.000000 0.328748 0.024490 0.773842 0.551913 0.010772 0.052000 0.023909,0.203747 0.175000 0.019048 0.000000 0.129539 0.064516 0.429522 0.199080 0.041379 0.139286 0.167883,0.138645 0.054795 0.007605 0.000000 0.185848 0.035503 0.552422 0.292612 0.017094 0.075728 0.041856,828 431 421 421 727 735 1835 549 557 750 962,427 80 105 90 1845 279 3306 1522 145 280 137,0.088914 0.083007 0.085822 0.083395 0.098058 0.091767 0.101800 0.096976 0.091942 0.090721 0.087598,"[[87,27,4,25,266,8,230,106,5,34,36],[12,14,6,28,134,1,15,152,10,52,7],[13,9,2,22,142,0,24,162,15,31,1],[24,3,39,0,86,42,66,116,25,2,18],[79,9,1,0,239,28,244,80,8,24,15],[26,14,0,2,220,18,232,142,16,49,16],[23,0,22,1,206,69,1420,60,12,13,9],[20,0,17,0,80,5,105,303,19,0,0],[30,0,9,1,53,3,217,238,6,0,0],[0,0,0,0,167,15,496,16,5,39,12],[113,4,5,11,252,90,257,147,24,36,23]]",/data2/liyapeng_grp/program/MedMNISTMerge/outputs/prediction_diagnostics_full_avg_head_full_20260724c/shard_2/merged/small/organcmnist_224/swin_tiny/clients_5/beta_0/seed_42/avg_head/merged.pt,/data2/liyapeng_grp/program/MedMNISTMerge/outputs/prediction_diagnostics_full_avg_head_full_20260724c/shard_2/merged/small/organcmnist_224/swin_tiny/clients_5/beta_0/seed_42/avg_head,2026-07-24T16:42:05
OK,,17.00,merge,small,organcmnist_224,swin_tiny,5,0.01,42,avg_head,avg_head,,,test,0.10552580331061344,0.12924676148318834,0.6361738390194259,0.07269726411186539,0.17779892447291737,2.371463645630477,8216,11,11,11,6,0.22334469328140213,7,0.4065238558909445,1.8201634877384196,0.18317916260954234,4.175074977509863,10,0.5959944677478543,0.9981194598587437,0.112918248311222,0.6808666017526777,0.19253038359775804,0.004831 0.146172 0.104513 0.000000 0.006878 0.047619 0.076294 0.657559 0.355476 0.021333 0.001040,0.363636 0.087500 0.158273 0.000000 0.019685 0.144628 0.619469 0.108084 0.064474 0.355556 0.034483,0.009535 0.109470 0.125894 0.000000 0.010194 0.071648 0.135856 0.185652 0.109151 0.040252 0.002018,828 431 421 421 727 735 1835 549 557 750 962,11 720 278 0 254 242 226 3340 3071 45 29,0.082988 0.095395 0.088789 0.081247 0.089986 0.088194 0.090271 0.107557 0.107599 0.085044 0.082930,"[[4,123,62,0,77,57,21,202,273,6,3],[0,63,81,0,29,4,0,98,153,2,1],[0,76,44,0,25,13,0,105,157,1,0],[1,12,38,0,13,4,5,151,183,0,14],[1,146,8,0,5,33,4,152,375,1,2],[1,166,3,0,4,35,5,166,343,11,1],[2,21,11,0,8,14,140,1012,619,5,3],[0,0,3,0,0,2,0,361,183,0,0],[0,0,0,0,0,3,0,356,198,0,0],[0,25,9,0,55,31,47,387,176,16,4],[2,88,19,0,38,46,4,350,411,3,1]]",/data2/liyapeng_grp/program/MedMNISTMerge/outputs/prediction_diagnostics_full_avg_head_full_20260724c/shard_2/merged/small/organcmnist_224/swin_tiny/clients_5/beta_0p01/seed_42/avg_head/merged.pt,/data2/liyapeng_grp/program/MedMNISTMerge/outputs/prediction_diagnostics_full_avg_head_full_20260724c/shard_2/merged/small/organcmnist_224/swin_tiny/clients_5/beta_0p01/seed_42/avg_head,2026-07-24T16:42:23
OK,,17.00,merge,small,organcmnist_224,swin_tiny,5,0.1,42,avg_head,avg_head,,,test,0.12950340798442064,0.12887044629982844,0.7262229053852809,0.06052619354041517,0.1811530664391319,2.335782267450706,8216,11,11,11,6,0.22334469328140213,9,0.7697176241480039,3.446321525885559,0.5463729308666018,2.010960142294013,8,0.29134395428994636,0.9932067199981558,0.12950221937378287,0.7823758519961052,0.19352927902381245,0.000000 0.000000 0.049881 0.000000 0.000000 0.274830 0.033243 0.076503 0.000000 0.980000 0.003119,0.000000 0.000000 0.262500 0.000000 0.000000 0.127124 0.938462 0.432990 0.000000 0.116224 0.115385,0.000000 0.000000 0.083832 0.000000 0.000000 0.173838 0.064211 0.130031 0.000000 0.207803 0.006073,828 431 421 421 727 735 1835 549 557 750 962,0 0 80 7 28 1589 65 97 0 6324 26,0.070511 0.081750 0.095235 0.077405 0.092522 0.115016 0.081467 0.089900 0.072737 0.127753 0.095705,"[[0,0,16,0,10,227,1,1,0,572,1],[0,0,39,0,4,86,0,0,0,299,3],[0,0,21,0,4,136,0,0,0,260,0],[0,0,4,0,0,171,0,1,0,242,3],[0,0,0,0,0,197,0,0,0,530,0],[0,0,0,0,0,202,0,1,0,528,4],[0,0,0,5,0,145,61,21,0,1598,5],[0,0,0,0,2,29,1,42,0,469,6],[0,0,0,1,0,59,1,28,0,468,0],[0,0,0,0,1,13,0,0,0,735,1],[0,0,0,1,7,324,1,3,0,623,3]]",/data2/liyapeng_grp/program/MedMNISTMerge/outputs/prediction_diagnostics_full_avg_head_full_20260724c/shard_2/merged/small/organcmnist_224/swin_tiny/clients_5/beta_0p1/seed_42/avg_head/merged.pt,/data2/liyapeng_grp/program/MedMNISTMerge/outputs/prediction_diagnostics_full_avg_head_full_20260724c/shard_2/merged/small/organcmnist_224/swin_tiny/clients_5/beta_0p1/seed_42/avg_head,2026-07-24T16:42:40
OK,,17.22,merge,small,organcmnist_224,swin_tiny,7,0,42,avg_head,avg_head,,,test,0.17490262901655307,0.16146593342477492,0.6430135242049624,0.1562695507463103,0.1784951667881466,2.360464480510589,8216,11,11,11,6,0.22334469328140213,4,0.2868792599805258,1.2844686648501364,0.06353456669912369,7.942537358981905,11,0.8641881963479557,0.9996947591628902,0.10340294471153846,0.26703992210321326,0.17097111380683894,0.181159 0.280742 0.133017 0.023753 0.137552 0.136054 0.293188 0.336976 0.078995 0.165333 0.009356,0.236220 0.200997 0.208178 0.093458 0.042427 0.207039 0.352094 0.220764 0.066566 0.183161 0.152542,0.205058 0.234269 0.162319 0.037879 0.064851 0.164204 0.319952 0.266763 0.072250 0.173791 0.017630,828 431 421 421 727 735 1835 549 557 750 962,635 602 269 107 2357 483 1528 838 661 677 59,0.087530 0.089319 0.086542 0.087608 0.096866 0.089775 0.095553 0.094121 0.092666 0.092861 0.087159,"[[150,97,53,6,174,40,129,40,64,66,9],[47,121,84,2,4,6,2,8,83,73,1],[37,119,56,8,6,9,7,12,99,68,0],[57,0,28,10,66,39,30,108,62,17,4],[77,119,10,4,100,94,124,56,67,71,5],[78,112,0,9,102,100,100,45,70,113,6],[5,3,8,28,1013,38,538,79,27,85,11],[9,0,9,1,196,1,76,185,60,7,5],[18,0,11,13,166,7,170,108,44,14,6],[1,2,1,8,338,13,167,83,10,124,3],[156,29,9,18,192,136,185,114,75,39,9]]",/data2/liyapeng_grp/program/MedMNISTMerge/outputs/prediction_diagnostics_full_avg_head_full_20260724c/shard_2/merged/small/organcmnist_224/swin_tiny/clients_7/beta_0/seed_42/avg_head/merged.pt,/data2/liyapeng_grp/program/MedMNISTMerge/outputs/prediction_diagnostics_full_avg_head_full_20260724c/shard_2/merged/small/organcmnist_224/swin_tiny/clients_7/beta_0/seed_42/avg_head,2026-07-24T16:42:57
OK,,17.20,merge,small,organcmnist_224,swin_tiny,7,0.01,42,avg_head,avg_head,,,test,0.14350048685491723,0.13368237954799572,0.6326607068286225,0.09397409851693252,0.16887757366988643,2.3666299227498175,8216,11,11,11,6,0.22334469328140213,0,0.46117332035053554,2.064850136239782,0.2378286270691334,5.068379578793888,11,0.6768523943573204,0.9993730546789188,0.10725000190177703,0.5563534566699123,0.16875186592363892,0.452899 0.559165 0.014252 0.004751 0.001376 0.005442 0.231063 0.154827 0.000000 0.018667 0.028067,0.098971 0.138347 0.008333 0.050000 0.002326 0.072727 0.589708 0.330739 0.000000 0.500000 0.066502,0.162443 0.221813 0.010517 0.008677 0.001729 0.010127 0.332028 0.210918 0.000000 0.035990 0.039474,828 431 421 421 727 735 1835 549 557 750 962,3789 1742 720 40 430 55 719 257 30 28 406,0.102256 0.098005 0.092677 0.086183 0.091442 0.088304 0.089609 0.090829 0.086180 0.084481 0.090032,"[[375,262,15,2,75,8,43,6,2,0,40],[172,241,4,0,7,0,0,4,0,3,0],[174,228,6,1,10,0,0,1,0,1,0],[235,15,96,2,8,10,7,22,12,1,13],[433,262,10,1,1,5,6,2,0,0,7],[402,289,7,0,0,4,11,1,0,3,18],[622,118,312,25,124,4,424,25,6,3,172],[306,48,58,0,19,0,26,85,4,0,3],[330,9,46,0,16,1,81,70,0,0,4],[46,130,146,7,133,6,113,28,5,14,122],[694,140,20,2,37,17,8,13,1,3,27]]",/data2/liyapeng_grp/program/MedMNISTMerge/outputs/prediction_diagnostics_full_avg_head_full_20260724c/shard_2/merged/small/organcmnist_224/swin_tiny/clients_7/beta_0p01/seed_42/avg_head/merged.pt,/data2/liyapeng_grp/program/MedMNISTMerge/outputs/prediction_diagnostics_full_avg_head_full_20260724c/shard_2/merged/small/organcmnist_224/swin_tiny/clients_7/beta_0p01/seed_42/avg_head,2026-07-24T16:43:14
OK,,17.24,merge,small,organcmnist_224,swin_tiny,7,0.1,42,avg_head,avg_head,,,test,0.127190847127556,0.15014533684735767,0.6951130500953587,0.04985634683352544,0.19174362293352357,2.361745089611733,8216,11,11,11,6,0.22334469328140213,9,0.7912609542356378,3.5427792915531335,0.5679162609542356,1.875983563311217,10,0.2623688766233147,0.9960340054755668,0.12253719875851996,0.8321567672833494,0.19035306263905127,0.004831 0.000000 0.629454 0.000000 0.000000 0.002721 0.014714 0.012750 0.001795 0.985333 0.000000,0.061538 0.000000 0.175846 0.000000 0.000000 0.666667 0.870968 0.109375 0.111111 0.113675 0.000000,0.008959 0.000000 0.274896 0.000000 0.000000 0.005420 0.028939 0.022838 0.003534 0.203834 0.000000,828 431 421 421 727 735 1835 549 557 750 962,65 0 1507 1 33 3 31 64 9 6501 2,0.094623 0.074876 0.106808 0.086402 0.091745 0.078979 0.086223 0.095990 0.083071 0.120788 0.080494,"[[4,0,271,0,14,0,0,0,0,539,0],[0,0,295,0,0,0,0,0,0,136,0],[0,0,265,0,0,0,0,1,0,155,0],[10,0,118,0,0,0,0,7,1,285,0],[3,0,101,0,0,0,0,0,0,623,0],[0,0,138,0,0,2,1,4,0,590,0],[20,0,29,1,5,0,27,29,6,1716,2],[4,0,39,0,0,0,0,7,1,498,0],[7,0,36,0,0,1,1,3,1,508,0],[1,0,1,0,4,0,0,5,0,739,0],[16,0,214,0,10,0,2,8,0,712,0]]",/data2/liyapeng_grp/program/MedMNISTMerge/outputs/prediction_diagnostics_full_avg_head_full_20260724c/shard_2/merged/small/organcmnist_224/swin_tiny/clients_7/beta_0p1/seed_42/avg_head/merged.pt,/data2/liyapeng_grp/program/MedMNISTMerge/outputs/prediction_diagnostics_full_avg_head_full_20260724c/shard_2/merged/small/organcmnist_224/swin_tiny/clients_7/beta_0p1/seed_42/avg_head,2026-07-24T16:43:31
OK,,11.49,merge,small,organcmnist_224,vit_t,3,0,42,avg_head,avg_head,,,test,0.11514118792599805,0.12648458964043238,0.5666577526553774,0.09935259765013199,0.12362969183643813,2.424385345666991,8216,11,11,11,6,0.22334469328140213,10,0.37694741966893863,1.6877384196185286,0.1536027263875365,6.447706081880064,11,0.7772334523831949,0.9876773664383288,0.16942123219936708,0.44522882181110024,0.17330739298770123,0.037440 0.320186 0.099762 0.040380 0.017882 0.107483 0.001635 0.222222 0.016158 0.076000 0.452183,0.101307 0.118863 0.143836 0.051051 0.040123 0.100765 0.076923 0.360947 0.187500 0.038153 0.140459,0.054674 0.173367 0.117812 0.045093 0.024738 0.104016 0.003202 0.275085 0.029752 0.050802 0.214339,828 431 421 421 727 735 1835 549 557 750 962,306 1161 292 333 324 784 39 338 48 1494 3097,0.093267 0.103129 0.077022 0.079258 0.081401 0.104762 0.070742 0.070070 0.061687 0.120153 0.138509,"[[31,298,12,54,14,126,5,12,0,112,164],[12,138,38,12,14,125,0,0,6,32,54],[3,155,42,21,6,98,1,1,3,29,62],[22,38,45,17,7,42,1,11,2,125,111],[5,85,10,35,13,105,4,59,2,49,360],[8,123,5,37,11,79,4,23,6,61,378],[47,32,65,35,63,70,3,34,4,584,898],[34,13,8,2,85,11,0,122,13,81,180],[121,11,5,3,20,13,1,36,9,243,95],[2,146,11,55,55,63,0,1,0,57,360],[21,122,51,62,36,52,20,39,3,121,435]]",/data2/liyapeng_grp/program/MedMNISTMerge/outputs/prediction_diagnostics_full_avg_head_full_20260724c/shard_3/merged/small/organcmnist_224/vit_t/clients_3/beta_0/seed_42/avg_head/merged.pt,/data2/liyapeng_grp/program/MedMNISTMerge/outputs/prediction_diagnostics_full_avg_head_full_20260724c/shard_3/merged/small/organcmnist_224/vit_t/clients_3/beta_0/seed_42/avg_head,2026-07-24T16:32:39
OK,,10.71,merge,small,organcmnist_224,vit_t,3,0.01,42,avg_head,avg_head,,,test,0.1135589094449854,0.10395791874522757,0.5896242553908417,0.07185807117642226,0.2060351714730886,2.440907687267983,8216,11,11,11,6,0.22334469328140213,10,0.34968354430379744,1.56566757493188,0.1263388510223953,4.477835229851154,11,0.6251898233538973,0.9457725608453036,0.22334802139118792,0.6009006815968841,0.246646479777171,0.390097 0.020882 0.000000 0.000000 0.202201 0.001361 0.003815 0.076503 0.068223 0.000000 0.380457,0.137622 0.007647 0.000000 0.000000 0.098790 0.026316 0.875000 0.248521 0.745098 0.000000 0.127393,0.203465 0.011194 0.000000 0.000000 0.132731 0.002587 0.007596 0.116992 0.125000 0.000000 0.190874,828 431 421 421 727 735 1835 549 557 750 962,2347 1177 11 2 1488 38 8 169 51 52 2873,0.166693 0.119482 0.039575 0.040925 0.140202 0.071803 0.057470 0.075711 0.046594 0.071354 0.170191,"[[323,69,1,0,259,4,0,3,0,0,169],[192,9,0,0,145,0,0,0,0,0,85],[172,25,0,0,143,0,0,0,0,0,81],[116,134,2,0,52,7,0,1,1,2,106],[267,34,0,0,147,1,0,15,0,1,262],[237,37,0,1,130,1,0,12,0,0,317],[393,239,8,0,121,23,7,49,3,17,975],[78,236,0,0,92,1,0,42,9,3,88],[227,184,0,0,13,0,0,40,38,28,27],[134,14,0,1,204,0,0,0,0,0,397],[208,196,0,0,182,1,1,7,0,1,366]]",/data2/liyapeng_grp/program/MedMNISTMerge/outputs/prediction_diagnostics_full_avg_head_full_20260724c/shard_3/merged/small/organcmnist_224/vit_t/clients_3/beta_0p01/seed_42/avg_head/merged.pt,/data2/liyapeng_grp/program/MedMNISTMerge/outputs/prediction_diagnostics_full_avg_head_full_20260724c/shard_3/merged/small/organcmnist_224/vit_t/clients_3/beta_0p01/seed_42/avg_head,2026-07-24T16:32:51
OK,,10.67,merge,small,organcmnist_224,vit_t,3,0.1,42,avg_head,avg_head,,,test,0.11002921129503408,0.09559713749051646,0.5850396251486046,0.04273177337169406,0.060582272016683376,2.595383388738437,8216,11,11,11,6,0.22334469328140213,10,0.5272638753651412,2.3607629427792918,0.303919182083739,2.8094477267381515,10,0.4307894248845031,0.9205052276969864,0.27496415150316456,0.7153115871470301,0.24584833965122208,0.020531 0.000000 0.000000 0.000000 0.390646 0.023129 0.000000 0.018215 0.000000 0.001333 0.597713,0.125926 0.000000 0.000000 0.000000 0.087817 0.119718 0.000000 0.196078 0.000000 0.004132 0.132733,0.035306 0.000000 0.000000 0.000000 0.143398 0.038769 0.000000 0.033333 0.000000 0.002016 0.217227,828 431 421 421 727 735 1835 549 557 750 962,135 32 12 35 3234 142 1 51 0 242 4332,0.098262 0.067931 0.040535 0.059785 0.184509 0.098829 0.032999 0.062865 0.029472 0.101939 0.222875,"[[17,2,0,0,481,25,0,2,0,4,297],[23,0,0,0,306,30,0,0,0,1,71],[11,1,0,0,328,14,0,0,0,0,67],[8,5,7,0,212,27,0,5,0,15,142],[2,3,0,1,284,16,0,9,0,2,410],[2,7,0,1,229,17,0,2,0,4,473],[18,6,4,23,263,8,0,3,0,116,1394],[1,3,0,1,232,0,0,10,0,34,268],[52,3,1,0,229,0,0,5,0,62,205],[1,0,0,7,310,1,0,0,0,1,430],[0,2,0,2,360,4,1,15,0,3,575]]",/data2/liyapeng_grp/program/MedMNISTMerge/outputs/prediction_diagnostics_full_avg_head_full_20260724c/shard_3/merged/small/organcmnist_224/vit_t/clients_3/beta_0p1/seed_42/avg_head/merged.pt,/data2/liyapeng_grp/program/MedMNISTMerge/outputs/prediction_diagnostics_full_avg_head_full_20260724c/shard_3/merged/small/organcmnist_224/vit_t/clients_3/beta_0p1/seed_42/avg_head,2026-07-24T16:33:02
OK,,10.91,merge,small,organcmnist_224,vit_t,5,0,42,avg_head,avg_head,,,test,0.0820350535540409,0.11848966713332909,0.5315123008698938,0.06961231253441413,0.12036073453182206,2.479077243526351,8216,11,11,11,6,0.22334469328140213,1,0.5157010710808179,2.308991825613079,0.2923563777994157,4.046875918980451,11,0.5829884320979518,0.9826457040452247,0.16467297042356377,0.6678432327166505,0.19614049382412133,0.000000 0.712297 0.000000 0.125891 0.022008 0.005442 0.000000 0.193078 0.039497 0.148000 0.057173,0.000000 0.072457 0.000000 0.071332 0.078818 0.038462 0.000000 0.460870 0.431373 0.052632 0.118026,0.000000 0.131534 0.000000 0.091065 0.034409 0.009535 0.000000 0.272144 0.072368 0.077650 0.077031,828 431 421 421 727 735 1835 549 557 750 962,47 4237 3 743 203 104 23 230 51 2109 466,0.084517 0.147511 0.052131 0.098869 0.084228 0.080500 0.070115 0.081594 0.064873 0.129084 0.106580,"[[0,712,0,37,3,1,1,0,0,67,7],[1,307,0,30,11,1,10,0,0,67,4],[0,317,0,30,10,0,5,2,0,47,10],[0,216,2,53,54,5,1,1,0,67,22],[0,341,0,74,16,1,3,16,2,223,51],[1,355,0,84,24,4,2,16,3,210,36],[38,639,0,183,7,70,0,41,11,705,141],[0,136,0,21,39,0,1,106,12,149,85],[6,142,1,43,1,3,0,27,22,299,13],[1,472,0,102,1,16,0,4,1,111,42],[0,600,0,86,37,3,0,17,0,164,55]]",/data2/liyapeng_grp/program/MedMNISTMerge/outputs/prediction_diagnostics_full_avg_head_full_20260724c/shard_3/merged/small/organcmnist_224/vit_t/clients_5/beta_0/seed_42/avg_head/merged.pt,/data2/liyapeng_grp/program/MedMNISTMerge/outputs/prediction_diagnostics_full_avg_head_full_20260724c/shard_3/merged/small/organcmnist_224/vit_t/clients_5/beta_0/seed_42/avg_head,2026-07-24T16:33:12
OK,,10.66,merge,small,organcmnist_224,vit_t,5,0.01,42,avg_head,avg_head,,,test,0.11027263875365141,0.16209476712345663,0.554118917860672,0.08383818443781683,0.07739253774704145,2.5290049522273614,8216,11,11,11,6,0.22334469328140213,1,0.5794790652385589,2.594550408719346,0.3561343719571567,3.5718255338756566,10,0.5309142703449805,0.9754460934816195,0.18290815938412852,0.6707643622200583,0.25312089413190836,0.000000 0.890951 0.000000 0.035629 0.001376 0.000000 0.000000 0.358834 0.328546 0.166667 0.001040,0.000000 0.080655 0.000000 0.079787 0.013514 0.000000 0.000000 0.331092 0.232234 0.075574 0.038462,0.000000 0.147920 0.000000 0.049261 0.002497 0.000000 0.000000 0.344406 0.272119 0.103993 0.002024,828 431 421 421 727 735 1835 549 557 750 962,116 4761 0 188 74 8 6 595 788 1654 26,0.083733 0.162999 0.043528 0.082311 0.075637 0.070922 0.059226 0.106566 0.099875 0.130971 0.084233,"[[0,748,0,8,0,0,1,19,4,48,0],[0,384,0,1,1,0,0,5,2,38,0],[0,386,0,3,1,0,3,4,2,22,0],[1,253,0,15,38,0,0,10,11,88,5],[0,463,0,20,1,0,2,58,80,102,1],[1,466,0,30,8,0,0,37,101,90,2],[103,663,0,68,4,2,0,119,105,761,10],[0,42,0,3,10,0,0,197,250,46,1],[1,89,0,2,1,0,0,65,183,215,1],[9,570,0,13,1,5,0,8,14,125,5],[1,697,0,25,9,1,0,73,36,119,1]]",/data2/liyapeng_grp/program/MedMNISTMerge/outputs/prediction_diagnostics_full_avg_head_full_20260724c/shard_3/merged/small/organcmnist_224/vit_t/clients_5/beta_0p01/seed_42/avg_head/merged.pt,/data2/liyapeng_grp/program/MedMNISTMerge/outputs/prediction_diagnostics_full_avg_head_full_20260724c/shard_3/merged/small/organcmnist_224/vit_t/clients_5/beta_0p01/seed_42/avg_head,2026-07-24T16:33:23
OK,,10.99,merge,small,organcmnist_224,vit_t,5,0.1,42,avg_head,avg_head,,,test,0.12268743914313535,0.12621123616434743,0.6098296612848123,0.08498272388258342,0.07893638001916511,2.6119949949983265,8216,11,11,11,6,0.22334469328140213,10,0.2861489776046738,1.2811989100817438,0.06280428432327165,5.058578278575876,8,0.6760451507600187,0.9365136081802238,0.1971586500425998,0.5449123661148978,0.30716845218431543,0.000000 0.208817 0.095012 0.002375 0.283356 0.126531 0.000000 0.000000 0.000000 0.324000 0.348233,0.000000 0.067618 0.238095 0.020833 0.150255 0.143077 0.000000 0.000000 0.000000 0.105929 0.142493,0.000000 0.102157 0.135823 0.004264 0.196378 0.134296 0.000000 0.000000 0.000000 0.159658 0.202234,828 431 421 421 727 735 1835 549 557 750 962,3 1331 168 48 1371 650 0 0 0 2294 2351,0.061794 0.128473 0.080991 0.069690 0.129049 0.127819 0.031915 0.035053 0.022809 0.154621 0.157787,"[[0,261,4,4,145,66,0,0,0,205,143],[0,90,51,0,150,84,0,0,0,23,33],[0,110,40,1,139,62,0,0,0,9,60],[0,26,40,1,98,22,0,0,0,113,121],[0,65,2,0,206,77,0,0,0,180,197],[0,90,2,4,166,93,0,0,0,193,187],[3,179,13,20,39,46,0,0,0,891,644],[0,33,3,1,146,17,0,0,0,47,302],[0,52,6,6,67,134,0,0,0,106,186],[0,302,0,5,46,11,0,0,0,243,143],[0,123,7,6,169,38,0,0,0,284,335]]",/data2/liyapeng_grp/program/MedMNISTMerge/outputs/prediction_diagnostics_full_avg_head_full_20260724c/shard_3/merged/small/organcmnist_224/vit_t/clients_5/beta_0p1/seed_42/avg_head/merged.pt,/data2/liyapeng_grp/program/MedMNISTMerge/outputs/prediction_diagnostics_full_avg_head_full_20260724c/shard_3/merged/small/organcmnist_224/vit_t/clients_5/beta_0p1/seed_42/avg_head,2026-07-24T16:33:34
OK,,10.67,merge,small,organcmnist_224,vit_t,7,0,42,avg_head,avg_head,,,test,0.04199123661148978,0.0528095595903868,0.48764971015442404,0.030738082465079433,0.07844771876980305,2.471286851684214,8216,11,11,11,6,0.22334469328140213,9,0.35516066212268743,1.5901907356948228,0.1318159688412853,4.764205108000844,10,0.6510420709412151,0.9887418745045354,0.14859724926971762,0.6398490749756574,0.17945093734435769,0.001208 0.176334 0.000000 0.104513 0.023384 0.000000 0.003270 0.034608 0.005386 0.209333 0.022869,0.001451 0.029332 0.000000 0.032593 0.071429 0.000000 0.074074 0.301587 0.200000 0.053804 0.098655,0.001318 0.050298 0.000000 0.049689 0.035233 0.000000 0.006263 0.062092 0.010490 0.085605 0.037131,828 431 421 421 727 735 1835 549 557 750 962,689 2591 0 1350 238 48 81 63 15 2918 223,0.095310 0.125748 0.057542 0.105160 0.090324 0.078294 0.082760 0.075441 0.066314 0.126770 0.096337,"[[1,399,0,114,21,1,3,1,0,279,9],[2,76,0,75,14,0,0,0,0,264,0],[4,87,0,67,19,0,0,0,0,239,5],[11,149,0,44,18,1,46,0,0,147,5],[4,85,0,130,17,0,1,11,2,426,51],[11,100,0,178,33,0,1,1,0,388,23],[442,569,0,240,7,29,6,21,1,481,39],[41,150,0,40,73,3,9,19,9,162,43],[98,307,0,26,5,10,3,1,3,95,9],[72,252,0,241,7,3,0,1,0,157,17],[3,417,0,195,24,1,12,8,0,280,22]]",/data2/liyapeng_grp/program/MedMNISTMerge/outputs/prediction_diagnostics_full_avg_head_full_20260724c/shard_3/merged/small/organcmnist_224/vit_t/clients_7/beta_0/seed_42/avg_head/merged.pt,/data2/liyapeng_grp/program/MedMNISTMerge/outputs/prediction_diagnostics_full_avg_head_full_20260724c/shard_3/merged/small/organcmnist_224/vit_t/clients_7/beta_0/seed_42/avg_head,2026-07-24T16:33:45
OK,,10.73,merge,small,organcmnist_224,vit_t,7,0.01,42,avg_head,avg_head,,,test,0.06377799415774099,0.10296863915492138,0.5122666483731891,0.036094551896166616,0.12774211493490875,2.5016722563062928,8216,11,11,11,6,0.22334469328140213,1,0.7357594936708861,3.2942779291553137,0.512414800389484,2.662690583854245,11,0.4084152966869109,0.9843955831595816,0.1648284406949854,0.7157984420642648,0.20020234556836375,0.020531 0.941995 0.002375 0.040380 0.013755 0.000000 0.000000 0.069217 0.007181 0.022667 0.014553,0.016457 0.067163 0.500000 0.035197 0.163934 0.000000 0.000000 0.304000 0.166667 0.072650 0.079096,0.018270 0.125386 0.004728 0.037611 0.025381 0.000000 0.000000 0.112760 0.013769 0.034553 0.024583,828 431 421 421 727 735 1835 549 557 750 962,1033 6045 2 483 61 28 4 125 24 234 177,0.111176 0.157255 0.064228 0.098056 0.082387 0.081008 0.064220 0.081173 0.064588 0.102141 0.093768,"[[17,776,0,26,1,1,0,0,0,4,3],[6,406,0,11,2,0,0,0,0,6,0],[6,390,1,15,4,0,0,0,0,3,2],[18,347,0,17,6,1,3,0,0,26,3],[29,508,0,65,10,0,0,22,1,47,45],[31,522,0,99,12,0,0,12,0,35,24],[624,960,0,110,1,10,0,32,1,56,41],[65,348,1,16,21,3,1,38,18,18,20],[87,422,0,13,0,10,0,5,4,14,2],[137,515,0,54,2,1,0,1,0,17,23],[13,851,0,57,2,2,0,15,0,8,14]]",/data2/liyapeng_grp/program/MedMNISTMerge/outputs/prediction_diagnostics_full_avg_head_full_20260724c/shard_3/merged/small/organcmnist_224/vit_t/clients_7/beta_0p01/seed_42/avg_head/merged.pt,/data2/liyapeng_grp/program/MedMNISTMerge/outputs/prediction_diagnostics_full_avg_head_full_20260724c/shard_3/merged/small/organcmnist_224/vit_t/clients_7/beta_0p01/seed_42/avg_head,2026-07-24T16:33:56
OK,,10.69,merge,small,organcmnist_224,vit_t,7,0.1,42,avg_head,avg_head,,,test,0.09274586173320351,0.09015699566173191,0.6071528040882821,0.06933795809866906,0.14516195387881226,2.351307543018196,8216,11,11,11,6,0.22334469328140213,9,0.47796981499513147,2.1400544959128065,0.2546251217137293,4.939125080066642,11,0.6660792171928093,0.9866180689752218,0.15445971465737585,0.49549659201557933,0.1747581164662215,0.086957 0.018561 0.002375 0.030879 0.305365 0.000000 0.017439 0.003643 0.070018 0.312000 0.144491,0.108271 0.022727 0.020833 0.023256 0.162162 0.000000 0.280702 0.117647 0.672414 0.059587 0.129182,0.096450 0.020434 0.004264 0.026531 0.211832 0.000000 0.032837 0.007067 0.126829 0.100064 0.136408,828 431 421 421 727 735 1835 549 557 750 962,665 352 48 559 1369 31 114 17 58 3927 1076,0.105206 0.092515 0.074275 0.088401 0.110510 0.081408 0.078665 0.062024 0.056347 0.139343 0.111306,"[[72,118,4,31,152,1,0,0,0,388,62],[8,8,3,6,134,0,0,0,0,267,5],[10,6,1,6,174,0,0,0,0,215,9],[22,10,9,13,88,0,12,0,0,231,36],[25,3,0,19,222,0,0,3,2,265,188],[36,6,0,35,270,0,0,0,1,211,176],[307,16,14,184,27,15,32,7,0,1014,219],[24,4,3,17,78,2,11,2,16,332,60],[73,6,9,60,18,10,26,0,39,289,27],[65,133,0,132,29,2,0,0,0,234,155],[23,42,5,56,177,1,33,5,0,481,139]]",/data2/liyapeng_grp/program/MedMNISTMerge/outputs/prediction_diagnostics_full_avg_head_full_20260724c/shard_3/merged/small/organcmnist_224/vit_t/clients_7/beta_0p1/seed_42/avg_head/merged.pt,/data2/liyapeng_grp/program/MedMNISTMerge/outputs/prediction_diagnostics_full_avg_head_full_20260724c/shard_3/merged/small/organcmnist_224/vit_t/clients_7/beta_0p1/seed_42/avg_head,2026-07-24T16:34:06
OK,,16.25,merge,small,organsmnist_224,convnext,3,0,42,avg_head,avg_head,,,test,0.18885238472867338,0.1765792014192683,0.6488296498869486,0.1387617456966003,0.1588932253108214,2.297430048607964,8827,11,11,11,6,0.23541407046561685,2,0.1967825988444545,0.8358999037536092,-0.038631471621162344,7.5759377737993745,11,0.8444810602137878,0.9847833889800978,0.1773234819304407,0.3374872550130282,0.21173745852787523,0.000000 0.002278 0.521348 0.178431 0.015625 0.161616 0.336381 0.362720 0.047836 0.133284 0.182851,0.000000 0.062500 0.133564 0.070707 0.052632 0.113360 0.485754 0.211144 0.318182 0.163620 0.136364,0.000000 0.004396 0.212649 0.101280 0.024096 0.133254 0.397498 0.266914 0.083168 0.146902 0.156222,811 439 445 510 704 693 2078 397 439 1343 968,11 16 1737 1287 209 988 1439 682 66 1094 1298,0.052312 0.067084 0.118167 0.102995 0.074929 0.110101 0.112424 0.090153 0.052691 0.107791 0.111352,"[[0,3,136,51,13,121,116,13,0,88,270],[0,1,230,0,7,88,2,0,0,56,55],[0,1,232,0,5,95,2,1,0,46,63],[0,6,176,91,12,70,45,28,0,33,49],[0,0,164,74,11,108,48,17,0,134,148],[0,0,141,58,9,112,44,23,0,155,151],[7,2,80,529,89,84,699,298,10,206,74],[1,0,9,113,4,1,75,144,34,15,1],[1,0,10,137,4,5,139,94,21,22,6],[0,2,368,80,25,183,185,17,0,179,304],[2,1,191,154,30,121,84,47,1,160,177]]",/data2/liyapeng_grp/program/MedMNISTMerge/outputs/prediction_diagnostics_full_avg_head_full_20260724c/shard_3/merged/small/organsmnist_224/convnext/clients_3/beta_0/seed_42/avg_head/merged.pt,/data2/liyapeng_grp/program/MedMNISTMerge/outputs/prediction_diagnostics_full_avg_head_full_20260724c/shard_3/merged/small/organsmnist_224/convnext/clients_3/beta_0/seed_42/avg_head,2026-07-24T16:34:17
OK,,16.12,merge,small,organsmnist_224,convnext,3,0.01,42,avg_head,avg_head,,,test,0.10569842528605415,0.12113803795825805,0.5959615959472848,0.06939341227713151,0.12981883632053245,2.4060911301971224,8827,11,11,11,6,0.23541407046561685,5,0.524866885691628,2.2295476419634266,0.28945281522601113,4.737738597416796,11,0.6487188787422791,0.9831272431046504,0.18417568256485783,0.598731165741475,0.2766568910093258,0.002466 0.000000 0.096629 0.035294 0.032670 0.666667 0.050529 0.337531 0.000000 0.103500 0.007231,0.076923 0.000000 0.054638 0.017341 0.078767 0.099719 0.673077 0.153670 0.000000 0.164497 0.109375,0.004779 0.000000 0.069805 0.023256 0.046185 0.173489 0.094002 0.211190 0.000000 0.127057 0.013566,811 439 445 510 704 693 2078 397 439 1343 968,26 105 787 1038 292 4633 156 872 9 845 64,0.067266 0.077413 0.101049 0.100133 0.086960 0.161525 0.072798 0.102507 0.057968 0.102097 0.070283,"[[2,14,82,11,31,568,5,20,0,78,0],[0,0,37,0,6,278,0,0,0,118,0],[1,0,43,0,8,285,0,0,0,108,0],[1,14,73,18,12,347,1,22,1,21,0],[3,17,61,19,23,456,1,31,0,83,10],[0,11,50,29,18,462,2,33,0,83,5],[12,6,87,610,82,637,105,403,3,105,28],[3,0,7,93,0,141,10,134,0,9,0],[0,0,6,152,0,143,21,100,0,17,0],[2,27,270,38,89,710,7,42,5,139,14],[2,16,71,68,23,606,4,87,0,84,7]]",/data2/liyapeng_grp/program/MedMNISTMerge/outputs/prediction_diagnostics_full_avg_head_full_20260724c/shard_3/merged/small/organsmnist_224/convnext/clients_3/beta_0p01/seed_42/avg_head/merged.pt,/data2/liyapeng_grp/program/MedMNISTMerge/outputs/prediction_diagnostics_full_avg_head_full_20260724c/shard_3/merged/small/organsmnist_224/convnext/clients_3/beta_0p01/seed_42/avg_head,2026-07-24T16:34:33
OK,,16.20,merge,small,organsmnist_224,convnext,3,0.1,42,avg_head,avg_head,,,test,0.23530078169253427,0.09173967844892685,0.5728897448089012,0.03716954107016543,0.026148452878596865,2.5765737237754194,8827,11,11,11,6,0.23541407046561685,6,0.9756429137872437,4.144369586140519,0.7402288433216269,1.1250537494551769,5,0.04913926523199052,0.7720544479919295,0.4582778690381783,0.7402288433216268,0.3204823926241321,0.000000 0.000000 0.000000 0.000000 0.000000 0.014430 0.994706 0.000000 0.000000 0.000000 0.000000,0.000000 0.000000 0.000000 0.000000 0.000000 0.047619 0.240014 0.000000 0.000000 0.000000 0.000000,0.000000 0.000000 0.000000 0.000000 0.000000 0.022148 0.386717 0.000000 0.000000 0.000000 0.000000,811 439 445 510 704 693 2078 397 439 1343 968,0 1 0 0 2 210 8612 2 0 0 0,0.032322 0.046352 0.044583 0.059542 0.029845 0.153425 0.456684 0.067507 0.024242 0.037512 0.047985,"[[0,0,0,0,0,47,764,0,0,0,0],[0,0,0,0,0,39,400,0,0,0,0],[0,0,0,0,0,30,415,0,0,0,0],[0,1,0,0,0,40,469,0,0,0,0],[0,0,0,0,0,6,698,0,0,0,0],[0,0,0,0,0,10,683,0,0,0,0],[0,0,0,0,1,8,2067,2,0,0,0],[0,0,0,0,0,1,396,0,0,0,0],[0,0,0,0,0,1,438,0,0,0,0],[0,0,0,0,0,13,1330,0,0,0,0],[0,0,0,0,1,15,952,0,0,0,0]]",/data2/liyapeng_grp/program/MedMNISTMerge/outputs/prediction_diagnostics_full_avg_head_full_20260724c/shard_3/merged/small/organsmnist_224/convnext/clients_3/beta_0p1/seed_42/avg_head/merged.pt,/data2/liyapeng_grp/program/MedMNISTMerge/outputs/prediction_diagnostics_full_avg_head_full_20260724c/shard_3/merged/small/organsmnist_224/convnext/clients_3/beta_0p1/seed_42/avg_head,2026-07-24T16:34:49
OK,,16.45,merge,small,organsmnist_224,convnext,5,0,42,avg_head,avg_head,,,test,0.14818171519202447,0.09411670226988807,0.6011888607830086,0.07932414888663436,0.13152133272982583,2.2993653616036025,8827,11,11,11,6,0.23541407046561685,9,0.32547864506627394,1.3825794032723773,0.09006457460065709,4.773887309971523,11,0.6518887377697702,0.9887204791140234,0.15338591820550584,0.3815565877421548,0.16444561791468956,0.006165 0.002278 0.004494 0.213725 0.004261 0.024531 0.338306 0.057935 0.029613 0.238273 0.115702,0.092593 0.024390 0.032258 0.070096 0.120000 0.070833 0.247972 0.232323 0.333333 0.111382 0.111554,0.011561 0.004167 0.007890 0.105569 0.008230 0.036442 0.286180 0.092742 0.054393 0.151803 0.113590,811 439 445 510 704 693 2078 397 439 1343 968,54 41 62 1555 25 240 2835 99 39 2873 1004,0.076302 0.079903 0.076227 0.112936 0.070068 0.084001 0.128648 0.075947 0.066574 0.125082 0.104311,"[[5,3,5,40,0,7,321,5,0,246,179],[1,1,4,3,5,0,48,2,0,286,89],[0,0,2,2,5,1,54,1,0,299,81],[2,8,0,109,3,17,184,0,0,123,64],[4,9,1,146,3,14,179,2,0,243,103],[2,2,1,122,3,17,199,3,0,249,95],[27,6,31,639,0,98,703,36,5,496,37],[1,0,9,112,0,24,125,23,21,82,0],[3,0,7,82,0,32,168,24,13,108,2],[6,8,0,147,5,18,595,2,0,320,242],[3,4,2,153,1,12,259,1,0,421,112]]",/data2/liyapeng_grp/program/MedMNISTMerge/outputs/prediction_diagnostics_full_avg_head_full_20260724c/shard_3/merged/small/organsmnist_224/convnext/clients_5/beta_0/seed_42/avg_head/merged.pt,/data2/liyapeng_grp/program/MedMNISTMerge/outputs/prediction_diagnostics_full_avg_head_full_20260724c/shard_3/merged/small/organsmnist_224/convnext/clients_5/beta_0/seed_42/avg_head,2026-07-24T16:35:06
OK,,16.39,merge,small,organsmnist_224,convnext,5,0.01,42,avg_head,avg_head,,,test,0.14489634077262945,0.10480721087571031,0.6095872601914316,0.09128136560147958,0.20673073196511368,2.2948908976011104,8827,11,11,11,6,0.23541407046561685,9,0.40421434235867226,1.7170356111645815,0.1688002718930554,4.085259113826652,11,0.5869251976193353,0.9816231075787987,0.17249985838903364,0.4261923643366942,0.17127805649813602,0.009864 0.000000 0.004494 0.076471 0.002841 0.077922 0.312320 0.329975 0.066059 0.268801 0.004132,0.103896 0.000000 0.071429 0.060465 1.000000 0.144385 0.189766 0.286652 0.263636 0.101177 0.052632,0.018018 0.000000 0.008457 0.067532 0.005666 0.101218 0.236086 0.306792 0.105647 0.147017 0.007663,811 439 445 510 704 693 2078 397 439 1343 968,77 70 28 645 2 374 3420 457 110 3568 76,0.082344 0.078964 0.082055 0.108619 0.054580 0.097971 0.141680 0.077700 0.057112 0.139072 0.079903,"[[8,4,4,14,0,13,467,2,1,291,7],[1,0,1,1,0,2,201,0,0,230,3],[0,0,2,1,0,3,202,0,0,232,5],[2,2,2,39,0,46,207,3,1,201,7],[3,9,2,54,2,41,196,2,0,383,12],[2,4,3,47,0,54,189,5,2,368,19],[40,28,9,305,0,82,649,223,34,703,5],[2,5,2,25,0,9,81,131,39,103,0],[10,4,0,26,0,12,114,90,29,154,0],[4,7,2,69,0,38,848,0,0,361,14],[5,7,1,64,0,74,266,1,4,542,4]]",/data2/liyapeng_grp/program/MedMNISTMerge/outputs/prediction_diagnostics_full_avg_head_full_20260724c/shard_3/merged/small/organsmnist_224/convnext/clients_5/beta_0p01/seed_42/avg_head/merged.pt,/data2/liyapeng_grp/program/MedMNISTMerge/outputs/prediction_diagnostics_full_avg_head_full_20260724c/shard_3/merged/small/organsmnist_224/convnext/clients_5/beta_0p01/seed_42/avg_head,2026-07-24T16:35:22
OK,,16.26,merge,small,organsmnist_224,convnext,5,0.1,42,avg_head,avg_head,,,test,0.0853064461311884,0.07977965493123353,0.6759138406326488,0.046636458397737106,0.15173526288640374,2.2875810612148806,8827,11,11,11,6,0.23541407046561685,9,0.4425059476605868,1.8796920115495668,0.20709187719496996,3.1640117020710816,10,0.4803549018467999,0.9443746915004171,0.21397062988557833,0.6443865412937578,0.21999889653082264,0.001233 0.000000 0.078652 0.000000 0.494318 0.082251 0.027911 0.002519 0.000000 0.182427 0.008264,0.125000 0.000000 0.189189 0.000000 0.095186 0.065820 0.527273 0.500000 0.000000 0.062724 0.103896,0.002442 0.000000 0.111111 0.000000 0.159633 0.073124 0.053016 0.005013 0.000000 0.093351 0.015311,811 439 445 510 704 693 2078 397 439 1343 968,8 0 185 14 3656 866 110 2 3 3906 77,0.068723 0.052148 0.091594 0.058517 0.176354 0.129959 0.070780 0.033628 0.043718 0.179763 0.094817,"[[1,0,36,0,488,56,1,0,0,216,13],[0,0,37,0,93,5,0,0,0,304,0],[0,0,35,0,96,1,0,0,0,313,0],[0,0,12,0,191,35,3,0,0,256,13],[2,0,10,0,348,40,0,0,0,301,3],[0,0,15,0,323,57,2,0,0,290,6],[2,0,2,10,637,292,58,1,1,1061,14],[0,0,0,2,21,135,15,1,2,221,0],[0,0,0,0,33,132,29,0,0,243,2],[3,0,25,0,1023,28,1,0,0,245,18],[0,0,13,2,403,85,1,0,0,456,8]]",/data2/liyapeng_grp/program/MedMNISTMerge/outputs/prediction_diagnostics_full_avg_head_full_20260724c/shard_3/merged/small/organsmnist_224/convnext/clients_5/beta_0p1/seed_42/avg_head/merged.pt,/data2/liyapeng_grp/program/MedMNISTMerge/outputs/prediction_diagnostics_full_avg_head_full_20260724c/shard_3/merged/small/organsmnist_224/convnext/clients_5/beta_0p1/seed_42/avg_head,2026-07-24T16:35:39
OK,,16.52,merge,small,organsmnist_224,convnext,7,0,42,avg_head,avg_head,,,test,0.14806842641894188,0.08510191301596634,0.5659653980925251,0.07302075425239295,0.10926460630232672,2.32295476149173,8827,11,11,11,6,0.23541407046561685,9,0.46856236546958197,1.9903753609239654,0.2331482950039651,3.895095166116734,11,0.5670464958755441,0.9915639885835441,0.14563979834598392,0.47898493259318004,0.17814385375606143,0.000000 0.002278 0.000000 0.029412 0.005682 0.036075 0.310395 0.027708 0.009112 0.274758 0.240702,0.000000 0.011364 0.000000 0.064103 0.137931 0.193798 0.409264 0.171875 0.027397 0.089217 0.096962,0.000000 0.003795 0.000000 0.040323 0.010914 0.060827 0.353038 0.047722 0.013675 0.134696 0.138238,811 439 445 510 704 693 2078 397 439 1343 968,16 88 6 234 29 129 1576 64 146 4136 2403,0.068212 0.085801 0.071110 0.085771 0.074063 0.087666 0.109444 0.082309 0.089419 0.129331 0.116874,"[[0,4,0,1,0,11,96,2,10,283,404],[0,1,0,0,1,5,13,0,0,233,186],[0,2,0,0,1,4,16,0,2,225,195],[1,7,0,15,3,11,75,3,15,290,90],[1,21,1,18,4,18,83,2,19,296,241],[4,13,0,16,3,25,82,1,19,296,234],[6,10,3,151,10,13,645,30,24,976,210],[0,3,1,13,1,2,89,11,11,262,4],[3,0,0,4,0,2,89,13,4,313,11],[0,16,1,6,5,29,303,0,19,369,595],[1,11,0,10,1,9,85,2,23,593,233]]",/data2/liyapeng_grp/program/MedMNISTMerge/outputs/prediction_diagnostics_full_avg_head_full_20260724c/shard_3/merged/small/organsmnist_224/convnext/clients_7/beta_0/seed_42/avg_head/merged.pt,/data2/liyapeng_grp/program/MedMNISTMerge/outputs/prediction_diagnostics_full_avg_head_full_20260724c/shard_3/merged/small/organsmnist_224/convnext/clients_7/beta_0/seed_42/avg_head,2026-07-24T16:35:55
OK,,16.60,merge,small,organsmnist_224,convnext,7,0.01,42,avg_head,avg_head,,,test,0.17004644839696387,0.08672716749049016,0.5844324768128476,0.07001543921495389,0.12053648134406353,2.3013649527019373,8827,11,11,11,6,0.23541407046561685,6,0.455647445338167,1.9355149181905678,0.22023337487255013,3.3969331614002387,11,0.5099776571080602,0.9898944618454866,0.1491960037385295,0.4858955477512179,0.17199889824317333,0.000000 0.002278 0.094382 0.015686 0.021307 0.020202 0.507700 0.017632 0.000000 0.247952 0.026860,0.000000 0.018868 0.141892 0.046784 0.128205 0.297872 0.262307 0.218750 0.000000 0.090293 0.120930,0.000000 0.004065 0.113360 0.023495 0.036541 0.037838 0.345902 0.032634 0.000000 0.132379 0.043956,811 439 445 510 704 693 2078 397 439 1343 968,3 53 296 171 117 47 4022 32 183 3688 215,0.062924 0.082336 0.093473 0.086768 0.082597 0.081286 0.132845 0.074999 0.081438 0.130206 0.091128,"[[0,1,16,1,6,2,373,0,21,327,64],[0,1,41,0,26,3,97,0,49,209,13],[0,3,42,0,29,2,113,0,51,189,16],[0,1,20,8,4,8,209,0,3,246,11],[0,13,57,12,15,3,272,0,10,306,16],[1,9,23,13,12,14,288,1,9,310,13],[2,6,16,109,3,2,1055,16,1,857,11],[0,0,3,11,0,0,240,7,1,135,0],[0,0,1,6,0,1,249,8,0,174,0],[0,14,64,2,15,8,832,0,30,333,45],[0,5,13,9,7,4,294,0,8,602,26]]",/data2/liyapeng_grp/program/MedMNISTMerge/outputs/prediction_diagnostics_full_avg_head_full_20260724c/shard_3/merged/small/organsmnist_224/convnext/clients_7/beta_0p01/seed_42/avg_head/merged.pt,/data2/liyapeng_grp/program/MedMNISTMerge/outputs/prediction_diagnostics_full_avg_head_full_20260724c/shard_3/merged/small/organsmnist_224/convnext/clients_7/beta_0p01/seed_42/avg_head,2026-07-24T16:36:11
OK,,16.51,merge,small,organsmnist_224,convnext,7,0.1,42,avg_head,avg_head,,,test,0.1117027302594313,0.09154948076375378,0.6432001401384752,0.021346447127707845,0.06079198365723932,2.400188359180285,8827,11,11,11,6,0.23541407046561685,10,0.9783618443412258,4.155919153031761,0.742947773875609,1.122799535558562,6,0.04830284006715384,0.8198218422625696,0.3817583833692081,0.8686983119972811,0.31806115190413453,0.000000 0.000000 0.000000 0.000000 0.000000 0.000000 0.005294 0.000000 0.000000 0.014147 0.987603,0.000000 0.000000 0.000000 0.000000 0.000000 0.000000 0.440000 0.000000 0.000000 0.118012 0.110699,0.000000 0.000000 0.000000 0.000000 0.000000 0.000000 0.010461 0.000000 0.000000 0.025266 0.199084,811 439 445 510 704 693 2078 397 439 1343 968,3 0 0 1 0 0 25 0 1 161 8636,0.052661 0.051888 0.035373 0.033867 0.043472 0.055844 0.081981 0.017464 0.061535 0.184829 0.381088,"[[0,0,0,0,0,0,0,0,0,4,807],[0,0,0,0,0,0,0,0,0,1,438],[1,0,0,0,0,0,0,0,0,0,444],[0,0,0,0,0,0,0,0,0,32,478],[0,0,0,0,0,0,0,0,0,16,688],[0,0,0,0,0,0,0,0,0,7,686],[2,0,0,1,0,0,11,0,0,56,2008],[0,0,0,0,0,0,10,0,1,11,375],[0,0,0,0,0,0,4,0,0,3,432],[0,0,0,0,0,0,0,0,0,19,1324],[0,0,0,0,0,0,0,0,0,12,956]]",/data2/liyapeng_grp/program/MedMNISTMerge/outputs/prediction_diagnostics_full_avg_head_full_20260724c/shard_3/merged/small/organsmnist_224/convnext/clients_7/beta_0p1/seed_42/avg_head/merged.pt,/data2/liyapeng_grp/program/MedMNISTMerge/outputs/prediction_diagnostics_full_avg_head_full_20260724c/shard_3/merged/small/organsmnist_224/convnext/clients_7/beta_0p1/seed_42/avg_head,2026-07-24T16:36:28
OK,,11.63,merge,small,organsmnist_224,resnet,3,0,42,avg_head,avg_head,,,test,0.16574147501982553,0.0928804049692645,0.6583278458236527,0.04832690366329908,0.1950031107108284,2.2656158174139005,8827,11,11,11,6,0.23541407046561685,9,0.9114081794494165,3.8715110683349376,0.6759941089837997,1.4689167438320552,7,0.16035947213543036,0.9839976794515436,0.15540564461311884,0.7592613571995015,0.15467770936373954,0.000000 0.015945 0.000000 0.001961 0.004261 0.000000 0.149182 0.000000 0.000000 0.850335 0.000000,0.000000 0.250000 0.000000 1.000000 0.009677 0.000000 0.743405 0.000000 0.000000 0.141952 0.000000,0.000000 0.029979 0.000000 0.003914 0.005917 0.000000 0.248497 0.000000 0.000000 0.243289 0.000000,811 439 445 510 704 693 2078 397 439 1343 968,19 28 0 1 310 7 417 0 0 8045 0,0.082026 0.072297 0.053797 0.097170 0.090009 0.095451 0.121246 0.069913 0.084492 0.154595 0.079005,"[[0,13,0,0,94,0,2,0,0,702,0],[0,7,0,0,2,0,0,0,0,430,0],[0,8,0,0,6,0,0,0,0,431,0],[1,0,0,1,15,0,2,0,0,491,0],[0,0,0,0,3,0,10,0,0,691,0],[0,0,0,0,9,0,11,0,0,673,0],[11,0,0,0,2,0,310,0,0,1755,0],[0,0,0,0,0,0,8,0,0,389,0],[0,0,0,0,0,0,16,0,0,423,0],[7,0,0,0,137,7,50,0,0,1142,0],[0,0,0,0,42,0,8,0,0,918,0]]",/data2/liyapeng_grp/program/MedMNISTMerge/outputs/prediction_diagnostics_full_avg_head_full_20260724c/shard_3/merged/small/organsmnist_224/resnet/clients_3/beta_0/seed_42/avg_head/merged.pt,/data2/liyapeng_grp/program/MedMNISTMerge/outputs/prediction_diagnostics_full_avg_head_full_20260724c/shard_3/merged/small/organsmnist_224/resnet/clients_3/beta_0/seed_42/avg_head,2026-07-24T16:36:45
OK,,11.59,merge,small,organsmnist_224,resnet,3,0.01,42,avg_head,avg_head,,,test,0.2656621728786677,0.1274112548513768,0.6075058359573416,0.09140374394561251,0.16739573123858376,2.2698873794536647,8827,11,11,11,6,0.23541407046561685,6,0.5568143197009177,2.365255052935515,0.3214002492353008,3.110939564075442,7,0.4733003997608429,0.9849317951060524,0.13347541633624108,0.4558740228843322,0.1514720275926693,0.000000 0.029613 0.024719 0.000000 0.012784 0.210678 0.893648 0.000000 0.000000 0.230082 0.000000,0.000000 0.565217 0.578947 0.000000 0.014493 0.175692 0.377823 0.000000 0.000000 0.129181 0.000000,0.000000 0.056277 0.047414 0.000000 0.013585 0.191601 0.531103 0.000000 0.000000 0.165462 0.000000,811 439 445 510 704 693 2078 397 439 1343 968,26 23 19 0 621 831 4915 0 0 2392 0,0.096819 0.081076 0.060977 0.082944 0.102117 0.113971 0.129876 0.054585 0.061758 0.122459 0.093417,"[[0,2,0,0,187,40,345,0,0,237,0],[0,13,8,0,32,28,33,0,0,325,0],[0,8,11,0,44,35,26,0,0,321,0],[4,0,0,0,31,31,272,0,0,172,0],[0,0,0,0,9,179,290,0,0,226,0],[0,0,0,0,20,146,272,0,0,255,0],[8,0,0,0,2,79,1857,0,0,132,0],[1,0,0,0,0,16,344,0,0,36,0],[5,0,0,0,0,19,379,0,0,36,0],[7,0,0,0,216,179,632,0,0,309,0],[1,0,0,0,80,79,465,0,0,343,0]]",/data2/liyapeng_grp/program/MedMNISTMerge/outputs/prediction_diagnostics_full_avg_head_full_20260724c/shard_3/merged/small/organsmnist_224/resnet/clients_3/beta_0p01/seed_42/avg_head/merged.pt,/data2/liyapeng_grp/program/MedMNISTMerge/outputs/prediction_diagnostics_full_avg_head_full_20260724c/shard_3/merged/small/organsmnist_224/resnet/clients_3/beta_0p01/seed_42/avg_head,2026-07-24T16:36:56
OK,,11.58,merge,small,organsmnist_224,resnet,3,0.1,42,avg_head,avg_head,,,test,0.277670782825422,0.15903132469163941,0.6962017908929554,0.08510414134687544,0.11583973066994237,2.097597061041407,8827,11,11,11,6,0.23541407046561685,6,0.7964200747705902,3.3830606352261787,0.5610060043049734,1.9110041943998122,6,0.2700822122942983,0.9386298401857376,0.24525426249008722,0.6738416222952305,0.08781119280162335,0.000000 0.637813 0.000000 0.000000 0.000000 0.080808 1.000000 0.000000 0.000000 0.019360 0.011364,0.000000 0.195122 0.000000 0.000000 0.000000 0.258065 0.295590 0.000000 0.000000 0.376812 0.148649,0.000000 0.298826 0.000000 0.000000 0.000000 0.123077 0.456302 0.000000 0.000000 0.036827 0.021113,811 439 445 510 704 693 2078 397 439 1343 968,2 1435 0 0 0 217 7030 0 0 69 74,0.086347 0.087186 0.038308 0.058092 0.069383 0.105380 0.236242 0.047210 0.042579 0.099498 0.129775,"[[0,317,0,0,0,2,485,0,0,5,2],[0,280,0,0,0,19,129,0,0,10,1],[0,279,0,0,0,32,126,0,0,4,4],[0,59,0,0,0,12,422,0,0,8,9],[0,22,0,0,0,47,615,0,0,1,19],[0,37,0,0,0,56,569,0,0,9,22],[0,0,0,0,0,0,2078,0,0,0,0],[0,0,0,0,0,0,397,0,0,0,0],[0,0,0,0,0,0,439,0,0,0,0],[2,322,0,0,0,28,959,0,0,26,6],[0,119,0,0,0,21,811,0,0,6,11]]",/data2/liyapeng_grp/program/MedMNISTMerge/outputs/prediction_diagnostics_full_avg_head_full_20260724c/shard_3/merged/small/organsmnist_224/resnet/clients_3/beta_0p1/seed_42/avg_head/merged.pt,/data2/liyapeng_grp/program/MedMNISTMerge/outputs/prediction_diagnostics_full_avg_head_full_20260724c/shard_3/merged/small/organsmnist_224/resnet/clients_3/beta_0p1/seed_42/avg_head,2026-07-24T16:37:08
OK,,11.63,merge,small,organsmnist_224,resnet,5,0,42,avg_head,avg_head,,,test,0.16857369434689023,0.09333603229636385,0.48996145918421113,0.05302095303692469,0.060432058200146924,2.3432302435000567,8827,11,11,11,6,0.23541407046561685,9,0.799252294097655,3.3950914340712224,0.5638382236320381,1.9795402562331275,5,0.2847766671338909,0.9958828929891778,0.1156041123824629,0.6471054718477399,0.18056206598587585,0.000000 0.000000 0.000000 0.000000 0.002841 0.000000 0.185756 0.000000 0.000000 0.769918 0.068182,0.000000 0.000000 0.000000 0.000000 0.037736 0.000000 0.332472 0.000000 0.000000 0.146563 0.147982,0.000000 0.000000 0.000000 0.000000 0.005284 0.000000 0.238345 0.000000 0.000000 0.246249 0.093352,811 439 445 510 704 693 2078 397 439 1343 968,112 0 0 0 53 0 1161 0 0 7055 446,0.100108 0.087576 0.073616 0.085127 0.098658 0.075971 0.106263 0.078632 0.081110 0.114594 0.098343,"[[0,0,0,0,0,0,61,0,0,738,12],[0,0,0,0,0,0,5,0,0,434,0],[0,0,0,0,0,0,10,0,0,434,1],[3,0,0,0,2,0,40,0,0,462,3],[0,0,0,0,2,0,134,0,0,546,22],[1,0,0,0,1,0,119,0,0,546,26],[80,0,0,0,29,0,386,0,0,1350,233],[3,0,0,0,2,0,20,0,0,334,38],[13,0,0,0,2,0,14,0,0,372,38],[12,0,0,0,0,0,290,0,0,1034,7],[0,0,0,0,15,0,82,0,0,805,66]]",/data2/liyapeng_grp/program/MedMNISTMerge/outputs/prediction_diagnostics_full_avg_head_full_20260724c/shard_3/merged/small/organsmnist_224/resnet/clients_5/beta_0/seed_42/avg_head/merged.pt,/data2/liyapeng_grp/program/MedMNISTMerge/outputs/prediction_diagnostics_full_avg_head_full_20260724c/shard_3/merged/small/organsmnist_224/resnet/clients_5/beta_0/seed_42/avg_head,2026-07-24T16:37:19
OK,,11.61,merge,small,organsmnist_224,resnet,5,0.01,42,avg_head,avg_head,,,test,0.052339413164155434,0.09316294101148329,0.611758285777017,0.012982318437004264,0.08946705803551076,2.3717768016455194,8827,11,11,11,6,0.23541407046561685,8,0.9789282882066387,4.15832531280077,0.7435142177410219,1.1109150718536196,3,0.0438651620663937,0.9928264660766264,0.1307016115327971,0.9291945168233828,0.21541181052932779,0.000000 0.011390 0.000000 0.000000 0.000000 0.000000 0.000000 0.000000 1.000000 0.013403 0.000000,0.000000 0.833333 0.000000 0.000000 0.000000 0.000000 0.000000 0.000000 0.050804 0.100000 0.000000,0.000000 0.022472 0.000000 0.000000 0.000000 0.000000 0.000000 0.000000 0.096696 0.023638 0.000000,811 439 445 510 704 693 2078 397 439 1343 968,0 6 0 0 0 0 0 0 8641 180 0,0.103117 0.073359 0.065634 0.071277 0.083111 0.095017 0.093945 0.096037 0.130636 0.096154 0.091713,"[[0,0,0,0,0,0,0,0,769,42,0],[0,5,0,0,0,0,0,0,393,41,0],[0,1,0,0,0,0,0,0,392,52,0],[0,0,0,0,0,0,0,0,496,14,0],[0,0,0,0,0,0,0,0,702,2,0],[0,0,0,0,0,0,0,0,690,3,0],[0,0,0,0,0,0,0,0,2078,0,0],[0,0,0,0,0,0,0,0,396,1,0],[0,0,0,0,0,0,0,0,439,0,0],[0,0,0,0,0,0,0,0,1325,18,0],[0,0,0,0,0,0,0,0,961,7,0]]",/data2/liyapeng_grp/program/MedMNISTMerge/outputs/prediction_diagnostics_full_avg_head_full_20260724c/shard_3/merged/small/organsmnist_224/resnet/clients_5/beta_0p01/seed_42/avg_head/merged.pt,/data2/liyapeng_grp/program/MedMNISTMerge/outputs/prediction_diagnostics_full_avg_head_full_20260724c/shard_3/merged/small/organsmnist_224/resnet/clients_5/beta_0p01/seed_42/avg_head,2026-07-24T16:37:31
OK,,11.65,merge,small,organsmnist_224,resnet,5,0.1,42,avg_head,avg_head,,,test,0.1514670896114195,0.10853240018822233,0.5892843910824774,0.04766555407998183,0.0624139052446047,2.330556725812847,8827,11,11,11,6,0.23541407046561685,9,0.8057097541633624,3.4225216554379214,0.5702956836977455,1.6872319160838927,4,0.21814516777912085,0.9746099294881578,0.16073198708507988,0.7633397530304747,0.16023271799074634,0.000000 0.000000 0.029213 0.000000 0.000000 0.369408 0.000000 0.000000 0.000000 0.795235 0.000000,0.000000 0.000000 0.382353 0.000000 0.000000 0.154031 0.000000 0.000000 0.000000 0.150169 0.000000,0.000000 0.000000 0.054280 0.000000 0.000000 0.217410 0.000000 0.000000 0.000000 0.252632 0.000000,811 439 445 510 704 693 2078 397 439 1343 968,19 0 34 0 0 1662 0 0 0 7112 0,0.084335 0.064733 0.084814 0.075615 0.092008 0.144503 0.091337 0.049303 0.053709 0.158594 0.101050,"[[0,0,1,0,0,103,0,0,0,707,0],[0,0,11,0,0,65,0,0,0,363,0],[0,0,13,0,0,74,0,0,0,358,0],[2,0,0,0,0,127,0,0,0,381,0],[0,0,0,0,0,239,0,0,0,465,0],[1,0,0,0,0,256,0,0,0,436,0],[0,0,0,0,0,151,0,0,0,1927,0],[0,0,0,0,0,62,0,0,0,335,0],[0,0,0,0,0,84,0,0,0,355,0],[16,0,8,0,0,251,0,0,0,1068,0],[0,0,1,0,0,250,0,0,0,717,0]]",/data2/liyapeng_grp/program/MedMNISTMerge/outputs/prediction_diagnostics_full_avg_head_full_20260724c/shard_3/merged/small/organsmnist_224/resnet/clients_5/beta_0p1/seed_42/avg_head/merged.pt,/data2/liyapeng_grp/program/MedMNISTMerge/outputs/prediction_diagnostics_full_avg_head_full_20260724c/shard_3/merged/small/organsmnist_224/resnet/clients_5/beta_0p1/seed_42/avg_head,2026-07-24T16:37:43
OK,,11.73,merge,small,organsmnist_224,resnet,7,0,42,avg_head,avg_head,,,test,0.10173331822816359,0.09467150860144068,0.47121048857436704,0.035288692361467915,0.032005915125345404,2.3646177034949587,8827,11,11,11,6,0.23541407046561685,0,0.7977795400475813,3.3888354186718,0.5623654695819644,1.9482305183922202,4,0.278127882278692,0.9971802020648411,0.11011049195649711,0.7364903138099015,0.1919752241019567,0.801480 0.000000 0.000000 0.000000 0.000000 0.000000 0.013956 0.000000 0.000000 0.000745 0.225207,0.092303 0.000000 0.000000 0.000000 0.000000 0.000000 0.077957 0.000000 0.000000 0.005714 0.176090,0.165542 0.000000 0.000000 0.000000 0.000000 0.000000 0.023673 0.000000 0.000000 0.001318 0.197643,811 439 445 510 704 693 2078 397 439 1343 968,7042 0 0 0 0 0 372 0 0 175 1238,0.109595 0.087959 0.078734 0.079403 0.083857 0.087829 0.100557 0.077539 0.089833 0.100200 0.104492,"[[650,0,0,0,0,0,81,0,0,7,73],[351,0,0,0,0,0,35,0,0,53,0],[364,0,0,0,0,0,34,0,0,45,2],[415,0,0,0,0,0,15,0,0,12,68],[501,0,0,0,0,0,16,0,0,18,169],[545,0,0,0,0,0,11,0,0,19,118],[1604,0,0,0,0,0,29,0,0,0,445],[369,0,0,0,0,0,0,0,0,3,25],[412,0,0,0,0,0,0,0,0,1,26],[1162,0,0,0,0,0,86,0,0,1,94],[669,0,0,0,0,0,65,0,0,16,218]]",/data2/liyapeng_grp/program/MedMNISTMerge/outputs/prediction_diagnostics_full_avg_head_full_20260724c/shard_3/merged/small/organsmnist_224/resnet/clients_7/beta_0/seed_42/avg_head/merged.pt,/data2/liyapeng_grp/program/MedMNISTMerge/outputs/prediction_diagnostics_full_avg_head_full_20260724c/shard_3/merged/small/organsmnist_224/resnet/clients_7/beta_0/seed_42/avg_head,2026-07-24T16:37:54
OK,,11.73,merge,small,organsmnist_224,resnet,7,0.01,42,avg_head,avg_head,,,test,0.2376798459272686,0.0926772062349173,0.4972260759742056,0.039289008677733134,0.07631471342948666,2.3359202411634756,8827,11,11,11,6,0.23541407046561685,6,0.9644273252520675,4.096727622714148,0.7290132547864507,1.1688688686970512,3,0.06507227569785584,0.9971349408707987,0.1160634629545712,0.7290132547864507,0.18300121635785482,0.000000 0.000000 0.000000 0.000000 0.000000 0.002886 0.994225 0.000000 0.000000 0.022338 0.000000,0.000000 0.000000 0.000000 0.000000 0.000000 0.500000 0.242688 0.000000 0.000000 0.096774 0.000000,0.000000 0.000000 0.000000 0.000000 0.000000 0.005739 0.390143 0.000000 0.000000 0.036298 0.000000,811 439 445 510 704 693 2078 397 439 1343 968,0 0 0 0 0 4 8513 0 0 310 0,0.094153 0.080700 0.082434 0.082972 0.086204 0.095059 0.115981 0.077676 0.086579 0.103776 0.094466,"[[0,0,0,0,0,1,802,0,0,8,0],[0,0,0,0,0,0,408,0,0,31,0],[0,0,0,0,0,0,404,0,0,41,0],[0,0,0,0,0,0,465,0,0,45,0],[0,0,0,0,0,1,670,0,0,33,0],[0,0,0,0,0,2,649,0,0,42,0],[0,0,0,0,0,0,2066,0,0,12,0],[0,0,0,0,0,0,373,0,0,24,0],[0,0,0,0,0,0,434,0,0,5,0],[0,0,0,0,0,0,1313,0,0,30,0],[0,0,0,0,0,0,929,0,0,39,0]]",/data2/liyapeng_grp/program/MedMNISTMerge/outputs/prediction_diagnostics_full_avg_head_full_20260724c/shard_3/merged/small/organsmnist_224/resnet/clients_7/beta_0p01/seed_42/avg_head/merged.pt,/data2/liyapeng_grp/program/MedMNISTMerge/outputs/prediction_diagnostics_full_avg_head_full_20260724c/shard_3/merged/small/organsmnist_224/resnet/clients_7/beta_0p01/seed_42/avg_head,2026-07-24T16:38:06
OK,,11.75,merge,small,organsmnist_224,resnet,7,0.1,42,avg_head,avg_head,,,test,0.11951965560212983,0.0944483828712635,0.6190236143158258,0.032059972422833656,0.06312111835800004,2.265588933457007,8827,11,11,11,6,0.23541407046561685,10,0.9095955590800952,3.86381135707411,0.6741814886144784,1.3795872365201007,3,0.13419449719425466,0.9653722174763081,0.18109387390959555,0.7999320267361505,0.1412164340618674,0.000000 0.000000 0.000000 0.000000 0.000000 0.000000 0.007700 0.000000 0.000000 0.108712 0.922521,0.000000 0.000000 0.000000 0.000000 0.000000 0.000000 0.390244 0.000000 0.000000 0.192867 0.111222,0.000000 0.000000 0.000000 0.000000 0.000000 0.000000 0.015101 0.000000 0.000000 0.139048 0.198511,811 439 445 510 704 693 2078 397 439 1343 968,0 0 0 0 0 0 41 0 0 757 8029,0.075046 0.079539 0.067116 0.058013 0.076514 0.087613 0.126955 0.047986 0.061379 0.139462 0.180377,"[[0,0,0,0,0,0,11,0,0,249,551],[0,0,0,0,0,0,0,0,0,95,344],[0,0,0,0,0,0,0,0,0,86,359],[0,0,0,0,0,0,6,0,0,52,452],[0,0,0,0,0,0,0,0,0,14,690],[0,0,0,0,0,0,0,0,0,22,671],[0,0,0,0,0,0,16,0,0,19,2043],[0,0,0,0,0,0,0,0,0,1,396],[0,0,0,0,0,0,0,0,0,0,439],[0,0,0,0,0,0,6,0,0,146,1191],[0,0,0,0,0,0,2,0,0,73,893]]",/data2/liyapeng_grp/program/MedMNISTMerge/outputs/prediction_diagnostics_full_avg_head_full_20260724c/shard_3/merged/small/organsmnist_224/resnet/clients_7/beta_0p1/seed_42/avg_head/merged.pt,/data2/liyapeng_grp/program/MedMNISTMerge/outputs/prediction_diagnostics_full_avg_head_full_20260724c/shard_3/merged/small/organsmnist_224/resnet/clients_7/beta_0p1/seed_42/avg_head,2026-07-24T16:38:18
OK,,17.94,merge,small,organsmnist_224,swin_tiny,3,0,42,avg_head,avg_head,,,test,0.20663872210263962,0.2168614096562692,0.7006125463863421,0.13497913024049948,0.18532654498668866,2.319386386406763,8827,11,11,11,6,0.23541407046561685,3,0.2597711566783732,1.1034648700673726,0.02435708621275634,6.233884041561148,11,0.7631691012376112,0.9980834698770353,0.11849209102752917,0.5224878214568937,0.23011286663027644,0.004932 0.000000 0.013483 0.358824 0.018466 0.362193 0.140520 0.947103 0.018223 0.495905 0.025826,0.031746 0.000000 0.070588 0.079808 0.164557 0.213799 0.787062 0.193217 0.013029 0.338587 0.146199,0.008538 0.000000 0.022642 0.130574 0.033206 0.268881 0.238465 0.320956 0.015195 0.402417 0.043898,811 439 445 510 704 693 2078 397 439 1343 968,126 1 85 2293 79 1174 371 1946 614 1967 171,0.086934 0.072689 0.086265 0.103992 0.087136 0.094651 0.084879 0.099963 0.096314 0.100381 0.086795,"[[4,0,14,267,2,118,22,79,75,217,13],[2,0,9,253,0,2,0,45,34,94,0],[3,0,6,266,0,7,0,47,43,73,0],[5,0,14,183,12,17,10,63,120,81,5],[34,0,3,123,13,241,1,43,23,220,3],[16,0,13,129,3,251,0,45,17,216,3],[15,0,14,524,31,102,292,685,100,213,102],[0,0,1,9,1,0,0,376,9,0,1],[0,0,2,10,2,0,0,417,8,0,0],[13,1,7,186,1,308,27,27,88,666,19],[34,0,2,343,14,128,19,119,97,187,25]]",/data2/liyapeng_grp/program/MedMNISTMerge/outputs/prediction_diagnostics_full_avg_head_full_20260724c/shard_3/merged/small/organsmnist_224/swin_tiny/clients_3/beta_0/seed_42/avg_head/merged.pt,/data2/liyapeng_grp/program/MedMNISTMerge/outputs/prediction_diagnostics_full_avg_head_full_20260724c/shard_3/merged/small/organsmnist_224/swin_tiny/clients_3/beta_0/seed_42/avg_head,2026-07-24T16:38:30
OK,,18.03,merge,small,organsmnist_224,swin_tiny,3,0.01,42,avg_head,avg_head,,,test,0.21796759941089838,0.18442075617932693,0.6671151051339032,0.13512302471331683,0.1678213791427769,2.3102949623668856,8827,11,11,11,6,0.23541407046561685,3,0.44397870171066045,1.8859480269489894,0.2085646312450436,4.790986612823761,9,0.6533798124696427,0.9926436357874566,0.1301626047921151,0.5502435708621276,0.2297165695063037,0.000000 0.000000 0.350562 0.586275 0.004261 0.411255 0.471607 0.078086 0.000000 0.126582 0.000000,0.000000 0.000000 0.140921 0.076295 0.013514 0.192698 0.761461 0.413333 0.000000 0.247813 0.000000,0.000000 0.000000 0.201031 0.135019 0.006479 0.262431 0.582467 0.131356 0.000000 0.167570 0.000000,811 439 445 510 704 693 2078 397 439 1343 968,33 0 1107 3919 222 1479 1287 75 0 686 19,0.080025 0.064001 0.109101 0.119870 0.092362 0.104587 0.096559 0.082856 0.067838 0.104447 0.078353,"[[0,0,166,356,29,158,33,0,0,69,0],[0,0,170,247,0,4,0,0,0,18,0],[0,0,156,267,0,7,1,0,0,14,0],[2,0,83,299,7,33,32,0,0,52,2],[2,0,63,294,3,289,12,1,0,40,0],[0,0,68,279,1,285,25,1,0,34,0],[8,0,68,515,80,189,980,7,0,216,15],[0,0,34,267,26,2,36,31,0,0,1],[0,0,51,277,22,0,49,35,0,5,0],[3,0,143,613,29,310,74,0,0,170,1],[18,0,105,505,25,202,45,0,0,68,0]]",/data2/liyapeng_grp/program/MedMNISTMerge/outputs/prediction_diagnostics_full_avg_head_full_20260724c/shard_3/merged/small/organsmnist_224/swin_tiny/clients_3/beta_0p01/seed_42/avg_head/merged.pt,/data2/liyapeng_grp/program/MedMNISTMerge/outputs/prediction_diagnostics_full_avg_head_full_20260724c/shard_3/merged/small/organsmnist_224/swin_tiny/clients_3/beta_0p01/seed_42/avg_head,2026-07-24T16:38:47
OK,,18.07,merge,small,organsmnist_224,swin_tiny,3,0.1,42,avg_head,avg_head,,,test,0.2669083493825762,0.17370059894327314,0.6866836162478906,0.1071756565003335,0.14348121957087312,2.248393268699728,8827,11,11,11,6,0.23541407046561685,5,0.5947660586835845,2.5264677574590952,0.3593519882179676,2.4988077236788313,7,0.3819239805744006,0.9829962083045218,0.1565721649484536,0.6118726634190551,0.18352114508147283,0.000000 0.013667 0.000000 0.000000 0.000000 0.936508 0.773821 0.153652 0.000000 0.000000 0.033058,0.000000 0.187500 0.000000 0.000000 0.000000 0.123619 0.550308 0.655914 0.000000 0.000000 0.060952,0.000000 0.025478 0.000000 0.000000 0.000000 0.218408 0.643200 0.248980 0.000000 0.000000 0.042867,811 439 445 510 704 693 2078 397 439 1343 968,0 32 3 0 2 5250 2922 93 0 0 525,0.074297 0.088897 0.067448 0.068987 0.081019 0.143648 0.132424 0.079396 0.057844 0.089195 0.116844,"[[0,1,0,0,0,668,119,0,0,0,23],[0,6,0,0,0,404,25,0,0,0,4],[0,10,0,0,0,414,19,0,0,0,2],[0,4,3,0,1,266,190,0,0,0,46],[0,1,0,0,0,663,34,0,0,0,6],[0,1,0,0,0,649,36,0,0,0,7],[0,0,0,0,1,382,1608,0,0,0,87],[0,0,0,0,0,33,183,61,0,0,120],[0,0,0,0,0,20,214,32,0,0,173],[0,6,0,0,0,1039,273,0,0,0,25],[0,3,0,0,0,712,221,0,0,0,32]]",/data2/liyapeng_grp/program/MedMNISTMerge/outputs/prediction_diagnostics_full_avg_head_full_20260724c/shard_3/merged/small/organsmnist_224/swin_tiny/clients_3/beta_0p1/seed_42/avg_head/merged.pt,/data2/liyapeng_grp/program/MedMNISTMerge/outputs/prediction_diagnostics_full_avg_head_full_20260724c/shard_3/merged/small/organsmnist_224/swin_tiny/clients_3/beta_0p1/seed_42/avg_head,2026-07-24T16:39:06
OK,,18.17,merge,small,organsmnist_224,swin_tiny,5,0,42,avg_head,avg_head,,,test,0.2639628412824289,0.15251086841617495,0.6114455069156783,0.11353394900782467,0.12908699243711716,2.3316991280304746,8827,11,11,11,6,0.23541407046561685,6,0.6275065141044522,2.665543792107796,0.3920924436388354,3.6181878670962884,11,0.5362925253196779,0.9988083966796536,0.11403488586156112,0.49212643027076014,0.21739228115895065,0.002466 0.059226 0.256180 0.003922 0.252841 0.011544 0.902310 0.133501 0.000000 0.048399 0.007231,0.025000 0.137566 0.285714 0.037037 0.116798 0.097561 0.338509 0.115217 0.000000 0.160494 0.106061,0.004489 0.082803 0.270142 0.007092 0.159785 0.020645 0.492320 0.123687 0.000000 0.074371 0.013540,811 439 445 510 704 693 2078 397 439 1343 968,80 189 399 54 1524 82 5539 460 29 405 66,0.084868 0.086178 0.087818 0.083202 0.096385 0.091344 0.109572 0.094184 0.089180 0.090650 0.086620,"[[2,21,64,0,215,2,391,33,0,70,13],[0,26,122,25,111,1,37,67,0,50,0],[2,48,114,21,125,0,28,59,0,48,0],[22,25,40,2,76,17,273,27,20,2,6],[6,19,8,2,178,9,391,23,1,52,15],[8,20,14,0,159,8,383,25,1,65,10],[6,0,3,0,136,24,1875,15,2,17,0],[6,0,2,0,41,0,295,53,0,0,0],[4,0,5,0,9,0,330,91,0,0,0],[5,19,8,1,186,10,1004,29,1,65,15],[19,11,19,3,288,11,532,38,4,36,7]]",/data2/liyapeng_grp/program/MedMNISTMerge/outputs/prediction_diagnostics_full_avg_head_full_20260724c/shard_3/merged/small/organsmnist_224/swin_tiny/clients_5/beta_0/seed_42/avg_head/merged.pt,/data2/liyapeng_grp/program/MedMNISTMerge/outputs/prediction_diagnostics_full_avg_head_full_20260724c/shard_3/merged/small/organsmnist_224/swin_tiny/clients_5/beta_0/seed_42/avg_head,2026-07-24T16:39:24
OK,,18.17,merge,small,organsmnist_224,swin_tiny,5,0.01,42,avg_head,avg_head,,,test,0.15769797213096182,0.19433334975969155,0.6784293010775954,0.11828452397471097,0.15722720122194336,2.3386135047298064,8827,11,11,11,6,0.23541407046561685,1,0.2903591254106718,1.2333974975938404,0.05494505494505497,5.780770014200968,9,0.7316987168558284,0.9972982701753045,0.11409684065934066,0.5530757901891923,0.22421906084139742,0.000000 0.537585 0.000000 0.000000 0.225852 0.121212 0.141482 0.894207 0.006834 0.152643 0.057851,0.000000 0.092080 0.000000 0.000000 0.064425 0.148148 0.767624 0.255212 0.054545 0.249392 0.098074,0.000000 0.157229 0.000000 0.000000 0.100252 0.133333 0.238927 0.397092 0.012146 0.189376 0.072775,811 439 445 510 704 693 2078 397 439 1343 968,0 2563 7 0 2468 567 383 1391 55 822 571,0.080255 0.104088 0.076675 0.076517 0.104651 0.097856 0.086139 0.092779 0.082551 0.099132 0.099356,"[[0,326,1,0,296,50,9,8,0,53,68],[0,236,0,0,94,8,0,16,0,83,2],[0,244,0,0,79,15,0,5,0,102,0],[0,149,1,0,113,25,20,125,23,22,32],[0,351,0,0,159,84,3,23,2,37,45],[0,339,0,0,142,84,0,15,0,69,44],[0,58,1,0,947,91,294,344,18,191,134],[0,5,1,0,25,0,3,355,7,0,1],[0,1,1,0,40,0,10,384,3,0,0],[0,530,0,0,210,131,40,38,0,205,189],[0,324,2,0,363,79,4,78,2,60,56]]",/data2/liyapeng_grp/program/MedMNISTMerge/outputs/prediction_diagnostics_full_avg_head_full_20260724c/shard_3/merged/small/organsmnist_224/swin_tiny/clients_5/beta_0p01/seed_42/avg_head/merged.pt,/data2/liyapeng_grp/program/MedMNISTMerge/outputs/prediction_diagnostics_full_avg_head_full_20260724c/shard_3/merged/small/organsmnist_224/swin_tiny/clients_5/beta_0p01/seed_42/avg_head,2026-07-24T16:39:42
OK,,18.20,merge,small,organsmnist_224,swin_tiny,5,0.1,42,avg_head,avg_head,,,test,0.10921037725161437,0.10312151623587802,0.6984544859367363,0.05365578679838379,0.12958534586238143,2.3198545876642687,8827,11,11,11,6,0.23541407046561685,5,0.5775461651750311,2.4533205004812317,0.34213209470941425,2.7803887796890017,8,0.4264534728992693,0.9925108684527363,0.1263302580151807,0.7221026396284128,0.21510153844413818,0.000000 0.000000 0.000000 0.000000 0.353693 0.555556 0.041386 0.000000 0.000000 0.176471 0.007231,0.000000 0.000000 0.000000 0.000000 0.093154 0.075520 0.895833 0.000000 0.000000 0.283154 0.077778,0.000000 0.000000 0.000000 0.000000 0.147468 0.132965 0.079117 0.000000 0.000000 0.217431 0.013233,811 439 445 510 704 693 2078 397 439 1343 968,5 0 19 0 2673 5098 96 0 9 837 90,0.086771 0.073515 0.086921 0.079855 0.117072 0.121690 0.078795 0.065879 0.081068 0.106813 0.101621,"[[0,0,3,0,373,374,0,0,0,59,2],[0,0,0,0,222,129,0,0,0,88,0],[1,0,0,0,208,138,0,0,0,98,0],[0,0,4,0,79,392,0,0,0,34,1],[0,0,1,0,249,415,0,0,0,37,2],[0,0,1,0,245,385,0,0,0,57,5],[0,0,4,0,332,1414,86,0,7,198,37],[0,0,4,0,34,344,3,0,2,2,8],[0,0,1,0,97,309,6,0,0,4,22],[4,0,1,0,510,584,1,0,0,237,6],[0,0,0,0,324,614,0,0,0,23,7]]",/data2/liyapeng_grp/program/MedMNISTMerge/outputs/prediction_diagnostics_full_avg_head_full_20260724c/shard_3/merged/small/organsmnist_224/swin_tiny/clients_5/beta_0p1/seed_42/avg_head/merged.pt,/data2/liyapeng_grp/program/MedMNISTMerge/outputs/prediction_diagnostics_full_avg_head_full_20260724c/shard_3/merged/small/organsmnist_224/swin_tiny/clients_5/beta_0p1/seed_42/avg_head,2026-07-24T16:40:00
OK,,18.58,merge,small,organsmnist_224,swin_tiny,7,0,42,avg_head,avg_head,,,test,0.19349722442505948,0.14896074610879334,0.6148648076860398,0.14299278283376926,0.16300648644734514,2.3627457835334766,8827,11,11,11,6,0.23541407046561685,6,0.3131301688002719,1.3301251203079885,0.07771609833465504,7.957589792838691,11,0.8649777943559966,0.9998027161571739,0.10261130621955364,0.26668177183641095,0.22085381356705092,0.118372 0.227790 0.215730 0.041176 0.103693 0.054834 0.487007 0.133501 0.113895 0.082651 0.059917,0.094581 0.161812 0.287425 0.088608 0.045999 0.134752 0.366136 0.068921 0.106610 0.251131 0.187097,0.105148 0.189215 0.246470 0.056225 0.063728 0.077949 0.418009 0.090909 0.110132 0.124370 0.090767,811 439 445 510 704 693 2078 397 439 1343 968,1015 618 334 237 1587 282 2764 769 469 442 310,0.090259 0.089328 0.086713 0.089111 0.094081 0.087827 0.096941 0.093444 0.091247 0.090490 0.090557,"[[96,101,53,8,170,32,167,53,57,33,41],[114,100,91,5,8,1,19,27,36,38,0],[128,92,96,6,3,1,14,29,34,40,2],[87,9,18,21,47,46,94,123,46,9,10],[95,67,15,19,73,35,252,51,28,45,24],[97,71,11,12,65,38,221,48,22,75,33],[54,2,5,74,668,57,1012,86,18,50,52],[14,0,17,21,147,0,50,53,65,1,29],[32,0,7,23,106,3,112,79,50,1,26],[84,140,8,29,142,13,562,137,82,111,35],[214,36,13,19,158,56,261,83,31,39,58]]",/data2/liyapeng_grp/program/MedMNISTMerge/outputs/prediction_diagnostics_full_avg_head_full_20260724c/shard_3/merged/small/organsmnist_224/swin_tiny/clients_7/beta_0/seed_42/avg_head/merged.pt,/data2/liyapeng_grp/program/MedMNISTMerge/outputs/prediction_diagnostics_full_avg_head_full_20260724c/shard_3/merged/small/organsmnist_224/swin_tiny/clients_7/beta_0/seed_42/avg_head,2026-07-24T16:40:18
OK,,18.46,merge,small,organsmnist_224,swin_tiny,7,0.01,42,avg_head,avg_head,,,test,0.2580718250821344,0.16468330881895063,0.6766993974755423,0.1324810660710712,0.17679565859963253,2.3322225354381443,8827,11,11,11,6,0.23541407046561685,6,0.317208564631245,1.3474494706448508,0.08179449416562817,5.491536690599545,11,0.7102929568646643,0.9988833073176997,0.10775886484649372,0.37373966239945616,0.21809794727859,0.002466 0.013667 0.078652 0.166667 0.079545 0.024531 0.682387 0.385390 0.000000 0.373045 0.005165,0.035714 0.333333 0.312500 0.076233 0.050000 0.062271 0.506429 0.177083 0.000000 0.206003 0.185185,0.004614 0.026258 0.125673 0.104615 0.061404 0.035197 0.581386 0.242665 0.000000 0.265430 0.010050,811 439 445 510 704 693 2078 397 439 1343 968,56 18 112 1115 1120 273 2800 864 10 2432 27,0.083721 0.083066 0.083508 0.098210 0.093956 0.092069 0.099750 0.094827 0.083360 0.100423 0.087111,"[[2,0,17,88,275,44,92,19,1,266,7],[1,6,40,31,79,1,6,54,2,219,0],[1,7,35,39,60,2,8,53,0,240,0],[13,0,10,85,48,67,84,135,1,66,1],[4,1,3,132,56,30,143,30,0,304,1],[4,1,4,123,43,17,103,30,1,366,1],[7,0,0,173,174,24,1418,76,0,196,10],[0,0,1,34,15,0,168,153,0,25,1],[2,0,0,14,4,0,222,193,0,4,0],[7,3,1,233,172,35,338,49,3,501,1],[15,0,1,163,194,53,218,72,2,245,5]]",/data2/liyapeng_grp/program/MedMNISTMerge/outputs/prediction_diagnostics_full_avg_head_full_20260724c/shard_3/merged/small/organsmnist_224/swin_tiny/clients_7/beta_0p01/seed_42/avg_head/merged.pt,/data2/liyapeng_grp/program/MedMNISTMerge/outputs/prediction_diagnostics_full_avg_head_full_20260724c/shard_3/merged/small/organsmnist_224/swin_tiny/clients_7/beta_0p01/seed_42/avg_head,2026-07-24T16:40:37
OK,,18.43,merge,small,organsmnist_224,swin_tiny,7,0.1,42,avg_head,avg_head,,,test,0.12042596578679053,0.09993299035056523,0.7077759909822325,0.03563558031264768,0.20857566818013823,2.2911163015463916,8827,11,11,11,6,0.23541407046561685,10,0.9576299988671123,4.067853705486044,0.7222159284014955,1.2526905706627702,7,0.09395476824379878,0.9914110557232673,0.14110293701144216,0.8479664665231677,0.19159907320118275,0.001233 0.041002 0.024719 0.000000 0.000000 0.000000 0.028874 0.000000 0.000000 0.004468 0.998967,0.500000 0.461538 0.268293 0.000000 0.000000 0.000000 0.923077 0.000000 0.000000 0.027027 0.114397,0.002460 0.075314 0.045267 0.000000 0.000000 0.000000 0.055996 0.000000 0.000000 0.007668 0.205286,811 439 445 510 704 693 2078 397 439 1343 968,2 39 41 0 0 0 65 0 5 222 8453,0.084997 0.090438 0.089238 0.066272 0.083823 0.088048 0.099467 0.067438 0.086127 0.103374 0.140778,"[[1,9,8,0,0,0,0,0,0,14,779],[0,18,21,0,0,0,0,0,0,93,307],[1,9,11,0,0,0,0,0,0,105,319],[0,0,1,0,0,0,0,0,0,2,507],[0,0,0,0,0,0,0,0,0,1,703],[0,0,0,0,0,0,0,0,0,0,693],[0,0,0,0,0,0,60,0,2,0,2016],[0,0,0,0,0,0,3,0,3,0,391],[0,0,0,0,0,0,2,0,0,0,437],[0,3,0,0,0,0,0,0,0,6,1334],[0,0,0,0,0,0,0,0,0,1,967]]",/data2/liyapeng_grp/program/MedMNISTMerge/outputs/prediction_diagnostics_full_avg_head_full_20260724c/shard_3/merged/small/organsmnist_224/swin_tiny/clients_7/beta_0p1/seed_42/avg_head/merged.pt,/data2/liyapeng_grp/program/MedMNISTMerge/outputs/prediction_diagnostics_full_avg_head_full_20260724c/shard_3/merged/small/organsmnist_224/swin_tiny/clients_7/beta_0p1/seed_42/avg_head,2026-07-24T16:40:55
OK,,11.40,merge,small,organsmnist_224,vit_t,3,0,42,avg_head,avg_head,,,test,0.1188399229636343,0.1363359436900794,0.5980195194676672,0.08063265797878706,0.10289058828009677,2.4393507889500965,8827,11,11,11,6,0.23541407046561685,10,0.5519429024583664,2.3445620789220407,0.31652883199274956,3.9674278618781793,11,0.574719841448088,0.9614909656571584,0.21242707035232808,0.6150447490653677,0.2557456720494828,0.004932 0.423690 0.256180 0.037255 0.019886 0.000000 0.000481 0.065491 0.000000 0.040953 0.650826,0.093023 0.094705 0.291560 0.056380 0.029412 0.000000 0.038462 0.305882 0.000000 0.093063 0.129310,0.009368 0.154806 0.272727 0.044864 0.023729 0.000000 0.000951 0.107884 0.000000 0.056877 0.215753,811 439 445 510 704 693 2078 397 439 1343 968,43 1964 391 337 476 39 26 85 3 591 4872,0.062512 0.141132 0.103112 0.083016 0.090455 0.069470 0.076629 0.044909 0.040438 0.102953 0.185374,"[[4,331,15,66,51,9,1,0,0,27,307],[0,186,102,19,3,7,1,0,0,9,112],[0,197,114,11,6,1,1,0,0,2,113],[0,121,39,19,56,3,4,3,0,96,169],[0,167,2,44,14,0,7,2,0,36,432],[0,135,13,59,4,0,0,5,1,28,448],[36,128,20,11,133,12,1,11,0,219,1507],[1,14,13,3,116,0,0,26,2,8,214],[0,21,6,2,60,2,0,37,0,73,238],[1,502,11,51,14,3,4,0,0,55,702],[1,162,56,52,19,2,7,1,0,38,630]]",/data2/liyapeng_grp/program/MedMNISTMerge/outputs/prediction_diagnostics_full_avg_head_full_20260724c/shard_3/merged/small/organsmnist_224/vit_t/clients_3/beta_0/seed_42/avg_head/merged.pt,/data2/liyapeng_grp/program/MedMNISTMerge/outputs/prediction_diagnostics_full_avg_head_full_20260724c/shard_3/merged/small/organsmnist_224/vit_t/clients_3/beta_0/seed_42/avg_head,2026-07-24T16:41:14
OK,,11.29,merge,small,organsmnist_224,vit_t,3,0.01,42,avg_head,avg_head,,,test,0.09538914693553868,0.13002161350699615,0.6170314557929379,0.09053388686368948,0.19230682667997437,2.419261835136513,8827,11,11,11,6,0.23541407046561685,5,0.3765718817265209,1.5996150144369585,0.14115781126090404,4.515612422825669,11,0.6286933531225345,0.9658475885031745,0.21111185850232242,0.6306785997507648,0.23821928539033654,0.030826 0.387244 0.130337 0.000000 0.007102 0.453102 0.012031 0.246851 0.034169 0.020104 0.108471,0.118483 0.054192 0.351515 0.000000 0.089286 0.094465 0.500000 0.313099 0.416667 0.090604 0.087065,0.048924 0.095078 0.190164 0.000000 0.013158 0.156336 0.023496 0.276056 0.063158 0.032907 0.096596,811 439 445 510 704 693 2078 397 439 1343 968,211 3137 165 31 56 3324 50 313 36 298 1206,0.085356 0.162472 0.072910 0.056632 0.078272 0.162013 0.064790 0.062460 0.044781 0.098654 0.111660,"[[25,381,2,1,1,377,1,3,0,2,18],[1,170,61,0,1,206,0,0,0,0,0],[0,199,58,1,0,182,0,0,2,1,2],[4,253,5,0,12,171,2,2,0,44,17],[3,295,3,1,5,249,11,37,0,31,69],[2,244,10,2,0,314,5,28,0,21,67],[90,448,11,17,13,678,25,26,12,111,647],[18,37,1,3,18,75,2,98,6,25,114],[54,99,0,2,1,95,0,78,15,23,72],[0,562,10,0,0,627,3,19,0,27,95],[14,449,4,4,5,350,1,22,1,13,105]]",/data2/liyapeng_grp/program/MedMNISTMerge/outputs/prediction_diagnostics_full_avg_head_full_20260724c/shard_3/merged/small/organsmnist_224/vit_t/clients_3/beta_0p01/seed_42/avg_head/merged.pt,/data2/liyapeng_grp/program/MedMNISTMerge/outputs/prediction_diagnostics_full_avg_head_full_20260724c/shard_3/merged/small/organsmnist_224/vit_t/clients_3/beta_0p01/seed_42/avg_head,2026-07-24T16:41:25
OK,,11.39,merge,small,organsmnist_224,vit_t,3,0.1,42,avg_head,avg_head,,,test,0.08757222159284014,0.09748969276730673,0.6095767902951525,0.029883504628502987,0.09882495364418395,2.6758351285473547,8827,11,11,11,6,0.23541407046561685,5,0.80253766851705,3.4090471607314727,0.5671235980514331,1.7743602977208426,6,0.23914303882413465,0.804459674294706,0.38839285714285715,0.8526113062195536,0.4692753171645713,0.000000 0.113895 0.000000 0.000000 0.000000 0.894661 0.046198 0.017632 0.000000 0.000000 0.000000,0.000000 0.031766 0.000000 0.000000 0.000000 0.087521 0.761905 0.205882 0.000000 0.000000 0.000000,0.000000 0.049677 0.000000 0.000000 0.000000 0.159445 0.087114 0.032483 0.000000 0.000000 0.000000,811 439 445 510 704 693 2078 397 439 1343 968,0 1574 0 0 8 7084 126 34 0 1 0,0.031213 0.228578 0.022762 0.031320 0.061996 0.367818 0.069370 0.046098 0.024336 0.057783 0.058726,"[[0,121,0,0,0,690,0,0,0,0,0],[0,50,0,0,0,389,0,0,0,0,0],[0,48,0,0,0,397,0,0,0,0,0],[0,73,0,0,0,436,0,0,0,1,0],[0,89,0,0,0,614,0,1,0,0,0],[0,72,0,0,1,620,0,0,0,0,0],[0,510,0,0,5,1448,96,19,0,0,0],[0,106,0,0,2,260,22,7,0,0,0],[0,202,0,0,0,223,7,7,0,0,0],[0,140,0,0,0,1203,0,0,0,0,0],[0,163,0,0,0,804,1,0,0,0,0]]",/data2/liyapeng_grp/program/MedMNISTMerge/outputs/prediction_diagnostics_full_avg_head_full_20260724c/shard_3/merged/small/organsmnist_224/vit_t/clients_3/beta_0p1/seed_42/avg_head/merged.pt,/data2/liyapeng_grp/program/MedMNISTMerge/outputs/prediction_diagnostics_full_avg_head_full_20260724c/shard_3/merged/small/organsmnist_224/vit_t/clients_3/beta_0p1/seed_42/avg_head,2026-07-24T16:41:36
OK,,11.37,merge,small,organsmnist_224,vit_t,5,0,42,avg_head,avg_head,,,test,0.10819077829387108,0.1120246417526201,0.5124221544410564,0.060531847645523024,0.07085331705022441,2.498679035204486,8827,11,11,11,6,0.23541407046561685,9,0.4445451455760734,1.888354186717998,0.20913107511045653,3.6965598428648203,10,0.5452292390649106,0.9773187286809765,0.1686728220233375,0.625920471281296,0.19155008680427027,0.004932 0.580866 0.000000 0.037255 0.022727 0.000000 0.000000 0.115869 0.000000 0.425168 0.045455,0.021390 0.075377 0.000000 0.044601 0.058824 0.000000 0.000000 0.338235 0.000000 0.145515 0.095445,0.008016 0.133438 0.000000 0.040598 0.032787 0.000000 0.000000 0.172608 0.000000 0.216822 0.061582,811 439 445 510 704 693 2078 397 439 1343 968,187 3383 3 426 272 3 0 136 32 3924 461,0.096348 0.140422 0.048841 0.093115 0.090578 0.069181 0.059845 0.080124 0.063293 0.147066 0.111188,"[[4,548,0,62,12,0,0,1,0,173,11],[7,255,0,9,49,1,0,2,0,101,15],[4,284,0,8,46,0,0,3,0,81,19],[3,186,3,19,43,0,0,4,0,240,12],[5,279,0,45,16,0,0,7,2,293,57],[2,233,0,59,16,0,0,8,0,331,44],[144,500,0,104,19,2,0,40,23,1114,132],[1,28,0,0,2,0,0,46,0,265,55],[0,61,0,1,0,0,0,21,0,337,19],[15,614,0,64,20,0,0,0,6,571,53],[2,395,0,55,49,0,0,4,1,418,44]]",/data2/liyapeng_grp/program/MedMNISTMerge/outputs/prediction_diagnostics_full_avg_head_full_20260724c/shard_3/merged/small/organsmnist_224/vit_t/clients_5/beta_0/seed_42/avg_head/merged.pt,/data2/liyapeng_grp/program/MedMNISTMerge/outputs/prediction_diagnostics_full_avg_head_full_20260724c/shard_3/merged/small/organsmnist_224/vit_t/clients_5/beta_0/seed_42/avg_head,2026-07-24T16:41:48
OK,,11.43,merge,small,organsmnist_224,vit_t,5,0.01,42,avg_head,avg_head,,,test,0.1442166081341339,0.11307052603921748,0.562883208774602,0.05362908109669451,0.08059676970392479,2.4975328714455647,8827,11,11,11,6,0.23541407046561685,9,0.6916279596691968,2.9379210779595764,0.4562138892035799,2.614896503969286,9,0.40086175981317584,0.9500061687087358,0.20999136173105246,0.6596805256599072,0.21370865471092665,0.001233 0.373576 0.000000 0.003922 0.007102 0.000000 0.000000 0.020151 0.000000 0.752048 0.085744,0.017544 0.109333 0.000000 0.009852 0.108696 0.000000 0.000000 0.380952 0.000000 0.165438 0.094749,0.002304 0.169159 0.000000 0.005610 0.013333 0.000000 0.000000 0.038278 0.000000 0.271214 0.090022,811 439 445 510 704 693 2078 397 439 1343 968,57 1500 0 203 46 11 0 21 8 6105 876,0.083742 0.145241 0.051742 0.087256 0.081152 0.071975 0.051014 0.061961 0.035094 0.197022 0.133800,"[[1,353,0,38,1,0,0,0,0,372,46],[0,164,0,3,0,4,0,0,0,262,6],[0,182,0,1,0,0,0,0,0,249,13],[0,89,0,2,15,1,0,0,0,376,27],[0,65,0,17,5,0,0,0,0,587,30],[0,55,0,18,0,0,0,0,0,591,29],[56,142,0,67,16,5,0,8,6,1350,428],[0,8,0,1,0,0,0,8,0,273,107],[0,28,0,1,0,0,0,5,0,334,71],[0,272,0,21,3,0,0,0,1,1010,36],[0,142,0,34,6,1,0,0,1,701,83]]",/data2/liyapeng_grp/program/MedMNISTMerge/outputs/prediction_diagnostics_full_avg_head_full_20260724c/shard_3/merged/small/organsmnist_224/vit_t/clients_5/beta_0p01/seed_42/avg_head/merged.pt,/data2/liyapeng_grp/program/MedMNISTMerge/outputs/prediction_diagnostics_full_avg_head_full_20260724c/shard_3/merged/small/organsmnist_224/vit_t/clients_5/beta_0p01/seed_42/avg_head,2026-07-24T16:41:59
OK,,11.36,merge,small,organsmnist_224,vit_t,5,0.1,42,avg_head,avg_head,,,test,0.11226917412484423,0.09744350253333015,0.6005219261719298,0.0597660927480855,0.12172153798643147,2.3752966085943696,8827,11,11,11,6,0.23541407046561685,9,0.4208677920018126,1.787776708373436,0.18545372153619577,4.372343871918956,11,0.615247561970879,0.9627326467976084,0.18088676787130395,0.5282655488841057,0.1954325264200797,0.001233 0.220957 0.000000 0.000000 0.240057 0.085137 0.003850 0.000000 0.000000 0.408042 0.112603,0.500000 0.082835 0.000000 0.000000 0.084627 0.061522 0.347826 0.000000 0.000000 0.147510 0.114616,0.002460 0.120497 0.000000 0.000000 0.125139 0.071429 0.007615 0.000000 0.000000 0.216686 0.113601,811 439 445 510 704 693 2078 397 439 1343 968,2 1171 4 3 1997 959 23 1 1 3715 951,0.075877 0.119153 0.057113 0.052031 0.131442 0.123125 0.070002 0.050447 0.041459 0.152597 0.126754,"[[1,276,0,0,223,122,0,0,0,77,112],[1,97,0,0,191,64,0,0,0,5,81],[0,95,0,0,204,56,0,0,0,13,77],[0,53,2,0,131,16,0,0,0,283,25],[0,66,0,0,169,41,1,0,0,373,54],[0,70,2,1,170,59,4,0,0,318,69],[0,126,0,0,216,394,8,0,1,1100,233],[0,5,0,0,31,17,6,0,0,307,31],[0,43,0,0,26,17,0,0,0,315,38],[0,211,0,0,417,45,0,0,0,548,122],[0,129,0,2,219,128,4,1,0,376,109]]",/data2/liyapeng_grp/program/MedMNISTMerge/outputs/prediction_diagnostics_full_avg_head_full_20260724c/shard_3/merged/small/organsmnist_224/vit_t/clients_5/beta_0p1/seed_42/avg_head/merged.pt,/data2/liyapeng_grp/program/MedMNISTMerge/outputs/prediction_diagnostics_full_avg_head_full_20260724c/shard_3/merged/small/organsmnist_224/vit_t/clients_5/beta_0p1/seed_42/avg_head,2026-07-24T16:42:11
OK,,11.46,merge,small,organsmnist_224,vit_t,7,0,42,avg_head,avg_head,,,test,0.08881839809674862,0.086071913658041,0.4939519802005904,0.05117560287384681,0.05959808743869604,2.4671503492480458,8827,11,11,11,6,0.23541407046561685,1,0.43061062648691517,1.8291626564003851,0.19519655602129832,4.460714382064043,11,0.6235922583937166,0.9880319263204629,0.14908625523960575,0.5998640534723009,0.21093193443301056,0.009864 0.328018 0.000000 0.168627 0.032670 0.001443 0.000000 0.005038 0.002278 0.354430 0.044421,0.018018 0.037885 0.000000 0.050029 0.073016 0.019608 0.000000 0.071429 0.038462 0.230285 0.116848,0.012749 0.067925 0.000000 0.077165 0.045142 0.002688 0.000000 0.009412 0.004301 0.279179 0.064371,811 439 445 510 704 693 2078 397 439 1343 968,444 3801 3 1719 315 51 5 28 26 2067 368,0.090822 0.131842 0.055913 0.111612 0.091703 0.079758 0.069428 0.076776 0.074226 0.119175 0.098745,"[[8,566,0,164,22,0,0,1,0,44,6],[1,144,0,81,64,0,0,0,0,135,14],[0,143,0,82,79,0,0,1,0,129,11],[21,283,1,86,23,0,5,0,0,86,5],[1,160,0,169,23,0,0,5,4,290,52],[1,130,0,195,25,1,0,4,0,293,44],[390,931,0,372,2,22,0,11,8,218,124],[4,148,2,29,13,14,0,2,11,140,34],[4,310,0,4,0,13,0,0,1,100,7],[6,499,0,305,29,0,0,0,0,476,28],[8,487,0,232,35,1,0,4,2,156,43]]",/data2/liyapeng_grp/program/MedMNISTMerge/outputs/prediction_diagnostics_full_avg_head_full_20260724c/shard_3/merged/small/organsmnist_224/vit_t/clients_7/beta_0/seed_42/avg_head/merged.pt,/data2/liyapeng_grp/program/MedMNISTMerge/outputs/prediction_diagnostics_full_avg_head_full_20260724c/shard_3/merged/small/organsmnist_224/vit_t/clients_7/beta_0/seed_42/avg_head,2026-07-24T16:42:22
OK,,11.47,merge,small,organsmnist_224,vit_t,7,0.01,42,avg_head,avg_head,,,test,0.08020845134247197,0.06916081288029971,0.5040428520180232,0.03316254129818971,0.08138031430959446,2.41465217691458,8827,11,11,11,6,0.23541407046561685,10,0.6322646425739209,2.685755534167469,0.39685057210830404,3.382831592246069,9,0.5082428418743724,0.9777659087244226,0.16659291095502435,0.6430270760167667,0.20507618931309024,0.001233 0.018223 0.000000 0.082353 0.007102 0.001443 0.003369 0.012594 0.000000 0.066270 0.568182,0.011364 0.008316 0.000000 0.040000 0.030488 0.052632 0.038251 0.500000 0.000000 0.115584 0.098549,0.002225 0.011420 0.000000 0.053846 0.011521 0.002809 0.006192 0.024570 0.000000 0.084240 0.167965,811 439 445 510 704 693 2078 397 439 1343 968,88 962 0 1050 164 19 183 10 0 770 5581,0.071249 0.113896 0.043822 0.104677 0.082781 0.071109 0.094647 0.076318 0.063786 0.122458 0.155257,"[[1,169,0,192,9,0,9,0,0,27,404],[0,8,0,44,51,0,40,0,0,34,262],[0,14,0,60,47,0,36,0,0,48,240],[0,69,0,42,12,0,57,0,0,75,255],[0,18,0,82,5,0,3,0,0,24,572],[0,21,0,92,10,1,2,0,0,42,525],[86,244,0,207,1,10,7,2,0,141,1380],[0,36,0,13,1,3,4,5,0,99,236],[0,143,0,0,0,5,1,2,0,113,175],[1,114,0,143,8,0,6,0,0,89,982],[0,126,0,175,20,0,18,1,0,78,550]]",/data2/liyapeng_grp/program/MedMNISTMerge/outputs/prediction_diagnostics_full_avg_head_full_20260724c/shard_3/merged/small/organsmnist_224/vit_t/clients_7/beta_0p01/seed_42/avg_head/merged.pt,/data2/liyapeng_grp/program/MedMNISTMerge/outputs/prediction_diagnostics_full_avg_head_full_20260724c/shard_3/merged/small/organsmnist_224/vit_t/clients_7/beta_0p01/seed_42/avg_head,2026-07-24T16:42:33
OK,,11.52,merge,small,organsmnist_224,vit_t,7,0.1,42,avg_head,avg_head,,,test,0.10683131301688002,0.0886221855411092,0.6324564637902625,0.019760724860289586,0.023102131390483057,2.3933832607872154,8827,11,11,11,6,0.23541407046561685,10,0.9524187153053132,4.0457170356111645,0.7170046448396963,1.287118129467399,8,0.10526135730491877,0.9407499168334913,0.24839625580604963,0.8427551829613685,0.23533696048789676,0.001233 0.004556 0.000000 0.000000 0.000000 0.000000 0.000000 0.000000 0.000000 0.005212 0.963843,0.008621 0.009524 0.000000 0.000000 0.000000 0.000000 0.000000 0.000000 0.000000 0.125000 0.110979,0.002157 0.006163 0.000000 0.000000 0.000000 0.000000 0.000000 0.000000 0.000000 0.010007 0.199040,811 439 445 510 704 693 2078 397 439 1343 968,116 210 4 17 1 16 0 0 0 56 8407,0.081993 0.102702 0.066100 0.062137 0.069603 0.090479 0.057130 0.036588 0.062682 0.123519 0.247068,"[[1,67,2,2,0,0,0,0,0,1,738],[0,2,0,0,0,0,0,0,0,7,430],[0,0,0,0,0,0,0,0,0,7,438],[5,23,0,0,0,0,0,0,0,18,464],[0,0,0,0,0,0,0,0,0,2,702],[0,0,0,2,0,0,0,0,0,0,691],[107,31,0,12,0,2,0,0,0,0,1926],[0,2,1,0,0,9,0,0,0,2,383],[1,3,1,0,0,5,0,0,0,2,427],[2,58,0,1,0,0,0,0,0,7,1275],[0,24,0,0,1,0,0,0,0,10,933]]",/data2/liyapeng_grp/program/MedMNISTMerge/outputs/prediction_diagnostics_full_avg_head_full_20260724c/shard_3/merged/small/organsmnist_224/vit_t/clients_7/beta_0p1/seed_42/avg_head/merged.pt,/data2/liyapeng_grp/program/MedMNISTMerge/outputs/prediction_diagnostics_full_avg_head_full_20260724c/shard_3/merged/small/organsmnist_224/vit_t/clients_7/beta_0p1/seed_42/avg_head,2026-07-24T16:42:45
