ablation,task_type,dataset,model,num_clients,beta,seed,selected_candidate,client_index,client_name,prior_weight_pi,diagnostic_weight_alpha_all,medical_weight_alpha_morph
full,small,bloodmnist_224,convnext,3,0.0,42,avg,0,client_0.pt,0.3333333333333333,0.3069280982017517,0.3143337666988373
full,small,bloodmnist_224,convnext,3,0.0,42,avg,1,client_1.pt,0.3333333333333333,0.3568447530269623,0.32878026366233826
full,small,bloodmnist_224,convnext,3,0.0,42,avg,2,client_2.pt,0.3333333333333333,0.336227148771286,0.35688596963882446
full,small,bloodmnist_224,convnext,3,0.01,42,morphology,0,client_0.pt,0.3333333333333333,0.3795205056667328,0.34898704290390015
full,small,bloodmnist_224,convnext,3,0.01,42,morphology,1,client_1.pt,0.3333333333333333,0.2648370862007141,0.2665582597255707
full,small,bloodmnist_224,convnext,3,0.01,42,morphology,2,client_2.pt,0.3333333333333333,0.3556423783302307,0.3844546973705292
full,small,bloodmnist_224,convnext,3,0.1,42,morphology,0,client_0.pt,0.3333333333333333,0.2992934584617615,0.28603315353393555
full,small,bloodmnist_224,convnext,3,0.1,42,morphology,1,client_1.pt,0.3333333333333333,0.4013821482658386,0.4279106855392456
full,small,bloodmnist_224,convnext,3,0.1,42,morphology,2,client_2.pt,0.3333333333333333,0.2993244230747223,0.28605619072914124
full,small,bloodmnist_224,convnext,5,0.0,42,specialist_client,0,client_0.pt,0.2,0.2550885081291199,0.29394614696502686
full,small,bloodmnist_224,convnext,5,0.0,42,specialist_client,1,client_1.pt,0.2,0.14158639311790466,0.13856865465641022
full,small,bloodmnist_224,convnext,5,0.0,42,specialist_client,2,client_2.pt,0.2,0.13863347470760345,0.1286780685186386
full,small,bloodmnist_224,convnext,5,0.0,42,specialist_client,3,client_3.pt,0.2,0.20299877226352692,0.18150021135807037
full,small,bloodmnist_224,convnext,5,0.0,42,specialist_client,4,client_4.pt,0.2,0.2616928517818451,0.2573069632053375
full,small,bloodmnist_224,convnext,5,0.01,42,morphology,0,client_0.pt,0.2,0.16875284910202026,0.16444532573223114
full,small,bloodmnist_224,convnext,5,0.01,42,morphology,1,client_1.pt,0.2,0.17749261856079102,0.20259910821914673
full,small,bloodmnist_224,convnext,5,0.01,42,morphology,2,client_2.pt,0.2,0.17276683449745178,0.20660807192325592
full,small,bloodmnist_224,convnext,5,0.01,42,morphology,3,client_3.pt,0.2,0.270869642496109,0.24999861419200897
full,small,bloodmnist_224,convnext,5,0.01,42,morphology,4,client_4.pt,0.2,0.2101181000471115,0.17634886503219604
full,small,bloodmnist_224,convnext,5,0.1,42,specialist_client,0,client_0.pt,0.2,0.15114721655845642,0.13868552446365356
full,small,bloodmnist_224,convnext,5,0.1,42,specialist_client,1,client_1.pt,0.2,0.27363529801368713,0.25772252678871155
full,small,bloodmnist_224,convnext,5,0.1,42,specialist_client,2,client_2.pt,0.2,0.17494094371795654,0.2000402957201004
full,small,bloodmnist_224,convnext,5,0.1,42,specialist_client,3,client_3.pt,0.2,0.14055730402469635,0.12242759764194489
full,small,bloodmnist_224,convnext,5,0.1,42,specialist_client,4,client_4.pt,0.2,0.25971922278404236,0.2811240255832672
full,small,bloodmnist_224,convnext,7,0.0,42,specialist_client,0,client_0.pt,0.14285714285714285,0.15986712276935577,0.1698765903711319
full,small,bloodmnist_224,convnext,7,0.0,42,specialist_client,1,client_1.pt,0.14285714285714285,0.1018534004688263,0.09584327787160873
full,small,bloodmnist_224,convnext,7,0.0,42,specialist_client,2,client_2.pt,0.14285714285714285,0.09972523897886276,0.08899882435798645
full,small,bloodmnist_224,convnext,7,0.0,42,specialist_client,3,client_3.pt,0.14285714285714285,0.14603470265865326,0.1255398988723755
full,small,bloodmnist_224,convnext,7,0.0,42,specialist_client,4,client_4.pt,0.14285714285714285,0.18825846910476685,0.17797382175922394
full,small,bloodmnist_224,convnext,7,0.0,42,specialist_client,5,client_5.pt,0.14285714285714285,0.18102696537971497,0.19766154885292053
full,small,bloodmnist_224,convnext,7,0.0,42,specialist_client,6,client_6.pt,0.14285714285714285,0.1232340931892395,0.144105926156044
full,small,bloodmnist_224,convnext,7,0.01,42,avg,0,client_0.pt,0.14285714285714285,0.10798832774162292,0.12863408029079437
full,small,bloodmnist_224,convnext,7,0.01,42,avg,1,client_1.pt,0.14285714285714285,0.17092041671276093,0.19073604047298431
full,small,bloodmnist_224,convnext,7,0.01,42,avg,2,client_2.pt,0.14285714285714285,0.1755882352590561,0.17121034860610962
full,small,bloodmnist_224,convnext,7,0.01,42,avg,3,client_3.pt,0.14285714285714285,0.16496828198432922,0.1588657796382904
full,small,bloodmnist_224,convnext,7,0.01,42,avg,4,client_4.pt,0.14285714285714285,0.08738742023706436,0.07944317162036896
full,small,bloodmnist_224,convnext,7,0.01,42,avg,5,client_5.pt,0.14285714285714285,0.12796875834465027,0.11206190288066864
full,small,bloodmnist_224,convnext,7,0.01,42,avg,6,client_6.pt,0.14285714285714285,0.1651785969734192,0.15904869139194489
full,small,bloodmnist_224,convnext,7,0.1,42,morphology,0,client_0.pt,0.14285714285714285,0.17955167591571808,0.17349405586719513
full,small,bloodmnist_224,convnext,7,0.1,42,morphology,1,client_1.pt,0.14285714285714285,0.13926991820335388,0.122372105717659
full,small,bloodmnist_224,convnext,7,0.1,42,morphology,2,client_2.pt,0.14285714285714285,0.09511955082416534,0.08676211535930634
full,small,bloodmnist_224,convnext,7,0.1,42,morphology,3,client_3.pt,0.14285714285714285,0.14547845721244812,0.15412497520446777
full,small,bloodmnist_224,convnext,7,0.1,42,morphology,4,client_4.pt,0.14285714285714285,0.13924077153205872,0.12398036569356918
full,small,bloodmnist_224,convnext,7,0.1,42,morphology,5,client_5.pt,0.14285714285714285,0.12274184823036194,0.1374015510082245
full,small,bloodmnist_224,convnext,7,0.1,42,morphology,6,client_6.pt,0.14285714285714285,0.17859776318073273,0.2018648236989975
full,small,bloodmnist_224,resnet,3,0.0,42,avg,0,client_0.pt,0.3333333333333333,0.4452696144580841,0.458892822265625
full,small,bloodmnist_224,resnet,3,0.0,42,avg,1,client_1.pt,0.3333333333333333,0.40172120928764343,0.41353267431259155
full,small,bloodmnist_224,resnet,3,0.0,42,avg,2,client_2.pt,0.3333333333333333,0.15300914645195007,0.12757445871829987
full,small,bloodmnist_224,resnet,3,0.01,42,avg,0,client_0.pt,0.3333333333333333,0.4098595678806305,0.3631877899169922
full,small,bloodmnist_224,resnet,3,0.01,42,avg,1,client_1.pt,0.3333333333333333,0.25157925486564636,0.27584099769592285
full,small,bloodmnist_224,resnet,3,0.01,42,avg,2,client_2.pt,0.3333333333333333,0.33856120705604553,0.36097121238708496
full,small,bloodmnist_224,resnet,3,0.1,42,avg,0,client_0.pt,0.3333333333333333,0.4214814603328705,0.41338247060775757
full,small,bloodmnist_224,resnet,3,0.1,42,avg,1,client_1.pt,0.3333333333333333,0.22585223615169525,0.24308200180530548
full,small,bloodmnist_224,resnet,3,0.1,42,avg,2,client_2.pt,0.3333333333333333,0.35266637802124023,0.34353551268577576
full,small,bloodmnist_224,resnet,5,0.0,42,avg,0,client_0.pt,0.2,0.22412686049938202,0.23921672999858856
full,small,bloodmnist_224,resnet,5,0.0,42,avg,1,client_1.pt,0.2,0.17227381467819214,0.20462630689144135
full,small,bloodmnist_224,resnet,5,0.0,42,avg,2,client_2.pt,0.2,0.14007268846035004,0.12726669013500214
full,small,bloodmnist_224,resnet,5,0.0,42,avg,3,client_3.pt,0.2,0.2022399753332138,0.17721624672412872
full,small,bloodmnist_224,resnet,5,0.0,42,avg,4,client_4.pt,0.2,0.2612866759300232,0.2516740560531616
full,small,bloodmnist_224,resnet,5,0.01,42,consensus,0,client_0.pt,0.2,0.18429751694202423,0.1888660192489624
full,small,bloodmnist_224,resnet,5,0.01,42,consensus,1,client_1.pt,0.2,0.28175684809684753,0.2959659695625305
full,small,bloodmnist_224,resnet,5,0.01,42,consensus,2,client_2.pt,0.2,0.13310062885284424,0.1571318805217743
full,small,bloodmnist_224,resnet,5,0.01,42,consensus,3,client_3.pt,0.2,0.2047039270401001,0.1877957433462143
full,small,bloodmnist_224,resnet,5,0.01,42,consensus,4,client_4.pt,0.2,0.19614103436470032,0.1702403724193573
full,small,bloodmnist_224,resnet,5,0.1,42,avg,0,client_0.pt,0.2,0.31463444232940674,0.3512727618217468
full,small,bloodmnist_224,resnet,5,0.1,42,avg,1,client_1.pt,0.2,0.23524552583694458,0.22725418210029602
full,small,bloodmnist_224,resnet,5,0.1,42,avg,2,client_2.pt,0.2,0.1168757975101471,0.12068170309066772
full,small,bloodmnist_224,resnet,5,0.1,42,avg,3,client_3.pt,0.2,0.16623051464557648,0.1472521424293518
full,small,bloodmnist_224,resnet,5,0.1,42,avg,4,client_4.pt,0.2,0.16701370477676392,0.15353924036026
full,small,bloodmnist_224,resnet,7,0.0,42,avg,0,client_0.pt,0.14285714285714285,0.15824292600154877,0.16667255759239197
full,small,bloodmnist_224,resnet,7,0.0,42,avg,1,client_1.pt,0.14285714285714285,0.1039472222328186,0.09781812131404877
full,small,bloodmnist_224,resnet,7,0.0,42,avg,2,client_2.pt,0.14285714285714285,0.10040881484746933,0.08984865248203278
full,small,bloodmnist_224,resnet,7,0.0,42,avg,3,client_3.pt,0.14285714285714285,0.1441657990217209,0.12444433569908142
full,small,bloodmnist_224,resnet,7,0.0,42,avg,4,client_4.pt,0.14285714285714285,0.18743184208869934,0.17776493728160858
full,small,bloodmnist_224,resnet,7,0.0,42,avg,5,client_5.pt,0.14285714285714285,0.1800139993429184,0.19710953533649445
full,small,bloodmnist_224,resnet,7,0.0,42,avg,6,client_6.pt,0.14285714285714285,0.12578938901424408,0.14634189009666443
full,small,bloodmnist_224,resnet,7,0.01,42,consensus,0,client_0.pt,0.14285714285714285,0.10301710665225983,0.11818977445363998
full,small,bloodmnist_224,resnet,7,0.01,42,consensus,1,client_1.pt,0.14285714285714285,0.13020186126232147,0.11357852816581726
full,small,bloodmnist_224,resnet,7,0.01,42,consensus,2,client_2.pt,0.14285714285714285,0.10590341687202454,0.09630405157804489
full,small,bloodmnist_224,resnet,7,0.01,42,consensus,3,client_3.pt,0.14285714285714285,0.15762124955654144,0.1463906615972519
full,small,bloodmnist_224,resnet,7,0.01,42,consensus,4,client_4.pt,0.14285714285714285,0.1380167007446289,0.13780784606933594
full,small,bloodmnist_224,resnet,7,0.01,42,consensus,5,client_5.pt,0.14285714285714285,0.1427799016237259,0.12959639728069305
full,small,bloodmnist_224,resnet,7,0.01,42,consensus,6,client_6.pt,0.14285714285714285,0.22245971858501434,0.2581327557563782
full,small,bloodmnist_224,resnet,7,0.1,42,morphology,0,client_0.pt,0.14285714285714285,0.07507350295782089,0.06981394439935684
full,small,bloodmnist_224,resnet,7,0.1,42,morphology,1,client_1.pt,0.14285714285714285,0.17082105576992035,0.16467368602752686
full,small,bloodmnist_224,resnet,7,0.1,42,morphology,2,client_2.pt,0.14285714285714285,0.15703117847442627,0.16313165426254272
full,small,bloodmnist_224,resnet,7,0.1,42,morphology,3,client_3.pt,0.14285714285714285,0.07901714742183685,0.07643548399209976
full,small,bloodmnist_224,resnet,7,0.1,42,morphology,4,client_4.pt,0.14285714285714285,0.12985940277576447,0.11851493269205093
full,small,bloodmnist_224,resnet,7,0.1,42,morphology,5,client_5.pt,0.14285714285714285,0.16298720240592957,0.17076799273490906
full,small,bloodmnist_224,resnet,7,0.1,42,morphology,6,client_6.pt,0.14285714285714285,0.225210502743721,0.23666226863861084
full,small,bloodmnist_224,swin_tiny,3,0.0,42,prototype_head,0,client_0.pt,0.3333333333333333,0.2834748327732086,0.25053682923316956
full,small,bloodmnist_224,swin_tiny,3,0.0,42,prototype_head,1,client_1.pt,0.3333333333333333,0.3654373586177826,0.3551778793334961
full,small,bloodmnist_224,swin_tiny,3,0.0,42,prototype_head,2,client_2.pt,0.3333333333333333,0.3510878086090088,0.3942853510379791
full,small,bloodmnist_224,swin_tiny,3,0.01,42,prototype_head,0,client_0.pt,0.3333333333333333,0.38078123331069946,0.3538993299007416
full,small,bloodmnist_224,swin_tiny,3,0.01,42,prototype_head,1,client_1.pt,0.3333333333333333,0.2660628855228424,0.27066537737846375
full,small,bloodmnist_224,swin_tiny,3,0.01,42,prototype_head,2,client_2.pt,0.3333333333333333,0.35315585136413574,0.37543532252311707
full,small,bloodmnist_224,swin_tiny,3,0.1,42,specialist_client,0,client_0.pt,0.3333333333333333,0.29732683300971985,0.28294479846954346
full,small,bloodmnist_224,swin_tiny,3,0.1,42,specialist_client,1,client_1.pt,0.3333333333333333,0.40519386529922485,0.4340316653251648
full,small,bloodmnist_224,swin_tiny,3,0.1,42,specialist_client,2,client_2.pt,0.3333333333333333,0.2974793314933777,0.28302353620529175
full,small,bloodmnist_224,swin_tiny,5,0.0,42,prototype_head,0,client_0.pt,0.2,0.25249791145324707,0.28812527656555176
full,small,bloodmnist_224,swin_tiny,5,0.0,42,prototype_head,1,client_1.pt,0.2,0.14211425185203552,0.13974319398403168
full,small,bloodmnist_224,swin_tiny,5,0.0,42,prototype_head,2,client_2.pt,0.2,0.13910557329654694,0.12972980737686157
full,small,bloodmnist_224,swin_tiny,5,0.0,42,prototype_head,3,client_3.pt,0.2,0.20369365811347961,0.18298698961734772
full,small,bloodmnist_224,swin_tiny,5,0.0,42,prototype_head,4,client_4.pt,0.2,0.26258864998817444,0.2594147324562073
full,small,bloodmnist_224,swin_tiny,5,0.01,42,prototype_head,0,client_0.pt,0.2,0.18837174773216248,0.1915777325630188
full,small,bloodmnist_224,swin_tiny,5,0.01,42,prototype_head,1,client_1.pt,0.2,0.22448289394378662,0.20333421230316162
full,small,bloodmnist_224,swin_tiny,5,0.01,42,prototype_head,2,client_2.pt,0.2,0.14318038523197174,0.16804297268390656
full,small,bloodmnist_224,swin_tiny,5,0.01,42,prototype_head,3,client_3.pt,0.2,0.22448302805423737,0.20333430171012878
full,small,bloodmnist_224,swin_tiny,5,0.01,42,prototype_head,4,client_4.pt,0.2,0.2194819152355194,0.23371082544326782
full,small,bloodmnist_224,swin_tiny,5,0.1,42,specialist_client,0,client_0.pt,0.2,0.1796981245279312,0.15515778958797455
full,small,bloodmnist_224,swin_tiny,5,0.1,42,specialist_client,1,client_1.pt,0.2,0.23828868567943573,0.23020485043525696
full,small,bloodmnist_224,swin_tiny,5,0.1,42,specialist_client,2,client_2.pt,0.2,0.20802854001522064,0.2206306904554367
full,small,bloodmnist_224,swin_tiny,5,0.1,42,specialist_client,3,client_3.pt,0.2,0.12417608499526978,0.1112094521522522
full,small,bloodmnist_224,swin_tiny,5,0.1,42,specialist_client,4,client_4.pt,0.2,0.24980852007865906,0.28279730677604675
full,small,bloodmnist_224,swin_tiny,7,0.0,42,prototype_head,0,client_0.pt,0.14285714285714285,0.16051596403121948,0.17075735330581665
full,small,bloodmnist_224,swin_tiny,7,0.0,42,prototype_head,1,client_1.pt,0.14285714285714285,0.10177480429410934,0.0957416519522667
full,small,bloodmnist_224,swin_tiny,7,0.0,42,prototype_head,2,client_2.pt,0.14285714285714285,0.09964780509471893,0.08890406042337418
full,small,bloodmnist_224,swin_tiny,7,0.0,42,prototype_head,3,client_3.pt,0.14285714285714285,0.1459220051765442,0.12540678679943085
full,small,bloodmnist_224,swin_tiny,7,0.0,42,prototype_head,4,client_4.pt,0.14285714285714285,0.18811319768428802,0.17778511345386505
full,small,bloodmnist_224,swin_tiny,7,0.0,42,prototype_head,5,client_5.pt,0.14285714285714285,0.18088726699352264,0.19745194911956787
full,small,bloodmnist_224,swin_tiny,7,0.0,42,prototype_head,6,client_6.pt,0.14285714285714285,0.12313899397850037,0.1439531147480011
full,small,bloodmnist_224,swin_tiny,7,0.01,42,prototype_head,0,client_0.pt,0.14285714285714285,0.12923690676689148,0.15787994861602783
full,small,bloodmnist_224,swin_tiny,7,0.01,42,prototype_head,1,client_1.pt,0.14285714285714285,0.1115298643708229,0.11051870137453079
full,small,bloodmnist_224,swin_tiny,7,0.01,42,prototype_head,2,client_2.pt,0.14285714285714285,0.10681474208831787,0.10500422865152359
full,small,bloodmnist_224,swin_tiny,7,0.01,42,prototype_head,3,client_3.pt,0.14285714285714285,0.1974286586046219,0.194985032081604
full,small,bloodmnist_224,swin_tiny,7,0.01,42,prototype_head,4,client_4.pt,0.14285714285714285,0.10464220494031906,0.09755749255418777
full,small,bloodmnist_224,swin_tiny,7,0.01,42,prototype_head,5,client_5.pt,0.14285714285714285,0.15291377902030945,0.1390085071325302
full,small,bloodmnist_224,swin_tiny,7,0.01,42,prototype_head,6,client_6.pt,0.14285714285714285,0.19743382930755615,0.19504603743553162
full,small,bloodmnist_224,swin_tiny,7,0.1,42,specialist_client,0,client_0.pt,0.14285714285714285,0.178199902176857,0.18340551853179932
full,small,bloodmnist_224,swin_tiny,7,0.1,42,specialist_client,1,client_1.pt,0.14285714285714285,0.13821369409561157,0.1292433738708496
full,small,bloodmnist_224,swin_tiny,7,0.1,42,specialist_client,2,client_2.pt,0.14285714285714285,0.14091213047504425,0.1333637535572052
full,small,bloodmnist_224,swin_tiny,7,0.1,42,specialist_client,3,client_3.pt,0.14285714285714285,0.09450440108776093,0.09170746058225632
full,small,bloodmnist_224,swin_tiny,7,0.1,42,specialist_client,4,client_4.pt,0.14285714285714285,0.1383029818534851,0.12928490340709686
full,small,bloodmnist_224,swin_tiny,7,0.1,42,specialist_client,5,client_5.pt,0.14285714285714285,0.17155683040618896,0.20370332896709442
full,small,bloodmnist_224,swin_tiny,7,0.1,42,specialist_client,6,client_6.pt,0.14285714285714285,0.13831007480621338,0.1292915642261505
full,small,bloodmnist_224,vit_t,3,0.0,42,prototype_head,0,client_0.pt,0.3333333333333333,0.41947466135025024,0.4038728177547455
full,small,bloodmnist_224,vit_t,3,0.0,42,prototype_head,1,client_1.pt,0.3333333333333333,0.2926505506038666,0.30841153860092163
full,small,bloodmnist_224,vit_t,3,0.0,42,prototype_head,2,client_2.pt,0.3333333333333333,0.28787484765052795,0.2877156138420105
full,small,bloodmnist_224,vit_t,3,0.01,42,prototype_head,0,client_0.pt,0.3333333333333333,0.4199817180633545,0.4043456017971039
full,small,bloodmnist_224,vit_t,3,0.01,42,prototype_head,1,client_1.pt,0.3333333333333333,0.2932082414627075,0.3089931607246399
full,small,bloodmnist_224,vit_t,3,0.01,42,prototype_head,2,client_2.pt,0.3333333333333333,0.286810040473938,0.2866612374782562
full,small,bloodmnist_224,vit_t,3,0.1,42,prototype_head,0,client_0.pt,0.3333333333333333,0.3964542746543884,0.3834705054759979
full,small,bloodmnist_224,vit_t,3,0.1,42,prototype_head,1,client_1.pt,0.3333333333333333,0.27287155389785767,0.31884875893592834
full,small,bloodmnist_224,vit_t,3,0.1,42,prototype_head,2,client_2.pt,0.3333333333333333,0.3306741714477539,0.29768073558807373
full,small,bloodmnist_224,vit_t,5,0.0,42,specialist_client,0,client_0.pt,0.2,0.22869060933589935,0.25488242506980896
full,small,bloodmnist_224,vit_t,5,0.0,42,specialist_client,1,client_1.pt,0.2,0.14658688008785248,0.14621864259243011
full,small,bloodmnist_224,vit_t,5,0.0,42,specialist_client,2,client_2.pt,0.2,0.14360575377941132,0.13585451245307922
full,small,bloodmnist_224,vit_t,5,0.0,42,specialist_client,3,client_3.pt,0.2,0.21017254889011383,0.19152401387691498
full,small,bloodmnist_224,vit_t,5,0.0,42,specialist_client,4,client_4.pt,0.2,0.27094414830207825,0.2715204656124115
full,small,bloodmnist_224,vit_t,5,0.01,42,prototype_head,0,client_0.pt,0.2,0.15466934442520142,0.1448669284582138
full,small,bloodmnist_224,vit_t,5,0.01,42,prototype_head,1,client_1.pt,0.2,0.16135498881340027,0.17940743267536163
full,small,bloodmnist_224,vit_t,5,0.01,42,prototype_head,2,client_2.pt,0.2,0.18075725436210632,0.22057095170021057
full,small,bloodmnist_224,vit_t,5,0.01,42,prototype_head,3,client_3.pt,0.2,0.28339168429374695,0.2668902277946472
full,small,bloodmnist_224,vit_t,5,0.01,42,prototype_head,4,client_4.pt,0.2,0.219826802611351,0.18826444447040558
full,small,bloodmnist_224,vit_t,5,0.1,42,prototype_head,0,client_0.pt,0.2,0.23704855144023895,0.21861518919467926
full,small,bloodmnist_224,vit_t,5,0.1,42,prototype_head,1,client_1.pt,0.2,0.2370462566614151,0.2186112105846405
full,small,bloodmnist_224,vit_t,5,0.1,42,prototype_head,2,client_2.pt,0.2,0.2000567466020584,0.25096139311790466
full,small,bloodmnist_224,vit_t,5,0.1,42,prototype_head,3,client_3.pt,0.2,0.16187579929828644,0.1549796760082245
full,small,bloodmnist_224,vit_t,5,0.1,42,prototype_head,4,client_4.pt,0.2,0.1639726310968399,0.15683256089687347
full,small,bloodmnist_224,vit_t,7,0.0,42,prototype_head,0,client_0.pt,0.14285714285714285,0.15910574793815613,0.16751612722873688
full,small,bloodmnist_224,vit_t,7,0.0,42,prototype_head,1,client_1.pt,0.14285714285714285,0.10195846855640411,0.09612654894590378
full,small,bloodmnist_224,vit_t,7,0.0,42,prototype_head,2,client_2.pt,0.14285714285714285,0.09981757402420044,0.08925371617078781
full,small,bloodmnist_224,vit_t,7,0.0,42,prototype_head,3,client_3.pt,0.14285714285714285,0.14616310596466064,0.12589402496814728
full,small,bloodmnist_224,vit_t,7,0.0,42,prototype_head,4,client_4.pt,0.14285714285714285,0.18842463195323944,0.17847640812397003
full,small,bloodmnist_224,vit_t,7,0.0,42,prototype_head,5,client_5.pt,0.14285714285714285,0.1811874955892563,0.19822026789188385
full,small,bloodmnist_224,vit_t,7,0.0,42,prototype_head,6,client_6.pt,0.14285714285714285,0.12334299832582474,0.1445128470659256
full,small,bloodmnist_224,vit_t,7,0.01,42,prototype_head,0,client_0.pt,0.14285714285714285,0.1223621591925621,0.14905470609664917
full,small,bloodmnist_224,vit_t,7,0.01,42,prototype_head,1,client_1.pt,0.14285714285714285,0.14498744904994965,0.12984341382980347
full,small,bloodmnist_224,vit_t,7,0.01,42,prototype_head,2,client_2.pt,0.14285714285714285,0.14382416009902954,0.1419815570116043
full,small,bloodmnist_224,vit_t,7,0.01,42,prototype_head,3,client_3.pt,0.14285714285714285,0.1869252324104309,0.18408486247062683
full,small,bloodmnist_224,vit_t,7,0.01,42,prototype_head,4,client_4.pt,0.14285714285714285,0.09911205619573593,0.09214165806770325
full,small,bloodmnist_224,vit_t,7,0.01,42,prototype_head,5,client_5.pt,0.14285714285714285,0.14500005543231964,0.12985019385814667
full,small,bloodmnist_224,vit_t,7,0.01,42,prototype_head,6,client_6.pt,0.14285714285714285,0.15778888761997223,0.1730436533689499
full,small,bloodmnist_224,vit_t,7,0.1,42,prototype_head,0,client_0.pt,0.14285714285714285,0.15684908628463745,0.17725741863250732
full,small,bloodmnist_224,vit_t,7,0.1,42,prototype_head,1,client_1.pt,0.14285714285714285,0.14320263266563416,0.1321224421262741
full,small,bloodmnist_224,vit_t,7,0.1,42,prototype_head,2,client_2.pt,0.14285714285714285,0.14322379231452942,0.13213537633419037
full,small,bloodmnist_224,vit_t,7,0.1,42,prototype_head,3,client_3.pt,0.14285714285714285,0.09807036072015762,0.09391241520643234
full,small,bloodmnist_224,vit_t,7,0.1,42,prototype_head,4,client_4.pt,0.14285714285714285,0.14322061836719513,0.132131889462471
full,small,bloodmnist_224,vit_t,7,0.1,42,prototype_head,5,client_5.pt,0.14285714285714285,0.1715562790632248,0.1997198462486267
full,small,bloodmnist_224,vit_t,7,0.1,42,prototype_head,6,client_6.pt,0.14285714285714285,0.1438772827386856,0.13272057473659515
full,small,chaoshengmnist_224,convnext,3,0.0,42,morphology,0,client_0.pt,0.3333333333333333,0.13259996473789215,0.10011394321918488
full,small,chaoshengmnist_224,convnext,3,0.0,42,morphology,1,client_1.pt,0.3333333333333333,0.157451331615448,0.11858848482370377
full,small,chaoshengmnist_224,convnext,3,0.0,42,morphology,2,client_2.pt,0.3333333333333333,0.7099486589431763,0.781297504901886
full,small,chaoshengmnist_224,convnext,3,0.01,42,morphology,0,client_0.pt,0.3333333333333333,0.13231919705867767,0.11107871681451797
full,small,chaoshengmnist_224,convnext,3,0.01,42,morphology,1,client_1.pt,0.3333333333333333,0.6789722442626953,0.7312330007553101
full,small,chaoshengmnist_224,convnext,3,0.01,42,morphology,2,client_2.pt,0.3333333333333333,0.18870855867862701,0.15768826007843018
full,small,chaoshengmnist_224,convnext,3,0.1,42,morphology,0,client_0.pt,0.3333333333333333,0.27324122190475464,0.2740008234977722
full,small,chaoshengmnist_224,convnext,3,0.1,42,morphology,1,client_1.pt,0.3333333333333333,0.4402749538421631,0.4389231204986572
full,small,chaoshengmnist_224,convnext,3,0.1,42,morphology,2,client_2.pt,0.3333333333333333,0.28648388385772705,0.28707611560821533
full,small,chaoshengmnist_224,convnext,5,0.0,42,morphology,0,client_0.pt,0.2,0.14094991981983185,0.11951649188995361
full,small,chaoshengmnist_224,convnext,5,0.0,42,morphology,1,client_1.pt,0.2,0.10691743344068527,0.0909971222281456
full,small,chaoshengmnist_224,convnext,5,0.0,42,morphology,2,client_2.pt,0.2,0.5383062958717346,0.6074993014335632
full,small,chaoshengmnist_224,convnext,5,0.0,42,morphology,3,client_3.pt,0.2,0.10691320151090622,0.09099356830120087
full,small,chaoshengmnist_224,convnext,5,0.0,42,morphology,4,client_4.pt,0.2,0.10691320151090622,0.09099356830120087
full,small,chaoshengmnist_224,convnext,5,0.01,42,morphology,0,client_0.pt,0.2,0.09281748533248901,0.07530580461025238
full,small,chaoshengmnist_224,convnext,5,0.01,42,morphology,1,client_1.pt,0.2,0.14717160165309906,0.11872900277376175
full,small,chaoshengmnist_224,convnext,5,0.01,42,morphology,2,client_2.pt,0.2,0.09465286135673523,0.07677207887172699
full,small,chaoshengmnist_224,convnext,5,0.01,42,morphology,3,client_3.pt,0.2,0.17037333548069,0.1469942331314087
full,small,chaoshengmnist_224,convnext,5,0.01,42,morphology,4,client_4.pt,0.2,0.4949846863746643,0.5821988582611084
full,small,chaoshengmnist_224,convnext,5,0.1,42,morph_anchor,0,client_0.pt,0.2,0.11636615544557571,0.10796911269426346
full,small,chaoshengmnist_224,convnext,5,0.1,42,morph_anchor,1,client_1.pt,0.2,0.36044496297836304,0.35857245326042175
full,small,chaoshengmnist_224,convnext,5,0.1,42,morph_anchor,2,client_2.pt,0.2,0.07035796344280243,0.05455625802278519
full,small,chaoshengmnist_224,convnext,5,0.1,42,morph_anchor,3,client_3.pt,0.2,0.3817758560180664,0.4238136112689972
full,small,chaoshengmnist_224,convnext,5,0.1,42,morph_anchor,4,client_4.pt,0.2,0.07105505466461182,0.05508849024772644
full,small,chaoshengmnist_224,convnext,7,0.0,42,morphology,0,client_0.pt,0.14285714285714285,0.10711782425642014,0.08945216238498688
full,small,chaoshengmnist_224,convnext,7,0.0,42,morphology,1,client_1.pt,0.14285714285714285,0.08285300433635712,0.06943101435899734
full,small,chaoshengmnist_224,convnext,7,0.0,42,morphology,2,client_2.pt,0.14285714285714285,0.11116078495979309,0.09278804808855057
full,small,chaoshengmnist_224,convnext,7,0.0,42,morphology,3,client_3.pt,0.14285714285714285,0.08285300433635712,0.06943101435899734
full,small,chaoshengmnist_224,convnext,7,0.0,42,morphology,4,client_4.pt,0.14285714285714285,0.08285300433635712,0.06943101435899734
full,small,chaoshengmnist_224,convnext,7,0.0,42,morphology,5,client_5.pt,0.14285714285714285,0.4503093957901001,0.5400357842445374
full,small,chaoshengmnist_224,convnext,7,0.0,42,morphology,6,client_6.pt,0.14285714285714285,0.08285300433635712,0.06943101435899734
full,small,chaoshengmnist_224,convnext,7,0.01,42,morphology,0,client_0.pt,0.14285714285714285,0.07377107441425323,0.06061292067170143
full,small,chaoshengmnist_224,convnext,7,0.01,42,morphology,1,client_1.pt,0.14285714285714285,0.07377107441425323,0.06061292067170143
full,small,chaoshengmnist_224,convnext,7,0.01,42,morphology,2,client_2.pt,0.14285714285714285,0.08482629060745239,0.06955653429031372
full,small,chaoshengmnist_224,convnext,7,0.01,42,morphology,3,client_3.pt,0.14285714285714285,0.4009885787963867,0.47151991724967957
full,small,chaoshengmnist_224,convnext,7,0.01,42,morphology,4,client_4.pt,0.14285714285714285,0.073771171271801,0.060613002628088
full,small,chaoshengmnist_224,convnext,7,0.01,42,morphology,5,client_5.pt,0.14285714285714285,0.07377107441425323,0.06061292067170143
full,small,chaoshengmnist_224,convnext,7,0.01,42,morphology,6,client_6.pt,0.14285714285714285,0.2191006988286972,0.21647177636623383
full,small,chaoshengmnist_224,convnext,7,0.1,42,morphology,0,client_0.pt,0.14285714285714285,0.13020090758800507,0.1303786039352417
full,small,chaoshengmnist_224,convnext,7,0.1,42,morphology,1,client_1.pt,0.14285714285714285,0.1521708071231842,0.1520400196313858
full,small,chaoshengmnist_224,convnext,7,0.1,42,morphology,2,client_2.pt,0.14285714285714285,0.13308237493038177,0.1332196146249771
full,small,chaoshengmnist_224,convnext,7,0.1,42,morphology,3,client_3.pt,0.14285714285714285,0.13142532110214233,0.13158583641052246
full,small,chaoshengmnist_224,convnext,7,0.1,42,morphology,4,client_4.pt,0.14285714285714285,0.13020089268684387,0.1303785890340805
full,small,chaoshengmnist_224,convnext,7,0.1,42,morphology,5,client_5.pt,0.14285714285714285,0.1302165985107422,0.1303940713405609
full,small,chaoshengmnist_224,convnext,7,0.1,42,morphology,6,client_6.pt,0.14285714285714285,0.19270311295986176,0.19200322031974792
full,small,chaoshengmnist_224,resnet,3,0.0,42,consensus,0,client_0.pt,0.3333333333333333,0.10031460970640182,0.0767773762345314
full,small,chaoshengmnist_224,resnet,3,0.0,42,consensus,1,client_1.pt,0.3333333333333333,0.47978639602661133,0.48171448707580566
full,small,chaoshengmnist_224,resnet,3,0.0,42,consensus,2,client_2.pt,0.3333333333333333,0.41989895701408386,0.44150814414024353
full,small,chaoshengmnist_224,resnet,3,0.01,42,morphology,0,client_0.pt,0.3333333333333333,0.09327477216720581,0.06872501969337463
full,small,chaoshengmnist_224,resnet,3,0.01,42,morphology,1,client_1.pt,0.3333333333333333,0.7015223503112793,0.7398315072059631
full,small,chaoshengmnist_224,resnet,3,0.01,42,morphology,2,client_2.pt,0.3333333333333333,0.2052028477191925,0.19144344329833984
full,small,chaoshengmnist_224,resnet,3,0.1,42,morphology,0,client_0.pt,0.3333333333333333,0.394619345664978,0.37838345766067505
full,small,chaoshengmnist_224,resnet,3,0.1,42,morphology,1,client_1.pt,0.3333333333333333,0.4861997067928314,0.5197715163230896
full,small,chaoshengmnist_224,resnet,3,0.1,42,morphology,2,client_2.pt,0.3333333333333333,0.11918096989393234,0.10184499621391296
full,small,chaoshengmnist_224,resnet,5,0.0,42,consensus,0,client_0.pt,0.2,0.39890816807746887,0.4390881061553955
full,small,chaoshengmnist_224,resnet,5,0.0,42,consensus,1,client_1.pt,0.2,0.082881398499012,0.06350532174110413
full,small,chaoshengmnist_224,resnet,5,0.0,42,consensus,2,client_2.pt,0.2,0.3623885214328766,0.3779086768627167
full,small,chaoshengmnist_224,resnet,5,0.0,42,consensus,3,client_3.pt,0.2,0.07949209958314896,0.06094391271471977
full,small,chaoshengmnist_224,resnet,5,0.0,42,consensus,4,client_4.pt,0.2,0.0763297900557518,0.05855404958128929
full,small,chaoshengmnist_224,resnet,5,0.01,42,consensus,0,client_0.pt,0.2,0.10789339989423752,0.09230577945709229
full,small,chaoshengmnist_224,resnet,5,0.01,42,consensus,1,client_1.pt,0.2,0.2681567072868347,0.26991236209869385
full,small,chaoshengmnist_224,resnet,5,0.01,42,consensus,2,client_2.pt,0.2,0.10496541112661362,0.09563741087913513
full,small,chaoshengmnist_224,resnet,5,0.01,42,consensus,3,client_3.pt,0.2,0.17517688870429993,0.1607649177312851
full,small,chaoshengmnist_224,resnet,5,0.01,42,consensus,4,client_4.pt,0.2,0.34380754828453064,0.38137948513031006
full,small,chaoshengmnist_224,resnet,5,0.1,42,consensus,0,client_0.pt,0.2,0.1245667040348053,0.11174478381872177
full,small,chaoshengmnist_224,resnet,5,0.1,42,consensus,1,client_1.pt,0.2,0.357795387506485,0.36109158396720886
full,small,chaoshengmnist_224,resnet,5,0.1,42,consensus,2,client_2.pt,0.2,0.06808844953775406,0.05193021893501282
full,small,chaoshengmnist_224,resnet,5,0.1,42,consensus,3,client_3.pt,0.2,0.36300840973854065,0.39908480644226074
full,small,chaoshengmnist_224,resnet,5,0.1,42,consensus,4,client_4.pt,0.2,0.08654102683067322,0.0761486366391182
full,small,chaoshengmnist_224,resnet,7,0.0,42,morphology,0,client_0.pt,0.14285714285714285,0.3041485846042633,0.3133188784122467
full,small,chaoshengmnist_224,resnet,7,0.0,42,morphology,1,client_1.pt,0.14285714285714285,0.07356924563646317,0.058876845985651016
full,small,chaoshengmnist_224,resnet,7,0.0,42,morphology,2,client_2.pt,0.14285714285714285,0.11272989958524704,0.10639583319425583
full,small,chaoshengmnist_224,resnet,7,0.0,42,morphology,3,client_3.pt,0.14285714285714285,0.06727011501789093,0.05389838293194771
full,small,chaoshengmnist_224,resnet,7,0.0,42,morphology,4,client_4.pt,0.14285714285714285,0.059609461575746536,0.047843847423791885
full,small,chaoshengmnist_224,resnet,7,0.0,42,morphology,5,client_5.pt,0.14285714285714285,0.32283875346183777,0.37164491415023804
full,small,chaoshengmnist_224,resnet,7,0.0,42,morphology,6,client_6.pt,0.14285714285714285,0.05983400717377663,0.048021312803030014
full,small,chaoshengmnist_224,resnet,7,0.01,42,morphology,0,client_0.pt,0.14285714285714285,0.06793348491191864,0.054642707109451294
full,small,chaoshengmnist_224,resnet,7,0.01,42,morphology,1,client_1.pt,0.14285714285714285,0.0628434345126152,0.05060281604528427
full,small,chaoshengmnist_224,resnet,7,0.01,42,morphology,2,client_2.pt,0.14285714285714285,0.31920117139816284,0.3401128053665161
full,small,chaoshengmnist_224,resnet,7,0.01,42,morphology,3,client_3.pt,0.14285714285714285,0.3179014325141907,0.3682364821434021
full,small,chaoshengmnist_224,resnet,7,0.01,42,morphology,4,client_4.pt,0.14285714285714285,0.09663345664739609,0.0774213895201683
full,small,chaoshengmnist_224,resnet,7,0.01,42,morphology,5,client_5.pt,0.14285714285714285,0.06526249647140503,0.05252278968691826
full,small,chaoshengmnist_224,resnet,7,0.01,42,morphology,6,client_6.pt,0.14285714285714285,0.07022452354431152,0.05646106228232384
full,small,chaoshengmnist_224,resnet,7,0.1,42,specialist_client,0,client_0.pt,0.14285714285714285,0.1421741247177124,0.13611677289009094
full,small,chaoshengmnist_224,resnet,7,0.1,42,specialist_client,1,client_1.pt,0.14285714285714285,0.10282663255929947,0.09780209511518478
full,small,chaoshengmnist_224,resnet,7,0.1,42,specialist_client,2,client_2.pt,0.14285714285714285,0.19791284203529358,0.20998463034629822
full,small,chaoshengmnist_224,resnet,7,0.1,42,specialist_client,3,client_3.pt,0.14285714285714285,0.06873036175966263,0.05933978036046028
full,small,chaoshengmnist_224,resnet,7,0.1,42,specialist_client,4,client_4.pt,0.14285714285714285,0.04223665967583656,0.030853329226374626
full,small,chaoshengmnist_224,resnet,7,0.1,42,specialist_client,5,client_5.pt,0.14285714285714285,0.20023366808891296,0.21214115619659424
full,small,chaoshengmnist_224,resnet,7,0.1,42,specialist_client,6,client_6.pt,0.14285714285714285,0.24588562548160553,0.25376224517822266
full,small,chaoshengmnist_224,swin_tiny,3,0.0,42,specialist_client,0,client_0.pt,0.3333333333333333,0.13275256752967834,0.09912348538637161
full,small,chaoshengmnist_224,swin_tiny,3,0.0,42,specialist_client,1,client_1.pt,0.3333333333333333,0.1616918295621872,0.12039957195520401
full,small,chaoshengmnist_224,swin_tiny,3,0.0,42,specialist_client,2,client_2.pt,0.3333333333333333,0.7055556178092957,0.780476987361908
full,small,chaoshengmnist_224,swin_tiny,3,0.01,42,prototype_head,0,client_0.pt,0.3333333333333333,0.13031738996505737,0.10922941565513611
full,small,chaoshengmnist_224,swin_tiny,3,0.01,42,prototype_head,1,client_1.pt,0.3333333333333333,0.6719669699668884,0.7246917486190796
full,small,chaoshengmnist_224,swin_tiny,3,0.01,42,prototype_head,2,client_2.pt,0.3333333333333333,0.1977156549692154,0.16607877612113953
full,small,chaoshengmnist_224,swin_tiny,3,0.1,42,prototype_head,0,client_0.pt,0.3333333333333333,0.3312514126300812,0.3294335603713989
full,small,chaoshengmnist_224,swin_tiny,3,0.1,42,prototype_head,1,client_1.pt,0.3333333333333333,0.5603190064430237,0.5851457715034485
full,small,chaoshengmnist_224,swin_tiny,3,0.1,42,prototype_head,2,client_2.pt,0.3333333333333333,0.10842960327863693,0.08542068302631378
full,small,chaoshengmnist_224,swin_tiny,5,0.0,42,morph_anchor,0,client_0.pt,0.2,0.3844107985496521,0.428712397813797
full,small,chaoshengmnist_224,swin_tiny,5,0.0,42,morph_anchor,1,client_1.pt,0.2,0.07665944844484329,0.05918393284082413
full,small,chaoshengmnist_224,swin_tiny,5,0.0,42,morph_anchor,2,client_2.pt,0.2,0.3857001066207886,0.3938036561012268
full,small,chaoshengmnist_224,swin_tiny,5,0.0,42,morph_anchor,3,client_3.pt,0.2,0.07661478966474533,0.059149984270334244
full,small,chaoshengmnist_224,swin_tiny,5,0.0,42,morph_anchor,4,client_4.pt,0.2,0.07661478966474533,0.059149984270334244
full,small,chaoshengmnist_224,swin_tiny,5,0.01,42,specialist_client,0,client_0.pt,0.2,0.05919472873210907,0.044723108410835266
full,small,chaoshengmnist_224,swin_tiny,5,0.01,42,specialist_client,1,client_1.pt,0.2,0.2874554991722107,0.28938090801239014
full,small,chaoshengmnist_224,swin_tiny,5,0.01,42,specialist_client,2,client_2.pt,0.2,0.058479681611061096,0.044190913438797
full,small,chaoshengmnist_224,swin_tiny,5,0.01,42,specialist_client,3,client_3.pt,0.2,0.2936723828315735,0.2847931683063507
full,small,chaoshengmnist_224,swin_tiny,5,0.01,42,specialist_client,4,client_4.pt,0.2,0.30119770765304565,0.3369118273258209
full,small,chaoshengmnist_224,swin_tiny,5,0.1,42,specialist_client,0,client_0.pt,0.2,0.11810387670993805,0.10944454371929169
full,small,chaoshengmnist_224,swin_tiny,5,0.1,42,specialist_client,1,client_1.pt,0.2,0.35558390617370605,0.35573410987854004
full,small,chaoshengmnist_224,swin_tiny,5,0.1,42,specialist_client,2,client_2.pt,0.2,0.0709063708782196,0.054803866893053055
full,small,chaoshengmnist_224,swin_tiny,5,0.1,42,specialist_client,3,client_3.pt,0.2,0.38421308994293213,0.4249957203865051
full,small,chaoshengmnist_224,swin_tiny,5,0.1,42,specialist_client,4,client_4.pt,0.2,0.07119274139404297,0.05502180755138397
full,small,chaoshengmnist_224,swin_tiny,7,0.0,42,prototype_head,0,client_0.pt,0.14285714285714285,0.30196094512939453,0.31411558389663696
full,small,chaoshengmnist_224,swin_tiny,7,0.0,42,prototype_head,1,client_1.pt,0.14285714285714285,0.06293956935405731,0.04984906315803528
full,small,chaoshengmnist_224,swin_tiny,7,0.0,42,prototype_head,2,client_2.pt,0.14285714285714285,0.10420184582471848,0.09876125305891037
full,small,chaoshengmnist_224,swin_tiny,7,0.0,42,prototype_head,3,client_3.pt,0.14285714285714285,0.06293956935405731,0.04984906315803528
full,small,chaoshengmnist_224,swin_tiny,7,0.0,42,prototype_head,4,client_4.pt,0.14285714285714285,0.06293956935405731,0.04984906315803528
full,small,chaoshengmnist_224,swin_tiny,7,0.0,42,prototype_head,5,client_5.pt,0.14285714285714285,0.3420790731906891,0.38772690296173096
full,small,chaoshengmnist_224,swin_tiny,7,0.0,42,prototype_head,6,client_6.pt,0.14285714285714285,0.06293956935405731,0.04984906315803528
full,small,chaoshengmnist_224,swin_tiny,7,0.01,42,specialist_client,0,client_0.pt,0.14285714285714285,0.06818610429763794,0.05514790862798691
full,small,chaoshengmnist_224,swin_tiny,7,0.01,42,specialist_client,1,client_1.pt,0.14285714285714285,0.06818610429763794,0.05514790862798691
full,small,chaoshengmnist_224,swin_tiny,7,0.01,42,specialist_client,2,client_2.pt,0.14285714285714285,0.1247732937335968,0.11971820890903473
full,small,chaoshengmnist_224,swin_tiny,7,0.01,42,specialist_client,3,client_3.pt,0.14285714285714285,0.37059420347213745,0.42894142866134644
full,small,chaoshengmnist_224,swin_tiny,7,0.01,42,specialist_client,4,client_4.pt,0.14285714285714285,0.2318880707025528,0.2307487428188324
full,small,chaoshengmnist_224,swin_tiny,7,0.01,42,specialist_client,5,client_5.pt,0.14285714285714285,0.06818616390228271,0.05514795333147049
full,small,chaoshengmnist_224,swin_tiny,7,0.01,42,specialist_client,6,client_6.pt,0.14285714285714285,0.06818610429763794,0.05514790862798691
full,small,chaoshengmnist_224,swin_tiny,7,0.1,42,prototype_head,0,client_0.pt,0.14285714285714285,0.12766790390014648,0.1233387365937233
full,small,chaoshengmnist_224,swin_tiny,7,0.1,42,prototype_head,1,client_1.pt,0.14285714285714285,0.14170680940151215,0.1367240846157074
full,small,chaoshengmnist_224,swin_tiny,7,0.1,42,prototype_head,2,client_2.pt,0.14285714285714285,0.13347388803958893,0.12887443602085114
full,small,chaoshengmnist_224,swin_tiny,7,0.1,42,prototype_head,3,client_3.pt,0.14285714285714285,0.17974555492401123,0.2082458883523941
full,small,chaoshengmnist_224,swin_tiny,7,0.1,42,prototype_head,4,client_4.pt,0.14285714285714285,0.10834675282239914,0.1049170270562172
full,small,chaoshengmnist_224,swin_tiny,7,0.1,42,prototype_head,5,client_5.pt,0.14285714285714285,0.13477575778961182,0.13011568784713745
full,small,chaoshengmnist_224,swin_tiny,7,0.1,42,prototype_head,6,client_6.pt,0.14285714285714285,0.17428328096866608,0.16778405010700226
full,small,chaoshengmnist_224,vit_t,3,0.0,42,prototype_head,0,client_0.pt,0.3333333333333333,0.15390728414058685,0.11931952089071274
full,small,chaoshengmnist_224,vit_t,3,0.0,42,prototype_head,1,client_1.pt,0.3333333333333333,0.15397843718528748,0.11937383562326431
full,small,chaoshengmnist_224,vit_t,3,0.0,42,prototype_head,2,client_2.pt,0.3333333333333333,0.6921142339706421,0.761306643486023
full,small,chaoshengmnist_224,vit_t,3,0.01,42,prototype_head,0,client_0.pt,0.3333333333333333,0.1349182277917862,0.1109173372387886
full,small,chaoshengmnist_224,vit_t,3,0.01,42,prototype_head,1,client_1.pt,0.3333333333333333,0.6861488819122314,0.7239713668823242
full,small,chaoshengmnist_224,vit_t,3,0.01,42,prototype_head,2,client_2.pt,0.3333333333333333,0.17893294990062714,0.1651112288236618
full,small,chaoshengmnist_224,vit_t,3,0.1,42,prototype_head,0,client_0.pt,0.3333333333333333,0.30173900723457336,0.2705327868461609
full,small,chaoshengmnist_224,vit_t,3,0.1,42,prototype_head,1,client_1.pt,0.3333333333333333,0.48833388090133667,0.5575581192970276
full,small,chaoshengmnist_224,vit_t,3,0.1,42,prototype_head,2,client_2.pt,0.3333333333333333,0.20992708206176758,0.1719091385602951
full,small,chaoshengmnist_224,vit_t,5,0.0,42,morph_anchor,0,client_0.pt,0.2,0.5142678022384644,0.5897369384765625
full,small,chaoshengmnist_224,vit_t,5,0.0,42,morph_anchor,1,client_1.pt,0.2,0.0988987535238266,0.07877039909362793
full,small,chaoshengmnist_224,vit_t,5,0.0,42,morph_anchor,2,client_2.pt,0.2,0.1890409141778946,0.1739557385444641
full,small,chaoshengmnist_224,vit_t,5,0.0,42,morph_anchor,3,client_3.pt,0.2,0.09889687597751617,0.07876892387866974
full,small,chaoshengmnist_224,vit_t,5,0.0,42,morph_anchor,4,client_4.pt,0.2,0.09889566898345947,0.07876797020435333
full,small,chaoshengmnist_224,vit_t,5,0.01,42,specialist_client,0,client_0.pt,0.2,0.09552532434463501,0.07852241396903992
full,small,chaoshengmnist_224,vit_t,5,0.01,42,specialist_client,1,client_1.pt,0.2,0.2487800568342209,0.26260584592819214
full,small,chaoshengmnist_224,vit_t,5,0.01,42,specialist_client,2,client_2.pt,0.2,0.08903032541275024,0.07365310937166214
full,small,chaoshengmnist_224,vit_t,5,0.01,42,specialist_client,3,client_3.pt,0.2,0.4562758505344391,0.4842689633369446
full,small,chaoshengmnist_224,vit_t,5,0.01,42,specialist_client,4,client_4.pt,0.2,0.11038846522569656,0.10094965249300003
full,small,chaoshengmnist_224,vit_t,5,0.1,42,specialist_client,0,client_0.pt,0.2,0.14873577654361725,0.1394193470478058
full,small,chaoshengmnist_224,vit_t,5,0.1,42,specialist_client,1,client_1.pt,0.2,0.18471388518810272,0.17703840136528015
full,small,chaoshengmnist_224,vit_t,5,0.1,42,specialist_client,2,client_2.pt,0.2,0.08964677900075912,0.0699041411280632
full,small,chaoshengmnist_224,vit_t,5,0.1,42,specialist_client,3,client_3.pt,0.2,0.487213671207428,0.5437008142471313
full,small,chaoshengmnist_224,vit_t,5,0.1,42,specialist_client,4,client_4.pt,0.2,0.08968988806009293,0.06993724405765533
full,small,chaoshengmnist_224,vit_t,7,0.0,42,specialist_client,0,client_0.pt,0.14285714285714285,0.3058396577835083,0.3138330280780792
full,small,chaoshengmnist_224,vit_t,7,0.0,42,specialist_client,1,client_1.pt,0.14285714285714285,0.0625913217663765,0.049870867282152176
full,small,chaoshengmnist_224,vit_t,7,0.0,42,specialist_client,2,client_2.pt,0.14285714285714285,0.10362371057271957,0.09880256652832031
full,small,chaoshengmnist_224,vit_t,7,0.0,42,specialist_client,3,client_3.pt,0.14285714285714285,0.06259380280971527,0.04987281560897827
full,small,chaoshengmnist_224,vit_t,7,0.0,42,specialist_client,4,client_4.pt,0.14285714285714285,0.06259076297283173,0.04987042769789696
full,small,chaoshengmnist_224,vit_t,7,0.0,42,specialist_client,5,client_5.pt,0.14285714285714285,0.34017038345336914,0.3878801763057709
full,small,chaoshengmnist_224,vit_t,7,0.0,42,specialist_client,6,client_6.pt,0.14285714285714285,0.06259043514728546,0.04987017437815666
full,small,chaoshengmnist_224,vit_t,7,0.01,42,prototype_head,0,client_0.pt,0.14285714285714285,0.07772289216518402,0.06325827538967133
full,small,chaoshengmnist_224,vit_t,7,0.01,42,prototype_head,1,client_1.pt,0.14285714285714285,0.07772329449653625,0.063258595764637
full,small,chaoshengmnist_224,vit_t,7,0.01,42,prototype_head,2,client_2.pt,0.14285714285714285,0.1298903226852417,0.12633565068244934
full,small,chaoshengmnist_224,vit_t,7,0.01,42,prototype_head,3,client_3.pt,0.14285714285714285,0.4224171042442322,0.4920140504837036
full,small,chaoshengmnist_224,vit_t,7,0.01,42,prototype_head,4,client_4.pt,0.14285714285714285,0.13673286139965057,0.12856261432170868
full,small,chaoshengmnist_224,vit_t,7,0.01,42,prototype_head,5,client_5.pt,0.14285714285714285,0.07778013497591019,0.06330414861440659
full,small,chaoshengmnist_224,vit_t,7,0.01,42,prototype_head,6,client_6.pt,0.14285714285714285,0.07773340493440628,0.06326669454574585
full,small,chaoshengmnist_224,vit_t,7,0.1,42,prototype_head,0,client_0.pt,0.14285714285714285,0.11393985897302628,0.10209813714027405
full,small,chaoshengmnist_224,vit_t,7,0.1,42,prototype_head,1,client_1.pt,0.14285714285714285,0.11393458396196365,0.10209348052740097
full,small,chaoshengmnist_224,vit_t,7,0.1,42,prototype_head,2,client_2.pt,0.14285714285714285,0.17732402682304382,0.19395263493061066
full,small,chaoshengmnist_224,vit_t,7,0.1,42,prototype_head,3,client_3.pt,0.14285714285714285,0.18808260560035706,0.20205533504486084
full,small,chaoshengmnist_224,vit_t,7,0.1,42,prototype_head,4,client_4.pt,0.14285714285714285,0.11395648866891861,0.1021127924323082
full,small,chaoshengmnist_224,vit_t,7,0.1,42,prototype_head,5,client_5.pt,0.14285714285714285,0.1785000115633011,0.19530503451824188
full,small,chaoshengmnist_224,vit_t,7,0.1,42,prototype_head,6,client_6.pt,0.14285714285714285,0.11426235735416412,0.10238266736268997
full,small,dermamnist_224,convnext,3,0.0,42,morphology,0,client_0.pt,0.3333333333333333,0.12080895155668259,0.12202145904302597
full,small,dermamnist_224,convnext,3,0.0,42,morphology,1,client_1.pt,0.3333333333333333,0.16858497262001038,0.19257794320583344
full,small,dermamnist_224,convnext,3,0.0,42,morphology,2,client_2.pt,0.3333333333333333,0.710606038570404,0.6854005455970764
full,small,dermamnist_224,convnext,3,0.01,42,morphology,0,client_0.pt,0.3333333333333333,0.22189961373806,0.19112175703048706
full,small,dermamnist_224,convnext,3,0.01,42,morphology,1,client_1.pt,0.3333333333333333,0.6295393705368042,0.6331376433372498
full,small,dermamnist_224,convnext,3,0.01,42,morphology,2,client_2.pt,0.3333333333333333,0.1485610455274582,0.175740584731102
full,small,dermamnist_224,convnext,3,0.1,42,avg,0,client_0.pt,0.3333333333333333,0.43411797285079956,0.44049596786499023
full,small,dermamnist_224,convnext,3,0.1,42,avg,1,client_1.pt,0.3333333333333333,0.4349837601184845,0.43335944414138794
full,small,dermamnist_224,convnext,3,0.1,42,avg,2,client_2.pt,0.3333333333333333,0.13089823722839355,0.12614460289478302
full,small,dermamnist_224,convnext,5,0.0,42,avg,0,client_0.pt,0.2,0.5080883502960205,0.4900969862937927
full,small,dermamnist_224,convnext,5,0.0,42,avg,1,client_1.pt,0.2,0.11888221651315689,0.137077197432518
full,small,dermamnist_224,convnext,5,0.0,42,avg,2,client_2.pt,0.2,0.1520168036222458,0.14318175613880157
full,small,dermamnist_224,convnext,5,0.0,42,avg,3,client_3.pt,0.2,0.11711885780096054,0.11414938420057297
full,small,dermamnist_224,convnext,5,0.0,42,avg,4,client_4.pt,0.2,0.10389375686645508,0.11549466103315353
full,small,dermamnist_224,convnext,5,0.01,42,morphology,0,client_0.pt,0.2,0.08100012689828873,0.09055886417627335
full,small,dermamnist_224,convnext,5,0.01,42,morphology,1,client_1.pt,0.2,0.11781805753707886,0.11845671385526657
full,small,dermamnist_224,convnext,5,0.01,42,morphology,2,client_2.pt,0.2,0.05462479218840599,0.04311569780111313
full,small,dermamnist_224,convnext,5,0.01,42,morphology,3,client_3.pt,0.2,0.3521774709224701,0.36218783259391785
full,small,dermamnist_224,convnext,5,0.01,42,morphology,4,client_4.pt,0.2,0.394379585981369,0.3856808543205261
full,small,dermamnist_224,convnext,5,0.1,42,avg,0,client_0.pt,0.2,0.1193641722202301,0.1012326329946518
full,small,dermamnist_224,convnext,5,0.1,42,avg,1,client_1.pt,0.2,0.1060711219906807,0.1149299219250679
full,small,dermamnist_224,convnext,5,0.1,42,avg,2,client_2.pt,0.2,0.10164576768875122,0.0979590117931366
full,small,dermamnist_224,convnext,5,0.1,42,avg,3,client_3.pt,0.2,0.33359432220458984,0.3399171233177185
full,small,dermamnist_224,convnext,5,0.1,42,avg,4,client_4.pt,0.2,0.3393246531486511,0.34596124291419983
full,small,dermamnist_224,convnext,7,0.0,42,avg,0,client_0.pt,0.14285714285714285,0.12820127606391907,0.11151771992444992
full,small,dermamnist_224,convnext,7,0.0,42,avg,1,client_1.pt,0.14285714285714285,0.08583001792430878,0.10222829133272171
full,small,dermamnist_224,convnext,7,0.0,42,avg,2,client_2.pt,0.14285714285714285,0.10917109996080399,0.10791149735450745
full,small,dermamnist_224,convnext,7,0.0,42,avg,3,client_3.pt,0.14285714285714285,0.08410908281803131,0.08603072911500931
full,small,dermamnist_224,convnext,7,0.0,42,avg,4,client_4.pt,0.14285714285714285,0.14440423250198364,0.14173683524131775
full,small,dermamnist_224,convnext,7,0.0,42,avg,5,client_5.pt,0.14285714285714285,0.36557456851005554,0.3697637617588043
full,small,dermamnist_224,convnext,7,0.0,42,avg,6,client_6.pt,0.14285714285714285,0.08270971477031708,0.08081111311912537
full,small,dermamnist_224,convnext,7,0.01,42,avg,0,client_0.pt,0.14285714285714285,0.08765507489442825,0.07426073402166367
full,small,dermamnist_224,convnext,7,0.01,42,avg,1,client_1.pt,0.14285714285714285,0.0742022767663002,0.07582049816846848
full,small,dermamnist_224,convnext,7,0.01,42,avg,2,client_2.pt,0.14285714285714285,0.057507917284965515,0.05728869512677193
full,small,dermamnist_224,convnext,7,0.01,42,avg,3,client_3.pt,0.14285714285714285,0.2218027561903,0.23182527720928192
full,small,dermamnist_224,convnext,7,0.01,42,avg,4,client_4.pt,0.14285714285714285,0.24988989531993866,0.24619440734386444
full,small,dermamnist_224,convnext,7,0.01,42,avg,5,client_5.pt,0.14285714285714285,0.2499542385339737,0.24622920155525208
full,small,dermamnist_224,convnext,7,0.01,42,avg,6,client_6.pt,0.14285714285714285,0.058987852185964584,0.06838115304708481
full,small,dermamnist_224,convnext,7,0.1,42,avg,0,client_0.pt,0.14285714285714285,0.08478417247533798,0.07391304522752762
full,small,dermamnist_224,convnext,7,0.1,42,avg,1,client_1.pt,0.14285714285714285,0.2414807826280594,0.2449999898672104
full,small,dermamnist_224,convnext,7,0.1,42,avg,2,client_2.pt,0.14285714285714285,0.04102630540728569,0.04359916225075722
full,small,dermamnist_224,convnext,7,0.1,42,avg,3,client_3.pt,0.14285714285714285,0.24133457243442535,0.24492469429969788
full,small,dermamnist_224,convnext,7,0.1,42,avg,4,client_4.pt,0.14285714285714285,0.09549977630376816,0.09394203126430511
full,small,dermamnist_224,convnext,7,0.1,42,avg,5,client_5.pt,0.14285714285714285,0.24117541313171387,0.24506011605262756
full,small,dermamnist_224,convnext,7,0.1,42,avg,6,client_6.pt,0.14285714285714285,0.05469894781708717,0.053560953587293625
full,small,dermamnist_224,resnet,3,0.0,42,morphology,0,client_0.pt,0.3333333333333333,0.10758059471845627,0.08649516850709915
full,small,dermamnist_224,resnet,3,0.0,42,morphology,1,client_1.pt,0.3333333333333333,0.20108763873577118,0.24975553154945374
full,small,dermamnist_224,resnet,3,0.0,42,morphology,2,client_2.pt,0.3333333333333333,0.6913317441940308,0.6637493371963501
full,small,dermamnist_224,resnet,3,0.01,42,morphology,0,client_0.pt,0.3333333333333333,0.142343670129776,0.15461651980876923
full,small,dermamnist_224,resnet,3,0.01,42,morphology,1,client_1.pt,0.3333333333333333,0.6962606310844421,0.666314959526062
full,small,dermamnist_224,resnet,3,0.01,42,morphology,2,client_2.pt,0.3333333333333333,0.16139572858810425,0.17906855046749115
full,small,dermamnist_224,resnet,3,0.1,42,specialist_client,0,client_0.pt,0.3333333333333333,0.4099733531475067,0.4338778555393219
full,small,dermamnist_224,resnet,3,0.1,42,specialist_client,1,client_1.pt,0.3333333333333333,0.5049785375595093,0.5012394785881042
full,small,dermamnist_224,resnet,3,0.1,42,specialist_client,2,client_2.pt,0.3333333333333333,0.08504810929298401,0.06488268077373505
full,small,dermamnist_224,resnet,5,0.0,42,consensus,0,client_0.pt,0.2,0.39937353134155273,0.35763463377952576
full,small,dermamnist_224,resnet,5,0.0,42,consensus,1,client_1.pt,0.2,0.15473909676074982,0.19317945837974548
full,small,dermamnist_224,resnet,5,0.0,42,consensus,2,client_2.pt,0.2,0.1216820627450943,0.1104009747505188
full,small,dermamnist_224,resnet,5,0.0,42,consensus,3,client_3.pt,0.2,0.17535826563835144,0.1733219176530838
full,small,dermamnist_224,resnet,5,0.0,42,consensus,4,client_4.pt,0.2,0.1488470882177353,0.16546303033828735
full,small,dermamnist_224,resnet,5,0.01,42,morphology,0,client_0.pt,0.2,0.1206619143486023,0.13976672291755676
full,small,dermamnist_224,resnet,5,0.01,42,morphology,1,client_1.pt,0.2,0.12365322560071945,0.11834463477134705
full,small,dermamnist_224,resnet,5,0.01,42,morphology,2,client_2.pt,0.2,0.0712352991104126,0.05570457503199577
full,small,dermamnist_224,resnet,5,0.01,42,morphology,3,client_3.pt,0.2,0.14504972100257874,0.14335623383522034
full,small,dermamnist_224,resnet,5,0.01,42,morphology,4,client_4.pt,0.2,0.5393999218940735,0.542827844619751
full,small,dermamnist_224,resnet,5,0.1,42,consensus,0,client_0.pt,0.2,0.11854440718889236,0.13352319598197937
full,small,dermamnist_224,resnet,5,0.1,42,consensus,1,client_1.pt,0.2,0.3548109829425812,0.3603290021419525
full,small,dermamnist_224,resnet,5,0.1,42,consensus,2,client_2.pt,0.2,0.07787062972784042,0.07832539826631546
full,small,dermamnist_224,resnet,5,0.1,42,consensus,3,client_3.pt,0.2,0.3698079586029053,0.3454764187335968
full,small,dermamnist_224,resnet,5,0.1,42,consensus,4,client_4.pt,0.2,0.07896599173545837,0.08234596252441406
full,small,dermamnist_224,resnet,7,0.0,42,avg,0,client_0.pt,0.14285714285714285,0.07910510897636414,0.06419315934181213
full,small,dermamnist_224,resnet,7,0.0,42,avg,1,client_1.pt,0.14285714285714285,0.10420126467943192,0.1204412654042244
full,small,dermamnist_224,resnet,7,0.0,42,avg,2,client_2.pt,0.14285714285714285,0.08723542839288712,0.07813551276922226
full,small,dermamnist_224,resnet,7,0.0,42,avg,3,client_3.pt,0.14285714285714285,0.1164938360452652,0.11420885473489761
full,small,dermamnist_224,resnet,7,0.0,42,avg,4,client_4.pt,0.14285714285714285,0.11173439770936966,0.12141554057598114
full,small,dermamnist_224,resnet,7,0.0,42,avg,5,client_5.pt,0.14285714285714285,0.4077187776565552,0.4084874987602234
full,small,dermamnist_224,resnet,7,0.0,42,avg,6,client_6.pt,0.14285714285714285,0.09351125359535217,0.09311821311712265
full,small,dermamnist_224,resnet,7,0.01,42,morph_anchor,0,client_0.pt,0.14285714285714285,0.08338791131973267,0.08317919820547104
full,small,dermamnist_224,resnet,7,0.01,42,morph_anchor,1,client_1.pt,0.14285714285714285,0.06420792639255524,0.05069802328944206
full,small,dermamnist_224,resnet,7,0.01,42,morph_anchor,2,client_2.pt,0.14285714285714285,0.08785342425107956,0.08409758657217026
full,small,dermamnist_224,resnet,7,0.01,42,morph_anchor,3,client_3.pt,0.14285714285714285,0.08170147985219955,0.08653266727924347
full,small,dermamnist_224,resnet,7,0.01,42,morph_anchor,4,client_4.pt,0.14285714285714285,0.30199840664863586,0.3047877848148346
full,small,dermamnist_224,resnet,7,0.01,42,morph_anchor,5,client_5.pt,0.14285714285714285,0.30533578991889954,0.3008619546890259
full,small,dermamnist_224,resnet,7,0.01,42,morph_anchor,6,client_6.pt,0.14285714285714285,0.07551506906747818,0.089842788875103
full,small,dermamnist_224,resnet,7,0.1,42,specialist_client,0,client_0.pt,0.14285714285714285,0.06270866096019745,0.06547492742538452
full,small,dermamnist_224,resnet,7,0.1,42,specialist_client,1,client_1.pt,0.14285714285714285,0.29605165123939514,0.27256524562835693
full,small,dermamnist_224,resnet,7,0.1,42,specialist_client,2,client_2.pt,0.14285714285714285,0.054647296667099,0.05662741884589195
full,small,dermamnist_224,resnet,7,0.1,42,specialist_client,3,client_3.pt,0.14285714285714285,0.17632128298282623,0.18923290073871613
full,small,dermamnist_224,resnet,7,0.1,42,specialist_client,4,client_4.pt,0.14285714285714285,0.0604369081556797,0.059033527970314026
full,small,dermamnist_224,resnet,7,0.1,42,specialist_client,5,client_5.pt,0.14285714285714285,0.21568241715431213,0.223567932844162
full,small,dermamnist_224,resnet,7,0.1,42,specialist_client,6,client_6.pt,0.14285714285714285,0.13415177166461945,0.13349807262420654
full,small,dermamnist_224,swin_tiny,3,0.0,42,prototype_head,0,client_0.pt,0.3333333333333333,0.12151879072189331,0.12477658689022064
full,small,dermamnist_224,swin_tiny,3,0.0,42,prototype_head,1,client_1.pt,0.3333333333333333,0.1507813185453415,0.1690322309732437
full,small,dermamnist_224,swin_tiny,3,0.0,42,prototype_head,2,client_2.pt,0.3333333333333333,0.727699875831604,0.7061911821365356
full,small,dermamnist_224,swin_tiny,3,0.01,42,prototype_head,0,client_0.pt,0.3333333333333333,0.1429450660943985,0.15514302253723145
full,small,dermamnist_224,swin_tiny,3,0.01,42,prototype_head,1,client_1.pt,0.3333333333333333,0.6920217871665955,0.6615198850631714
full,small,dermamnist_224,swin_tiny,3,0.01,42,prototype_head,2,client_2.pt,0.3333333333333333,0.16503320634365082,0.18333713710308075
full,small,dermamnist_224,swin_tiny,3,0.1,42,prototype_head,0,client_0.pt,0.3333333333333333,0.46649426221847534,0.4776574373245239
full,small,dermamnist_224,swin_tiny,3,0.1,42,prototype_head,1,client_1.pt,0.3333333333333333,0.469269722700119,0.47024428844451904
full,small,dermamnist_224,swin_tiny,3,0.1,42,prototype_head,2,client_2.pt,0.3333333333333333,0.06423600763082504,0.05209830403327942
full,small,dermamnist_224,swin_tiny,5,0.0,42,prototype_head,0,client_0.pt,0.2,0.5511161088943481,0.5308204889297485
full,small,dermamnist_224,swin_tiny,5,0.0,42,prototype_head,1,client_1.pt,0.2,0.12911970913410187,0.14851365983486176
full,small,dermamnist_224,swin_tiny,5,0.0,42,prototype_head,2,client_2.pt,0.2,0.08017479628324509,0.07201000303030014
full,small,dermamnist_224,swin_tiny,5,0.0,42,prototype_head,3,client_3.pt,0.2,0.1269630342721939,0.1235995888710022
full,small,dermamnist_224,swin_tiny,5,0.0,42,prototype_head,4,client_4.pt,0.2,0.1126263290643692,0.12505623698234558
full,small,dermamnist_224,swin_tiny,5,0.01,42,prototype_head,0,client_0.pt,0.2,0.11393711715936661,0.13197052478790283
full,small,dermamnist_224,swin_tiny,5,0.01,42,prototype_head,1,client_1.pt,0.2,0.09415444731712341,0.09891390800476074
full,small,dermamnist_224,swin_tiny,5,0.01,42,prototype_head,2,client_2.pt,0.2,0.0734950378537178,0.06002498418092728
full,small,dermamnist_224,swin_tiny,5,0.01,42,prototype_head,3,client_3.pt,0.2,0.16218744218349457,0.1462099403142929
full,small,dermamnist_224,swin_tiny,5,0.01,42,prototype_head,4,client_4.pt,0.2,0.5562258958816528,0.5628806352615356
full,small,dermamnist_224,swin_tiny,5,0.1,42,prototype_head,0,client_0.pt,0.2,0.11145515739917755,0.12079424411058426
full,small,dermamnist_224,swin_tiny,5,0.1,42,prototype_head,1,client_1.pt,0.2,0.14692191779613495,0.1483335793018341
full,small,dermamnist_224,swin_tiny,5,0.1,42,prototype_head,2,client_2.pt,0.2,0.09432493150234222,0.09257601946592331
full,small,dermamnist_224,swin_tiny,5,0.1,42,prototype_head,3,client_3.pt,0.2,0.5359145402908325,0.5175105333328247
full,small,dermamnist_224,swin_tiny,5,0.1,42,prototype_head,4,client_4.pt,0.2,0.11138344556093216,0.1207856610417366
full,small,dermamnist_224,swin_tiny,7,0.0,42,prototype_head,0,client_0.pt,0.14285714285714285,0.06841711699962616,0.05448073148727417
full,small,dermamnist_224,swin_tiny,7,0.0,42,prototype_head,1,client_1.pt,0.14285714285714285,0.11021620035171509,0.12701930105686188
full,small,dermamnist_224,swin_tiny,7,0.0,42,prototype_head,2,client_2.pt,0.14285714285714285,0.06916724145412445,0.0630389079451561
full,small,dermamnist_224,swin_tiny,7,0.0,42,prototype_head,3,client_3.pt,0.14285714285714285,0.1080063134431839,0.10689372569322586
full,small,dermamnist_224,swin_tiny,7,0.0,42,prototype_head,4,client_4.pt,0.14285714285714285,0.09581021219491959,0.10815349221229553
full,small,dermamnist_224,swin_tiny,7,0.0,42,prototype_head,5,client_5.pt,0.14285714285714285,0.46944233775138855,0.45943382382392883
full,small,dermamnist_224,swin_tiny,7,0.0,42,prototype_head,6,client_6.pt,0.14285714285714285,0.07894054055213928,0.08097997307777405
full,small,dermamnist_224,swin_tiny,7,0.01,42,prototype_head,0,client_0.pt,0.14285714285714285,0.04945141449570656,0.04539429023861885
full,small,dermamnist_224,swin_tiny,7,0.01,42,prototype_head,1,client_1.pt,0.14285714285714285,0.04495658725500107,0.03604758903384209
full,small,dermamnist_224,swin_tiny,7,0.01,42,prototype_head,2,client_2.pt,0.14285714285714285,0.0782163143157959,0.07783897966146469
full,small,dermamnist_224,swin_tiny,7,0.01,42,prototype_head,3,client_3.pt,0.14285714285714285,0.06938409805297852,0.07875633239746094
full,small,dermamnist_224,swin_tiny,7,0.01,42,prototype_head,4,client_4.pt,0.14285714285714285,0.33966130018234253,0.3343958556652069
full,small,dermamnist_224,swin_tiny,7,0.01,42,prototype_head,5,client_5.pt,0.14285714285714285,0.3388390839099884,0.33462727069854736
full,small,dermamnist_224,swin_tiny,7,0.01,42,prototype_head,6,client_6.pt,0.14285714285714285,0.07949116080999374,0.09293963015079498
full,small,dermamnist_224,swin_tiny,7,0.1,42,prototype_head,0,client_0.pt,0.14285714285714285,0.0792679563164711,0.08944006264209747
full,small,dermamnist_224,swin_tiny,7,0.1,42,prototype_head,1,client_1.pt,0.14285714285714285,0.3210170269012451,0.30652549862861633
full,small,dermamnist_224,swin_tiny,7,0.1,42,prototype_head,2,client_2.pt,0.14285714285714285,0.055018726736307144,0.05506753921508789
full,small,dermamnist_224,swin_tiny,7,0.1,42,prototype_head,3,client_3.pt,0.14285714285714285,0.10574407130479813,0.10721167176961899
full,small,dermamnist_224,swin_tiny,7,0.1,42,prototype_head,4,client_4.pt,0.14285714285714285,0.0658155083656311,0.0726967602968216
full,small,dermamnist_224,swin_tiny,7,0.1,42,prototype_head,5,client_5.pt,0.14285714285714285,0.31723639369010925,0.3135339021682739
full,small,dermamnist_224,swin_tiny,7,0.1,42,prototype_head,6,client_6.pt,0.14285714285714285,0.0559002123773098,0.055524587631225586
full,small,dermamnist_224,vit_t,3,0.0,42,prototype_head,0,client_0.pt,0.3333333333333333,0.0973978042602539,0.07895784825086594
full,small,dermamnist_224,vit_t,3,0.0,42,prototype_head,1,client_1.pt,0.3333333333333333,0.15419772267341614,0.17659926414489746
full,small,dermamnist_224,vit_t,3,0.0,42,prototype_head,2,client_2.pt,0.3333333333333333,0.7484045028686523,0.7444429397583008
full,small,dermamnist_224,vit_t,3,0.01,42,prototype_head,0,client_0.pt,0.3333333333333333,0.14230133593082428,0.15558074414730072
full,small,dermamnist_224,vit_t,3,0.01,42,prototype_head,1,client_1.pt,0.3333333333333333,0.6939838528633118,0.6616466641426086
full,small,dermamnist_224,vit_t,3,0.01,42,prototype_head,2,client_2.pt,0.3333333333333333,0.16371484100818634,0.18277262151241302
full,small,dermamnist_224,vit_t,3,0.1,42,prototype_head,0,client_0.pt,0.3333333333333333,0.4453992247581482,0.4572560489177704
full,small,dermamnist_224,vit_t,3,0.1,42,prototype_head,1,client_1.pt,0.3333333333333333,0.35935544967651367,0.34689104557037354
full,small,dermamnist_224,vit_t,3,0.1,42,prototype_head,2,client_2.pt,0.3333333333333333,0.19524535536766052,0.19585289061069489
full,small,dermamnist_224,vit_t,5,0.0,42,prototype_head,0,client_0.pt,0.2,0.503560483455658,0.48855963349342346
full,small,dermamnist_224,vit_t,5,0.0,42,prototype_head,1,client_1.pt,0.2,0.1291646957397461,0.1487005352973938
full,small,dermamnist_224,vit_t,5,0.0,42,prototype_head,2,client_2.pt,0.2,0.11917900294065475,0.10745878517627716
full,small,dermamnist_224,vit_t,5,0.0,42,prototype_head,3,client_3.pt,0.2,0.1314883977174759,0.12690766155719757
full,small,dermamnist_224,vit_t,5,0.0,42,prototype_head,4,client_4.pt,0.2,0.11660744249820709,0.128373384475708
full,small,dermamnist_224,vit_t,5,0.01,42,prototype_head,0,client_0.pt,0.2,0.07833557575941086,0.09170070290565491
full,small,dermamnist_224,vit_t,5,0.01,42,prototype_head,1,client_1.pt,0.2,0.13887585699558258,0.13724781572818756
full,small,dermamnist_224,vit_t,5,0.01,42,prototype_head,2,client_2.pt,0.2,0.05241430550813675,0.043322280049324036
full,small,dermamnist_224,vit_t,5,0.01,42,prototype_head,3,client_3.pt,0.2,0.34946513175964355,0.3367868661880493
full,small,dermamnist_224,vit_t,5,0.01,42,prototype_head,4,client_4.pt,0.2,0.38090914487838745,0.3909423053264618
full,small,dermamnist_224,vit_t,5,0.1,42,prototype_head,0,client_0.pt,0.2,0.10490246117115021,0.11815337091684341
full,small,dermamnist_224,vit_t,5,0.1,42,prototype_head,1,client_1.pt,0.2,0.1707685887813568,0.18137241899967194
full,small,dermamnist_224,vit_t,5,0.1,42,prototype_head,2,client_2.pt,0.2,0.08760176599025726,0.08947686851024628
full,small,dermamnist_224,vit_t,5,0.1,42,prototype_head,3,client_3.pt,0.2,0.514351487159729,0.5019548535346985
full,small,dermamnist_224,vit_t,5,0.1,42,prototype_head,4,client_4.pt,0.2,0.12237564474344254,0.10904255509376526
full,small,dermamnist_224,vit_t,7,0.0,42,avg,0,client_0.pt,0.14285714285714285,0.08201579749584198,0.06931783258914948
full,small,dermamnist_224,vit_t,7,0.0,42,avg,1,client_1.pt,0.14285714285714285,0.09838127344846725,0.11573208123445511
full,small,dermamnist_224,vit_t,7,0.0,42,avg,2,client_2.pt,0.14285714285714285,0.0874105766415596,0.0824897289276123
full,small,dermamnist_224,vit_t,7,0.0,42,avg,3,client_3.pt,0.14285714285714285,0.09641043096780777,0.09739634394645691
full,small,dermamnist_224,vit_t,7,0.0,42,avg,4,client_4.pt,0.14285714285714285,0.08552569150924683,0.0985456109046936
full,small,dermamnist_224,vit_t,7,0.0,42,avg,5,client_5.pt,0.14285714285714285,0.419032484292984,0.4186064302921295
full,small,dermamnist_224,vit_t,7,0.0,42,avg,6,client_6.pt,0.14285714285714285,0.1312236785888672,0.11791199445724487
full,small,dermamnist_224,vit_t,7,0.01,42,prototype_head,0,client_0.pt,0.14285714285714285,0.06127003952860832,0.05042211338877678
full,small,dermamnist_224,vit_t,7,0.01,42,prototype_head,1,client_1.pt,0.14285714285714285,0.11326350271701813,0.10728243738412857
full,small,dermamnist_224,vit_t,7,0.01,42,prototype_head,2,client_2.pt,0.14285714285714285,0.07202243059873581,0.07084563374519348
full,small,dermamnist_224,vit_t,7,0.01,42,prototype_head,3,client_3.pt,0.14285714285714285,0.06388957798480988,0.07168052345514297
full,small,dermamnist_224,vit_t,7,0.01,42,prototype_head,4,client_4.pt,0.14285714285714285,0.3102428615093231,0.304651141166687
full,small,dermamnist_224,vit_t,7,0.01,42,prototype_head,5,client_5.pt,0.14285714285714285,0.3053430914878845,0.30562254786491394
full,small,dermamnist_224,vit_t,7,0.01,42,prototype_head,6,client_6.pt,0.14285714285714285,0.07396857440471649,0.08949557691812515
full,small,dermamnist_224,vit_t,7,0.1,42,prototype_head,0,client_0.pt,0.14285714285714285,0.054989468306303024,0.05996230989694595
full,small,dermamnist_224,vit_t,7,0.1,42,prototype_head,1,client_1.pt,0.14285714285714285,0.2705689072608948,0.2526569068431854
full,small,dermamnist_224,vit_t,7,0.1,42,prototype_head,2,client_2.pt,0.14285714285714285,0.045635174959897995,0.04458453878760338
full,small,dermamnist_224,vit_t,7,0.1,42,prototype_head,3,client_3.pt,0.14285714285714285,0.07736466825008392,0.07795519381761551
full,small,dermamnist_224,vit_t,7,0.1,42,prototype_head,4,client_4.pt,0.14285714285714285,0.055241797119379044,0.059457432478666306
full,small,dermamnist_224,vit_t,7,0.1,42,prototype_head,5,client_5.pt,0.14285714285714285,0.22649821639060974,0.2515275478363037
full,small,dermamnist_224,vit_t,7,0.1,42,prototype_head,6,client_6.pt,0.14285714285714285,0.26970183849334717,0.2538560926914215
full,small,organcmnist_224,convnext,3,0.0,42,morphology,0,client_0.pt,0.3333333333333333,0.41652509570121765,0.4410240948200226
full,small,organcmnist_224,convnext,3,0.0,42,morphology,1,client_1.pt,0.3333333333333333,0.34684211015701294,0.3681580424308777
full,small,organcmnist_224,convnext,3,0.0,42,morphology,2,client_2.pt,0.3333333333333333,0.23663276433944702,0.19081784784793854
full,small,organcmnist_224,convnext,3,0.01,42,consensus,0,client_0.pt,0.3333333333333333,0.35993605852127075,0.35370737314224243
full,small,organcmnist_224,convnext,3,0.01,42,consensus,1,client_1.pt,0.3333333333333333,0.3336600661277771,0.3543560802936554
full,small,organcmnist_224,convnext,3,0.01,42,consensus,2,client_2.pt,0.3333333333333333,0.30640384554862976,0.2919365465641022
full,small,organcmnist_224,convnext,3,0.1,42,morph_anchor,0,client_0.pt,0.3333333333333333,0.19801996648311615,0.14666052162647247
full,small,organcmnist_224,convnext,3,0.1,42,morph_anchor,1,client_1.pt,0.3333333333333333,0.2954553961753845,0.3225654661655426
full,small,organcmnist_224,convnext,3,0.1,42,morph_anchor,2,client_2.pt,0.3333333333333333,0.5065246820449829,0.5307739973068237
full,small,organcmnist_224,convnext,5,0.0,42,avg,0,client_0.pt,0.2,0.3179659843444824,0.4054061472415924
full,small,organcmnist_224,convnext,5,0.0,42,avg,1,client_1.pt,0.2,0.15430597960948944,0.1306656002998352
full,small,organcmnist_224,convnext,5,0.0,42,avg,2,client_2.pt,0.2,0.16384604573249817,0.16755853593349457
full,small,organcmnist_224,convnext,5,0.0,42,avg,3,client_3.pt,0.2,0.19444775581359863,0.16365376114845276
full,small,organcmnist_224,convnext,5,0.0,42,avg,4,client_4.pt,0.2,0.16943421959877014,0.13271597027778625
full,small,organcmnist_224,convnext,5,0.01,42,morph_anchor,0,client_0.pt,0.2,0.19908501207828522,0.17290396988391876
full,small,organcmnist_224,convnext,5,0.01,42,morph_anchor,1,client_1.pt,0.2,0.1676318198442459,0.1456531286239624
full,small,organcmnist_224,convnext,5,0.01,42,morph_anchor,2,client_2.pt,0.2,0.2717776894569397,0.311448335647583
full,small,organcmnist_224,convnext,5,0.01,42,morph_anchor,3,client_3.pt,0.2,0.2363322675228119,0.2715110778808594
full,small,organcmnist_224,convnext,5,0.01,42,morph_anchor,4,client_4.pt,0.2,0.1251731663942337,0.09848352521657944
full,small,organcmnist_224,convnext,5,0.1,42,morphology,0,client_0.pt,0.2,0.2982674241065979,0.3443356454372406
full,small,organcmnist_224,convnext,5,0.1,42,morphology,1,client_1.pt,0.2,0.23410658538341522,0.27379781007766724
full,small,organcmnist_224,convnext,5,0.1,42,morphology,2,client_2.pt,0.2,0.15144707262516022,0.11963675916194916
full,small,organcmnist_224,convnext,5,0.1,42,morphology,3,client_3.pt,0.2,0.14393341541290283,0.10998895764350891
full,small,organcmnist_224,convnext,5,0.1,42,morphology,4,client_4.pt,0.2,0.17224544286727905,0.1522408276796341
full,small,organcmnist_224,convnext,7,0.0,42,morphology,0,client_0.pt,0.14285714285714285,0.22821244597434998,0.27117449045181274
full,small,organcmnist_224,convnext,7,0.0,42,morphology,1,client_1.pt,0.14285714285714285,0.13552097976207733,0.1423669010400772
full,small,organcmnist_224,convnext,7,0.0,42,morphology,2,client_2.pt,0.14285714285714285,0.09723249822854996,0.07965456694364548
full,small,organcmnist_224,convnext,7,0.0,42,morphology,3,client_3.pt,0.14285714285714285,0.17662647366523743,0.21492138504981995
full,small,organcmnist_224,convnext,7,0.0,42,morphology,4,client_4.pt,0.14285714285714285,0.12198599427938461,0.0876646563410759
full,small,organcmnist_224,convnext,7,0.0,42,morphology,5,client_5.pt,0.14285714285714285,0.13020022213459015,0.11779475212097168
full,small,organcmnist_224,convnext,7,0.0,42,morphology,6,client_6.pt,0.14285714285714285,0.11022134870290756,0.08642327785491943
full,small,organcmnist_224,convnext,7,0.01,42,morphology,0,client_0.pt,0.14285714285714285,0.20630116760730743,0.24659891426563263
full,small,organcmnist_224,convnext,7,0.01,42,morphology,1,client_1.pt,0.14285714285714285,0.11696788668632507,0.10764899104833603
full,small,organcmnist_224,convnext,7,0.01,42,morphology,2,client_2.pt,0.14285714285714285,0.09905681759119034,0.07900755107402802
full,small,organcmnist_224,convnext,7,0.01,42,morphology,3,client_3.pt,0.14285714285714285,0.12353283166885376,0.09662479907274246
full,small,organcmnist_224,convnext,7,0.01,42,morphology,4,client_4.pt,0.14285714285714285,0.1526384949684143,0.17340141534805298
full,small,organcmnist_224,convnext,7,0.01,42,morphology,5,client_5.pt,0.14285714285714285,0.17796243727207184,0.20008571445941925
full,small,organcmnist_224,convnext,7,0.01,42,morphology,6,client_6.pt,0.14285714285714285,0.12354031950235367,0.09663257747888565
full,small,organcmnist_224,convnext,7,0.1,42,avg,0,client_0.pt,0.14285714285714285,0.13964658975601196,0.1396646499633789
full,small,organcmnist_224,convnext,7,0.1,42,avg,1,client_1.pt,0.14285714285714285,0.171959787607193,0.16737109422683716
full,small,organcmnist_224,convnext,7,0.1,42,avg,2,client_2.pt,0.14285714285714285,0.12140602618455887,0.12575401365756989
full,small,organcmnist_224,convnext,7,0.1,42,avg,3,client_3.pt,0.14285714285714285,0.1374095231294632,0.13620643317699432
full,small,organcmnist_224,convnext,7,0.1,42,avg,4,client_4.pt,0.14285714285714285,0.14317771792411804,0.1410370171070099
full,small,organcmnist_224,convnext,7,0.1,42,avg,5,client_5.pt,0.14285714285714285,0.13857676088809967,0.14427529275417328
full,small,organcmnist_224,convnext,7,0.1,42,avg,6,client_6.pt,0.14285714285714285,0.14782360196113586,0.14569151401519775
full,small,organcmnist_224,resnet,3,0.0,42,consensus,0,client_0.pt,0.3333333333333333,0.3617699444293976,0.33891597390174866
full,small,organcmnist_224,resnet,3,0.0,42,consensus,1,client_1.pt,0.3333333333333333,0.40905535221099854,0.45709288120269775
full,small,organcmnist_224,resnet,3,0.0,42,consensus,2,client_2.pt,0.3333333333333333,0.22917470335960388,0.2039911150932312
full,small,organcmnist_224,resnet,3,0.01,42,morphology,0,client_0.pt,0.3333333333333333,0.4607751667499542,0.5055643916130066
full,small,organcmnist_224,resnet,3,0.01,42,morphology,1,client_1.pt,0.3333333333333333,0.30298903584480286,0.27733314037323
full,small,organcmnist_224,resnet,3,0.01,42,morphology,2,client_2.pt,0.3333333333333333,0.23623575270175934,0.21710243821144104
full,small,organcmnist_224,resnet,3,0.1,42,avg,0,client_0.pt,0.3333333333333333,0.412463515996933,0.420289546251297
full,small,organcmnist_224,resnet,3,0.1,42,avg,1,client_1.pt,0.3333333333333333,0.2539907693862915,0.2561451196670532
full,small,organcmnist_224,resnet,3,0.1,42,avg,2,client_2.pt,0.3333333333333333,0.33354565501213074,0.3235653340816498
full,small,organcmnist_224,resnet,5,0.0,42,specialist_client,0,client_0.pt,0.2,0.3651677370071411,0.4312501549720764
full,small,organcmnist_224,resnet,5,0.0,42,specialist_client,1,client_1.pt,0.2,0.22996191680431366,0.2438032627105713
full,small,organcmnist_224,resnet,5,0.0,42,specialist_client,2,client_2.pt,0.2,0.11302176862955093,0.10153429955244064
full,small,organcmnist_224,resnet,5,0.0,42,specialist_client,3,client_3.pt,0.2,0.15613318979740143,0.12859880924224854
full,small,organcmnist_224,resnet,5,0.0,42,specialist_client,4,client_4.pt,0.2,0.13571538031101227,0.09481342881917953
full,small,organcmnist_224,resnet,5,0.01,42,morph_anchor,0,client_0.pt,0.2,0.15229855477809906,0.11522606760263443
full,small,organcmnist_224,resnet,5,0.01,42,morph_anchor,1,client_1.pt,0.2,0.14839576184749603,0.14463208615779877
full,small,organcmnist_224,resnet,5,0.01,42,morph_anchor,2,client_2.pt,0.2,0.20467178523540497,0.205497145652771
full,small,organcmnist_224,resnet,5,0.01,42,morph_anchor,3,client_3.pt,0.2,0.2142743468284607,0.23963211476802826
full,small,organcmnist_224,resnet,5,0.01,42,morph_anchor,4,client_4.pt,0.2,0.28035956621170044,0.29501259326934814
full,small,organcmnist_224,resnet,5,0.1,42,avg,0,client_0.pt,0.2,0.21608184278011322,0.2198384404182434
full,small,organcmnist_224,resnet,5,0.1,42,avg,1,client_1.pt,0.2,0.15239335596561432,0.13175193965435028
full,small,organcmnist_224,resnet,5,0.1,42,avg,2,client_2.pt,0.2,0.24156667292118073,0.2529407739639282
full,small,organcmnist_224,resnet,5,0.1,42,avg,3,client_3.pt,0.2,0.16492581367492676,0.16088981926441193
full,small,organcmnist_224,resnet,5,0.1,42,avg,4,client_4.pt,0.2,0.22503232955932617,0.23457902669906616
full,small,organcmnist_224,resnet,7,0.0,42,consensus,0,client_0.pt,0.14285714285714285,0.2188095599412918,0.2509428858757019
full,small,organcmnist_224,resnet,7,0.0,42,consensus,1,client_1.pt,0.14285714285714285,0.20871086418628693,0.25078874826431274
full,small,organcmnist_224,resnet,7,0.0,42,consensus,2,client_2.pt,0.14285714285714285,0.08358804881572723,0.06557531654834747
full,small,organcmnist_224,resnet,7,0.0,42,consensus,3,client_3.pt,0.14285714285714285,0.17988640069961548,0.19062812626361847
full,small,organcmnist_224,resnet,7,0.0,42,consensus,4,client_4.pt,0.14285714285714285,0.1075935810804367,0.07594981789588928
full,small,organcmnist_224,resnet,7,0.0,42,consensus,5,client_5.pt,0.14285714285714285,0.10664011538028717,0.09366948902606964
full,small,organcmnist_224,resnet,7,0.0,42,consensus,6,client_6.pt,0.14285714285714285,0.09477134793996811,0.07244567573070526
full,small,organcmnist_224,resnet,7,0.01,42,specialist_client,0,client_0.pt,0.14285714285714285,0.18412934243679047,0.20108440518379211
full,small,organcmnist_224,resnet,7,0.01,42,specialist_client,1,client_1.pt,0.14285714285714285,0.10400155186653137,0.09539829194545746
full,small,organcmnist_224,resnet,7,0.01,42,specialist_client,2,client_2.pt,0.14285714285714285,0.16360360383987427,0.18740364909172058
full,small,organcmnist_224,resnet,7,0.01,42,specialist_client,3,client_3.pt,0.14285714285714285,0.14018888771533966,0.11206098645925522
full,small,organcmnist_224,resnet,7,0.01,42,specialist_client,4,client_4.pt,0.14285714285714285,0.16754430532455444,0.19713303446769714
full,small,organcmnist_224,resnet,7,0.01,42,specialist_client,5,client_5.pt,0.14285714285714285,0.09085561335086823,0.08367208391427994
full,small,organcmnist_224,resnet,7,0.01,42,specialist_client,6,client_6.pt,0.14285714285714285,0.14967668056488037,0.12324746698141098
full,small,organcmnist_224,resnet,7,0.1,42,avg,0,client_0.pt,0.14285714285714285,0.059774089604616165,0.04300113394856453
full,small,organcmnist_224,resnet,7,0.1,42,avg,1,client_1.pt,0.14285714285714285,0.14869387447834015,0.16892769932746887
full,small,organcmnist_224,resnet,7,0.1,42,avg,2,client_2.pt,0.14285714285714285,0.06861359626054764,0.05898068845272064
full,small,organcmnist_224,resnet,7,0.1,42,avg,3,client_3.pt,0.14285714285714285,0.1789649873971939,0.18701481819152832
full,small,organcmnist_224,resnet,7,0.1,42,avg,4,client_4.pt,0.14285714285714285,0.22817866504192352,0.22701428830623627
full,small,organcmnist_224,resnet,7,0.1,42,avg,5,client_5.pt,0.14285714285714285,0.18188674747943878,0.1926933377981186
full,small,organcmnist_224,resnet,7,0.1,42,avg,6,client_6.pt,0.14285714285714285,0.13388802111148834,0.12236802279949188
full,small,organcmnist_224,swin_tiny,3,0.0,42,prototype_head,0,client_0.pt,0.3333333333333333,0.3122575283050537,0.27858373522758484
full,small,organcmnist_224,swin_tiny,3,0.0,42,prototype_head,1,client_1.pt,0.3333333333333333,0.32372286915779114,0.34576186537742615
full,small,organcmnist_224,swin_tiny,3,0.0,42,prototype_head,2,client_2.pt,0.3333333333333333,0.36401960253715515,0.375654399394989
full,small,organcmnist_224,swin_tiny,3,0.01,42,prototype_head,0,client_0.pt,0.3333333333333333,0.466031014919281,0.501405656337738
full,small,organcmnist_224,swin_tiny,3,0.01,42,prototype_head,1,client_1.pt,0.3333333333333333,0.28039491176605225,0.26966390013694763
full,small,organcmnist_224,swin_tiny,3,0.01,42,prototype_head,2,client_2.pt,0.3333333333333333,0.2535741329193115,0.22893045842647552
full,small,organcmnist_224,swin_tiny,3,0.1,42,prototype_head,0,client_0.pt,0.3333333333333333,0.26740550994873047,0.25273483991622925
full,small,organcmnist_224,swin_tiny,3,0.1,42,prototype_head,1,client_1.pt,0.3333333333333333,0.3414035439491272,0.3555607199668884
full,small,organcmnist_224,swin_tiny,3,0.1,42,prototype_head,2,client_2.pt,0.3333333333333333,0.39119094610214233,0.3917044699192047
full,small,organcmnist_224,swin_tiny,5,0.0,42,prototype_head,0,client_0.pt,0.2,0.20448215305805206,0.20509830117225647
full,small,organcmnist_224,swin_tiny,5,0.0,42,prototype_head,1,client_1.pt,0.2,0.2410576492547989,0.27412149310112
full,small,organcmnist_224,swin_tiny,5,0.0,42,prototype_head,2,client_2.pt,0.2,0.18397335708141327,0.19341039657592773
full,small,organcmnist_224,swin_tiny,5,0.0,42,prototype_head,3,client_3.pt,0.2,0.2189934402704239,0.18976016342639923
full,small,organcmnist_224,swin_tiny,5,0.0,42,prototype_head,4,client_4.pt,0.2,0.1514933854341507,0.13760969042778015
full,small,organcmnist_224,swin_tiny,5,0.01,42,morph_anchor,0,client_0.pt,0.2,0.14926762878894806,0.11348820477724075
full,small,organcmnist_224,swin_tiny,5,0.01,42,morph_anchor,1,client_1.pt,0.2,0.17500603199005127,0.15334632992744446
full,small,organcmnist_224,swin_tiny,5,0.01,42,morph_anchor,2,client_2.pt,0.2,0.30023425817489624,0.34641703963279724
full,small,organcmnist_224,swin_tiny,5,0.01,42,morph_anchor,3,client_3.pt,0.2,0.2447659969329834,0.2830270826816559
full,small,organcmnist_224,swin_tiny,5,0.01,42,morph_anchor,4,client_4.pt,0.2,0.13072606921195984,0.10372136533260345
full,small,organcmnist_224,swin_tiny,5,0.1,42,morph_anchor,0,client_0.pt,0.2,0.18188996613025665,0.17065678536891937
full,small,organcmnist_224,swin_tiny,5,0.1,42,morph_anchor,1,client_1.pt,0.2,0.22493815422058105,0.20803742110729218
full,small,organcmnist_224,swin_tiny,5,0.1,42,morph_anchor,2,client_2.pt,0.2,0.1893458515405655,0.1743398904800415
full,small,organcmnist_224,swin_tiny,5,0.1,42,morph_anchor,3,client_3.pt,0.2,0.1769266575574875,0.1648680567741394
full,small,organcmnist_224,swin_tiny,5,0.1,42,morph_anchor,4,client_4.pt,0.2,0.22689928114414215,0.28209781646728516
full,small,organcmnist_224,swin_tiny,7,0.0,42,prototype_head,0,client_0.pt,0.14285714285714285,0.1484670341014862,0.16671738028526306
full,small,organcmnist_224,swin_tiny,7,0.0,42,prototype_head,1,client_1.pt,0.14285714285714285,0.15672406554222107,0.19063888490200043
full,small,organcmnist_224,swin_tiny,7,0.0,42,prototype_head,2,client_2.pt,0.14285714285714285,0.11317216604948044,0.10728923231363297
full,small,organcmnist_224,swin_tiny,7,0.0,42,prototype_head,3,client_3.pt,0.14285714285714285,0.15997236967086792,0.14235273003578186
full,small,organcmnist_224,swin_tiny,7,0.0,42,prototype_head,4,client_4.pt,0.14285714285714285,0.14193172752857208,0.11803492903709412
full,small,organcmnist_224,swin_tiny,7,0.0,42,prototype_head,5,client_5.pt,0.14285714285714285,0.15148913860321045,0.15860329568386078
full,small,organcmnist_224,swin_tiny,7,0.0,42,prototype_head,6,client_6.pt,0.14285714285714285,0.12824353575706482,0.11636356264352798
full,small,organcmnist_224,swin_tiny,7,0.01,42,prototype_head,0,client_0.pt,0.14285714285714285,0.18609605729579926,0.20881465077400208
full,small,organcmnist_224,swin_tiny,7,0.01,42,prototype_head,1,client_1.pt,0.14285714285714285,0.14850930869579315,0.16090071201324463
full,small,organcmnist_224,swin_tiny,7,0.01,42,prototype_head,2,client_2.pt,0.14285714285714285,0.12704919278621674,0.12045413255691528
full,small,organcmnist_224,swin_tiny,7,0.01,42,prototype_head,3,client_3.pt,0.14285714285714285,0.15685264766216278,0.14441819489002228
full,small,organcmnist_224,swin_tiny,7,0.01,42,prototype_head,4,client_4.pt,0.14285714285714285,0.11096306145191193,0.10884366929531097
full,small,organcmnist_224,swin_tiny,7,0.01,42,prototype_head,5,client_5.pt,0.14285714285714285,0.11342999339103699,0.1117749810218811
full,small,organcmnist_224,swin_tiny,7,0.01,42,prototype_head,6,client_6.pt,0.14285714285714285,0.15709975361824036,0.1447935700416565
full,small,organcmnist_224,swin_tiny,7,0.1,42,reference_delta,0,client_0.pt,0.14285714285714285,0.11984900385141373,0.10414472967386246
full,small,organcmnist_224,swin_tiny,7,0.1,42,reference_delta,1,client_1.pt,0.14285714285714285,0.14631064236164093,0.14717039465904236
full,small,organcmnist_224,swin_tiny,7,0.1,42,reference_delta,2,client_2.pt,0.14285714285714285,0.24223768711090088,0.30918681621551514
full,small,organcmnist_224,swin_tiny,7,0.1,42,reference_delta,3,client_3.pt,0.14285714285714285,0.14435523748397827,0.13410918414592743
full,small,organcmnist_224,swin_tiny,7,0.1,42,reference_delta,4,client_4.pt,0.14285714285714285,0.11965693533420563,0.10358207672834396
full,small,organcmnist_224,swin_tiny,7,0.1,42,reference_delta,5,client_5.pt,0.14285714285714285,0.1055385172367096,0.0954485684633255
full,small,organcmnist_224,swin_tiny,7,0.1,42,reference_delta,6,client_6.pt,0.14285714285714285,0.12205202877521515,0.10635825246572495
full,small,organcmnist_224,vit_t,3,0.0,42,prototype_head,0,client_0.pt,0.3333333333333333,0.2965834438800812,0.26823940873146057
full,small,organcmnist_224,vit_t,3,0.0,42,prototype_head,1,client_1.pt,0.3333333333333333,0.47028398513793945,0.537646472454071
full,small,organcmnist_224,vit_t,3,0.0,42,prototype_head,2,client_2.pt,0.3333333333333333,0.23313258588314056,0.19411411881446838
full,small,organcmnist_224,vit_t,3,0.01,42,prototype_head,0,client_0.pt,0.3333333333333333,0.5655902624130249,0.6264115571975708
full,small,organcmnist_224,vit_t,3,0.01,42,prototype_head,1,client_1.pt,0.3333333333333333,0.19914409518241882,0.16116121411323547
full,small,organcmnist_224,vit_t,3,0.01,42,prototype_head,2,client_2.pt,0.3333333333333333,0.23526567220687866,0.21242719888687134
full,small,organcmnist_224,vit_t,3,0.1,42,prototype_head,0,client_0.pt,0.3333333333333333,0.32849225401878357,0.3214472830295563
full,small,organcmnist_224,vit_t,3,0.1,42,prototype_head,1,client_1.pt,0.3333333333333333,0.4036428928375244,0.44262704253196716
full,small,organcmnist_224,vit_t,3,0.1,42,prototype_head,2,client_2.pt,0.3333333333333333,0.267864853143692,0.2359256148338318
full,small,organcmnist_224,vit_t,5,0.0,42,prototype_head,0,client_0.pt,0.2,0.2138446867465973,0.22005215287208557
full,small,organcmnist_224,vit_t,5,0.0,42,prototype_head,1,client_1.pt,0.2,0.1799412965774536,0.16051574051380157
full,small,organcmnist_224,vit_t,5,0.0,42,prototype_head,2,client_2.pt,0.2,0.19300885498523712,0.20804724097251892
full,small,organcmnist_224,vit_t,5,0.0,42,prototype_head,3,client_3.pt,0.2,0.2546142041683197,0.2635803818702698
full,small,organcmnist_224,vit_t,5,0.0,42,prototype_head,4,client_4.pt,0.2,0.1585909128189087,0.14780449867248535
full,small,organcmnist_224,vit_t,5,0.01,42,consensus,0,client_0.pt,0.2,0.14315804839134216,0.10779470950365067
full,small,organcmnist_224,vit_t,5,0.01,42,consensus,1,client_1.pt,0.2,0.1689465492963791,0.14679557085037231
full,small,organcmnist_224,vit_t,5,0.01,42,consensus,2,client_2.pt,0.2,0.1336689442396164,0.10734914243221283
full,small,organcmnist_224,vit_t,5,0.01,42,consensus,3,client_3.pt,0.2,0.33861908316612244,0.40747684240341187
full,small,organcmnist_224,vit_t,5,0.01,42,consensus,4,client_4.pt,0.2,0.2156073898077011,0.2305837869644165
full,small,organcmnist_224,vit_t,5,0.1,42,prototype_head,0,client_0.pt,0.2,0.2682608366012573,0.30133724212646484
full,small,organcmnist_224,vit_t,5,0.1,42,prototype_head,1,client_1.pt,0.2,0.1672125905752182,0.14848917722702026
full,small,organcmnist_224,vit_t,5,0.1,42,prototype_head,2,client_2.pt,0.2,0.12982620298862457,0.10828830301761627
full,small,organcmnist_224,vit_t,5,0.1,42,prototype_head,3,client_3.pt,0.2,0.15375936031341553,0.12407197058200836
full,small,organcmnist_224,vit_t,5,0.1,42,prototype_head,4,client_4.pt,0.2,0.280940979719162,0.31781333684921265
full,small,organcmnist_224,vit_t,7,0.0,42,prototype_head,0,client_0.pt,0.14285714285714285,0.24638687074184418,0.29713404178619385
full,small,organcmnist_224,vit_t,7,0.0,42,prototype_head,1,client_1.pt,0.14285714285714285,0.12470032274723053,0.1335442066192627
full,small,organcmnist_224,vit_t,7,0.0,42,prototype_head,2,client_2.pt,0.14285714285714285,0.09002269059419632,0.07513889670372009
full,small,organcmnist_224,vit_t,7,0.0,42,prototype_head,3,client_3.pt,0.14285714285714285,0.20341570675373077,0.21890078485012054
full,small,organcmnist_224,vit_t,7,0.0,42,prototype_head,4,client_4.pt,0.14285714285714285,0.11291983723640442,0.08267847448587418
full,small,organcmnist_224,vit_t,7,0.0,42,prototype_head,5,client_5.pt,0.14285714285714285,0.12052403390407562,0.11109517514705658
full,small,organcmnist_224,vit_t,7,0.0,42,prototype_head,6,client_6.pt,0.14285714285714285,0.10203048586845398,0.08150846511125565
full,small,organcmnist_224,vit_t,7,0.01,42,prototype_head,0,client_0.pt,0.14285714285714285,0.14837199449539185,0.15042610466480255
full,small,organcmnist_224,vit_t,7,0.01,42,prototype_head,1,client_1.pt,0.14285714285714285,0.13454438745975494,0.12897063791751862
full,small,organcmnist_224,vit_t,7,0.01,42,prototype_head,2,client_2.pt,0.14285714285714285,0.22568483650684357,0.26036152243614197
full,small,organcmnist_224,vit_t,7,0.01,42,prototype_head,3,client_3.pt,0.14285714285714285,0.16083568334579468,0.149130180478096
full,small,organcmnist_224,vit_t,7,0.01,42,prototype_head,4,client_4.pt,0.14285714285714285,0.10070398449897766,0.0874035432934761
full,small,organcmnist_224,vit_t,7,0.01,42,prototype_head,5,client_5.pt,0.14285714285714285,0.1293400377035141,0.13646209239959717
full,small,organcmnist_224,vit_t,7,0.01,42,prototype_head,6,client_6.pt,0.14285714285714285,0.10051900148391724,0.08724591881036758
full,small,organcmnist_224,vit_t,7,0.1,42,prototype_head,0,client_0.pt,0.14285714285714285,0.13150687515735626,0.11754150688648224
full,small,organcmnist_224,vit_t,7,0.1,42,prototype_head,1,client_1.pt,0.14285714285714285,0.2237785905599594,0.2931831479072571
full,small,organcmnist_224,vit_t,7,0.1,42,prototype_head,2,client_2.pt,0.14285714285714285,0.12370547652244568,0.12078514695167542
full,small,organcmnist_224,vit_t,7,0.1,42,prototype_head,3,client_3.pt,0.14285714285714285,0.13168571889400482,0.11741549521684647
full,small,organcmnist_224,vit_t,7,0.1,42,prototype_head,4,client_4.pt,0.14285714285714285,0.13105811178684235,0.11683931201696396
full,small,organcmnist_224,vit_t,7,0.1,42,prototype_head,5,client_5.pt,0.14285714285714285,0.11570534110069275,0.1077776700258255
full,small,organcmnist_224,vit_t,7,0.1,42,prototype_head,6,client_6.pt,0.14285714285714285,0.14255985617637634,0.12645775079727173
full,small,organsmnist_224,convnext,3,0.0,42,avg,0,client_0.pt,0.3333333333333333,0.3493448495864868,0.37250396609306335
full,small,organsmnist_224,convnext,3,0.0,42,avg,1,client_1.pt,0.3333333333333333,0.2659735679626465,0.27834805846214294
full,small,organsmnist_224,convnext,3,0.0,42,avg,2,client_2.pt,0.3333333333333333,0.3846816420555115,0.3491479754447937
full,small,organsmnist_224,convnext,3,0.01,42,morphology,0,client_0.pt,0.3333333333333333,0.4278051555156708,0.5110967755317688
full,small,organsmnist_224,convnext,3,0.01,42,morphology,1,client_1.pt,0.3333333333333333,0.3492858409881592,0.30147430300712585
full,small,organsmnist_224,convnext,3,0.01,42,morphology,2,client_2.pt,0.3333333333333333,0.22290895879268646,0.18742893636226654
full,small,organsmnist_224,convnext,3,0.1,42,morph_anchor,0,client_0.pt,0.3333333333333333,0.42495593428611755,0.5050605535507202
full,small,organsmnist_224,convnext,3,0.1,42,morph_anchor,1,client_1.pt,0.3333333333333333,0.35753780603408813,0.31439733505249023
full,small,organsmnist_224,convnext,3,0.1,42,morph_anchor,2,client_2.pt,0.3333333333333333,0.21750622987747192,0.18054212629795074
full,small,organsmnist_224,convnext,5,0.0,42,morphology,0,client_0.pt,0.2,0.16345873475074768,0.18435713648796082
full,small,organsmnist_224,convnext,5,0.0,42,morphology,1,client_1.pt,0.2,0.1768587976694107,0.16466538608074188
full,small,organsmnist_224,convnext,5,0.0,42,morphology,2,client_2.pt,0.2,0.1811041533946991,0.20004487037658691
full,small,organsmnist_224,convnext,5,0.0,42,morphology,3,client_3.pt,0.2,0.2861796021461487,0.27151548862457275
full,small,organsmnist_224,convnext,5,0.0,42,morphology,4,client_4.pt,0.2,0.19239872694015503,0.17941716313362122
full,small,organsmnist_224,convnext,5,0.01,42,specialist_client,0,client_0.pt,0.2,0.20560547709465027,0.158844992518425
full,small,organsmnist_224,convnext,5,0.01,42,specialist_client,1,client_1.pt,0.2,0.27139943838119507,0.3906264901161194
full,small,organsmnist_224,convnext,5,0.01,42,specialist_client,2,client_2.pt,0.2,0.1655610352754593,0.14409777522087097
full,small,organsmnist_224,convnext,5,0.01,42,specialist_client,3,client_3.pt,0.2,0.15844012796878815,0.13629794120788574
full,small,organsmnist_224,convnext,5,0.01,42,specialist_client,4,client_4.pt,0.2,0.19899395108222961,0.1701328456401825
full,small,organsmnist_224,convnext,5,0.1,42,morphology,0,client_0.pt,0.2,0.3148518204689026,0.4018411934375763
full,small,organsmnist_224,convnext,5,0.1,42,morphology,1,client_1.pt,0.2,0.20198248326778412,0.16265061497688293
full,small,organsmnist_224,convnext,5,0.1,42,morphology,2,client_2.pt,0.2,0.16284383833408356,0.14765320718288422
full,small,organsmnist_224,convnext,5,0.1,42,morphology,3,client_3.pt,0.2,0.14969541132450104,0.13553355634212494
full,small,organsmnist_224,convnext,5,0.1,42,morphology,4,client_4.pt,0.2,0.17062649130821228,0.15232136845588684
full,small,organsmnist_224,convnext,7,0.0,42,specialist_client,0,client_0.pt,0.14285714285714285,0.25156134366989136,0.32158780097961426
full,small,organsmnist_224,convnext,7,0.0,42,specialist_client,1,client_1.pt,0.14285714285714285,0.17342358827590942,0.15619973838329315
full,small,organsmnist_224,convnext,7,0.0,42,specialist_client,2,client_2.pt,0.14285714285714285,0.11612021178007126,0.10315164178609848
full,small,organsmnist_224,convnext,7,0.0,42,specialist_client,3,client_3.pt,0.14285714285714285,0.1095971167087555,0.10493471473455429
full,small,organsmnist_224,convnext,7,0.0,42,specialist_client,4,client_4.pt,0.14285714285714285,0.144219771027565,0.11371901631355286
full,small,organsmnist_224,convnext,7,0.0,42,specialist_client,5,client_5.pt,0.14285714285714285,0.09829472750425339,0.10568973422050476
full,small,organsmnist_224,convnext,7,0.0,42,specialist_client,6,client_6.pt,0.14285714285714285,0.10678327083587646,0.0947173610329628
full,small,organsmnist_224,convnext,7,0.01,42,avg,0,client_0.pt,0.14285714285714285,0.22699877619743347,0.26001912355422974
full,small,organsmnist_224,convnext,7,0.01,42,avg,1,client_1.pt,0.14285714285714285,0.10995064675807953,0.09714224934577942
full,small,organsmnist_224,convnext,7,0.01,42,avg,2,client_2.pt,0.14285714285714285,0.10971826314926147,0.10653865337371826
full,small,organsmnist_224,convnext,7,0.01,42,avg,3,client_3.pt,0.14285714285714285,0.1742534339427948,0.1461930274963379
full,small,organsmnist_224,convnext,7,0.01,42,avg,4,client_4.pt,0.14285714285714285,0.10712716728448868,0.08768321573734283
full,small,organsmnist_224,convnext,7,0.01,42,avg,5,client_5.pt,0.14285714285714285,0.11649226397275925,0.09548957645893097
full,small,organsmnist_224,convnext,7,0.01,42,avg,6,client_6.pt,0.14285714285714285,0.1554594337940216,0.2069341391324997
full,small,organsmnist_224,convnext,7,0.1,42,specialist_client,0,client_0.pt,0.14285714285714285,0.12416032701730728,0.11926694959402084
full,small,organsmnist_224,convnext,7,0.1,42,specialist_client,1,client_1.pt,0.14285714285714285,0.1840922087430954,0.17919857800006866
full,small,organsmnist_224,convnext,7,0.1,42,specialist_client,2,client_2.pt,0.14285714285714285,0.20736533403396606,0.2262975424528122
full,small,organsmnist_224,convnext,7,0.1,42,specialist_client,3,client_3.pt,0.14285714285714285,0.12350766360759735,0.11886066943407059
full,small,organsmnist_224,convnext,7,0.1,42,specialist_client,4,client_4.pt,0.14285714285714285,0.13247378170490265,0.137116938829422
full,small,organsmnist_224,convnext,7,0.1,42,specialist_client,5,client_5.pt,0.14285714285714285,0.11473704129457474,0.1102772206068039
full,small,organsmnist_224,convnext,7,0.1,42,specialist_client,6,client_6.pt,0.14285714285714285,0.1136637032032013,0.10898205637931824
full,small,organsmnist_224,resnet,3,0.0,42,avg,0,client_0.pt,0.3333333333333333,0.4878370761871338,0.5362188220024109
full,small,organsmnist_224,resnet,3,0.0,42,avg,1,client_1.pt,0.3333333333333333,0.21132032573223114,0.21063704788684845
full,small,organsmnist_224,resnet,3,0.0,42,avg,2,client_2.pt,0.3333333333333333,0.30084264278411865,0.25314414501190186
full,small,organsmnist_224,resnet,3,0.01,42,avg,0,client_0.pt,0.3333333333333333,0.25174155831336975,0.2539646625518799
full,small,organsmnist_224,resnet,3,0.01,42,avg,1,client_1.pt,0.3333333333333333,0.4717825949192047,0.5026817917823792
full,small,organsmnist_224,resnet,3,0.01,42,avg,2,client_2.pt,0.3333333333333333,0.2764758765697479,0.243353471159935
full,small,organsmnist_224,resnet,3,0.1,42,specialist_client,0,client_0.pt,0.3333333333333333,0.28295427560806274,0.29957878589630127
full,small,organsmnist_224,resnet,3,0.1,42,specialist_client,1,client_1.pt,0.3333333333333333,0.44154679775238037,0.41521626710891724
full,small,organsmnist_224,resnet,3,0.1,42,specialist_client,2,client_2.pt,0.3333333333333333,0.2754989266395569,0.2852049469947815
full,small,organsmnist_224,resnet,5,0.0,42,morphology,0,client_0.pt,0.2,0.24756936728954315,0.29668551683425903
full,small,organsmnist_224,resnet,5,0.0,42,morphology,1,client_1.pt,0.2,0.19542400538921356,0.24315586686134338
full,small,organsmnist_224,resnet,5,0.0,42,morphology,2,client_2.pt,0.2,0.14990447461605072,0.13215778768062592
full,small,organsmnist_224,resnet,5,0.0,42,morphology,3,client_3.pt,0.2,0.21342569589614868,0.18452857434749603
full,small,organsmnist_224,resnet,5,0.0,42,morphology,4,client_4.pt,0.2,0.1936764121055603,0.1434723287820816
full,small,organsmnist_224,resnet,5,0.01,42,morph_anchor,0,client_0.pt,0.2,0.19417016208171844,0.14766328036785126
full,small,organsmnist_224,resnet,5,0.01,42,morph_anchor,1,client_1.pt,0.2,0.19634103775024414,0.2642239034175873
full,small,organsmnist_224,resnet,5,0.01,42,morph_anchor,2,client_2.pt,0.2,0.11357037723064423,0.09199127554893494
full,small,organsmnist_224,resnet,5,0.01,42,morph_anchor,3,client_3.pt,0.2,0.3121984899044037,0.3110865354537964
full,small,organsmnist_224,resnet,5,0.01,42,morph_anchor,4,client_4.pt,0.2,0.18371999263763428,0.18503506481647491
full,small,organsmnist_224,resnet,5,0.1,42,specialist_client,0,client_0.pt,0.2,0.149196594953537,0.1337401419878006
full,small,organsmnist_224,resnet,5,0.1,42,specialist_client,1,client_1.pt,0.2,0.11628459393978119,0.09495511651039124
full,small,organsmnist_224,resnet,5,0.1,42,specialist_client,2,client_2.pt,0.2,0.15365859866142273,0.16212904453277588
full,small,organsmnist_224,resnet,5,0.1,42,specialist_client,3,client_3.pt,0.2,0.33379825949668884,0.3745940029621124
full,small,organsmnist_224,resnet,5,0.1,42,specialist_client,4,client_4.pt,0.2,0.24706192314624786,0.23458163440227509
full,small,organsmnist_224,resnet,7,0.0,42,consensus,0,client_0.pt,0.14285714285714285,0.210443377494812,0.23509670794010162
full,small,organsmnist_224,resnet,7,0.0,42,consensus,1,client_1.pt,0.14285714285714285,0.2057865709066391,0.2245505154132843
full,small,organsmnist_224,resnet,7,0.0,42,consensus,2,client_2.pt,0.14285714285714285,0.11217600107192993,0.08871809393167496
full,small,organsmnist_224,resnet,7,0.0,42,consensus,3,client_3.pt,0.14285714285714285,0.17546969652175903,0.21708138287067413
full,small,organsmnist_224,resnet,7,0.0,42,consensus,4,client_4.pt,0.14285714285714285,0.12230024486780167,0.08537936210632324
full,small,organsmnist_224,resnet,7,0.0,42,consensus,5,client_5.pt,0.14285714285714285,0.08264213800430298,0.07790715247392654
full,small,organsmnist_224,resnet,7,0.0,42,consensus,6,client_6.pt,0.14285714285714285,0.0911819338798523,0.0712667852640152
full,small,organsmnist_224,resnet,7,0.01,42,consensus,0,client_0.pt,0.14285714285714285,0.15634234249591827,0.1620897799730301
full,small,organsmnist_224,resnet,7,0.01,42,consensus,1,client_1.pt,0.14285714285714285,0.0762421116232872,0.06094317510724068
full,small,organsmnist_224,resnet,7,0.01,42,consensus,2,client_2.pt,0.14285714285714285,0.09973745048046112,0.08529665321111679
full,small,organsmnist_224,resnet,7,0.01,42,consensus,3,client_3.pt,0.14285714285714285,0.22734136879444122,0.19944310188293457
full,small,organsmnist_224,resnet,7,0.01,42,consensus,4,client_4.pt,0.14285714285714285,0.12655240297317505,0.14335595071315765
full,small,organsmnist_224,resnet,7,0.01,42,consensus,5,client_5.pt,0.14285714285714285,0.20124495029449463,0.21559220552444458
full,small,organsmnist_224,resnet,7,0.01,42,consensus,6,client_6.pt,0.14285714285714285,0.11253934353590012,0.13327915966510773
full,small,organsmnist_224,resnet,7,0.1,42,specialist_client,0,client_0.pt,0.14285714285714285,0.1778305172920227,0.16427510976791382
full,small,organsmnist_224,resnet,7,0.1,42,specialist_client,1,client_1.pt,0.14285714285714285,0.12978997826576233,0.13228310644626617
full,small,organsmnist_224,resnet,7,0.1,42,specialist_client,2,client_2.pt,0.14285714285714285,0.13089540600776672,0.12738090753555298
full,small,organsmnist_224,resnet,7,0.1,42,specialist_client,3,client_3.pt,0.14285714285714285,0.17050516605377197,0.16144360601902008
full,small,organsmnist_224,resnet,7,0.1,42,specialist_client,4,client_4.pt,0.14285714285714285,0.14069759845733643,0.16248531639575958
full,small,organsmnist_224,resnet,7,0.1,42,specialist_client,5,client_5.pt,0.14285714285714285,0.1474655270576477,0.15932907164096832
full,small,organsmnist_224,resnet,7,0.1,42,specialist_client,6,client_6.pt,0.14285714285714285,0.10281588137149811,0.09280285239219666
full,small,organsmnist_224,swin_tiny,3,0.0,42,specialist_client,0,client_0.pt,0.3333333333333333,0.26858237385749817,0.26084503531455994
full,small,organsmnist_224,swin_tiny,3,0.0,42,specialist_client,1,client_1.pt,0.3333333333333333,0.3303576707839966,0.3421626389026642
full,small,organsmnist_224,swin_tiny,3,0.0,42,specialist_client,2,client_2.pt,0.3333333333333333,0.40105995535850525,0.3969922959804535
full,small,organsmnist_224,swin_tiny,3,0.01,42,prototype_head,0,client_0.pt,0.3333333333333333,0.3364820182323456,0.35306084156036377
full,small,organsmnist_224,swin_tiny,3,0.01,42,prototype_head,1,client_1.pt,0.3333333333333333,0.3174341917037964,0.30926284193992615
full,small,organsmnist_224,swin_tiny,3,0.01,42,prototype_head,2,client_2.pt,0.3333333333333333,0.34608379006385803,0.33767637610435486
full,small,organsmnist_224,swin_tiny,3,0.1,42,prototype_head,0,client_0.pt,0.3333333333333333,0.4071945548057556,0.4800375699996948
full,small,organsmnist_224,swin_tiny,3,0.1,42,prototype_head,1,client_1.pt,0.3333333333333333,0.3037109375,0.2657938003540039
full,small,organsmnist_224,swin_tiny,3,0.1,42,prototype_head,2,client_2.pt,0.3333333333333333,0.2890944480895996,0.25416868925094604
full,small,organsmnist_224,swin_tiny,5,0.0,42,prototype_head,0,client_0.pt,0.2,0.21639126539230347,0.2599266767501831
full,small,organsmnist_224,swin_tiny,5,0.0,42,prototype_head,1,client_1.pt,0.2,0.2344748079776764,0.2767288088798523
full,small,organsmnist_224,swin_tiny,5,0.0,42,prototype_head,2,client_2.pt,0.2,0.15097680687904358,0.1419375091791153
full,small,organsmnist_224,swin_tiny,5,0.0,42,prototype_head,3,client_3.pt,0.2,0.23780524730682373,0.19414177536964417
full,small,organsmnist_224,swin_tiny,5,0.0,42,prototype_head,4,client_4.pt,0.2,0.16035187244415283,0.1272653043270111
full,small,organsmnist_224,swin_tiny,5,0.01,42,morph_anchor,0,client_0.pt,0.2,0.2918664813041687,0.36554619669914246
full,small,organsmnist_224,swin_tiny,5,0.01,42,morph_anchor,1,client_1.pt,0.2,0.23856274783611298,0.24234429001808167
full,small,organsmnist_224,swin_tiny,5,0.01,42,morph_anchor,2,client_2.pt,0.2,0.15883079171180725,0.13239547610282898
full,small,organsmnist_224,swin_tiny,5,0.01,42,morph_anchor,3,client_3.pt,0.2,0.14861160516738892,0.12426332384347916
full,small,organsmnist_224,swin_tiny,5,0.01,42,morph_anchor,4,client_4.pt,0.2,0.16212838888168335,0.13545076549053192
full,small,organsmnist_224,swin_tiny,5,0.1,42,reference_delta,0,client_0.pt,0.2,0.28885534405708313,0.3583798110485077
full,small,organsmnist_224,swin_tiny,5,0.1,42,reference_delta,1,client_1.pt,0.2,0.1398307979106903,0.12611566483974457
full,small,organsmnist_224,swin_tiny,5,0.1,42,reference_delta,2,client_2.pt,0.2,0.19831271469593048,0.1750616878271103
full,small,organsmnist_224,swin_tiny,5,0.1,42,reference_delta,3,client_3.pt,0.2,0.14645935595035553,0.13136325776576996
full,small,organsmnist_224,swin_tiny,5,0.1,42,reference_delta,4,client_4.pt,0.2,0.22654186189174652,0.20907963812351227
full,small,organsmnist_224,swin_tiny,7,0.0,42,prototype_head,0,client_0.pt,0.14285714285714285,0.1720188856124878,0.22550925612449646
full,small,organsmnist_224,swin_tiny,7,0.0,42,prototype_head,1,client_1.pt,0.14285714285714285,0.19193430244922638,0.17841307818889618
full,small,organsmnist_224,swin_tiny,7,0.0,42,prototype_head,2,client_2.pt,0.14285714285714285,0.12845446169376373,0.1177511215209961
full,small,organsmnist_224,swin_tiny,7,0.0,42,prototype_head,3,client_3.pt,0.14285714285714285,0.12122736126184464,0.11977501958608627
full,small,organsmnist_224,swin_tiny,7,0.0,42,prototype_head,4,client_4.pt,0.14285714285714285,0.15952424705028534,0.12980172038078308
full,small,organsmnist_224,swin_tiny,7,0.0,42,prototype_head,5,client_5.pt,0.14285714285714285,0.10872571170330048,0.1206369623541832
full,small,organsmnist_224,swin_tiny,7,0.0,42,prototype_head,6,client_6.pt,0.14285714285714285,0.11811506748199463,0.10811281949281693
full,small,organsmnist_224,swin_tiny,7,0.01,42,prototype_head,0,client_0.pt,0.14285714285714285,0.21288850903511047,0.25271493196487427
full,small,organsmnist_224,swin_tiny,7,0.01,42,prototype_head,1,client_1.pt,0.14285714285714285,0.10312347114086151,0.09441760927438736
full,small,organsmnist_224,swin_tiny,7,0.01,42,prototype_head,2,client_2.pt,0.14285714285714285,0.13985608518123627,0.11619003117084503
full,small,organsmnist_224,swin_tiny,7,0.01,42,prototype_head,3,client_3.pt,0.14285714285714285,0.18106716871261597,0.14300008118152618
full,small,organsmnist_224,swin_tiny,7,0.01,42,prototype_head,4,client_4.pt,0.14285714285714285,0.10799689590930939,0.09973352402448654
full,small,organsmnist_224,swin_tiny,7,0.01,42,prototype_head,5,client_5.pt,0.14285714285714285,0.10926032811403275,0.09281245619058609
full,small,organsmnist_224,swin_tiny,7,0.01,42,prototype_head,6,client_6.pt,0.14285714285714285,0.14580751955509186,0.20113137364387512
full,small,organsmnist_224,swin_tiny,7,0.1,42,consensus,0,client_0.pt,0.14285714285714285,0.10825081169605255,0.09325888752937317
full,small,organsmnist_224,swin_tiny,7,0.1,42,consensus,1,client_1.pt,0.14285714285714285,0.1606520563364029,0.14029908180236816
full,small,organsmnist_224,swin_tiny,7,0.1,42,consensus,2,client_2.pt,0.14285714285714285,0.10760015994310379,0.0926346704363823
full,small,organsmnist_224,swin_tiny,7,0.1,42,consensus,3,client_3.pt,0.14285714285714285,0.10798819363117218,0.09312505275011063
full,small,organsmnist_224,swin_tiny,7,0.1,42,consensus,4,client_4.pt,0.14285714285714285,0.22578808665275574,0.2709064781665802
full,small,organsmnist_224,swin_tiny,7,0.1,42,consensus,5,client_5.pt,0.14285714285714285,0.09949182718992233,0.08561671525239944
full,small,organsmnist_224,swin_tiny,7,0.1,42,consensus,6,client_6.pt,0.14285714285714285,0.1902289092540741,0.2241591066122055
full,small,organsmnist_224,vit_t,3,0.0,42,prototype_head,0,client_0.pt,0.3333333333333333,0.3668020963668823,0.41231322288513184
full,small,organsmnist_224,vit_t,3,0.0,42,prototype_head,1,client_1.pt,0.3333333333333333,0.3016311526298523,0.30802419781684875
full,small,organsmnist_224,vit_t,3,0.0,42,prototype_head,2,client_2.pt,0.3333333333333333,0.33156681060791016,0.2796626389026642
full,small,organsmnist_224,vit_t,3,0.01,42,prototype_head,0,client_0.pt,0.3333333333333333,0.4251784086227417,0.4980328679084778
full,small,organsmnist_224,vit_t,3,0.01,42,prototype_head,1,client_1.pt,0.3333333333333333,0.28252583742141724,0.24788111448287964
full,small,organsmnist_224,vit_t,3,0.01,42,prototype_head,2,client_2.pt,0.3333333333333333,0.29229575395584106,0.2540859878063202
full,small,organsmnist_224,vit_t,3,0.1,42,prototype_head,0,client_0.pt,0.3333333333333333,0.19973373413085938,0.172254741191864
full,small,organsmnist_224,vit_t,3,0.1,42,prototype_head,1,client_1.pt,0.3333333333333333,0.3762289881706238,0.3302336633205414
full,small,organsmnist_224,vit_t,3,0.1,42,prototype_head,2,client_2.pt,0.3333333333333333,0.42403727769851685,0.49751153588294983
full,small,organsmnist_224,vit_t,5,0.0,42,prototype_head,0,client_0.pt,0.2,0.28770941495895386,0.3657625615596771
full,small,organsmnist_224,vit_t,5,0.0,42,prototype_head,1,client_1.pt,0.2,0.14245982468128204,0.12170930951833725
full,small,organsmnist_224,vit_t,5,0.0,42,prototype_head,2,client_2.pt,0.2,0.1895926296710968,0.18305093050003052
full,small,organsmnist_224,vit_t,5,0.0,42,prototype_head,3,client_3.pt,0.2,0.22532868385314941,0.1969357132911682
full,small,organsmnist_224,vit_t,5,0.0,42,prototype_head,4,client_4.pt,0.2,0.15490946173667908,0.13254143297672272
full,small,organsmnist_224,vit_t,5,0.01,42,reference_delta,0,client_0.pt,0.2,0.18433888256549835,0.12875480949878693
full,small,organsmnist_224,vit_t,5,0.01,42,reference_delta,1,client_1.pt,0.2,0.30816754698753357,0.42966026067733765
full,small,organsmnist_224,vit_t,5,0.01,42,reference_delta,2,client_2.pt,0.2,0.14850668609142303,0.11685799807310104
full,small,organsmnist_224,vit_t,5,0.01,42,reference_delta,3,client_3.pt,0.2,0.18462541699409485,0.18337875604629517
full,small,organsmnist_224,vit_t,5,0.01,42,reference_delta,4,client_4.pt,0.2,0.174361452460289,0.14134816825389862
full,small,organsmnist_224,vit_t,5,0.1,42,prototype_head,0,client_0.pt,0.2,0.23940172791481018,0.28126922249794006
full,small,organsmnist_224,vit_t,5,0.1,42,prototype_head,1,client_1.pt,0.2,0.19126075506210327,0.17009922862052917
full,small,organsmnist_224,vit_t,5,0.1,42,prototype_head,2,client_2.pt,0.2,0.19993369281291962,0.2002016007900238
full,small,organsmnist_224,vit_t,5,0.1,42,prototype_head,3,client_3.pt,0.2,0.18425065279006958,0.17991623282432556
full,small,organsmnist_224,vit_t,5,0.1,42,prototype_head,4,client_4.pt,0.2,0.18515323102474213,0.1685137003660202
full,small,organsmnist_224,vit_t,7,0.0,42,prototype_head,0,client_0.pt,0.14285714285714285,0.22763685882091522,0.2668585479259491
full,small,organsmnist_224,vit_t,7,0.0,42,prototype_head,1,client_1.pt,0.14285714285714285,0.1737237274646759,0.1471165269613266
full,small,organsmnist_224,vit_t,7,0.0,42,prototype_head,2,client_2.pt,0.14285714285714285,0.10257799923419952,0.08434968441724777
full,small,organsmnist_224,vit_t,7,0.0,42,prototype_head,3,client_3.pt,0.14285714285714285,0.1875152587890625,0.24482077360153198
full,small,organsmnist_224,vit_t,7,0.0,42,prototype_head,4,client_4.pt,0.14285714285714285,0.12739352881908417,0.09298533946275711
full,small,organsmnist_224,vit_t,7,0.0,42,prototype_head,5,client_5.pt,0.14285714285714285,0.08682691305875778,0.0864202156662941
full,small,organsmnist_224,vit_t,7,0.0,42,prototype_head,6,client_6.pt,0.14285714285714285,0.0943257138133049,0.07744889706373215
full,small,organsmnist_224,vit_t,7,0.01,42,prototype_head,0,client_0.pt,0.14285714285714285,0.14430522918701172,0.1266150027513504
full,small,organsmnist_224,vit_t,7,0.01,42,prototype_head,1,client_1.pt,0.14285714285714285,0.1208830252289772,0.11434929072856903
full,small,organsmnist_224,vit_t,7,0.01,42,prototype_head,2,client_2.pt,0.14285714285714285,0.12098995596170425,0.12573282420635223
full,small,organsmnist_224,vit_t,7,0.01,42,prototype_head,3,client_3.pt,0.14285714285714285,0.19704435765743256,0.17408926784992218
full,small,organsmnist_224,vit_t,7,0.01,42,prototype_head,4,client_4.pt,0.14285714285714285,0.11778407543897629,0.1032193973660469
full,small,organsmnist_224,vit_t,7,0.01,42,prototype_head,5,client_5.pt,0.14285714285714285,0.12807375192642212,0.11240269243717194
full,small,organsmnist_224,vit_t,7,0.01,42,prototype_head,6,client_6.pt,0.14285714285714285,0.17091967165470123,0.24359150230884552
full,small,organsmnist_224,vit_t,7,0.1,42,morph_anchor,0,client_0.pt,0.14285714285714285,0.1727820187807083,0.17076122760772705
full,small,organsmnist_224,vit_t,7,0.1,42,morph_anchor,1,client_1.pt,0.14285714285714285,0.18358413875102997,0.17644499242305756
full,small,organsmnist_224,vit_t,7,0.1,42,morph_anchor,2,client_2.pt,0.14285714285714285,0.12444328516721725,0.11757615953683853
full,small,organsmnist_224,vit_t,7,0.1,42,morph_anchor,3,client_3.pt,0.14285714285714285,0.12337226420640945,0.1166364997625351
full,small,organsmnist_224,vit_t,7,0.1,42,morph_anchor,4,client_4.pt,0.14285714285714285,0.155694842338562,0.1856721043586731
full,small,organsmnist_224,vit_t,7,0.1,42,morph_anchor,5,client_5.pt,0.14285714285714285,0.11351724714040756,0.10709232836961746
full,small,organsmnist_224,vit_t,7,0.1,42,morph_anchor,6,client_6.pt,0.14285714285714285,0.12660612165927887,0.1258166879415512
full,vlm,bloodmnist_224,clip-vit-base-patch32,3,0.0,42,specialist_client,0,client_0.pt,0.3333333333333333,0.3209371864795685,0.3406258225440979
full,vlm,bloodmnist_224,clip-vit-base-patch32,3,0.0,42,specialist_client,1,client_1.pt,0.3333333333333333,0.4084746539592743,0.4009634256362915
full,vlm,bloodmnist_224,clip-vit-base-patch32,3,0.0,42,specialist_client,2,client_2.pt,0.3333333333333333,0.2705881595611572,0.25841066241264343
full,vlm,bloodmnist_224,clip-vit-base-patch32,3,0.01,42,specialist_client,0,client_0.pt,0.3333333333333333,0.3290603756904602,0.2652409076690674
full,vlm,bloodmnist_224,clip-vit-base-patch32,3,0.01,42,specialist_client,1,client_1.pt,0.3333333333333333,0.32659006118774414,0.33574965596199036
full,vlm,bloodmnist_224,clip-vit-base-patch32,3,0.01,42,specialist_client,2,client_2.pt,0.3333333333333333,0.34434956312179565,0.39900946617126465
full,vlm,bloodmnist_224,clip-vit-base-patch32,3,0.1,42,specialist_client,0,client_0.pt,0.3333333333333333,0.3876403272151947,0.3771970272064209
full,vlm,bloodmnist_224,clip-vit-base-patch32,3,0.1,42,specialist_client,1,client_1.pt,0.3333333333333333,0.41862016916275024,0.4305797219276428
full,vlm,bloodmnist_224,clip-vit-base-patch32,3,0.1,42,specialist_client,2,client_2.pt,0.3333333333333333,0.19373951852321625,0.19222331047058105
full,vlm,bloodmnist_224,clip-vit-base-patch32,5,0.0,42,specialist_client,0,client_0.pt,0.2,0.23616787791252136,0.26708802580833435
full,vlm,bloodmnist_224,clip-vit-base-patch32,5,0.0,42,specialist_client,1,client_1.pt,0.2,0.19900661706924438,0.20922186970710754
full,vlm,bloodmnist_224,clip-vit-base-patch32,5,0.0,42,specialist_client,2,client_2.pt,0.2,0.19201183319091797,0.20891034603118896
full,vlm,bloodmnist_224,clip-vit-base-patch32,5,0.0,42,specialist_client,3,client_3.pt,0.2,0.15909864008426666,0.13231581449508667
full,vlm,bloodmnist_224,clip-vit-base-patch32,5,0.0,42,specialist_client,4,client_4.pt,0.2,0.213715061545372,0.18246400356292725
full,vlm,bloodmnist_224,clip-vit-base-patch32,5,0.01,42,specialist_client,0,client_0.pt,0.2,0.1543567031621933,0.1599971204996109
full,vlm,bloodmnist_224,clip-vit-base-patch32,5,0.01,42,specialist_client,1,client_1.pt,0.2,0.24747450649738312,0.25235143303871155
full,vlm,bloodmnist_224,clip-vit-base-patch32,5,0.01,42,specialist_client,2,client_2.pt,0.2,0.1296587735414505,0.15305308997631073
full,vlm,bloodmnist_224,clip-vit-base-patch32,5,0.01,42,specialist_client,3,client_3.pt,0.2,0.187866672873497,0.16217699646949768
full,vlm,bloodmnist_224,clip-vit-base-patch32,5,0.01,42,specialist_client,4,client_4.pt,0.2,0.2806433439254761,0.27242136001586914
full,vlm,bloodmnist_224,clip-vit-base-patch32,5,0.1,42,reference_delta,0,client_0.pt,0.2,0.24528826773166656,0.2540876567363739
full,vlm,bloodmnist_224,clip-vit-base-patch32,5,0.1,42,reference_delta,1,client_1.pt,0.2,0.31104400753974915,0.3183824419975281
full,vlm,bloodmnist_224,clip-vit-base-patch32,5,0.1,42,reference_delta,2,client_2.pt,0.2,0.12779785692691803,0.14076615869998932
full,vlm,bloodmnist_224,clip-vit-base-patch32,5,0.1,42,reference_delta,3,client_3.pt,0.2,0.12836377322673798,0.10355010628700256
full,vlm,bloodmnist_224,clip-vit-base-patch32,5,0.1,42,reference_delta,4,client_4.pt,0.2,0.18750613927841187,0.18321366608142853
full,vlm,bloodmnist_224,clip-vit-base-patch32,7,0.0,42,reference_delta,0,client_0.pt,0.14285714285714285,0.17373645305633545,0.22426153719425201
full,vlm,bloodmnist_224,clip-vit-base-patch32,7,0.0,42,reference_delta,1,client_1.pt,0.14285714285714285,0.10945302248001099,0.0936451181769371
full,vlm,bloodmnist_224,clip-vit-base-patch32,7,0.0,42,reference_delta,2,client_2.pt,0.14285714285714285,0.10084450244903564,0.08237531781196594
full,vlm,bloodmnist_224,clip-vit-base-patch32,7,0.0,42,reference_delta,3,client_3.pt,0.14285714285714285,0.13952277600765228,0.11934130638837814
full,vlm,bloodmnist_224,clip-vit-base-patch32,7,0.0,42,reference_delta,4,client_4.pt,0.14285714285714285,0.18741893768310547,0.16457195580005646
full,vlm,bloodmnist_224,clip-vit-base-patch32,7,0.0,42,reference_delta,5,client_5.pt,0.14285714285714285,0.16220852732658386,0.17156577110290527
full,vlm,bloodmnist_224,clip-vit-base-patch32,7,0.0,42,reference_delta,6,client_6.pt,0.14285714285714285,0.12681590020656586,0.14423897862434387
full,vlm,bloodmnist_224,clip-vit-base-patch32,7,0.01,42,specialist_client,0,client_0.pt,0.14285714285714285,0.08691567927598953,0.09449562430381775
full,vlm,bloodmnist_224,clip-vit-base-patch32,7,0.01,42,specialist_client,1,client_1.pt,0.14285714285714285,0.14010260999202728,0.1420234739780426
full,vlm,bloodmnist_224,clip-vit-base-patch32,7,0.01,42,specialist_client,2,client_2.pt,0.14285714285714285,0.14010260999202728,0.1420234739780426
full,vlm,bloodmnist_224,clip-vit-base-patch32,7,0.01,42,specialist_client,3,client_3.pt,0.14285714285714285,0.12845250964164734,0.1078171357512474
full,vlm,bloodmnist_224,clip-vit-base-patch32,7,0.01,42,specialist_client,4,client_4.pt,0.14285714285714285,0.10529229789972305,0.10506385564804077
full,vlm,bloodmnist_224,clip-vit-base-patch32,7,0.01,42,specialist_client,5,client_5.pt,0.14285714285714285,0.19798651337623596,0.18881335854530334
full,vlm,bloodmnist_224,clip-vit-base-patch32,7,0.01,42,specialist_client,6,client_6.pt,0.14285714285714285,0.20114775002002716,0.21976296603679657
full,vlm,bloodmnist_224,clip-vit-base-patch32,7,0.1,42,specialist_client,0,client_0.pt,0.14285714285714285,0.09805132448673248,0.08310762047767639
full,vlm,bloodmnist_224,clip-vit-base-patch32,7,0.1,42,specialist_client,1,client_1.pt,0.14285714285714285,0.1296255737543106,0.12858682870864868
full,vlm,bloodmnist_224,clip-vit-base-patch32,7,0.1,42,specialist_client,2,client_2.pt,0.14285714285714285,0.0921059101819992,0.07628528028726578
full,vlm,bloodmnist_224,clip-vit-base-patch32,7,0.1,42,specialist_client,3,client_3.pt,0.14285714285714285,0.10691216588020325,0.10940088331699371
full,vlm,bloodmnist_224,clip-vit-base-patch32,7,0.1,42,specialist_client,4,client_4.pt,0.14285714285714285,0.09818200021982193,0.0828888937830925
full,vlm,bloodmnist_224,clip-vit-base-patch32,7,0.1,42,specialist_client,5,client_5.pt,0.14285714285714285,0.2279510796070099,0.249266117811203
full,vlm,bloodmnist_224,clip-vit-base-patch32,7,0.1,42,specialist_client,6,client_6.pt,0.14285714285714285,0.24717190861701965,0.27046433091163635
full,vlm,chaoshengmnist_224,clip-vit-base-patch32,3,0.0,42,specialist_client,0,client_0.pt,0.3333333333333333,0.13041356205940247,0.10337328910827637
full,vlm,chaoshengmnist_224,clip-vit-base-patch32,3,0.0,42,specialist_client,1,client_1.pt,0.3333333333333333,0.7132624983787537,0.7562639117240906
full,vlm,chaoshengmnist_224,clip-vit-base-patch32,3,0.0,42,specialist_client,2,client_2.pt,0.3333333333333333,0.15632390975952148,0.1403627246618271
full,vlm,chaoshengmnist_224,clip-vit-base-patch32,3,0.01,42,specialist_client,0,client_0.pt,0.3333333333333333,0.08388666063547134,0.060473278164863586
full,vlm,chaoshengmnist_224,clip-vit-base-patch32,3,0.01,42,specialist_client,1,client_1.pt,0.3333333333333333,0.8169366717338562,0.8573386669158936
full,vlm,chaoshengmnist_224,clip-vit-base-patch32,3,0.01,42,specialist_client,2,client_2.pt,0.3333333333333333,0.09917667508125305,0.08218800276517868
full,vlm,chaoshengmnist_224,clip-vit-base-patch32,3,0.1,42,consensus,0,client_0.pt,0.3333333333333333,0.2516798973083496,0.23116621375083923
full,vlm,chaoshengmnist_224,clip-vit-base-patch32,3,0.1,42,consensus,1,client_1.pt,0.3333333333333333,0.4965587258338928,0.5375938415527344
full,vlm,chaoshengmnist_224,clip-vit-base-patch32,3,0.1,42,consensus,2,client_2.pt,0.3333333333333333,0.25176137685775757,0.23123988509178162
full,vlm,chaoshengmnist_224,clip-vit-base-patch32,5,0.0,42,specialist_client,0,client_0.pt,0.2,0.07519005239009857,0.056809261441230774
full,vlm,chaoshengmnist_224,clip-vit-base-patch32,5,0.0,42,specialist_client,1,client_1.pt,0.2,0.07558870315551758,0.05710592120885849
full,vlm,chaoshengmnist_224,clip-vit-base-patch32,5,0.0,42,specialist_client,2,client_2.pt,0.2,0.7021230459213257,0.7749085426330566
full,vlm,chaoshengmnist_224,clip-vit-base-patch32,5,0.0,42,specialist_client,3,client_3.pt,0.2,0.07354909926652908,0.05558811500668526
full,vlm,chaoshengmnist_224,clip-vit-base-patch32,5,0.0,42,specialist_client,4,client_4.pt,0.2,0.07354909926652908,0.05558811128139496
full,vlm,chaoshengmnist_224,clip-vit-base-patch32,5,0.01,42,specialist_client,0,client_0.pt,0.2,0.11870773136615753,0.09658191353082657
full,vlm,chaoshengmnist_224,clip-vit-base-patch32,5,0.01,42,specialist_client,1,client_1.pt,0.2,0.31950604915618896,0.33861562609672546
full,vlm,chaoshengmnist_224,clip-vit-base-patch32,5,0.01,42,specialist_client,2,client_2.pt,0.2,0.10284755378961563,0.08384998142719269
full,vlm,chaoshengmnist_224,clip-vit-base-patch32,5,0.01,42,specialist_client,3,client_3.pt,0.2,0.31950604915618896,0.33861562609672546
full,vlm,chaoshengmnist_224,clip-vit-base-patch32,5,0.01,42,specialist_client,4,client_4.pt,0.2,0.1394326090812683,0.1423368901014328
full,vlm,chaoshengmnist_224,clip-vit-base-patch32,5,0.1,42,specialist_client,0,client_0.pt,0.2,0.08658687770366669,0.06589062511920929
full,vlm,chaoshengmnist_224,clip-vit-base-patch32,5,0.1,42,specialist_client,1,client_1.pt,0.2,0.07270300388336182,0.05546008050441742
full,vlm,chaoshengmnist_224,clip-vit-base-patch32,5,0.1,42,specialist_client,2,client_2.pt,0.2,0.07163266837596893,0.05465597286820412
full,vlm,chaoshengmnist_224,clip-vit-base-patch32,5,0.1,42,specialist_client,3,client_3.pt,0.2,0.697270393371582,0.7692062854766846
full,vlm,chaoshengmnist_224,clip-vit-base-patch32,5,0.1,42,specialist_client,4,client_4.pt,0.2,0.07180710881948471,0.05478702485561371
full,vlm,chaoshengmnist_224,clip-vit-base-patch32,7,0.0,42,avg,0,client_0.pt,0.14285714285714285,0.48443958163261414,0.5408892631530762
full,vlm,chaoshengmnist_224,clip-vit-base-patch32,7,0.0,42,avg,1,client_1.pt,0.14285714285714285,0.17875392735004425,0.1793864369392395
full,vlm,chaoshengmnist_224,clip-vit-base-patch32,7,0.0,42,avg,2,client_2.pt,0.14285714285714285,0.0698796734213829,0.05380051210522652
full,vlm,chaoshengmnist_224,clip-vit-base-patch32,7,0.0,42,avg,3,client_3.pt,0.14285714285714285,0.05744800344109535,0.04435072839260101
full,vlm,chaoshengmnist_224,clip-vit-base-patch32,7,0.0,42,avg,4,client_4.pt,0.14285714285714285,0.05750036612153053,0.04439053311944008
full,vlm,chaoshengmnist_224,clip-vit-base-patch32,7,0.0,42,avg,5,client_5.pt,0.14285714285714285,0.09453047811985016,0.09283178299665451
full,vlm,chaoshengmnist_224,clip-vit-base-patch32,7,0.0,42,avg,6,client_6.pt,0.14285714285714285,0.05744800344109535,0.04435072839260101
full,vlm,chaoshengmnist_224,clip-vit-base-patch32,7,0.01,42,specialist_client,0,client_0.pt,0.14285714285714285,0.07654979825019836,0.0637197345495224
full,vlm,chaoshengmnist_224,clip-vit-base-patch32,7,0.01,42,specialist_client,1,client_1.pt,0.14285714285714285,0.07405490428209305,0.06167392432689667
full,vlm,chaoshengmnist_224,clip-vit-base-patch32,7,0.01,42,specialist_client,2,client_2.pt,0.14285714285714285,0.3331599533557892,0.3597223162651062
full,vlm,chaoshengmnist_224,clip-vit-base-patch32,7,0.01,42,specialist_client,3,client_3.pt,0.14285714285714285,0.12186624109745026,0.12910018861293793
full,vlm,chaoshengmnist_224,clip-vit-base-patch32,7,0.01,42,specialist_client,4,client_4.pt,0.14285714285714285,0.08988665044307709,0.07465597242116928
full,vlm,chaoshengmnist_224,clip-vit-base-patch32,7,0.01,42,specialist_client,5,client_5.pt,0.14285714285714285,0.07405495643615723,0.06167397275567055
full,vlm,chaoshengmnist_224,clip-vit-base-patch32,7,0.01,42,specialist_client,6,client_6.pt,0.14285714285714285,0.2304275631904602,0.24945394694805145
full,vlm,chaoshengmnist_224,clip-vit-base-patch32,7,0.1,42,consensus,0,client_0.pt,0.14285714285714285,0.0638376846909523,0.05013716220855713
full,vlm,chaoshengmnist_224,clip-vit-base-patch32,7,0.1,42,consensus,1,client_1.pt,0.14285714285714285,0.0800166204571724,0.06264836341142654
full,vlm,chaoshengmnist_224,clip-vit-base-patch32,7,0.1,42,consensus,2,client_2.pt,0.14285714285714285,0.1050250232219696,0.10492745786905289
full,vlm,chaoshengmnist_224,clip-vit-base-patch32,7,0.1,42,consensus,3,client_3.pt,0.14285714285714285,0.08610501885414124,0.06735653430223465
full,vlm,chaoshengmnist_224,clip-vit-base-patch32,7,0.1,42,consensus,4,client_4.pt,0.14285714285714285,0.0638376846909523,0.05013715848326683
full,vlm,chaoshengmnist_224,clip-vit-base-patch32,7,0.1,42,consensus,5,client_5.pt,0.14285714285714285,0.06449782103300095,0.05064764618873596
full,vlm,chaoshengmnist_224,clip-vit-base-patch32,7,0.1,42,consensus,6,client_6.pt,0.14285714285714285,0.5366801619529724,0.6141456961631775
full,vlm,dermamnist_224,clip-vit-base-patch32,3,0.0,42,specialist_client,0,client_0.pt,0.3333333333333333,0.13519081473350525,0.12922106683254242
full,vlm,dermamnist_224,clip-vit-base-patch32,3,0.0,42,specialist_client,1,client_1.pt,0.3333333333333333,0.15801486372947693,0.17498114705085754
full,vlm,dermamnist_224,clip-vit-base-patch32,3,0.0,42,specialist_client,2,client_2.pt,0.3333333333333333,0.7067943215370178,0.6957977414131165
full,vlm,dermamnist_224,clip-vit-base-patch32,3,0.01,42,specialist_client,0,client_0.pt,0.3333333333333333,0.15041671693325043,0.14428894221782684
full,vlm,dermamnist_224,clip-vit-base-patch32,3,0.01,42,specialist_client,1,client_1.pt,0.3333333333333333,0.6712838411331177,0.6473193764686584
full,vlm,dermamnist_224,clip-vit-base-patch32,3,0.01,42,specialist_client,2,client_2.pt,0.3333333333333333,0.1782994419336319,0.20839165151119232
full,vlm,dermamnist_224,clip-vit-base-patch32,3,0.1,42,morphology,0,client_0.pt,0.3333333333333333,0.45631736516952515,0.47071993350982666
full,vlm,dermamnist_224,clip-vit-base-patch32,3,0.1,42,morphology,1,client_1.pt,0.3333333333333333,0.4562513530254364,0.45178529620170593
full,vlm,dermamnist_224,clip-vit-base-patch32,3,0.1,42,morphology,2,client_2.pt,0.3333333333333333,0.08743125945329666,0.07749480754137039
full,vlm,dermamnist_224,clip-vit-base-patch32,5,0.0,42,specialist_client,0,client_0.pt,0.2,0.5265865325927734,0.5030324459075928
full,vlm,dermamnist_224,clip-vit-base-patch32,5,0.0,42,specialist_client,1,client_1.pt,0.2,0.11348612606525421,0.1221826896071434
full,vlm,dermamnist_224,clip-vit-base-patch32,5,0.0,42,specialist_client,2,client_2.pt,0.2,0.12943820655345917,0.14053058624267578
full,vlm,dermamnist_224,clip-vit-base-patch32,5,0.0,42,specialist_client,3,client_3.pt,0.2,0.10105093568563461,0.09372377395629883
full,vlm,dermamnist_224,clip-vit-base-patch32,5,0.0,42,specialist_client,4,client_4.pt,0.2,0.12943820655345917,0.14053058624267578
full,vlm,dermamnist_224,clip-vit-base-patch32,5,0.01,42,specialist_client,0,client_0.pt,0.2,0.12329740077257156,0.14016272127628326
full,vlm,dermamnist_224,clip-vit-base-patch32,5,0.01,42,specialist_client,1,client_1.pt,0.2,0.1218443214893341,0.12634393572807312
full,vlm,dermamnist_224,clip-vit-base-patch32,5,0.01,42,specialist_client,2,client_2.pt,0.2,0.0951000526547432,0.084248386323452
full,vlm,dermamnist_224,clip-vit-base-patch32,5,0.01,42,specialist_client,3,client_3.pt,0.2,0.1218443214893341,0.12634393572807312
full,vlm,dermamnist_224,clip-vit-base-patch32,5,0.01,42,specialist_client,4,client_4.pt,0.2,0.5379139184951782,0.5229010581970215
full,vlm,dermamnist_224,clip-vit-base-patch32,5,0.1,42,reference_delta,0,client_0.pt,0.2,0.07932398468255997,0.08543916791677475
full,vlm,dermamnist_224,clip-vit-base-patch32,5,0.1,42,reference_delta,1,client_1.pt,0.2,0.3125876188278198,0.30996739864349365
full,vlm,dermamnist_224,clip-vit-base-patch32,5,0.1,42,reference_delta,2,client_2.pt,0.2,0.07449384033679962,0.08119369298219681
full,vlm,dermamnist_224,clip-vit-base-patch32,5,0.1,42,reference_delta,3,client_3.pt,0.2,0.29726916551589966,0.29268741607666016
full,vlm,dermamnist_224,clip-vit-base-patch32,5,0.1,42,reference_delta,4,client_4.pt,0.2,0.23632536828517914,0.23071230947971344
full,vlm,dermamnist_224,clip-vit-base-patch32,7,0.0,42,specialist_client,0,client_0.pt,0.14285714285714285,0.10174614191055298,0.10825754702091217
full,vlm,dermamnist_224,clip-vit-base-patch32,7,0.0,42,specialist_client,1,client_1.pt,0.14285714285714285,0.09926789253950119,0.1071118637919426
full,vlm,dermamnist_224,clip-vit-base-patch32,7,0.0,42,specialist_client,2,client_2.pt,0.14285714285714285,0.10174614191055298,0.10825754702091217
full,vlm,dermamnist_224,clip-vit-base-patch32,7,0.0,42,specialist_client,3,client_3.pt,0.14285714285714285,0.0794919803738594,0.07224535197019577
full,vlm,dermamnist_224,clip-vit-base-patch32,7,0.0,42,specialist_client,4,client_4.pt,0.14285714285714285,0.10174614191055298,0.10825754702091217
full,vlm,dermamnist_224,clip-vit-base-patch32,7,0.0,42,specialist_client,5,client_5.pt,0.14285714285714285,0.4142555296421051,0.3876126706600189
full,vlm,dermamnist_224,clip-vit-base-patch32,7,0.0,42,specialist_client,6,client_6.pt,0.14285714285714285,0.10174614191055298,0.10825754702091217
full,vlm,dermamnist_224,clip-vit-base-patch32,7,0.01,42,specialist_client,0,client_0.pt,0.14285714285714285,0.07760749012231827,0.08464108407497406
full,vlm,dermamnist_224,clip-vit-base-patch32,7,0.01,42,specialist_client,1,client_1.pt,0.14285714285714285,0.07760749012231827,0.08464108407497406
full,vlm,dermamnist_224,clip-vit-base-patch32,7,0.01,42,specialist_client,2,client_2.pt,0.14285714285714285,0.0605904757976532,0.05645201355218887
full,vlm,dermamnist_224,clip-vit-base-patch32,7,0.01,42,specialist_client,3,client_3.pt,0.14285714285714285,0.07760749012231827,0.08464108407497406
full,vlm,dermamnist_224,clip-vit-base-patch32,7,0.01,42,specialist_client,4,client_4.pt,0.14285714285714285,0.3156765401363373,0.30297061800956726
full,vlm,dermamnist_224,clip-vit-base-patch32,7,0.01,42,specialist_client,5,client_5.pt,0.14285714285714285,0.31597331166267395,0.3030533194541931
full,vlm,dermamnist_224,clip-vit-base-patch32,7,0.01,42,specialist_client,6,client_6.pt,0.14285714285714285,0.07493722438812256,0.08360086381435394
full,vlm,dermamnist_224,clip-vit-base-patch32,7,0.1,42,specialist_client,0,client_0.pt,0.14285714285714285,0.06760632991790771,0.07891319692134857
full,vlm,dermamnist_224,clip-vit-base-patch32,7,0.1,42,specialist_client,1,client_1.pt,0.14285714285714285,0.25138184428215027,0.24066321551799774
full,vlm,dermamnist_224,clip-vit-base-patch32,7,0.1,42,specialist_client,2,client_2.pt,0.14285714285714285,0.04875219240784645,0.04525396600365639
full,vlm,dermamnist_224,clip-vit-base-patch32,7,0.1,42,specialist_client,3,client_3.pt,0.14285714285714285,0.25028449296951294,0.24151989817619324
full,vlm,dermamnist_224,clip-vit-base-patch32,7,0.1,42,specialist_client,4,client_4.pt,0.14285714285714285,0.07062123715877533,0.07815583795309067
full,vlm,dermamnist_224,clip-vit-base-patch32,7,0.1,42,specialist_client,5,client_5.pt,0.14285714285714285,0.24954353272914886,0.24827840924263
full,vlm,dermamnist_224,clip-vit-base-patch32,7,0.1,42,specialist_client,6,client_6.pt,0.14285714285714285,0.06181034818291664,0.06721548736095428
full,vlm,organcmnist_224,clip-vit-base-patch32,3,0.0,42,specialist_client,0,client_0.pt,0.3333333333333333,0.3171291649341583,0.3125113546848297
full,vlm,organcmnist_224,clip-vit-base-patch32,3,0.0,42,specialist_client,1,client_1.pt,0.3333333333333333,0.437377393245697,0.4728730618953705
full,vlm,organcmnist_224,clip-vit-base-patch32,3,0.0,42,specialist_client,2,client_2.pt,0.3333333333333333,0.24549347162246704,0.214615598320961
full,vlm,organcmnist_224,clip-vit-base-patch32,3,0.01,42,specialist_client,0,client_0.pt,0.3333333333333333,0.4644376337528229,0.49657225608825684
full,vlm,organcmnist_224,clip-vit-base-patch32,3,0.01,42,specialist_client,1,client_1.pt,0.3333333333333333,0.20156481862068176,0.18622665107250214
full,vlm,organcmnist_224,clip-vit-base-patch32,3,0.01,42,specialist_client,2,client_2.pt,0.3333333333333333,0.33399757742881775,0.31720107793807983
full,vlm,organcmnist_224,clip-vit-base-patch32,3,0.1,42,reference_delta,0,client_0.pt,0.3333333333333333,0.30795562267303467,0.2872958183288574
full,vlm,organcmnist_224,clip-vit-base-patch32,3,0.1,42,reference_delta,1,client_1.pt,0.3333333333333333,0.31834492087364197,0.35248902440071106
full,vlm,organcmnist_224,clip-vit-base-patch32,3,0.1,42,reference_delta,2,client_2.pt,0.3333333333333333,0.373699426651001,0.36021512746810913
full,vlm,organcmnist_224,clip-vit-base-patch32,5,0.0,42,specialist_client,0,client_0.pt,0.2,0.38244855403900146,0.4510776996612549
full,vlm,organcmnist_224,clip-vit-base-patch32,5,0.0,42,specialist_client,1,client_1.pt,0.2,0.2031344771385193,0.22232230007648468
full,vlm,organcmnist_224,clip-vit-base-patch32,5,0.0,42,specialist_client,2,client_2.pt,0.2,0.13379605114459991,0.10997825860977173
full,vlm,organcmnist_224,clip-vit-base-patch32,5,0.0,42,specialist_client,3,client_3.pt,0.2,0.15402457118034363,0.131596177816391
full,vlm,organcmnist_224,clip-vit-base-patch32,5,0.0,42,specialist_client,4,client_4.pt,0.2,0.12659631669521332,0.08502549678087234
full,vlm,organcmnist_224,clip-vit-base-patch32,5,0.01,42,reference_delta,0,client_0.pt,0.2,0.1459532082080841,0.10641917586326599
full,vlm,organcmnist_224,clip-vit-base-patch32,5,0.01,42,reference_delta,1,client_1.pt,0.2,0.20627477765083313,0.208527609705925
full,vlm,organcmnist_224,clip-vit-base-patch32,5,0.01,42,reference_delta,2,client_2.pt,0.2,0.21001854538917542,0.2153565138578415
full,vlm,organcmnist_224,clip-vit-base-patch32,5,0.01,42,reference_delta,3,client_3.pt,0.2,0.2276681810617447,0.26077786087989807
full,vlm,organcmnist_224,clip-vit-base-patch32,5,0.01,42,reference_delta,4,client_4.pt,0.2,0.21008528769016266,0.20891880989074707
full,vlm,organcmnist_224,clip-vit-base-patch32,5,0.1,42,specialist_client,0,client_0.pt,0.2,0.1932026445865631,0.17944735288619995
full,vlm,organcmnist_224,clip-vit-base-patch32,5,0.1,42,specialist_client,1,client_1.pt,0.2,0.22392967343330383,0.21598325669765472
full,vlm,organcmnist_224,clip-vit-base-patch32,5,0.1,42,specialist_client,2,client_2.pt,0.2,0.17933663725852966,0.1656164824962616
full,vlm,organcmnist_224,clip-vit-base-patch32,5,0.1,42,specialist_client,3,client_3.pt,0.2,0.1374761313199997,0.13954469561576843
full,vlm,organcmnist_224,clip-vit-base-patch32,5,0.1,42,specialist_client,4,client_4.pt,0.2,0.2660549283027649,0.2994081974029541
full,vlm,organcmnist_224,clip-vit-base-patch32,7,0.0,42,specialist_client,0,client_0.pt,0.14285714285714285,0.19744053483009338,0.23089054226875305
full,vlm,organcmnist_224,clip-vit-base-patch32,7,0.0,42,specialist_client,1,client_1.pt,0.14285714285714285,0.17769311368465424,0.21905000507831573
full,vlm,organcmnist_224,clip-vit-base-patch32,7,0.0,42,specialist_client,2,client_2.pt,0.14285714285714285,0.09835845977067947,0.07697077095508575
full,vlm,organcmnist_224,clip-vit-base-patch32,7,0.0,42,specialist_client,3,client_3.pt,0.14285714285714285,0.21287378668785095,0.22418828308582306
full,vlm,organcmnist_224,clip-vit-base-patch32,7,0.0,42,specialist_client,4,client_4.pt,0.14285714285714285,0.1026356890797615,0.06912839412689209
full,vlm,organcmnist_224,clip-vit-base-patch32,7,0.0,42,specialist_client,5,client_5.pt,0.14285714285714285,0.1276048868894577,0.11550415307283401
full,vlm,organcmnist_224,clip-vit-base-patch32,7,0.0,42,specialist_client,6,client_6.pt,0.14285714285714285,0.08339343965053558,0.06426788121461868
full,vlm,organcmnist_224,clip-vit-base-patch32,7,0.01,42,specialist_client,0,client_0.pt,0.14285714285714285,0.16189461946487427,0.18042266368865967
full,vlm,organcmnist_224,clip-vit-base-patch32,7,0.01,42,specialist_client,1,client_1.pt,0.14285714285714285,0.13118061423301697,0.11329089850187302
full,vlm,organcmnist_224,clip-vit-base-patch32,7,0.01,42,specialist_client,2,client_2.pt,0.14285714285714285,0.18849033117294312,0.1863049864768982
full,vlm,organcmnist_224,clip-vit-base-patch32,7,0.01,42,specialist_client,3,client_3.pt,0.14285714285714285,0.09437841922044754,0.07131453603506088
full,vlm,organcmnist_224,clip-vit-base-patch32,7,0.01,42,specialist_client,4,client_4.pt,0.14285714285714285,0.14624850451946259,0.17384421825408936
full,vlm,organcmnist_224,clip-vit-base-patch32,7,0.01,42,specialist_client,5,client_5.pt,0.14285714285714285,0.18347802758216858,0.20355266332626343
full,vlm,organcmnist_224,clip-vit-base-patch32,7,0.01,42,specialist_client,6,client_6.pt,0.14285714285714285,0.09432945400476456,0.07127001881599426
full,vlm,organcmnist_224,clip-vit-base-patch32,7,0.1,42,morphology,0,client_0.pt,0.14285714285714285,0.14793066680431366,0.1396326720714569
full,vlm,organcmnist_224,clip-vit-base-patch32,7,0.1,42,morphology,1,client_1.pt,0.14285714285714285,0.1610889434814453,0.1703616976737976
full,vlm,organcmnist_224,clip-vit-base-patch32,7,0.1,42,morphology,2,client_2.pt,0.14285714285714285,0.13422149419784546,0.13563835620880127
full,vlm,organcmnist_224,clip-vit-base-patch32,7,0.1,42,morphology,3,client_3.pt,0.14285714285714285,0.19011712074279785,0.20417138934135437
full,vlm,organcmnist_224,clip-vit-base-patch32,7,0.1,42,morphology,4,client_4.pt,0.14285714285714285,0.10487104207277298,0.08860388398170471
full,vlm,organcmnist_224,clip-vit-base-patch32,7,0.1,42,morphology,5,client_5.pt,0.14285714285714285,0.10376866906881332,0.1099562719464302
full,vlm,organcmnist_224,clip-vit-base-patch32,7,0.1,42,morphology,6,client_6.pt,0.14285714285714285,0.1580020636320114,0.1516357958316803
full,vlm,organsmnist_224,clip-vit-base-patch32,3,0.0,42,reference_delta,0,client_0.pt,0.3333333333333333,0.3424932360649109,0.36950817704200745
full,vlm,organsmnist_224,clip-vit-base-patch32,3,0.0,42,reference_delta,1,client_1.pt,0.3333333333333333,0.33635228872299194,0.37776827812194824
full,vlm,organsmnist_224,clip-vit-base-patch32,3,0.0,42,reference_delta,2,client_2.pt,0.3333333333333333,0.3211544454097748,0.2527236044406891
full,vlm,organsmnist_224,clip-vit-base-patch32,3,0.01,42,specialist_client,0,client_0.pt,0.3333333333333333,0.2802393138408661,0.3145986497402191
full,vlm,organsmnist_224,clip-vit-base-patch32,3,0.01,42,specialist_client,1,client_1.pt,0.3333333333333333,0.38229072093963623,0.38534754514694214
full,vlm,organsmnist_224,clip-vit-base-patch32,3,0.01,42,specialist_client,2,client_2.pt,0.3333333333333333,0.3374699652194977,0.3000538945198059
full,vlm,organsmnist_224,clip-vit-base-patch32,3,0.1,42,specialist_client,0,client_0.pt,0.3333333333333333,0.2942803204059601,0.28786489367485046
full,vlm,organsmnist_224,clip-vit-base-patch32,3,0.1,42,specialist_client,1,client_1.pt,0.3333333333333333,0.41198691725730896,0.40580281615257263
full,vlm,organsmnist_224,clip-vit-base-patch32,3,0.1,42,specialist_client,2,client_2.pt,0.3333333333333333,0.29373279213905334,0.3063322901725769
full,vlm,organsmnist_224,clip-vit-base-patch32,5,0.0,42,specialist_client,0,client_0.pt,0.2,0.30430516600608826,0.39749130606651306
full,vlm,organsmnist_224,clip-vit-base-patch32,5,0.0,42,specialist_client,1,client_1.pt,0.2,0.14119267463684082,0.15223056077957153
full,vlm,organsmnist_224,clip-vit-base-patch32,5,0.0,42,specialist_client,2,client_2.pt,0.2,0.17175789177417755,0.1578928828239441
full,vlm,organsmnist_224,clip-vit-base-patch32,5,0.0,42,specialist_client,3,client_3.pt,0.2,0.212086021900177,0.16982793807983398
full,vlm,organsmnist_224,clip-vit-base-patch32,5,0.0,42,specialist_client,4,client_4.pt,0.2,0.17065829038619995,0.12255730479955673
full,vlm,organsmnist_224,clip-vit-base-patch32,5,0.01,42,specialist_client,0,client_0.pt,0.2,0.14367076754570007,0.11602720618247986
full,vlm,organsmnist_224,clip-vit-base-patch32,5,0.01,42,specialist_client,1,client_1.pt,0.2,0.17006242275238037,0.23215700685977936
full,vlm,organsmnist_224,clip-vit-base-patch32,5,0.01,42,specialist_client,2,client_2.pt,0.2,0.16241344809532166,0.1337612122297287
full,vlm,organsmnist_224,clip-vit-base-patch32,5,0.01,42,specialist_client,3,client_3.pt,0.2,0.29264524579048157,0.3100752830505371
full,vlm,organsmnist_224,clip-vit-base-patch32,5,0.01,42,specialist_client,4,client_4.pt,0.2,0.23120813071727753,0.20797929167747498
full,vlm,organsmnist_224,clip-vit-base-patch32,5,0.1,42,specialist_client,0,client_0.pt,0.2,0.2231309711933136,0.24918939173221588
full,vlm,organsmnist_224,clip-vit-base-patch32,5,0.1,42,specialist_client,1,client_1.pt,0.2,0.10701432079076767,0.06887086480855942
full,vlm,organsmnist_224,clip-vit-base-patch32,5,0.1,42,specialist_client,2,client_2.pt,0.2,0.18816301226615906,0.1847037672996521
full,vlm,organsmnist_224,clip-vit-base-patch32,5,0.1,42,specialist_client,3,client_3.pt,0.2,0.22556665539741516,0.24355077743530273
full,vlm,organsmnist_224,clip-vit-base-patch32,5,0.1,42,specialist_client,4,client_4.pt,0.2,0.2561250627040863,0.25368520617485046
full,vlm,organsmnist_224,clip-vit-base-patch32,7,0.0,42,specialist_client,0,client_0.pt,0.14285714285714285,0.21797887980937958,0.2722069323062897
full,vlm,organsmnist_224,clip-vit-base-patch32,7,0.0,42,specialist_client,1,client_1.pt,0.14285714285714285,0.1981852501630783,0.1956436187028885
full,vlm,organsmnist_224,clip-vit-base-patch32,7,0.0,42,specialist_client,2,client_2.pt,0.14285714285714285,0.14871671795845032,0.1237393394112587
full,vlm,organsmnist_224,clip-vit-base-patch32,7,0.0,42,specialist_client,3,client_3.pt,0.14285714285714285,0.14875291287899017,0.182760089635849
full,vlm,organsmnist_224,clip-vit-base-patch32,7,0.0,42,specialist_client,4,client_4.pt,0.14285714285714285,0.11956597119569778,0.08630084246397018
full,vlm,organsmnist_224,clip-vit-base-patch32,7,0.0,42,specialist_client,5,client_5.pt,0.14285714285714285,0.08014527708292007,0.06878650933504105
full,vlm,organsmnist_224,clip-vit-base-patch32,7,0.0,42,specialist_client,6,client_6.pt,0.14285714285714285,0.08665502071380615,0.07056264579296112
full,vlm,organsmnist_224,clip-vit-base-patch32,7,0.01,42,reference_delta,0,client_0.pt,0.14285714285714285,0.17233794927597046,0.19807225465774536
full,vlm,organsmnist_224,clip-vit-base-patch32,7,0.01,42,reference_delta,1,client_1.pt,0.14285714285714285,0.08114809542894363,0.06476398557424545
full,vlm,organsmnist_224,clip-vit-base-patch32,7,0.01,42,reference_delta,2,client_2.pt,0.14285714285714285,0.13925664126873016,0.12324592471122742
full,vlm,organsmnist_224,clip-vit-base-patch32,7,0.01,42,reference_delta,3,client_3.pt,0.14285714285714285,0.1785448044538498,0.1332070231437683
full,vlm,organsmnist_224,clip-vit-base-patch32,7,0.01,42,reference_delta,4,client_4.pt,0.14285714285714285,0.11897774785757065,0.12377826124429703
full,vlm,organsmnist_224,clip-vit-base-patch32,7,0.01,42,reference_delta,5,client_5.pt,0.14285714285714285,0.21759802103042603,0.25582292675971985
full,vlm,organsmnist_224,clip-vit-base-patch32,7,0.01,42,reference_delta,6,client_6.pt,0.14285714285714285,0.09213664382696152,0.10110963881015778
full,vlm,organsmnist_224,clip-vit-base-patch32,7,0.1,42,morph_anchor,0,client_0.pt,0.14285714285714285,0.18192462623119354,0.16162489354610443
full,vlm,organsmnist_224,clip-vit-base-patch32,7,0.1,42,morph_anchor,1,client_1.pt,0.14285714285714285,0.08579277247190475,0.0657886415719986
full,vlm,organsmnist_224,clip-vit-base-patch32,7,0.1,42,morph_anchor,2,client_2.pt,0.14285714285714285,0.1954536736011505,0.1999724954366684
full,vlm,organsmnist_224,clip-vit-base-patch32,7,0.1,42,morph_anchor,3,client_3.pt,0.14285714285714285,0.09693469852209091,0.09690921753644943
full,vlm,organsmnist_224,clip-vit-base-patch32,7,0.1,42,morph_anchor,4,client_4.pt,0.14285714285714285,0.19086474180221558,0.21689701080322266
full,vlm,organsmnist_224,clip-vit-base-patch32,7,0.1,42,morph_anchor,5,client_5.pt,0.14285714285714285,0.07140953093767166,0.062246985733509064
full,vlm,organsmnist_224,clip-vit-base-patch32,7,0.1,42,morph_anchor,6,client_6.pt,0.14285714285714285,0.17761997878551483,0.19656075537204742
no_client_information,small,bloodmnist_224,convnext,3,0.0,42,avg,0,client_0.pt,0.3333333333333333,0.3333333333333333,0.3333333333333333
no_client_information,small,bloodmnist_224,convnext,3,0.0,42,avg,1,client_1.pt,0.3333333333333333,0.3333333333333333,0.3333333333333333
no_client_information,small,bloodmnist_224,convnext,3,0.0,42,avg,2,client_2.pt,0.3333333333333333,0.3333333333333333,0.3333333333333333
no_client_information,small,bloodmnist_224,convnext,3,0.01,42,avg,0,client_0.pt,0.3333333333333333,0.3333333333333333,0.3333333333333333
no_client_information,small,bloodmnist_224,convnext,3,0.01,42,avg,1,client_1.pt,0.3333333333333333,0.3333333333333333,0.3333333333333333
no_client_information,small,bloodmnist_224,convnext,3,0.01,42,avg,2,client_2.pt,0.3333333333333333,0.3333333333333333,0.3333333333333333
no_client_information,small,bloodmnist_224,convnext,3,0.1,42,avg,0,client_0.pt,0.3333333333333333,0.3333333333333333,0.3333333333333333
no_client_information,small,bloodmnist_224,convnext,3,0.1,42,avg,1,client_1.pt,0.3333333333333333,0.3333333333333333,0.3333333333333333
no_client_information,small,bloodmnist_224,convnext,3,0.1,42,avg,2,client_2.pt,0.3333333333333333,0.3333333333333333,0.3333333333333333
no_client_information,small,bloodmnist_224,convnext,5,0.0,42,specialist_client,0,client_0.pt,0.2,0.2,0.2
no_client_information,small,bloodmnist_224,convnext,5,0.0,42,specialist_client,1,client_1.pt,0.2,0.2,0.2
no_client_information,small,bloodmnist_224,convnext,5,0.0,42,specialist_client,2,client_2.pt,0.2,0.2,0.2
no_client_information,small,bloodmnist_224,convnext,5,0.0,42,specialist_client,3,client_3.pt,0.2,0.2,0.2
no_client_information,small,bloodmnist_224,convnext,5,0.0,42,specialist_client,4,client_4.pt,0.2,0.2,0.2
no_client_information,small,bloodmnist_224,convnext,5,0.01,42,specialist_client,0,client_0.pt,0.2,0.2,0.2
no_client_information,small,bloodmnist_224,convnext,5,0.01,42,specialist_client,1,client_1.pt,0.2,0.2,0.2
no_client_information,small,bloodmnist_224,convnext,5,0.01,42,specialist_client,2,client_2.pt,0.2,0.2,0.2
no_client_information,small,bloodmnist_224,convnext,5,0.01,42,specialist_client,3,client_3.pt,0.2,0.2,0.2
no_client_information,small,bloodmnist_224,convnext,5,0.01,42,specialist_client,4,client_4.pt,0.2,0.2,0.2
no_client_information,small,bloodmnist_224,convnext,5,0.1,42,avg,0,client_0.pt,0.2,0.2,0.2
no_client_information,small,bloodmnist_224,convnext,5,0.1,42,avg,1,client_1.pt,0.2,0.2,0.2
no_client_information,small,bloodmnist_224,convnext,5,0.1,42,avg,2,client_2.pt,0.2,0.2,0.2
no_client_information,small,bloodmnist_224,convnext,5,0.1,42,avg,3,client_3.pt,0.2,0.2,0.2
no_client_information,small,bloodmnist_224,convnext,5,0.1,42,avg,4,client_4.pt,0.2,0.2,0.2
no_client_information,small,bloodmnist_224,convnext,7,0.0,42,avg,0,client_0.pt,0.14285714285714285,0.14285714285714285,0.14285714285714285
no_client_information,small,bloodmnist_224,convnext,7,0.0,42,avg,1,client_1.pt,0.14285714285714285,0.14285714285714285,0.14285714285714285
no_client_information,small,bloodmnist_224,convnext,7,0.0,42,avg,2,client_2.pt,0.14285714285714285,0.14285714285714285,0.14285714285714285
no_client_information,small,bloodmnist_224,convnext,7,0.0,42,avg,3,client_3.pt,0.14285714285714285,0.14285714285714285,0.14285714285714285
no_client_information,small,bloodmnist_224,convnext,7,0.0,42,avg,4,client_4.pt,0.14285714285714285,0.14285714285714285,0.14285714285714285
no_client_information,small,bloodmnist_224,convnext,7,0.0,42,avg,5,client_5.pt,0.14285714285714285,0.14285714285714285,0.14285714285714285
no_client_information,small,bloodmnist_224,convnext,7,0.0,42,avg,6,client_6.pt,0.14285714285714285,0.14285714285714285,0.14285714285714285
no_client_information,small,bloodmnist_224,convnext,7,0.01,42,avg,0,client_0.pt,0.14285714285714285,0.14285714285714285,0.14285714285714285
no_client_information,small,bloodmnist_224,convnext,7,0.01,42,avg,1,client_1.pt,0.14285714285714285,0.14285714285714285,0.14285714285714285
no_client_information,small,bloodmnist_224,convnext,7,0.01,42,avg,2,client_2.pt,0.14285714285714285,0.14285714285714285,0.14285714285714285
no_client_information,small,bloodmnist_224,convnext,7,0.01,42,avg,3,client_3.pt,0.14285714285714285,0.14285714285714285,0.14285714285714285
no_client_information,small,bloodmnist_224,convnext,7,0.01,42,avg,4,client_4.pt,0.14285714285714285,0.14285714285714285,0.14285714285714285
no_client_information,small,bloodmnist_224,convnext,7,0.01,42,avg,5,client_5.pt,0.14285714285714285,0.14285714285714285,0.14285714285714285
no_client_information,small,bloodmnist_224,convnext,7,0.01,42,avg,6,client_6.pt,0.14285714285714285,0.14285714285714285,0.14285714285714285
no_client_information,small,bloodmnist_224,convnext,7,0.1,42,morph_anchor,0,client_0.pt,0.14285714285714285,0.14285714285714285,0.14285714285714285
no_client_information,small,bloodmnist_224,convnext,7,0.1,42,morph_anchor,1,client_1.pt,0.14285714285714285,0.14285714285714285,0.14285714285714285
no_client_information,small,bloodmnist_224,convnext,7,0.1,42,morph_anchor,2,client_2.pt,0.14285714285714285,0.14285714285714285,0.14285714285714285
no_client_information,small,bloodmnist_224,convnext,7,0.1,42,morph_anchor,3,client_3.pt,0.14285714285714285,0.14285714285714285,0.14285714285714285
no_client_information,small,bloodmnist_224,convnext,7,0.1,42,morph_anchor,4,client_4.pt,0.14285714285714285,0.14285714285714285,0.14285714285714285
no_client_information,small,bloodmnist_224,convnext,7,0.1,42,morph_anchor,5,client_5.pt,0.14285714285714285,0.14285714285714285,0.14285714285714285
no_client_information,small,bloodmnist_224,convnext,7,0.1,42,morph_anchor,6,client_6.pt,0.14285714285714285,0.14285714285714285,0.14285714285714285
no_client_information,small,bloodmnist_224,resnet,3,0.0,42,avg,0,client_0.pt,0.3333333333333333,0.3333333333333333,0.3333333333333333
no_client_information,small,bloodmnist_224,resnet,3,0.0,42,avg,1,client_1.pt,0.3333333333333333,0.3333333333333333,0.3333333333333333
no_client_information,small,bloodmnist_224,resnet,3,0.0,42,avg,2,client_2.pt,0.3333333333333333,0.3333333333333333,0.3333333333333333
no_client_information,small,bloodmnist_224,resnet,3,0.01,42,avg,0,client_0.pt,0.3333333333333333,0.3333333333333333,0.3333333333333333
no_client_information,small,bloodmnist_224,resnet,3,0.01,42,avg,1,client_1.pt,0.3333333333333333,0.3333333333333333,0.3333333333333333
no_client_information,small,bloodmnist_224,resnet,3,0.01,42,avg,2,client_2.pt,0.3333333333333333,0.3333333333333333,0.3333333333333333
no_client_information,small,bloodmnist_224,resnet,3,0.1,42,consensus,0,client_0.pt,0.3333333333333333,0.3333333333333333,0.3333333333333333
no_client_information,small,bloodmnist_224,resnet,3,0.1,42,consensus,1,client_1.pt,0.3333333333333333,0.3333333333333333,0.3333333333333333
no_client_information,small,bloodmnist_224,resnet,3,0.1,42,consensus,2,client_2.pt,0.3333333333333333,0.3333333333333333,0.3333333333333333
no_client_information,small,bloodmnist_224,resnet,5,0.0,42,specialist_client,0,client_0.pt,0.2,0.2,0.2
no_client_information,small,bloodmnist_224,resnet,5,0.0,42,specialist_client,1,client_1.pt,0.2,0.2,0.2
no_client_information,small,bloodmnist_224,resnet,5,0.0,42,specialist_client,2,client_2.pt,0.2,0.2,0.2
no_client_information,small,bloodmnist_224,resnet,5,0.0,42,specialist_client,3,client_3.pt,0.2,0.2,0.2
no_client_information,small,bloodmnist_224,resnet,5,0.0,42,specialist_client,4,client_4.pt,0.2,0.2,0.2
no_client_information,small,bloodmnist_224,resnet,5,0.01,42,consensus,0,client_0.pt,0.2,0.2,0.2
no_client_information,small,bloodmnist_224,resnet,5,0.01,42,consensus,1,client_1.pt,0.2,0.2,0.2
no_client_information,small,bloodmnist_224,resnet,5,0.01,42,consensus,2,client_2.pt,0.2,0.2,0.2
no_client_information,small,bloodmnist_224,resnet,5,0.01,42,consensus,3,client_3.pt,0.2,0.2,0.2
no_client_information,small,bloodmnist_224,resnet,5,0.01,42,consensus,4,client_4.pt,0.2,0.2,0.2
no_client_information,small,bloodmnist_224,resnet,5,0.1,42,avg,0,client_0.pt,0.2,0.2,0.2
no_client_information,small,bloodmnist_224,resnet,5,0.1,42,avg,1,client_1.pt,0.2,0.2,0.2
no_client_information,small,bloodmnist_224,resnet,5,0.1,42,avg,2,client_2.pt,0.2,0.2,0.2
no_client_information,small,bloodmnist_224,resnet,5,0.1,42,avg,3,client_3.pt,0.2,0.2,0.2
no_client_information,small,bloodmnist_224,resnet,5,0.1,42,avg,4,client_4.pt,0.2,0.2,0.2
no_client_information,small,bloodmnist_224,resnet,7,0.0,42,morph_anchor,0,client_0.pt,0.14285714285714285,0.14285714285714285,0.14285714285714285
no_client_information,small,bloodmnist_224,resnet,7,0.0,42,morph_anchor,1,client_1.pt,0.14285714285714285,0.14285714285714285,0.14285714285714285
no_client_information,small,bloodmnist_224,resnet,7,0.0,42,morph_anchor,2,client_2.pt,0.14285714285714285,0.14285714285714285,0.14285714285714285
no_client_information,small,bloodmnist_224,resnet,7,0.0,42,morph_anchor,3,client_3.pt,0.14285714285714285,0.14285714285714285,0.14285714285714285
no_client_information,small,bloodmnist_224,resnet,7,0.0,42,morph_anchor,4,client_4.pt,0.14285714285714285,0.14285714285714285,0.14285714285714285
no_client_information,small,bloodmnist_224,resnet,7,0.0,42,morph_anchor,5,client_5.pt,0.14285714285714285,0.14285714285714285,0.14285714285714285
no_client_information,small,bloodmnist_224,resnet,7,0.0,42,morph_anchor,6,client_6.pt,0.14285714285714285,0.14285714285714285,0.14285714285714285
no_client_information,small,bloodmnist_224,resnet,7,0.01,42,avg,0,client_0.pt,0.14285714285714285,0.14285714285714285,0.14285714285714285
no_client_information,small,bloodmnist_224,resnet,7,0.01,42,avg,1,client_1.pt,0.14285714285714285,0.14285714285714285,0.14285714285714285
no_client_information,small,bloodmnist_224,resnet,7,0.01,42,avg,2,client_2.pt,0.14285714285714285,0.14285714285714285,0.14285714285714285
no_client_information,small,bloodmnist_224,resnet,7,0.01,42,avg,3,client_3.pt,0.14285714285714285,0.14285714285714285,0.14285714285714285
no_client_information,small,bloodmnist_224,resnet,7,0.01,42,avg,4,client_4.pt,0.14285714285714285,0.14285714285714285,0.14285714285714285
no_client_information,small,bloodmnist_224,resnet,7,0.01,42,avg,5,client_5.pt,0.14285714285714285,0.14285714285714285,0.14285714285714285
no_client_information,small,bloodmnist_224,resnet,7,0.01,42,avg,6,client_6.pt,0.14285714285714285,0.14285714285714285,0.14285714285714285
no_client_information,small,bloodmnist_224,resnet,7,0.1,42,avg,0,client_0.pt,0.14285714285714285,0.14285714285714285,0.14285714285714285
no_client_information,small,bloodmnist_224,resnet,7,0.1,42,avg,1,client_1.pt,0.14285714285714285,0.14285714285714285,0.14285714285714285
no_client_information,small,bloodmnist_224,resnet,7,0.1,42,avg,2,client_2.pt,0.14285714285714285,0.14285714285714285,0.14285714285714285
no_client_information,small,bloodmnist_224,resnet,7,0.1,42,avg,3,client_3.pt,0.14285714285714285,0.14285714285714285,0.14285714285714285
no_client_information,small,bloodmnist_224,resnet,7,0.1,42,avg,4,client_4.pt,0.14285714285714285,0.14285714285714285,0.14285714285714285
no_client_information,small,bloodmnist_224,resnet,7,0.1,42,avg,5,client_5.pt,0.14285714285714285,0.14285714285714285,0.14285714285714285
no_client_information,small,bloodmnist_224,resnet,7,0.1,42,avg,6,client_6.pt,0.14285714285714285,0.14285714285714285,0.14285714285714285
no_client_information,small,bloodmnist_224,swin_tiny,3,0.0,42,prototype_head,0,client_0.pt,0.3333333333333333,0.3333333333333333,0.3333333333333333
no_client_information,small,bloodmnist_224,swin_tiny,3,0.0,42,prototype_head,1,client_1.pt,0.3333333333333333,0.3333333333333333,0.3333333333333333
no_client_information,small,bloodmnist_224,swin_tiny,3,0.0,42,prototype_head,2,client_2.pt,0.3333333333333333,0.3333333333333333,0.3333333333333333
no_client_information,small,bloodmnist_224,swin_tiny,3,0.01,42,prototype_head,0,client_0.pt,0.3333333333333333,0.3333333333333333,0.3333333333333333
no_client_information,small,bloodmnist_224,swin_tiny,3,0.01,42,prototype_head,1,client_1.pt,0.3333333333333333,0.3333333333333333,0.3333333333333333
no_client_information,small,bloodmnist_224,swin_tiny,3,0.01,42,prototype_head,2,client_2.pt,0.3333333333333333,0.3333333333333333,0.3333333333333333
no_client_information,small,bloodmnist_224,swin_tiny,3,0.1,42,prototype_head,0,client_0.pt,0.3333333333333333,0.3333333333333333,0.3333333333333333
no_client_information,small,bloodmnist_224,swin_tiny,3,0.1,42,prototype_head,1,client_1.pt,0.3333333333333333,0.3333333333333333,0.3333333333333333
no_client_information,small,bloodmnist_224,swin_tiny,3,0.1,42,prototype_head,2,client_2.pt,0.3333333333333333,0.3333333333333333,0.3333333333333333
no_client_information,small,bloodmnist_224,swin_tiny,5,0.0,42,prototype_head,0,client_0.pt,0.2,0.2,0.2
no_client_information,small,bloodmnist_224,swin_tiny,5,0.0,42,prototype_head,1,client_1.pt,0.2,0.2,0.2
no_client_information,small,bloodmnist_224,swin_tiny,5,0.0,42,prototype_head,2,client_2.pt,0.2,0.2,0.2
no_client_information,small,bloodmnist_224,swin_tiny,5,0.0,42,prototype_head,3,client_3.pt,0.2,0.2,0.2
no_client_information,small,bloodmnist_224,swin_tiny,5,0.0,42,prototype_head,4,client_4.pt,0.2,0.2,0.2
no_client_information,small,bloodmnist_224,swin_tiny,5,0.01,42,prototype_head,0,client_0.pt,0.2,0.2,0.2
no_client_information,small,bloodmnist_224,swin_tiny,5,0.01,42,prototype_head,1,client_1.pt,0.2,0.2,0.2
no_client_information,small,bloodmnist_224,swin_tiny,5,0.01,42,prototype_head,2,client_2.pt,0.2,0.2,0.2
no_client_information,small,bloodmnist_224,swin_tiny,5,0.01,42,prototype_head,3,client_3.pt,0.2,0.2,0.2
no_client_information,small,bloodmnist_224,swin_tiny,5,0.01,42,prototype_head,4,client_4.pt,0.2,0.2,0.2
no_client_information,small,bloodmnist_224,swin_tiny,5,0.1,42,prototype_head,0,client_0.pt,0.2,0.2,0.2
no_client_information,small,bloodmnist_224,swin_tiny,5,0.1,42,prototype_head,1,client_1.pt,0.2,0.2,0.2
no_client_information,small,bloodmnist_224,swin_tiny,5,0.1,42,prototype_head,2,client_2.pt,0.2,0.2,0.2
no_client_information,small,bloodmnist_224,swin_tiny,5,0.1,42,prototype_head,3,client_3.pt,0.2,0.2,0.2
no_client_information,small,bloodmnist_224,swin_tiny,5,0.1,42,prototype_head,4,client_4.pt,0.2,0.2,0.2
no_client_information,small,bloodmnist_224,swin_tiny,7,0.0,42,prototype_head,0,client_0.pt,0.14285714285714285,0.14285714285714285,0.14285714285714285
no_client_information,small,bloodmnist_224,swin_tiny,7,0.0,42,prototype_head,1,client_1.pt,0.14285714285714285,0.14285714285714285,0.14285714285714285
no_client_information,small,bloodmnist_224,swin_tiny,7,0.0,42,prototype_head,2,client_2.pt,0.14285714285714285,0.14285714285714285,0.14285714285714285
no_client_information,small,bloodmnist_224,swin_tiny,7,0.0,42,prototype_head,3,client_3.pt,0.14285714285714285,0.14285714285714285,0.14285714285714285
no_client_information,small,bloodmnist_224,swin_tiny,7,0.0,42,prototype_head,4,client_4.pt,0.14285714285714285,0.14285714285714285,0.14285714285714285
no_client_information,small,bloodmnist_224,swin_tiny,7,0.0,42,prototype_head,5,client_5.pt,0.14285714285714285,0.14285714285714285,0.14285714285714285
no_client_information,small,bloodmnist_224,swin_tiny,7,0.0,42,prototype_head,6,client_6.pt,0.14285714285714285,0.14285714285714285,0.14285714285714285
no_client_information,small,bloodmnist_224,swin_tiny,7,0.01,42,prototype_head,0,client_0.pt,0.14285714285714285,0.14285714285714285,0.14285714285714285
no_client_information,small,bloodmnist_224,swin_tiny,7,0.01,42,prototype_head,1,client_1.pt,0.14285714285714285,0.14285714285714285,0.14285714285714285
no_client_information,small,bloodmnist_224,swin_tiny,7,0.01,42,prototype_head,2,client_2.pt,0.14285714285714285,0.14285714285714285,0.14285714285714285
no_client_information,small,bloodmnist_224,swin_tiny,7,0.01,42,prototype_head,3,client_3.pt,0.14285714285714285,0.14285714285714285,0.14285714285714285
no_client_information,small,bloodmnist_224,swin_tiny,7,0.01,42,prototype_head,4,client_4.pt,0.14285714285714285,0.14285714285714285,0.14285714285714285
no_client_information,small,bloodmnist_224,swin_tiny,7,0.01,42,prototype_head,5,client_5.pt,0.14285714285714285,0.14285714285714285,0.14285714285714285
no_client_information,small,bloodmnist_224,swin_tiny,7,0.01,42,prototype_head,6,client_6.pt,0.14285714285714285,0.14285714285714285,0.14285714285714285
no_client_information,small,bloodmnist_224,swin_tiny,7,0.1,42,specialist_client,0,client_0.pt,0.14285714285714285,0.14285714285714285,0.14285714285714285
no_client_information,small,bloodmnist_224,swin_tiny,7,0.1,42,specialist_client,1,client_1.pt,0.14285714285714285,0.14285714285714285,0.14285714285714285
no_client_information,small,bloodmnist_224,swin_tiny,7,0.1,42,specialist_client,2,client_2.pt,0.14285714285714285,0.14285714285714285,0.14285714285714285
no_client_information,small,bloodmnist_224,swin_tiny,7,0.1,42,specialist_client,3,client_3.pt,0.14285714285714285,0.14285714285714285,0.14285714285714285
no_client_information,small,bloodmnist_224,swin_tiny,7,0.1,42,specialist_client,4,client_4.pt,0.14285714285714285,0.14285714285714285,0.14285714285714285
no_client_information,small,bloodmnist_224,swin_tiny,7,0.1,42,specialist_client,5,client_5.pt,0.14285714285714285,0.14285714285714285,0.14285714285714285
no_client_information,small,bloodmnist_224,swin_tiny,7,0.1,42,specialist_client,6,client_6.pt,0.14285714285714285,0.14285714285714285,0.14285714285714285
no_client_information,small,bloodmnist_224,vit_t,3,0.0,42,prototype_head,0,client_0.pt,0.3333333333333333,0.3333333333333333,0.3333333333333333
no_client_information,small,bloodmnist_224,vit_t,3,0.0,42,prototype_head,1,client_1.pt,0.3333333333333333,0.3333333333333333,0.3333333333333333
no_client_information,small,bloodmnist_224,vit_t,3,0.0,42,prototype_head,2,client_2.pt,0.3333333333333333,0.3333333333333333,0.3333333333333333
no_client_information,small,bloodmnist_224,vit_t,3,0.01,42,prototype_head,0,client_0.pt,0.3333333333333333,0.3333333333333333,0.3333333333333333
no_client_information,small,bloodmnist_224,vit_t,3,0.01,42,prototype_head,1,client_1.pt,0.3333333333333333,0.3333333333333333,0.3333333333333333
no_client_information,small,bloodmnist_224,vit_t,3,0.01,42,prototype_head,2,client_2.pt,0.3333333333333333,0.3333333333333333,0.3333333333333333
no_client_information,small,bloodmnist_224,vit_t,3,0.1,42,prototype_head,0,client_0.pt,0.3333333333333333,0.3333333333333333,0.3333333333333333
no_client_information,small,bloodmnist_224,vit_t,3,0.1,42,prototype_head,1,client_1.pt,0.3333333333333333,0.3333333333333333,0.3333333333333333
no_client_information,small,bloodmnist_224,vit_t,3,0.1,42,prototype_head,2,client_2.pt,0.3333333333333333,0.3333333333333333,0.3333333333333333
no_client_information,small,bloodmnist_224,vit_t,5,0.0,42,prototype_head,0,client_0.pt,0.2,0.2,0.2
no_client_information,small,bloodmnist_224,vit_t,5,0.0,42,prototype_head,1,client_1.pt,0.2,0.2,0.2
no_client_information,small,bloodmnist_224,vit_t,5,0.0,42,prototype_head,2,client_2.pt,0.2,0.2,0.2
no_client_information,small,bloodmnist_224,vit_t,5,0.0,42,prototype_head,3,client_3.pt,0.2,0.2,0.2
no_client_information,small,bloodmnist_224,vit_t,5,0.0,42,prototype_head,4,client_4.pt,0.2,0.2,0.2
no_client_information,small,bloodmnist_224,vit_t,5,0.01,42,prototype_head,0,client_0.pt,0.2,0.2,0.2
no_client_information,small,bloodmnist_224,vit_t,5,0.01,42,prototype_head,1,client_1.pt,0.2,0.2,0.2
no_client_information,small,bloodmnist_224,vit_t,5,0.01,42,prototype_head,2,client_2.pt,0.2,0.2,0.2
no_client_information,small,bloodmnist_224,vit_t,5,0.01,42,prototype_head,3,client_3.pt,0.2,0.2,0.2
no_client_information,small,bloodmnist_224,vit_t,5,0.01,42,prototype_head,4,client_4.pt,0.2,0.2,0.2
no_client_information,small,bloodmnist_224,vit_t,5,0.1,42,prototype_head,0,client_0.pt,0.2,0.2,0.2
no_client_information,small,bloodmnist_224,vit_t,5,0.1,42,prototype_head,1,client_1.pt,0.2,0.2,0.2
no_client_information,small,bloodmnist_224,vit_t,5,0.1,42,prototype_head,2,client_2.pt,0.2,0.2,0.2
no_client_information,small,bloodmnist_224,vit_t,5,0.1,42,prototype_head,3,client_3.pt,0.2,0.2,0.2
no_client_information,small,bloodmnist_224,vit_t,5,0.1,42,prototype_head,4,client_4.pt,0.2,0.2,0.2
no_client_information,small,bloodmnist_224,vit_t,7,0.0,42,prototype_head,0,client_0.pt,0.14285714285714285,0.14285714285714285,0.14285714285714285
no_client_information,small,bloodmnist_224,vit_t,7,0.0,42,prototype_head,1,client_1.pt,0.14285714285714285,0.14285714285714285,0.14285714285714285
no_client_information,small,bloodmnist_224,vit_t,7,0.0,42,prototype_head,2,client_2.pt,0.14285714285714285,0.14285714285714285,0.14285714285714285
no_client_information,small,bloodmnist_224,vit_t,7,0.0,42,prototype_head,3,client_3.pt,0.14285714285714285,0.14285714285714285,0.14285714285714285
no_client_information,small,bloodmnist_224,vit_t,7,0.0,42,prototype_head,4,client_4.pt,0.14285714285714285,0.14285714285714285,0.14285714285714285
no_client_information,small,bloodmnist_224,vit_t,7,0.0,42,prototype_head,5,client_5.pt,0.14285714285714285,0.14285714285714285,0.14285714285714285
no_client_information,small,bloodmnist_224,vit_t,7,0.0,42,prototype_head,6,client_6.pt,0.14285714285714285,0.14285714285714285,0.14285714285714285
no_client_information,small,bloodmnist_224,vit_t,7,0.01,42,prototype_head,0,client_0.pt,0.14285714285714285,0.14285714285714285,0.14285714285714285
no_client_information,small,bloodmnist_224,vit_t,7,0.01,42,prototype_head,1,client_1.pt,0.14285714285714285,0.14285714285714285,0.14285714285714285
no_client_information,small,bloodmnist_224,vit_t,7,0.01,42,prototype_head,2,client_2.pt,0.14285714285714285,0.14285714285714285,0.14285714285714285
no_client_information,small,bloodmnist_224,vit_t,7,0.01,42,prototype_head,3,client_3.pt,0.14285714285714285,0.14285714285714285,0.14285714285714285
no_client_information,small,bloodmnist_224,vit_t,7,0.01,42,prototype_head,4,client_4.pt,0.14285714285714285,0.14285714285714285,0.14285714285714285
no_client_information,small,bloodmnist_224,vit_t,7,0.01,42,prototype_head,5,client_5.pt,0.14285714285714285,0.14285714285714285,0.14285714285714285
no_client_information,small,bloodmnist_224,vit_t,7,0.01,42,prototype_head,6,client_6.pt,0.14285714285714285,0.14285714285714285,0.14285714285714285
no_client_information,small,bloodmnist_224,vit_t,7,0.1,42,prototype_head,0,client_0.pt,0.14285714285714285,0.14285714285714285,0.14285714285714285
no_client_information,small,bloodmnist_224,vit_t,7,0.1,42,prototype_head,1,client_1.pt,0.14285714285714285,0.14285714285714285,0.14285714285714285
no_client_information,small,bloodmnist_224,vit_t,7,0.1,42,prototype_head,2,client_2.pt,0.14285714285714285,0.14285714285714285,0.14285714285714285
no_client_information,small,bloodmnist_224,vit_t,7,0.1,42,prototype_head,3,client_3.pt,0.14285714285714285,0.14285714285714285,0.14285714285714285
no_client_information,small,bloodmnist_224,vit_t,7,0.1,42,prototype_head,4,client_4.pt,0.14285714285714285,0.14285714285714285,0.14285714285714285
no_client_information,small,bloodmnist_224,vit_t,7,0.1,42,prototype_head,5,client_5.pt,0.14285714285714285,0.14285714285714285,0.14285714285714285
no_client_information,small,bloodmnist_224,vit_t,7,0.1,42,prototype_head,6,client_6.pt,0.14285714285714285,0.14285714285714285,0.14285714285714285
no_client_information,small,chaoshengmnist_224,convnext,3,0.0,42,avg,0,client_0.pt,0.3333333333333333,0.3333333333333333,0.3333333333333333
no_client_information,small,chaoshengmnist_224,convnext,3,0.0,42,avg,1,client_1.pt,0.3333333333333333,0.3333333333333333,0.3333333333333333
no_client_information,small,chaoshengmnist_224,convnext,3,0.0,42,avg,2,client_2.pt,0.3333333333333333,0.3333333333333333,0.3333333333333333
no_client_information,small,chaoshengmnist_224,convnext,3,0.01,42,avg,0,client_0.pt,0.3333333333333333,0.3333333333333333,0.3333333333333333
no_client_information,small,chaoshengmnist_224,convnext,3,0.01,42,avg,1,client_1.pt,0.3333333333333333,0.3333333333333333,0.3333333333333333
no_client_information,small,chaoshengmnist_224,convnext,3,0.01,42,avg,2,client_2.pt,0.3333333333333333,0.3333333333333333,0.3333333333333333
no_client_information,small,chaoshengmnist_224,convnext,3,0.1,42,avg,0,client_0.pt,0.3333333333333333,0.3333333333333333,0.3333333333333333
no_client_information,small,chaoshengmnist_224,convnext,3,0.1,42,avg,1,client_1.pt,0.3333333333333333,0.3333333333333333,0.3333333333333333
no_client_information,small,chaoshengmnist_224,convnext,3,0.1,42,avg,2,client_2.pt,0.3333333333333333,0.3333333333333333,0.3333333333333333
no_client_information,small,chaoshengmnist_224,convnext,5,0.0,42,morph_anchor,0,client_0.pt,0.2,0.2,0.2
no_client_information,small,chaoshengmnist_224,convnext,5,0.0,42,morph_anchor,1,client_1.pt,0.2,0.2,0.2
no_client_information,small,chaoshengmnist_224,convnext,5,0.0,42,morph_anchor,2,client_2.pt,0.2,0.2,0.2
no_client_information,small,chaoshengmnist_224,convnext,5,0.0,42,morph_anchor,3,client_3.pt,0.2,0.2,0.2
no_client_information,small,chaoshengmnist_224,convnext,5,0.0,42,morph_anchor,4,client_4.pt,0.2,0.2,0.2
no_client_information,small,chaoshengmnist_224,convnext,5,0.01,42,morphology,0,client_0.pt,0.2,0.2,0.2
no_client_information,small,chaoshengmnist_224,convnext,5,0.01,42,morphology,1,client_1.pt,0.2,0.2,0.2
no_client_information,small,chaoshengmnist_224,convnext,5,0.01,42,morphology,2,client_2.pt,0.2,0.2,0.2
no_client_information,small,chaoshengmnist_224,convnext,5,0.01,42,morphology,3,client_3.pt,0.2,0.2,0.2
no_client_information,small,chaoshengmnist_224,convnext,5,0.01,42,morphology,4,client_4.pt,0.2,0.2,0.2
no_client_information,small,chaoshengmnist_224,convnext,5,0.1,42,morph_anchor,0,client_0.pt,0.2,0.2,0.2
no_client_information,small,chaoshengmnist_224,convnext,5,0.1,42,morph_anchor,1,client_1.pt,0.2,0.2,0.2
no_client_information,small,chaoshengmnist_224,convnext,5,0.1,42,morph_anchor,2,client_2.pt,0.2,0.2,0.2
no_client_information,small,chaoshengmnist_224,convnext,5,0.1,42,morph_anchor,3,client_3.pt,0.2,0.2,0.2
no_client_information,small,chaoshengmnist_224,convnext,5,0.1,42,morph_anchor,4,client_4.pt,0.2,0.2,0.2
no_client_information,small,chaoshengmnist_224,convnext,7,0.0,42,avg,0,client_0.pt,0.14285714285714285,0.14285714285714285,0.14285714285714285
no_client_information,small,chaoshengmnist_224,convnext,7,0.0,42,avg,1,client_1.pt,0.14285714285714285,0.14285714285714285,0.14285714285714285
no_client_information,small,chaoshengmnist_224,convnext,7,0.0,42,avg,2,client_2.pt,0.14285714285714285,0.14285714285714285,0.14285714285714285
no_client_information,small,chaoshengmnist_224,convnext,7,0.0,42,avg,3,client_3.pt,0.14285714285714285,0.14285714285714285,0.14285714285714285
no_client_information,small,chaoshengmnist_224,convnext,7,0.0,42,avg,4,client_4.pt,0.14285714285714285,0.14285714285714285,0.14285714285714285
no_client_information,small,chaoshengmnist_224,convnext,7,0.0,42,avg,5,client_5.pt,0.14285714285714285,0.14285714285714285,0.14285714285714285
no_client_information,small,chaoshengmnist_224,convnext,7,0.0,42,avg,6,client_6.pt,0.14285714285714285,0.14285714285714285,0.14285714285714285
no_client_information,small,chaoshengmnist_224,convnext,7,0.01,42,avg,0,client_0.pt,0.14285714285714285,0.14285714285714285,0.14285714285714285
no_client_information,small,chaoshengmnist_224,convnext,7,0.01,42,avg,1,client_1.pt,0.14285714285714285,0.14285714285714285,0.14285714285714285
no_client_information,small,chaoshengmnist_224,convnext,7,0.01,42,avg,2,client_2.pt,0.14285714285714285,0.14285714285714285,0.14285714285714285
no_client_information,small,chaoshengmnist_224,convnext,7,0.01,42,avg,3,client_3.pt,0.14285714285714285,0.14285714285714285,0.14285714285714285
no_client_information,small,chaoshengmnist_224,convnext,7,0.01,42,avg,4,client_4.pt,0.14285714285714285,0.14285714285714285,0.14285714285714285
no_client_information,small,chaoshengmnist_224,convnext,7,0.01,42,avg,5,client_5.pt,0.14285714285714285,0.14285714285714285,0.14285714285714285
no_client_information,small,chaoshengmnist_224,convnext,7,0.01,42,avg,6,client_6.pt,0.14285714285714285,0.14285714285714285,0.14285714285714285
no_client_information,small,chaoshengmnist_224,convnext,7,0.1,42,avg,0,client_0.pt,0.14285714285714285,0.14285714285714285,0.14285714285714285
no_client_information,small,chaoshengmnist_224,convnext,7,0.1,42,avg,1,client_1.pt,0.14285714285714285,0.14285714285714285,0.14285714285714285
no_client_information,small,chaoshengmnist_224,convnext,7,0.1,42,avg,2,client_2.pt,0.14285714285714285,0.14285714285714285,0.14285714285714285
no_client_information,small,chaoshengmnist_224,convnext,7,0.1,42,avg,3,client_3.pt,0.14285714285714285,0.14285714285714285,0.14285714285714285
no_client_information,small,chaoshengmnist_224,convnext,7,0.1,42,avg,4,client_4.pt,0.14285714285714285,0.14285714285714285,0.14285714285714285
no_client_information,small,chaoshengmnist_224,convnext,7,0.1,42,avg,5,client_5.pt,0.14285714285714285,0.14285714285714285,0.14285714285714285
no_client_information,small,chaoshengmnist_224,convnext,7,0.1,42,avg,6,client_6.pt,0.14285714285714285,0.14285714285714285,0.14285714285714285
no_client_information,small,chaoshengmnist_224,resnet,3,0.0,42,avg,0,client_0.pt,0.3333333333333333,0.3333333333333333,0.3333333333333333
no_client_information,small,chaoshengmnist_224,resnet,3,0.0,42,avg,1,client_1.pt,0.3333333333333333,0.3333333333333333,0.3333333333333333
no_client_information,small,chaoshengmnist_224,resnet,3,0.0,42,avg,2,client_2.pt,0.3333333333333333,0.3333333333333333,0.3333333333333333
no_client_information,small,chaoshengmnist_224,resnet,3,0.01,42,avg,0,client_0.pt,0.3333333333333333,0.3333333333333333,0.3333333333333333
no_client_information,small,chaoshengmnist_224,resnet,3,0.01,42,avg,1,client_1.pt,0.3333333333333333,0.3333333333333333,0.3333333333333333
no_client_information,small,chaoshengmnist_224,resnet,3,0.01,42,avg,2,client_2.pt,0.3333333333333333,0.3333333333333333,0.3333333333333333
no_client_information,small,chaoshengmnist_224,resnet,3,0.1,42,specialist_client,0,client_0.pt,0.3333333333333333,0.3333333333333333,0.3333333333333333
no_client_information,small,chaoshengmnist_224,resnet,3,0.1,42,specialist_client,1,client_1.pt,0.3333333333333333,0.3333333333333333,0.3333333333333333
no_client_information,small,chaoshengmnist_224,resnet,3,0.1,42,specialist_client,2,client_2.pt,0.3333333333333333,0.3333333333333333,0.3333333333333333
no_client_information,small,chaoshengmnist_224,resnet,5,0.0,42,specialist_client,0,client_0.pt,0.2,0.2,0.2
no_client_information,small,chaoshengmnist_224,resnet,5,0.0,42,specialist_client,1,client_1.pt,0.2,0.2,0.2
no_client_information,small,chaoshengmnist_224,resnet,5,0.0,42,specialist_client,2,client_2.pt,0.2,0.2,0.2
no_client_information,small,chaoshengmnist_224,resnet,5,0.0,42,specialist_client,3,client_3.pt,0.2,0.2,0.2
no_client_information,small,chaoshengmnist_224,resnet,5,0.0,42,specialist_client,4,client_4.pt,0.2,0.2,0.2
no_client_information,small,chaoshengmnist_224,resnet,5,0.01,42,avg,0,client_0.pt,0.2,0.2,0.2
no_client_information,small,chaoshengmnist_224,resnet,5,0.01,42,avg,1,client_1.pt,0.2,0.2,0.2
no_client_information,small,chaoshengmnist_224,resnet,5,0.01,42,avg,2,client_2.pt,0.2,0.2,0.2
no_client_information,small,chaoshengmnist_224,resnet,5,0.01,42,avg,3,client_3.pt,0.2,0.2,0.2
no_client_information,small,chaoshengmnist_224,resnet,5,0.01,42,avg,4,client_4.pt,0.2,0.2,0.2
no_client_information,small,chaoshengmnist_224,resnet,5,0.1,42,specialist_client,0,client_0.pt,0.2,0.2,0.2
no_client_information,small,chaoshengmnist_224,resnet,5,0.1,42,specialist_client,1,client_1.pt,0.2,0.2,0.2
no_client_information,small,chaoshengmnist_224,resnet,5,0.1,42,specialist_client,2,client_2.pt,0.2,0.2,0.2
no_client_information,small,chaoshengmnist_224,resnet,5,0.1,42,specialist_client,3,client_3.pt,0.2,0.2,0.2
no_client_information,small,chaoshengmnist_224,resnet,5,0.1,42,specialist_client,4,client_4.pt,0.2,0.2,0.2
no_client_information,small,chaoshengmnist_224,resnet,7,0.0,42,specialist_client,0,client_0.pt,0.14285714285714285,0.14285714285714285,0.14285714285714285
no_client_information,small,chaoshengmnist_224,resnet,7,0.0,42,specialist_client,1,client_1.pt,0.14285714285714285,0.14285714285714285,0.14285714285714285
no_client_information,small,chaoshengmnist_224,resnet,7,0.0,42,specialist_client,2,client_2.pt,0.14285714285714285,0.14285714285714285,0.14285714285714285
no_client_information,small,chaoshengmnist_224,resnet,7,0.0,42,specialist_client,3,client_3.pt,0.14285714285714285,0.14285714285714285,0.14285714285714285
no_client_information,small,chaoshengmnist_224,resnet,7,0.0,42,specialist_client,4,client_4.pt,0.14285714285714285,0.14285714285714285,0.14285714285714285
no_client_information,small,chaoshengmnist_224,resnet,7,0.0,42,specialist_client,5,client_5.pt,0.14285714285714285,0.14285714285714285,0.14285714285714285
no_client_information,small,chaoshengmnist_224,resnet,7,0.0,42,specialist_client,6,client_6.pt,0.14285714285714285,0.14285714285714285,0.14285714285714285
no_client_information,small,chaoshengmnist_224,resnet,7,0.01,42,avg,0,client_0.pt,0.14285714285714285,0.14285714285714285,0.14285714285714285
no_client_information,small,chaoshengmnist_224,resnet,7,0.01,42,avg,1,client_1.pt,0.14285714285714285,0.14285714285714285,0.14285714285714285
no_client_information,small,chaoshengmnist_224,resnet,7,0.01,42,avg,2,client_2.pt,0.14285714285714285,0.14285714285714285,0.14285714285714285
no_client_information,small,chaoshengmnist_224,resnet,7,0.01,42,avg,3,client_3.pt,0.14285714285714285,0.14285714285714285,0.14285714285714285
no_client_information,small,chaoshengmnist_224,resnet,7,0.01,42,avg,4,client_4.pt,0.14285714285714285,0.14285714285714285,0.14285714285714285
no_client_information,small,chaoshengmnist_224,resnet,7,0.01,42,avg,5,client_5.pt,0.14285714285714285,0.14285714285714285,0.14285714285714285
no_client_information,small,chaoshengmnist_224,resnet,7,0.01,42,avg,6,client_6.pt,0.14285714285714285,0.14285714285714285,0.14285714285714285
no_client_information,small,chaoshengmnist_224,resnet,7,0.1,42,specialist_client,0,client_0.pt,0.14285714285714285,0.14285714285714285,0.14285714285714285
no_client_information,small,chaoshengmnist_224,resnet,7,0.1,42,specialist_client,1,client_1.pt,0.14285714285714285,0.14285714285714285,0.14285714285714285
no_client_information,small,chaoshengmnist_224,resnet,7,0.1,42,specialist_client,2,client_2.pt,0.14285714285714285,0.14285714285714285,0.14285714285714285
no_client_information,small,chaoshengmnist_224,resnet,7,0.1,42,specialist_client,3,client_3.pt,0.14285714285714285,0.14285714285714285,0.14285714285714285
no_client_information,small,chaoshengmnist_224,resnet,7,0.1,42,specialist_client,4,client_4.pt,0.14285714285714285,0.14285714285714285,0.14285714285714285
no_client_information,small,chaoshengmnist_224,resnet,7,0.1,42,specialist_client,5,client_5.pt,0.14285714285714285,0.14285714285714285,0.14285714285714285
no_client_information,small,chaoshengmnist_224,resnet,7,0.1,42,specialist_client,6,client_6.pt,0.14285714285714285,0.14285714285714285,0.14285714285714285
no_client_information,small,chaoshengmnist_224,swin_tiny,3,0.0,42,prototype_head,0,client_0.pt,0.3333333333333333,0.3333333333333333,0.3333333333333333
no_client_information,small,chaoshengmnist_224,swin_tiny,3,0.0,42,prototype_head,1,client_1.pt,0.3333333333333333,0.3333333333333333,0.3333333333333333
no_client_information,small,chaoshengmnist_224,swin_tiny,3,0.0,42,prototype_head,2,client_2.pt,0.3333333333333333,0.3333333333333333,0.3333333333333333
no_client_information,small,chaoshengmnist_224,swin_tiny,3,0.01,42,prototype_head,0,client_0.pt,0.3333333333333333,0.3333333333333333,0.3333333333333333
no_client_information,small,chaoshengmnist_224,swin_tiny,3,0.01,42,prototype_head,1,client_1.pt,0.3333333333333333,0.3333333333333333,0.3333333333333333
no_client_information,small,chaoshengmnist_224,swin_tiny,3,0.01,42,prototype_head,2,client_2.pt,0.3333333333333333,0.3333333333333333,0.3333333333333333
no_client_information,small,chaoshengmnist_224,swin_tiny,3,0.1,42,prototype_head,0,client_0.pt,0.3333333333333333,0.3333333333333333,0.3333333333333333
no_client_information,small,chaoshengmnist_224,swin_tiny,3,0.1,42,prototype_head,1,client_1.pt,0.3333333333333333,0.3333333333333333,0.3333333333333333
no_client_information,small,chaoshengmnist_224,swin_tiny,3,0.1,42,prototype_head,2,client_2.pt,0.3333333333333333,0.3333333333333333,0.3333333333333333
no_client_information,small,chaoshengmnist_224,swin_tiny,5,0.0,42,prototype_head,0,client_0.pt,0.2,0.2,0.2
no_client_information,small,chaoshengmnist_224,swin_tiny,5,0.0,42,prototype_head,1,client_1.pt,0.2,0.2,0.2
no_client_information,small,chaoshengmnist_224,swin_tiny,5,0.0,42,prototype_head,2,client_2.pt,0.2,0.2,0.2
no_client_information,small,chaoshengmnist_224,swin_tiny,5,0.0,42,prototype_head,3,client_3.pt,0.2,0.2,0.2
no_client_information,small,chaoshengmnist_224,swin_tiny,5,0.0,42,prototype_head,4,client_4.pt,0.2,0.2,0.2
no_client_information,small,chaoshengmnist_224,swin_tiny,5,0.01,42,prototype_head,0,client_0.pt,0.2,0.2,0.2
no_client_information,small,chaoshengmnist_224,swin_tiny,5,0.01,42,prototype_head,1,client_1.pt,0.2,0.2,0.2
no_client_information,small,chaoshengmnist_224,swin_tiny,5,0.01,42,prototype_head,2,client_2.pt,0.2,0.2,0.2
no_client_information,small,chaoshengmnist_224,swin_tiny,5,0.01,42,prototype_head,3,client_3.pt,0.2,0.2,0.2
no_client_information,small,chaoshengmnist_224,swin_tiny,5,0.01,42,prototype_head,4,client_4.pt,0.2,0.2,0.2
no_client_information,small,chaoshengmnist_224,swin_tiny,5,0.1,42,prototype_head,0,client_0.pt,0.2,0.2,0.2
no_client_information,small,chaoshengmnist_224,swin_tiny,5,0.1,42,prototype_head,1,client_1.pt,0.2,0.2,0.2
no_client_information,small,chaoshengmnist_224,swin_tiny,5,0.1,42,prototype_head,2,client_2.pt,0.2,0.2,0.2
no_client_information,small,chaoshengmnist_224,swin_tiny,5,0.1,42,prototype_head,3,client_3.pt,0.2,0.2,0.2
no_client_information,small,chaoshengmnist_224,swin_tiny,5,0.1,42,prototype_head,4,client_4.pt,0.2,0.2,0.2
no_client_information,small,chaoshengmnist_224,swin_tiny,7,0.0,42,prototype_head,0,client_0.pt,0.14285714285714285,0.14285714285714285,0.14285714285714285
no_client_information,small,chaoshengmnist_224,swin_tiny,7,0.0,42,prototype_head,1,client_1.pt,0.14285714285714285,0.14285714285714285,0.14285714285714285
no_client_information,small,chaoshengmnist_224,swin_tiny,7,0.0,42,prototype_head,2,client_2.pt,0.14285714285714285,0.14285714285714285,0.14285714285714285
no_client_information,small,chaoshengmnist_224,swin_tiny,7,0.0,42,prototype_head,3,client_3.pt,0.14285714285714285,0.14285714285714285,0.14285714285714285
no_client_information,small,chaoshengmnist_224,swin_tiny,7,0.0,42,prototype_head,4,client_4.pt,0.14285714285714285,0.14285714285714285,0.14285714285714285
no_client_information,small,chaoshengmnist_224,swin_tiny,7,0.0,42,prototype_head,5,client_5.pt,0.14285714285714285,0.14285714285714285,0.14285714285714285
no_client_information,small,chaoshengmnist_224,swin_tiny,7,0.0,42,prototype_head,6,client_6.pt,0.14285714285714285,0.14285714285714285,0.14285714285714285
no_client_information,small,chaoshengmnist_224,swin_tiny,7,0.01,42,prototype_head,0,client_0.pt,0.14285714285714285,0.14285714285714285,0.14285714285714285
no_client_information,small,chaoshengmnist_224,swin_tiny,7,0.01,42,prototype_head,1,client_1.pt,0.14285714285714285,0.14285714285714285,0.14285714285714285
no_client_information,small,chaoshengmnist_224,swin_tiny,7,0.01,42,prototype_head,2,client_2.pt,0.14285714285714285,0.14285714285714285,0.14285714285714285
no_client_information,small,chaoshengmnist_224,swin_tiny,7,0.01,42,prototype_head,3,client_3.pt,0.14285714285714285,0.14285714285714285,0.14285714285714285
no_client_information,small,chaoshengmnist_224,swin_tiny,7,0.01,42,prototype_head,4,client_4.pt,0.14285714285714285,0.14285714285714285,0.14285714285714285
no_client_information,small,chaoshengmnist_224,swin_tiny,7,0.01,42,prototype_head,5,client_5.pt,0.14285714285714285,0.14285714285714285,0.14285714285714285
no_client_information,small,chaoshengmnist_224,swin_tiny,7,0.01,42,prototype_head,6,client_6.pt,0.14285714285714285,0.14285714285714285,0.14285714285714285
no_client_information,small,chaoshengmnist_224,swin_tiny,7,0.1,42,prototype_head,0,client_0.pt,0.14285714285714285,0.14285714285714285,0.14285714285714285
no_client_information,small,chaoshengmnist_224,swin_tiny,7,0.1,42,prototype_head,1,client_1.pt,0.14285714285714285,0.14285714285714285,0.14285714285714285
no_client_information,small,chaoshengmnist_224,swin_tiny,7,0.1,42,prototype_head,2,client_2.pt,0.14285714285714285,0.14285714285714285,0.14285714285714285
no_client_information,small,chaoshengmnist_224,swin_tiny,7,0.1,42,prototype_head,3,client_3.pt,0.14285714285714285,0.14285714285714285,0.14285714285714285
no_client_information,small,chaoshengmnist_224,swin_tiny,7,0.1,42,prototype_head,4,client_4.pt,0.14285714285714285,0.14285714285714285,0.14285714285714285
no_client_information,small,chaoshengmnist_224,swin_tiny,7,0.1,42,prototype_head,5,client_5.pt,0.14285714285714285,0.14285714285714285,0.14285714285714285
no_client_information,small,chaoshengmnist_224,swin_tiny,7,0.1,42,prototype_head,6,client_6.pt,0.14285714285714285,0.14285714285714285,0.14285714285714285
no_client_information,small,chaoshengmnist_224,vit_t,3,0.0,42,prototype_head,0,client_0.pt,0.3333333333333333,0.3333333333333333,0.3333333333333333
no_client_information,small,chaoshengmnist_224,vit_t,3,0.0,42,prototype_head,1,client_1.pt,0.3333333333333333,0.3333333333333333,0.3333333333333333
no_client_information,small,chaoshengmnist_224,vit_t,3,0.0,42,prototype_head,2,client_2.pt,0.3333333333333333,0.3333333333333333,0.3333333333333333
no_client_information,small,chaoshengmnist_224,vit_t,3,0.01,42,prototype_head,0,client_0.pt,0.3333333333333333,0.3333333333333333,0.3333333333333333
no_client_information,small,chaoshengmnist_224,vit_t,3,0.01,42,prototype_head,1,client_1.pt,0.3333333333333333,0.3333333333333333,0.3333333333333333
no_client_information,small,chaoshengmnist_224,vit_t,3,0.01,42,prototype_head,2,client_2.pt,0.3333333333333333,0.3333333333333333,0.3333333333333333
no_client_information,small,chaoshengmnist_224,vit_t,3,0.1,42,prototype_head,0,client_0.pt,0.3333333333333333,0.3333333333333333,0.3333333333333333
no_client_information,small,chaoshengmnist_224,vit_t,3,0.1,42,prototype_head,1,client_1.pt,0.3333333333333333,0.3333333333333333,0.3333333333333333
no_client_information,small,chaoshengmnist_224,vit_t,3,0.1,42,prototype_head,2,client_2.pt,0.3333333333333333,0.3333333333333333,0.3333333333333333
no_client_information,small,chaoshengmnist_224,vit_t,5,0.0,42,prototype_head,0,client_0.pt,0.2,0.2,0.2
no_client_information,small,chaoshengmnist_224,vit_t,5,0.0,42,prototype_head,1,client_1.pt,0.2,0.2,0.2
no_client_information,small,chaoshengmnist_224,vit_t,5,0.0,42,prototype_head,2,client_2.pt,0.2,0.2,0.2
no_client_information,small,chaoshengmnist_224,vit_t,5,0.0,42,prototype_head,3,client_3.pt,0.2,0.2,0.2
no_client_information,small,chaoshengmnist_224,vit_t,5,0.0,42,prototype_head,4,client_4.pt,0.2,0.2,0.2
no_client_information,small,chaoshengmnist_224,vit_t,5,0.01,42,prototype_head,0,client_0.pt,0.2,0.2,0.2
no_client_information,small,chaoshengmnist_224,vit_t,5,0.01,42,prototype_head,1,client_1.pt,0.2,0.2,0.2
no_client_information,small,chaoshengmnist_224,vit_t,5,0.01,42,prototype_head,2,client_2.pt,0.2,0.2,0.2
no_client_information,small,chaoshengmnist_224,vit_t,5,0.01,42,prototype_head,3,client_3.pt,0.2,0.2,0.2
no_client_information,small,chaoshengmnist_224,vit_t,5,0.01,42,prototype_head,4,client_4.pt,0.2,0.2,0.2
no_client_information,small,chaoshengmnist_224,vit_t,5,0.1,42,prototype_head,0,client_0.pt,0.2,0.2,0.2
no_client_information,small,chaoshengmnist_224,vit_t,5,0.1,42,prototype_head,1,client_1.pt,0.2,0.2,0.2
no_client_information,small,chaoshengmnist_224,vit_t,5,0.1,42,prototype_head,2,client_2.pt,0.2,0.2,0.2
no_client_information,small,chaoshengmnist_224,vit_t,5,0.1,42,prototype_head,3,client_3.pt,0.2,0.2,0.2
no_client_information,small,chaoshengmnist_224,vit_t,5,0.1,42,prototype_head,4,client_4.pt,0.2,0.2,0.2
no_client_information,small,chaoshengmnist_224,vit_t,7,0.0,42,prototype_head,0,client_0.pt,0.14285714285714285,0.14285714285714285,0.14285714285714285
no_client_information,small,chaoshengmnist_224,vit_t,7,0.0,42,prototype_head,1,client_1.pt,0.14285714285714285,0.14285714285714285,0.14285714285714285
no_client_information,small,chaoshengmnist_224,vit_t,7,0.0,42,prototype_head,2,client_2.pt,0.14285714285714285,0.14285714285714285,0.14285714285714285
no_client_information,small,chaoshengmnist_224,vit_t,7,0.0,42,prototype_head,3,client_3.pt,0.14285714285714285,0.14285714285714285,0.14285714285714285
no_client_information,small,chaoshengmnist_224,vit_t,7,0.0,42,prototype_head,4,client_4.pt,0.14285714285714285,0.14285714285714285,0.14285714285714285
no_client_information,small,chaoshengmnist_224,vit_t,7,0.0,42,prototype_head,5,client_5.pt,0.14285714285714285,0.14285714285714285,0.14285714285714285
no_client_information,small,chaoshengmnist_224,vit_t,7,0.0,42,prototype_head,6,client_6.pt,0.14285714285714285,0.14285714285714285,0.14285714285714285
no_client_information,small,chaoshengmnist_224,vit_t,7,0.01,42,prototype_head,0,client_0.pt,0.14285714285714285,0.14285714285714285,0.14285714285714285
no_client_information,small,chaoshengmnist_224,vit_t,7,0.01,42,prototype_head,1,client_1.pt,0.14285714285714285,0.14285714285714285,0.14285714285714285
no_client_information,small,chaoshengmnist_224,vit_t,7,0.01,42,prototype_head,2,client_2.pt,0.14285714285714285,0.14285714285714285,0.14285714285714285
no_client_information,small,chaoshengmnist_224,vit_t,7,0.01,42,prototype_head,3,client_3.pt,0.14285714285714285,0.14285714285714285,0.14285714285714285
no_client_information,small,chaoshengmnist_224,vit_t,7,0.01,42,prototype_head,4,client_4.pt,0.14285714285714285,0.14285714285714285,0.14285714285714285
no_client_information,small,chaoshengmnist_224,vit_t,7,0.01,42,prototype_head,5,client_5.pt,0.14285714285714285,0.14285714285714285,0.14285714285714285
no_client_information,small,chaoshengmnist_224,vit_t,7,0.01,42,prototype_head,6,client_6.pt,0.14285714285714285,0.14285714285714285,0.14285714285714285
no_client_information,small,chaoshengmnist_224,vit_t,7,0.1,42,prototype_head,0,client_0.pt,0.14285714285714285,0.14285714285714285,0.14285714285714285
no_client_information,small,chaoshengmnist_224,vit_t,7,0.1,42,prototype_head,1,client_1.pt,0.14285714285714285,0.14285714285714285,0.14285714285714285
no_client_information,small,chaoshengmnist_224,vit_t,7,0.1,42,prototype_head,2,client_2.pt,0.14285714285714285,0.14285714285714285,0.14285714285714285
no_client_information,small,chaoshengmnist_224,vit_t,7,0.1,42,prototype_head,3,client_3.pt,0.14285714285714285,0.14285714285714285,0.14285714285714285
no_client_information,small,chaoshengmnist_224,vit_t,7,0.1,42,prototype_head,4,client_4.pt,0.14285714285714285,0.14285714285714285,0.14285714285714285
no_client_information,small,chaoshengmnist_224,vit_t,7,0.1,42,prototype_head,5,client_5.pt,0.14285714285714285,0.14285714285714285,0.14285714285714285
no_client_information,small,chaoshengmnist_224,vit_t,7,0.1,42,prototype_head,6,client_6.pt,0.14285714285714285,0.14285714285714285,0.14285714285714285
no_client_information,small,dermamnist_224,convnext,3,0.0,42,avg,0,client_0.pt,0.3333333333333333,0.3333333333333333,0.3333333333333333
no_client_information,small,dermamnist_224,convnext,3,0.0,42,avg,1,client_1.pt,0.3333333333333333,0.3333333333333333,0.3333333333333333
no_client_information,small,dermamnist_224,convnext,3,0.0,42,avg,2,client_2.pt,0.3333333333333333,0.3333333333333333,0.3333333333333333
no_client_information,small,dermamnist_224,convnext,3,0.01,42,morphology,0,client_0.pt,0.3333333333333333,0.3333333333333333,0.3333333333333333
no_client_information,small,dermamnist_224,convnext,3,0.01,42,morphology,1,client_1.pt,0.3333333333333333,0.3333333333333333,0.3333333333333333
no_client_information,small,dermamnist_224,convnext,3,0.01,42,morphology,2,client_2.pt,0.3333333333333333,0.3333333333333333,0.3333333333333333
no_client_information,small,dermamnist_224,convnext,3,0.1,42,avg,0,client_0.pt,0.3333333333333333,0.3333333333333333,0.3333333333333333
no_client_information,small,dermamnist_224,convnext,3,0.1,42,avg,1,client_1.pt,0.3333333333333333,0.3333333333333333,0.3333333333333333
no_client_information,small,dermamnist_224,convnext,3,0.1,42,avg,2,client_2.pt,0.3333333333333333,0.3333333333333333,0.3333333333333333
no_client_information,small,dermamnist_224,convnext,5,0.0,42,avg,0,client_0.pt,0.2,0.2,0.2
no_client_information,small,dermamnist_224,convnext,5,0.0,42,avg,1,client_1.pt,0.2,0.2,0.2
no_client_information,small,dermamnist_224,convnext,5,0.0,42,avg,2,client_2.pt,0.2,0.2,0.2
no_client_information,small,dermamnist_224,convnext,5,0.0,42,avg,3,client_3.pt,0.2,0.2,0.2
no_client_information,small,dermamnist_224,convnext,5,0.0,42,avg,4,client_4.pt,0.2,0.2,0.2
no_client_information,small,dermamnist_224,convnext,5,0.01,42,avg,0,client_0.pt,0.2,0.2,0.2
no_client_information,small,dermamnist_224,convnext,5,0.01,42,avg,1,client_1.pt,0.2,0.2,0.2
no_client_information,small,dermamnist_224,convnext,5,0.01,42,avg,2,client_2.pt,0.2,0.2,0.2
no_client_information,small,dermamnist_224,convnext,5,0.01,42,avg,3,client_3.pt,0.2,0.2,0.2
no_client_information,small,dermamnist_224,convnext,5,0.01,42,avg,4,client_4.pt,0.2,0.2,0.2
no_client_information,small,dermamnist_224,convnext,5,0.1,42,avg,0,client_0.pt,0.2,0.2,0.2
no_client_information,small,dermamnist_224,convnext,5,0.1,42,avg,1,client_1.pt,0.2,0.2,0.2
no_client_information,small,dermamnist_224,convnext,5,0.1,42,avg,2,client_2.pt,0.2,0.2,0.2
no_client_information,small,dermamnist_224,convnext,5,0.1,42,avg,3,client_3.pt,0.2,0.2,0.2
no_client_information,small,dermamnist_224,convnext,5,0.1,42,avg,4,client_4.pt,0.2,0.2,0.2
no_client_information,small,dermamnist_224,convnext,7,0.0,42,avg,0,client_0.pt,0.14285714285714285,0.14285714285714285,0.14285714285714285
no_client_information,small,dermamnist_224,convnext,7,0.0,42,avg,1,client_1.pt,0.14285714285714285,0.14285714285714285,0.14285714285714285
no_client_information,small,dermamnist_224,convnext,7,0.0,42,avg,2,client_2.pt,0.14285714285714285,0.14285714285714285,0.14285714285714285
no_client_information,small,dermamnist_224,convnext,7,0.0,42,avg,3,client_3.pt,0.14285714285714285,0.14285714285714285,0.14285714285714285
no_client_information,small,dermamnist_224,convnext,7,0.0,42,avg,4,client_4.pt,0.14285714285714285,0.14285714285714285,0.14285714285714285
no_client_information,small,dermamnist_224,convnext,7,0.0,42,avg,5,client_5.pt,0.14285714285714285,0.14285714285714285,0.14285714285714285
no_client_information,small,dermamnist_224,convnext,7,0.0,42,avg,6,client_6.pt,0.14285714285714285,0.14285714285714285,0.14285714285714285
no_client_information,small,dermamnist_224,convnext,7,0.01,42,avg,0,client_0.pt,0.14285714285714285,0.14285714285714285,0.14285714285714285
no_client_information,small,dermamnist_224,convnext,7,0.01,42,avg,1,client_1.pt,0.14285714285714285,0.14285714285714285,0.14285714285714285
no_client_information,small,dermamnist_224,convnext,7,0.01,42,avg,2,client_2.pt,0.14285714285714285,0.14285714285714285,0.14285714285714285
no_client_information,small,dermamnist_224,convnext,7,0.01,42,avg,3,client_3.pt,0.14285714285714285,0.14285714285714285,0.14285714285714285
no_client_information,small,dermamnist_224,convnext,7,0.01,42,avg,4,client_4.pt,0.14285714285714285,0.14285714285714285,0.14285714285714285
no_client_information,small,dermamnist_224,convnext,7,0.01,42,avg,5,client_5.pt,0.14285714285714285,0.14285714285714285,0.14285714285714285
no_client_information,small,dermamnist_224,convnext,7,0.01,42,avg,6,client_6.pt,0.14285714285714285,0.14285714285714285,0.14285714285714285
no_client_information,small,dermamnist_224,convnext,7,0.1,42,avg,0,client_0.pt,0.14285714285714285,0.14285714285714285,0.14285714285714285
no_client_information,small,dermamnist_224,convnext,7,0.1,42,avg,1,client_1.pt,0.14285714285714285,0.14285714285714285,0.14285714285714285
no_client_information,small,dermamnist_224,convnext,7,0.1,42,avg,2,client_2.pt,0.14285714285714285,0.14285714285714285,0.14285714285714285
no_client_information,small,dermamnist_224,convnext,7,0.1,42,avg,3,client_3.pt,0.14285714285714285,0.14285714285714285,0.14285714285714285
no_client_information,small,dermamnist_224,convnext,7,0.1,42,avg,4,client_4.pt,0.14285714285714285,0.14285714285714285,0.14285714285714285
no_client_information,small,dermamnist_224,convnext,7,0.1,42,avg,5,client_5.pt,0.14285714285714285,0.14285714285714285,0.14285714285714285
no_client_information,small,dermamnist_224,convnext,7,0.1,42,avg,6,client_6.pt,0.14285714285714285,0.14285714285714285,0.14285714285714285
no_client_information,small,dermamnist_224,resnet,3,0.0,42,avg,0,client_0.pt,0.3333333333333333,0.3333333333333333,0.3333333333333333
no_client_information,small,dermamnist_224,resnet,3,0.0,42,avg,1,client_1.pt,0.3333333333333333,0.3333333333333333,0.3333333333333333
no_client_information,small,dermamnist_224,resnet,3,0.0,42,avg,2,client_2.pt,0.3333333333333333,0.3333333333333333,0.3333333333333333
no_client_information,small,dermamnist_224,resnet,3,0.01,42,consensus,0,client_0.pt,0.3333333333333333,0.3333333333333333,0.3333333333333333
no_client_information,small,dermamnist_224,resnet,3,0.01,42,consensus,1,client_1.pt,0.3333333333333333,0.3333333333333333,0.3333333333333333
no_client_information,small,dermamnist_224,resnet,3,0.01,42,consensus,2,client_2.pt,0.3333333333333333,0.3333333333333333,0.3333333333333333
no_client_information,small,dermamnist_224,resnet,3,0.1,42,morph_anchor,0,client_0.pt,0.3333333333333333,0.3333333333333333,0.3333333333333333
no_client_information,small,dermamnist_224,resnet,3,0.1,42,morph_anchor,1,client_1.pt,0.3333333333333333,0.3333333333333333,0.3333333333333333
no_client_information,small,dermamnist_224,resnet,3,0.1,42,morph_anchor,2,client_2.pt,0.3333333333333333,0.3333333333333333,0.3333333333333333
no_client_information,small,dermamnist_224,resnet,5,0.0,42,avg,0,client_0.pt,0.2,0.2,0.2
no_client_information,small,dermamnist_224,resnet,5,0.0,42,avg,1,client_1.pt,0.2,0.2,0.2
no_client_information,small,dermamnist_224,resnet,5,0.0,42,avg,2,client_2.pt,0.2,0.2,0.2
no_client_information,small,dermamnist_224,resnet,5,0.0,42,avg,3,client_3.pt,0.2,0.2,0.2
no_client_information,small,dermamnist_224,resnet,5,0.0,42,avg,4,client_4.pt,0.2,0.2,0.2
no_client_information,small,dermamnist_224,resnet,5,0.01,42,avg,0,client_0.pt,0.2,0.2,0.2
no_client_information,small,dermamnist_224,resnet,5,0.01,42,avg,1,client_1.pt,0.2,0.2,0.2
no_client_information,small,dermamnist_224,resnet,5,0.01,42,avg,2,client_2.pt,0.2,0.2,0.2
no_client_information,small,dermamnist_224,resnet,5,0.01,42,avg,3,client_3.pt,0.2,0.2,0.2
no_client_information,small,dermamnist_224,resnet,5,0.01,42,avg,4,client_4.pt,0.2,0.2,0.2
no_client_information,small,dermamnist_224,resnet,5,0.1,42,specialist_client,0,client_0.pt,0.2,0.2,0.2
no_client_information,small,dermamnist_224,resnet,5,0.1,42,specialist_client,1,client_1.pt,0.2,0.2,0.2
no_client_information,small,dermamnist_224,resnet,5,0.1,42,specialist_client,2,client_2.pt,0.2,0.2,0.2
no_client_information,small,dermamnist_224,resnet,5,0.1,42,specialist_client,3,client_3.pt,0.2,0.2,0.2
no_client_information,small,dermamnist_224,resnet,5,0.1,42,specialist_client,4,client_4.pt,0.2,0.2,0.2
no_client_information,small,dermamnist_224,resnet,7,0.0,42,avg,0,client_0.pt,0.14285714285714285,0.14285714285714285,0.14285714285714285
no_client_information,small,dermamnist_224,resnet,7,0.0,42,avg,1,client_1.pt,0.14285714285714285,0.14285714285714285,0.14285714285714285
no_client_information,small,dermamnist_224,resnet,7,0.0,42,avg,2,client_2.pt,0.14285714285714285,0.14285714285714285,0.14285714285714285
no_client_information,small,dermamnist_224,resnet,7,0.0,42,avg,3,client_3.pt,0.14285714285714285,0.14285714285714285,0.14285714285714285
no_client_information,small,dermamnist_224,resnet,7,0.0,42,avg,4,client_4.pt,0.14285714285714285,0.14285714285714285,0.14285714285714285
no_client_information,small,dermamnist_224,resnet,7,0.0,42,avg,5,client_5.pt,0.14285714285714285,0.14285714285714285,0.14285714285714285
no_client_information,small,dermamnist_224,resnet,7,0.0,42,avg,6,client_6.pt,0.14285714285714285,0.14285714285714285,0.14285714285714285
no_client_information,small,dermamnist_224,resnet,7,0.01,42,avg,0,client_0.pt,0.14285714285714285,0.14285714285714285,0.14285714285714285
no_client_information,small,dermamnist_224,resnet,7,0.01,42,avg,1,client_1.pt,0.14285714285714285,0.14285714285714285,0.14285714285714285
no_client_information,small,dermamnist_224,resnet,7,0.01,42,avg,2,client_2.pt,0.14285714285714285,0.14285714285714285,0.14285714285714285
no_client_information,small,dermamnist_224,resnet,7,0.01,42,avg,3,client_3.pt,0.14285714285714285,0.14285714285714285,0.14285714285714285
no_client_information,small,dermamnist_224,resnet,7,0.01,42,avg,4,client_4.pt,0.14285714285714285,0.14285714285714285,0.14285714285714285
no_client_information,small,dermamnist_224,resnet,7,0.01,42,avg,5,client_5.pt,0.14285714285714285,0.14285714285714285,0.14285714285714285
no_client_information,small,dermamnist_224,resnet,7,0.01,42,avg,6,client_6.pt,0.14285714285714285,0.14285714285714285,0.14285714285714285
no_client_information,small,dermamnist_224,resnet,7,0.1,42,consensus,0,client_0.pt,0.14285714285714285,0.14285714285714285,0.14285714285714285
no_client_information,small,dermamnist_224,resnet,7,0.1,42,consensus,1,client_1.pt,0.14285714285714285,0.14285714285714285,0.14285714285714285
no_client_information,small,dermamnist_224,resnet,7,0.1,42,consensus,2,client_2.pt,0.14285714285714285,0.14285714285714285,0.14285714285714285
no_client_information,small,dermamnist_224,resnet,7,0.1,42,consensus,3,client_3.pt,0.14285714285714285,0.14285714285714285,0.14285714285714285
no_client_information,small,dermamnist_224,resnet,7,0.1,42,consensus,4,client_4.pt,0.14285714285714285,0.14285714285714285,0.14285714285714285
no_client_information,small,dermamnist_224,resnet,7,0.1,42,consensus,5,client_5.pt,0.14285714285714285,0.14285714285714285,0.14285714285714285
no_client_information,small,dermamnist_224,resnet,7,0.1,42,consensus,6,client_6.pt,0.14285714285714285,0.14285714285714285,0.14285714285714285
no_client_information,small,dermamnist_224,swin_tiny,3,0.0,42,prototype_head,0,client_0.pt,0.3333333333333333,0.3333333333333333,0.3333333333333333
no_client_information,small,dermamnist_224,swin_tiny,3,0.0,42,prototype_head,1,client_1.pt,0.3333333333333333,0.3333333333333333,0.3333333333333333
no_client_information,small,dermamnist_224,swin_tiny,3,0.0,42,prototype_head,2,client_2.pt,0.3333333333333333,0.3333333333333333,0.3333333333333333
no_client_information,small,dermamnist_224,swin_tiny,3,0.01,42,prototype_head,0,client_0.pt,0.3333333333333333,0.3333333333333333,0.3333333333333333
no_client_information,small,dermamnist_224,swin_tiny,3,0.01,42,prototype_head,1,client_1.pt,0.3333333333333333,0.3333333333333333,0.3333333333333333
no_client_information,small,dermamnist_224,swin_tiny,3,0.01,42,prototype_head,2,client_2.pt,0.3333333333333333,0.3333333333333333,0.3333333333333333
no_client_information,small,dermamnist_224,swin_tiny,3,0.1,42,prototype_head,0,client_0.pt,0.3333333333333333,0.3333333333333333,0.3333333333333333
no_client_information,small,dermamnist_224,swin_tiny,3,0.1,42,prototype_head,1,client_1.pt,0.3333333333333333,0.3333333333333333,0.3333333333333333
no_client_information,small,dermamnist_224,swin_tiny,3,0.1,42,prototype_head,2,client_2.pt,0.3333333333333333,0.3333333333333333,0.3333333333333333
no_client_information,small,dermamnist_224,swin_tiny,5,0.0,42,prototype_head,0,client_0.pt,0.2,0.2,0.2
no_client_information,small,dermamnist_224,swin_tiny,5,0.0,42,prototype_head,1,client_1.pt,0.2,0.2,0.2
no_client_information,small,dermamnist_224,swin_tiny,5,0.0,42,prototype_head,2,client_2.pt,0.2,0.2,0.2
no_client_information,small,dermamnist_224,swin_tiny,5,0.0,42,prototype_head,3,client_3.pt,0.2,0.2,0.2
no_client_information,small,dermamnist_224,swin_tiny,5,0.0,42,prototype_head,4,client_4.pt,0.2,0.2,0.2
no_client_information,small,dermamnist_224,swin_tiny,5,0.01,42,prototype_head,0,client_0.pt,0.2,0.2,0.2
no_client_information,small,dermamnist_224,swin_tiny,5,0.01,42,prototype_head,1,client_1.pt,0.2,0.2,0.2
no_client_information,small,dermamnist_224,swin_tiny,5,0.01,42,prototype_head,2,client_2.pt,0.2,0.2,0.2
no_client_information,small,dermamnist_224,swin_tiny,5,0.01,42,prototype_head,3,client_3.pt,0.2,0.2,0.2
no_client_information,small,dermamnist_224,swin_tiny,5,0.01,42,prototype_head,4,client_4.pt,0.2,0.2,0.2
no_client_information,small,dermamnist_224,swin_tiny,5,0.1,42,prototype_head,0,client_0.pt,0.2,0.2,0.2
no_client_information,small,dermamnist_224,swin_tiny,5,0.1,42,prototype_head,1,client_1.pt,0.2,0.2,0.2
no_client_information,small,dermamnist_224,swin_tiny,5,0.1,42,prototype_head,2,client_2.pt,0.2,0.2,0.2
no_client_information,small,dermamnist_224,swin_tiny,5,0.1,42,prototype_head,3,client_3.pt,0.2,0.2,0.2
no_client_information,small,dermamnist_224,swin_tiny,5,0.1,42,prototype_head,4,client_4.pt,0.2,0.2,0.2
no_client_information,small,dermamnist_224,swin_tiny,7,0.0,42,reference_delta,0,client_0.pt,0.14285714285714285,0.14285714285714285,0.14285714285714285
no_client_information,small,dermamnist_224,swin_tiny,7,0.0,42,reference_delta,1,client_1.pt,0.14285714285714285,0.14285714285714285,0.14285714285714285
no_client_information,small,dermamnist_224,swin_tiny,7,0.0,42,reference_delta,2,client_2.pt,0.14285714285714285,0.14285714285714285,0.14285714285714285
no_client_information,small,dermamnist_224,swin_tiny,7,0.0,42,reference_delta,3,client_3.pt,0.14285714285714285,0.14285714285714285,0.14285714285714285
no_client_information,small,dermamnist_224,swin_tiny,7,0.0,42,reference_delta,4,client_4.pt,0.14285714285714285,0.14285714285714285,0.14285714285714285
no_client_information,small,dermamnist_224,swin_tiny,7,0.0,42,reference_delta,5,client_5.pt,0.14285714285714285,0.14285714285714285,0.14285714285714285
no_client_information,small,dermamnist_224,swin_tiny,7,0.0,42,reference_delta,6,client_6.pt,0.14285714285714285,0.14285714285714285,0.14285714285714285
no_client_information,small,dermamnist_224,swin_tiny,7,0.01,42,prototype_head,0,client_0.pt,0.14285714285714285,0.14285714285714285,0.14285714285714285
no_client_information,small,dermamnist_224,swin_tiny,7,0.01,42,prototype_head,1,client_1.pt,0.14285714285714285,0.14285714285714285,0.14285714285714285
no_client_information,small,dermamnist_224,swin_tiny,7,0.01,42,prototype_head,2,client_2.pt,0.14285714285714285,0.14285714285714285,0.14285714285714285
no_client_information,small,dermamnist_224,swin_tiny,7,0.01,42,prototype_head,3,client_3.pt,0.14285714285714285,0.14285714285714285,0.14285714285714285
no_client_information,small,dermamnist_224,swin_tiny,7,0.01,42,prototype_head,4,client_4.pt,0.14285714285714285,0.14285714285714285,0.14285714285714285
no_client_information,small,dermamnist_224,swin_tiny,7,0.01,42,prototype_head,5,client_5.pt,0.14285714285714285,0.14285714285714285,0.14285714285714285
no_client_information,small,dermamnist_224,swin_tiny,7,0.01,42,prototype_head,6,client_6.pt,0.14285714285714285,0.14285714285714285,0.14285714285714285
no_client_information,small,dermamnist_224,swin_tiny,7,0.1,42,prototype_head,0,client_0.pt,0.14285714285714285,0.14285714285714285,0.14285714285714285
no_client_information,small,dermamnist_224,swin_tiny,7,0.1,42,prototype_head,1,client_1.pt,0.14285714285714285,0.14285714285714285,0.14285714285714285
no_client_information,small,dermamnist_224,swin_tiny,7,0.1,42,prototype_head,2,client_2.pt,0.14285714285714285,0.14285714285714285,0.14285714285714285
no_client_information,small,dermamnist_224,swin_tiny,7,0.1,42,prototype_head,3,client_3.pt,0.14285714285714285,0.14285714285714285,0.14285714285714285
no_client_information,small,dermamnist_224,swin_tiny,7,0.1,42,prototype_head,4,client_4.pt,0.14285714285714285,0.14285714285714285,0.14285714285714285
no_client_information,small,dermamnist_224,swin_tiny,7,0.1,42,prototype_head,5,client_5.pt,0.14285714285714285,0.14285714285714285,0.14285714285714285
no_client_information,small,dermamnist_224,swin_tiny,7,0.1,42,prototype_head,6,client_6.pt,0.14285714285714285,0.14285714285714285,0.14285714285714285
no_client_information,small,dermamnist_224,vit_t,3,0.0,42,prototype_head,0,client_0.pt,0.3333333333333333,0.3333333333333333,0.3333333333333333
no_client_information,small,dermamnist_224,vit_t,3,0.0,42,prototype_head,1,client_1.pt,0.3333333333333333,0.3333333333333333,0.3333333333333333
no_client_information,small,dermamnist_224,vit_t,3,0.0,42,prototype_head,2,client_2.pt,0.3333333333333333,0.3333333333333333,0.3333333333333333
no_client_information,small,dermamnist_224,vit_t,3,0.01,42,prototype_head,0,client_0.pt,0.3333333333333333,0.3333333333333333,0.3333333333333333
no_client_information,small,dermamnist_224,vit_t,3,0.01,42,prototype_head,1,client_1.pt,0.3333333333333333,0.3333333333333333,0.3333333333333333
no_client_information,small,dermamnist_224,vit_t,3,0.01,42,prototype_head,2,client_2.pt,0.3333333333333333,0.3333333333333333,0.3333333333333333
no_client_information,small,dermamnist_224,vit_t,3,0.1,42,prototype_head,0,client_0.pt,0.3333333333333333,0.3333333333333333,0.3333333333333333
no_client_information,small,dermamnist_224,vit_t,3,0.1,42,prototype_head,1,client_1.pt,0.3333333333333333,0.3333333333333333,0.3333333333333333
no_client_information,small,dermamnist_224,vit_t,3,0.1,42,prototype_head,2,client_2.pt,0.3333333333333333,0.3333333333333333,0.3333333333333333
no_client_information,small,dermamnist_224,vit_t,5,0.0,42,prototype_head,0,client_0.pt,0.2,0.2,0.2
no_client_information,small,dermamnist_224,vit_t,5,0.0,42,prototype_head,1,client_1.pt,0.2,0.2,0.2
no_client_information,small,dermamnist_224,vit_t,5,0.0,42,prototype_head,2,client_2.pt,0.2,0.2,0.2
no_client_information,small,dermamnist_224,vit_t,5,0.0,42,prototype_head,3,client_3.pt,0.2,0.2,0.2
no_client_information,small,dermamnist_224,vit_t,5,0.0,42,prototype_head,4,client_4.pt,0.2,0.2,0.2
no_client_information,small,dermamnist_224,vit_t,5,0.01,42,prototype_head,0,client_0.pt,0.2,0.2,0.2
no_client_information,small,dermamnist_224,vit_t,5,0.01,42,prototype_head,1,client_1.pt,0.2,0.2,0.2
no_client_information,small,dermamnist_224,vit_t,5,0.01,42,prototype_head,2,client_2.pt,0.2,0.2,0.2
no_client_information,small,dermamnist_224,vit_t,5,0.01,42,prototype_head,3,client_3.pt,0.2,0.2,0.2
no_client_information,small,dermamnist_224,vit_t,5,0.01,42,prototype_head,4,client_4.pt,0.2,0.2,0.2
no_client_information,small,dermamnist_224,vit_t,5,0.1,42,prototype_head,0,client_0.pt,0.2,0.2,0.2
no_client_information,small,dermamnist_224,vit_t,5,0.1,42,prototype_head,1,client_1.pt,0.2,0.2,0.2
no_client_information,small,dermamnist_224,vit_t,5,0.1,42,prototype_head,2,client_2.pt,0.2,0.2,0.2
no_client_information,small,dermamnist_224,vit_t,5,0.1,42,prototype_head,3,client_3.pt,0.2,0.2,0.2
no_client_information,small,dermamnist_224,vit_t,5,0.1,42,prototype_head,4,client_4.pt,0.2,0.2,0.2
no_client_information,small,dermamnist_224,vit_t,7,0.0,42,avg,0,client_0.pt,0.14285714285714285,0.14285714285714285,0.14285714285714285
no_client_information,small,dermamnist_224,vit_t,7,0.0,42,avg,1,client_1.pt,0.14285714285714285,0.14285714285714285,0.14285714285714285
no_client_information,small,dermamnist_224,vit_t,7,0.0,42,avg,2,client_2.pt,0.14285714285714285,0.14285714285714285,0.14285714285714285
no_client_information,small,dermamnist_224,vit_t,7,0.0,42,avg,3,client_3.pt,0.14285714285714285,0.14285714285714285,0.14285714285714285
no_client_information,small,dermamnist_224,vit_t,7,0.0,42,avg,4,client_4.pt,0.14285714285714285,0.14285714285714285,0.14285714285714285
no_client_information,small,dermamnist_224,vit_t,7,0.0,42,avg,5,client_5.pt,0.14285714285714285,0.14285714285714285,0.14285714285714285
no_client_information,small,dermamnist_224,vit_t,7,0.0,42,avg,6,client_6.pt,0.14285714285714285,0.14285714285714285,0.14285714285714285
no_client_information,small,dermamnist_224,vit_t,7,0.01,42,prototype_head,0,client_0.pt,0.14285714285714285,0.14285714285714285,0.14285714285714285
no_client_information,small,dermamnist_224,vit_t,7,0.01,42,prototype_head,1,client_1.pt,0.14285714285714285,0.14285714285714285,0.14285714285714285
no_client_information,small,dermamnist_224,vit_t,7,0.01,42,prototype_head,2,client_2.pt,0.14285714285714285,0.14285714285714285,0.14285714285714285
no_client_information,small,dermamnist_224,vit_t,7,0.01,42,prototype_head,3,client_3.pt,0.14285714285714285,0.14285714285714285,0.14285714285714285
no_client_information,small,dermamnist_224,vit_t,7,0.01,42,prototype_head,4,client_4.pt,0.14285714285714285,0.14285714285714285,0.14285714285714285
no_client_information,small,dermamnist_224,vit_t,7,0.01,42,prototype_head,5,client_5.pt,0.14285714285714285,0.14285714285714285,0.14285714285714285
no_client_information,small,dermamnist_224,vit_t,7,0.01,42,prototype_head,6,client_6.pt,0.14285714285714285,0.14285714285714285,0.14285714285714285
no_client_information,small,dermamnist_224,vit_t,7,0.1,42,prototype_head,0,client_0.pt,0.14285714285714285,0.14285714285714285,0.14285714285714285
no_client_information,small,dermamnist_224,vit_t,7,0.1,42,prototype_head,1,client_1.pt,0.14285714285714285,0.14285714285714285,0.14285714285714285
no_client_information,small,dermamnist_224,vit_t,7,0.1,42,prototype_head,2,client_2.pt,0.14285714285714285,0.14285714285714285,0.14285714285714285
no_client_information,small,dermamnist_224,vit_t,7,0.1,42,prototype_head,3,client_3.pt,0.14285714285714285,0.14285714285714285,0.14285714285714285
no_client_information,small,dermamnist_224,vit_t,7,0.1,42,prototype_head,4,client_4.pt,0.14285714285714285,0.14285714285714285,0.14285714285714285
no_client_information,small,dermamnist_224,vit_t,7,0.1,42,prototype_head,5,client_5.pt,0.14285714285714285,0.14285714285714285,0.14285714285714285
no_client_information,small,dermamnist_224,vit_t,7,0.1,42,prototype_head,6,client_6.pt,0.14285714285714285,0.14285714285714285,0.14285714285714285
no_client_information,small,organcmnist_224,convnext,3,0.0,42,morphology,0,client_0.pt,0.3333333333333333,0.3333333333333333,0.3333333333333333
no_client_information,small,organcmnist_224,convnext,3,0.0,42,morphology,1,client_1.pt,0.3333333333333333,0.3333333333333333,0.3333333333333333
no_client_information,small,organcmnist_224,convnext,3,0.0,42,morphology,2,client_2.pt,0.3333333333333333,0.3333333333333333,0.3333333333333333
no_client_information,small,organcmnist_224,convnext,3,0.01,42,morphology,0,client_0.pt,0.3333333333333333,0.3333333333333333,0.3333333333333333
no_client_information,small,organcmnist_224,convnext,3,0.01,42,morphology,1,client_1.pt,0.3333333333333333,0.3333333333333333,0.3333333333333333
no_client_information,small,organcmnist_224,convnext,3,0.01,42,morphology,2,client_2.pt,0.3333333333333333,0.3333333333333333,0.3333333333333333
no_client_information,small,organcmnist_224,convnext,3,0.1,42,specialist_client,0,client_0.pt,0.3333333333333333,0.3333333333333333,0.3333333333333333
no_client_information,small,organcmnist_224,convnext,3,0.1,42,specialist_client,1,client_1.pt,0.3333333333333333,0.3333333333333333,0.3333333333333333
no_client_information,small,organcmnist_224,convnext,3,0.1,42,specialist_client,2,client_2.pt,0.3333333333333333,0.3333333333333333,0.3333333333333333
no_client_information,small,organcmnist_224,convnext,5,0.0,42,avg,0,client_0.pt,0.2,0.2,0.2
no_client_information,small,organcmnist_224,convnext,5,0.0,42,avg,1,client_1.pt,0.2,0.2,0.2
no_client_information,small,organcmnist_224,convnext,5,0.0,42,avg,2,client_2.pt,0.2,0.2,0.2
no_client_information,small,organcmnist_224,convnext,5,0.0,42,avg,3,client_3.pt,0.2,0.2,0.2
no_client_information,small,organcmnist_224,convnext,5,0.0,42,avg,4,client_4.pt,0.2,0.2,0.2
no_client_information,small,organcmnist_224,convnext,5,0.01,42,specialist_client,0,client_0.pt,0.2,0.2,0.2
no_client_information,small,organcmnist_224,convnext,5,0.01,42,specialist_client,1,client_1.pt,0.2,0.2,0.2
no_client_information,small,organcmnist_224,convnext,5,0.01,42,specialist_client,2,client_2.pt,0.2,0.2,0.2
no_client_information,small,organcmnist_224,convnext,5,0.01,42,specialist_client,3,client_3.pt,0.2,0.2,0.2
no_client_information,small,organcmnist_224,convnext,5,0.01,42,specialist_client,4,client_4.pt,0.2,0.2,0.2
no_client_information,small,organcmnist_224,convnext,5,0.1,42,specialist_client,0,client_0.pt,0.2,0.2,0.2
no_client_information,small,organcmnist_224,convnext,5,0.1,42,specialist_client,1,client_1.pt,0.2,0.2,0.2
no_client_information,small,organcmnist_224,convnext,5,0.1,42,specialist_client,2,client_2.pt,0.2,0.2,0.2
no_client_information,small,organcmnist_224,convnext,5,0.1,42,specialist_client,3,client_3.pt,0.2,0.2,0.2
no_client_information,small,organcmnist_224,convnext,5,0.1,42,specialist_client,4,client_4.pt,0.2,0.2,0.2
no_client_information,small,organcmnist_224,convnext,7,0.0,42,specialist_client,0,client_0.pt,0.14285714285714285,0.14285714285714285,0.14285714285714285
no_client_information,small,organcmnist_224,convnext,7,0.0,42,specialist_client,1,client_1.pt,0.14285714285714285,0.14285714285714285,0.14285714285714285
no_client_information,small,organcmnist_224,convnext,7,0.0,42,specialist_client,2,client_2.pt,0.14285714285714285,0.14285714285714285,0.14285714285714285
no_client_information,small,organcmnist_224,convnext,7,0.0,42,specialist_client,3,client_3.pt,0.14285714285714285,0.14285714285714285,0.14285714285714285
no_client_information,small,organcmnist_224,convnext,7,0.0,42,specialist_client,4,client_4.pt,0.14285714285714285,0.14285714285714285,0.14285714285714285
no_client_information,small,organcmnist_224,convnext,7,0.0,42,specialist_client,5,client_5.pt,0.14285714285714285,0.14285714285714285,0.14285714285714285
no_client_information,small,organcmnist_224,convnext,7,0.0,42,specialist_client,6,client_6.pt,0.14285714285714285,0.14285714285714285,0.14285714285714285
no_client_information,small,organcmnist_224,convnext,7,0.01,42,specialist_client,0,client_0.pt,0.14285714285714285,0.14285714285714285,0.14285714285714285
no_client_information,small,organcmnist_224,convnext,7,0.01,42,specialist_client,1,client_1.pt,0.14285714285714285,0.14285714285714285,0.14285714285714285
no_client_information,small,organcmnist_224,convnext,7,0.01,42,specialist_client,2,client_2.pt,0.14285714285714285,0.14285714285714285,0.14285714285714285
no_client_information,small,organcmnist_224,convnext,7,0.01,42,specialist_client,3,client_3.pt,0.14285714285714285,0.14285714285714285,0.14285714285714285
no_client_information,small,organcmnist_224,convnext,7,0.01,42,specialist_client,4,client_4.pt,0.14285714285714285,0.14285714285714285,0.14285714285714285
no_client_information,small,organcmnist_224,convnext,7,0.01,42,specialist_client,5,client_5.pt,0.14285714285714285,0.14285714285714285,0.14285714285714285
no_client_information,small,organcmnist_224,convnext,7,0.01,42,specialist_client,6,client_6.pt,0.14285714285714285,0.14285714285714285,0.14285714285714285
no_client_information,small,organcmnist_224,convnext,7,0.1,42,avg,0,client_0.pt,0.14285714285714285,0.14285714285714285,0.14285714285714285
no_client_information,small,organcmnist_224,convnext,7,0.1,42,avg,1,client_1.pt,0.14285714285714285,0.14285714285714285,0.14285714285714285
no_client_information,small,organcmnist_224,convnext,7,0.1,42,avg,2,client_2.pt,0.14285714285714285,0.14285714285714285,0.14285714285714285
no_client_information,small,organcmnist_224,convnext,7,0.1,42,avg,3,client_3.pt,0.14285714285714285,0.14285714285714285,0.14285714285714285
no_client_information,small,organcmnist_224,convnext,7,0.1,42,avg,4,client_4.pt,0.14285714285714285,0.14285714285714285,0.14285714285714285
no_client_information,small,organcmnist_224,convnext,7,0.1,42,avg,5,client_5.pt,0.14285714285714285,0.14285714285714285,0.14285714285714285
no_client_information,small,organcmnist_224,convnext,7,0.1,42,avg,6,client_6.pt,0.14285714285714285,0.14285714285714285,0.14285714285714285
no_client_information,small,organcmnist_224,resnet,3,0.0,42,avg,0,client_0.pt,0.3333333333333333,0.3333333333333333,0.3333333333333333
no_client_information,small,organcmnist_224,resnet,3,0.0,42,avg,1,client_1.pt,0.3333333333333333,0.3333333333333333,0.3333333333333333
no_client_information,small,organcmnist_224,resnet,3,0.0,42,avg,2,client_2.pt,0.3333333333333333,0.3333333333333333,0.3333333333333333
no_client_information,small,organcmnist_224,resnet,3,0.01,42,morphology,0,client_0.pt,0.3333333333333333,0.3333333333333333,0.3333333333333333
no_client_information,small,organcmnist_224,resnet,3,0.01,42,morphology,1,client_1.pt,0.3333333333333333,0.3333333333333333,0.3333333333333333
no_client_information,small,organcmnist_224,resnet,3,0.01,42,morphology,2,client_2.pt,0.3333333333333333,0.3333333333333333,0.3333333333333333
no_client_information,small,organcmnist_224,resnet,3,0.1,42,avg,0,client_0.pt,0.3333333333333333,0.3333333333333333,0.3333333333333333
no_client_information,small,organcmnist_224,resnet,3,0.1,42,avg,1,client_1.pt,0.3333333333333333,0.3333333333333333,0.3333333333333333
no_client_information,small,organcmnist_224,resnet,3,0.1,42,avg,2,client_2.pt,0.3333333333333333,0.3333333333333333,0.3333333333333333
no_client_information,small,organcmnist_224,resnet,5,0.0,42,specialist_client,0,client_0.pt,0.2,0.2,0.2
no_client_information,small,organcmnist_224,resnet,5,0.0,42,specialist_client,1,client_1.pt,0.2,0.2,0.2
no_client_information,small,organcmnist_224,resnet,5,0.0,42,specialist_client,2,client_2.pt,0.2,0.2,0.2
no_client_information,small,organcmnist_224,resnet,5,0.0,42,specialist_client,3,client_3.pt,0.2,0.2,0.2
no_client_information,small,organcmnist_224,resnet,5,0.0,42,specialist_client,4,client_4.pt,0.2,0.2,0.2
no_client_information,small,organcmnist_224,resnet,5,0.01,42,avg,0,client_0.pt,0.2,0.2,0.2
no_client_information,small,organcmnist_224,resnet,5,0.01,42,avg,1,client_1.pt,0.2,0.2,0.2
no_client_information,small,organcmnist_224,resnet,5,0.01,42,avg,2,client_2.pt,0.2,0.2,0.2
no_client_information,small,organcmnist_224,resnet,5,0.01,42,avg,3,client_3.pt,0.2,0.2,0.2
no_client_information,small,organcmnist_224,resnet,5,0.01,42,avg,4,client_4.pt,0.2,0.2,0.2
no_client_information,small,organcmnist_224,resnet,5,0.1,42,specialist_client,0,client_0.pt,0.2,0.2,0.2
no_client_information,small,organcmnist_224,resnet,5,0.1,42,specialist_client,1,client_1.pt,0.2,0.2,0.2
no_client_information,small,organcmnist_224,resnet,5,0.1,42,specialist_client,2,client_2.pt,0.2,0.2,0.2
no_client_information,small,organcmnist_224,resnet,5,0.1,42,specialist_client,3,client_3.pt,0.2,0.2,0.2
no_client_information,small,organcmnist_224,resnet,5,0.1,42,specialist_client,4,client_4.pt,0.2,0.2,0.2
no_client_information,small,organcmnist_224,resnet,7,0.0,42,specialist_client,0,client_0.pt,0.14285714285714285,0.14285714285714285,0.14285714285714285
no_client_information,small,organcmnist_224,resnet,7,0.0,42,specialist_client,1,client_1.pt,0.14285714285714285,0.14285714285714285,0.14285714285714285
no_client_information,small,organcmnist_224,resnet,7,0.0,42,specialist_client,2,client_2.pt,0.14285714285714285,0.14285714285714285,0.14285714285714285
no_client_information,small,organcmnist_224,resnet,7,0.0,42,specialist_client,3,client_3.pt,0.14285714285714285,0.14285714285714285,0.14285714285714285
no_client_information,small,organcmnist_224,resnet,7,0.0,42,specialist_client,4,client_4.pt,0.14285714285714285,0.14285714285714285,0.14285714285714285
no_client_information,small,organcmnist_224,resnet,7,0.0,42,specialist_client,5,client_5.pt,0.14285714285714285,0.14285714285714285,0.14285714285714285
no_client_information,small,organcmnist_224,resnet,7,0.0,42,specialist_client,6,client_6.pt,0.14285714285714285,0.14285714285714285,0.14285714285714285
no_client_information,small,organcmnist_224,resnet,7,0.01,42,specialist_client,0,client_0.pt,0.14285714285714285,0.14285714285714285,0.14285714285714285
no_client_information,small,organcmnist_224,resnet,7,0.01,42,specialist_client,1,client_1.pt,0.14285714285714285,0.14285714285714285,0.14285714285714285
no_client_information,small,organcmnist_224,resnet,7,0.01,42,specialist_client,2,client_2.pt,0.14285714285714285,0.14285714285714285,0.14285714285714285
no_client_information,small,organcmnist_224,resnet,7,0.01,42,specialist_client,3,client_3.pt,0.14285714285714285,0.14285714285714285,0.14285714285714285
no_client_information,small,organcmnist_224,resnet,7,0.01,42,specialist_client,4,client_4.pt,0.14285714285714285,0.14285714285714285,0.14285714285714285
no_client_information,small,organcmnist_224,resnet,7,0.01,42,specialist_client,5,client_5.pt,0.14285714285714285,0.14285714285714285,0.14285714285714285
no_client_information,small,organcmnist_224,resnet,7,0.01,42,specialist_client,6,client_6.pt,0.14285714285714285,0.14285714285714285,0.14285714285714285
no_client_information,small,organcmnist_224,resnet,7,0.1,42,avg,0,client_0.pt,0.14285714285714285,0.14285714285714285,0.14285714285714285
no_client_information,small,organcmnist_224,resnet,7,0.1,42,avg,1,client_1.pt,0.14285714285714285,0.14285714285714285,0.14285714285714285
no_client_information,small,organcmnist_224,resnet,7,0.1,42,avg,2,client_2.pt,0.14285714285714285,0.14285714285714285,0.14285714285714285
no_client_information,small,organcmnist_224,resnet,7,0.1,42,avg,3,client_3.pt,0.14285714285714285,0.14285714285714285,0.14285714285714285
no_client_information,small,organcmnist_224,resnet,7,0.1,42,avg,4,client_4.pt,0.14285714285714285,0.14285714285714285,0.14285714285714285
no_client_information,small,organcmnist_224,resnet,7,0.1,42,avg,5,client_5.pt,0.14285714285714285,0.14285714285714285,0.14285714285714285
no_client_information,small,organcmnist_224,resnet,7,0.1,42,avg,6,client_6.pt,0.14285714285714285,0.14285714285714285,0.14285714285714285
no_client_information,small,organcmnist_224,swin_tiny,3,0.0,42,prototype_head,0,client_0.pt,0.3333333333333333,0.3333333333333333,0.3333333333333333
no_client_information,small,organcmnist_224,swin_tiny,3,0.0,42,prototype_head,1,client_1.pt,0.3333333333333333,0.3333333333333333,0.3333333333333333
no_client_information,small,organcmnist_224,swin_tiny,3,0.0,42,prototype_head,2,client_2.pt,0.3333333333333333,0.3333333333333333,0.3333333333333333
no_client_information,small,organcmnist_224,swin_tiny,3,0.01,42,prototype_head,0,client_0.pt,0.3333333333333333,0.3333333333333333,0.3333333333333333
no_client_information,small,organcmnist_224,swin_tiny,3,0.01,42,prototype_head,1,client_1.pt,0.3333333333333333,0.3333333333333333,0.3333333333333333
no_client_information,small,organcmnist_224,swin_tiny,3,0.01,42,prototype_head,2,client_2.pt,0.3333333333333333,0.3333333333333333,0.3333333333333333
no_client_information,small,organcmnist_224,swin_tiny,3,0.1,42,prototype_head,0,client_0.pt,0.3333333333333333,0.3333333333333333,0.3333333333333333
no_client_information,small,organcmnist_224,swin_tiny,3,0.1,42,prototype_head,1,client_1.pt,0.3333333333333333,0.3333333333333333,0.3333333333333333
no_client_information,small,organcmnist_224,swin_tiny,3,0.1,42,prototype_head,2,client_2.pt,0.3333333333333333,0.3333333333333333,0.3333333333333333
no_client_information,small,organcmnist_224,swin_tiny,5,0.0,42,prototype_head,0,client_0.pt,0.2,0.2,0.2
no_client_information,small,organcmnist_224,swin_tiny,5,0.0,42,prototype_head,1,client_1.pt,0.2,0.2,0.2
no_client_information,small,organcmnist_224,swin_tiny,5,0.0,42,prototype_head,2,client_2.pt,0.2,0.2,0.2
no_client_information,small,organcmnist_224,swin_tiny,5,0.0,42,prototype_head,3,client_3.pt,0.2,0.2,0.2
no_client_information,small,organcmnist_224,swin_tiny,5,0.0,42,prototype_head,4,client_4.pt,0.2,0.2,0.2
no_client_information,small,organcmnist_224,swin_tiny,5,0.01,42,prototype_head,0,client_0.pt,0.2,0.2,0.2
no_client_information,small,organcmnist_224,swin_tiny,5,0.01,42,prototype_head,1,client_1.pt,0.2,0.2,0.2
no_client_information,small,organcmnist_224,swin_tiny,5,0.01,42,prototype_head,2,client_2.pt,0.2,0.2,0.2
no_client_information,small,organcmnist_224,swin_tiny,5,0.01,42,prototype_head,3,client_3.pt,0.2,0.2,0.2
no_client_information,small,organcmnist_224,swin_tiny,5,0.01,42,prototype_head,4,client_4.pt,0.2,0.2,0.2
no_client_information,small,organcmnist_224,swin_tiny,5,0.1,42,prototype_head,0,client_0.pt,0.2,0.2,0.2
no_client_information,small,organcmnist_224,swin_tiny,5,0.1,42,prototype_head,1,client_1.pt,0.2,0.2,0.2
no_client_information,small,organcmnist_224,swin_tiny,5,0.1,42,prototype_head,2,client_2.pt,0.2,0.2,0.2
no_client_information,small,organcmnist_224,swin_tiny,5,0.1,42,prototype_head,3,client_3.pt,0.2,0.2,0.2
no_client_information,small,organcmnist_224,swin_tiny,5,0.1,42,prototype_head,4,client_4.pt,0.2,0.2,0.2
no_client_information,small,organcmnist_224,swin_tiny,7,0.0,42,consensus,0,client_0.pt,0.14285714285714285,0.14285714285714285,0.14285714285714285
no_client_information,small,organcmnist_224,swin_tiny,7,0.0,42,consensus,1,client_1.pt,0.14285714285714285,0.14285714285714285,0.14285714285714285
no_client_information,small,organcmnist_224,swin_tiny,7,0.0,42,consensus,2,client_2.pt,0.14285714285714285,0.14285714285714285,0.14285714285714285
no_client_information,small,organcmnist_224,swin_tiny,7,0.0,42,consensus,3,client_3.pt,0.14285714285714285,0.14285714285714285,0.14285714285714285
no_client_information,small,organcmnist_224,swin_tiny,7,0.0,42,consensus,4,client_4.pt,0.14285714285714285,0.14285714285714285,0.14285714285714285
no_client_information,small,organcmnist_224,swin_tiny,7,0.0,42,consensus,5,client_5.pt,0.14285714285714285,0.14285714285714285,0.14285714285714285
no_client_information,small,organcmnist_224,swin_tiny,7,0.0,42,consensus,6,client_6.pt,0.14285714285714285,0.14285714285714285,0.14285714285714285
no_client_information,small,organcmnist_224,swin_tiny,7,0.01,42,prototype_head,0,client_0.pt,0.14285714285714285,0.14285714285714285,0.14285714285714285
no_client_information,small,organcmnist_224,swin_tiny,7,0.01,42,prototype_head,1,client_1.pt,0.14285714285714285,0.14285714285714285,0.14285714285714285
no_client_information,small,organcmnist_224,swin_tiny,7,0.01,42,prototype_head,2,client_2.pt,0.14285714285714285,0.14285714285714285,0.14285714285714285
no_client_information,small,organcmnist_224,swin_tiny,7,0.01,42,prototype_head,3,client_3.pt,0.14285714285714285,0.14285714285714285,0.14285714285714285
no_client_information,small,organcmnist_224,swin_tiny,7,0.01,42,prototype_head,4,client_4.pt,0.14285714285714285,0.14285714285714285,0.14285714285714285
no_client_information,small,organcmnist_224,swin_tiny,7,0.01,42,prototype_head,5,client_5.pt,0.14285714285714285,0.14285714285714285,0.14285714285714285
no_client_information,small,organcmnist_224,swin_tiny,7,0.01,42,prototype_head,6,client_6.pt,0.14285714285714285,0.14285714285714285,0.14285714285714285
no_client_information,small,organcmnist_224,swin_tiny,7,0.1,42,prototype_head,0,client_0.pt,0.14285714285714285,0.14285714285714285,0.14285714285714285
no_client_information,small,organcmnist_224,swin_tiny,7,0.1,42,prototype_head,1,client_1.pt,0.14285714285714285,0.14285714285714285,0.14285714285714285
no_client_information,small,organcmnist_224,swin_tiny,7,0.1,42,prototype_head,2,client_2.pt,0.14285714285714285,0.14285714285714285,0.14285714285714285
no_client_information,small,organcmnist_224,swin_tiny,7,0.1,42,prototype_head,3,client_3.pt,0.14285714285714285,0.14285714285714285,0.14285714285714285
no_client_information,small,organcmnist_224,swin_tiny,7,0.1,42,prototype_head,4,client_4.pt,0.14285714285714285,0.14285714285714285,0.14285714285714285
no_client_information,small,organcmnist_224,swin_tiny,7,0.1,42,prototype_head,5,client_5.pt,0.14285714285714285,0.14285714285714285,0.14285714285714285
no_client_information,small,organcmnist_224,swin_tiny,7,0.1,42,prototype_head,6,client_6.pt,0.14285714285714285,0.14285714285714285,0.14285714285714285
no_client_information,small,organcmnist_224,vit_t,3,0.0,42,prototype_head,0,client_0.pt,0.3333333333333333,0.3333333333333333,0.3333333333333333
no_client_information,small,organcmnist_224,vit_t,3,0.0,42,prototype_head,1,client_1.pt,0.3333333333333333,0.3333333333333333,0.3333333333333333
no_client_information,small,organcmnist_224,vit_t,3,0.0,42,prototype_head,2,client_2.pt,0.3333333333333333,0.3333333333333333,0.3333333333333333
no_client_information,small,organcmnist_224,vit_t,3,0.01,42,prototype_head,0,client_0.pt,0.3333333333333333,0.3333333333333333,0.3333333333333333
no_client_information,small,organcmnist_224,vit_t,3,0.01,42,prototype_head,1,client_1.pt,0.3333333333333333,0.3333333333333333,0.3333333333333333
no_client_information,small,organcmnist_224,vit_t,3,0.01,42,prototype_head,2,client_2.pt,0.3333333333333333,0.3333333333333333,0.3333333333333333
no_client_information,small,organcmnist_224,vit_t,3,0.1,42,prototype_head,0,client_0.pt,0.3333333333333333,0.3333333333333333,0.3333333333333333
no_client_information,small,organcmnist_224,vit_t,3,0.1,42,prototype_head,1,client_1.pt,0.3333333333333333,0.3333333333333333,0.3333333333333333
no_client_information,small,organcmnist_224,vit_t,3,0.1,42,prototype_head,2,client_2.pt,0.3333333333333333,0.3333333333333333,0.3333333333333333
no_client_information,small,organcmnist_224,vit_t,5,0.0,42,prototype_head,0,client_0.pt,0.2,0.2,0.2
no_client_information,small,organcmnist_224,vit_t,5,0.0,42,prototype_head,1,client_1.pt,0.2,0.2,0.2
no_client_information,small,organcmnist_224,vit_t,5,0.0,42,prototype_head,2,client_2.pt,0.2,0.2,0.2
no_client_information,small,organcmnist_224,vit_t,5,0.0,42,prototype_head,3,client_3.pt,0.2,0.2,0.2
no_client_information,small,organcmnist_224,vit_t,5,0.0,42,prototype_head,4,client_4.pt,0.2,0.2,0.2
no_client_information,small,organcmnist_224,vit_t,5,0.01,42,prototype_head,0,client_0.pt,0.2,0.2,0.2
no_client_information,small,organcmnist_224,vit_t,5,0.01,42,prototype_head,1,client_1.pt,0.2,0.2,0.2
no_client_information,small,organcmnist_224,vit_t,5,0.01,42,prototype_head,2,client_2.pt,0.2,0.2,0.2
no_client_information,small,organcmnist_224,vit_t,5,0.01,42,prototype_head,3,client_3.pt,0.2,0.2,0.2
no_client_information,small,organcmnist_224,vit_t,5,0.01,42,prototype_head,4,client_4.pt,0.2,0.2,0.2
no_client_information,small,organcmnist_224,vit_t,5,0.1,42,prototype_head,0,client_0.pt,0.2,0.2,0.2
no_client_information,small,organcmnist_224,vit_t,5,0.1,42,prototype_head,1,client_1.pt,0.2,0.2,0.2
no_client_information,small,organcmnist_224,vit_t,5,0.1,42,prototype_head,2,client_2.pt,0.2,0.2,0.2
no_client_information,small,organcmnist_224,vit_t,5,0.1,42,prototype_head,3,client_3.pt,0.2,0.2,0.2
no_client_information,small,organcmnist_224,vit_t,5,0.1,42,prototype_head,4,client_4.pt,0.2,0.2,0.2
no_client_information,small,organcmnist_224,vit_t,7,0.0,42,prototype_head,0,client_0.pt,0.14285714285714285,0.14285714285714285,0.14285714285714285
no_client_information,small,organcmnist_224,vit_t,7,0.0,42,prototype_head,1,client_1.pt,0.14285714285714285,0.14285714285714285,0.14285714285714285
no_client_information,small,organcmnist_224,vit_t,7,0.0,42,prototype_head,2,client_2.pt,0.14285714285714285,0.14285714285714285,0.14285714285714285
no_client_information,small,organcmnist_224,vit_t,7,0.0,42,prototype_head,3,client_3.pt,0.14285714285714285,0.14285714285714285,0.14285714285714285
no_client_information,small,organcmnist_224,vit_t,7,0.0,42,prototype_head,4,client_4.pt,0.14285714285714285,0.14285714285714285,0.14285714285714285
no_client_information,small,organcmnist_224,vit_t,7,0.0,42,prototype_head,5,client_5.pt,0.14285714285714285,0.14285714285714285,0.14285714285714285
no_client_information,small,organcmnist_224,vit_t,7,0.0,42,prototype_head,6,client_6.pt,0.14285714285714285,0.14285714285714285,0.14285714285714285
no_client_information,small,organcmnist_224,vit_t,7,0.01,42,prototype_head,0,client_0.pt,0.14285714285714285,0.14285714285714285,0.14285714285714285
no_client_information,small,organcmnist_224,vit_t,7,0.01,42,prototype_head,1,client_1.pt,0.14285714285714285,0.14285714285714285,0.14285714285714285
no_client_information,small,organcmnist_224,vit_t,7,0.01,42,prototype_head,2,client_2.pt,0.14285714285714285,0.14285714285714285,0.14285714285714285
no_client_information,small,organcmnist_224,vit_t,7,0.01,42,prototype_head,3,client_3.pt,0.14285714285714285,0.14285714285714285,0.14285714285714285
no_client_information,small,organcmnist_224,vit_t,7,0.01,42,prototype_head,4,client_4.pt,0.14285714285714285,0.14285714285714285,0.14285714285714285
no_client_information,small,organcmnist_224,vit_t,7,0.01,42,prototype_head,5,client_5.pt,0.14285714285714285,0.14285714285714285,0.14285714285714285
no_client_information,small,organcmnist_224,vit_t,7,0.01,42,prototype_head,6,client_6.pt,0.14285714285714285,0.14285714285714285,0.14285714285714285
no_client_information,small,organcmnist_224,vit_t,7,0.1,42,prototype_head,0,client_0.pt,0.14285714285714285,0.14285714285714285,0.14285714285714285
no_client_information,small,organcmnist_224,vit_t,7,0.1,42,prototype_head,1,client_1.pt,0.14285714285714285,0.14285714285714285,0.14285714285714285
no_client_information,small,organcmnist_224,vit_t,7,0.1,42,prototype_head,2,client_2.pt,0.14285714285714285,0.14285714285714285,0.14285714285714285
no_client_information,small,organcmnist_224,vit_t,7,0.1,42,prototype_head,3,client_3.pt,0.14285714285714285,0.14285714285714285,0.14285714285714285
no_client_information,small,organcmnist_224,vit_t,7,0.1,42,prototype_head,4,client_4.pt,0.14285714285714285,0.14285714285714285,0.14285714285714285
no_client_information,small,organcmnist_224,vit_t,7,0.1,42,prototype_head,5,client_5.pt,0.14285714285714285,0.14285714285714285,0.14285714285714285
no_client_information,small,organcmnist_224,vit_t,7,0.1,42,prototype_head,6,client_6.pt,0.14285714285714285,0.14285714285714285,0.14285714285714285
no_client_information,small,organsmnist_224,convnext,3,0.0,42,avg,0,client_0.pt,0.3333333333333333,0.3333333333333333,0.3333333333333333
no_client_information,small,organsmnist_224,convnext,3,0.0,42,avg,1,client_1.pt,0.3333333333333333,0.3333333333333333,0.3333333333333333
no_client_information,small,organsmnist_224,convnext,3,0.0,42,avg,2,client_2.pt,0.3333333333333333,0.3333333333333333,0.3333333333333333
no_client_information,small,organsmnist_224,convnext,3,0.01,42,morphology,0,client_0.pt,0.3333333333333333,0.3333333333333333,0.3333333333333333
no_client_information,small,organsmnist_224,convnext,3,0.01,42,morphology,1,client_1.pt,0.3333333333333333,0.3333333333333333,0.3333333333333333
no_client_information,small,organsmnist_224,convnext,3,0.01,42,morphology,2,client_2.pt,0.3333333333333333,0.3333333333333333,0.3333333333333333
no_client_information,small,organsmnist_224,convnext,3,0.1,42,morphology,0,client_0.pt,0.3333333333333333,0.3333333333333333,0.3333333333333333
no_client_information,small,organsmnist_224,convnext,3,0.1,42,morphology,1,client_1.pt,0.3333333333333333,0.3333333333333333,0.3333333333333333
no_client_information,small,organsmnist_224,convnext,3,0.1,42,morphology,2,client_2.pt,0.3333333333333333,0.3333333333333333,0.3333333333333333
no_client_information,small,organsmnist_224,convnext,5,0.0,42,morphology,0,client_0.pt,0.2,0.2,0.2
no_client_information,small,organsmnist_224,convnext,5,0.0,42,morphology,1,client_1.pt,0.2,0.2,0.2
no_client_information,small,organsmnist_224,convnext,5,0.0,42,morphology,2,client_2.pt,0.2,0.2,0.2
no_client_information,small,organsmnist_224,convnext,5,0.0,42,morphology,3,client_3.pt,0.2,0.2,0.2
no_client_information,small,organsmnist_224,convnext,5,0.0,42,morphology,4,client_4.pt,0.2,0.2,0.2
no_client_information,small,organsmnist_224,convnext,5,0.01,42,specialist_client,0,client_0.pt,0.2,0.2,0.2
no_client_information,small,organsmnist_224,convnext,5,0.01,42,specialist_client,1,client_1.pt,0.2,0.2,0.2
no_client_information,small,organsmnist_224,convnext,5,0.01,42,specialist_client,2,client_2.pt,0.2,0.2,0.2
no_client_information,small,organsmnist_224,convnext,5,0.01,42,specialist_client,3,client_3.pt,0.2,0.2,0.2
no_client_information,small,organsmnist_224,convnext,5,0.01,42,specialist_client,4,client_4.pt,0.2,0.2,0.2
no_client_information,small,organsmnist_224,convnext,5,0.1,42,specialist_client,0,client_0.pt,0.2,0.2,0.2
no_client_information,small,organsmnist_224,convnext,5,0.1,42,specialist_client,1,client_1.pt,0.2,0.2,0.2
no_client_information,small,organsmnist_224,convnext,5,0.1,42,specialist_client,2,client_2.pt,0.2,0.2,0.2
no_client_information,small,organsmnist_224,convnext,5,0.1,42,specialist_client,3,client_3.pt,0.2,0.2,0.2
no_client_information,small,organsmnist_224,convnext,5,0.1,42,specialist_client,4,client_4.pt,0.2,0.2,0.2
no_client_information,small,organsmnist_224,convnext,7,0.0,42,specialist_client,0,client_0.pt,0.14285714285714285,0.14285714285714285,0.14285714285714285
no_client_information,small,organsmnist_224,convnext,7,0.0,42,specialist_client,1,client_1.pt,0.14285714285714285,0.14285714285714285,0.14285714285714285
no_client_information,small,organsmnist_224,convnext,7,0.0,42,specialist_client,2,client_2.pt,0.14285714285714285,0.14285714285714285,0.14285714285714285
no_client_information,small,organsmnist_224,convnext,7,0.0,42,specialist_client,3,client_3.pt,0.14285714285714285,0.14285714285714285,0.14285714285714285
no_client_information,small,organsmnist_224,convnext,7,0.0,42,specialist_client,4,client_4.pt,0.14285714285714285,0.14285714285714285,0.14285714285714285
no_client_information,small,organsmnist_224,convnext,7,0.0,42,specialist_client,5,client_5.pt,0.14285714285714285,0.14285714285714285,0.14285714285714285
no_client_information,small,organsmnist_224,convnext,7,0.0,42,specialist_client,6,client_6.pt,0.14285714285714285,0.14285714285714285,0.14285714285714285
no_client_information,small,organsmnist_224,convnext,7,0.01,42,avg,0,client_0.pt,0.14285714285714285,0.14285714285714285,0.14285714285714285
no_client_information,small,organsmnist_224,convnext,7,0.01,42,avg,1,client_1.pt,0.14285714285714285,0.14285714285714285,0.14285714285714285
no_client_information,small,organsmnist_224,convnext,7,0.01,42,avg,2,client_2.pt,0.14285714285714285,0.14285714285714285,0.14285714285714285
no_client_information,small,organsmnist_224,convnext,7,0.01,42,avg,3,client_3.pt,0.14285714285714285,0.14285714285714285,0.14285714285714285
no_client_information,small,organsmnist_224,convnext,7,0.01,42,avg,4,client_4.pt,0.14285714285714285,0.14285714285714285,0.14285714285714285
no_client_information,small,organsmnist_224,convnext,7,0.01,42,avg,5,client_5.pt,0.14285714285714285,0.14285714285714285,0.14285714285714285
no_client_information,small,organsmnist_224,convnext,7,0.01,42,avg,6,client_6.pt,0.14285714285714285,0.14285714285714285,0.14285714285714285
no_client_information,small,organsmnist_224,convnext,7,0.1,42,morph_anchor,0,client_0.pt,0.14285714285714285,0.14285714285714285,0.14285714285714285
no_client_information,small,organsmnist_224,convnext,7,0.1,42,morph_anchor,1,client_1.pt,0.14285714285714285,0.14285714285714285,0.14285714285714285
no_client_information,small,organsmnist_224,convnext,7,0.1,42,morph_anchor,2,client_2.pt,0.14285714285714285,0.14285714285714285,0.14285714285714285
no_client_information,small,organsmnist_224,convnext,7,0.1,42,morph_anchor,3,client_3.pt,0.14285714285714285,0.14285714285714285,0.14285714285714285
no_client_information,small,organsmnist_224,convnext,7,0.1,42,morph_anchor,4,client_4.pt,0.14285714285714285,0.14285714285714285,0.14285714285714285
no_client_information,small,organsmnist_224,convnext,7,0.1,42,morph_anchor,5,client_5.pt,0.14285714285714285,0.14285714285714285,0.14285714285714285
no_client_information,small,organsmnist_224,convnext,7,0.1,42,morph_anchor,6,client_6.pt,0.14285714285714285,0.14285714285714285,0.14285714285714285
no_client_information,small,organsmnist_224,resnet,3,0.0,42,avg,0,client_0.pt,0.3333333333333333,0.3333333333333333,0.3333333333333333
no_client_information,small,organsmnist_224,resnet,3,0.0,42,avg,1,client_1.pt,0.3333333333333333,0.3333333333333333,0.3333333333333333
no_client_information,small,organsmnist_224,resnet,3,0.0,42,avg,2,client_2.pt,0.3333333333333333,0.3333333333333333,0.3333333333333333
no_client_information,small,organsmnist_224,resnet,3,0.01,42,avg,0,client_0.pt,0.3333333333333333,0.3333333333333333,0.3333333333333333
no_client_information,small,organsmnist_224,resnet,3,0.01,42,avg,1,client_1.pt,0.3333333333333333,0.3333333333333333,0.3333333333333333
no_client_information,small,organsmnist_224,resnet,3,0.01,42,avg,2,client_2.pt,0.3333333333333333,0.3333333333333333,0.3333333333333333
no_client_information,small,organsmnist_224,resnet,3,0.1,42,morph_anchor,0,client_0.pt,0.3333333333333333,0.3333333333333333,0.3333333333333333
no_client_information,small,organsmnist_224,resnet,3,0.1,42,morph_anchor,1,client_1.pt,0.3333333333333333,0.3333333333333333,0.3333333333333333
no_client_information,small,organsmnist_224,resnet,3,0.1,42,morph_anchor,2,client_2.pt,0.3333333333333333,0.3333333333333333,0.3333333333333333
no_client_information,small,organsmnist_224,resnet,5,0.0,42,specialist_client,0,client_0.pt,0.2,0.2,0.2
no_client_information,small,organsmnist_224,resnet,5,0.0,42,specialist_client,1,client_1.pt,0.2,0.2,0.2
no_client_information,small,organsmnist_224,resnet,5,0.0,42,specialist_client,2,client_2.pt,0.2,0.2,0.2
no_client_information,small,organsmnist_224,resnet,5,0.0,42,specialist_client,3,client_3.pt,0.2,0.2,0.2
no_client_information,small,organsmnist_224,resnet,5,0.0,42,specialist_client,4,client_4.pt,0.2,0.2,0.2
no_client_information,small,organsmnist_224,resnet,5,0.01,42,avg,0,client_0.pt,0.2,0.2,0.2
no_client_information,small,organsmnist_224,resnet,5,0.01,42,avg,1,client_1.pt,0.2,0.2,0.2
no_client_information,small,organsmnist_224,resnet,5,0.01,42,avg,2,client_2.pt,0.2,0.2,0.2
no_client_information,small,organsmnist_224,resnet,5,0.01,42,avg,3,client_3.pt,0.2,0.2,0.2
no_client_information,small,organsmnist_224,resnet,5,0.01,42,avg,4,client_4.pt,0.2,0.2,0.2
no_client_information,small,organsmnist_224,resnet,5,0.1,42,specialist_client,0,client_0.pt,0.2,0.2,0.2
no_client_information,small,organsmnist_224,resnet,5,0.1,42,specialist_client,1,client_1.pt,0.2,0.2,0.2
no_client_information,small,organsmnist_224,resnet,5,0.1,42,specialist_client,2,client_2.pt,0.2,0.2,0.2
no_client_information,small,organsmnist_224,resnet,5,0.1,42,specialist_client,3,client_3.pt,0.2,0.2,0.2
no_client_information,small,organsmnist_224,resnet,5,0.1,42,specialist_client,4,client_4.pt,0.2,0.2,0.2
no_client_information,small,organsmnist_224,resnet,7,0.0,42,specialist_client,0,client_0.pt,0.14285714285714285,0.14285714285714285,0.14285714285714285
no_client_information,small,organsmnist_224,resnet,7,0.0,42,specialist_client,1,client_1.pt,0.14285714285714285,0.14285714285714285,0.14285714285714285
no_client_information,small,organsmnist_224,resnet,7,0.0,42,specialist_client,2,client_2.pt,0.14285714285714285,0.14285714285714285,0.14285714285714285
no_client_information,small,organsmnist_224,resnet,7,0.0,42,specialist_client,3,client_3.pt,0.14285714285714285,0.14285714285714285,0.14285714285714285
no_client_information,small,organsmnist_224,resnet,7,0.0,42,specialist_client,4,client_4.pt,0.14285714285714285,0.14285714285714285,0.14285714285714285
no_client_information,small,organsmnist_224,resnet,7,0.0,42,specialist_client,5,client_5.pt,0.14285714285714285,0.14285714285714285,0.14285714285714285
no_client_information,small,organsmnist_224,resnet,7,0.0,42,specialist_client,6,client_6.pt,0.14285714285714285,0.14285714285714285,0.14285714285714285
no_client_information,small,organsmnist_224,resnet,7,0.01,42,avg,0,client_0.pt,0.14285714285714285,0.14285714285714285,0.14285714285714285
no_client_information,small,organsmnist_224,resnet,7,0.01,42,avg,1,client_1.pt,0.14285714285714285,0.14285714285714285,0.14285714285714285
no_client_information,small,organsmnist_224,resnet,7,0.01,42,avg,2,client_2.pt,0.14285714285714285,0.14285714285714285,0.14285714285714285
no_client_information,small,organsmnist_224,resnet,7,0.01,42,avg,3,client_3.pt,0.14285714285714285,0.14285714285714285,0.14285714285714285
no_client_information,small,organsmnist_224,resnet,7,0.01,42,avg,4,client_4.pt,0.14285714285714285,0.14285714285714285,0.14285714285714285
no_client_information,small,organsmnist_224,resnet,7,0.01,42,avg,5,client_5.pt,0.14285714285714285,0.14285714285714285,0.14285714285714285
no_client_information,small,organsmnist_224,resnet,7,0.01,42,avg,6,client_6.pt,0.14285714285714285,0.14285714285714285,0.14285714285714285
no_client_information,small,organsmnist_224,resnet,7,0.1,42,specialist_client,0,client_0.pt,0.14285714285714285,0.14285714285714285,0.14285714285714285
no_client_information,small,organsmnist_224,resnet,7,0.1,42,specialist_client,1,client_1.pt,0.14285714285714285,0.14285714285714285,0.14285714285714285
no_client_information,small,organsmnist_224,resnet,7,0.1,42,specialist_client,2,client_2.pt,0.14285714285714285,0.14285714285714285,0.14285714285714285
no_client_information,small,organsmnist_224,resnet,7,0.1,42,specialist_client,3,client_3.pt,0.14285714285714285,0.14285714285714285,0.14285714285714285
no_client_information,small,organsmnist_224,resnet,7,0.1,42,specialist_client,4,client_4.pt,0.14285714285714285,0.14285714285714285,0.14285714285714285
no_client_information,small,organsmnist_224,resnet,7,0.1,42,specialist_client,5,client_5.pt,0.14285714285714285,0.14285714285714285,0.14285714285714285
no_client_information,small,organsmnist_224,resnet,7,0.1,42,specialist_client,6,client_6.pt,0.14285714285714285,0.14285714285714285,0.14285714285714285
no_client_information,small,organsmnist_224,swin_tiny,3,0.0,42,prototype_head,0,client_0.pt,0.3333333333333333,0.3333333333333333,0.3333333333333333
no_client_information,small,organsmnist_224,swin_tiny,3,0.0,42,prototype_head,1,client_1.pt,0.3333333333333333,0.3333333333333333,0.3333333333333333
no_client_information,small,organsmnist_224,swin_tiny,3,0.0,42,prototype_head,2,client_2.pt,0.3333333333333333,0.3333333333333333,0.3333333333333333
no_client_information,small,organsmnist_224,swin_tiny,3,0.01,42,prototype_head,0,client_0.pt,0.3333333333333333,0.3333333333333333,0.3333333333333333
no_client_information,small,organsmnist_224,swin_tiny,3,0.01,42,prototype_head,1,client_1.pt,0.3333333333333333,0.3333333333333333,0.3333333333333333
no_client_information,small,organsmnist_224,swin_tiny,3,0.01,42,prototype_head,2,client_2.pt,0.3333333333333333,0.3333333333333333,0.3333333333333333
no_client_information,small,organsmnist_224,swin_tiny,3,0.1,42,prototype_head,0,client_0.pt,0.3333333333333333,0.3333333333333333,0.3333333333333333
no_client_information,small,organsmnist_224,swin_tiny,3,0.1,42,prototype_head,1,client_1.pt,0.3333333333333333,0.3333333333333333,0.3333333333333333
no_client_information,small,organsmnist_224,swin_tiny,3,0.1,42,prototype_head,2,client_2.pt,0.3333333333333333,0.3333333333333333,0.3333333333333333
no_client_information,small,organsmnist_224,swin_tiny,5,0.0,42,prototype_head,0,client_0.pt,0.2,0.2,0.2
no_client_information,small,organsmnist_224,swin_tiny,5,0.0,42,prototype_head,1,client_1.pt,0.2,0.2,0.2
no_client_information,small,organsmnist_224,swin_tiny,5,0.0,42,prototype_head,2,client_2.pt,0.2,0.2,0.2
no_client_information,small,organsmnist_224,swin_tiny,5,0.0,42,prototype_head,3,client_3.pt,0.2,0.2,0.2
no_client_information,small,organsmnist_224,swin_tiny,5,0.0,42,prototype_head,4,client_4.pt,0.2,0.2,0.2
no_client_information,small,organsmnist_224,swin_tiny,5,0.01,42,prototype_head,0,client_0.pt,0.2,0.2,0.2
no_client_information,small,organsmnist_224,swin_tiny,5,0.01,42,prototype_head,1,client_1.pt,0.2,0.2,0.2
no_client_information,small,organsmnist_224,swin_tiny,5,0.01,42,prototype_head,2,client_2.pt,0.2,0.2,0.2
no_client_information,small,organsmnist_224,swin_tiny,5,0.01,42,prototype_head,3,client_3.pt,0.2,0.2,0.2
no_client_information,small,organsmnist_224,swin_tiny,5,0.01,42,prototype_head,4,client_4.pt,0.2,0.2,0.2
no_client_information,small,organsmnist_224,swin_tiny,5,0.1,42,specialist_client,0,client_0.pt,0.2,0.2,0.2
no_client_information,small,organsmnist_224,swin_tiny,5,0.1,42,specialist_client,1,client_1.pt,0.2,0.2,0.2
no_client_information,small,organsmnist_224,swin_tiny,5,0.1,42,specialist_client,2,client_2.pt,0.2,0.2,0.2
no_client_information,small,organsmnist_224,swin_tiny,5,0.1,42,specialist_client,3,client_3.pt,0.2,0.2,0.2
no_client_information,small,organsmnist_224,swin_tiny,5,0.1,42,specialist_client,4,client_4.pt,0.2,0.2,0.2
no_client_information,small,organsmnist_224,swin_tiny,7,0.0,42,prototype_head,0,client_0.pt,0.14285714285714285,0.14285714285714285,0.14285714285714285
no_client_information,small,organsmnist_224,swin_tiny,7,0.0,42,prototype_head,1,client_1.pt,0.14285714285714285,0.14285714285714285,0.14285714285714285
no_client_information,small,organsmnist_224,swin_tiny,7,0.0,42,prototype_head,2,client_2.pt,0.14285714285714285,0.14285714285714285,0.14285714285714285
no_client_information,small,organsmnist_224,swin_tiny,7,0.0,42,prototype_head,3,client_3.pt,0.14285714285714285,0.14285714285714285,0.14285714285714285
no_client_information,small,organsmnist_224,swin_tiny,7,0.0,42,prototype_head,4,client_4.pt,0.14285714285714285,0.14285714285714285,0.14285714285714285
no_client_information,small,organsmnist_224,swin_tiny,7,0.0,42,prototype_head,5,client_5.pt,0.14285714285714285,0.14285714285714285,0.14285714285714285
no_client_information,small,organsmnist_224,swin_tiny,7,0.0,42,prototype_head,6,client_6.pt,0.14285714285714285,0.14285714285714285,0.14285714285714285
no_client_information,small,organsmnist_224,swin_tiny,7,0.01,42,prototype_head,0,client_0.pt,0.14285714285714285,0.14285714285714285,0.14285714285714285
no_client_information,small,organsmnist_224,swin_tiny,7,0.01,42,prototype_head,1,client_1.pt,0.14285714285714285,0.14285714285714285,0.14285714285714285
no_client_information,small,organsmnist_224,swin_tiny,7,0.01,42,prototype_head,2,client_2.pt,0.14285714285714285,0.14285714285714285,0.14285714285714285
no_client_information,small,organsmnist_224,swin_tiny,7,0.01,42,prototype_head,3,client_3.pt,0.14285714285714285,0.14285714285714285,0.14285714285714285
no_client_information,small,organsmnist_224,swin_tiny,7,0.01,42,prototype_head,4,client_4.pt,0.14285714285714285,0.14285714285714285,0.14285714285714285
no_client_information,small,organsmnist_224,swin_tiny,7,0.01,42,prototype_head,5,client_5.pt,0.14285714285714285,0.14285714285714285,0.14285714285714285
no_client_information,small,organsmnist_224,swin_tiny,7,0.01,42,prototype_head,6,client_6.pt,0.14285714285714285,0.14285714285714285,0.14285714285714285
no_client_information,small,organsmnist_224,swin_tiny,7,0.1,42,morph_anchor,0,client_0.pt,0.14285714285714285,0.14285714285714285,0.14285714285714285
no_client_information,small,organsmnist_224,swin_tiny,7,0.1,42,morph_anchor,1,client_1.pt,0.14285714285714285,0.14285714285714285,0.14285714285714285
no_client_information,small,organsmnist_224,swin_tiny,7,0.1,42,morph_anchor,2,client_2.pt,0.14285714285714285,0.14285714285714285,0.14285714285714285
no_client_information,small,organsmnist_224,swin_tiny,7,0.1,42,morph_anchor,3,client_3.pt,0.14285714285714285,0.14285714285714285,0.14285714285714285
no_client_information,small,organsmnist_224,swin_tiny,7,0.1,42,morph_anchor,4,client_4.pt,0.14285714285714285,0.14285714285714285,0.14285714285714285
no_client_information,small,organsmnist_224,swin_tiny,7,0.1,42,morph_anchor,5,client_5.pt,0.14285714285714285,0.14285714285714285,0.14285714285714285
no_client_information,small,organsmnist_224,swin_tiny,7,0.1,42,morph_anchor,6,client_6.pt,0.14285714285714285,0.14285714285714285,0.14285714285714285
no_client_information,small,organsmnist_224,vit_t,3,0.0,42,prototype_head,0,client_0.pt,0.3333333333333333,0.3333333333333333,0.3333333333333333
no_client_information,small,organsmnist_224,vit_t,3,0.0,42,prototype_head,1,client_1.pt,0.3333333333333333,0.3333333333333333,0.3333333333333333
no_client_information,small,organsmnist_224,vit_t,3,0.0,42,prototype_head,2,client_2.pt,0.3333333333333333,0.3333333333333333,0.3333333333333333
no_client_information,small,organsmnist_224,vit_t,3,0.01,42,prototype_head,0,client_0.pt,0.3333333333333333,0.3333333333333333,0.3333333333333333
no_client_information,small,organsmnist_224,vit_t,3,0.01,42,prototype_head,1,client_1.pt,0.3333333333333333,0.3333333333333333,0.3333333333333333
no_client_information,small,organsmnist_224,vit_t,3,0.01,42,prototype_head,2,client_2.pt,0.3333333333333333,0.3333333333333333,0.3333333333333333
no_client_information,small,organsmnist_224,vit_t,3,0.1,42,prototype_head,0,client_0.pt,0.3333333333333333,0.3333333333333333,0.3333333333333333
no_client_information,small,organsmnist_224,vit_t,3,0.1,42,prototype_head,1,client_1.pt,0.3333333333333333,0.3333333333333333,0.3333333333333333
no_client_information,small,organsmnist_224,vit_t,3,0.1,42,prototype_head,2,client_2.pt,0.3333333333333333,0.3333333333333333,0.3333333333333333
no_client_information,small,organsmnist_224,vit_t,5,0.0,42,prototype_head,0,client_0.pt,0.2,0.2,0.2
no_client_information,small,organsmnist_224,vit_t,5,0.0,42,prototype_head,1,client_1.pt,0.2,0.2,0.2
no_client_information,small,organsmnist_224,vit_t,5,0.0,42,prototype_head,2,client_2.pt,0.2,0.2,0.2
no_client_information,small,organsmnist_224,vit_t,5,0.0,42,prototype_head,3,client_3.pt,0.2,0.2,0.2
no_client_information,small,organsmnist_224,vit_t,5,0.0,42,prototype_head,4,client_4.pt,0.2,0.2,0.2
no_client_information,small,organsmnist_224,vit_t,5,0.01,42,prototype_head,0,client_0.pt,0.2,0.2,0.2
no_client_information,small,organsmnist_224,vit_t,5,0.01,42,prototype_head,1,client_1.pt,0.2,0.2,0.2
no_client_information,small,organsmnist_224,vit_t,5,0.01,42,prototype_head,2,client_2.pt,0.2,0.2,0.2
no_client_information,small,organsmnist_224,vit_t,5,0.01,42,prototype_head,3,client_3.pt,0.2,0.2,0.2
no_client_information,small,organsmnist_224,vit_t,5,0.01,42,prototype_head,4,client_4.pt,0.2,0.2,0.2
no_client_information,small,organsmnist_224,vit_t,5,0.1,42,prototype_head,0,client_0.pt,0.2,0.2,0.2
no_client_information,small,organsmnist_224,vit_t,5,0.1,42,prototype_head,1,client_1.pt,0.2,0.2,0.2
no_client_information,small,organsmnist_224,vit_t,5,0.1,42,prototype_head,2,client_2.pt,0.2,0.2,0.2
no_client_information,small,organsmnist_224,vit_t,5,0.1,42,prototype_head,3,client_3.pt,0.2,0.2,0.2
no_client_information,small,organsmnist_224,vit_t,5,0.1,42,prototype_head,4,client_4.pt,0.2,0.2,0.2
no_client_information,small,organsmnist_224,vit_t,7,0.0,42,prototype_head,0,client_0.pt,0.14285714285714285,0.14285714285714285,0.14285714285714285
no_client_information,small,organsmnist_224,vit_t,7,0.0,42,prototype_head,1,client_1.pt,0.14285714285714285,0.14285714285714285,0.14285714285714285
no_client_information,small,organsmnist_224,vit_t,7,0.0,42,prototype_head,2,client_2.pt,0.14285714285714285,0.14285714285714285,0.14285714285714285
no_client_information,small,organsmnist_224,vit_t,7,0.0,42,prototype_head,3,client_3.pt,0.14285714285714285,0.14285714285714285,0.14285714285714285
no_client_information,small,organsmnist_224,vit_t,7,0.0,42,prototype_head,4,client_4.pt,0.14285714285714285,0.14285714285714285,0.14285714285714285
no_client_information,small,organsmnist_224,vit_t,7,0.0,42,prototype_head,5,client_5.pt,0.14285714285714285,0.14285714285714285,0.14285714285714285
no_client_information,small,organsmnist_224,vit_t,7,0.0,42,prototype_head,6,client_6.pt,0.14285714285714285,0.14285714285714285,0.14285714285714285
no_client_information,small,organsmnist_224,vit_t,7,0.01,42,prototype_head,0,client_0.pt,0.14285714285714285,0.14285714285714285,0.14285714285714285
no_client_information,small,organsmnist_224,vit_t,7,0.01,42,prototype_head,1,client_1.pt,0.14285714285714285,0.14285714285714285,0.14285714285714285
no_client_information,small,organsmnist_224,vit_t,7,0.01,42,prototype_head,2,client_2.pt,0.14285714285714285,0.14285714285714285,0.14285714285714285
no_client_information,small,organsmnist_224,vit_t,7,0.01,42,prototype_head,3,client_3.pt,0.14285714285714285,0.14285714285714285,0.14285714285714285
no_client_information,small,organsmnist_224,vit_t,7,0.01,42,prototype_head,4,client_4.pt,0.14285714285714285,0.14285714285714285,0.14285714285714285
no_client_information,small,organsmnist_224,vit_t,7,0.01,42,prototype_head,5,client_5.pt,0.14285714285714285,0.14285714285714285,0.14285714285714285
no_client_information,small,organsmnist_224,vit_t,7,0.01,42,prototype_head,6,client_6.pt,0.14285714285714285,0.14285714285714285,0.14285714285714285
no_client_information,small,organsmnist_224,vit_t,7,0.1,42,consensus,0,client_0.pt,0.14285714285714285,0.14285714285714285,0.14285714285714285
no_client_information,small,organsmnist_224,vit_t,7,0.1,42,consensus,1,client_1.pt,0.14285714285714285,0.14285714285714285,0.14285714285714285
no_client_information,small,organsmnist_224,vit_t,7,0.1,42,consensus,2,client_2.pt,0.14285714285714285,0.14285714285714285,0.14285714285714285
no_client_information,small,organsmnist_224,vit_t,7,0.1,42,consensus,3,client_3.pt,0.14285714285714285,0.14285714285714285,0.14285714285714285
no_client_information,small,organsmnist_224,vit_t,7,0.1,42,consensus,4,client_4.pt,0.14285714285714285,0.14285714285714285,0.14285714285714285
no_client_information,small,organsmnist_224,vit_t,7,0.1,42,consensus,5,client_5.pt,0.14285714285714285,0.14285714285714285,0.14285714285714285
no_client_information,small,organsmnist_224,vit_t,7,0.1,42,consensus,6,client_6.pt,0.14285714285714285,0.14285714285714285,0.14285714285714285
no_client_information,vlm,bloodmnist_224,clip-vit-base-patch32,3,0.0,42,specialist_client,0,client_0.pt,0.3333333333333333,0.3333333333333333,0.3333333333333333
no_client_information,vlm,bloodmnist_224,clip-vit-base-patch32,3,0.0,42,specialist_client,1,client_1.pt,0.3333333333333333,0.3333333333333333,0.3333333333333333
no_client_information,vlm,bloodmnist_224,clip-vit-base-patch32,3,0.0,42,specialist_client,2,client_2.pt,0.3333333333333333,0.3333333333333333,0.3333333333333333
no_client_information,vlm,bloodmnist_224,clip-vit-base-patch32,3,0.01,42,specialist_client,0,client_0.pt,0.3333333333333333,0.3333333333333333,0.3333333333333333
no_client_information,vlm,bloodmnist_224,clip-vit-base-patch32,3,0.01,42,specialist_client,1,client_1.pt,0.3333333333333333,0.3333333333333333,0.3333333333333333
no_client_information,vlm,bloodmnist_224,clip-vit-base-patch32,3,0.01,42,specialist_client,2,client_2.pt,0.3333333333333333,0.3333333333333333,0.3333333333333333
no_client_information,vlm,bloodmnist_224,clip-vit-base-patch32,3,0.1,42,reference_delta,0,client_0.pt,0.3333333333333333,0.3333333333333333,0.3333333333333333
no_client_information,vlm,bloodmnist_224,clip-vit-base-patch32,3,0.1,42,reference_delta,1,client_1.pt,0.3333333333333333,0.3333333333333333,0.3333333333333333
no_client_information,vlm,bloodmnist_224,clip-vit-base-patch32,3,0.1,42,reference_delta,2,client_2.pt,0.3333333333333333,0.3333333333333333,0.3333333333333333
no_client_information,vlm,bloodmnist_224,clip-vit-base-patch32,5,0.0,42,specialist_client,0,client_0.pt,0.2,0.2,0.2
no_client_information,vlm,bloodmnist_224,clip-vit-base-patch32,5,0.0,42,specialist_client,1,client_1.pt,0.2,0.2,0.2
no_client_information,vlm,bloodmnist_224,clip-vit-base-patch32,5,0.0,42,specialist_client,2,client_2.pt,0.2,0.2,0.2
no_client_information,vlm,bloodmnist_224,clip-vit-base-patch32,5,0.0,42,specialist_client,3,client_3.pt,0.2,0.2,0.2
no_client_information,vlm,bloodmnist_224,clip-vit-base-patch32,5,0.0,42,specialist_client,4,client_4.pt,0.2,0.2,0.2
no_client_information,vlm,bloodmnist_224,clip-vit-base-patch32,5,0.01,42,specialist_client,0,client_0.pt,0.2,0.2,0.2
no_client_information,vlm,bloodmnist_224,clip-vit-base-patch32,5,0.01,42,specialist_client,1,client_1.pt,0.2,0.2,0.2
no_client_information,vlm,bloodmnist_224,clip-vit-base-patch32,5,0.01,42,specialist_client,2,client_2.pt,0.2,0.2,0.2
no_client_information,vlm,bloodmnist_224,clip-vit-base-patch32,5,0.01,42,specialist_client,3,client_3.pt,0.2,0.2,0.2
no_client_information,vlm,bloodmnist_224,clip-vit-base-patch32,5,0.01,42,specialist_client,4,client_4.pt,0.2,0.2,0.2
no_client_information,vlm,bloodmnist_224,clip-vit-base-patch32,5,0.1,42,reference_delta,0,client_0.pt,0.2,0.2,0.2
no_client_information,vlm,bloodmnist_224,clip-vit-base-patch32,5,0.1,42,reference_delta,1,client_1.pt,0.2,0.2,0.2
no_client_information,vlm,bloodmnist_224,clip-vit-base-patch32,5,0.1,42,reference_delta,2,client_2.pt,0.2,0.2,0.2
no_client_information,vlm,bloodmnist_224,clip-vit-base-patch32,5,0.1,42,reference_delta,3,client_3.pt,0.2,0.2,0.2
no_client_information,vlm,bloodmnist_224,clip-vit-base-patch32,5,0.1,42,reference_delta,4,client_4.pt,0.2,0.2,0.2
no_client_information,vlm,bloodmnist_224,clip-vit-base-patch32,7,0.0,42,specialist_client,0,client_0.pt,0.14285714285714285,0.14285714285714285,0.14285714285714285
no_client_information,vlm,bloodmnist_224,clip-vit-base-patch32,7,0.0,42,specialist_client,1,client_1.pt,0.14285714285714285,0.14285714285714285,0.14285714285714285
no_client_information,vlm,bloodmnist_224,clip-vit-base-patch32,7,0.0,42,specialist_client,2,client_2.pt,0.14285714285714285,0.14285714285714285,0.14285714285714285
no_client_information,vlm,bloodmnist_224,clip-vit-base-patch32,7,0.0,42,specialist_client,3,client_3.pt,0.14285714285714285,0.14285714285714285,0.14285714285714285
no_client_information,vlm,bloodmnist_224,clip-vit-base-patch32,7,0.0,42,specialist_client,4,client_4.pt,0.14285714285714285,0.14285714285714285,0.14285714285714285
no_client_information,vlm,bloodmnist_224,clip-vit-base-patch32,7,0.0,42,specialist_client,5,client_5.pt,0.14285714285714285,0.14285714285714285,0.14285714285714285
no_client_information,vlm,bloodmnist_224,clip-vit-base-patch32,7,0.0,42,specialist_client,6,client_6.pt,0.14285714285714285,0.14285714285714285,0.14285714285714285
no_client_information,vlm,bloodmnist_224,clip-vit-base-patch32,7,0.01,42,avg,0,client_0.pt,0.14285714285714285,0.14285714285714285,0.14285714285714285
no_client_information,vlm,bloodmnist_224,clip-vit-base-patch32,7,0.01,42,avg,1,client_1.pt,0.14285714285714285,0.14285714285714285,0.14285714285714285
no_client_information,vlm,bloodmnist_224,clip-vit-base-patch32,7,0.01,42,avg,2,client_2.pt,0.14285714285714285,0.14285714285714285,0.14285714285714285
no_client_information,vlm,bloodmnist_224,clip-vit-base-patch32,7,0.01,42,avg,3,client_3.pt,0.14285714285714285,0.14285714285714285,0.14285714285714285
no_client_information,vlm,bloodmnist_224,clip-vit-base-patch32,7,0.01,42,avg,4,client_4.pt,0.14285714285714285,0.14285714285714285,0.14285714285714285
no_client_information,vlm,bloodmnist_224,clip-vit-base-patch32,7,0.01,42,avg,5,client_5.pt,0.14285714285714285,0.14285714285714285,0.14285714285714285
no_client_information,vlm,bloodmnist_224,clip-vit-base-patch32,7,0.01,42,avg,6,client_6.pt,0.14285714285714285,0.14285714285714285,0.14285714285714285
no_client_information,vlm,bloodmnist_224,clip-vit-base-patch32,7,0.1,42,specialist_client,0,client_0.pt,0.14285714285714285,0.14285714285714285,0.14285714285714285
no_client_information,vlm,bloodmnist_224,clip-vit-base-patch32,7,0.1,42,specialist_client,1,client_1.pt,0.14285714285714285,0.14285714285714285,0.14285714285714285
no_client_information,vlm,bloodmnist_224,clip-vit-base-patch32,7,0.1,42,specialist_client,2,client_2.pt,0.14285714285714285,0.14285714285714285,0.14285714285714285
no_client_information,vlm,bloodmnist_224,clip-vit-base-patch32,7,0.1,42,specialist_client,3,client_3.pt,0.14285714285714285,0.14285714285714285,0.14285714285714285
no_client_information,vlm,bloodmnist_224,clip-vit-base-patch32,7,0.1,42,specialist_client,4,client_4.pt,0.14285714285714285,0.14285714285714285,0.14285714285714285
no_client_information,vlm,bloodmnist_224,clip-vit-base-patch32,7,0.1,42,specialist_client,5,client_5.pt,0.14285714285714285,0.14285714285714285,0.14285714285714285
no_client_information,vlm,bloodmnist_224,clip-vit-base-patch32,7,0.1,42,specialist_client,6,client_6.pt,0.14285714285714285,0.14285714285714285,0.14285714285714285
no_client_information,vlm,chaoshengmnist_224,clip-vit-base-patch32,3,0.0,42,specialist_client,0,client_0.pt,0.3333333333333333,0.3333333333333333,0.3333333333333333
no_client_information,vlm,chaoshengmnist_224,clip-vit-base-patch32,3,0.0,42,specialist_client,1,client_1.pt,0.3333333333333333,0.3333333333333333,0.3333333333333333
no_client_information,vlm,chaoshengmnist_224,clip-vit-base-patch32,3,0.0,42,specialist_client,2,client_2.pt,0.3333333333333333,0.3333333333333333,0.3333333333333333
no_client_information,vlm,chaoshengmnist_224,clip-vit-base-patch32,3,0.01,42,specialist_client,0,client_0.pt,0.3333333333333333,0.3333333333333333,0.3333333333333333
no_client_information,vlm,chaoshengmnist_224,clip-vit-base-patch32,3,0.01,42,specialist_client,1,client_1.pt,0.3333333333333333,0.3333333333333333,0.3333333333333333
no_client_information,vlm,chaoshengmnist_224,clip-vit-base-patch32,3,0.01,42,specialist_client,2,client_2.pt,0.3333333333333333,0.3333333333333333,0.3333333333333333
no_client_information,vlm,chaoshengmnist_224,clip-vit-base-patch32,3,0.1,42,specialist_client,0,client_0.pt,0.3333333333333333,0.3333333333333333,0.3333333333333333
no_client_information,vlm,chaoshengmnist_224,clip-vit-base-patch32,3,0.1,42,specialist_client,1,client_1.pt,0.3333333333333333,0.3333333333333333,0.3333333333333333
no_client_information,vlm,chaoshengmnist_224,clip-vit-base-patch32,3,0.1,42,specialist_client,2,client_2.pt,0.3333333333333333,0.3333333333333333,0.3333333333333333
no_client_information,vlm,chaoshengmnist_224,clip-vit-base-patch32,5,0.0,42,specialist_client,0,client_0.pt,0.2,0.2,0.2
no_client_information,vlm,chaoshengmnist_224,clip-vit-base-patch32,5,0.0,42,specialist_client,1,client_1.pt,0.2,0.2,0.2
no_client_information,vlm,chaoshengmnist_224,clip-vit-base-patch32,5,0.0,42,specialist_client,2,client_2.pt,0.2,0.2,0.2
no_client_information,vlm,chaoshengmnist_224,clip-vit-base-patch32,5,0.0,42,specialist_client,3,client_3.pt,0.2,0.2,0.2
no_client_information,vlm,chaoshengmnist_224,clip-vit-base-patch32,5,0.0,42,specialist_client,4,client_4.pt,0.2,0.2,0.2
no_client_information,vlm,chaoshengmnist_224,clip-vit-base-patch32,5,0.01,42,specialist_client,0,client_0.pt,0.2,0.2,0.2
no_client_information,vlm,chaoshengmnist_224,clip-vit-base-patch32,5,0.01,42,specialist_client,1,client_1.pt,0.2,0.2,0.2
no_client_information,vlm,chaoshengmnist_224,clip-vit-base-patch32,5,0.01,42,specialist_client,2,client_2.pt,0.2,0.2,0.2
no_client_information,vlm,chaoshengmnist_224,clip-vit-base-patch32,5,0.01,42,specialist_client,3,client_3.pt,0.2,0.2,0.2
no_client_information,vlm,chaoshengmnist_224,clip-vit-base-patch32,5,0.01,42,specialist_client,4,client_4.pt,0.2,0.2,0.2
no_client_information,vlm,chaoshengmnist_224,clip-vit-base-patch32,5,0.1,42,specialist_client,0,client_0.pt,0.2,0.2,0.2
no_client_information,vlm,chaoshengmnist_224,clip-vit-base-patch32,5,0.1,42,specialist_client,1,client_1.pt,0.2,0.2,0.2
no_client_information,vlm,chaoshengmnist_224,clip-vit-base-patch32,5,0.1,42,specialist_client,2,client_2.pt,0.2,0.2,0.2
no_client_information,vlm,chaoshengmnist_224,clip-vit-base-patch32,5,0.1,42,specialist_client,3,client_3.pt,0.2,0.2,0.2
no_client_information,vlm,chaoshengmnist_224,clip-vit-base-patch32,5,0.1,42,specialist_client,4,client_4.pt,0.2,0.2,0.2
no_client_information,vlm,chaoshengmnist_224,clip-vit-base-patch32,7,0.0,42,consensus,0,client_0.pt,0.14285714285714285,0.14285714285714285,0.14285714285714285
no_client_information,vlm,chaoshengmnist_224,clip-vit-base-patch32,7,0.0,42,consensus,1,client_1.pt,0.14285714285714285,0.14285714285714285,0.14285714285714285
no_client_information,vlm,chaoshengmnist_224,clip-vit-base-patch32,7,0.0,42,consensus,2,client_2.pt,0.14285714285714285,0.14285714285714285,0.14285714285714285
no_client_information,vlm,chaoshengmnist_224,clip-vit-base-patch32,7,0.0,42,consensus,3,client_3.pt,0.14285714285714285,0.14285714285714285,0.14285714285714285
no_client_information,vlm,chaoshengmnist_224,clip-vit-base-patch32,7,0.0,42,consensus,4,client_4.pt,0.14285714285714285,0.14285714285714285,0.14285714285714285
no_client_information,vlm,chaoshengmnist_224,clip-vit-base-patch32,7,0.0,42,consensus,5,client_5.pt,0.14285714285714285,0.14285714285714285,0.14285714285714285
no_client_information,vlm,chaoshengmnist_224,clip-vit-base-patch32,7,0.0,42,consensus,6,client_6.pt,0.14285714285714285,0.14285714285714285,0.14285714285714285
no_client_information,vlm,chaoshengmnist_224,clip-vit-base-patch32,7,0.01,42,specialist_client,0,client_0.pt,0.14285714285714285,0.14285714285714285,0.14285714285714285
no_client_information,vlm,chaoshengmnist_224,clip-vit-base-patch32,7,0.01,42,specialist_client,1,client_1.pt,0.14285714285714285,0.14285714285714285,0.14285714285714285
no_client_information,vlm,chaoshengmnist_224,clip-vit-base-patch32,7,0.01,42,specialist_client,2,client_2.pt,0.14285714285714285,0.14285714285714285,0.14285714285714285
no_client_information,vlm,chaoshengmnist_224,clip-vit-base-patch32,7,0.01,42,specialist_client,3,client_3.pt,0.14285714285714285,0.14285714285714285,0.14285714285714285
no_client_information,vlm,chaoshengmnist_224,clip-vit-base-patch32,7,0.01,42,specialist_client,4,client_4.pt,0.14285714285714285,0.14285714285714285,0.14285714285714285
no_client_information,vlm,chaoshengmnist_224,clip-vit-base-patch32,7,0.01,42,specialist_client,5,client_5.pt,0.14285714285714285,0.14285714285714285,0.14285714285714285
no_client_information,vlm,chaoshengmnist_224,clip-vit-base-patch32,7,0.01,42,specialist_client,6,client_6.pt,0.14285714285714285,0.14285714285714285,0.14285714285714285
no_client_information,vlm,chaoshengmnist_224,clip-vit-base-patch32,7,0.1,42,specialist_client,0,client_0.pt,0.14285714285714285,0.14285714285714285,0.14285714285714285
no_client_information,vlm,chaoshengmnist_224,clip-vit-base-patch32,7,0.1,42,specialist_client,1,client_1.pt,0.14285714285714285,0.14285714285714285,0.14285714285714285
no_client_information,vlm,chaoshengmnist_224,clip-vit-base-patch32,7,0.1,42,specialist_client,2,client_2.pt,0.14285714285714285,0.14285714285714285,0.14285714285714285
no_client_information,vlm,chaoshengmnist_224,clip-vit-base-patch32,7,0.1,42,specialist_client,3,client_3.pt,0.14285714285714285,0.14285714285714285,0.14285714285714285
no_client_information,vlm,chaoshengmnist_224,clip-vit-base-patch32,7,0.1,42,specialist_client,4,client_4.pt,0.14285714285714285,0.14285714285714285,0.14285714285714285
no_client_information,vlm,chaoshengmnist_224,clip-vit-base-patch32,7,0.1,42,specialist_client,5,client_5.pt,0.14285714285714285,0.14285714285714285,0.14285714285714285
no_client_information,vlm,chaoshengmnist_224,clip-vit-base-patch32,7,0.1,42,specialist_client,6,client_6.pt,0.14285714285714285,0.14285714285714285,0.14285714285714285
no_client_information,vlm,dermamnist_224,clip-vit-base-patch32,3,0.0,42,avg,0,client_0.pt,0.3333333333333333,0.3333333333333333,0.3333333333333333
no_client_information,vlm,dermamnist_224,clip-vit-base-patch32,3,0.0,42,avg,1,client_1.pt,0.3333333333333333,0.3333333333333333,0.3333333333333333
no_client_information,vlm,dermamnist_224,clip-vit-base-patch32,3,0.0,42,avg,2,client_2.pt,0.3333333333333333,0.3333333333333333,0.3333333333333333
no_client_information,vlm,dermamnist_224,clip-vit-base-patch32,3,0.01,42,reference_delta,0,client_0.pt,0.3333333333333333,0.3333333333333333,0.3333333333333333
no_client_information,vlm,dermamnist_224,clip-vit-base-patch32,3,0.01,42,reference_delta,1,client_1.pt,0.3333333333333333,0.3333333333333333,0.3333333333333333
no_client_information,vlm,dermamnist_224,clip-vit-base-patch32,3,0.01,42,reference_delta,2,client_2.pt,0.3333333333333333,0.3333333333333333,0.3333333333333333
no_client_information,vlm,dermamnist_224,clip-vit-base-patch32,3,0.1,42,reference_delta,0,client_0.pt,0.3333333333333333,0.3333333333333333,0.3333333333333333
no_client_information,vlm,dermamnist_224,clip-vit-base-patch32,3,0.1,42,reference_delta,1,client_1.pt,0.3333333333333333,0.3333333333333333,0.3333333333333333
no_client_information,vlm,dermamnist_224,clip-vit-base-patch32,3,0.1,42,reference_delta,2,client_2.pt,0.3333333333333333,0.3333333333333333,0.3333333333333333
no_client_information,vlm,dermamnist_224,clip-vit-base-patch32,5,0.0,42,specialist_client,0,client_0.pt,0.2,0.2,0.2
no_client_information,vlm,dermamnist_224,clip-vit-base-patch32,5,0.0,42,specialist_client,1,client_1.pt,0.2,0.2,0.2
no_client_information,vlm,dermamnist_224,clip-vit-base-patch32,5,0.0,42,specialist_client,2,client_2.pt,0.2,0.2,0.2
no_client_information,vlm,dermamnist_224,clip-vit-base-patch32,5,0.0,42,specialist_client,3,client_3.pt,0.2,0.2,0.2
no_client_information,vlm,dermamnist_224,clip-vit-base-patch32,5,0.0,42,specialist_client,4,client_4.pt,0.2,0.2,0.2
no_client_information,vlm,dermamnist_224,clip-vit-base-patch32,5,0.01,42,avg,0,client_0.pt,0.2,0.2,0.2
no_client_information,vlm,dermamnist_224,clip-vit-base-patch32,5,0.01,42,avg,1,client_1.pt,0.2,0.2,0.2
no_client_information,vlm,dermamnist_224,clip-vit-base-patch32,5,0.01,42,avg,2,client_2.pt,0.2,0.2,0.2
no_client_information,vlm,dermamnist_224,clip-vit-base-patch32,5,0.01,42,avg,3,client_3.pt,0.2,0.2,0.2
no_client_information,vlm,dermamnist_224,clip-vit-base-patch32,5,0.01,42,avg,4,client_4.pt,0.2,0.2,0.2
no_client_information,vlm,dermamnist_224,clip-vit-base-patch32,5,0.1,42,avg,0,client_0.pt,0.2,0.2,0.2
no_client_information,vlm,dermamnist_224,clip-vit-base-patch32,5,0.1,42,avg,1,client_1.pt,0.2,0.2,0.2
no_client_information,vlm,dermamnist_224,clip-vit-base-patch32,5,0.1,42,avg,2,client_2.pt,0.2,0.2,0.2
no_client_information,vlm,dermamnist_224,clip-vit-base-patch32,5,0.1,42,avg,3,client_3.pt,0.2,0.2,0.2
no_client_information,vlm,dermamnist_224,clip-vit-base-patch32,5,0.1,42,avg,4,client_4.pt,0.2,0.2,0.2
no_client_information,vlm,dermamnist_224,clip-vit-base-patch32,7,0.0,42,reference_delta,0,client_0.pt,0.14285714285714285,0.14285714285714285,0.14285714285714285
no_client_information,vlm,dermamnist_224,clip-vit-base-patch32,7,0.0,42,reference_delta,1,client_1.pt,0.14285714285714285,0.14285714285714285,0.14285714285714285
no_client_information,vlm,dermamnist_224,clip-vit-base-patch32,7,0.0,42,reference_delta,2,client_2.pt,0.14285714285714285,0.14285714285714285,0.14285714285714285
no_client_information,vlm,dermamnist_224,clip-vit-base-patch32,7,0.0,42,reference_delta,3,client_3.pt,0.14285714285714285,0.14285714285714285,0.14285714285714285
no_client_information,vlm,dermamnist_224,clip-vit-base-patch32,7,0.0,42,reference_delta,4,client_4.pt,0.14285714285714285,0.14285714285714285,0.14285714285714285
no_client_information,vlm,dermamnist_224,clip-vit-base-patch32,7,0.0,42,reference_delta,5,client_5.pt,0.14285714285714285,0.14285714285714285,0.14285714285714285
no_client_information,vlm,dermamnist_224,clip-vit-base-patch32,7,0.0,42,reference_delta,6,client_6.pt,0.14285714285714285,0.14285714285714285,0.14285714285714285
no_client_information,vlm,dermamnist_224,clip-vit-base-patch32,7,0.01,42,reference_delta,0,client_0.pt,0.14285714285714285,0.14285714285714285,0.14285714285714285
no_client_information,vlm,dermamnist_224,clip-vit-base-patch32,7,0.01,42,reference_delta,1,client_1.pt,0.14285714285714285,0.14285714285714285,0.14285714285714285
no_client_information,vlm,dermamnist_224,clip-vit-base-patch32,7,0.01,42,reference_delta,2,client_2.pt,0.14285714285714285,0.14285714285714285,0.14285714285714285
no_client_information,vlm,dermamnist_224,clip-vit-base-patch32,7,0.01,42,reference_delta,3,client_3.pt,0.14285714285714285,0.14285714285714285,0.14285714285714285
no_client_information,vlm,dermamnist_224,clip-vit-base-patch32,7,0.01,42,reference_delta,4,client_4.pt,0.14285714285714285,0.14285714285714285,0.14285714285714285
no_client_information,vlm,dermamnist_224,clip-vit-base-patch32,7,0.01,42,reference_delta,5,client_5.pt,0.14285714285714285,0.14285714285714285,0.14285714285714285
no_client_information,vlm,dermamnist_224,clip-vit-base-patch32,7,0.01,42,reference_delta,6,client_6.pt,0.14285714285714285,0.14285714285714285,0.14285714285714285
no_client_information,vlm,dermamnist_224,clip-vit-base-patch32,7,0.1,42,avg,0,client_0.pt,0.14285714285714285,0.14285714285714285,0.14285714285714285
no_client_information,vlm,dermamnist_224,clip-vit-base-patch32,7,0.1,42,avg,1,client_1.pt,0.14285714285714285,0.14285714285714285,0.14285714285714285
no_client_information,vlm,dermamnist_224,clip-vit-base-patch32,7,0.1,42,avg,2,client_2.pt,0.14285714285714285,0.14285714285714285,0.14285714285714285
no_client_information,vlm,dermamnist_224,clip-vit-base-patch32,7,0.1,42,avg,3,client_3.pt,0.14285714285714285,0.14285714285714285,0.14285714285714285
no_client_information,vlm,dermamnist_224,clip-vit-base-patch32,7,0.1,42,avg,4,client_4.pt,0.14285714285714285,0.14285714285714285,0.14285714285714285
no_client_information,vlm,dermamnist_224,clip-vit-base-patch32,7,0.1,42,avg,5,client_5.pt,0.14285714285714285,0.14285714285714285,0.14285714285714285
no_client_information,vlm,dermamnist_224,clip-vit-base-patch32,7,0.1,42,avg,6,client_6.pt,0.14285714285714285,0.14285714285714285,0.14285714285714285
no_client_information,vlm,organcmnist_224,clip-vit-base-patch32,3,0.0,42,reference_delta,0,client_0.pt,0.3333333333333333,0.3333333333333333,0.3333333333333333
no_client_information,vlm,organcmnist_224,clip-vit-base-patch32,3,0.0,42,reference_delta,1,client_1.pt,0.3333333333333333,0.3333333333333333,0.3333333333333333
no_client_information,vlm,organcmnist_224,clip-vit-base-patch32,3,0.0,42,reference_delta,2,client_2.pt,0.3333333333333333,0.3333333333333333,0.3333333333333333
no_client_information,vlm,organcmnist_224,clip-vit-base-patch32,3,0.01,42,specialist_client,0,client_0.pt,0.3333333333333333,0.3333333333333333,0.3333333333333333
no_client_information,vlm,organcmnist_224,clip-vit-base-patch32,3,0.01,42,specialist_client,1,client_1.pt,0.3333333333333333,0.3333333333333333,0.3333333333333333
no_client_information,vlm,organcmnist_224,clip-vit-base-patch32,3,0.01,42,specialist_client,2,client_2.pt,0.3333333333333333,0.3333333333333333,0.3333333333333333
no_client_information,vlm,organcmnist_224,clip-vit-base-patch32,3,0.1,42,reference_delta,0,client_0.pt,0.3333333333333333,0.3333333333333333,0.3333333333333333
no_client_information,vlm,organcmnist_224,clip-vit-base-patch32,3,0.1,42,reference_delta,1,client_1.pt,0.3333333333333333,0.3333333333333333,0.3333333333333333
no_client_information,vlm,organcmnist_224,clip-vit-base-patch32,3,0.1,42,reference_delta,2,client_2.pt,0.3333333333333333,0.3333333333333333,0.3333333333333333
no_client_information,vlm,organcmnist_224,clip-vit-base-patch32,5,0.0,42,specialist_client,0,client_0.pt,0.2,0.2,0.2
no_client_information,vlm,organcmnist_224,clip-vit-base-patch32,5,0.0,42,specialist_client,1,client_1.pt,0.2,0.2,0.2
no_client_information,vlm,organcmnist_224,clip-vit-base-patch32,5,0.0,42,specialist_client,2,client_2.pt,0.2,0.2,0.2
no_client_information,vlm,organcmnist_224,clip-vit-base-patch32,5,0.0,42,specialist_client,3,client_3.pt,0.2,0.2,0.2
no_client_information,vlm,organcmnist_224,clip-vit-base-patch32,5,0.0,42,specialist_client,4,client_4.pt,0.2,0.2,0.2
no_client_information,vlm,organcmnist_224,clip-vit-base-patch32,5,0.01,42,specialist_client,0,client_0.pt,0.2,0.2,0.2
no_client_information,vlm,organcmnist_224,clip-vit-base-patch32,5,0.01,42,specialist_client,1,client_1.pt,0.2,0.2,0.2
no_client_information,vlm,organcmnist_224,clip-vit-base-patch32,5,0.01,42,specialist_client,2,client_2.pt,0.2,0.2,0.2
no_client_information,vlm,organcmnist_224,clip-vit-base-patch32,5,0.01,42,specialist_client,3,client_3.pt,0.2,0.2,0.2
no_client_information,vlm,organcmnist_224,clip-vit-base-patch32,5,0.01,42,specialist_client,4,client_4.pt,0.2,0.2,0.2
no_client_information,vlm,organcmnist_224,clip-vit-base-patch32,5,0.1,42,specialist_client,0,client_0.pt,0.2,0.2,0.2
no_client_information,vlm,organcmnist_224,clip-vit-base-patch32,5,0.1,42,specialist_client,1,client_1.pt,0.2,0.2,0.2
no_client_information,vlm,organcmnist_224,clip-vit-base-patch32,5,0.1,42,specialist_client,2,client_2.pt,0.2,0.2,0.2
no_client_information,vlm,organcmnist_224,clip-vit-base-patch32,5,0.1,42,specialist_client,3,client_3.pt,0.2,0.2,0.2
no_client_information,vlm,organcmnist_224,clip-vit-base-patch32,5,0.1,42,specialist_client,4,client_4.pt,0.2,0.2,0.2
no_client_information,vlm,organcmnist_224,clip-vit-base-patch32,7,0.0,42,specialist_client,0,client_0.pt,0.14285714285714285,0.14285714285714285,0.14285714285714285
no_client_information,vlm,organcmnist_224,clip-vit-base-patch32,7,0.0,42,specialist_client,1,client_1.pt,0.14285714285714285,0.14285714285714285,0.14285714285714285
no_client_information,vlm,organcmnist_224,clip-vit-base-patch32,7,0.0,42,specialist_client,2,client_2.pt,0.14285714285714285,0.14285714285714285,0.14285714285714285
no_client_information,vlm,organcmnist_224,clip-vit-base-patch32,7,0.0,42,specialist_client,3,client_3.pt,0.14285714285714285,0.14285714285714285,0.14285714285714285
no_client_information,vlm,organcmnist_224,clip-vit-base-patch32,7,0.0,42,specialist_client,4,client_4.pt,0.14285714285714285,0.14285714285714285,0.14285714285714285
no_client_information,vlm,organcmnist_224,clip-vit-base-patch32,7,0.0,42,specialist_client,5,client_5.pt,0.14285714285714285,0.14285714285714285,0.14285714285714285
no_client_information,vlm,organcmnist_224,clip-vit-base-patch32,7,0.0,42,specialist_client,6,client_6.pt,0.14285714285714285,0.14285714285714285,0.14285714285714285
no_client_information,vlm,organcmnist_224,clip-vit-base-patch32,7,0.01,42,specialist_client,0,client_0.pt,0.14285714285714285,0.14285714285714285,0.14285714285714285
no_client_information,vlm,organcmnist_224,clip-vit-base-patch32,7,0.01,42,specialist_client,1,client_1.pt,0.14285714285714285,0.14285714285714285,0.14285714285714285
no_client_information,vlm,organcmnist_224,clip-vit-base-patch32,7,0.01,42,specialist_client,2,client_2.pt,0.14285714285714285,0.14285714285714285,0.14285714285714285
no_client_information,vlm,organcmnist_224,clip-vit-base-patch32,7,0.01,42,specialist_client,3,client_3.pt,0.14285714285714285,0.14285714285714285,0.14285714285714285
no_client_information,vlm,organcmnist_224,clip-vit-base-patch32,7,0.01,42,specialist_client,4,client_4.pt,0.14285714285714285,0.14285714285714285,0.14285714285714285
no_client_information,vlm,organcmnist_224,clip-vit-base-patch32,7,0.01,42,specialist_client,5,client_5.pt,0.14285714285714285,0.14285714285714285,0.14285714285714285
no_client_information,vlm,organcmnist_224,clip-vit-base-patch32,7,0.01,42,specialist_client,6,client_6.pt,0.14285714285714285,0.14285714285714285,0.14285714285714285
no_client_information,vlm,organcmnist_224,clip-vit-base-patch32,7,0.1,42,specialist_client,0,client_0.pt,0.14285714285714285,0.14285714285714285,0.14285714285714285
no_client_information,vlm,organcmnist_224,clip-vit-base-patch32,7,0.1,42,specialist_client,1,client_1.pt,0.14285714285714285,0.14285714285714285,0.14285714285714285
no_client_information,vlm,organcmnist_224,clip-vit-base-patch32,7,0.1,42,specialist_client,2,client_2.pt,0.14285714285714285,0.14285714285714285,0.14285714285714285
no_client_information,vlm,organcmnist_224,clip-vit-base-patch32,7,0.1,42,specialist_client,3,client_3.pt,0.14285714285714285,0.14285714285714285,0.14285714285714285
no_client_information,vlm,organcmnist_224,clip-vit-base-patch32,7,0.1,42,specialist_client,4,client_4.pt,0.14285714285714285,0.14285714285714285,0.14285714285714285
no_client_information,vlm,organcmnist_224,clip-vit-base-patch32,7,0.1,42,specialist_client,5,client_5.pt,0.14285714285714285,0.14285714285714285,0.14285714285714285
no_client_information,vlm,organcmnist_224,clip-vit-base-patch32,7,0.1,42,specialist_client,6,client_6.pt,0.14285714285714285,0.14285714285714285,0.14285714285714285
no_client_information,vlm,organsmnist_224,clip-vit-base-patch32,3,0.0,42,specialist_client,0,client_0.pt,0.3333333333333333,0.3333333333333333,0.3333333333333333
no_client_information,vlm,organsmnist_224,clip-vit-base-patch32,3,0.0,42,specialist_client,1,client_1.pt,0.3333333333333333,0.3333333333333333,0.3333333333333333
no_client_information,vlm,organsmnist_224,clip-vit-base-patch32,3,0.0,42,specialist_client,2,client_2.pt,0.3333333333333333,0.3333333333333333,0.3333333333333333
no_client_information,vlm,organsmnist_224,clip-vit-base-patch32,3,0.01,42,avg,0,client_0.pt,0.3333333333333333,0.3333333333333333,0.3333333333333333
no_client_information,vlm,organsmnist_224,clip-vit-base-patch32,3,0.01,42,avg,1,client_1.pt,0.3333333333333333,0.3333333333333333,0.3333333333333333
no_client_information,vlm,organsmnist_224,clip-vit-base-patch32,3,0.01,42,avg,2,client_2.pt,0.3333333333333333,0.3333333333333333,0.3333333333333333
no_client_information,vlm,organsmnist_224,clip-vit-base-patch32,3,0.1,42,reference_delta,0,client_0.pt,0.3333333333333333,0.3333333333333333,0.3333333333333333
no_client_information,vlm,organsmnist_224,clip-vit-base-patch32,3,0.1,42,reference_delta,1,client_1.pt,0.3333333333333333,0.3333333333333333,0.3333333333333333
no_client_information,vlm,organsmnist_224,clip-vit-base-patch32,3,0.1,42,reference_delta,2,client_2.pt,0.3333333333333333,0.3333333333333333,0.3333333333333333
no_client_information,vlm,organsmnist_224,clip-vit-base-patch32,5,0.0,42,specialist_client,0,client_0.pt,0.2,0.2,0.2
no_client_information,vlm,organsmnist_224,clip-vit-base-patch32,5,0.0,42,specialist_client,1,client_1.pt,0.2,0.2,0.2
no_client_information,vlm,organsmnist_224,clip-vit-base-patch32,5,0.0,42,specialist_client,2,client_2.pt,0.2,0.2,0.2
no_client_information,vlm,organsmnist_224,clip-vit-base-patch32,5,0.0,42,specialist_client,3,client_3.pt,0.2,0.2,0.2
no_client_information,vlm,organsmnist_224,clip-vit-base-patch32,5,0.0,42,specialist_client,4,client_4.pt,0.2,0.2,0.2
no_client_information,vlm,organsmnist_224,clip-vit-base-patch32,5,0.01,42,morphology,0,client_0.pt,0.2,0.2,0.2
no_client_information,vlm,organsmnist_224,clip-vit-base-patch32,5,0.01,42,morphology,1,client_1.pt,0.2,0.2,0.2
no_client_information,vlm,organsmnist_224,clip-vit-base-patch32,5,0.01,42,morphology,2,client_2.pt,0.2,0.2,0.2
no_client_information,vlm,organsmnist_224,clip-vit-base-patch32,5,0.01,42,morphology,3,client_3.pt,0.2,0.2,0.2
no_client_information,vlm,organsmnist_224,clip-vit-base-patch32,5,0.01,42,morphology,4,client_4.pt,0.2,0.2,0.2
no_client_information,vlm,organsmnist_224,clip-vit-base-patch32,5,0.1,42,specialist_client,0,client_0.pt,0.2,0.2,0.2
no_client_information,vlm,organsmnist_224,clip-vit-base-patch32,5,0.1,42,specialist_client,1,client_1.pt,0.2,0.2,0.2
no_client_information,vlm,organsmnist_224,clip-vit-base-patch32,5,0.1,42,specialist_client,2,client_2.pt,0.2,0.2,0.2
no_client_information,vlm,organsmnist_224,clip-vit-base-patch32,5,0.1,42,specialist_client,3,client_3.pt,0.2,0.2,0.2
no_client_information,vlm,organsmnist_224,clip-vit-base-patch32,5,0.1,42,specialist_client,4,client_4.pt,0.2,0.2,0.2
no_client_information,vlm,organsmnist_224,clip-vit-base-patch32,7,0.0,42,specialist_client,0,client_0.pt,0.14285714285714285,0.14285714285714285,0.14285714285714285
no_client_information,vlm,organsmnist_224,clip-vit-base-patch32,7,0.0,42,specialist_client,1,client_1.pt,0.14285714285714285,0.14285714285714285,0.14285714285714285
no_client_information,vlm,organsmnist_224,clip-vit-base-patch32,7,0.0,42,specialist_client,2,client_2.pt,0.14285714285714285,0.14285714285714285,0.14285714285714285
no_client_information,vlm,organsmnist_224,clip-vit-base-patch32,7,0.0,42,specialist_client,3,client_3.pt,0.14285714285714285,0.14285714285714285,0.14285714285714285
no_client_information,vlm,organsmnist_224,clip-vit-base-patch32,7,0.0,42,specialist_client,4,client_4.pt,0.14285714285714285,0.14285714285714285,0.14285714285714285
no_client_information,vlm,organsmnist_224,clip-vit-base-patch32,7,0.0,42,specialist_client,5,client_5.pt,0.14285714285714285,0.14285714285714285,0.14285714285714285
no_client_information,vlm,organsmnist_224,clip-vit-base-patch32,7,0.0,42,specialist_client,6,client_6.pt,0.14285714285714285,0.14285714285714285,0.14285714285714285
no_client_information,vlm,organsmnist_224,clip-vit-base-patch32,7,0.01,42,specialist_client,0,client_0.pt,0.14285714285714285,0.14285714285714285,0.14285714285714285
no_client_information,vlm,organsmnist_224,clip-vit-base-patch32,7,0.01,42,specialist_client,1,client_1.pt,0.14285714285714285,0.14285714285714285,0.14285714285714285
no_client_information,vlm,organsmnist_224,clip-vit-base-patch32,7,0.01,42,specialist_client,2,client_2.pt,0.14285714285714285,0.14285714285714285,0.14285714285714285
no_client_information,vlm,organsmnist_224,clip-vit-base-patch32,7,0.01,42,specialist_client,3,client_3.pt,0.14285714285714285,0.14285714285714285,0.14285714285714285
no_client_information,vlm,organsmnist_224,clip-vit-base-patch32,7,0.01,42,specialist_client,4,client_4.pt,0.14285714285714285,0.14285714285714285,0.14285714285714285
no_client_information,vlm,organsmnist_224,clip-vit-base-patch32,7,0.01,42,specialist_client,5,client_5.pt,0.14285714285714285,0.14285714285714285,0.14285714285714285
no_client_information,vlm,organsmnist_224,clip-vit-base-patch32,7,0.01,42,specialist_client,6,client_6.pt,0.14285714285714285,0.14285714285714285,0.14285714285714285
no_client_information,vlm,organsmnist_224,clip-vit-base-patch32,7,0.1,42,specialist_client,0,client_0.pt,0.14285714285714285,0.14285714285714285,0.14285714285714285
no_client_information,vlm,organsmnist_224,clip-vit-base-patch32,7,0.1,42,specialist_client,1,client_1.pt,0.14285714285714285,0.14285714285714285,0.14285714285714285
no_client_information,vlm,organsmnist_224,clip-vit-base-patch32,7,0.1,42,specialist_client,2,client_2.pt,0.14285714285714285,0.14285714285714285,0.14285714285714285
no_client_information,vlm,organsmnist_224,clip-vit-base-patch32,7,0.1,42,specialist_client,3,client_3.pt,0.14285714285714285,0.14285714285714285,0.14285714285714285
no_client_information,vlm,organsmnist_224,clip-vit-base-patch32,7,0.1,42,specialist_client,4,client_4.pt,0.14285714285714285,0.14285714285714285,0.14285714285714285
no_client_information,vlm,organsmnist_224,clip-vit-base-patch32,7,0.1,42,specialist_client,5,client_5.pt,0.14285714285714285,0.14285714285714285,0.14285714285714285
no_client_information,vlm,organsmnist_224,clip-vit-base-patch32,7,0.1,42,specialist_client,6,client_6.pt,0.14285714285714285,0.14285714285714285,0.14285714285714285
no_fusion_selection,small,bloodmnist_224,convnext,3,0.0,42,avg,0,client_0.pt,0.3333333333333333,0.3069280982017517,0.3143337666988373
no_fusion_selection,small,bloodmnist_224,convnext,3,0.0,42,avg,1,client_1.pt,0.3333333333333333,0.3568447530269623,0.32878026366233826
no_fusion_selection,small,bloodmnist_224,convnext,3,0.0,42,avg,2,client_2.pt,0.3333333333333333,0.336227148771286,0.35688596963882446
no_fusion_selection,small,bloodmnist_224,convnext,3,0.01,42,avg,0,client_0.pt,0.3333333333333333,0.3795205056667328,0.34898704290390015
no_fusion_selection,small,bloodmnist_224,convnext,3,0.01,42,avg,1,client_1.pt,0.3333333333333333,0.2648370862007141,0.2665582597255707
no_fusion_selection,small,bloodmnist_224,convnext,3,0.01,42,avg,2,client_2.pt,0.3333333333333333,0.3556423783302307,0.3844546973705292
no_fusion_selection,small,bloodmnist_224,convnext,3,0.1,42,avg,0,client_0.pt,0.3333333333333333,0.2992934584617615,0.28603315353393555
no_fusion_selection,small,bloodmnist_224,convnext,3,0.1,42,avg,1,client_1.pt,0.3333333333333333,0.4013821482658386,0.4279106855392456
no_fusion_selection,small,bloodmnist_224,convnext,3,0.1,42,avg,2,client_2.pt,0.3333333333333333,0.2993244230747223,0.28605619072914124
no_fusion_selection,small,bloodmnist_224,convnext,5,0.0,42,avg,0,client_0.pt,0.2,0.2550885081291199,0.29394614696502686
no_fusion_selection,small,bloodmnist_224,convnext,5,0.0,42,avg,1,client_1.pt,0.2,0.14158639311790466,0.13856865465641022
no_fusion_selection,small,bloodmnist_224,convnext,5,0.0,42,avg,2,client_2.pt,0.2,0.13863347470760345,0.1286780685186386
no_fusion_selection,small,bloodmnist_224,convnext,5,0.0,42,avg,3,client_3.pt,0.2,0.20299877226352692,0.18150021135807037
no_fusion_selection,small,bloodmnist_224,convnext,5,0.0,42,avg,4,client_4.pt,0.2,0.2616928517818451,0.2573069632053375
no_fusion_selection,small,bloodmnist_224,convnext,5,0.01,42,avg,0,client_0.pt,0.2,0.16875284910202026,0.16444532573223114
no_fusion_selection,small,bloodmnist_224,convnext,5,0.01,42,avg,1,client_1.pt,0.2,0.17749261856079102,0.20259910821914673
no_fusion_selection,small,bloodmnist_224,convnext,5,0.01,42,avg,2,client_2.pt,0.2,0.17276683449745178,0.20660807192325592
no_fusion_selection,small,bloodmnist_224,convnext,5,0.01,42,avg,3,client_3.pt,0.2,0.270869642496109,0.24999861419200897
no_fusion_selection,small,bloodmnist_224,convnext,5,0.01,42,avg,4,client_4.pt,0.2,0.2101181000471115,0.17634886503219604
no_fusion_selection,small,bloodmnist_224,convnext,5,0.1,42,avg,0,client_0.pt,0.2,0.15114721655845642,0.13868552446365356
no_fusion_selection,small,bloodmnist_224,convnext,5,0.1,42,avg,1,client_1.pt,0.2,0.27363529801368713,0.25772252678871155
no_fusion_selection,small,bloodmnist_224,convnext,5,0.1,42,avg,2,client_2.pt,0.2,0.17494094371795654,0.2000402957201004
no_fusion_selection,small,bloodmnist_224,convnext,5,0.1,42,avg,3,client_3.pt,0.2,0.14055730402469635,0.12242759764194489
no_fusion_selection,small,bloodmnist_224,convnext,5,0.1,42,avg,4,client_4.pt,0.2,0.25971922278404236,0.2811240255832672
no_fusion_selection,small,bloodmnist_224,convnext,7,0.0,42,avg,0,client_0.pt,0.14285714285714285,0.15986712276935577,0.1698765903711319
no_fusion_selection,small,bloodmnist_224,convnext,7,0.0,42,avg,1,client_1.pt,0.14285714285714285,0.1018534004688263,0.09584327787160873
no_fusion_selection,small,bloodmnist_224,convnext,7,0.0,42,avg,2,client_2.pt,0.14285714285714285,0.09972523897886276,0.08899882435798645
no_fusion_selection,small,bloodmnist_224,convnext,7,0.0,42,avg,3,client_3.pt,0.14285714285714285,0.14603470265865326,0.1255398988723755
no_fusion_selection,small,bloodmnist_224,convnext,7,0.0,42,avg,4,client_4.pt,0.14285714285714285,0.18825846910476685,0.17797382175922394
no_fusion_selection,small,bloodmnist_224,convnext,7,0.0,42,avg,5,client_5.pt,0.14285714285714285,0.18102696537971497,0.19766154885292053
no_fusion_selection,small,bloodmnist_224,convnext,7,0.0,42,avg,6,client_6.pt,0.14285714285714285,0.1232340931892395,0.144105926156044
no_fusion_selection,small,bloodmnist_224,convnext,7,0.01,42,avg,0,client_0.pt,0.14285714285714285,0.10798832774162292,0.12863408029079437
no_fusion_selection,small,bloodmnist_224,convnext,7,0.01,42,avg,1,client_1.pt,0.14285714285714285,0.17092041671276093,0.19073604047298431
no_fusion_selection,small,bloodmnist_224,convnext,7,0.01,42,avg,2,client_2.pt,0.14285714285714285,0.1755882352590561,0.17121034860610962
no_fusion_selection,small,bloodmnist_224,convnext,7,0.01,42,avg,3,client_3.pt,0.14285714285714285,0.16496828198432922,0.1588657796382904
no_fusion_selection,small,bloodmnist_224,convnext,7,0.01,42,avg,4,client_4.pt,0.14285714285714285,0.08738742023706436,0.07944317162036896
no_fusion_selection,small,bloodmnist_224,convnext,7,0.01,42,avg,5,client_5.pt,0.14285714285714285,0.12796875834465027,0.11206190288066864
no_fusion_selection,small,bloodmnist_224,convnext,7,0.01,42,avg,6,client_6.pt,0.14285714285714285,0.1651785969734192,0.15904869139194489
no_fusion_selection,small,bloodmnist_224,convnext,7,0.1,42,avg,0,client_0.pt,0.14285714285714285,0.17955167591571808,0.17349405586719513
no_fusion_selection,small,bloodmnist_224,convnext,7,0.1,42,avg,1,client_1.pt,0.14285714285714285,0.13926991820335388,0.122372105717659
no_fusion_selection,small,bloodmnist_224,convnext,7,0.1,42,avg,2,client_2.pt,0.14285714285714285,0.09511955082416534,0.08676211535930634
no_fusion_selection,small,bloodmnist_224,convnext,7,0.1,42,avg,3,client_3.pt,0.14285714285714285,0.14547845721244812,0.15412497520446777
no_fusion_selection,small,bloodmnist_224,convnext,7,0.1,42,avg,4,client_4.pt,0.14285714285714285,0.13924077153205872,0.12398036569356918
no_fusion_selection,small,bloodmnist_224,convnext,7,0.1,42,avg,5,client_5.pt,0.14285714285714285,0.12274184823036194,0.1374015510082245
no_fusion_selection,small,bloodmnist_224,convnext,7,0.1,42,avg,6,client_6.pt,0.14285714285714285,0.17859776318073273,0.2018648236989975
no_fusion_selection,small,bloodmnist_224,resnet,3,0.0,42,avg,0,client_0.pt,0.3333333333333333,0.4452696144580841,0.458892822265625
no_fusion_selection,small,bloodmnist_224,resnet,3,0.0,42,avg,1,client_1.pt,0.3333333333333333,0.40172120928764343,0.41353267431259155
no_fusion_selection,small,bloodmnist_224,resnet,3,0.0,42,avg,2,client_2.pt,0.3333333333333333,0.15300914645195007,0.12757445871829987
no_fusion_selection,small,bloodmnist_224,resnet,3,0.01,42,avg,0,client_0.pt,0.3333333333333333,0.4098595678806305,0.3631877899169922
no_fusion_selection,small,bloodmnist_224,resnet,3,0.01,42,avg,1,client_1.pt,0.3333333333333333,0.25157925486564636,0.27584099769592285
no_fusion_selection,small,bloodmnist_224,resnet,3,0.01,42,avg,2,client_2.pt,0.3333333333333333,0.33856120705604553,0.36097121238708496
no_fusion_selection,small,bloodmnist_224,resnet,3,0.1,42,avg,0,client_0.pt,0.3333333333333333,0.4214814603328705,0.41338247060775757
no_fusion_selection,small,bloodmnist_224,resnet,3,0.1,42,avg,1,client_1.pt,0.3333333333333333,0.22585223615169525,0.24308200180530548
no_fusion_selection,small,bloodmnist_224,resnet,3,0.1,42,avg,2,client_2.pt,0.3333333333333333,0.35266637802124023,0.34353551268577576
no_fusion_selection,small,bloodmnist_224,resnet,5,0.0,42,avg,0,client_0.pt,0.2,0.22412686049938202,0.23921672999858856
no_fusion_selection,small,bloodmnist_224,resnet,5,0.0,42,avg,1,client_1.pt,0.2,0.17227381467819214,0.20462630689144135
no_fusion_selection,small,bloodmnist_224,resnet,5,0.0,42,avg,2,client_2.pt,0.2,0.14007268846035004,0.12726669013500214
no_fusion_selection,small,bloodmnist_224,resnet,5,0.0,42,avg,3,client_3.pt,0.2,0.2022399753332138,0.17721624672412872
no_fusion_selection,small,bloodmnist_224,resnet,5,0.0,42,avg,4,client_4.pt,0.2,0.2612866759300232,0.2516740560531616
no_fusion_selection,small,bloodmnist_224,resnet,5,0.01,42,avg,0,client_0.pt,0.2,0.18429751694202423,0.1888660192489624
no_fusion_selection,small,bloodmnist_224,resnet,5,0.01,42,avg,1,client_1.pt,0.2,0.28175684809684753,0.2959659695625305
no_fusion_selection,small,bloodmnist_224,resnet,5,0.01,42,avg,2,client_2.pt,0.2,0.13310062885284424,0.1571318805217743
no_fusion_selection,small,bloodmnist_224,resnet,5,0.01,42,avg,3,client_3.pt,0.2,0.2047039270401001,0.1877957433462143
no_fusion_selection,small,bloodmnist_224,resnet,5,0.01,42,avg,4,client_4.pt,0.2,0.19614103436470032,0.1702403724193573
no_fusion_selection,small,bloodmnist_224,resnet,5,0.1,42,avg,0,client_0.pt,0.2,0.31463444232940674,0.3512727618217468
no_fusion_selection,small,bloodmnist_224,resnet,5,0.1,42,avg,1,client_1.pt,0.2,0.23524552583694458,0.22725418210029602
no_fusion_selection,small,bloodmnist_224,resnet,5,0.1,42,avg,2,client_2.pt,0.2,0.1168757975101471,0.12068170309066772
no_fusion_selection,small,bloodmnist_224,resnet,5,0.1,42,avg,3,client_3.pt,0.2,0.16623051464557648,0.1472521424293518
no_fusion_selection,small,bloodmnist_224,resnet,5,0.1,42,avg,4,client_4.pt,0.2,0.16701370477676392,0.15353924036026
no_fusion_selection,small,bloodmnist_224,resnet,7,0.0,42,avg,0,client_0.pt,0.14285714285714285,0.15824292600154877,0.16667255759239197
no_fusion_selection,small,bloodmnist_224,resnet,7,0.0,42,avg,1,client_1.pt,0.14285714285714285,0.1039472222328186,0.09781812131404877
no_fusion_selection,small,bloodmnist_224,resnet,7,0.0,42,avg,2,client_2.pt,0.14285714285714285,0.10040881484746933,0.08984865248203278
no_fusion_selection,small,bloodmnist_224,resnet,7,0.0,42,avg,3,client_3.pt,0.14285714285714285,0.1441657990217209,0.12444433569908142
no_fusion_selection,small,bloodmnist_224,resnet,7,0.0,42,avg,4,client_4.pt,0.14285714285714285,0.18743184208869934,0.17776493728160858
no_fusion_selection,small,bloodmnist_224,resnet,7,0.0,42,avg,5,client_5.pt,0.14285714285714285,0.1800139993429184,0.19710953533649445
no_fusion_selection,small,bloodmnist_224,resnet,7,0.0,42,avg,6,client_6.pt,0.14285714285714285,0.12578938901424408,0.14634189009666443
no_fusion_selection,small,bloodmnist_224,resnet,7,0.01,42,avg,0,client_0.pt,0.14285714285714285,0.10301710665225983,0.11818977445363998
no_fusion_selection,small,bloodmnist_224,resnet,7,0.01,42,avg,1,client_1.pt,0.14285714285714285,0.13020186126232147,0.11357852816581726
no_fusion_selection,small,bloodmnist_224,resnet,7,0.01,42,avg,2,client_2.pt,0.14285714285714285,0.10590341687202454,0.09630405157804489
no_fusion_selection,small,bloodmnist_224,resnet,7,0.01,42,avg,3,client_3.pt,0.14285714285714285,0.15762124955654144,0.1463906615972519
no_fusion_selection,small,bloodmnist_224,resnet,7,0.01,42,avg,4,client_4.pt,0.14285714285714285,0.1380167007446289,0.13780784606933594
no_fusion_selection,small,bloodmnist_224,resnet,7,0.01,42,avg,5,client_5.pt,0.14285714285714285,0.1427799016237259,0.12959639728069305
no_fusion_selection,small,bloodmnist_224,resnet,7,0.01,42,avg,6,client_6.pt,0.14285714285714285,0.22245971858501434,0.2581327557563782
no_fusion_selection,small,bloodmnist_224,resnet,7,0.1,42,avg,0,client_0.pt,0.14285714285714285,0.07507350295782089,0.06981394439935684
no_fusion_selection,small,bloodmnist_224,resnet,7,0.1,42,avg,1,client_1.pt,0.14285714285714285,0.17082105576992035,0.16467368602752686
no_fusion_selection,small,bloodmnist_224,resnet,7,0.1,42,avg,2,client_2.pt,0.14285714285714285,0.15703117847442627,0.16313165426254272
no_fusion_selection,small,bloodmnist_224,resnet,7,0.1,42,avg,3,client_3.pt,0.14285714285714285,0.07901714742183685,0.07643548399209976
no_fusion_selection,small,bloodmnist_224,resnet,7,0.1,42,avg,4,client_4.pt,0.14285714285714285,0.12985940277576447,0.11851493269205093
no_fusion_selection,small,bloodmnist_224,resnet,7,0.1,42,avg,5,client_5.pt,0.14285714285714285,0.16298720240592957,0.17076799273490906
no_fusion_selection,small,bloodmnist_224,resnet,7,0.1,42,avg,6,client_6.pt,0.14285714285714285,0.225210502743721,0.23666226863861084
no_fusion_selection,small,bloodmnist_224,swin_tiny,3,0.0,42,avg,0,client_0.pt,0.3333333333333333,0.2834748327732086,0.25053682923316956
no_fusion_selection,small,bloodmnist_224,swin_tiny,3,0.0,42,avg,1,client_1.pt,0.3333333333333333,0.3654373586177826,0.3551778793334961
no_fusion_selection,small,bloodmnist_224,swin_tiny,3,0.0,42,avg,2,client_2.pt,0.3333333333333333,0.3510878086090088,0.3942853510379791
no_fusion_selection,small,bloodmnist_224,swin_tiny,3,0.01,42,avg,0,client_0.pt,0.3333333333333333,0.38078123331069946,0.3538993299007416
no_fusion_selection,small,bloodmnist_224,swin_tiny,3,0.01,42,avg,1,client_1.pt,0.3333333333333333,0.2660628855228424,0.27066537737846375
no_fusion_selection,small,bloodmnist_224,swin_tiny,3,0.01,42,avg,2,client_2.pt,0.3333333333333333,0.35315585136413574,0.37543532252311707
no_fusion_selection,small,bloodmnist_224,swin_tiny,3,0.1,42,avg,0,client_0.pt,0.3333333333333333,0.29732683300971985,0.28294479846954346
no_fusion_selection,small,bloodmnist_224,swin_tiny,3,0.1,42,avg,1,client_1.pt,0.3333333333333333,0.40519386529922485,0.4340316653251648
no_fusion_selection,small,bloodmnist_224,swin_tiny,3,0.1,42,avg,2,client_2.pt,0.3333333333333333,0.2974793314933777,0.28302353620529175
no_fusion_selection,small,bloodmnist_224,swin_tiny,5,0.0,42,avg,0,client_0.pt,0.2,0.25249791145324707,0.28812527656555176
no_fusion_selection,small,bloodmnist_224,swin_tiny,5,0.0,42,avg,1,client_1.pt,0.2,0.14211425185203552,0.13974319398403168
no_fusion_selection,small,bloodmnist_224,swin_tiny,5,0.0,42,avg,2,client_2.pt,0.2,0.13910557329654694,0.12972980737686157
no_fusion_selection,small,bloodmnist_224,swin_tiny,5,0.0,42,avg,3,client_3.pt,0.2,0.20369365811347961,0.18298698961734772
no_fusion_selection,small,bloodmnist_224,swin_tiny,5,0.0,42,avg,4,client_4.pt,0.2,0.26258864998817444,0.2594147324562073
no_fusion_selection,small,bloodmnist_224,swin_tiny,5,0.01,42,avg,0,client_0.pt,0.2,0.18837174773216248,0.1915777325630188
no_fusion_selection,small,bloodmnist_224,swin_tiny,5,0.01,42,avg,1,client_1.pt,0.2,0.22448289394378662,0.20333421230316162
no_fusion_selection,small,bloodmnist_224,swin_tiny,5,0.01,42,avg,2,client_2.pt,0.2,0.14318038523197174,0.16804297268390656
no_fusion_selection,small,bloodmnist_224,swin_tiny,5,0.01,42,avg,3,client_3.pt,0.2,0.22448302805423737,0.20333430171012878
no_fusion_selection,small,bloodmnist_224,swin_tiny,5,0.01,42,avg,4,client_4.pt,0.2,0.2194819152355194,0.23371082544326782
no_fusion_selection,small,bloodmnist_224,swin_tiny,5,0.1,42,avg,0,client_0.pt,0.2,0.1796981245279312,0.15515778958797455
no_fusion_selection,small,bloodmnist_224,swin_tiny,5,0.1,42,avg,1,client_1.pt,0.2,0.23828868567943573,0.23020485043525696
no_fusion_selection,small,bloodmnist_224,swin_tiny,5,0.1,42,avg,2,client_2.pt,0.2,0.20802854001522064,0.2206306904554367
no_fusion_selection,small,bloodmnist_224,swin_tiny,5,0.1,42,avg,3,client_3.pt,0.2,0.12417608499526978,0.1112094521522522
no_fusion_selection,small,bloodmnist_224,swin_tiny,5,0.1,42,avg,4,client_4.pt,0.2,0.24980852007865906,0.28279730677604675
no_fusion_selection,small,bloodmnist_224,swin_tiny,7,0.0,42,avg,0,client_0.pt,0.14285714285714285,0.16051596403121948,0.17075735330581665
no_fusion_selection,small,bloodmnist_224,swin_tiny,7,0.0,42,avg,1,client_1.pt,0.14285714285714285,0.10177480429410934,0.0957416519522667
no_fusion_selection,small,bloodmnist_224,swin_tiny,7,0.0,42,avg,2,client_2.pt,0.14285714285714285,0.09964780509471893,0.08890406042337418
no_fusion_selection,small,bloodmnist_224,swin_tiny,7,0.0,42,avg,3,client_3.pt,0.14285714285714285,0.1459220051765442,0.12540678679943085
no_fusion_selection,small,bloodmnist_224,swin_tiny,7,0.0,42,avg,4,client_4.pt,0.14285714285714285,0.18811319768428802,0.17778511345386505
no_fusion_selection,small,bloodmnist_224,swin_tiny,7,0.0,42,avg,5,client_5.pt,0.14285714285714285,0.18088726699352264,0.19745194911956787
no_fusion_selection,small,bloodmnist_224,swin_tiny,7,0.0,42,avg,6,client_6.pt,0.14285714285714285,0.12313899397850037,0.1439531147480011
no_fusion_selection,small,bloodmnist_224,swin_tiny,7,0.01,42,avg,0,client_0.pt,0.14285714285714285,0.12923690676689148,0.15787994861602783
no_fusion_selection,small,bloodmnist_224,swin_tiny,7,0.01,42,avg,1,client_1.pt,0.14285714285714285,0.1115298643708229,0.11051870137453079
no_fusion_selection,small,bloodmnist_224,swin_tiny,7,0.01,42,avg,2,client_2.pt,0.14285714285714285,0.10681474208831787,0.10500422865152359
no_fusion_selection,small,bloodmnist_224,swin_tiny,7,0.01,42,avg,3,client_3.pt,0.14285714285714285,0.1974286586046219,0.194985032081604
no_fusion_selection,small,bloodmnist_224,swin_tiny,7,0.01,42,avg,4,client_4.pt,0.14285714285714285,0.10464220494031906,0.09755749255418777
no_fusion_selection,small,bloodmnist_224,swin_tiny,7,0.01,42,avg,5,client_5.pt,0.14285714285714285,0.15291377902030945,0.1390085071325302
no_fusion_selection,small,bloodmnist_224,swin_tiny,7,0.01,42,avg,6,client_6.pt,0.14285714285714285,0.19743382930755615,0.19504603743553162
no_fusion_selection,small,bloodmnist_224,swin_tiny,7,0.1,42,avg,0,client_0.pt,0.14285714285714285,0.178199902176857,0.18340551853179932
no_fusion_selection,small,bloodmnist_224,swin_tiny,7,0.1,42,avg,1,client_1.pt,0.14285714285714285,0.13821369409561157,0.1292433738708496
no_fusion_selection,small,bloodmnist_224,swin_tiny,7,0.1,42,avg,2,client_2.pt,0.14285714285714285,0.14091213047504425,0.1333637535572052
no_fusion_selection,small,bloodmnist_224,swin_tiny,7,0.1,42,avg,3,client_3.pt,0.14285714285714285,0.09450440108776093,0.09170746058225632
no_fusion_selection,small,bloodmnist_224,swin_tiny,7,0.1,42,avg,4,client_4.pt,0.14285714285714285,0.1383029818534851,0.12928490340709686
no_fusion_selection,small,bloodmnist_224,swin_tiny,7,0.1,42,avg,5,client_5.pt,0.14285714285714285,0.17155683040618896,0.20370332896709442
no_fusion_selection,small,bloodmnist_224,swin_tiny,7,0.1,42,avg,6,client_6.pt,0.14285714285714285,0.13831007480621338,0.1292915642261505
no_fusion_selection,small,bloodmnist_224,vit_t,3,0.0,42,avg,0,client_0.pt,0.3333333333333333,0.41947466135025024,0.4038728177547455
no_fusion_selection,small,bloodmnist_224,vit_t,3,0.0,42,avg,1,client_1.pt,0.3333333333333333,0.2926505506038666,0.30841153860092163
no_fusion_selection,small,bloodmnist_224,vit_t,3,0.0,42,avg,2,client_2.pt,0.3333333333333333,0.28787484765052795,0.2877156138420105
no_fusion_selection,small,bloodmnist_224,vit_t,3,0.01,42,avg,0,client_0.pt,0.3333333333333333,0.4199817180633545,0.4043456017971039
no_fusion_selection,small,bloodmnist_224,vit_t,3,0.01,42,avg,1,client_1.pt,0.3333333333333333,0.2932082414627075,0.3089931607246399
no_fusion_selection,small,bloodmnist_224,vit_t,3,0.01,42,avg,2,client_2.pt,0.3333333333333333,0.286810040473938,0.2866612374782562
no_fusion_selection,small,bloodmnist_224,vit_t,3,0.1,42,avg,0,client_0.pt,0.3333333333333333,0.3964542746543884,0.3834705054759979
no_fusion_selection,small,bloodmnist_224,vit_t,3,0.1,42,avg,1,client_1.pt,0.3333333333333333,0.27287155389785767,0.31884875893592834
no_fusion_selection,small,bloodmnist_224,vit_t,3,0.1,42,avg,2,client_2.pt,0.3333333333333333,0.3306741714477539,0.29768073558807373
no_fusion_selection,small,bloodmnist_224,vit_t,5,0.0,42,avg,0,client_0.pt,0.2,0.22869060933589935,0.25488242506980896
no_fusion_selection,small,bloodmnist_224,vit_t,5,0.0,42,avg,1,client_1.pt,0.2,0.14658688008785248,0.14621864259243011
no_fusion_selection,small,bloodmnist_224,vit_t,5,0.0,42,avg,2,client_2.pt,0.2,0.14360575377941132,0.13585451245307922
no_fusion_selection,small,bloodmnist_224,vit_t,5,0.0,42,avg,3,client_3.pt,0.2,0.21017254889011383,0.19152401387691498
no_fusion_selection,small,bloodmnist_224,vit_t,5,0.0,42,avg,4,client_4.pt,0.2,0.27094414830207825,0.2715204656124115
no_fusion_selection,small,bloodmnist_224,vit_t,5,0.01,42,avg,0,client_0.pt,0.2,0.15466934442520142,0.1448669284582138
no_fusion_selection,small,bloodmnist_224,vit_t,5,0.01,42,avg,1,client_1.pt,0.2,0.16135498881340027,0.17940743267536163
no_fusion_selection,small,bloodmnist_224,vit_t,5,0.01,42,avg,2,client_2.pt,0.2,0.18075725436210632,0.22057095170021057
no_fusion_selection,small,bloodmnist_224,vit_t,5,0.01,42,avg,3,client_3.pt,0.2,0.28339168429374695,0.2668902277946472
no_fusion_selection,small,bloodmnist_224,vit_t,5,0.01,42,avg,4,client_4.pt,0.2,0.219826802611351,0.18826444447040558
no_fusion_selection,small,bloodmnist_224,vit_t,5,0.1,42,avg,0,client_0.pt,0.2,0.23704855144023895,0.21861518919467926
no_fusion_selection,small,bloodmnist_224,vit_t,5,0.1,42,avg,1,client_1.pt,0.2,0.2370462566614151,0.2186112105846405
no_fusion_selection,small,bloodmnist_224,vit_t,5,0.1,42,avg,2,client_2.pt,0.2,0.2000567466020584,0.25096139311790466
no_fusion_selection,small,bloodmnist_224,vit_t,5,0.1,42,avg,3,client_3.pt,0.2,0.16187579929828644,0.1549796760082245
no_fusion_selection,small,bloodmnist_224,vit_t,5,0.1,42,avg,4,client_4.pt,0.2,0.1639726310968399,0.15683256089687347
no_fusion_selection,small,bloodmnist_224,vit_t,7,0.0,42,avg,0,client_0.pt,0.14285714285714285,0.15910574793815613,0.16751612722873688
no_fusion_selection,small,bloodmnist_224,vit_t,7,0.0,42,avg,1,client_1.pt,0.14285714285714285,0.10195846855640411,0.09612654894590378
no_fusion_selection,small,bloodmnist_224,vit_t,7,0.0,42,avg,2,client_2.pt,0.14285714285714285,0.09981757402420044,0.08925371617078781
no_fusion_selection,small,bloodmnist_224,vit_t,7,0.0,42,avg,3,client_3.pt,0.14285714285714285,0.14616310596466064,0.12589402496814728
no_fusion_selection,small,bloodmnist_224,vit_t,7,0.0,42,avg,4,client_4.pt,0.14285714285714285,0.18842463195323944,0.17847640812397003
no_fusion_selection,small,bloodmnist_224,vit_t,7,0.0,42,avg,5,client_5.pt,0.14285714285714285,0.1811874955892563,0.19822026789188385
no_fusion_selection,small,bloodmnist_224,vit_t,7,0.0,42,avg,6,client_6.pt,0.14285714285714285,0.12334299832582474,0.1445128470659256
no_fusion_selection,small,bloodmnist_224,vit_t,7,0.01,42,avg,0,client_0.pt,0.14285714285714285,0.1223621591925621,0.14905470609664917
no_fusion_selection,small,bloodmnist_224,vit_t,7,0.01,42,avg,1,client_1.pt,0.14285714285714285,0.14498744904994965,0.12984341382980347
no_fusion_selection,small,bloodmnist_224,vit_t,7,0.01,42,avg,2,client_2.pt,0.14285714285714285,0.14382416009902954,0.1419815570116043
no_fusion_selection,small,bloodmnist_224,vit_t,7,0.01,42,avg,3,client_3.pt,0.14285714285714285,0.1869252324104309,0.18408486247062683
no_fusion_selection,small,bloodmnist_224,vit_t,7,0.01,42,avg,4,client_4.pt,0.14285714285714285,0.09911205619573593,0.09214165806770325
no_fusion_selection,small,bloodmnist_224,vit_t,7,0.01,42,avg,5,client_5.pt,0.14285714285714285,0.14500005543231964,0.12985019385814667
no_fusion_selection,small,bloodmnist_224,vit_t,7,0.01,42,avg,6,client_6.pt,0.14285714285714285,0.15778888761997223,0.1730436533689499
no_fusion_selection,small,bloodmnist_224,vit_t,7,0.1,42,avg,0,client_0.pt,0.14285714285714285,0.15684908628463745,0.17725741863250732
no_fusion_selection,small,bloodmnist_224,vit_t,7,0.1,42,avg,1,client_1.pt,0.14285714285714285,0.14320263266563416,0.1321224421262741
no_fusion_selection,small,bloodmnist_224,vit_t,7,0.1,42,avg,2,client_2.pt,0.14285714285714285,0.14322379231452942,0.13213537633419037
no_fusion_selection,small,bloodmnist_224,vit_t,7,0.1,42,avg,3,client_3.pt,0.14285714285714285,0.09807036072015762,0.09391241520643234
no_fusion_selection,small,bloodmnist_224,vit_t,7,0.1,42,avg,4,client_4.pt,0.14285714285714285,0.14322061836719513,0.132131889462471
no_fusion_selection,small,bloodmnist_224,vit_t,7,0.1,42,avg,5,client_5.pt,0.14285714285714285,0.1715562790632248,0.1997198462486267
no_fusion_selection,small,bloodmnist_224,vit_t,7,0.1,42,avg,6,client_6.pt,0.14285714285714285,0.1438772827386856,0.13272057473659515
no_fusion_selection,small,chaoshengmnist_224,convnext,3,0.0,42,avg,0,client_0.pt,0.3333333333333333,0.13259996473789215,0.10011394321918488
no_fusion_selection,small,chaoshengmnist_224,convnext,3,0.0,42,avg,1,client_1.pt,0.3333333333333333,0.157451331615448,0.11858848482370377
no_fusion_selection,small,chaoshengmnist_224,convnext,3,0.0,42,avg,2,client_2.pt,0.3333333333333333,0.7099486589431763,0.781297504901886
no_fusion_selection,small,chaoshengmnist_224,convnext,3,0.01,42,avg,0,client_0.pt,0.3333333333333333,0.13231919705867767,0.11107871681451797
no_fusion_selection,small,chaoshengmnist_224,convnext,3,0.01,42,avg,1,client_1.pt,0.3333333333333333,0.6789722442626953,0.7312330007553101
no_fusion_selection,small,chaoshengmnist_224,convnext,3,0.01,42,avg,2,client_2.pt,0.3333333333333333,0.18870855867862701,0.15768826007843018
no_fusion_selection,small,chaoshengmnist_224,convnext,3,0.1,42,avg,0,client_0.pt,0.3333333333333333,0.27324122190475464,0.2740008234977722
no_fusion_selection,small,chaoshengmnist_224,convnext,3,0.1,42,avg,1,client_1.pt,0.3333333333333333,0.4402749538421631,0.4389231204986572
no_fusion_selection,small,chaoshengmnist_224,convnext,3,0.1,42,avg,2,client_2.pt,0.3333333333333333,0.28648388385772705,0.28707611560821533
no_fusion_selection,small,chaoshengmnist_224,convnext,5,0.0,42,avg,0,client_0.pt,0.2,0.14094991981983185,0.11951649188995361
no_fusion_selection,small,chaoshengmnist_224,convnext,5,0.0,42,avg,1,client_1.pt,0.2,0.10691743344068527,0.0909971222281456
no_fusion_selection,small,chaoshengmnist_224,convnext,5,0.0,42,avg,2,client_2.pt,0.2,0.5383062958717346,0.6074993014335632
no_fusion_selection,small,chaoshengmnist_224,convnext,5,0.0,42,avg,3,client_3.pt,0.2,0.10691320151090622,0.09099356830120087
no_fusion_selection,small,chaoshengmnist_224,convnext,5,0.0,42,avg,4,client_4.pt,0.2,0.10691320151090622,0.09099356830120087
no_fusion_selection,small,chaoshengmnist_224,convnext,5,0.01,42,avg,0,client_0.pt,0.2,0.09281748533248901,0.07530580461025238
no_fusion_selection,small,chaoshengmnist_224,convnext,5,0.01,42,avg,1,client_1.pt,0.2,0.14717160165309906,0.11872900277376175
no_fusion_selection,small,chaoshengmnist_224,convnext,5,0.01,42,avg,2,client_2.pt,0.2,0.09465286135673523,0.07677207887172699
no_fusion_selection,small,chaoshengmnist_224,convnext,5,0.01,42,avg,3,client_3.pt,0.2,0.17037333548069,0.1469942331314087
no_fusion_selection,small,chaoshengmnist_224,convnext,5,0.01,42,avg,4,client_4.pt,0.2,0.4949846863746643,0.5821988582611084
no_fusion_selection,small,chaoshengmnist_224,convnext,5,0.1,42,avg,0,client_0.pt,0.2,0.11636615544557571,0.10796911269426346
no_fusion_selection,small,chaoshengmnist_224,convnext,5,0.1,42,avg,1,client_1.pt,0.2,0.36044496297836304,0.35857245326042175
no_fusion_selection,small,chaoshengmnist_224,convnext,5,0.1,42,avg,2,client_2.pt,0.2,0.07035796344280243,0.05455625802278519
no_fusion_selection,small,chaoshengmnist_224,convnext,5,0.1,42,avg,3,client_3.pt,0.2,0.3817758560180664,0.4238136112689972
no_fusion_selection,small,chaoshengmnist_224,convnext,5,0.1,42,avg,4,client_4.pt,0.2,0.07105505466461182,0.05508849024772644
no_fusion_selection,small,chaoshengmnist_224,convnext,7,0.0,42,avg,0,client_0.pt,0.14285714285714285,0.10711782425642014,0.08945216238498688
no_fusion_selection,small,chaoshengmnist_224,convnext,7,0.0,42,avg,1,client_1.pt,0.14285714285714285,0.08285300433635712,0.06943101435899734
no_fusion_selection,small,chaoshengmnist_224,convnext,7,0.0,42,avg,2,client_2.pt,0.14285714285714285,0.11116078495979309,0.09278804808855057
no_fusion_selection,small,chaoshengmnist_224,convnext,7,0.0,42,avg,3,client_3.pt,0.14285714285714285,0.08285300433635712,0.06943101435899734
no_fusion_selection,small,chaoshengmnist_224,convnext,7,0.0,42,avg,4,client_4.pt,0.14285714285714285,0.08285300433635712,0.06943101435899734
no_fusion_selection,small,chaoshengmnist_224,convnext,7,0.0,42,avg,5,client_5.pt,0.14285714285714285,0.4503093957901001,0.5400357842445374
no_fusion_selection,small,chaoshengmnist_224,convnext,7,0.0,42,avg,6,client_6.pt,0.14285714285714285,0.08285300433635712,0.06943101435899734
no_fusion_selection,small,chaoshengmnist_224,convnext,7,0.01,42,avg,0,client_0.pt,0.14285714285714285,0.07377107441425323,0.06061292067170143
no_fusion_selection,small,chaoshengmnist_224,convnext,7,0.01,42,avg,1,client_1.pt,0.14285714285714285,0.07377107441425323,0.06061292067170143
no_fusion_selection,small,chaoshengmnist_224,convnext,7,0.01,42,avg,2,client_2.pt,0.14285714285714285,0.08482629060745239,0.06955653429031372
no_fusion_selection,small,chaoshengmnist_224,convnext,7,0.01,42,avg,3,client_3.pt,0.14285714285714285,0.4009885787963867,0.47151991724967957
no_fusion_selection,small,chaoshengmnist_224,convnext,7,0.01,42,avg,4,client_4.pt,0.14285714285714285,0.073771171271801,0.060613002628088
no_fusion_selection,small,chaoshengmnist_224,convnext,7,0.01,42,avg,5,client_5.pt,0.14285714285714285,0.07377107441425323,0.06061292067170143
no_fusion_selection,small,chaoshengmnist_224,convnext,7,0.01,42,avg,6,client_6.pt,0.14285714285714285,0.2191006988286972,0.21647177636623383
no_fusion_selection,small,chaoshengmnist_224,convnext,7,0.1,42,avg,0,client_0.pt,0.14285714285714285,0.13020090758800507,0.1303786039352417
no_fusion_selection,small,chaoshengmnist_224,convnext,7,0.1,42,avg,1,client_1.pt,0.14285714285714285,0.1521708071231842,0.1520400196313858
no_fusion_selection,small,chaoshengmnist_224,convnext,7,0.1,42,avg,2,client_2.pt,0.14285714285714285,0.13308237493038177,0.1332196146249771
no_fusion_selection,small,chaoshengmnist_224,convnext,7,0.1,42,avg,3,client_3.pt,0.14285714285714285,0.13142532110214233,0.13158583641052246
no_fusion_selection,small,chaoshengmnist_224,convnext,7,0.1,42,avg,4,client_4.pt,0.14285714285714285,0.13020089268684387,0.1303785890340805
no_fusion_selection,small,chaoshengmnist_224,convnext,7,0.1,42,avg,5,client_5.pt,0.14285714285714285,0.1302165985107422,0.1303940713405609
no_fusion_selection,small,chaoshengmnist_224,convnext,7,0.1,42,avg,6,client_6.pt,0.14285714285714285,0.19270311295986176,0.19200322031974792
no_fusion_selection,small,chaoshengmnist_224,resnet,3,0.0,42,avg,0,client_0.pt,0.3333333333333333,0.10031460970640182,0.0767773762345314
no_fusion_selection,small,chaoshengmnist_224,resnet,3,0.0,42,avg,1,client_1.pt,0.3333333333333333,0.47978639602661133,0.48171448707580566
no_fusion_selection,small,chaoshengmnist_224,resnet,3,0.0,42,avg,2,client_2.pt,0.3333333333333333,0.41989895701408386,0.44150814414024353
no_fusion_selection,small,chaoshengmnist_224,resnet,3,0.01,42,avg,0,client_0.pt,0.3333333333333333,0.09327477216720581,0.06872501969337463
no_fusion_selection,small,chaoshengmnist_224,resnet,3,0.01,42,avg,1,client_1.pt,0.3333333333333333,0.7015223503112793,0.7398315072059631
no_fusion_selection,small,chaoshengmnist_224,resnet,3,0.01,42,avg,2,client_2.pt,0.3333333333333333,0.2052028477191925,0.19144344329833984
no_fusion_selection,small,chaoshengmnist_224,resnet,3,0.1,42,avg,0,client_0.pt,0.3333333333333333,0.394619345664978,0.37838345766067505
no_fusion_selection,small,chaoshengmnist_224,resnet,3,0.1,42,avg,1,client_1.pt,0.3333333333333333,0.4861997067928314,0.5197715163230896
no_fusion_selection,small,chaoshengmnist_224,resnet,3,0.1,42,avg,2,client_2.pt,0.3333333333333333,0.11918096989393234,0.10184499621391296
no_fusion_selection,small,chaoshengmnist_224,resnet,5,0.0,42,avg,0,client_0.pt,0.2,0.39890816807746887,0.4390881061553955
no_fusion_selection,small,chaoshengmnist_224,resnet,5,0.0,42,avg,1,client_1.pt,0.2,0.082881398499012,0.06350532174110413
no_fusion_selection,small,chaoshengmnist_224,resnet,5,0.0,42,avg,2,client_2.pt,0.2,0.3623885214328766,0.3779086768627167
no_fusion_selection,small,chaoshengmnist_224,resnet,5,0.0,42,avg,3,client_3.pt,0.2,0.07949209958314896,0.06094391271471977
no_fusion_selection,small,chaoshengmnist_224,resnet,5,0.0,42,avg,4,client_4.pt,0.2,0.0763297900557518,0.05855404958128929
no_fusion_selection,small,chaoshengmnist_224,resnet,5,0.01,42,avg,0,client_0.pt,0.2,0.10789339989423752,0.09230577945709229
no_fusion_selection,small,chaoshengmnist_224,resnet,5,0.01,42,avg,1,client_1.pt,0.2,0.2681567072868347,0.26991236209869385
no_fusion_selection,small,chaoshengmnist_224,resnet,5,0.01,42,avg,2,client_2.pt,0.2,0.10496541112661362,0.09563741087913513
no_fusion_selection,small,chaoshengmnist_224,resnet,5,0.01,42,avg,3,client_3.pt,0.2,0.17517688870429993,0.1607649177312851
no_fusion_selection,small,chaoshengmnist_224,resnet,5,0.01,42,avg,4,client_4.pt,0.2,0.34380754828453064,0.38137948513031006
no_fusion_selection,small,chaoshengmnist_224,resnet,5,0.1,42,avg,0,client_0.pt,0.2,0.1245667040348053,0.11174478381872177
no_fusion_selection,small,chaoshengmnist_224,resnet,5,0.1,42,avg,1,client_1.pt,0.2,0.357795387506485,0.36109158396720886
no_fusion_selection,small,chaoshengmnist_224,resnet,5,0.1,42,avg,2,client_2.pt,0.2,0.06808844953775406,0.05193021893501282
no_fusion_selection,small,chaoshengmnist_224,resnet,5,0.1,42,avg,3,client_3.pt,0.2,0.36300840973854065,0.39908480644226074
no_fusion_selection,small,chaoshengmnist_224,resnet,5,0.1,42,avg,4,client_4.pt,0.2,0.08654102683067322,0.0761486366391182
no_fusion_selection,small,chaoshengmnist_224,resnet,7,0.0,42,avg,0,client_0.pt,0.14285714285714285,0.3041485846042633,0.3133188784122467
no_fusion_selection,small,chaoshengmnist_224,resnet,7,0.0,42,avg,1,client_1.pt,0.14285714285714285,0.07356924563646317,0.058876845985651016
no_fusion_selection,small,chaoshengmnist_224,resnet,7,0.0,42,avg,2,client_2.pt,0.14285714285714285,0.11272989958524704,0.10639583319425583
no_fusion_selection,small,chaoshengmnist_224,resnet,7,0.0,42,avg,3,client_3.pt,0.14285714285714285,0.06727011501789093,0.05389838293194771
no_fusion_selection,small,chaoshengmnist_224,resnet,7,0.0,42,avg,4,client_4.pt,0.14285714285714285,0.059609461575746536,0.047843847423791885
no_fusion_selection,small,chaoshengmnist_224,resnet,7,0.0,42,avg,5,client_5.pt,0.14285714285714285,0.32283875346183777,0.37164491415023804
no_fusion_selection,small,chaoshengmnist_224,resnet,7,0.0,42,avg,6,client_6.pt,0.14285714285714285,0.05983400717377663,0.048021312803030014
no_fusion_selection,small,chaoshengmnist_224,resnet,7,0.01,42,avg,0,client_0.pt,0.14285714285714285,0.06793348491191864,0.054642707109451294
no_fusion_selection,small,chaoshengmnist_224,resnet,7,0.01,42,avg,1,client_1.pt,0.14285714285714285,0.0628434345126152,0.05060281604528427
no_fusion_selection,small,chaoshengmnist_224,resnet,7,0.01,42,avg,2,client_2.pt,0.14285714285714285,0.31920117139816284,0.3401128053665161
no_fusion_selection,small,chaoshengmnist_224,resnet,7,0.01,42,avg,3,client_3.pt,0.14285714285714285,0.3179014325141907,0.3682364821434021
no_fusion_selection,small,chaoshengmnist_224,resnet,7,0.01,42,avg,4,client_4.pt,0.14285714285714285,0.09663345664739609,0.0774213895201683
no_fusion_selection,small,chaoshengmnist_224,resnet,7,0.01,42,avg,5,client_5.pt,0.14285714285714285,0.06526249647140503,0.05252278968691826
no_fusion_selection,small,chaoshengmnist_224,resnet,7,0.01,42,avg,6,client_6.pt,0.14285714285714285,0.07022452354431152,0.05646106228232384
no_fusion_selection,small,chaoshengmnist_224,resnet,7,0.1,42,avg,0,client_0.pt,0.14285714285714285,0.1421741247177124,0.13611677289009094
no_fusion_selection,small,chaoshengmnist_224,resnet,7,0.1,42,avg,1,client_1.pt,0.14285714285714285,0.10282663255929947,0.09780209511518478
no_fusion_selection,small,chaoshengmnist_224,resnet,7,0.1,42,avg,2,client_2.pt,0.14285714285714285,0.19791284203529358,0.20998463034629822
no_fusion_selection,small,chaoshengmnist_224,resnet,7,0.1,42,avg,3,client_3.pt,0.14285714285714285,0.06873036175966263,0.05933978036046028
no_fusion_selection,small,chaoshengmnist_224,resnet,7,0.1,42,avg,4,client_4.pt,0.14285714285714285,0.04223665967583656,0.030853329226374626
no_fusion_selection,small,chaoshengmnist_224,resnet,7,0.1,42,avg,5,client_5.pt,0.14285714285714285,0.20023366808891296,0.21214115619659424
no_fusion_selection,small,chaoshengmnist_224,resnet,7,0.1,42,avg,6,client_6.pt,0.14285714285714285,0.24588562548160553,0.25376224517822266
no_fusion_selection,small,chaoshengmnist_224,swin_tiny,3,0.0,42,avg,0,client_0.pt,0.3333333333333333,0.13275256752967834,0.09912348538637161
no_fusion_selection,small,chaoshengmnist_224,swin_tiny,3,0.0,42,avg,1,client_1.pt,0.3333333333333333,0.1616918295621872,0.12039957195520401
no_fusion_selection,small,chaoshengmnist_224,swin_tiny,3,0.0,42,avg,2,client_2.pt,0.3333333333333333,0.7055556178092957,0.780476987361908
no_fusion_selection,small,chaoshengmnist_224,swin_tiny,3,0.01,42,avg,0,client_0.pt,0.3333333333333333,0.13031738996505737,0.10922941565513611
no_fusion_selection,small,chaoshengmnist_224,swin_tiny,3,0.01,42,avg,1,client_1.pt,0.3333333333333333,0.6719669699668884,0.7246917486190796
no_fusion_selection,small,chaoshengmnist_224,swin_tiny,3,0.01,42,avg,2,client_2.pt,0.3333333333333333,0.1977156549692154,0.16607877612113953
no_fusion_selection,small,chaoshengmnist_224,swin_tiny,3,0.1,42,avg,0,client_0.pt,0.3333333333333333,0.3312514126300812,0.3294335603713989
no_fusion_selection,small,chaoshengmnist_224,swin_tiny,3,0.1,42,avg,1,client_1.pt,0.3333333333333333,0.5603190064430237,0.5851457715034485
no_fusion_selection,small,chaoshengmnist_224,swin_tiny,3,0.1,42,avg,2,client_2.pt,0.3333333333333333,0.10842960327863693,0.08542068302631378
no_fusion_selection,small,chaoshengmnist_224,swin_tiny,5,0.0,42,avg,0,client_0.pt,0.2,0.3844107985496521,0.428712397813797
no_fusion_selection,small,chaoshengmnist_224,swin_tiny,5,0.0,42,avg,1,client_1.pt,0.2,0.07665944844484329,0.05918393284082413
no_fusion_selection,small,chaoshengmnist_224,swin_tiny,5,0.0,42,avg,2,client_2.pt,0.2,0.3857001066207886,0.3938036561012268
no_fusion_selection,small,chaoshengmnist_224,swin_tiny,5,0.0,42,avg,3,client_3.pt,0.2,0.07661478966474533,0.059149984270334244
no_fusion_selection,small,chaoshengmnist_224,swin_tiny,5,0.0,42,avg,4,client_4.pt,0.2,0.07661478966474533,0.059149984270334244
no_fusion_selection,small,chaoshengmnist_224,swin_tiny,5,0.01,42,avg,0,client_0.pt,0.2,0.05919472873210907,0.044723108410835266
no_fusion_selection,small,chaoshengmnist_224,swin_tiny,5,0.01,42,avg,1,client_1.pt,0.2,0.2874554991722107,0.28938090801239014
no_fusion_selection,small,chaoshengmnist_224,swin_tiny,5,0.01,42,avg,2,client_2.pt,0.2,0.058479681611061096,0.044190913438797
no_fusion_selection,small,chaoshengmnist_224,swin_tiny,5,0.01,42,avg,3,client_3.pt,0.2,0.2936723828315735,0.2847931683063507
no_fusion_selection,small,chaoshengmnist_224,swin_tiny,5,0.01,42,avg,4,client_4.pt,0.2,0.30119770765304565,0.3369118273258209
no_fusion_selection,small,chaoshengmnist_224,swin_tiny,5,0.1,42,avg,0,client_0.pt,0.2,0.11810387670993805,0.10944454371929169
no_fusion_selection,small,chaoshengmnist_224,swin_tiny,5,0.1,42,avg,1,client_1.pt,0.2,0.35558390617370605,0.35573410987854004
no_fusion_selection,small,chaoshengmnist_224,swin_tiny,5,0.1,42,avg,2,client_2.pt,0.2,0.0709063708782196,0.054803866893053055
no_fusion_selection,small,chaoshengmnist_224,swin_tiny,5,0.1,42,avg,3,client_3.pt,0.2,0.38421308994293213,0.4249957203865051
no_fusion_selection,small,chaoshengmnist_224,swin_tiny,5,0.1,42,avg,4,client_4.pt,0.2,0.07119274139404297,0.05502180755138397
no_fusion_selection,small,chaoshengmnist_224,swin_tiny,7,0.0,42,avg,0,client_0.pt,0.14285714285714285,0.30196094512939453,0.31411558389663696
no_fusion_selection,small,chaoshengmnist_224,swin_tiny,7,0.0,42,avg,1,client_1.pt,0.14285714285714285,0.06293956935405731,0.04984906315803528
no_fusion_selection,small,chaoshengmnist_224,swin_tiny,7,0.0,42,avg,2,client_2.pt,0.14285714285714285,0.10420184582471848,0.09876125305891037
no_fusion_selection,small,chaoshengmnist_224,swin_tiny,7,0.0,42,avg,3,client_3.pt,0.14285714285714285,0.06293956935405731,0.04984906315803528
no_fusion_selection,small,chaoshengmnist_224,swin_tiny,7,0.0,42,avg,4,client_4.pt,0.14285714285714285,0.06293956935405731,0.04984906315803528
no_fusion_selection,small,chaoshengmnist_224,swin_tiny,7,0.0,42,avg,5,client_5.pt,0.14285714285714285,0.3420790731906891,0.38772690296173096
no_fusion_selection,small,chaoshengmnist_224,swin_tiny,7,0.0,42,avg,6,client_6.pt,0.14285714285714285,0.06293956935405731,0.04984906315803528
no_fusion_selection,small,chaoshengmnist_224,swin_tiny,7,0.01,42,avg,0,client_0.pt,0.14285714285714285,0.06818610429763794,0.05514790862798691
no_fusion_selection,small,chaoshengmnist_224,swin_tiny,7,0.01,42,avg,1,client_1.pt,0.14285714285714285,0.06818610429763794,0.05514790862798691
no_fusion_selection,small,chaoshengmnist_224,swin_tiny,7,0.01,42,avg,2,client_2.pt,0.14285714285714285,0.1247732937335968,0.11971820890903473
no_fusion_selection,small,chaoshengmnist_224,swin_tiny,7,0.01,42,avg,3,client_3.pt,0.14285714285714285,0.37059420347213745,0.42894142866134644
no_fusion_selection,small,chaoshengmnist_224,swin_tiny,7,0.01,42,avg,4,client_4.pt,0.14285714285714285,0.2318880707025528,0.2307487428188324
no_fusion_selection,small,chaoshengmnist_224,swin_tiny,7,0.01,42,avg,5,client_5.pt,0.14285714285714285,0.06818616390228271,0.05514795333147049
no_fusion_selection,small,chaoshengmnist_224,swin_tiny,7,0.01,42,avg,6,client_6.pt,0.14285714285714285,0.06818610429763794,0.05514790862798691
no_fusion_selection,small,chaoshengmnist_224,swin_tiny,7,0.1,42,avg,0,client_0.pt,0.14285714285714285,0.12766790390014648,0.1233387365937233
no_fusion_selection,small,chaoshengmnist_224,swin_tiny,7,0.1,42,avg,1,client_1.pt,0.14285714285714285,0.14170680940151215,0.1367240846157074
no_fusion_selection,small,chaoshengmnist_224,swin_tiny,7,0.1,42,avg,2,client_2.pt,0.14285714285714285,0.13347388803958893,0.12887443602085114
no_fusion_selection,small,chaoshengmnist_224,swin_tiny,7,0.1,42,avg,3,client_3.pt,0.14285714285714285,0.17974555492401123,0.2082458883523941
no_fusion_selection,small,chaoshengmnist_224,swin_tiny,7,0.1,42,avg,4,client_4.pt,0.14285714285714285,0.10834675282239914,0.1049170270562172
no_fusion_selection,small,chaoshengmnist_224,swin_tiny,7,0.1,42,avg,5,client_5.pt,0.14285714285714285,0.13477575778961182,0.13011568784713745
no_fusion_selection,small,chaoshengmnist_224,swin_tiny,7,0.1,42,avg,6,client_6.pt,0.14285714285714285,0.17428328096866608,0.16778405010700226
no_fusion_selection,small,chaoshengmnist_224,vit_t,3,0.0,42,avg,0,client_0.pt,0.3333333333333333,0.15390728414058685,0.11931952089071274
no_fusion_selection,small,chaoshengmnist_224,vit_t,3,0.0,42,avg,1,client_1.pt,0.3333333333333333,0.15397843718528748,0.11937383562326431
no_fusion_selection,small,chaoshengmnist_224,vit_t,3,0.0,42,avg,2,client_2.pt,0.3333333333333333,0.6921142339706421,0.761306643486023
no_fusion_selection,small,chaoshengmnist_224,vit_t,3,0.01,42,avg,0,client_0.pt,0.3333333333333333,0.1349182277917862,0.1109173372387886
no_fusion_selection,small,chaoshengmnist_224,vit_t,3,0.01,42,avg,1,client_1.pt,0.3333333333333333,0.6861488819122314,0.7239713668823242
no_fusion_selection,small,chaoshengmnist_224,vit_t,3,0.01,42,avg,2,client_2.pt,0.3333333333333333,0.17893294990062714,0.1651112288236618
no_fusion_selection,small,chaoshengmnist_224,vit_t,3,0.1,42,avg,0,client_0.pt,0.3333333333333333,0.30173900723457336,0.2705327868461609
no_fusion_selection,small,chaoshengmnist_224,vit_t,3,0.1,42,avg,1,client_1.pt,0.3333333333333333,0.48833388090133667,0.5575581192970276
no_fusion_selection,small,chaoshengmnist_224,vit_t,3,0.1,42,avg,2,client_2.pt,0.3333333333333333,0.20992708206176758,0.1719091385602951
no_fusion_selection,small,chaoshengmnist_224,vit_t,5,0.0,42,avg,0,client_0.pt,0.2,0.5142678022384644,0.5897369384765625
no_fusion_selection,small,chaoshengmnist_224,vit_t,5,0.0,42,avg,1,client_1.pt,0.2,0.0988987535238266,0.07877039909362793
no_fusion_selection,small,chaoshengmnist_224,vit_t,5,0.0,42,avg,2,client_2.pt,0.2,0.1890409141778946,0.1739557385444641
no_fusion_selection,small,chaoshengmnist_224,vit_t,5,0.0,42,avg,3,client_3.pt,0.2,0.09889687597751617,0.07876892387866974
no_fusion_selection,small,chaoshengmnist_224,vit_t,5,0.0,42,avg,4,client_4.pt,0.2,0.09889566898345947,0.07876797020435333
no_fusion_selection,small,chaoshengmnist_224,vit_t,5,0.01,42,avg,0,client_0.pt,0.2,0.09552532434463501,0.07852241396903992
no_fusion_selection,small,chaoshengmnist_224,vit_t,5,0.01,42,avg,1,client_1.pt,0.2,0.2487800568342209,0.26260584592819214
no_fusion_selection,small,chaoshengmnist_224,vit_t,5,0.01,42,avg,2,client_2.pt,0.2,0.08903032541275024,0.07365310937166214
no_fusion_selection,small,chaoshengmnist_224,vit_t,5,0.01,42,avg,3,client_3.pt,0.2,0.4562758505344391,0.4842689633369446
no_fusion_selection,small,chaoshengmnist_224,vit_t,5,0.01,42,avg,4,client_4.pt,0.2,0.11038846522569656,0.10094965249300003
no_fusion_selection,small,chaoshengmnist_224,vit_t,5,0.1,42,avg,0,client_0.pt,0.2,0.14873577654361725,0.1394193470478058
no_fusion_selection,small,chaoshengmnist_224,vit_t,5,0.1,42,avg,1,client_1.pt,0.2,0.18471388518810272,0.17703840136528015
no_fusion_selection,small,chaoshengmnist_224,vit_t,5,0.1,42,avg,2,client_2.pt,0.2,0.08964677900075912,0.0699041411280632
no_fusion_selection,small,chaoshengmnist_224,vit_t,5,0.1,42,avg,3,client_3.pt,0.2,0.487213671207428,0.5437008142471313
no_fusion_selection,small,chaoshengmnist_224,vit_t,5,0.1,42,avg,4,client_4.pt,0.2,0.08968988806009293,0.06993724405765533
no_fusion_selection,small,chaoshengmnist_224,vit_t,7,0.0,42,avg,0,client_0.pt,0.14285714285714285,0.3058396577835083,0.3138330280780792
no_fusion_selection,small,chaoshengmnist_224,vit_t,7,0.0,42,avg,1,client_1.pt,0.14285714285714285,0.0625913217663765,0.049870867282152176
no_fusion_selection,small,chaoshengmnist_224,vit_t,7,0.0,42,avg,2,client_2.pt,0.14285714285714285,0.10362371057271957,0.09880256652832031
no_fusion_selection,small,chaoshengmnist_224,vit_t,7,0.0,42,avg,3,client_3.pt,0.14285714285714285,0.06259380280971527,0.04987281560897827
no_fusion_selection,small,chaoshengmnist_224,vit_t,7,0.0,42,avg,4,client_4.pt,0.14285714285714285,0.06259076297283173,0.04987042769789696
no_fusion_selection,small,chaoshengmnist_224,vit_t,7,0.0,42,avg,5,client_5.pt,0.14285714285714285,0.34017038345336914,0.3878801763057709
no_fusion_selection,small,chaoshengmnist_224,vit_t,7,0.0,42,avg,6,client_6.pt,0.14285714285714285,0.06259043514728546,0.04987017437815666
no_fusion_selection,small,chaoshengmnist_224,vit_t,7,0.01,42,avg,0,client_0.pt,0.14285714285714285,0.07772289216518402,0.06325827538967133
no_fusion_selection,small,chaoshengmnist_224,vit_t,7,0.01,42,avg,1,client_1.pt,0.14285714285714285,0.07772329449653625,0.063258595764637
no_fusion_selection,small,chaoshengmnist_224,vit_t,7,0.01,42,avg,2,client_2.pt,0.14285714285714285,0.1298903226852417,0.12633565068244934
no_fusion_selection,small,chaoshengmnist_224,vit_t,7,0.01,42,avg,3,client_3.pt,0.14285714285714285,0.4224171042442322,0.4920140504837036
no_fusion_selection,small,chaoshengmnist_224,vit_t,7,0.01,42,avg,4,client_4.pt,0.14285714285714285,0.13673286139965057,0.12856261432170868
no_fusion_selection,small,chaoshengmnist_224,vit_t,7,0.01,42,avg,5,client_5.pt,0.14285714285714285,0.07778013497591019,0.06330414861440659
no_fusion_selection,small,chaoshengmnist_224,vit_t,7,0.01,42,avg,6,client_6.pt,0.14285714285714285,0.07773340493440628,0.06326669454574585
no_fusion_selection,small,chaoshengmnist_224,vit_t,7,0.1,42,avg,0,client_0.pt,0.14285714285714285,0.11393985897302628,0.10209813714027405
no_fusion_selection,small,chaoshengmnist_224,vit_t,7,0.1,42,avg,1,client_1.pt,0.14285714285714285,0.11393458396196365,0.10209348052740097
no_fusion_selection,small,chaoshengmnist_224,vit_t,7,0.1,42,avg,2,client_2.pt,0.14285714285714285,0.17732402682304382,0.19395263493061066
no_fusion_selection,small,chaoshengmnist_224,vit_t,7,0.1,42,avg,3,client_3.pt,0.14285714285714285,0.18808260560035706,0.20205533504486084
no_fusion_selection,small,chaoshengmnist_224,vit_t,7,0.1,42,avg,4,client_4.pt,0.14285714285714285,0.11395648866891861,0.1021127924323082
no_fusion_selection,small,chaoshengmnist_224,vit_t,7,0.1,42,avg,5,client_5.pt,0.14285714285714285,0.1785000115633011,0.19530503451824188
no_fusion_selection,small,chaoshengmnist_224,vit_t,7,0.1,42,avg,6,client_6.pt,0.14285714285714285,0.11426235735416412,0.10238266736268997
no_fusion_selection,small,dermamnist_224,convnext,3,0.0,42,avg,0,client_0.pt,0.3333333333333333,0.12080895155668259,0.12202145904302597
no_fusion_selection,small,dermamnist_224,convnext,3,0.0,42,avg,1,client_1.pt,0.3333333333333333,0.16858497262001038,0.19257794320583344
no_fusion_selection,small,dermamnist_224,convnext,3,0.0,42,avg,2,client_2.pt,0.3333333333333333,0.710606038570404,0.6854005455970764
no_fusion_selection,small,dermamnist_224,convnext,3,0.01,42,avg,0,client_0.pt,0.3333333333333333,0.22189961373806,0.19112175703048706
no_fusion_selection,small,dermamnist_224,convnext,3,0.01,42,avg,1,client_1.pt,0.3333333333333333,0.6295393705368042,0.6331376433372498
no_fusion_selection,small,dermamnist_224,convnext,3,0.01,42,avg,2,client_2.pt,0.3333333333333333,0.1485610455274582,0.175740584731102
no_fusion_selection,small,dermamnist_224,convnext,3,0.1,42,avg,0,client_0.pt,0.3333333333333333,0.43411797285079956,0.44049596786499023
no_fusion_selection,small,dermamnist_224,convnext,3,0.1,42,avg,1,client_1.pt,0.3333333333333333,0.4349837601184845,0.43335944414138794
no_fusion_selection,small,dermamnist_224,convnext,3,0.1,42,avg,2,client_2.pt,0.3333333333333333,0.13089823722839355,0.12614460289478302
no_fusion_selection,small,dermamnist_224,convnext,5,0.0,42,avg,0,client_0.pt,0.2,0.5080883502960205,0.4900969862937927
no_fusion_selection,small,dermamnist_224,convnext,5,0.0,42,avg,1,client_1.pt,0.2,0.11888221651315689,0.137077197432518
no_fusion_selection,small,dermamnist_224,convnext,5,0.0,42,avg,2,client_2.pt,0.2,0.1520168036222458,0.14318175613880157
no_fusion_selection,small,dermamnist_224,convnext,5,0.0,42,avg,3,client_3.pt,0.2,0.11711885780096054,0.11414938420057297
no_fusion_selection,small,dermamnist_224,convnext,5,0.0,42,avg,4,client_4.pt,0.2,0.10389375686645508,0.11549466103315353
no_fusion_selection,small,dermamnist_224,convnext,5,0.01,42,avg,0,client_0.pt,0.2,0.08100012689828873,0.09055886417627335
no_fusion_selection,small,dermamnist_224,convnext,5,0.01,42,avg,1,client_1.pt,0.2,0.11781805753707886,0.11845671385526657
no_fusion_selection,small,dermamnist_224,convnext,5,0.01,42,avg,2,client_2.pt,0.2,0.05462479218840599,0.04311569780111313
no_fusion_selection,small,dermamnist_224,convnext,5,0.01,42,avg,3,client_3.pt,0.2,0.3521774709224701,0.36218783259391785
no_fusion_selection,small,dermamnist_224,convnext,5,0.01,42,avg,4,client_4.pt,0.2,0.394379585981369,0.3856808543205261
no_fusion_selection,small,dermamnist_224,convnext,5,0.1,42,avg,0,client_0.pt,0.2,0.1193641722202301,0.1012326329946518
no_fusion_selection,small,dermamnist_224,convnext,5,0.1,42,avg,1,client_1.pt,0.2,0.1060711219906807,0.1149299219250679
no_fusion_selection,small,dermamnist_224,convnext,5,0.1,42,avg,2,client_2.pt,0.2,0.10164576768875122,0.0979590117931366
no_fusion_selection,small,dermamnist_224,convnext,5,0.1,42,avg,3,client_3.pt,0.2,0.33359432220458984,0.3399171233177185
no_fusion_selection,small,dermamnist_224,convnext,5,0.1,42,avg,4,client_4.pt,0.2,0.3393246531486511,0.34596124291419983
no_fusion_selection,small,dermamnist_224,convnext,7,0.0,42,avg,0,client_0.pt,0.14285714285714285,0.12820127606391907,0.11151771992444992
no_fusion_selection,small,dermamnist_224,convnext,7,0.0,42,avg,1,client_1.pt,0.14285714285714285,0.08583001792430878,0.10222829133272171
no_fusion_selection,small,dermamnist_224,convnext,7,0.0,42,avg,2,client_2.pt,0.14285714285714285,0.10917109996080399,0.10791149735450745
no_fusion_selection,small,dermamnist_224,convnext,7,0.0,42,avg,3,client_3.pt,0.14285714285714285,0.08410908281803131,0.08603072911500931
no_fusion_selection,small,dermamnist_224,convnext,7,0.0,42,avg,4,client_4.pt,0.14285714285714285,0.14440423250198364,0.14173683524131775
no_fusion_selection,small,dermamnist_224,convnext,7,0.0,42,avg,5,client_5.pt,0.14285714285714285,0.36557456851005554,0.3697637617588043
no_fusion_selection,small,dermamnist_224,convnext,7,0.0,42,avg,6,client_6.pt,0.14285714285714285,0.08270971477031708,0.08081111311912537
no_fusion_selection,small,dermamnist_224,convnext,7,0.01,42,avg,0,client_0.pt,0.14285714285714285,0.08765507489442825,0.07426073402166367
no_fusion_selection,small,dermamnist_224,convnext,7,0.01,42,avg,1,client_1.pt,0.14285714285714285,0.0742022767663002,0.07582049816846848
no_fusion_selection,small,dermamnist_224,convnext,7,0.01,42,avg,2,client_2.pt,0.14285714285714285,0.057507917284965515,0.05728869512677193
no_fusion_selection,small,dermamnist_224,convnext,7,0.01,42,avg,3,client_3.pt,0.14285714285714285,0.2218027561903,0.23182527720928192
no_fusion_selection,small,dermamnist_224,convnext,7,0.01,42,avg,4,client_4.pt,0.14285714285714285,0.24988989531993866,0.24619440734386444
no_fusion_selection,small,dermamnist_224,convnext,7,0.01,42,avg,5,client_5.pt,0.14285714285714285,0.2499542385339737,0.24622920155525208
no_fusion_selection,small,dermamnist_224,convnext,7,0.01,42,avg,6,client_6.pt,0.14285714285714285,0.058987852185964584,0.06838115304708481
no_fusion_selection,small,dermamnist_224,convnext,7,0.1,42,avg,0,client_0.pt,0.14285714285714285,0.08478417247533798,0.07391304522752762
no_fusion_selection,small,dermamnist_224,convnext,7,0.1,42,avg,1,client_1.pt,0.14285714285714285,0.2414807826280594,0.2449999898672104
no_fusion_selection,small,dermamnist_224,convnext,7,0.1,42,avg,2,client_2.pt,0.14285714285714285,0.04102630540728569,0.04359916225075722
no_fusion_selection,small,dermamnist_224,convnext,7,0.1,42,avg,3,client_3.pt,0.14285714285714285,0.24133457243442535,0.24492469429969788
no_fusion_selection,small,dermamnist_224,convnext,7,0.1,42,avg,4,client_4.pt,0.14285714285714285,0.09549977630376816,0.09394203126430511
no_fusion_selection,small,dermamnist_224,convnext,7,0.1,42,avg,5,client_5.pt,0.14285714285714285,0.24117541313171387,0.24506011605262756
no_fusion_selection,small,dermamnist_224,convnext,7,0.1,42,avg,6,client_6.pt,0.14285714285714285,0.05469894781708717,0.053560953587293625
no_fusion_selection,small,dermamnist_224,resnet,3,0.0,42,avg,0,client_0.pt,0.3333333333333333,0.10758059471845627,0.08649516850709915
no_fusion_selection,small,dermamnist_224,resnet,3,0.0,42,avg,1,client_1.pt,0.3333333333333333,0.20108763873577118,0.24975553154945374
no_fusion_selection,small,dermamnist_224,resnet,3,0.0,42,avg,2,client_2.pt,0.3333333333333333,0.6913317441940308,0.6637493371963501
no_fusion_selection,small,dermamnist_224,resnet,3,0.01,42,avg,0,client_0.pt,0.3333333333333333,0.142343670129776,0.15461651980876923
no_fusion_selection,small,dermamnist_224,resnet,3,0.01,42,avg,1,client_1.pt,0.3333333333333333,0.6962606310844421,0.666314959526062
no_fusion_selection,small,dermamnist_224,resnet,3,0.01,42,avg,2,client_2.pt,0.3333333333333333,0.16139572858810425,0.17906855046749115
no_fusion_selection,small,dermamnist_224,resnet,3,0.1,42,avg,0,client_0.pt,0.3333333333333333,0.4099733531475067,0.4338778555393219
no_fusion_selection,small,dermamnist_224,resnet,3,0.1,42,avg,1,client_1.pt,0.3333333333333333,0.5049785375595093,0.5012394785881042
no_fusion_selection,small,dermamnist_224,resnet,3,0.1,42,avg,2,client_2.pt,0.3333333333333333,0.08504810929298401,0.06488268077373505
no_fusion_selection,small,dermamnist_224,resnet,5,0.0,42,avg,0,client_0.pt,0.2,0.39937353134155273,0.35763463377952576
no_fusion_selection,small,dermamnist_224,resnet,5,0.0,42,avg,1,client_1.pt,0.2,0.15473909676074982,0.19317945837974548
no_fusion_selection,small,dermamnist_224,resnet,5,0.0,42,avg,2,client_2.pt,0.2,0.1216820627450943,0.1104009747505188
no_fusion_selection,small,dermamnist_224,resnet,5,0.0,42,avg,3,client_3.pt,0.2,0.17535826563835144,0.1733219176530838
no_fusion_selection,small,dermamnist_224,resnet,5,0.0,42,avg,4,client_4.pt,0.2,0.1488470882177353,0.16546303033828735
no_fusion_selection,small,dermamnist_224,resnet,5,0.01,42,avg,0,client_0.pt,0.2,0.1206619143486023,0.13976672291755676
no_fusion_selection,small,dermamnist_224,resnet,5,0.01,42,avg,1,client_1.pt,0.2,0.12365322560071945,0.11834463477134705
no_fusion_selection,small,dermamnist_224,resnet,5,0.01,42,avg,2,client_2.pt,0.2,0.0712352991104126,0.05570457503199577
no_fusion_selection,small,dermamnist_224,resnet,5,0.01,42,avg,3,client_3.pt,0.2,0.14504972100257874,0.14335623383522034
no_fusion_selection,small,dermamnist_224,resnet,5,0.01,42,avg,4,client_4.pt,0.2,0.5393999218940735,0.542827844619751
no_fusion_selection,small,dermamnist_224,resnet,5,0.1,42,avg,0,client_0.pt,0.2,0.11854440718889236,0.13352319598197937
no_fusion_selection,small,dermamnist_224,resnet,5,0.1,42,avg,1,client_1.pt,0.2,0.3548109829425812,0.3603290021419525
no_fusion_selection,small,dermamnist_224,resnet,5,0.1,42,avg,2,client_2.pt,0.2,0.07787062972784042,0.07832539826631546
no_fusion_selection,small,dermamnist_224,resnet,5,0.1,42,avg,3,client_3.pt,0.2,0.3698079586029053,0.3454764187335968
no_fusion_selection,small,dermamnist_224,resnet,5,0.1,42,avg,4,client_4.pt,0.2,0.07896599173545837,0.08234596252441406
no_fusion_selection,small,dermamnist_224,resnet,7,0.0,42,avg,0,client_0.pt,0.14285714285714285,0.07910510897636414,0.06419315934181213
no_fusion_selection,small,dermamnist_224,resnet,7,0.0,42,avg,1,client_1.pt,0.14285714285714285,0.10420126467943192,0.1204412654042244
no_fusion_selection,small,dermamnist_224,resnet,7,0.0,42,avg,2,client_2.pt,0.14285714285714285,0.08723542839288712,0.07813551276922226
no_fusion_selection,small,dermamnist_224,resnet,7,0.0,42,avg,3,client_3.pt,0.14285714285714285,0.1164938360452652,0.11420885473489761
no_fusion_selection,small,dermamnist_224,resnet,7,0.0,42,avg,4,client_4.pt,0.14285714285714285,0.11173439770936966,0.12141554057598114
no_fusion_selection,small,dermamnist_224,resnet,7,0.0,42,avg,5,client_5.pt,0.14285714285714285,0.4077187776565552,0.4084874987602234
no_fusion_selection,small,dermamnist_224,resnet,7,0.0,42,avg,6,client_6.pt,0.14285714285714285,0.09351125359535217,0.09311821311712265
no_fusion_selection,small,dermamnist_224,resnet,7,0.01,42,avg,0,client_0.pt,0.14285714285714285,0.08338791131973267,0.08317919820547104
no_fusion_selection,small,dermamnist_224,resnet,7,0.01,42,avg,1,client_1.pt,0.14285714285714285,0.06420792639255524,0.05069802328944206
no_fusion_selection,small,dermamnist_224,resnet,7,0.01,42,avg,2,client_2.pt,0.14285714285714285,0.08785342425107956,0.08409758657217026
no_fusion_selection,small,dermamnist_224,resnet,7,0.01,42,avg,3,client_3.pt,0.14285714285714285,0.08170147985219955,0.08653266727924347
no_fusion_selection,small,dermamnist_224,resnet,7,0.01,42,avg,4,client_4.pt,0.14285714285714285,0.30199840664863586,0.3047877848148346
no_fusion_selection,small,dermamnist_224,resnet,7,0.01,42,avg,5,client_5.pt,0.14285714285714285,0.30533578991889954,0.3008619546890259
no_fusion_selection,small,dermamnist_224,resnet,7,0.01,42,avg,6,client_6.pt,0.14285714285714285,0.07551506906747818,0.089842788875103
no_fusion_selection,small,dermamnist_224,resnet,7,0.1,42,avg,0,client_0.pt,0.14285714285714285,0.06270866096019745,0.06547492742538452
no_fusion_selection,small,dermamnist_224,resnet,7,0.1,42,avg,1,client_1.pt,0.14285714285714285,0.29605165123939514,0.27256524562835693
no_fusion_selection,small,dermamnist_224,resnet,7,0.1,42,avg,2,client_2.pt,0.14285714285714285,0.054647296667099,0.05662741884589195
no_fusion_selection,small,dermamnist_224,resnet,7,0.1,42,avg,3,client_3.pt,0.14285714285714285,0.17632128298282623,0.18923290073871613
no_fusion_selection,small,dermamnist_224,resnet,7,0.1,42,avg,4,client_4.pt,0.14285714285714285,0.0604369081556797,0.059033527970314026
no_fusion_selection,small,dermamnist_224,resnet,7,0.1,42,avg,5,client_5.pt,0.14285714285714285,0.21568241715431213,0.223567932844162
no_fusion_selection,small,dermamnist_224,resnet,7,0.1,42,avg,6,client_6.pt,0.14285714285714285,0.13415177166461945,0.13349807262420654
no_fusion_selection,small,dermamnist_224,swin_tiny,3,0.0,42,avg,0,client_0.pt,0.3333333333333333,0.12151879072189331,0.12477658689022064
no_fusion_selection,small,dermamnist_224,swin_tiny,3,0.0,42,avg,1,client_1.pt,0.3333333333333333,0.1507813185453415,0.1690322309732437
no_fusion_selection,small,dermamnist_224,swin_tiny,3,0.0,42,avg,2,client_2.pt,0.3333333333333333,0.727699875831604,0.7061911821365356
no_fusion_selection,small,dermamnist_224,swin_tiny,3,0.01,42,avg,0,client_0.pt,0.3333333333333333,0.1429450660943985,0.15514302253723145
no_fusion_selection,small,dermamnist_224,swin_tiny,3,0.01,42,avg,1,client_1.pt,0.3333333333333333,0.6920217871665955,0.6615198850631714
no_fusion_selection,small,dermamnist_224,swin_tiny,3,0.01,42,avg,2,client_2.pt,0.3333333333333333,0.16503320634365082,0.18333713710308075
no_fusion_selection,small,dermamnist_224,swin_tiny,3,0.1,42,avg,0,client_0.pt,0.3333333333333333,0.46649426221847534,0.4776574373245239
no_fusion_selection,small,dermamnist_224,swin_tiny,3,0.1,42,avg,1,client_1.pt,0.3333333333333333,0.469269722700119,0.47024428844451904
no_fusion_selection,small,dermamnist_224,swin_tiny,3,0.1,42,avg,2,client_2.pt,0.3333333333333333,0.06423600763082504,0.05209830403327942
no_fusion_selection,small,dermamnist_224,swin_tiny,5,0.0,42,avg,0,client_0.pt,0.2,0.5511161088943481,0.5308204889297485
no_fusion_selection,small,dermamnist_224,swin_tiny,5,0.0,42,avg,1,client_1.pt,0.2,0.12911970913410187,0.14851365983486176
no_fusion_selection,small,dermamnist_224,swin_tiny,5,0.0,42,avg,2,client_2.pt,0.2,0.08017479628324509,0.07201000303030014
no_fusion_selection,small,dermamnist_224,swin_tiny,5,0.0,42,avg,3,client_3.pt,0.2,0.1269630342721939,0.1235995888710022
no_fusion_selection,small,dermamnist_224,swin_tiny,5,0.0,42,avg,4,client_4.pt,0.2,0.1126263290643692,0.12505623698234558
no_fusion_selection,small,dermamnist_224,swin_tiny,5,0.01,42,avg,0,client_0.pt,0.2,0.11393711715936661,0.13197052478790283
no_fusion_selection,small,dermamnist_224,swin_tiny,5,0.01,42,avg,1,client_1.pt,0.2,0.09415444731712341,0.09891390800476074
no_fusion_selection,small,dermamnist_224,swin_tiny,5,0.01,42,avg,2,client_2.pt,0.2,0.0734950378537178,0.06002498418092728
no_fusion_selection,small,dermamnist_224,swin_tiny,5,0.01,42,avg,3,client_3.pt,0.2,0.16218744218349457,0.1462099403142929
no_fusion_selection,small,dermamnist_224,swin_tiny,5,0.01,42,avg,4,client_4.pt,0.2,0.5562258958816528,0.5628806352615356
no_fusion_selection,small,dermamnist_224,swin_tiny,5,0.1,42,avg,0,client_0.pt,0.2,0.11145515739917755,0.12079424411058426
no_fusion_selection,small,dermamnist_224,swin_tiny,5,0.1,42,avg,1,client_1.pt,0.2,0.14692191779613495,0.1483335793018341
no_fusion_selection,small,dermamnist_224,swin_tiny,5,0.1,42,avg,2,client_2.pt,0.2,0.09432493150234222,0.09257601946592331
no_fusion_selection,small,dermamnist_224,swin_tiny,5,0.1,42,avg,3,client_3.pt,0.2,0.5359145402908325,0.5175105333328247
no_fusion_selection,small,dermamnist_224,swin_tiny,5,0.1,42,avg,4,client_4.pt,0.2,0.11138344556093216,0.1207856610417366
no_fusion_selection,small,dermamnist_224,swin_tiny,7,0.0,42,avg,0,client_0.pt,0.14285714285714285,0.06841711699962616,0.05448073148727417
no_fusion_selection,small,dermamnist_224,swin_tiny,7,0.0,42,avg,1,client_1.pt,0.14285714285714285,0.11021620035171509,0.12701930105686188
no_fusion_selection,small,dermamnist_224,swin_tiny,7,0.0,42,avg,2,client_2.pt,0.14285714285714285,0.06916724145412445,0.0630389079451561
no_fusion_selection,small,dermamnist_224,swin_tiny,7,0.0,42,avg,3,client_3.pt,0.14285714285714285,0.1080063134431839,0.10689372569322586
no_fusion_selection,small,dermamnist_224,swin_tiny,7,0.0,42,avg,4,client_4.pt,0.14285714285714285,0.09581021219491959,0.10815349221229553
no_fusion_selection,small,dermamnist_224,swin_tiny,7,0.0,42,avg,5,client_5.pt,0.14285714285714285,0.46944233775138855,0.45943382382392883
no_fusion_selection,small,dermamnist_224,swin_tiny,7,0.0,42,avg,6,client_6.pt,0.14285714285714285,0.07894054055213928,0.08097997307777405
no_fusion_selection,small,dermamnist_224,swin_tiny,7,0.01,42,avg,0,client_0.pt,0.14285714285714285,0.04945141449570656,0.04539429023861885
no_fusion_selection,small,dermamnist_224,swin_tiny,7,0.01,42,avg,1,client_1.pt,0.14285714285714285,0.04495658725500107,0.03604758903384209
no_fusion_selection,small,dermamnist_224,swin_tiny,7,0.01,42,avg,2,client_2.pt,0.14285714285714285,0.0782163143157959,0.07783897966146469
no_fusion_selection,small,dermamnist_224,swin_tiny,7,0.01,42,avg,3,client_3.pt,0.14285714285714285,0.06938409805297852,0.07875633239746094
no_fusion_selection,small,dermamnist_224,swin_tiny,7,0.01,42,avg,4,client_4.pt,0.14285714285714285,0.33966130018234253,0.3343958556652069
no_fusion_selection,small,dermamnist_224,swin_tiny,7,0.01,42,avg,5,client_5.pt,0.14285714285714285,0.3388390839099884,0.33462727069854736
no_fusion_selection,small,dermamnist_224,swin_tiny,7,0.01,42,avg,6,client_6.pt,0.14285714285714285,0.07949116080999374,0.09293963015079498
no_fusion_selection,small,dermamnist_224,swin_tiny,7,0.1,42,avg,0,client_0.pt,0.14285714285714285,0.0792679563164711,0.08944006264209747
no_fusion_selection,small,dermamnist_224,swin_tiny,7,0.1,42,avg,1,client_1.pt,0.14285714285714285,0.3210170269012451,0.30652549862861633
no_fusion_selection,small,dermamnist_224,swin_tiny,7,0.1,42,avg,2,client_2.pt,0.14285714285714285,0.055018726736307144,0.05506753921508789
no_fusion_selection,small,dermamnist_224,swin_tiny,7,0.1,42,avg,3,client_3.pt,0.14285714285714285,0.10574407130479813,0.10721167176961899
no_fusion_selection,small,dermamnist_224,swin_tiny,7,0.1,42,avg,4,client_4.pt,0.14285714285714285,0.0658155083656311,0.0726967602968216
no_fusion_selection,small,dermamnist_224,swin_tiny,7,0.1,42,avg,5,client_5.pt,0.14285714285714285,0.31723639369010925,0.3135339021682739
no_fusion_selection,small,dermamnist_224,swin_tiny,7,0.1,42,avg,6,client_6.pt,0.14285714285714285,0.0559002123773098,0.055524587631225586
no_fusion_selection,small,dermamnist_224,vit_t,3,0.0,42,avg,0,client_0.pt,0.3333333333333333,0.0973978042602539,0.07895784825086594
no_fusion_selection,small,dermamnist_224,vit_t,3,0.0,42,avg,1,client_1.pt,0.3333333333333333,0.15419772267341614,0.17659926414489746
no_fusion_selection,small,dermamnist_224,vit_t,3,0.0,42,avg,2,client_2.pt,0.3333333333333333,0.7484045028686523,0.7444429397583008
no_fusion_selection,small,dermamnist_224,vit_t,3,0.01,42,avg,0,client_0.pt,0.3333333333333333,0.14230133593082428,0.15558074414730072
no_fusion_selection,small,dermamnist_224,vit_t,3,0.01,42,avg,1,client_1.pt,0.3333333333333333,0.6939838528633118,0.6616466641426086
no_fusion_selection,small,dermamnist_224,vit_t,3,0.01,42,avg,2,client_2.pt,0.3333333333333333,0.16371484100818634,0.18277262151241302
no_fusion_selection,small,dermamnist_224,vit_t,3,0.1,42,avg,0,client_0.pt,0.3333333333333333,0.4453992247581482,0.4572560489177704
no_fusion_selection,small,dermamnist_224,vit_t,3,0.1,42,avg,1,client_1.pt,0.3333333333333333,0.35935544967651367,0.34689104557037354
no_fusion_selection,small,dermamnist_224,vit_t,3,0.1,42,avg,2,client_2.pt,0.3333333333333333,0.19524535536766052,0.19585289061069489
no_fusion_selection,small,dermamnist_224,vit_t,5,0.0,42,avg,0,client_0.pt,0.2,0.503560483455658,0.48855963349342346
no_fusion_selection,small,dermamnist_224,vit_t,5,0.0,42,avg,1,client_1.pt,0.2,0.1291646957397461,0.1487005352973938
no_fusion_selection,small,dermamnist_224,vit_t,5,0.0,42,avg,2,client_2.pt,0.2,0.11917900294065475,0.10745878517627716
no_fusion_selection,small,dermamnist_224,vit_t,5,0.0,42,avg,3,client_3.pt,0.2,0.1314883977174759,0.12690766155719757
no_fusion_selection,small,dermamnist_224,vit_t,5,0.0,42,avg,4,client_4.pt,0.2,0.11660744249820709,0.128373384475708
no_fusion_selection,small,dermamnist_224,vit_t,5,0.01,42,avg,0,client_0.pt,0.2,0.07833557575941086,0.09170070290565491
no_fusion_selection,small,dermamnist_224,vit_t,5,0.01,42,avg,1,client_1.pt,0.2,0.13887585699558258,0.13724781572818756
no_fusion_selection,small,dermamnist_224,vit_t,5,0.01,42,avg,2,client_2.pt,0.2,0.05241430550813675,0.043322280049324036
no_fusion_selection,small,dermamnist_224,vit_t,5,0.01,42,avg,3,client_3.pt,0.2,0.34946513175964355,0.3367868661880493
no_fusion_selection,small,dermamnist_224,vit_t,5,0.01,42,avg,4,client_4.pt,0.2,0.38090914487838745,0.3909423053264618
no_fusion_selection,small,dermamnist_224,vit_t,5,0.1,42,avg,0,client_0.pt,0.2,0.10490246117115021,0.11815337091684341
no_fusion_selection,small,dermamnist_224,vit_t,5,0.1,42,avg,1,client_1.pt,0.2,0.1707685887813568,0.18137241899967194
no_fusion_selection,small,dermamnist_224,vit_t,5,0.1,42,avg,2,client_2.pt,0.2,0.08760176599025726,0.08947686851024628
no_fusion_selection,small,dermamnist_224,vit_t,5,0.1,42,avg,3,client_3.pt,0.2,0.514351487159729,0.5019548535346985
no_fusion_selection,small,dermamnist_224,vit_t,5,0.1,42,avg,4,client_4.pt,0.2,0.12237564474344254,0.10904255509376526
no_fusion_selection,small,dermamnist_224,vit_t,7,0.0,42,avg,0,client_0.pt,0.14285714285714285,0.08201579749584198,0.06931783258914948
no_fusion_selection,small,dermamnist_224,vit_t,7,0.0,42,avg,1,client_1.pt,0.14285714285714285,0.09838127344846725,0.11573208123445511
no_fusion_selection,small,dermamnist_224,vit_t,7,0.0,42,avg,2,client_2.pt,0.14285714285714285,0.0874105766415596,0.0824897289276123
no_fusion_selection,small,dermamnist_224,vit_t,7,0.0,42,avg,3,client_3.pt,0.14285714285714285,0.09641043096780777,0.09739634394645691
no_fusion_selection,small,dermamnist_224,vit_t,7,0.0,42,avg,4,client_4.pt,0.14285714285714285,0.08552569150924683,0.0985456109046936
no_fusion_selection,small,dermamnist_224,vit_t,7,0.0,42,avg,5,client_5.pt,0.14285714285714285,0.419032484292984,0.4186064302921295
no_fusion_selection,small,dermamnist_224,vit_t,7,0.0,42,avg,6,client_6.pt,0.14285714285714285,0.1312236785888672,0.11791199445724487
no_fusion_selection,small,dermamnist_224,vit_t,7,0.01,42,avg,0,client_0.pt,0.14285714285714285,0.06127003952860832,0.05042211338877678
no_fusion_selection,small,dermamnist_224,vit_t,7,0.01,42,avg,1,client_1.pt,0.14285714285714285,0.11326350271701813,0.10728243738412857
no_fusion_selection,small,dermamnist_224,vit_t,7,0.01,42,avg,2,client_2.pt,0.14285714285714285,0.07202243059873581,0.07084563374519348
no_fusion_selection,small,dermamnist_224,vit_t,7,0.01,42,avg,3,client_3.pt,0.14285714285714285,0.06388957798480988,0.07168052345514297
no_fusion_selection,small,dermamnist_224,vit_t,7,0.01,42,avg,4,client_4.pt,0.14285714285714285,0.3102428615093231,0.304651141166687
no_fusion_selection,small,dermamnist_224,vit_t,7,0.01,42,avg,5,client_5.pt,0.14285714285714285,0.3053430914878845,0.30562254786491394
no_fusion_selection,small,dermamnist_224,vit_t,7,0.01,42,avg,6,client_6.pt,0.14285714285714285,0.07396857440471649,0.08949557691812515
no_fusion_selection,small,dermamnist_224,vit_t,7,0.1,42,avg,0,client_0.pt,0.14285714285714285,0.054989468306303024,0.05996230989694595
no_fusion_selection,small,dermamnist_224,vit_t,7,0.1,42,avg,1,client_1.pt,0.14285714285714285,0.2705689072608948,0.2526569068431854
no_fusion_selection,small,dermamnist_224,vit_t,7,0.1,42,avg,2,client_2.pt,0.14285714285714285,0.045635174959897995,0.04458453878760338
no_fusion_selection,small,dermamnist_224,vit_t,7,0.1,42,avg,3,client_3.pt,0.14285714285714285,0.07736466825008392,0.07795519381761551
no_fusion_selection,small,dermamnist_224,vit_t,7,0.1,42,avg,4,client_4.pt,0.14285714285714285,0.055241797119379044,0.059457432478666306
no_fusion_selection,small,dermamnist_224,vit_t,7,0.1,42,avg,5,client_5.pt,0.14285714285714285,0.22649821639060974,0.2515275478363037
no_fusion_selection,small,dermamnist_224,vit_t,7,0.1,42,avg,6,client_6.pt,0.14285714285714285,0.26970183849334717,0.2538560926914215
no_fusion_selection,small,organcmnist_224,convnext,3,0.0,42,avg,0,client_0.pt,0.3333333333333333,0.41652509570121765,0.4410240948200226
no_fusion_selection,small,organcmnist_224,convnext,3,0.0,42,avg,1,client_1.pt,0.3333333333333333,0.34684211015701294,0.3681580424308777
no_fusion_selection,small,organcmnist_224,convnext,3,0.0,42,avg,2,client_2.pt,0.3333333333333333,0.23663276433944702,0.19081784784793854
no_fusion_selection,small,organcmnist_224,convnext,3,0.01,42,avg,0,client_0.pt,0.3333333333333333,0.35993605852127075,0.35370737314224243
no_fusion_selection,small,organcmnist_224,convnext,3,0.01,42,avg,1,client_1.pt,0.3333333333333333,0.3336600661277771,0.3543560802936554
no_fusion_selection,small,organcmnist_224,convnext,3,0.01,42,avg,2,client_2.pt,0.3333333333333333,0.30640384554862976,0.2919365465641022
no_fusion_selection,small,organcmnist_224,convnext,3,0.1,42,avg,0,client_0.pt,0.3333333333333333,0.19801996648311615,0.14666052162647247
no_fusion_selection,small,organcmnist_224,convnext,3,0.1,42,avg,1,client_1.pt,0.3333333333333333,0.2954553961753845,0.3225654661655426
no_fusion_selection,small,organcmnist_224,convnext,3,0.1,42,avg,2,client_2.pt,0.3333333333333333,0.5065246820449829,0.5307739973068237
no_fusion_selection,small,organcmnist_224,convnext,5,0.0,42,avg,0,client_0.pt,0.2,0.3179659843444824,0.4054061472415924
no_fusion_selection,small,organcmnist_224,convnext,5,0.0,42,avg,1,client_1.pt,0.2,0.15430597960948944,0.1306656002998352
no_fusion_selection,small,organcmnist_224,convnext,5,0.0,42,avg,2,client_2.pt,0.2,0.16384604573249817,0.16755853593349457
no_fusion_selection,small,organcmnist_224,convnext,5,0.0,42,avg,3,client_3.pt,0.2,0.19444775581359863,0.16365376114845276
no_fusion_selection,small,organcmnist_224,convnext,5,0.0,42,avg,4,client_4.pt,0.2,0.16943421959877014,0.13271597027778625
no_fusion_selection,small,organcmnist_224,convnext,5,0.01,42,avg,0,client_0.pt,0.2,0.19908501207828522,0.17290396988391876
no_fusion_selection,small,organcmnist_224,convnext,5,0.01,42,avg,1,client_1.pt,0.2,0.1676318198442459,0.1456531286239624
no_fusion_selection,small,organcmnist_224,convnext,5,0.01,42,avg,2,client_2.pt,0.2,0.2717776894569397,0.311448335647583
no_fusion_selection,small,organcmnist_224,convnext,5,0.01,42,avg,3,client_3.pt,0.2,0.2363322675228119,0.2715110778808594
no_fusion_selection,small,organcmnist_224,convnext,5,0.01,42,avg,4,client_4.pt,0.2,0.1251731663942337,0.09848352521657944
no_fusion_selection,small,organcmnist_224,convnext,5,0.1,42,avg,0,client_0.pt,0.2,0.2982674241065979,0.3443356454372406
no_fusion_selection,small,organcmnist_224,convnext,5,0.1,42,avg,1,client_1.pt,0.2,0.23410658538341522,0.27379781007766724
no_fusion_selection,small,organcmnist_224,convnext,5,0.1,42,avg,2,client_2.pt,0.2,0.15144707262516022,0.11963675916194916
no_fusion_selection,small,organcmnist_224,convnext,5,0.1,42,avg,3,client_3.pt,0.2,0.14393341541290283,0.10998895764350891
no_fusion_selection,small,organcmnist_224,convnext,5,0.1,42,avg,4,client_4.pt,0.2,0.17224544286727905,0.1522408276796341
no_fusion_selection,small,organcmnist_224,convnext,7,0.0,42,avg,0,client_0.pt,0.14285714285714285,0.22821244597434998,0.27117449045181274
no_fusion_selection,small,organcmnist_224,convnext,7,0.0,42,avg,1,client_1.pt,0.14285714285714285,0.13552097976207733,0.1423669010400772
no_fusion_selection,small,organcmnist_224,convnext,7,0.0,42,avg,2,client_2.pt,0.14285714285714285,0.09723249822854996,0.07965456694364548
no_fusion_selection,small,organcmnist_224,convnext,7,0.0,42,avg,3,client_3.pt,0.14285714285714285,0.17662647366523743,0.21492138504981995
no_fusion_selection,small,organcmnist_224,convnext,7,0.0,42,avg,4,client_4.pt,0.14285714285714285,0.12198599427938461,0.0876646563410759
no_fusion_selection,small,organcmnist_224,convnext,7,0.0,42,avg,5,client_5.pt,0.14285714285714285,0.13020022213459015,0.11779475212097168
no_fusion_selection,small,organcmnist_224,convnext,7,0.0,42,avg,6,client_6.pt,0.14285714285714285,0.11022134870290756,0.08642327785491943
no_fusion_selection,small,organcmnist_224,convnext,7,0.01,42,avg,0,client_0.pt,0.14285714285714285,0.20630116760730743,0.24659891426563263
no_fusion_selection,small,organcmnist_224,convnext,7,0.01,42,avg,1,client_1.pt,0.14285714285714285,0.11696788668632507,0.10764899104833603
no_fusion_selection,small,organcmnist_224,convnext,7,0.01,42,avg,2,client_2.pt,0.14285714285714285,0.09905681759119034,0.07900755107402802
no_fusion_selection,small,organcmnist_224,convnext,7,0.01,42,avg,3,client_3.pt,0.14285714285714285,0.12353283166885376,0.09662479907274246
no_fusion_selection,small,organcmnist_224,convnext,7,0.01,42,avg,4,client_4.pt,0.14285714285714285,0.1526384949684143,0.17340141534805298
no_fusion_selection,small,organcmnist_224,convnext,7,0.01,42,avg,5,client_5.pt,0.14285714285714285,0.17796243727207184,0.20008571445941925
no_fusion_selection,small,organcmnist_224,convnext,7,0.01,42,avg,6,client_6.pt,0.14285714285714285,0.12354031950235367,0.09663257747888565
no_fusion_selection,small,organcmnist_224,convnext,7,0.1,42,avg,0,client_0.pt,0.14285714285714285,0.13964658975601196,0.1396646499633789
no_fusion_selection,small,organcmnist_224,convnext,7,0.1,42,avg,1,client_1.pt,0.14285714285714285,0.171959787607193,0.16737109422683716
no_fusion_selection,small,organcmnist_224,convnext,7,0.1,42,avg,2,client_2.pt,0.14285714285714285,0.12140602618455887,0.12575401365756989
no_fusion_selection,small,organcmnist_224,convnext,7,0.1,42,avg,3,client_3.pt,0.14285714285714285,0.1374095231294632,0.13620643317699432
no_fusion_selection,small,organcmnist_224,convnext,7,0.1,42,avg,4,client_4.pt,0.14285714285714285,0.14317771792411804,0.1410370171070099
no_fusion_selection,small,organcmnist_224,convnext,7,0.1,42,avg,5,client_5.pt,0.14285714285714285,0.13857676088809967,0.14427529275417328
no_fusion_selection,small,organcmnist_224,convnext,7,0.1,42,avg,6,client_6.pt,0.14285714285714285,0.14782360196113586,0.14569151401519775
no_fusion_selection,small,organcmnist_224,resnet,3,0.0,42,avg,0,client_0.pt,0.3333333333333333,0.3617699444293976,0.33891597390174866
no_fusion_selection,small,organcmnist_224,resnet,3,0.0,42,avg,1,client_1.pt,0.3333333333333333,0.40905535221099854,0.45709288120269775
no_fusion_selection,small,organcmnist_224,resnet,3,0.0,42,avg,2,client_2.pt,0.3333333333333333,0.22917470335960388,0.2039911150932312
no_fusion_selection,small,organcmnist_224,resnet,3,0.01,42,avg,0,client_0.pt,0.3333333333333333,0.4607751667499542,0.5055643916130066
no_fusion_selection,small,organcmnist_224,resnet,3,0.01,42,avg,1,client_1.pt,0.3333333333333333,0.30298903584480286,0.27733314037323
no_fusion_selection,small,organcmnist_224,resnet,3,0.01,42,avg,2,client_2.pt,0.3333333333333333,0.23623575270175934,0.21710243821144104
no_fusion_selection,small,organcmnist_224,resnet,3,0.1,42,avg,0,client_0.pt,0.3333333333333333,0.412463515996933,0.420289546251297
no_fusion_selection,small,organcmnist_224,resnet,3,0.1,42,avg,1,client_1.pt,0.3333333333333333,0.2539907693862915,0.2561451196670532
no_fusion_selection,small,organcmnist_224,resnet,3,0.1,42,avg,2,client_2.pt,0.3333333333333333,0.33354565501213074,0.3235653340816498
no_fusion_selection,small,organcmnist_224,resnet,5,0.0,42,avg,0,client_0.pt,0.2,0.3651677370071411,0.4312501549720764
no_fusion_selection,small,organcmnist_224,resnet,5,0.0,42,avg,1,client_1.pt,0.2,0.22996191680431366,0.2438032627105713
no_fusion_selection,small,organcmnist_224,resnet,5,0.0,42,avg,2,client_2.pt,0.2,0.11302176862955093,0.10153429955244064
no_fusion_selection,small,organcmnist_224,resnet,5,0.0,42,avg,3,client_3.pt,0.2,0.15613318979740143,0.12859880924224854
no_fusion_selection,small,organcmnist_224,resnet,5,0.0,42,avg,4,client_4.pt,0.2,0.13571538031101227,0.09481342881917953
no_fusion_selection,small,organcmnist_224,resnet,5,0.01,42,avg,0,client_0.pt,0.2,0.15229855477809906,0.11522606760263443
no_fusion_selection,small,organcmnist_224,resnet,5,0.01,42,avg,1,client_1.pt,0.2,0.14839576184749603,0.14463208615779877
no_fusion_selection,small,organcmnist_224,resnet,5,0.01,42,avg,2,client_2.pt,0.2,0.20467178523540497,0.205497145652771
no_fusion_selection,small,organcmnist_224,resnet,5,0.01,42,avg,3,client_3.pt,0.2,0.2142743468284607,0.23963211476802826
no_fusion_selection,small,organcmnist_224,resnet,5,0.01,42,avg,4,client_4.pt,0.2,0.28035956621170044,0.29501259326934814
no_fusion_selection,small,organcmnist_224,resnet,5,0.1,42,avg,0,client_0.pt,0.2,0.21608184278011322,0.2198384404182434
no_fusion_selection,small,organcmnist_224,resnet,5,0.1,42,avg,1,client_1.pt,0.2,0.15239335596561432,0.13175193965435028
no_fusion_selection,small,organcmnist_224,resnet,5,0.1,42,avg,2,client_2.pt,0.2,0.24156667292118073,0.2529407739639282
no_fusion_selection,small,organcmnist_224,resnet,5,0.1,42,avg,3,client_3.pt,0.2,0.16492581367492676,0.16088981926441193
no_fusion_selection,small,organcmnist_224,resnet,5,0.1,42,avg,4,client_4.pt,0.2,0.22503232955932617,0.23457902669906616
no_fusion_selection,small,organcmnist_224,resnet,7,0.0,42,avg,0,client_0.pt,0.14285714285714285,0.2188095599412918,0.2509428858757019
no_fusion_selection,small,organcmnist_224,resnet,7,0.0,42,avg,1,client_1.pt,0.14285714285714285,0.20871086418628693,0.25078874826431274
no_fusion_selection,small,organcmnist_224,resnet,7,0.0,42,avg,2,client_2.pt,0.14285714285714285,0.08358804881572723,0.06557531654834747
no_fusion_selection,small,organcmnist_224,resnet,7,0.0,42,avg,3,client_3.pt,0.14285714285714285,0.17988640069961548,0.19062812626361847
no_fusion_selection,small,organcmnist_224,resnet,7,0.0,42,avg,4,client_4.pt,0.14285714285714285,0.1075935810804367,0.07594981789588928
no_fusion_selection,small,organcmnist_224,resnet,7,0.0,42,avg,5,client_5.pt,0.14285714285714285,0.10664011538028717,0.09366948902606964
no_fusion_selection,small,organcmnist_224,resnet,7,0.0,42,avg,6,client_6.pt,0.14285714285714285,0.09477134793996811,0.07244567573070526
no_fusion_selection,small,organcmnist_224,resnet,7,0.01,42,avg,0,client_0.pt,0.14285714285714285,0.18412934243679047,0.20108440518379211
no_fusion_selection,small,organcmnist_224,resnet,7,0.01,42,avg,1,client_1.pt,0.14285714285714285,0.10400155186653137,0.09539829194545746
no_fusion_selection,small,organcmnist_224,resnet,7,0.01,42,avg,2,client_2.pt,0.14285714285714285,0.16360360383987427,0.18740364909172058
no_fusion_selection,small,organcmnist_224,resnet,7,0.01,42,avg,3,client_3.pt,0.14285714285714285,0.14018888771533966,0.11206098645925522
no_fusion_selection,small,organcmnist_224,resnet,7,0.01,42,avg,4,client_4.pt,0.14285714285714285,0.16754430532455444,0.19713303446769714
no_fusion_selection,small,organcmnist_224,resnet,7,0.01,42,avg,5,client_5.pt,0.14285714285714285,0.09085561335086823,0.08367208391427994
no_fusion_selection,small,organcmnist_224,resnet,7,0.01,42,avg,6,client_6.pt,0.14285714285714285,0.14967668056488037,0.12324746698141098
no_fusion_selection,small,organcmnist_224,resnet,7,0.1,42,avg,0,client_0.pt,0.14285714285714285,0.059774089604616165,0.04300113394856453
no_fusion_selection,small,organcmnist_224,resnet,7,0.1,42,avg,1,client_1.pt,0.14285714285714285,0.14869387447834015,0.16892769932746887
no_fusion_selection,small,organcmnist_224,resnet,7,0.1,42,avg,2,client_2.pt,0.14285714285714285,0.06861359626054764,0.05898068845272064
no_fusion_selection,small,organcmnist_224,resnet,7,0.1,42,avg,3,client_3.pt,0.14285714285714285,0.1789649873971939,0.18701481819152832
no_fusion_selection,small,organcmnist_224,resnet,7,0.1,42,avg,4,client_4.pt,0.14285714285714285,0.22817866504192352,0.22701428830623627
no_fusion_selection,small,organcmnist_224,resnet,7,0.1,42,avg,5,client_5.pt,0.14285714285714285,0.18188674747943878,0.1926933377981186
no_fusion_selection,small,organcmnist_224,resnet,7,0.1,42,avg,6,client_6.pt,0.14285714285714285,0.13388802111148834,0.12236802279949188
no_fusion_selection,small,organcmnist_224,swin_tiny,3,0.0,42,avg,0,client_0.pt,0.3333333333333333,0.3122575283050537,0.27858373522758484
no_fusion_selection,small,organcmnist_224,swin_tiny,3,0.0,42,avg,1,client_1.pt,0.3333333333333333,0.32372286915779114,0.34576186537742615
no_fusion_selection,small,organcmnist_224,swin_tiny,3,0.0,42,avg,2,client_2.pt,0.3333333333333333,0.36401960253715515,0.375654399394989
no_fusion_selection,small,organcmnist_224,swin_tiny,3,0.01,42,avg,0,client_0.pt,0.3333333333333333,0.466031014919281,0.501405656337738
no_fusion_selection,small,organcmnist_224,swin_tiny,3,0.01,42,avg,1,client_1.pt,0.3333333333333333,0.28039491176605225,0.26966390013694763
no_fusion_selection,small,organcmnist_224,swin_tiny,3,0.01,42,avg,2,client_2.pt,0.3333333333333333,0.2535741329193115,0.22893045842647552
no_fusion_selection,small,organcmnist_224,swin_tiny,3,0.1,42,avg,0,client_0.pt,0.3333333333333333,0.26740550994873047,0.25273483991622925
no_fusion_selection,small,organcmnist_224,swin_tiny,3,0.1,42,avg,1,client_1.pt,0.3333333333333333,0.3414035439491272,0.3555607199668884
no_fusion_selection,small,organcmnist_224,swin_tiny,3,0.1,42,avg,2,client_2.pt,0.3333333333333333,0.39119094610214233,0.3917044699192047
no_fusion_selection,small,organcmnist_224,swin_tiny,5,0.0,42,avg,0,client_0.pt,0.2,0.20448215305805206,0.20509830117225647
no_fusion_selection,small,organcmnist_224,swin_tiny,5,0.0,42,avg,1,client_1.pt,0.2,0.2410576492547989,0.27412149310112
no_fusion_selection,small,organcmnist_224,swin_tiny,5,0.0,42,avg,2,client_2.pt,0.2,0.18397335708141327,0.19341039657592773
no_fusion_selection,small,organcmnist_224,swin_tiny,5,0.0,42,avg,3,client_3.pt,0.2,0.2189934402704239,0.18976016342639923
no_fusion_selection,small,organcmnist_224,swin_tiny,5,0.0,42,avg,4,client_4.pt,0.2,0.1514933854341507,0.13760969042778015
no_fusion_selection,small,organcmnist_224,swin_tiny,5,0.01,42,avg,0,client_0.pt,0.2,0.14926762878894806,0.11348820477724075
no_fusion_selection,small,organcmnist_224,swin_tiny,5,0.01,42,avg,1,client_1.pt,0.2,0.17500603199005127,0.15334632992744446
no_fusion_selection,small,organcmnist_224,swin_tiny,5,0.01,42,avg,2,client_2.pt,0.2,0.30023425817489624,0.34641703963279724
no_fusion_selection,small,organcmnist_224,swin_tiny,5,0.01,42,avg,3,client_3.pt,0.2,0.2447659969329834,0.2830270826816559
no_fusion_selection,small,organcmnist_224,swin_tiny,5,0.01,42,avg,4,client_4.pt,0.2,0.13072606921195984,0.10372136533260345
no_fusion_selection,small,organcmnist_224,swin_tiny,5,0.1,42,avg,0,client_0.pt,0.2,0.18188996613025665,0.17065678536891937
no_fusion_selection,small,organcmnist_224,swin_tiny,5,0.1,42,avg,1,client_1.pt,0.2,0.22493815422058105,0.20803742110729218
no_fusion_selection,small,organcmnist_224,swin_tiny,5,0.1,42,avg,2,client_2.pt,0.2,0.1893458515405655,0.1743398904800415
no_fusion_selection,small,organcmnist_224,swin_tiny,5,0.1,42,avg,3,client_3.pt,0.2,0.1769266575574875,0.1648680567741394
no_fusion_selection,small,organcmnist_224,swin_tiny,5,0.1,42,avg,4,client_4.pt,0.2,0.22689928114414215,0.28209781646728516
no_fusion_selection,small,organcmnist_224,swin_tiny,7,0.0,42,avg,0,client_0.pt,0.14285714285714285,0.1484670341014862,0.16671738028526306
no_fusion_selection,small,organcmnist_224,swin_tiny,7,0.0,42,avg,1,client_1.pt,0.14285714285714285,0.15672406554222107,0.19063888490200043
no_fusion_selection,small,organcmnist_224,swin_tiny,7,0.0,42,avg,2,client_2.pt,0.14285714285714285,0.11317216604948044,0.10728923231363297
no_fusion_selection,small,organcmnist_224,swin_tiny,7,0.0,42,avg,3,client_3.pt,0.14285714285714285,0.15997236967086792,0.14235273003578186
no_fusion_selection,small,organcmnist_224,swin_tiny,7,0.0,42,avg,4,client_4.pt,0.14285714285714285,0.14193172752857208,0.11803492903709412
no_fusion_selection,small,organcmnist_224,swin_tiny,7,0.0,42,avg,5,client_5.pt,0.14285714285714285,0.15148913860321045,0.15860329568386078
no_fusion_selection,small,organcmnist_224,swin_tiny,7,0.0,42,avg,6,client_6.pt,0.14285714285714285,0.12824353575706482,0.11636356264352798
no_fusion_selection,small,organcmnist_224,swin_tiny,7,0.01,42,avg,0,client_0.pt,0.14285714285714285,0.18609605729579926,0.20881465077400208
no_fusion_selection,small,organcmnist_224,swin_tiny,7,0.01,42,avg,1,client_1.pt,0.14285714285714285,0.14850930869579315,0.16090071201324463
no_fusion_selection,small,organcmnist_224,swin_tiny,7,0.01,42,avg,2,client_2.pt,0.14285714285714285,0.12704919278621674,0.12045413255691528
no_fusion_selection,small,organcmnist_224,swin_tiny,7,0.01,42,avg,3,client_3.pt,0.14285714285714285,0.15685264766216278,0.14441819489002228
no_fusion_selection,small,organcmnist_224,swin_tiny,7,0.01,42,avg,4,client_4.pt,0.14285714285714285,0.11096306145191193,0.10884366929531097
no_fusion_selection,small,organcmnist_224,swin_tiny,7,0.01,42,avg,5,client_5.pt,0.14285714285714285,0.11342999339103699,0.1117749810218811
no_fusion_selection,small,organcmnist_224,swin_tiny,7,0.01,42,avg,6,client_6.pt,0.14285714285714285,0.15709975361824036,0.1447935700416565
no_fusion_selection,small,organcmnist_224,swin_tiny,7,0.1,42,avg,0,client_0.pt,0.14285714285714285,0.11984900385141373,0.10414472967386246
no_fusion_selection,small,organcmnist_224,swin_tiny,7,0.1,42,avg,1,client_1.pt,0.14285714285714285,0.14631064236164093,0.14717039465904236
no_fusion_selection,small,organcmnist_224,swin_tiny,7,0.1,42,avg,2,client_2.pt,0.14285714285714285,0.24223768711090088,0.30918681621551514
no_fusion_selection,small,organcmnist_224,swin_tiny,7,0.1,42,avg,3,client_3.pt,0.14285714285714285,0.14435523748397827,0.13410918414592743
no_fusion_selection,small,organcmnist_224,swin_tiny,7,0.1,42,avg,4,client_4.pt,0.14285714285714285,0.11965693533420563,0.10358207672834396
no_fusion_selection,small,organcmnist_224,swin_tiny,7,0.1,42,avg,5,client_5.pt,0.14285714285714285,0.1055385172367096,0.0954485684633255
no_fusion_selection,small,organcmnist_224,swin_tiny,7,0.1,42,avg,6,client_6.pt,0.14285714285714285,0.12205202877521515,0.10635825246572495
no_fusion_selection,small,organcmnist_224,vit_t,3,0.0,42,avg,0,client_0.pt,0.3333333333333333,0.2965834438800812,0.26823940873146057
no_fusion_selection,small,organcmnist_224,vit_t,3,0.0,42,avg,1,client_1.pt,0.3333333333333333,0.47028398513793945,0.537646472454071
no_fusion_selection,small,organcmnist_224,vit_t,3,0.0,42,avg,2,client_2.pt,0.3333333333333333,0.23313258588314056,0.19411411881446838
no_fusion_selection,small,organcmnist_224,vit_t,3,0.01,42,avg,0,client_0.pt,0.3333333333333333,0.5655902624130249,0.6264115571975708
no_fusion_selection,small,organcmnist_224,vit_t,3,0.01,42,avg,1,client_1.pt,0.3333333333333333,0.19914409518241882,0.16116121411323547
no_fusion_selection,small,organcmnist_224,vit_t,3,0.01,42,avg,2,client_2.pt,0.3333333333333333,0.23526567220687866,0.21242719888687134
no_fusion_selection,small,organcmnist_224,vit_t,3,0.1,42,avg,0,client_0.pt,0.3333333333333333,0.32849225401878357,0.3214472830295563
no_fusion_selection,small,organcmnist_224,vit_t,3,0.1,42,avg,1,client_1.pt,0.3333333333333333,0.4036428928375244,0.44262704253196716
no_fusion_selection,small,organcmnist_224,vit_t,3,0.1,42,avg,2,client_2.pt,0.3333333333333333,0.267864853143692,0.2359256148338318
no_fusion_selection,small,organcmnist_224,vit_t,5,0.0,42,avg,0,client_0.pt,0.2,0.2138446867465973,0.22005215287208557
no_fusion_selection,small,organcmnist_224,vit_t,5,0.0,42,avg,1,client_1.pt,0.2,0.1799412965774536,0.16051574051380157
no_fusion_selection,small,organcmnist_224,vit_t,5,0.0,42,avg,2,client_2.pt,0.2,0.19300885498523712,0.20804724097251892
no_fusion_selection,small,organcmnist_224,vit_t,5,0.0,42,avg,3,client_3.pt,0.2,0.2546142041683197,0.2635803818702698
no_fusion_selection,small,organcmnist_224,vit_t,5,0.0,42,avg,4,client_4.pt,0.2,0.1585909128189087,0.14780449867248535
no_fusion_selection,small,organcmnist_224,vit_t,5,0.01,42,avg,0,client_0.pt,0.2,0.14315804839134216,0.10779470950365067
no_fusion_selection,small,organcmnist_224,vit_t,5,0.01,42,avg,1,client_1.pt,0.2,0.1689465492963791,0.14679557085037231
no_fusion_selection,small,organcmnist_224,vit_t,5,0.01,42,avg,2,client_2.pt,0.2,0.1336689442396164,0.10734914243221283
no_fusion_selection,small,organcmnist_224,vit_t,5,0.01,42,avg,3,client_3.pt,0.2,0.33861908316612244,0.40747684240341187
no_fusion_selection,small,organcmnist_224,vit_t,5,0.01,42,avg,4,client_4.pt,0.2,0.2156073898077011,0.2305837869644165
no_fusion_selection,small,organcmnist_224,vit_t,5,0.1,42,avg,0,client_0.pt,0.2,0.2682608366012573,0.30133724212646484
no_fusion_selection,small,organcmnist_224,vit_t,5,0.1,42,avg,1,client_1.pt,0.2,0.1672125905752182,0.14848917722702026
no_fusion_selection,small,organcmnist_224,vit_t,5,0.1,42,avg,2,client_2.pt,0.2,0.12982620298862457,0.10828830301761627
no_fusion_selection,small,organcmnist_224,vit_t,5,0.1,42,avg,3,client_3.pt,0.2,0.15375936031341553,0.12407197058200836
no_fusion_selection,small,organcmnist_224,vit_t,5,0.1,42,avg,4,client_4.pt,0.2,0.280940979719162,0.31781333684921265
no_fusion_selection,small,organcmnist_224,vit_t,7,0.0,42,avg,0,client_0.pt,0.14285714285714285,0.24638687074184418,0.29713404178619385
no_fusion_selection,small,organcmnist_224,vit_t,7,0.0,42,avg,1,client_1.pt,0.14285714285714285,0.12470032274723053,0.1335442066192627
no_fusion_selection,small,organcmnist_224,vit_t,7,0.0,42,avg,2,client_2.pt,0.14285714285714285,0.09002269059419632,0.07513889670372009
no_fusion_selection,small,organcmnist_224,vit_t,7,0.0,42,avg,3,client_3.pt,0.14285714285714285,0.20341570675373077,0.21890078485012054
no_fusion_selection,small,organcmnist_224,vit_t,7,0.0,42,avg,4,client_4.pt,0.14285714285714285,0.11291983723640442,0.08267847448587418
no_fusion_selection,small,organcmnist_224,vit_t,7,0.0,42,avg,5,client_5.pt,0.14285714285714285,0.12052403390407562,0.11109517514705658
no_fusion_selection,small,organcmnist_224,vit_t,7,0.0,42,avg,6,client_6.pt,0.14285714285714285,0.10203048586845398,0.08150846511125565
no_fusion_selection,small,organcmnist_224,vit_t,7,0.01,42,avg,0,client_0.pt,0.14285714285714285,0.14837199449539185,0.15042610466480255
no_fusion_selection,small,organcmnist_224,vit_t,7,0.01,42,avg,1,client_1.pt,0.14285714285714285,0.13454438745975494,0.12897063791751862
no_fusion_selection,small,organcmnist_224,vit_t,7,0.01,42,avg,2,client_2.pt,0.14285714285714285,0.22568483650684357,0.26036152243614197
no_fusion_selection,small,organcmnist_224,vit_t,7,0.01,42,avg,3,client_3.pt,0.14285714285714285,0.16083568334579468,0.149130180478096
no_fusion_selection,small,organcmnist_224,vit_t,7,0.01,42,avg,4,client_4.pt,0.14285714285714285,0.10070398449897766,0.0874035432934761
no_fusion_selection,small,organcmnist_224,vit_t,7,0.01,42,avg,5,client_5.pt,0.14285714285714285,0.1293400377035141,0.13646209239959717
no_fusion_selection,small,organcmnist_224,vit_t,7,0.01,42,avg,6,client_6.pt,0.14285714285714285,0.10051900148391724,0.08724591881036758
no_fusion_selection,small,organcmnist_224,vit_t,7,0.1,42,avg,0,client_0.pt,0.14285714285714285,0.13150687515735626,0.11754150688648224
no_fusion_selection,small,organcmnist_224,vit_t,7,0.1,42,avg,1,client_1.pt,0.14285714285714285,0.2237785905599594,0.2931831479072571
no_fusion_selection,small,organcmnist_224,vit_t,7,0.1,42,avg,2,client_2.pt,0.14285714285714285,0.12370547652244568,0.12078514695167542
no_fusion_selection,small,organcmnist_224,vit_t,7,0.1,42,avg,3,client_3.pt,0.14285714285714285,0.13168571889400482,0.11741549521684647
no_fusion_selection,small,organcmnist_224,vit_t,7,0.1,42,avg,4,client_4.pt,0.14285714285714285,0.13105811178684235,0.11683931201696396
no_fusion_selection,small,organcmnist_224,vit_t,7,0.1,42,avg,5,client_5.pt,0.14285714285714285,0.11570534110069275,0.1077776700258255
no_fusion_selection,small,organcmnist_224,vit_t,7,0.1,42,avg,6,client_6.pt,0.14285714285714285,0.14255985617637634,0.12645775079727173
no_fusion_selection,small,organsmnist_224,convnext,3,0.0,42,avg,0,client_0.pt,0.3333333333333333,0.3493448495864868,0.37250396609306335
no_fusion_selection,small,organsmnist_224,convnext,3,0.0,42,avg,1,client_1.pt,0.3333333333333333,0.2659735679626465,0.27834805846214294
no_fusion_selection,small,organsmnist_224,convnext,3,0.0,42,avg,2,client_2.pt,0.3333333333333333,0.3846816420555115,0.3491479754447937
no_fusion_selection,small,organsmnist_224,convnext,3,0.01,42,avg,0,client_0.pt,0.3333333333333333,0.4278051555156708,0.5110967755317688
no_fusion_selection,small,organsmnist_224,convnext,3,0.01,42,avg,1,client_1.pt,0.3333333333333333,0.3492858409881592,0.30147430300712585
no_fusion_selection,small,organsmnist_224,convnext,3,0.01,42,avg,2,client_2.pt,0.3333333333333333,0.22290895879268646,0.18742893636226654
no_fusion_selection,small,organsmnist_224,convnext,3,0.1,42,avg,0,client_0.pt,0.3333333333333333,0.42495593428611755,0.5050605535507202
no_fusion_selection,small,organsmnist_224,convnext,3,0.1,42,avg,1,client_1.pt,0.3333333333333333,0.35753780603408813,0.31439733505249023
no_fusion_selection,small,organsmnist_224,convnext,3,0.1,42,avg,2,client_2.pt,0.3333333333333333,0.21750622987747192,0.18054212629795074
no_fusion_selection,small,organsmnist_224,convnext,5,0.0,42,avg,0,client_0.pt,0.2,0.16345873475074768,0.18435713648796082
no_fusion_selection,small,organsmnist_224,convnext,5,0.0,42,avg,1,client_1.pt,0.2,0.1768587976694107,0.16466538608074188
no_fusion_selection,small,organsmnist_224,convnext,5,0.0,42,avg,2,client_2.pt,0.2,0.1811041533946991,0.20004487037658691
no_fusion_selection,small,organsmnist_224,convnext,5,0.0,42,avg,3,client_3.pt,0.2,0.2861796021461487,0.27151548862457275
no_fusion_selection,small,organsmnist_224,convnext,5,0.0,42,avg,4,client_4.pt,0.2,0.19239872694015503,0.17941716313362122
no_fusion_selection,small,organsmnist_224,convnext,5,0.01,42,avg,0,client_0.pt,0.2,0.20560547709465027,0.158844992518425
no_fusion_selection,small,organsmnist_224,convnext,5,0.01,42,avg,1,client_1.pt,0.2,0.27139943838119507,0.3906264901161194
no_fusion_selection,small,organsmnist_224,convnext,5,0.01,42,avg,2,client_2.pt,0.2,0.1655610352754593,0.14409777522087097
no_fusion_selection,small,organsmnist_224,convnext,5,0.01,42,avg,3,client_3.pt,0.2,0.15844012796878815,0.13629794120788574
no_fusion_selection,small,organsmnist_224,convnext,5,0.01,42,avg,4,client_4.pt,0.2,0.19899395108222961,0.1701328456401825
no_fusion_selection,small,organsmnist_224,convnext,5,0.1,42,avg,0,client_0.pt,0.2,0.3148518204689026,0.4018411934375763
no_fusion_selection,small,organsmnist_224,convnext,5,0.1,42,avg,1,client_1.pt,0.2,0.20198248326778412,0.16265061497688293
no_fusion_selection,small,organsmnist_224,convnext,5,0.1,42,avg,2,client_2.pt,0.2,0.16284383833408356,0.14765320718288422
no_fusion_selection,small,organsmnist_224,convnext,5,0.1,42,avg,3,client_3.pt,0.2,0.14969541132450104,0.13553355634212494
no_fusion_selection,small,organsmnist_224,convnext,5,0.1,42,avg,4,client_4.pt,0.2,0.17062649130821228,0.15232136845588684
no_fusion_selection,small,organsmnist_224,convnext,7,0.0,42,avg,0,client_0.pt,0.14285714285714285,0.25156134366989136,0.32158780097961426
no_fusion_selection,small,organsmnist_224,convnext,7,0.0,42,avg,1,client_1.pt,0.14285714285714285,0.17342358827590942,0.15619973838329315
no_fusion_selection,small,organsmnist_224,convnext,7,0.0,42,avg,2,client_2.pt,0.14285714285714285,0.11612021178007126,0.10315164178609848
no_fusion_selection,small,organsmnist_224,convnext,7,0.0,42,avg,3,client_3.pt,0.14285714285714285,0.1095971167087555,0.10493471473455429
no_fusion_selection,small,organsmnist_224,convnext,7,0.0,42,avg,4,client_4.pt,0.14285714285714285,0.144219771027565,0.11371901631355286
no_fusion_selection,small,organsmnist_224,convnext,7,0.0,42,avg,5,client_5.pt,0.14285714285714285,0.09829472750425339,0.10568973422050476
no_fusion_selection,small,organsmnist_224,convnext,7,0.0,42,avg,6,client_6.pt,0.14285714285714285,0.10678327083587646,0.0947173610329628
no_fusion_selection,small,organsmnist_224,convnext,7,0.01,42,avg,0,client_0.pt,0.14285714285714285,0.22699877619743347,0.26001912355422974
no_fusion_selection,small,organsmnist_224,convnext,7,0.01,42,avg,1,client_1.pt,0.14285714285714285,0.10995064675807953,0.09714224934577942
no_fusion_selection,small,organsmnist_224,convnext,7,0.01,42,avg,2,client_2.pt,0.14285714285714285,0.10971826314926147,0.10653865337371826
no_fusion_selection,small,organsmnist_224,convnext,7,0.01,42,avg,3,client_3.pt,0.14285714285714285,0.1742534339427948,0.1461930274963379
no_fusion_selection,small,organsmnist_224,convnext,7,0.01,42,avg,4,client_4.pt,0.14285714285714285,0.10712716728448868,0.08768321573734283
no_fusion_selection,small,organsmnist_224,convnext,7,0.01,42,avg,5,client_5.pt,0.14285714285714285,0.11649226397275925,0.09548957645893097
no_fusion_selection,small,organsmnist_224,convnext,7,0.01,42,avg,6,client_6.pt,0.14285714285714285,0.1554594337940216,0.2069341391324997
no_fusion_selection,small,organsmnist_224,convnext,7,0.1,42,avg,0,client_0.pt,0.14285714285714285,0.12416032701730728,0.11926694959402084
no_fusion_selection,small,organsmnist_224,convnext,7,0.1,42,avg,1,client_1.pt,0.14285714285714285,0.1840922087430954,0.17919857800006866
no_fusion_selection,small,organsmnist_224,convnext,7,0.1,42,avg,2,client_2.pt,0.14285714285714285,0.20736533403396606,0.2262975424528122
no_fusion_selection,small,organsmnist_224,convnext,7,0.1,42,avg,3,client_3.pt,0.14285714285714285,0.12350766360759735,0.11886066943407059
no_fusion_selection,small,organsmnist_224,convnext,7,0.1,42,avg,4,client_4.pt,0.14285714285714285,0.13247378170490265,0.137116938829422
no_fusion_selection,small,organsmnist_224,convnext,7,0.1,42,avg,5,client_5.pt,0.14285714285714285,0.11473704129457474,0.1102772206068039
no_fusion_selection,small,organsmnist_224,convnext,7,0.1,42,avg,6,client_6.pt,0.14285714285714285,0.1136637032032013,0.10898205637931824
no_fusion_selection,small,organsmnist_224,resnet,3,0.0,42,avg,0,client_0.pt,0.3333333333333333,0.4878370761871338,0.5362188220024109
no_fusion_selection,small,organsmnist_224,resnet,3,0.0,42,avg,1,client_1.pt,0.3333333333333333,0.21132032573223114,0.21063704788684845
no_fusion_selection,small,organsmnist_224,resnet,3,0.0,42,avg,2,client_2.pt,0.3333333333333333,0.30084264278411865,0.25314414501190186
no_fusion_selection,small,organsmnist_224,resnet,3,0.01,42,avg,0,client_0.pt,0.3333333333333333,0.25174155831336975,0.2539646625518799
no_fusion_selection,small,organsmnist_224,resnet,3,0.01,42,avg,1,client_1.pt,0.3333333333333333,0.4717825949192047,0.5026817917823792
no_fusion_selection,small,organsmnist_224,resnet,3,0.01,42,avg,2,client_2.pt,0.3333333333333333,0.2764758765697479,0.243353471159935
no_fusion_selection,small,organsmnist_224,resnet,3,0.1,42,avg,0,client_0.pt,0.3333333333333333,0.28295427560806274,0.29957878589630127
no_fusion_selection,small,organsmnist_224,resnet,3,0.1,42,avg,1,client_1.pt,0.3333333333333333,0.44154679775238037,0.41521626710891724
no_fusion_selection,small,organsmnist_224,resnet,3,0.1,42,avg,2,client_2.pt,0.3333333333333333,0.2754989266395569,0.2852049469947815
no_fusion_selection,small,organsmnist_224,resnet,5,0.0,42,avg,0,client_0.pt,0.2,0.24756936728954315,0.29668551683425903
no_fusion_selection,small,organsmnist_224,resnet,5,0.0,42,avg,1,client_1.pt,0.2,0.19542400538921356,0.24315586686134338
no_fusion_selection,small,organsmnist_224,resnet,5,0.0,42,avg,2,client_2.pt,0.2,0.14990447461605072,0.13215778768062592
no_fusion_selection,small,organsmnist_224,resnet,5,0.0,42,avg,3,client_3.pt,0.2,0.21342569589614868,0.18452857434749603
no_fusion_selection,small,organsmnist_224,resnet,5,0.0,42,avg,4,client_4.pt,0.2,0.1936764121055603,0.1434723287820816
no_fusion_selection,small,organsmnist_224,resnet,5,0.01,42,avg,0,client_0.pt,0.2,0.19417016208171844,0.14766328036785126
no_fusion_selection,small,organsmnist_224,resnet,5,0.01,42,avg,1,client_1.pt,0.2,0.19634103775024414,0.2642239034175873
no_fusion_selection,small,organsmnist_224,resnet,5,0.01,42,avg,2,client_2.pt,0.2,0.11357037723064423,0.09199127554893494
no_fusion_selection,small,organsmnist_224,resnet,5,0.01,42,avg,3,client_3.pt,0.2,0.3121984899044037,0.3110865354537964
no_fusion_selection,small,organsmnist_224,resnet,5,0.01,42,avg,4,client_4.pt,0.2,0.18371999263763428,0.18503506481647491
no_fusion_selection,small,organsmnist_224,resnet,5,0.1,42,avg,0,client_0.pt,0.2,0.149196594953537,0.1337401419878006
no_fusion_selection,small,organsmnist_224,resnet,5,0.1,42,avg,1,client_1.pt,0.2,0.11628459393978119,0.09495511651039124
no_fusion_selection,small,organsmnist_224,resnet,5,0.1,42,avg,2,client_2.pt,0.2,0.15365859866142273,0.16212904453277588
no_fusion_selection,small,organsmnist_224,resnet,5,0.1,42,avg,3,client_3.pt,0.2,0.33379825949668884,0.3745940029621124
no_fusion_selection,small,organsmnist_224,resnet,5,0.1,42,avg,4,client_4.pt,0.2,0.24706192314624786,0.23458163440227509
no_fusion_selection,small,organsmnist_224,resnet,7,0.0,42,avg,0,client_0.pt,0.14285714285714285,0.210443377494812,0.23509670794010162
no_fusion_selection,small,organsmnist_224,resnet,7,0.0,42,avg,1,client_1.pt,0.14285714285714285,0.2057865709066391,0.2245505154132843
no_fusion_selection,small,organsmnist_224,resnet,7,0.0,42,avg,2,client_2.pt,0.14285714285714285,0.11217600107192993,0.08871809393167496
no_fusion_selection,small,organsmnist_224,resnet,7,0.0,42,avg,3,client_3.pt,0.14285714285714285,0.17546969652175903,0.21708138287067413
no_fusion_selection,small,organsmnist_224,resnet,7,0.0,42,avg,4,client_4.pt,0.14285714285714285,0.12230024486780167,0.08537936210632324
no_fusion_selection,small,organsmnist_224,resnet,7,0.0,42,avg,5,client_5.pt,0.14285714285714285,0.08264213800430298,0.07790715247392654
no_fusion_selection,small,organsmnist_224,resnet,7,0.0,42,avg,6,client_6.pt,0.14285714285714285,0.0911819338798523,0.0712667852640152
no_fusion_selection,small,organsmnist_224,resnet,7,0.01,42,avg,0,client_0.pt,0.14285714285714285,0.15634234249591827,0.1620897799730301
no_fusion_selection,small,organsmnist_224,resnet,7,0.01,42,avg,1,client_1.pt,0.14285714285714285,0.0762421116232872,0.06094317510724068
no_fusion_selection,small,organsmnist_224,resnet,7,0.01,42,avg,2,client_2.pt,0.14285714285714285,0.09973745048046112,0.08529665321111679
no_fusion_selection,small,organsmnist_224,resnet,7,0.01,42,avg,3,client_3.pt,0.14285714285714285,0.22734136879444122,0.19944310188293457
no_fusion_selection,small,organsmnist_224,resnet,7,0.01,42,avg,4,client_4.pt,0.14285714285714285,0.12655240297317505,0.14335595071315765
no_fusion_selection,small,organsmnist_224,resnet,7,0.01,42,avg,5,client_5.pt,0.14285714285714285,0.20124495029449463,0.21559220552444458
no_fusion_selection,small,organsmnist_224,resnet,7,0.01,42,avg,6,client_6.pt,0.14285714285714285,0.11253934353590012,0.13327915966510773
no_fusion_selection,small,organsmnist_224,resnet,7,0.1,42,avg,0,client_0.pt,0.14285714285714285,0.1778305172920227,0.16427510976791382
no_fusion_selection,small,organsmnist_224,resnet,7,0.1,42,avg,1,client_1.pt,0.14285714285714285,0.12978997826576233,0.13228310644626617
no_fusion_selection,small,organsmnist_224,resnet,7,0.1,42,avg,2,client_2.pt,0.14285714285714285,0.13089540600776672,0.12738090753555298
no_fusion_selection,small,organsmnist_224,resnet,7,0.1,42,avg,3,client_3.pt,0.14285714285714285,0.17050516605377197,0.16144360601902008
no_fusion_selection,small,organsmnist_224,resnet,7,0.1,42,avg,4,client_4.pt,0.14285714285714285,0.14069759845733643,0.16248531639575958
no_fusion_selection,small,organsmnist_224,resnet,7,0.1,42,avg,5,client_5.pt,0.14285714285714285,0.1474655270576477,0.15932907164096832
no_fusion_selection,small,organsmnist_224,resnet,7,0.1,42,avg,6,client_6.pt,0.14285714285714285,0.10281588137149811,0.09280285239219666
no_fusion_selection,small,organsmnist_224,swin_tiny,3,0.0,42,avg,0,client_0.pt,0.3333333333333333,0.26858237385749817,0.26084503531455994
no_fusion_selection,small,organsmnist_224,swin_tiny,3,0.0,42,avg,1,client_1.pt,0.3333333333333333,0.3303576707839966,0.3421626389026642
no_fusion_selection,small,organsmnist_224,swin_tiny,3,0.0,42,avg,2,client_2.pt,0.3333333333333333,0.40105995535850525,0.3969922959804535
no_fusion_selection,small,organsmnist_224,swin_tiny,3,0.01,42,avg,0,client_0.pt,0.3333333333333333,0.3364820182323456,0.35306084156036377
no_fusion_selection,small,organsmnist_224,swin_tiny,3,0.01,42,avg,1,client_1.pt,0.3333333333333333,0.3174341917037964,0.30926284193992615
no_fusion_selection,small,organsmnist_224,swin_tiny,3,0.01,42,avg,2,client_2.pt,0.3333333333333333,0.34608379006385803,0.33767637610435486
no_fusion_selection,small,organsmnist_224,swin_tiny,3,0.1,42,avg,0,client_0.pt,0.3333333333333333,0.4071945548057556,0.4800375699996948
no_fusion_selection,small,organsmnist_224,swin_tiny,3,0.1,42,avg,1,client_1.pt,0.3333333333333333,0.3037109375,0.2657938003540039
no_fusion_selection,small,organsmnist_224,swin_tiny,3,0.1,42,avg,2,client_2.pt,0.3333333333333333,0.2890944480895996,0.25416868925094604
no_fusion_selection,small,organsmnist_224,swin_tiny,5,0.0,42,avg,0,client_0.pt,0.2,0.21639126539230347,0.2599266767501831
no_fusion_selection,small,organsmnist_224,swin_tiny,5,0.0,42,avg,1,client_1.pt,0.2,0.2344748079776764,0.2767288088798523
no_fusion_selection,small,organsmnist_224,swin_tiny,5,0.0,42,avg,2,client_2.pt,0.2,0.15097680687904358,0.1419375091791153
no_fusion_selection,small,organsmnist_224,swin_tiny,5,0.0,42,avg,3,client_3.pt,0.2,0.23780524730682373,0.19414177536964417
no_fusion_selection,small,organsmnist_224,swin_tiny,5,0.0,42,avg,4,client_4.pt,0.2,0.16035187244415283,0.1272653043270111
no_fusion_selection,small,organsmnist_224,swin_tiny,5,0.01,42,avg,0,client_0.pt,0.2,0.2918664813041687,0.36554619669914246
no_fusion_selection,small,organsmnist_224,swin_tiny,5,0.01,42,avg,1,client_1.pt,0.2,0.23856274783611298,0.24234429001808167
no_fusion_selection,small,organsmnist_224,swin_tiny,5,0.01,42,avg,2,client_2.pt,0.2,0.15883079171180725,0.13239547610282898
no_fusion_selection,small,organsmnist_224,swin_tiny,5,0.01,42,avg,3,client_3.pt,0.2,0.14861160516738892,0.12426332384347916
no_fusion_selection,small,organsmnist_224,swin_tiny,5,0.01,42,avg,4,client_4.pt,0.2,0.16212838888168335,0.13545076549053192
no_fusion_selection,small,organsmnist_224,swin_tiny,5,0.1,42,avg,0,client_0.pt,0.2,0.28885534405708313,0.3583798110485077
no_fusion_selection,small,organsmnist_224,swin_tiny,5,0.1,42,avg,1,client_1.pt,0.2,0.1398307979106903,0.12611566483974457
no_fusion_selection,small,organsmnist_224,swin_tiny,5,0.1,42,avg,2,client_2.pt,0.2,0.19831271469593048,0.1750616878271103
no_fusion_selection,small,organsmnist_224,swin_tiny,5,0.1,42,avg,3,client_3.pt,0.2,0.14645935595035553,0.13136325776576996
no_fusion_selection,small,organsmnist_224,swin_tiny,5,0.1,42,avg,4,client_4.pt,0.2,0.22654186189174652,0.20907963812351227
no_fusion_selection,small,organsmnist_224,swin_tiny,7,0.0,42,avg,0,client_0.pt,0.14285714285714285,0.1720188856124878,0.22550925612449646
no_fusion_selection,small,organsmnist_224,swin_tiny,7,0.0,42,avg,1,client_1.pt,0.14285714285714285,0.19193430244922638,0.17841307818889618
no_fusion_selection,small,organsmnist_224,swin_tiny,7,0.0,42,avg,2,client_2.pt,0.14285714285714285,0.12845446169376373,0.1177511215209961
no_fusion_selection,small,organsmnist_224,swin_tiny,7,0.0,42,avg,3,client_3.pt,0.14285714285714285,0.12122736126184464,0.11977501958608627
no_fusion_selection,small,organsmnist_224,swin_tiny,7,0.0,42,avg,4,client_4.pt,0.14285714285714285,0.15952424705028534,0.12980172038078308
no_fusion_selection,small,organsmnist_224,swin_tiny,7,0.0,42,avg,5,client_5.pt,0.14285714285714285,0.10872571170330048,0.1206369623541832
no_fusion_selection,small,organsmnist_224,swin_tiny,7,0.0,42,avg,6,client_6.pt,0.14285714285714285,0.11811506748199463,0.10811281949281693
no_fusion_selection,small,organsmnist_224,swin_tiny,7,0.01,42,avg,0,client_0.pt,0.14285714285714285,0.21288850903511047,0.25271493196487427
no_fusion_selection,small,organsmnist_224,swin_tiny,7,0.01,42,avg,1,client_1.pt,0.14285714285714285,0.10312347114086151,0.09441760927438736
no_fusion_selection,small,organsmnist_224,swin_tiny,7,0.01,42,avg,2,client_2.pt,0.14285714285714285,0.13985608518123627,0.11619003117084503
no_fusion_selection,small,organsmnist_224,swin_tiny,7,0.01,42,avg,3,client_3.pt,0.14285714285714285,0.18106716871261597,0.14300008118152618
no_fusion_selection,small,organsmnist_224,swin_tiny,7,0.01,42,avg,4,client_4.pt,0.14285714285714285,0.10799689590930939,0.09973352402448654
no_fusion_selection,small,organsmnist_224,swin_tiny,7,0.01,42,avg,5,client_5.pt,0.14285714285714285,0.10926032811403275,0.09281245619058609
no_fusion_selection,small,organsmnist_224,swin_tiny,7,0.01,42,avg,6,client_6.pt,0.14285714285714285,0.14580751955509186,0.20113137364387512
no_fusion_selection,small,organsmnist_224,swin_tiny,7,0.1,42,avg,0,client_0.pt,0.14285714285714285,0.10825081169605255,0.09325888752937317
no_fusion_selection,small,organsmnist_224,swin_tiny,7,0.1,42,avg,1,client_1.pt,0.14285714285714285,0.1606520563364029,0.14029908180236816
no_fusion_selection,small,organsmnist_224,swin_tiny,7,0.1,42,avg,2,client_2.pt,0.14285714285714285,0.10760015994310379,0.0926346704363823
no_fusion_selection,small,organsmnist_224,swin_tiny,7,0.1,42,avg,3,client_3.pt,0.14285714285714285,0.10798819363117218,0.09312505275011063
no_fusion_selection,small,organsmnist_224,swin_tiny,7,0.1,42,avg,4,client_4.pt,0.14285714285714285,0.22578808665275574,0.2709064781665802
no_fusion_selection,small,organsmnist_224,swin_tiny,7,0.1,42,avg,5,client_5.pt,0.14285714285714285,0.09949182718992233,0.08561671525239944
no_fusion_selection,small,organsmnist_224,swin_tiny,7,0.1,42,avg,6,client_6.pt,0.14285714285714285,0.1902289092540741,0.2241591066122055
no_fusion_selection,small,organsmnist_224,vit_t,3,0.0,42,avg,0,client_0.pt,0.3333333333333333,0.3668020963668823,0.41231322288513184
no_fusion_selection,small,organsmnist_224,vit_t,3,0.0,42,avg,1,client_1.pt,0.3333333333333333,0.3016311526298523,0.30802419781684875
no_fusion_selection,small,organsmnist_224,vit_t,3,0.0,42,avg,2,client_2.pt,0.3333333333333333,0.33156681060791016,0.2796626389026642
no_fusion_selection,small,organsmnist_224,vit_t,3,0.01,42,avg,0,client_0.pt,0.3333333333333333,0.4251784086227417,0.4980328679084778
no_fusion_selection,small,organsmnist_224,vit_t,3,0.01,42,avg,1,client_1.pt,0.3333333333333333,0.28252583742141724,0.24788111448287964
no_fusion_selection,small,organsmnist_224,vit_t,3,0.01,42,avg,2,client_2.pt,0.3333333333333333,0.29229575395584106,0.2540859878063202
no_fusion_selection,small,organsmnist_224,vit_t,3,0.1,42,avg,0,client_0.pt,0.3333333333333333,0.19973373413085938,0.172254741191864
no_fusion_selection,small,organsmnist_224,vit_t,3,0.1,42,avg,1,client_1.pt,0.3333333333333333,0.3762289881706238,0.3302336633205414
no_fusion_selection,small,organsmnist_224,vit_t,3,0.1,42,avg,2,client_2.pt,0.3333333333333333,0.42403727769851685,0.49751153588294983
no_fusion_selection,small,organsmnist_224,vit_t,5,0.0,42,avg,0,client_0.pt,0.2,0.28770941495895386,0.3657625615596771
no_fusion_selection,small,organsmnist_224,vit_t,5,0.0,42,avg,1,client_1.pt,0.2,0.14245982468128204,0.12170930951833725
no_fusion_selection,small,organsmnist_224,vit_t,5,0.0,42,avg,2,client_2.pt,0.2,0.1895926296710968,0.18305093050003052
no_fusion_selection,small,organsmnist_224,vit_t,5,0.0,42,avg,3,client_3.pt,0.2,0.22532868385314941,0.1969357132911682
no_fusion_selection,small,organsmnist_224,vit_t,5,0.0,42,avg,4,client_4.pt,0.2,0.15490946173667908,0.13254143297672272
no_fusion_selection,small,organsmnist_224,vit_t,5,0.01,42,avg,0,client_0.pt,0.2,0.18433888256549835,0.12875480949878693
no_fusion_selection,small,organsmnist_224,vit_t,5,0.01,42,avg,1,client_1.pt,0.2,0.30816754698753357,0.42966026067733765
no_fusion_selection,small,organsmnist_224,vit_t,5,0.01,42,avg,2,client_2.pt,0.2,0.14850668609142303,0.11685799807310104
no_fusion_selection,small,organsmnist_224,vit_t,5,0.01,42,avg,3,client_3.pt,0.2,0.18462541699409485,0.18337875604629517
no_fusion_selection,small,organsmnist_224,vit_t,5,0.01,42,avg,4,client_4.pt,0.2,0.174361452460289,0.14134816825389862
no_fusion_selection,small,organsmnist_224,vit_t,5,0.1,42,avg,0,client_0.pt,0.2,0.23940172791481018,0.28126922249794006
no_fusion_selection,small,organsmnist_224,vit_t,5,0.1,42,avg,1,client_1.pt,0.2,0.19126075506210327,0.17009922862052917
no_fusion_selection,small,organsmnist_224,vit_t,5,0.1,42,avg,2,client_2.pt,0.2,0.19993369281291962,0.2002016007900238
no_fusion_selection,small,organsmnist_224,vit_t,5,0.1,42,avg,3,client_3.pt,0.2,0.18425065279006958,0.17991623282432556
no_fusion_selection,small,organsmnist_224,vit_t,5,0.1,42,avg,4,client_4.pt,0.2,0.18515323102474213,0.1685137003660202
no_fusion_selection,small,organsmnist_224,vit_t,7,0.0,42,avg,0,client_0.pt,0.14285714285714285,0.22763685882091522,0.2668585479259491
no_fusion_selection,small,organsmnist_224,vit_t,7,0.0,42,avg,1,client_1.pt,0.14285714285714285,0.1737237274646759,0.1471165269613266
no_fusion_selection,small,organsmnist_224,vit_t,7,0.0,42,avg,2,client_2.pt,0.14285714285714285,0.10257799923419952,0.08434968441724777
no_fusion_selection,small,organsmnist_224,vit_t,7,0.0,42,avg,3,client_3.pt,0.14285714285714285,0.1875152587890625,0.24482077360153198
no_fusion_selection,small,organsmnist_224,vit_t,7,0.0,42,avg,4,client_4.pt,0.14285714285714285,0.12739352881908417,0.09298533946275711
no_fusion_selection,small,organsmnist_224,vit_t,7,0.0,42,avg,5,client_5.pt,0.14285714285714285,0.08682691305875778,0.0864202156662941
no_fusion_selection,small,organsmnist_224,vit_t,7,0.0,42,avg,6,client_6.pt,0.14285714285714285,0.0943257138133049,0.07744889706373215
no_fusion_selection,small,organsmnist_224,vit_t,7,0.01,42,avg,0,client_0.pt,0.14285714285714285,0.14430522918701172,0.1266150027513504
no_fusion_selection,small,organsmnist_224,vit_t,7,0.01,42,avg,1,client_1.pt,0.14285714285714285,0.1208830252289772,0.11434929072856903
no_fusion_selection,small,organsmnist_224,vit_t,7,0.01,42,avg,2,client_2.pt,0.14285714285714285,0.12098995596170425,0.12573282420635223
no_fusion_selection,small,organsmnist_224,vit_t,7,0.01,42,avg,3,client_3.pt,0.14285714285714285,0.19704435765743256,0.17408926784992218
no_fusion_selection,small,organsmnist_224,vit_t,7,0.01,42,avg,4,client_4.pt,0.14285714285714285,0.11778407543897629,0.1032193973660469
no_fusion_selection,small,organsmnist_224,vit_t,7,0.01,42,avg,5,client_5.pt,0.14285714285714285,0.12807375192642212,0.11240269243717194
no_fusion_selection,small,organsmnist_224,vit_t,7,0.01,42,avg,6,client_6.pt,0.14285714285714285,0.17091967165470123,0.24359150230884552
no_fusion_selection,small,organsmnist_224,vit_t,7,0.1,42,avg,0,client_0.pt,0.14285714285714285,0.1727820187807083,0.17076122760772705
no_fusion_selection,small,organsmnist_224,vit_t,7,0.1,42,avg,1,client_1.pt,0.14285714285714285,0.18358413875102997,0.17644499242305756
no_fusion_selection,small,organsmnist_224,vit_t,7,0.1,42,avg,2,client_2.pt,0.14285714285714285,0.12444328516721725,0.11757615953683853
no_fusion_selection,small,organsmnist_224,vit_t,7,0.1,42,avg,3,client_3.pt,0.14285714285714285,0.12337226420640945,0.1166364997625351
no_fusion_selection,small,organsmnist_224,vit_t,7,0.1,42,avg,4,client_4.pt,0.14285714285714285,0.155694842338562,0.1856721043586731
no_fusion_selection,small,organsmnist_224,vit_t,7,0.1,42,avg,5,client_5.pt,0.14285714285714285,0.11351724714040756,0.10709232836961746
no_fusion_selection,small,organsmnist_224,vit_t,7,0.1,42,avg,6,client_6.pt,0.14285714285714285,0.12660612165927887,0.1258166879415512
no_fusion_selection,vlm,bloodmnist_224,clip-vit-base-patch32,3,0.0,42,avg,0,client_0.pt,0.3333333333333333,0.3209371864795685,0.3406258225440979
no_fusion_selection,vlm,bloodmnist_224,clip-vit-base-patch32,3,0.0,42,avg,1,client_1.pt,0.3333333333333333,0.4084746539592743,0.4009634256362915
no_fusion_selection,vlm,bloodmnist_224,clip-vit-base-patch32,3,0.0,42,avg,2,client_2.pt,0.3333333333333333,0.2705881595611572,0.25841066241264343
no_fusion_selection,vlm,bloodmnist_224,clip-vit-base-patch32,3,0.01,42,avg,0,client_0.pt,0.3333333333333333,0.3290603756904602,0.2652409076690674
no_fusion_selection,vlm,bloodmnist_224,clip-vit-base-patch32,3,0.01,42,avg,1,client_1.pt,0.3333333333333333,0.32659006118774414,0.33574965596199036
no_fusion_selection,vlm,bloodmnist_224,clip-vit-base-patch32,3,0.01,42,avg,2,client_2.pt,0.3333333333333333,0.34434956312179565,0.39900946617126465
no_fusion_selection,vlm,bloodmnist_224,clip-vit-base-patch32,3,0.1,42,avg,0,client_0.pt,0.3333333333333333,0.3876403272151947,0.3771970272064209
no_fusion_selection,vlm,bloodmnist_224,clip-vit-base-patch32,3,0.1,42,avg,1,client_1.pt,0.3333333333333333,0.41862016916275024,0.4305797219276428
no_fusion_selection,vlm,bloodmnist_224,clip-vit-base-patch32,3,0.1,42,avg,2,client_2.pt,0.3333333333333333,0.19373951852321625,0.19222331047058105
no_fusion_selection,vlm,bloodmnist_224,clip-vit-base-patch32,5,0.0,42,avg,0,client_0.pt,0.2,0.23616787791252136,0.26708802580833435
no_fusion_selection,vlm,bloodmnist_224,clip-vit-base-patch32,5,0.0,42,avg,1,client_1.pt,0.2,0.19900661706924438,0.20922186970710754
no_fusion_selection,vlm,bloodmnist_224,clip-vit-base-patch32,5,0.0,42,avg,2,client_2.pt,0.2,0.19201183319091797,0.20891034603118896
no_fusion_selection,vlm,bloodmnist_224,clip-vit-base-patch32,5,0.0,42,avg,3,client_3.pt,0.2,0.15909864008426666,0.13231581449508667
no_fusion_selection,vlm,bloodmnist_224,clip-vit-base-patch32,5,0.0,42,avg,4,client_4.pt,0.2,0.213715061545372,0.18246400356292725
no_fusion_selection,vlm,bloodmnist_224,clip-vit-base-patch32,5,0.01,42,avg,0,client_0.pt,0.2,0.1543567031621933,0.1599971204996109
no_fusion_selection,vlm,bloodmnist_224,clip-vit-base-patch32,5,0.01,42,avg,1,client_1.pt,0.2,0.24747450649738312,0.25235143303871155
no_fusion_selection,vlm,bloodmnist_224,clip-vit-base-patch32,5,0.01,42,avg,2,client_2.pt,0.2,0.1296587735414505,0.15305308997631073
no_fusion_selection,vlm,bloodmnist_224,clip-vit-base-patch32,5,0.01,42,avg,3,client_3.pt,0.2,0.187866672873497,0.16217699646949768
no_fusion_selection,vlm,bloodmnist_224,clip-vit-base-patch32,5,0.01,42,avg,4,client_4.pt,0.2,0.2806433439254761,0.27242136001586914
no_fusion_selection,vlm,bloodmnist_224,clip-vit-base-patch32,5,0.1,42,avg,0,client_0.pt,0.2,0.24528826773166656,0.2540876567363739
no_fusion_selection,vlm,bloodmnist_224,clip-vit-base-patch32,5,0.1,42,avg,1,client_1.pt,0.2,0.31104400753974915,0.3183824419975281
no_fusion_selection,vlm,bloodmnist_224,clip-vit-base-patch32,5,0.1,42,avg,2,client_2.pt,0.2,0.12779785692691803,0.14076615869998932
no_fusion_selection,vlm,bloodmnist_224,clip-vit-base-patch32,5,0.1,42,avg,3,client_3.pt,0.2,0.12836377322673798,0.10355010628700256
no_fusion_selection,vlm,bloodmnist_224,clip-vit-base-patch32,5,0.1,42,avg,4,client_4.pt,0.2,0.18750613927841187,0.18321366608142853
no_fusion_selection,vlm,bloodmnist_224,clip-vit-base-patch32,7,0.0,42,avg,0,client_0.pt,0.14285714285714285,0.17373645305633545,0.22426153719425201
no_fusion_selection,vlm,bloodmnist_224,clip-vit-base-patch32,7,0.0,42,avg,1,client_1.pt,0.14285714285714285,0.10945302248001099,0.0936451181769371
no_fusion_selection,vlm,bloodmnist_224,clip-vit-base-patch32,7,0.0,42,avg,2,client_2.pt,0.14285714285714285,0.10084450244903564,0.08237531781196594
no_fusion_selection,vlm,bloodmnist_224,clip-vit-base-patch32,7,0.0,42,avg,3,client_3.pt,0.14285714285714285,0.13952277600765228,0.11934130638837814
no_fusion_selection,vlm,bloodmnist_224,clip-vit-base-patch32,7,0.0,42,avg,4,client_4.pt,0.14285714285714285,0.18741893768310547,0.16457195580005646
no_fusion_selection,vlm,bloodmnist_224,clip-vit-base-patch32,7,0.0,42,avg,5,client_5.pt,0.14285714285714285,0.16220852732658386,0.17156577110290527
no_fusion_selection,vlm,bloodmnist_224,clip-vit-base-patch32,7,0.0,42,avg,6,client_6.pt,0.14285714285714285,0.12681590020656586,0.14423897862434387
no_fusion_selection,vlm,bloodmnist_224,clip-vit-base-patch32,7,0.01,42,avg,0,client_0.pt,0.14285714285714285,0.08691567927598953,0.09449562430381775
no_fusion_selection,vlm,bloodmnist_224,clip-vit-base-patch32,7,0.01,42,avg,1,client_1.pt,0.14285714285714285,0.14010260999202728,0.1420234739780426
no_fusion_selection,vlm,bloodmnist_224,clip-vit-base-patch32,7,0.01,42,avg,2,client_2.pt,0.14285714285714285,0.14010260999202728,0.1420234739780426
no_fusion_selection,vlm,bloodmnist_224,clip-vit-base-patch32,7,0.01,42,avg,3,client_3.pt,0.14285714285714285,0.12845250964164734,0.1078171357512474
no_fusion_selection,vlm,bloodmnist_224,clip-vit-base-patch32,7,0.01,42,avg,4,client_4.pt,0.14285714285714285,0.10529229789972305,0.10506385564804077
no_fusion_selection,vlm,bloodmnist_224,clip-vit-base-patch32,7,0.01,42,avg,5,client_5.pt,0.14285714285714285,0.19798651337623596,0.18881335854530334
no_fusion_selection,vlm,bloodmnist_224,clip-vit-base-patch32,7,0.01,42,avg,6,client_6.pt,0.14285714285714285,0.20114775002002716,0.21976296603679657
no_fusion_selection,vlm,bloodmnist_224,clip-vit-base-patch32,7,0.1,42,avg,0,client_0.pt,0.14285714285714285,0.09805132448673248,0.08310762047767639
no_fusion_selection,vlm,bloodmnist_224,clip-vit-base-patch32,7,0.1,42,avg,1,client_1.pt,0.14285714285714285,0.1296255737543106,0.12858682870864868
no_fusion_selection,vlm,bloodmnist_224,clip-vit-base-patch32,7,0.1,42,avg,2,client_2.pt,0.14285714285714285,0.0921059101819992,0.07628528028726578
no_fusion_selection,vlm,bloodmnist_224,clip-vit-base-patch32,7,0.1,42,avg,3,client_3.pt,0.14285714285714285,0.10691216588020325,0.10940088331699371
no_fusion_selection,vlm,bloodmnist_224,clip-vit-base-patch32,7,0.1,42,avg,4,client_4.pt,0.14285714285714285,0.09818200021982193,0.0828888937830925
no_fusion_selection,vlm,bloodmnist_224,clip-vit-base-patch32,7,0.1,42,avg,5,client_5.pt,0.14285714285714285,0.2279510796070099,0.249266117811203
no_fusion_selection,vlm,bloodmnist_224,clip-vit-base-patch32,7,0.1,42,avg,6,client_6.pt,0.14285714285714285,0.24717190861701965,0.27046433091163635
no_fusion_selection,vlm,chaoshengmnist_224,clip-vit-base-patch32,3,0.0,42,avg,0,client_0.pt,0.3333333333333333,0.13041356205940247,0.10337328910827637
no_fusion_selection,vlm,chaoshengmnist_224,clip-vit-base-patch32,3,0.0,42,avg,1,client_1.pt,0.3333333333333333,0.7132624983787537,0.7562639117240906
no_fusion_selection,vlm,chaoshengmnist_224,clip-vit-base-patch32,3,0.0,42,avg,2,client_2.pt,0.3333333333333333,0.15632390975952148,0.1403627246618271
no_fusion_selection,vlm,chaoshengmnist_224,clip-vit-base-patch32,3,0.01,42,avg,0,client_0.pt,0.3333333333333333,0.08388666063547134,0.060473278164863586
no_fusion_selection,vlm,chaoshengmnist_224,clip-vit-base-patch32,3,0.01,42,avg,1,client_1.pt,0.3333333333333333,0.8169366717338562,0.8573386669158936
no_fusion_selection,vlm,chaoshengmnist_224,clip-vit-base-patch32,3,0.01,42,avg,2,client_2.pt,0.3333333333333333,0.09917667508125305,0.08218800276517868
no_fusion_selection,vlm,chaoshengmnist_224,clip-vit-base-patch32,3,0.1,42,avg,0,client_0.pt,0.3333333333333333,0.2516798973083496,0.23116621375083923
no_fusion_selection,vlm,chaoshengmnist_224,clip-vit-base-patch32,3,0.1,42,avg,1,client_1.pt,0.3333333333333333,0.4965587258338928,0.5375938415527344
no_fusion_selection,vlm,chaoshengmnist_224,clip-vit-base-patch32,3,0.1,42,avg,2,client_2.pt,0.3333333333333333,0.25176137685775757,0.23123988509178162
no_fusion_selection,vlm,chaoshengmnist_224,clip-vit-base-patch32,5,0.0,42,avg,0,client_0.pt,0.2,0.07519005239009857,0.056809261441230774
no_fusion_selection,vlm,chaoshengmnist_224,clip-vit-base-patch32,5,0.0,42,avg,1,client_1.pt,0.2,0.07558870315551758,0.05710592120885849
no_fusion_selection,vlm,chaoshengmnist_224,clip-vit-base-patch32,5,0.0,42,avg,2,client_2.pt,0.2,0.7021230459213257,0.7749085426330566
no_fusion_selection,vlm,chaoshengmnist_224,clip-vit-base-patch32,5,0.0,42,avg,3,client_3.pt,0.2,0.07354909926652908,0.05558811500668526
no_fusion_selection,vlm,chaoshengmnist_224,clip-vit-base-patch32,5,0.0,42,avg,4,client_4.pt,0.2,0.07354909926652908,0.05558811128139496
no_fusion_selection,vlm,chaoshengmnist_224,clip-vit-base-patch32,5,0.01,42,avg,0,client_0.pt,0.2,0.11870773136615753,0.09658191353082657
no_fusion_selection,vlm,chaoshengmnist_224,clip-vit-base-patch32,5,0.01,42,avg,1,client_1.pt,0.2,0.31950604915618896,0.33861562609672546
no_fusion_selection,vlm,chaoshengmnist_224,clip-vit-base-patch32,5,0.01,42,avg,2,client_2.pt,0.2,0.10284755378961563,0.08384998142719269
no_fusion_selection,vlm,chaoshengmnist_224,clip-vit-base-patch32,5,0.01,42,avg,3,client_3.pt,0.2,0.31950604915618896,0.33861562609672546
no_fusion_selection,vlm,chaoshengmnist_224,clip-vit-base-patch32,5,0.01,42,avg,4,client_4.pt,0.2,0.1394326090812683,0.1423368901014328
no_fusion_selection,vlm,chaoshengmnist_224,clip-vit-base-patch32,5,0.1,42,avg,0,client_0.pt,0.2,0.08658687770366669,0.06589062511920929
no_fusion_selection,vlm,chaoshengmnist_224,clip-vit-base-patch32,5,0.1,42,avg,1,client_1.pt,0.2,0.07270300388336182,0.05546008050441742
no_fusion_selection,vlm,chaoshengmnist_224,clip-vit-base-patch32,5,0.1,42,avg,2,client_2.pt,0.2,0.07163266837596893,0.05465597286820412
no_fusion_selection,vlm,chaoshengmnist_224,clip-vit-base-patch32,5,0.1,42,avg,3,client_3.pt,0.2,0.697270393371582,0.7692062854766846
no_fusion_selection,vlm,chaoshengmnist_224,clip-vit-base-patch32,5,0.1,42,avg,4,client_4.pt,0.2,0.07180710881948471,0.05478702485561371
no_fusion_selection,vlm,chaoshengmnist_224,clip-vit-base-patch32,7,0.0,42,avg,0,client_0.pt,0.14285714285714285,0.48443958163261414,0.5408892631530762
no_fusion_selection,vlm,chaoshengmnist_224,clip-vit-base-patch32,7,0.0,42,avg,1,client_1.pt,0.14285714285714285,0.17875392735004425,0.1793864369392395
no_fusion_selection,vlm,chaoshengmnist_224,clip-vit-base-patch32,7,0.0,42,avg,2,client_2.pt,0.14285714285714285,0.0698796734213829,0.05380051210522652
no_fusion_selection,vlm,chaoshengmnist_224,clip-vit-base-patch32,7,0.0,42,avg,3,client_3.pt,0.14285714285714285,0.05744800344109535,0.04435072839260101
no_fusion_selection,vlm,chaoshengmnist_224,clip-vit-base-patch32,7,0.0,42,avg,4,client_4.pt,0.14285714285714285,0.05750036612153053,0.04439053311944008
no_fusion_selection,vlm,chaoshengmnist_224,clip-vit-base-patch32,7,0.0,42,avg,5,client_5.pt,0.14285714285714285,0.09453047811985016,0.09283178299665451
no_fusion_selection,vlm,chaoshengmnist_224,clip-vit-base-patch32,7,0.0,42,avg,6,client_6.pt,0.14285714285714285,0.05744800344109535,0.04435072839260101
no_fusion_selection,vlm,chaoshengmnist_224,clip-vit-base-patch32,7,0.01,42,avg,0,client_0.pt,0.14285714285714285,0.07654979825019836,0.0637197345495224
no_fusion_selection,vlm,chaoshengmnist_224,clip-vit-base-patch32,7,0.01,42,avg,1,client_1.pt,0.14285714285714285,0.07405490428209305,0.06167392432689667
no_fusion_selection,vlm,chaoshengmnist_224,clip-vit-base-patch32,7,0.01,42,avg,2,client_2.pt,0.14285714285714285,0.3331599533557892,0.3597223162651062
no_fusion_selection,vlm,chaoshengmnist_224,clip-vit-base-patch32,7,0.01,42,avg,3,client_3.pt,0.14285714285714285,0.12186624109745026,0.12910018861293793
no_fusion_selection,vlm,chaoshengmnist_224,clip-vit-base-patch32,7,0.01,42,avg,4,client_4.pt,0.14285714285714285,0.08988665044307709,0.07465597242116928
no_fusion_selection,vlm,chaoshengmnist_224,clip-vit-base-patch32,7,0.01,42,avg,5,client_5.pt,0.14285714285714285,0.07405495643615723,0.06167397275567055
no_fusion_selection,vlm,chaoshengmnist_224,clip-vit-base-patch32,7,0.01,42,avg,6,client_6.pt,0.14285714285714285,0.2304275631904602,0.24945394694805145
no_fusion_selection,vlm,chaoshengmnist_224,clip-vit-base-patch32,7,0.1,42,avg,0,client_0.pt,0.14285714285714285,0.0638376846909523,0.05013716220855713
no_fusion_selection,vlm,chaoshengmnist_224,clip-vit-base-patch32,7,0.1,42,avg,1,client_1.pt,0.14285714285714285,0.0800166204571724,0.06264836341142654
no_fusion_selection,vlm,chaoshengmnist_224,clip-vit-base-patch32,7,0.1,42,avg,2,client_2.pt,0.14285714285714285,0.1050250232219696,0.10492745786905289
no_fusion_selection,vlm,chaoshengmnist_224,clip-vit-base-patch32,7,0.1,42,avg,3,client_3.pt,0.14285714285714285,0.08610501885414124,0.06735653430223465
no_fusion_selection,vlm,chaoshengmnist_224,clip-vit-base-patch32,7,0.1,42,avg,4,client_4.pt,0.14285714285714285,0.0638376846909523,0.05013715848326683
no_fusion_selection,vlm,chaoshengmnist_224,clip-vit-base-patch32,7,0.1,42,avg,5,client_5.pt,0.14285714285714285,0.06449782103300095,0.05064764618873596
no_fusion_selection,vlm,chaoshengmnist_224,clip-vit-base-patch32,7,0.1,42,avg,6,client_6.pt,0.14285714285714285,0.5366801619529724,0.6141456961631775
no_fusion_selection,vlm,dermamnist_224,clip-vit-base-patch32,3,0.0,42,avg,0,client_0.pt,0.3333333333333333,0.13519081473350525,0.12922106683254242
no_fusion_selection,vlm,dermamnist_224,clip-vit-base-patch32,3,0.0,42,avg,1,client_1.pt,0.3333333333333333,0.15801486372947693,0.17498114705085754
no_fusion_selection,vlm,dermamnist_224,clip-vit-base-patch32,3,0.0,42,avg,2,client_2.pt,0.3333333333333333,0.7067943215370178,0.6957977414131165
no_fusion_selection,vlm,dermamnist_224,clip-vit-base-patch32,3,0.01,42,avg,0,client_0.pt,0.3333333333333333,0.15041671693325043,0.14428894221782684
no_fusion_selection,vlm,dermamnist_224,clip-vit-base-patch32,3,0.01,42,avg,1,client_1.pt,0.3333333333333333,0.6712838411331177,0.6473193764686584
no_fusion_selection,vlm,dermamnist_224,clip-vit-base-patch32,3,0.01,42,avg,2,client_2.pt,0.3333333333333333,0.1782994419336319,0.20839165151119232
no_fusion_selection,vlm,dermamnist_224,clip-vit-base-patch32,3,0.1,42,avg,0,client_0.pt,0.3333333333333333,0.45631736516952515,0.47071993350982666
no_fusion_selection,vlm,dermamnist_224,clip-vit-base-patch32,3,0.1,42,avg,1,client_1.pt,0.3333333333333333,0.4562513530254364,0.45178529620170593
no_fusion_selection,vlm,dermamnist_224,clip-vit-base-patch32,3,0.1,42,avg,2,client_2.pt,0.3333333333333333,0.08743125945329666,0.07749480754137039
no_fusion_selection,vlm,dermamnist_224,clip-vit-base-patch32,5,0.0,42,avg,0,client_0.pt,0.2,0.5265865325927734,0.5030324459075928
no_fusion_selection,vlm,dermamnist_224,clip-vit-base-patch32,5,0.0,42,avg,1,client_1.pt,0.2,0.11348612606525421,0.1221826896071434
no_fusion_selection,vlm,dermamnist_224,clip-vit-base-patch32,5,0.0,42,avg,2,client_2.pt,0.2,0.12943820655345917,0.14053058624267578
no_fusion_selection,vlm,dermamnist_224,clip-vit-base-patch32,5,0.0,42,avg,3,client_3.pt,0.2,0.10105093568563461,0.09372377395629883
no_fusion_selection,vlm,dermamnist_224,clip-vit-base-patch32,5,0.0,42,avg,4,client_4.pt,0.2,0.12943820655345917,0.14053058624267578
no_fusion_selection,vlm,dermamnist_224,clip-vit-base-patch32,5,0.01,42,avg,0,client_0.pt,0.2,0.12329740077257156,0.14016272127628326
no_fusion_selection,vlm,dermamnist_224,clip-vit-base-patch32,5,0.01,42,avg,1,client_1.pt,0.2,0.1218443214893341,0.12634393572807312
no_fusion_selection,vlm,dermamnist_224,clip-vit-base-patch32,5,0.01,42,avg,2,client_2.pt,0.2,0.0951000526547432,0.084248386323452
no_fusion_selection,vlm,dermamnist_224,clip-vit-base-patch32,5,0.01,42,avg,3,client_3.pt,0.2,0.1218443214893341,0.12634393572807312
no_fusion_selection,vlm,dermamnist_224,clip-vit-base-patch32,5,0.01,42,avg,4,client_4.pt,0.2,0.5379139184951782,0.5229010581970215
no_fusion_selection,vlm,dermamnist_224,clip-vit-base-patch32,5,0.1,42,avg,0,client_0.pt,0.2,0.07932398468255997,0.08543916791677475
no_fusion_selection,vlm,dermamnist_224,clip-vit-base-patch32,5,0.1,42,avg,1,client_1.pt,0.2,0.3125876188278198,0.30996739864349365
no_fusion_selection,vlm,dermamnist_224,clip-vit-base-patch32,5,0.1,42,avg,2,client_2.pt,0.2,0.07449384033679962,0.08119369298219681
no_fusion_selection,vlm,dermamnist_224,clip-vit-base-patch32,5,0.1,42,avg,3,client_3.pt,0.2,0.29726916551589966,0.29268741607666016
no_fusion_selection,vlm,dermamnist_224,clip-vit-base-patch32,5,0.1,42,avg,4,client_4.pt,0.2,0.23632536828517914,0.23071230947971344
no_fusion_selection,vlm,dermamnist_224,clip-vit-base-patch32,7,0.0,42,avg,0,client_0.pt,0.14285714285714285,0.10174614191055298,0.10825754702091217
no_fusion_selection,vlm,dermamnist_224,clip-vit-base-patch32,7,0.0,42,avg,1,client_1.pt,0.14285714285714285,0.09926789253950119,0.1071118637919426
no_fusion_selection,vlm,dermamnist_224,clip-vit-base-patch32,7,0.0,42,avg,2,client_2.pt,0.14285714285714285,0.10174614191055298,0.10825754702091217
no_fusion_selection,vlm,dermamnist_224,clip-vit-base-patch32,7,0.0,42,avg,3,client_3.pt,0.14285714285714285,0.0794919803738594,0.07224535197019577
no_fusion_selection,vlm,dermamnist_224,clip-vit-base-patch32,7,0.0,42,avg,4,client_4.pt,0.14285714285714285,0.10174614191055298,0.10825754702091217
no_fusion_selection,vlm,dermamnist_224,clip-vit-base-patch32,7,0.0,42,avg,5,client_5.pt,0.14285714285714285,0.4142555296421051,0.3876126706600189
no_fusion_selection,vlm,dermamnist_224,clip-vit-base-patch32,7,0.0,42,avg,6,client_6.pt,0.14285714285714285,0.10174614191055298,0.10825754702091217
no_fusion_selection,vlm,dermamnist_224,clip-vit-base-patch32,7,0.01,42,avg,0,client_0.pt,0.14285714285714285,0.07760749012231827,0.08464108407497406
no_fusion_selection,vlm,dermamnist_224,clip-vit-base-patch32,7,0.01,42,avg,1,client_1.pt,0.14285714285714285,0.07760749012231827,0.08464108407497406
no_fusion_selection,vlm,dermamnist_224,clip-vit-base-patch32,7,0.01,42,avg,2,client_2.pt,0.14285714285714285,0.0605904757976532,0.05645201355218887
no_fusion_selection,vlm,dermamnist_224,clip-vit-base-patch32,7,0.01,42,avg,3,client_3.pt,0.14285714285714285,0.07760749012231827,0.08464108407497406
no_fusion_selection,vlm,dermamnist_224,clip-vit-base-patch32,7,0.01,42,avg,4,client_4.pt,0.14285714285714285,0.3156765401363373,0.30297061800956726
no_fusion_selection,vlm,dermamnist_224,clip-vit-base-patch32,7,0.01,42,avg,5,client_5.pt,0.14285714285714285,0.31597331166267395,0.3030533194541931
no_fusion_selection,vlm,dermamnist_224,clip-vit-base-patch32,7,0.01,42,avg,6,client_6.pt,0.14285714285714285,0.07493722438812256,0.08360086381435394
no_fusion_selection,vlm,dermamnist_224,clip-vit-base-patch32,7,0.1,42,avg,0,client_0.pt,0.14285714285714285,0.06760632991790771,0.07891319692134857
no_fusion_selection,vlm,dermamnist_224,clip-vit-base-patch32,7,0.1,42,avg,1,client_1.pt,0.14285714285714285,0.25138184428215027,0.24066321551799774
no_fusion_selection,vlm,dermamnist_224,clip-vit-base-patch32,7,0.1,42,avg,2,client_2.pt,0.14285714285714285,0.04875219240784645,0.04525396600365639
no_fusion_selection,vlm,dermamnist_224,clip-vit-base-patch32,7,0.1,42,avg,3,client_3.pt,0.14285714285714285,0.25028449296951294,0.24151989817619324
no_fusion_selection,vlm,dermamnist_224,clip-vit-base-patch32,7,0.1,42,avg,4,client_4.pt,0.14285714285714285,0.07062123715877533,0.07815583795309067
no_fusion_selection,vlm,dermamnist_224,clip-vit-base-patch32,7,0.1,42,avg,5,client_5.pt,0.14285714285714285,0.24954353272914886,0.24827840924263
no_fusion_selection,vlm,dermamnist_224,clip-vit-base-patch32,7,0.1,42,avg,6,client_6.pt,0.14285714285714285,0.06181034818291664,0.06721548736095428
no_fusion_selection,vlm,organcmnist_224,clip-vit-base-patch32,3,0.0,42,avg,0,client_0.pt,0.3333333333333333,0.3171291649341583,0.3125113546848297
no_fusion_selection,vlm,organcmnist_224,clip-vit-base-patch32,3,0.0,42,avg,1,client_1.pt,0.3333333333333333,0.437377393245697,0.4728730618953705
no_fusion_selection,vlm,organcmnist_224,clip-vit-base-patch32,3,0.0,42,avg,2,client_2.pt,0.3333333333333333,0.24549347162246704,0.214615598320961
no_fusion_selection,vlm,organcmnist_224,clip-vit-base-patch32,3,0.01,42,avg,0,client_0.pt,0.3333333333333333,0.4644376337528229,0.49657225608825684
no_fusion_selection,vlm,organcmnist_224,clip-vit-base-patch32,3,0.01,42,avg,1,client_1.pt,0.3333333333333333,0.20156481862068176,0.18622665107250214
no_fusion_selection,vlm,organcmnist_224,clip-vit-base-patch32,3,0.01,42,avg,2,client_2.pt,0.3333333333333333,0.33399757742881775,0.31720107793807983
no_fusion_selection,vlm,organcmnist_224,clip-vit-base-patch32,3,0.1,42,avg,0,client_0.pt,0.3333333333333333,0.30795562267303467,0.2872958183288574
no_fusion_selection,vlm,organcmnist_224,clip-vit-base-patch32,3,0.1,42,avg,1,client_1.pt,0.3333333333333333,0.31834492087364197,0.35248902440071106
no_fusion_selection,vlm,organcmnist_224,clip-vit-base-patch32,3,0.1,42,avg,2,client_2.pt,0.3333333333333333,0.373699426651001,0.36021512746810913
no_fusion_selection,vlm,organcmnist_224,clip-vit-base-patch32,5,0.0,42,avg,0,client_0.pt,0.2,0.38244855403900146,0.4510776996612549
no_fusion_selection,vlm,organcmnist_224,clip-vit-base-patch32,5,0.0,42,avg,1,client_1.pt,0.2,0.2031344771385193,0.22232230007648468
no_fusion_selection,vlm,organcmnist_224,clip-vit-base-patch32,5,0.0,42,avg,2,client_2.pt,0.2,0.13379605114459991,0.10997825860977173
no_fusion_selection,vlm,organcmnist_224,clip-vit-base-patch32,5,0.0,42,avg,3,client_3.pt,0.2,0.15402457118034363,0.131596177816391
no_fusion_selection,vlm,organcmnist_224,clip-vit-base-patch32,5,0.0,42,avg,4,client_4.pt,0.2,0.12659631669521332,0.08502549678087234
no_fusion_selection,vlm,organcmnist_224,clip-vit-base-patch32,5,0.01,42,avg,0,client_0.pt,0.2,0.1459532082080841,0.10641917586326599
no_fusion_selection,vlm,organcmnist_224,clip-vit-base-patch32,5,0.01,42,avg,1,client_1.pt,0.2,0.20627477765083313,0.208527609705925
no_fusion_selection,vlm,organcmnist_224,clip-vit-base-patch32,5,0.01,42,avg,2,client_2.pt,0.2,0.21001854538917542,0.2153565138578415
no_fusion_selection,vlm,organcmnist_224,clip-vit-base-patch32,5,0.01,42,avg,3,client_3.pt,0.2,0.2276681810617447,0.26077786087989807
no_fusion_selection,vlm,organcmnist_224,clip-vit-base-patch32,5,0.01,42,avg,4,client_4.pt,0.2,0.21008528769016266,0.20891880989074707
no_fusion_selection,vlm,organcmnist_224,clip-vit-base-patch32,5,0.1,42,avg,0,client_0.pt,0.2,0.1932026445865631,0.17944735288619995
no_fusion_selection,vlm,organcmnist_224,clip-vit-base-patch32,5,0.1,42,avg,1,client_1.pt,0.2,0.22392967343330383,0.21598325669765472
no_fusion_selection,vlm,organcmnist_224,clip-vit-base-patch32,5,0.1,42,avg,2,client_2.pt,0.2,0.17933663725852966,0.1656164824962616
no_fusion_selection,vlm,organcmnist_224,clip-vit-base-patch32,5,0.1,42,avg,3,client_3.pt,0.2,0.1374761313199997,0.13954469561576843
no_fusion_selection,vlm,organcmnist_224,clip-vit-base-patch32,5,0.1,42,avg,4,client_4.pt,0.2,0.2660549283027649,0.2994081974029541
no_fusion_selection,vlm,organcmnist_224,clip-vit-base-patch32,7,0.0,42,avg,0,client_0.pt,0.14285714285714285,0.19744053483009338,0.23089054226875305
no_fusion_selection,vlm,organcmnist_224,clip-vit-base-patch32,7,0.0,42,avg,1,client_1.pt,0.14285714285714285,0.17769311368465424,0.21905000507831573
no_fusion_selection,vlm,organcmnist_224,clip-vit-base-patch32,7,0.0,42,avg,2,client_2.pt,0.14285714285714285,0.09835845977067947,0.07697077095508575
no_fusion_selection,vlm,organcmnist_224,clip-vit-base-patch32,7,0.0,42,avg,3,client_3.pt,0.14285714285714285,0.21287378668785095,0.22418828308582306
no_fusion_selection,vlm,organcmnist_224,clip-vit-base-patch32,7,0.0,42,avg,4,client_4.pt,0.14285714285714285,0.1026356890797615,0.06912839412689209
no_fusion_selection,vlm,organcmnist_224,clip-vit-base-patch32,7,0.0,42,avg,5,client_5.pt,0.14285714285714285,0.1276048868894577,0.11550415307283401
no_fusion_selection,vlm,organcmnist_224,clip-vit-base-patch32,7,0.0,42,avg,6,client_6.pt,0.14285714285714285,0.08339343965053558,0.06426788121461868
no_fusion_selection,vlm,organcmnist_224,clip-vit-base-patch32,7,0.01,42,avg,0,client_0.pt,0.14285714285714285,0.16189461946487427,0.18042266368865967
no_fusion_selection,vlm,organcmnist_224,clip-vit-base-patch32,7,0.01,42,avg,1,client_1.pt,0.14285714285714285,0.13118061423301697,0.11329089850187302
no_fusion_selection,vlm,organcmnist_224,clip-vit-base-patch32,7,0.01,42,avg,2,client_2.pt,0.14285714285714285,0.18849033117294312,0.1863049864768982
no_fusion_selection,vlm,organcmnist_224,clip-vit-base-patch32,7,0.01,42,avg,3,client_3.pt,0.14285714285714285,0.09437841922044754,0.07131453603506088
no_fusion_selection,vlm,organcmnist_224,clip-vit-base-patch32,7,0.01,42,avg,4,client_4.pt,0.14285714285714285,0.14624850451946259,0.17384421825408936
no_fusion_selection,vlm,organcmnist_224,clip-vit-base-patch32,7,0.01,42,avg,5,client_5.pt,0.14285714285714285,0.18347802758216858,0.20355266332626343
no_fusion_selection,vlm,organcmnist_224,clip-vit-base-patch32,7,0.01,42,avg,6,client_6.pt,0.14285714285714285,0.09432945400476456,0.07127001881599426
no_fusion_selection,vlm,organcmnist_224,clip-vit-base-patch32,7,0.1,42,avg,0,client_0.pt,0.14285714285714285,0.14793066680431366,0.1396326720714569
no_fusion_selection,vlm,organcmnist_224,clip-vit-base-patch32,7,0.1,42,avg,1,client_1.pt,0.14285714285714285,0.1610889434814453,0.1703616976737976
no_fusion_selection,vlm,organcmnist_224,clip-vit-base-patch32,7,0.1,42,avg,2,client_2.pt,0.14285714285714285,0.13422149419784546,0.13563835620880127
no_fusion_selection,vlm,organcmnist_224,clip-vit-base-patch32,7,0.1,42,avg,3,client_3.pt,0.14285714285714285,0.19011712074279785,0.20417138934135437
no_fusion_selection,vlm,organcmnist_224,clip-vit-base-patch32,7,0.1,42,avg,4,client_4.pt,0.14285714285714285,0.10487104207277298,0.08860388398170471
no_fusion_selection,vlm,organcmnist_224,clip-vit-base-patch32,7,0.1,42,avg,5,client_5.pt,0.14285714285714285,0.10376866906881332,0.1099562719464302
no_fusion_selection,vlm,organcmnist_224,clip-vit-base-patch32,7,0.1,42,avg,6,client_6.pt,0.14285714285714285,0.1580020636320114,0.1516357958316803
no_fusion_selection,vlm,organsmnist_224,clip-vit-base-patch32,3,0.0,42,avg,0,client_0.pt,0.3333333333333333,0.3424932360649109,0.36950817704200745
no_fusion_selection,vlm,organsmnist_224,clip-vit-base-patch32,3,0.0,42,avg,1,client_1.pt,0.3333333333333333,0.33635228872299194,0.37776827812194824
no_fusion_selection,vlm,organsmnist_224,clip-vit-base-patch32,3,0.0,42,avg,2,client_2.pt,0.3333333333333333,0.3211544454097748,0.2527236044406891
no_fusion_selection,vlm,organsmnist_224,clip-vit-base-patch32,3,0.01,42,avg,0,client_0.pt,0.3333333333333333,0.2802393138408661,0.3145986497402191
no_fusion_selection,vlm,organsmnist_224,clip-vit-base-patch32,3,0.01,42,avg,1,client_1.pt,0.3333333333333333,0.38229072093963623,0.38534754514694214
no_fusion_selection,vlm,organsmnist_224,clip-vit-base-patch32,3,0.01,42,avg,2,client_2.pt,0.3333333333333333,0.3374699652194977,0.3000538945198059
no_fusion_selection,vlm,organsmnist_224,clip-vit-base-patch32,3,0.1,42,avg,0,client_0.pt,0.3333333333333333,0.2942803204059601,0.28786489367485046
no_fusion_selection,vlm,organsmnist_224,clip-vit-base-patch32,3,0.1,42,avg,1,client_1.pt,0.3333333333333333,0.41198691725730896,0.40580281615257263
no_fusion_selection,vlm,organsmnist_224,clip-vit-base-patch32,3,0.1,42,avg,2,client_2.pt,0.3333333333333333,0.29373279213905334,0.3063322901725769
no_fusion_selection,vlm,organsmnist_224,clip-vit-base-patch32,5,0.0,42,avg,0,client_0.pt,0.2,0.30430516600608826,0.39749130606651306
no_fusion_selection,vlm,organsmnist_224,clip-vit-base-patch32,5,0.0,42,avg,1,client_1.pt,0.2,0.14119267463684082,0.15223056077957153
no_fusion_selection,vlm,organsmnist_224,clip-vit-base-patch32,5,0.0,42,avg,2,client_2.pt,0.2,0.17175789177417755,0.1578928828239441
no_fusion_selection,vlm,organsmnist_224,clip-vit-base-patch32,5,0.0,42,avg,3,client_3.pt,0.2,0.212086021900177,0.16982793807983398
no_fusion_selection,vlm,organsmnist_224,clip-vit-base-patch32,5,0.0,42,avg,4,client_4.pt,0.2,0.17065829038619995,0.12255730479955673
no_fusion_selection,vlm,organsmnist_224,clip-vit-base-patch32,5,0.01,42,avg,0,client_0.pt,0.2,0.14367076754570007,0.11602720618247986
no_fusion_selection,vlm,organsmnist_224,clip-vit-base-patch32,5,0.01,42,avg,1,client_1.pt,0.2,0.17006242275238037,0.23215700685977936
no_fusion_selection,vlm,organsmnist_224,clip-vit-base-patch32,5,0.01,42,avg,2,client_2.pt,0.2,0.16241344809532166,0.1337612122297287
no_fusion_selection,vlm,organsmnist_224,clip-vit-base-patch32,5,0.01,42,avg,3,client_3.pt,0.2,0.29264524579048157,0.3100752830505371
no_fusion_selection,vlm,organsmnist_224,clip-vit-base-patch32,5,0.01,42,avg,4,client_4.pt,0.2,0.23120813071727753,0.20797929167747498
no_fusion_selection,vlm,organsmnist_224,clip-vit-base-patch32,5,0.1,42,avg,0,client_0.pt,0.2,0.2231309711933136,0.24918939173221588
no_fusion_selection,vlm,organsmnist_224,clip-vit-base-patch32,5,0.1,42,avg,1,client_1.pt,0.2,0.10701432079076767,0.06887086480855942
no_fusion_selection,vlm,organsmnist_224,clip-vit-base-patch32,5,0.1,42,avg,2,client_2.pt,0.2,0.18816301226615906,0.1847037672996521
no_fusion_selection,vlm,organsmnist_224,clip-vit-base-patch32,5,0.1,42,avg,3,client_3.pt,0.2,0.22556665539741516,0.24355077743530273
no_fusion_selection,vlm,organsmnist_224,clip-vit-base-patch32,5,0.1,42,avg,4,client_4.pt,0.2,0.2561250627040863,0.25368520617485046
no_fusion_selection,vlm,organsmnist_224,clip-vit-base-patch32,7,0.0,42,avg,0,client_0.pt,0.14285714285714285,0.21797887980937958,0.2722069323062897
no_fusion_selection,vlm,organsmnist_224,clip-vit-base-patch32,7,0.0,42,avg,1,client_1.pt,0.14285714285714285,0.1981852501630783,0.1956436187028885
no_fusion_selection,vlm,organsmnist_224,clip-vit-base-patch32,7,0.0,42,avg,2,client_2.pt,0.14285714285714285,0.14871671795845032,0.1237393394112587
no_fusion_selection,vlm,organsmnist_224,clip-vit-base-patch32,7,0.0,42,avg,3,client_3.pt,0.14285714285714285,0.14875291287899017,0.182760089635849
no_fusion_selection,vlm,organsmnist_224,clip-vit-base-patch32,7,0.0,42,avg,4,client_4.pt,0.14285714285714285,0.11956597119569778,0.08630084246397018
no_fusion_selection,vlm,organsmnist_224,clip-vit-base-patch32,7,0.0,42,avg,5,client_5.pt,0.14285714285714285,0.08014527708292007,0.06878650933504105
no_fusion_selection,vlm,organsmnist_224,clip-vit-base-patch32,7,0.0,42,avg,6,client_6.pt,0.14285714285714285,0.08665502071380615,0.07056264579296112
no_fusion_selection,vlm,organsmnist_224,clip-vit-base-patch32,7,0.01,42,avg,0,client_0.pt,0.14285714285714285,0.17233794927597046,0.19807225465774536
no_fusion_selection,vlm,organsmnist_224,clip-vit-base-patch32,7,0.01,42,avg,1,client_1.pt,0.14285714285714285,0.08114809542894363,0.06476398557424545
no_fusion_selection,vlm,organsmnist_224,clip-vit-base-patch32,7,0.01,42,avg,2,client_2.pt,0.14285714285714285,0.13925664126873016,0.12324592471122742
no_fusion_selection,vlm,organsmnist_224,clip-vit-base-patch32,7,0.01,42,avg,3,client_3.pt,0.14285714285714285,0.1785448044538498,0.1332070231437683
no_fusion_selection,vlm,organsmnist_224,clip-vit-base-patch32,7,0.01,42,avg,4,client_4.pt,0.14285714285714285,0.11897774785757065,0.12377826124429703
no_fusion_selection,vlm,organsmnist_224,clip-vit-base-patch32,7,0.01,42,avg,5,client_5.pt,0.14285714285714285,0.21759802103042603,0.25582292675971985
no_fusion_selection,vlm,organsmnist_224,clip-vit-base-patch32,7,0.01,42,avg,6,client_6.pt,0.14285714285714285,0.09213664382696152,0.10110963881015778
no_fusion_selection,vlm,organsmnist_224,clip-vit-base-patch32,7,0.1,42,avg,0,client_0.pt,0.14285714285714285,0.18192462623119354,0.16162489354610443
no_fusion_selection,vlm,organsmnist_224,clip-vit-base-patch32,7,0.1,42,avg,1,client_1.pt,0.14285714285714285,0.08579277247190475,0.0657886415719986
no_fusion_selection,vlm,organsmnist_224,clip-vit-base-patch32,7,0.1,42,avg,2,client_2.pt,0.14285714285714285,0.1954536736011505,0.1999724954366684
no_fusion_selection,vlm,organsmnist_224,clip-vit-base-patch32,7,0.1,42,avg,3,client_3.pt,0.14285714285714285,0.09693469852209091,0.09690921753644943
no_fusion_selection,vlm,organsmnist_224,clip-vit-base-patch32,7,0.1,42,avg,4,client_4.pt,0.14285714285714285,0.19086474180221558,0.21689701080322266
no_fusion_selection,vlm,organsmnist_224,clip-vit-base-patch32,7,0.1,42,avg,5,client_5.pt,0.14285714285714285,0.07140953093767166,0.062246985733509064
no_fusion_selection,vlm,organsmnist_224,clip-vit-base-patch32,7,0.1,42,avg,6,client_6.pt,0.14285714285714285,0.17761997878551483,0.19656075537204742
avg_only,small,bloodmnist_224,convnext,3,0.0,42,avg,0,client_0.pt,0.3333333333333333,,
avg_only,small,bloodmnist_224,convnext,3,0.0,42,avg,1,client_1.pt,0.3333333333333333,,
avg_only,small,bloodmnist_224,convnext,3,0.0,42,avg,2,client_2.pt,0.3333333333333333,,
avg_only,small,bloodmnist_224,convnext,3,0.01,42,avg,0,client_0.pt,0.3333333333333333,,
avg_only,small,bloodmnist_224,convnext,3,0.01,42,avg,1,client_1.pt,0.3333333333333333,,
avg_only,small,bloodmnist_224,convnext,3,0.01,42,avg,2,client_2.pt,0.3333333333333333,,
avg_only,small,bloodmnist_224,convnext,3,0.1,42,avg,0,client_0.pt,0.3333333333333333,,
avg_only,small,bloodmnist_224,convnext,3,0.1,42,avg,1,client_1.pt,0.3333333333333333,,
avg_only,small,bloodmnist_224,convnext,3,0.1,42,avg,2,client_2.pt,0.3333333333333333,,
avg_only,small,bloodmnist_224,convnext,5,0.0,42,avg,0,client_0.pt,0.2,,
avg_only,small,bloodmnist_224,convnext,5,0.0,42,avg,1,client_1.pt,0.2,,
avg_only,small,bloodmnist_224,convnext,5,0.0,42,avg,2,client_2.pt,0.2,,
avg_only,small,bloodmnist_224,convnext,5,0.0,42,avg,3,client_3.pt,0.2,,
avg_only,small,bloodmnist_224,convnext,5,0.0,42,avg,4,client_4.pt,0.2,,
avg_only,small,bloodmnist_224,convnext,5,0.01,42,avg,0,client_0.pt,0.2,,
avg_only,small,bloodmnist_224,convnext,5,0.01,42,avg,1,client_1.pt,0.2,,
avg_only,small,bloodmnist_224,convnext,5,0.01,42,avg,2,client_2.pt,0.2,,
avg_only,small,bloodmnist_224,convnext,5,0.01,42,avg,3,client_3.pt,0.2,,
avg_only,small,bloodmnist_224,convnext,5,0.01,42,avg,4,client_4.pt,0.2,,
avg_only,small,bloodmnist_224,convnext,5,0.1,42,avg,0,client_0.pt,0.2,,
avg_only,small,bloodmnist_224,convnext,5,0.1,42,avg,1,client_1.pt,0.2,,
avg_only,small,bloodmnist_224,convnext,5,0.1,42,avg,2,client_2.pt,0.2,,
avg_only,small,bloodmnist_224,convnext,5,0.1,42,avg,3,client_3.pt,0.2,,
avg_only,small,bloodmnist_224,convnext,5,0.1,42,avg,4,client_4.pt,0.2,,
avg_only,small,bloodmnist_224,convnext,7,0.0,42,avg,0,client_0.pt,0.14285714285714285,,
avg_only,small,bloodmnist_224,convnext,7,0.0,42,avg,1,client_1.pt,0.14285714285714285,,
avg_only,small,bloodmnist_224,convnext,7,0.0,42,avg,2,client_2.pt,0.14285714285714285,,
avg_only,small,bloodmnist_224,convnext,7,0.0,42,avg,3,client_3.pt,0.14285714285714285,,
avg_only,small,bloodmnist_224,convnext,7,0.0,42,avg,4,client_4.pt,0.14285714285714285,,
avg_only,small,bloodmnist_224,convnext,7,0.0,42,avg,5,client_5.pt,0.14285714285714285,,
avg_only,small,bloodmnist_224,convnext,7,0.0,42,avg,6,client_6.pt,0.14285714285714285,,
avg_only,small,bloodmnist_224,convnext,7,0.01,42,avg,0,client_0.pt,0.14285714285714285,,
avg_only,small,bloodmnist_224,convnext,7,0.01,42,avg,1,client_1.pt,0.14285714285714285,,
avg_only,small,bloodmnist_224,convnext,7,0.01,42,avg,2,client_2.pt,0.14285714285714285,,
avg_only,small,bloodmnist_224,convnext,7,0.01,42,avg,3,client_3.pt,0.14285714285714285,,
avg_only,small,bloodmnist_224,convnext,7,0.01,42,avg,4,client_4.pt,0.14285714285714285,,
avg_only,small,bloodmnist_224,convnext,7,0.01,42,avg,5,client_5.pt,0.14285714285714285,,
avg_only,small,bloodmnist_224,convnext,7,0.01,42,avg,6,client_6.pt,0.14285714285714285,,
avg_only,small,bloodmnist_224,convnext,7,0.1,42,avg,0,client_0.pt,0.14285714285714285,,
avg_only,small,bloodmnist_224,convnext,7,0.1,42,avg,1,client_1.pt,0.14285714285714285,,
avg_only,small,bloodmnist_224,convnext,7,0.1,42,avg,2,client_2.pt,0.14285714285714285,,
avg_only,small,bloodmnist_224,convnext,7,0.1,42,avg,3,client_3.pt,0.14285714285714285,,
avg_only,small,bloodmnist_224,convnext,7,0.1,42,avg,4,client_4.pt,0.14285714285714285,,
avg_only,small,bloodmnist_224,convnext,7,0.1,42,avg,5,client_5.pt,0.14285714285714285,,
avg_only,small,bloodmnist_224,convnext,7,0.1,42,avg,6,client_6.pt,0.14285714285714285,,
avg_only,small,bloodmnist_224,resnet,3,0.0,42,avg,0,client_0.pt,0.3333333333333333,,
avg_only,small,bloodmnist_224,resnet,3,0.0,42,avg,1,client_1.pt,0.3333333333333333,,
avg_only,small,bloodmnist_224,resnet,3,0.0,42,avg,2,client_2.pt,0.3333333333333333,,
avg_only,small,bloodmnist_224,resnet,3,0.01,42,avg,0,client_0.pt,0.3333333333333333,,
avg_only,small,bloodmnist_224,resnet,3,0.01,42,avg,1,client_1.pt,0.3333333333333333,,
avg_only,small,bloodmnist_224,resnet,3,0.01,42,avg,2,client_2.pt,0.3333333333333333,,
avg_only,small,bloodmnist_224,resnet,3,0.1,42,avg,0,client_0.pt,0.3333333333333333,,
avg_only,small,bloodmnist_224,resnet,3,0.1,42,avg,1,client_1.pt,0.3333333333333333,,
avg_only,small,bloodmnist_224,resnet,3,0.1,42,avg,2,client_2.pt,0.3333333333333333,,
avg_only,small,bloodmnist_224,resnet,5,0.0,42,avg,0,client_0.pt,0.2,,
avg_only,small,bloodmnist_224,resnet,5,0.0,42,avg,1,client_1.pt,0.2,,
avg_only,small,bloodmnist_224,resnet,5,0.0,42,avg,2,client_2.pt,0.2,,
avg_only,small,bloodmnist_224,resnet,5,0.0,42,avg,3,client_3.pt,0.2,,
avg_only,small,bloodmnist_224,resnet,5,0.0,42,avg,4,client_4.pt,0.2,,
avg_only,small,bloodmnist_224,resnet,5,0.01,42,avg,0,client_0.pt,0.2,,
avg_only,small,bloodmnist_224,resnet,5,0.01,42,avg,1,client_1.pt,0.2,,
avg_only,small,bloodmnist_224,resnet,5,0.01,42,avg,2,client_2.pt,0.2,,
avg_only,small,bloodmnist_224,resnet,5,0.01,42,avg,3,client_3.pt,0.2,,
avg_only,small,bloodmnist_224,resnet,5,0.01,42,avg,4,client_4.pt,0.2,,
avg_only,small,bloodmnist_224,resnet,5,0.1,42,avg,0,client_0.pt,0.2,,
avg_only,small,bloodmnist_224,resnet,5,0.1,42,avg,1,client_1.pt,0.2,,
avg_only,small,bloodmnist_224,resnet,5,0.1,42,avg,2,client_2.pt,0.2,,
avg_only,small,bloodmnist_224,resnet,5,0.1,42,avg,3,client_3.pt,0.2,,
avg_only,small,bloodmnist_224,resnet,5,0.1,42,avg,4,client_4.pt,0.2,,
avg_only,small,bloodmnist_224,resnet,7,0.0,42,avg,0,client_0.pt,0.14285714285714285,,
avg_only,small,bloodmnist_224,resnet,7,0.0,42,avg,1,client_1.pt,0.14285714285714285,,
avg_only,small,bloodmnist_224,resnet,7,0.0,42,avg,2,client_2.pt,0.14285714285714285,,
avg_only,small,bloodmnist_224,resnet,7,0.0,42,avg,3,client_3.pt,0.14285714285714285,,
avg_only,small,bloodmnist_224,resnet,7,0.0,42,avg,4,client_4.pt,0.14285714285714285,,
avg_only,small,bloodmnist_224,resnet,7,0.0,42,avg,5,client_5.pt,0.14285714285714285,,
avg_only,small,bloodmnist_224,resnet,7,0.0,42,avg,6,client_6.pt,0.14285714285714285,,
avg_only,small,bloodmnist_224,resnet,7,0.01,42,avg,0,client_0.pt,0.14285714285714285,,
avg_only,small,bloodmnist_224,resnet,7,0.01,42,avg,1,client_1.pt,0.14285714285714285,,
avg_only,small,bloodmnist_224,resnet,7,0.01,42,avg,2,client_2.pt,0.14285714285714285,,
avg_only,small,bloodmnist_224,resnet,7,0.01,42,avg,3,client_3.pt,0.14285714285714285,,
avg_only,small,bloodmnist_224,resnet,7,0.01,42,avg,4,client_4.pt,0.14285714285714285,,
avg_only,small,bloodmnist_224,resnet,7,0.01,42,avg,5,client_5.pt,0.14285714285714285,,
avg_only,small,bloodmnist_224,resnet,7,0.01,42,avg,6,client_6.pt,0.14285714285714285,,
avg_only,small,bloodmnist_224,resnet,7,0.1,42,avg,0,client_0.pt,0.14285714285714285,,
avg_only,small,bloodmnist_224,resnet,7,0.1,42,avg,1,client_1.pt,0.14285714285714285,,
avg_only,small,bloodmnist_224,resnet,7,0.1,42,avg,2,client_2.pt,0.14285714285714285,,
avg_only,small,bloodmnist_224,resnet,7,0.1,42,avg,3,client_3.pt,0.14285714285714285,,
avg_only,small,bloodmnist_224,resnet,7,0.1,42,avg,4,client_4.pt,0.14285714285714285,,
avg_only,small,bloodmnist_224,resnet,7,0.1,42,avg,5,client_5.pt,0.14285714285714285,,
avg_only,small,bloodmnist_224,resnet,7,0.1,42,avg,6,client_6.pt,0.14285714285714285,,
avg_only,small,bloodmnist_224,swin_tiny,3,0.0,42,avg,0,client_0.pt,0.3333333333333333,,
avg_only,small,bloodmnist_224,swin_tiny,3,0.0,42,avg,1,client_1.pt,0.3333333333333333,,
avg_only,small,bloodmnist_224,swin_tiny,3,0.0,42,avg,2,client_2.pt,0.3333333333333333,,
avg_only,small,bloodmnist_224,swin_tiny,3,0.01,42,avg,0,client_0.pt,0.3333333333333333,,
avg_only,small,bloodmnist_224,swin_tiny,3,0.01,42,avg,1,client_1.pt,0.3333333333333333,,
avg_only,small,bloodmnist_224,swin_tiny,3,0.01,42,avg,2,client_2.pt,0.3333333333333333,,
avg_only,small,bloodmnist_224,swin_tiny,3,0.1,42,avg,0,client_0.pt,0.3333333333333333,,
avg_only,small,bloodmnist_224,swin_tiny,3,0.1,42,avg,1,client_1.pt,0.3333333333333333,,
avg_only,small,bloodmnist_224,swin_tiny,3,0.1,42,avg,2,client_2.pt,0.3333333333333333,,
avg_only,small,bloodmnist_224,swin_tiny,5,0.0,42,avg,0,client_0.pt,0.2,,
avg_only,small,bloodmnist_224,swin_tiny,5,0.0,42,avg,1,client_1.pt,0.2,,
avg_only,small,bloodmnist_224,swin_tiny,5,0.0,42,avg,2,client_2.pt,0.2,,
avg_only,small,bloodmnist_224,swin_tiny,5,0.0,42,avg,3,client_3.pt,0.2,,
avg_only,small,bloodmnist_224,swin_tiny,5,0.0,42,avg,4,client_4.pt,0.2,,
avg_only,small,bloodmnist_224,swin_tiny,5,0.01,42,avg,0,client_0.pt,0.2,,
avg_only,small,bloodmnist_224,swin_tiny,5,0.01,42,avg,1,client_1.pt,0.2,,
avg_only,small,bloodmnist_224,swin_tiny,5,0.01,42,avg,2,client_2.pt,0.2,,
avg_only,small,bloodmnist_224,swin_tiny,5,0.01,42,avg,3,client_3.pt,0.2,,
avg_only,small,bloodmnist_224,swin_tiny,5,0.01,42,avg,4,client_4.pt,0.2,,
avg_only,small,bloodmnist_224,swin_tiny,5,0.1,42,avg,0,client_0.pt,0.2,,
avg_only,small,bloodmnist_224,swin_tiny,5,0.1,42,avg,1,client_1.pt,0.2,,
avg_only,small,bloodmnist_224,swin_tiny,5,0.1,42,avg,2,client_2.pt,0.2,,
avg_only,small,bloodmnist_224,swin_tiny,5,0.1,42,avg,3,client_3.pt,0.2,,
avg_only,small,bloodmnist_224,swin_tiny,5,0.1,42,avg,4,client_4.pt,0.2,,
avg_only,small,bloodmnist_224,swin_tiny,7,0.0,42,avg,0,client_0.pt,0.14285714285714285,,
avg_only,small,bloodmnist_224,swin_tiny,7,0.0,42,avg,1,client_1.pt,0.14285714285714285,,
avg_only,small,bloodmnist_224,swin_tiny,7,0.0,42,avg,2,client_2.pt,0.14285714285714285,,
avg_only,small,bloodmnist_224,swin_tiny,7,0.0,42,avg,3,client_3.pt,0.14285714285714285,,
avg_only,small,bloodmnist_224,swin_tiny,7,0.0,42,avg,4,client_4.pt,0.14285714285714285,,
avg_only,small,bloodmnist_224,swin_tiny,7,0.0,42,avg,5,client_5.pt,0.14285714285714285,,
avg_only,small,bloodmnist_224,swin_tiny,7,0.0,42,avg,6,client_6.pt,0.14285714285714285,,
avg_only,small,bloodmnist_224,swin_tiny,7,0.01,42,avg,0,client_0.pt,0.14285714285714285,,
avg_only,small,bloodmnist_224,swin_tiny,7,0.01,42,avg,1,client_1.pt,0.14285714285714285,,
avg_only,small,bloodmnist_224,swin_tiny,7,0.01,42,avg,2,client_2.pt,0.14285714285714285,,
avg_only,small,bloodmnist_224,swin_tiny,7,0.01,42,avg,3,client_3.pt,0.14285714285714285,,
avg_only,small,bloodmnist_224,swin_tiny,7,0.01,42,avg,4,client_4.pt,0.14285714285714285,,
avg_only,small,bloodmnist_224,swin_tiny,7,0.01,42,avg,5,client_5.pt,0.14285714285714285,,
avg_only,small,bloodmnist_224,swin_tiny,7,0.01,42,avg,6,client_6.pt,0.14285714285714285,,
avg_only,small,bloodmnist_224,swin_tiny,7,0.1,42,avg,0,client_0.pt,0.14285714285714285,,
avg_only,small,bloodmnist_224,swin_tiny,7,0.1,42,avg,1,client_1.pt,0.14285714285714285,,
avg_only,small,bloodmnist_224,swin_tiny,7,0.1,42,avg,2,client_2.pt,0.14285714285714285,,
avg_only,small,bloodmnist_224,swin_tiny,7,0.1,42,avg,3,client_3.pt,0.14285714285714285,,
avg_only,small,bloodmnist_224,swin_tiny,7,0.1,42,avg,4,client_4.pt,0.14285714285714285,,
avg_only,small,bloodmnist_224,swin_tiny,7,0.1,42,avg,5,client_5.pt,0.14285714285714285,,
avg_only,small,bloodmnist_224,swin_tiny,7,0.1,42,avg,6,client_6.pt,0.14285714285714285,,
avg_only,small,bloodmnist_224,vit_t,3,0.0,42,avg,0,client_0.pt,0.3333333333333333,,
avg_only,small,bloodmnist_224,vit_t,3,0.0,42,avg,1,client_1.pt,0.3333333333333333,,
avg_only,small,bloodmnist_224,vit_t,3,0.0,42,avg,2,client_2.pt,0.3333333333333333,,
avg_only,small,bloodmnist_224,vit_t,3,0.01,42,avg,0,client_0.pt,0.3333333333333333,,
avg_only,small,bloodmnist_224,vit_t,3,0.01,42,avg,1,client_1.pt,0.3333333333333333,,
avg_only,small,bloodmnist_224,vit_t,3,0.01,42,avg,2,client_2.pt,0.3333333333333333,,
avg_only,small,bloodmnist_224,vit_t,3,0.1,42,avg,0,client_0.pt,0.3333333333333333,,
avg_only,small,bloodmnist_224,vit_t,3,0.1,42,avg,1,client_1.pt,0.3333333333333333,,
avg_only,small,bloodmnist_224,vit_t,3,0.1,42,avg,2,client_2.pt,0.3333333333333333,,
avg_only,small,bloodmnist_224,vit_t,5,0.0,42,avg,0,client_0.pt,0.2,,
avg_only,small,bloodmnist_224,vit_t,5,0.0,42,avg,1,client_1.pt,0.2,,
avg_only,small,bloodmnist_224,vit_t,5,0.0,42,avg,2,client_2.pt,0.2,,
avg_only,small,bloodmnist_224,vit_t,5,0.0,42,avg,3,client_3.pt,0.2,,
avg_only,small,bloodmnist_224,vit_t,5,0.0,42,avg,4,client_4.pt,0.2,,
avg_only,small,bloodmnist_224,vit_t,5,0.01,42,avg,0,client_0.pt,0.2,,
avg_only,small,bloodmnist_224,vit_t,5,0.01,42,avg,1,client_1.pt,0.2,,
avg_only,small,bloodmnist_224,vit_t,5,0.01,42,avg,2,client_2.pt,0.2,,
avg_only,small,bloodmnist_224,vit_t,5,0.01,42,avg,3,client_3.pt,0.2,,
avg_only,small,bloodmnist_224,vit_t,5,0.01,42,avg,4,client_4.pt,0.2,,
avg_only,small,bloodmnist_224,vit_t,5,0.1,42,avg,0,client_0.pt,0.2,,
avg_only,small,bloodmnist_224,vit_t,5,0.1,42,avg,1,client_1.pt,0.2,,
avg_only,small,bloodmnist_224,vit_t,5,0.1,42,avg,2,client_2.pt,0.2,,
avg_only,small,bloodmnist_224,vit_t,5,0.1,42,avg,3,client_3.pt,0.2,,
avg_only,small,bloodmnist_224,vit_t,5,0.1,42,avg,4,client_4.pt,0.2,,
avg_only,small,bloodmnist_224,vit_t,7,0.0,42,avg,0,client_0.pt,0.14285714285714285,,
avg_only,small,bloodmnist_224,vit_t,7,0.0,42,avg,1,client_1.pt,0.14285714285714285,,
avg_only,small,bloodmnist_224,vit_t,7,0.0,42,avg,2,client_2.pt,0.14285714285714285,,
avg_only,small,bloodmnist_224,vit_t,7,0.0,42,avg,3,client_3.pt,0.14285714285714285,,
avg_only,small,bloodmnist_224,vit_t,7,0.0,42,avg,4,client_4.pt,0.14285714285714285,,
avg_only,small,bloodmnist_224,vit_t,7,0.0,42,avg,5,client_5.pt,0.14285714285714285,,
avg_only,small,bloodmnist_224,vit_t,7,0.0,42,avg,6,client_6.pt,0.14285714285714285,,
avg_only,small,bloodmnist_224,vit_t,7,0.01,42,avg,0,client_0.pt,0.14285714285714285,,
avg_only,small,bloodmnist_224,vit_t,7,0.01,42,avg,1,client_1.pt,0.14285714285714285,,
avg_only,small,bloodmnist_224,vit_t,7,0.01,42,avg,2,client_2.pt,0.14285714285714285,,
avg_only,small,bloodmnist_224,vit_t,7,0.01,42,avg,3,client_3.pt,0.14285714285714285,,
avg_only,small,bloodmnist_224,vit_t,7,0.01,42,avg,4,client_4.pt,0.14285714285714285,,
avg_only,small,bloodmnist_224,vit_t,7,0.01,42,avg,5,client_5.pt,0.14285714285714285,,
avg_only,small,bloodmnist_224,vit_t,7,0.01,42,avg,6,client_6.pt,0.14285714285714285,,
avg_only,small,bloodmnist_224,vit_t,7,0.1,42,avg,0,client_0.pt,0.14285714285714285,,
avg_only,small,bloodmnist_224,vit_t,7,0.1,42,avg,1,client_1.pt,0.14285714285714285,,
avg_only,small,bloodmnist_224,vit_t,7,0.1,42,avg,2,client_2.pt,0.14285714285714285,,
avg_only,small,bloodmnist_224,vit_t,7,0.1,42,avg,3,client_3.pt,0.14285714285714285,,
avg_only,small,bloodmnist_224,vit_t,7,0.1,42,avg,4,client_4.pt,0.14285714285714285,,
avg_only,small,bloodmnist_224,vit_t,7,0.1,42,avg,5,client_5.pt,0.14285714285714285,,
avg_only,small,bloodmnist_224,vit_t,7,0.1,42,avg,6,client_6.pt,0.14285714285714285,,
avg_only,small,chaoshengmnist_224,convnext,3,0.0,42,avg,0,client_0.pt,0.3333333333333333,,
avg_only,small,chaoshengmnist_224,convnext,3,0.0,42,avg,1,client_1.pt,0.3333333333333333,,
avg_only,small,chaoshengmnist_224,convnext,3,0.0,42,avg,2,client_2.pt,0.3333333333333333,,
avg_only,small,chaoshengmnist_224,convnext,3,0.01,42,avg,0,client_0.pt,0.3333333333333333,,
avg_only,small,chaoshengmnist_224,convnext,3,0.01,42,avg,1,client_1.pt,0.3333333333333333,,
avg_only,small,chaoshengmnist_224,convnext,3,0.01,42,avg,2,client_2.pt,0.3333333333333333,,
avg_only,small,chaoshengmnist_224,convnext,3,0.1,42,avg,0,client_0.pt,0.3333333333333333,,
avg_only,small,chaoshengmnist_224,convnext,3,0.1,42,avg,1,client_1.pt,0.3333333333333333,,
avg_only,small,chaoshengmnist_224,convnext,3,0.1,42,avg,2,client_2.pt,0.3333333333333333,,
avg_only,small,chaoshengmnist_224,convnext,5,0.0,42,avg,0,client_0.pt,0.2,,
avg_only,small,chaoshengmnist_224,convnext,5,0.0,42,avg,1,client_1.pt,0.2,,
avg_only,small,chaoshengmnist_224,convnext,5,0.0,42,avg,2,client_2.pt,0.2,,
avg_only,small,chaoshengmnist_224,convnext,5,0.0,42,avg,3,client_3.pt,0.2,,
avg_only,small,chaoshengmnist_224,convnext,5,0.0,42,avg,4,client_4.pt,0.2,,
avg_only,small,chaoshengmnist_224,convnext,5,0.01,42,avg,0,client_0.pt,0.2,,
avg_only,small,chaoshengmnist_224,convnext,5,0.01,42,avg,1,client_1.pt,0.2,,
avg_only,small,chaoshengmnist_224,convnext,5,0.01,42,avg,2,client_2.pt,0.2,,
avg_only,small,chaoshengmnist_224,convnext,5,0.01,42,avg,3,client_3.pt,0.2,,
avg_only,small,chaoshengmnist_224,convnext,5,0.01,42,avg,4,client_4.pt,0.2,,
avg_only,small,chaoshengmnist_224,convnext,5,0.1,42,avg,0,client_0.pt,0.2,,
avg_only,small,chaoshengmnist_224,convnext,5,0.1,42,avg,1,client_1.pt,0.2,,
avg_only,small,chaoshengmnist_224,convnext,5,0.1,42,avg,2,client_2.pt,0.2,,
avg_only,small,chaoshengmnist_224,convnext,5,0.1,42,avg,3,client_3.pt,0.2,,
avg_only,small,chaoshengmnist_224,convnext,5,0.1,42,avg,4,client_4.pt,0.2,,
avg_only,small,chaoshengmnist_224,convnext,7,0.0,42,avg,0,client_0.pt,0.14285714285714285,,
avg_only,small,chaoshengmnist_224,convnext,7,0.0,42,avg,1,client_1.pt,0.14285714285714285,,
avg_only,small,chaoshengmnist_224,convnext,7,0.0,42,avg,2,client_2.pt,0.14285714285714285,,
avg_only,small,chaoshengmnist_224,convnext,7,0.0,42,avg,3,client_3.pt,0.14285714285714285,,
avg_only,small,chaoshengmnist_224,convnext,7,0.0,42,avg,4,client_4.pt,0.14285714285714285,,
avg_only,small,chaoshengmnist_224,convnext,7,0.0,42,avg,5,client_5.pt,0.14285714285714285,,
avg_only,small,chaoshengmnist_224,convnext,7,0.0,42,avg,6,client_6.pt,0.14285714285714285,,
avg_only,small,chaoshengmnist_224,convnext,7,0.01,42,avg,0,client_0.pt,0.14285714285714285,,
avg_only,small,chaoshengmnist_224,convnext,7,0.01,42,avg,1,client_1.pt,0.14285714285714285,,
avg_only,small,chaoshengmnist_224,convnext,7,0.01,42,avg,2,client_2.pt,0.14285714285714285,,
avg_only,small,chaoshengmnist_224,convnext,7,0.01,42,avg,3,client_3.pt,0.14285714285714285,,
avg_only,small,chaoshengmnist_224,convnext,7,0.01,42,avg,4,client_4.pt,0.14285714285714285,,
avg_only,small,chaoshengmnist_224,convnext,7,0.01,42,avg,5,client_5.pt,0.14285714285714285,,
avg_only,small,chaoshengmnist_224,convnext,7,0.01,42,avg,6,client_6.pt,0.14285714285714285,,
avg_only,small,chaoshengmnist_224,convnext,7,0.1,42,avg,0,client_0.pt,0.14285714285714285,,
avg_only,small,chaoshengmnist_224,convnext,7,0.1,42,avg,1,client_1.pt,0.14285714285714285,,
avg_only,small,chaoshengmnist_224,convnext,7,0.1,42,avg,2,client_2.pt,0.14285714285714285,,
avg_only,small,chaoshengmnist_224,convnext,7,0.1,42,avg,3,client_3.pt,0.14285714285714285,,
avg_only,small,chaoshengmnist_224,convnext,7,0.1,42,avg,4,client_4.pt,0.14285714285714285,,
avg_only,small,chaoshengmnist_224,convnext,7,0.1,42,avg,5,client_5.pt,0.14285714285714285,,
avg_only,small,chaoshengmnist_224,convnext,7,0.1,42,avg,6,client_6.pt,0.14285714285714285,,
avg_only,small,chaoshengmnist_224,resnet,3,0.0,42,avg,0,client_0.pt,0.3333333333333333,,
avg_only,small,chaoshengmnist_224,resnet,3,0.0,42,avg,1,client_1.pt,0.3333333333333333,,
avg_only,small,chaoshengmnist_224,resnet,3,0.0,42,avg,2,client_2.pt,0.3333333333333333,,
avg_only,small,chaoshengmnist_224,resnet,3,0.01,42,avg,0,client_0.pt,0.3333333333333333,,
avg_only,small,chaoshengmnist_224,resnet,3,0.01,42,avg,1,client_1.pt,0.3333333333333333,,
avg_only,small,chaoshengmnist_224,resnet,3,0.01,42,avg,2,client_2.pt,0.3333333333333333,,
avg_only,small,chaoshengmnist_224,resnet,3,0.1,42,avg,0,client_0.pt,0.3333333333333333,,
avg_only,small,chaoshengmnist_224,resnet,3,0.1,42,avg,1,client_1.pt,0.3333333333333333,,
avg_only,small,chaoshengmnist_224,resnet,3,0.1,42,avg,2,client_2.pt,0.3333333333333333,,
avg_only,small,chaoshengmnist_224,resnet,5,0.0,42,avg,0,client_0.pt,0.2,,
avg_only,small,chaoshengmnist_224,resnet,5,0.0,42,avg,1,client_1.pt,0.2,,
avg_only,small,chaoshengmnist_224,resnet,5,0.0,42,avg,2,client_2.pt,0.2,,
avg_only,small,chaoshengmnist_224,resnet,5,0.0,42,avg,3,client_3.pt,0.2,,
avg_only,small,chaoshengmnist_224,resnet,5,0.0,42,avg,4,client_4.pt,0.2,,
avg_only,small,chaoshengmnist_224,resnet,5,0.01,42,avg,0,client_0.pt,0.2,,
avg_only,small,chaoshengmnist_224,resnet,5,0.01,42,avg,1,client_1.pt,0.2,,
avg_only,small,chaoshengmnist_224,resnet,5,0.01,42,avg,2,client_2.pt,0.2,,
avg_only,small,chaoshengmnist_224,resnet,5,0.01,42,avg,3,client_3.pt,0.2,,
avg_only,small,chaoshengmnist_224,resnet,5,0.01,42,avg,4,client_4.pt,0.2,,
avg_only,small,chaoshengmnist_224,resnet,5,0.1,42,avg,0,client_0.pt,0.2,,
avg_only,small,chaoshengmnist_224,resnet,5,0.1,42,avg,1,client_1.pt,0.2,,
avg_only,small,chaoshengmnist_224,resnet,5,0.1,42,avg,2,client_2.pt,0.2,,
avg_only,small,chaoshengmnist_224,resnet,5,0.1,42,avg,3,client_3.pt,0.2,,
avg_only,small,chaoshengmnist_224,resnet,5,0.1,42,avg,4,client_4.pt,0.2,,
avg_only,small,chaoshengmnist_224,resnet,7,0.0,42,avg,0,client_0.pt,0.14285714285714285,,
avg_only,small,chaoshengmnist_224,resnet,7,0.0,42,avg,1,client_1.pt,0.14285714285714285,,
avg_only,small,chaoshengmnist_224,resnet,7,0.0,42,avg,2,client_2.pt,0.14285714285714285,,
avg_only,small,chaoshengmnist_224,resnet,7,0.0,42,avg,3,client_3.pt,0.14285714285714285,,
avg_only,small,chaoshengmnist_224,resnet,7,0.0,42,avg,4,client_4.pt,0.14285714285714285,,
avg_only,small,chaoshengmnist_224,resnet,7,0.0,42,avg,5,client_5.pt,0.14285714285714285,,
avg_only,small,chaoshengmnist_224,resnet,7,0.0,42,avg,6,client_6.pt,0.14285714285714285,,
avg_only,small,chaoshengmnist_224,resnet,7,0.01,42,avg,0,client_0.pt,0.14285714285714285,,
avg_only,small,chaoshengmnist_224,resnet,7,0.01,42,avg,1,client_1.pt,0.14285714285714285,,
avg_only,small,chaoshengmnist_224,resnet,7,0.01,42,avg,2,client_2.pt,0.14285714285714285,,
avg_only,small,chaoshengmnist_224,resnet,7,0.01,42,avg,3,client_3.pt,0.14285714285714285,,
avg_only,small,chaoshengmnist_224,resnet,7,0.01,42,avg,4,client_4.pt,0.14285714285714285,,
avg_only,small,chaoshengmnist_224,resnet,7,0.01,42,avg,5,client_5.pt,0.14285714285714285,,
avg_only,small,chaoshengmnist_224,resnet,7,0.01,42,avg,6,client_6.pt,0.14285714285714285,,
avg_only,small,chaoshengmnist_224,resnet,7,0.1,42,avg,0,client_0.pt,0.14285714285714285,,
avg_only,small,chaoshengmnist_224,resnet,7,0.1,42,avg,1,client_1.pt,0.14285714285714285,,
avg_only,small,chaoshengmnist_224,resnet,7,0.1,42,avg,2,client_2.pt,0.14285714285714285,,
avg_only,small,chaoshengmnist_224,resnet,7,0.1,42,avg,3,client_3.pt,0.14285714285714285,,
avg_only,small,chaoshengmnist_224,resnet,7,0.1,42,avg,4,client_4.pt,0.14285714285714285,,
avg_only,small,chaoshengmnist_224,resnet,7,0.1,42,avg,5,client_5.pt,0.14285714285714285,,
avg_only,small,chaoshengmnist_224,resnet,7,0.1,42,avg,6,client_6.pt,0.14285714285714285,,
avg_only,small,chaoshengmnist_224,swin_tiny,3,0.0,42,avg,0,client_0.pt,0.3333333333333333,,
avg_only,small,chaoshengmnist_224,swin_tiny,3,0.0,42,avg,1,client_1.pt,0.3333333333333333,,
avg_only,small,chaoshengmnist_224,swin_tiny,3,0.0,42,avg,2,client_2.pt,0.3333333333333333,,
avg_only,small,chaoshengmnist_224,swin_tiny,3,0.01,42,avg,0,client_0.pt,0.3333333333333333,,
avg_only,small,chaoshengmnist_224,swin_tiny,3,0.01,42,avg,1,client_1.pt,0.3333333333333333,,
avg_only,small,chaoshengmnist_224,swin_tiny,3,0.01,42,avg,2,client_2.pt,0.3333333333333333,,
avg_only,small,chaoshengmnist_224,swin_tiny,3,0.1,42,avg,0,client_0.pt,0.3333333333333333,,
avg_only,small,chaoshengmnist_224,swin_tiny,3,0.1,42,avg,1,client_1.pt,0.3333333333333333,,
avg_only,small,chaoshengmnist_224,swin_tiny,3,0.1,42,avg,2,client_2.pt,0.3333333333333333,,
avg_only,small,chaoshengmnist_224,swin_tiny,5,0.0,42,avg,0,client_0.pt,0.2,,
avg_only,small,chaoshengmnist_224,swin_tiny,5,0.0,42,avg,1,client_1.pt,0.2,,
avg_only,small,chaoshengmnist_224,swin_tiny,5,0.0,42,avg,2,client_2.pt,0.2,,
avg_only,small,chaoshengmnist_224,swin_tiny,5,0.0,42,avg,3,client_3.pt,0.2,,
avg_only,small,chaoshengmnist_224,swin_tiny,5,0.0,42,avg,4,client_4.pt,0.2,,
avg_only,small,chaoshengmnist_224,swin_tiny,5,0.01,42,avg,0,client_0.pt,0.2,,
avg_only,small,chaoshengmnist_224,swin_tiny,5,0.01,42,avg,1,client_1.pt,0.2,,
avg_only,small,chaoshengmnist_224,swin_tiny,5,0.01,42,avg,2,client_2.pt,0.2,,
avg_only,small,chaoshengmnist_224,swin_tiny,5,0.01,42,avg,3,client_3.pt,0.2,,
avg_only,small,chaoshengmnist_224,swin_tiny,5,0.01,42,avg,4,client_4.pt,0.2,,
avg_only,small,chaoshengmnist_224,swin_tiny,5,0.1,42,avg,0,client_0.pt,0.2,,
avg_only,small,chaoshengmnist_224,swin_tiny,5,0.1,42,avg,1,client_1.pt,0.2,,
avg_only,small,chaoshengmnist_224,swin_tiny,5,0.1,42,avg,2,client_2.pt,0.2,,
avg_only,small,chaoshengmnist_224,swin_tiny,5,0.1,42,avg,3,client_3.pt,0.2,,
avg_only,small,chaoshengmnist_224,swin_tiny,5,0.1,42,avg,4,client_4.pt,0.2,,
avg_only,small,chaoshengmnist_224,swin_tiny,7,0.0,42,avg,0,client_0.pt,0.14285714285714285,,
avg_only,small,chaoshengmnist_224,swin_tiny,7,0.0,42,avg,1,client_1.pt,0.14285714285714285,,
avg_only,small,chaoshengmnist_224,swin_tiny,7,0.0,42,avg,2,client_2.pt,0.14285714285714285,,
avg_only,small,chaoshengmnist_224,swin_tiny,7,0.0,42,avg,3,client_3.pt,0.14285714285714285,,
avg_only,small,chaoshengmnist_224,swin_tiny,7,0.0,42,avg,4,client_4.pt,0.14285714285714285,,
avg_only,small,chaoshengmnist_224,swin_tiny,7,0.0,42,avg,5,client_5.pt,0.14285714285714285,,
avg_only,small,chaoshengmnist_224,swin_tiny,7,0.0,42,avg,6,client_6.pt,0.14285714285714285,,
avg_only,small,chaoshengmnist_224,swin_tiny,7,0.01,42,avg,0,client_0.pt,0.14285714285714285,,
avg_only,small,chaoshengmnist_224,swin_tiny,7,0.01,42,avg,1,client_1.pt,0.14285714285714285,,
avg_only,small,chaoshengmnist_224,swin_tiny,7,0.01,42,avg,2,client_2.pt,0.14285714285714285,,
avg_only,small,chaoshengmnist_224,swin_tiny,7,0.01,42,avg,3,client_3.pt,0.14285714285714285,,
avg_only,small,chaoshengmnist_224,swin_tiny,7,0.01,42,avg,4,client_4.pt,0.14285714285714285,,
avg_only,small,chaoshengmnist_224,swin_tiny,7,0.01,42,avg,5,client_5.pt,0.14285714285714285,,
avg_only,small,chaoshengmnist_224,swin_tiny,7,0.01,42,avg,6,client_6.pt,0.14285714285714285,,
avg_only,small,chaoshengmnist_224,swin_tiny,7,0.1,42,avg,0,client_0.pt,0.14285714285714285,,
avg_only,small,chaoshengmnist_224,swin_tiny,7,0.1,42,avg,1,client_1.pt,0.14285714285714285,,
avg_only,small,chaoshengmnist_224,swin_tiny,7,0.1,42,avg,2,client_2.pt,0.14285714285714285,,
avg_only,small,chaoshengmnist_224,swin_tiny,7,0.1,42,avg,3,client_3.pt,0.14285714285714285,,
avg_only,small,chaoshengmnist_224,swin_tiny,7,0.1,42,avg,4,client_4.pt,0.14285714285714285,,
avg_only,small,chaoshengmnist_224,swin_tiny,7,0.1,42,avg,5,client_5.pt,0.14285714285714285,,
avg_only,small,chaoshengmnist_224,swin_tiny,7,0.1,42,avg,6,client_6.pt,0.14285714285714285,,
avg_only,small,chaoshengmnist_224,vit_t,3,0.0,42,avg,0,client_0.pt,0.3333333333333333,,
avg_only,small,chaoshengmnist_224,vit_t,3,0.0,42,avg,1,client_1.pt,0.3333333333333333,,
avg_only,small,chaoshengmnist_224,vit_t,3,0.0,42,avg,2,client_2.pt,0.3333333333333333,,
avg_only,small,chaoshengmnist_224,vit_t,3,0.01,42,avg,0,client_0.pt,0.3333333333333333,,
avg_only,small,chaoshengmnist_224,vit_t,3,0.01,42,avg,1,client_1.pt,0.3333333333333333,,
avg_only,small,chaoshengmnist_224,vit_t,3,0.01,42,avg,2,client_2.pt,0.3333333333333333,,
avg_only,small,chaoshengmnist_224,vit_t,3,0.1,42,avg,0,client_0.pt,0.3333333333333333,,
avg_only,small,chaoshengmnist_224,vit_t,3,0.1,42,avg,1,client_1.pt,0.3333333333333333,,
avg_only,small,chaoshengmnist_224,vit_t,3,0.1,42,avg,2,client_2.pt,0.3333333333333333,,
avg_only,small,chaoshengmnist_224,vit_t,5,0.0,42,avg,0,client_0.pt,0.2,,
avg_only,small,chaoshengmnist_224,vit_t,5,0.0,42,avg,1,client_1.pt,0.2,,
avg_only,small,chaoshengmnist_224,vit_t,5,0.0,42,avg,2,client_2.pt,0.2,,
avg_only,small,chaoshengmnist_224,vit_t,5,0.0,42,avg,3,client_3.pt,0.2,,
avg_only,small,chaoshengmnist_224,vit_t,5,0.0,42,avg,4,client_4.pt,0.2,,
avg_only,small,chaoshengmnist_224,vit_t,5,0.01,42,avg,0,client_0.pt,0.2,,
avg_only,small,chaoshengmnist_224,vit_t,5,0.01,42,avg,1,client_1.pt,0.2,,
avg_only,small,chaoshengmnist_224,vit_t,5,0.01,42,avg,2,client_2.pt,0.2,,
avg_only,small,chaoshengmnist_224,vit_t,5,0.01,42,avg,3,client_3.pt,0.2,,
avg_only,small,chaoshengmnist_224,vit_t,5,0.01,42,avg,4,client_4.pt,0.2,,
avg_only,small,chaoshengmnist_224,vit_t,5,0.1,42,avg,0,client_0.pt,0.2,,
avg_only,small,chaoshengmnist_224,vit_t,5,0.1,42,avg,1,client_1.pt,0.2,,
avg_only,small,chaoshengmnist_224,vit_t,5,0.1,42,avg,2,client_2.pt,0.2,,
avg_only,small,chaoshengmnist_224,vit_t,5,0.1,42,avg,3,client_3.pt,0.2,,
avg_only,small,chaoshengmnist_224,vit_t,5,0.1,42,avg,4,client_4.pt,0.2,,
avg_only,small,chaoshengmnist_224,vit_t,7,0.0,42,avg,0,client_0.pt,0.14285714285714285,,
avg_only,small,chaoshengmnist_224,vit_t,7,0.0,42,avg,1,client_1.pt,0.14285714285714285,,
avg_only,small,chaoshengmnist_224,vit_t,7,0.0,42,avg,2,client_2.pt,0.14285714285714285,,
avg_only,small,chaoshengmnist_224,vit_t,7,0.0,42,avg,3,client_3.pt,0.14285714285714285,,
avg_only,small,chaoshengmnist_224,vit_t,7,0.0,42,avg,4,client_4.pt,0.14285714285714285,,
avg_only,small,chaoshengmnist_224,vit_t,7,0.0,42,avg,5,client_5.pt,0.14285714285714285,,
avg_only,small,chaoshengmnist_224,vit_t,7,0.0,42,avg,6,client_6.pt,0.14285714285714285,,
avg_only,small,chaoshengmnist_224,vit_t,7,0.01,42,avg,0,client_0.pt,0.14285714285714285,,
avg_only,small,chaoshengmnist_224,vit_t,7,0.01,42,avg,1,client_1.pt,0.14285714285714285,,
avg_only,small,chaoshengmnist_224,vit_t,7,0.01,42,avg,2,client_2.pt,0.14285714285714285,,
avg_only,small,chaoshengmnist_224,vit_t,7,0.01,42,avg,3,client_3.pt,0.14285714285714285,,
avg_only,small,chaoshengmnist_224,vit_t,7,0.01,42,avg,4,client_4.pt,0.14285714285714285,,
avg_only,small,chaoshengmnist_224,vit_t,7,0.01,42,avg,5,client_5.pt,0.14285714285714285,,
avg_only,small,chaoshengmnist_224,vit_t,7,0.01,42,avg,6,client_6.pt,0.14285714285714285,,
avg_only,small,chaoshengmnist_224,vit_t,7,0.1,42,avg,0,client_0.pt,0.14285714285714285,,
avg_only,small,chaoshengmnist_224,vit_t,7,0.1,42,avg,1,client_1.pt,0.14285714285714285,,
avg_only,small,chaoshengmnist_224,vit_t,7,0.1,42,avg,2,client_2.pt,0.14285714285714285,,
avg_only,small,chaoshengmnist_224,vit_t,7,0.1,42,avg,3,client_3.pt,0.14285714285714285,,
avg_only,small,chaoshengmnist_224,vit_t,7,0.1,42,avg,4,client_4.pt,0.14285714285714285,,
avg_only,small,chaoshengmnist_224,vit_t,7,0.1,42,avg,5,client_5.pt,0.14285714285714285,,
avg_only,small,chaoshengmnist_224,vit_t,7,0.1,42,avg,6,client_6.pt,0.14285714285714285,,
avg_only,small,dermamnist_224,convnext,3,0.0,42,avg,0,client_0.pt,0.3333333333333333,,
avg_only,small,dermamnist_224,convnext,3,0.0,42,avg,1,client_1.pt,0.3333333333333333,,
avg_only,small,dermamnist_224,convnext,3,0.0,42,avg,2,client_2.pt,0.3333333333333333,,
avg_only,small,dermamnist_224,convnext,3,0.01,42,avg,0,client_0.pt,0.3333333333333333,,
avg_only,small,dermamnist_224,convnext,3,0.01,42,avg,1,client_1.pt,0.3333333333333333,,
avg_only,small,dermamnist_224,convnext,3,0.01,42,avg,2,client_2.pt,0.3333333333333333,,
avg_only,small,dermamnist_224,convnext,3,0.1,42,avg,0,client_0.pt,0.3333333333333333,,
avg_only,small,dermamnist_224,convnext,3,0.1,42,avg,1,client_1.pt,0.3333333333333333,,
avg_only,small,dermamnist_224,convnext,3,0.1,42,avg,2,client_2.pt,0.3333333333333333,,
avg_only,small,dermamnist_224,convnext,5,0.0,42,avg,0,client_0.pt,0.2,,
avg_only,small,dermamnist_224,convnext,5,0.0,42,avg,1,client_1.pt,0.2,,
avg_only,small,dermamnist_224,convnext,5,0.0,42,avg,2,client_2.pt,0.2,,
avg_only,small,dermamnist_224,convnext,5,0.0,42,avg,3,client_3.pt,0.2,,
avg_only,small,dermamnist_224,convnext,5,0.0,42,avg,4,client_4.pt,0.2,,
avg_only,small,dermamnist_224,convnext,5,0.01,42,avg,0,client_0.pt,0.2,,
avg_only,small,dermamnist_224,convnext,5,0.01,42,avg,1,client_1.pt,0.2,,
avg_only,small,dermamnist_224,convnext,5,0.01,42,avg,2,client_2.pt,0.2,,
avg_only,small,dermamnist_224,convnext,5,0.01,42,avg,3,client_3.pt,0.2,,
avg_only,small,dermamnist_224,convnext,5,0.01,42,avg,4,client_4.pt,0.2,,
avg_only,small,dermamnist_224,convnext,5,0.1,42,avg,0,client_0.pt,0.2,,
avg_only,small,dermamnist_224,convnext,5,0.1,42,avg,1,client_1.pt,0.2,,
avg_only,small,dermamnist_224,convnext,5,0.1,42,avg,2,client_2.pt,0.2,,
avg_only,small,dermamnist_224,convnext,5,0.1,42,avg,3,client_3.pt,0.2,,
avg_only,small,dermamnist_224,convnext,5,0.1,42,avg,4,client_4.pt,0.2,,
avg_only,small,dermamnist_224,convnext,7,0.0,42,avg,0,client_0.pt,0.14285714285714285,,
avg_only,small,dermamnist_224,convnext,7,0.0,42,avg,1,client_1.pt,0.14285714285714285,,
avg_only,small,dermamnist_224,convnext,7,0.0,42,avg,2,client_2.pt,0.14285714285714285,,
avg_only,small,dermamnist_224,convnext,7,0.0,42,avg,3,client_3.pt,0.14285714285714285,,
avg_only,small,dermamnist_224,convnext,7,0.0,42,avg,4,client_4.pt,0.14285714285714285,,
avg_only,small,dermamnist_224,convnext,7,0.0,42,avg,5,client_5.pt,0.14285714285714285,,
avg_only,small,dermamnist_224,convnext,7,0.0,42,avg,6,client_6.pt,0.14285714285714285,,
avg_only,small,dermamnist_224,convnext,7,0.01,42,avg,0,client_0.pt,0.14285714285714285,,
avg_only,small,dermamnist_224,convnext,7,0.01,42,avg,1,client_1.pt,0.14285714285714285,,
avg_only,small,dermamnist_224,convnext,7,0.01,42,avg,2,client_2.pt,0.14285714285714285,,
avg_only,small,dermamnist_224,convnext,7,0.01,42,avg,3,client_3.pt,0.14285714285714285,,
avg_only,small,dermamnist_224,convnext,7,0.01,42,avg,4,client_4.pt,0.14285714285714285,,
avg_only,small,dermamnist_224,convnext,7,0.01,42,avg,5,client_5.pt,0.14285714285714285,,
avg_only,small,dermamnist_224,convnext,7,0.01,42,avg,6,client_6.pt,0.14285714285714285,,
avg_only,small,dermamnist_224,convnext,7,0.1,42,avg,0,client_0.pt,0.14285714285714285,,
avg_only,small,dermamnist_224,convnext,7,0.1,42,avg,1,client_1.pt,0.14285714285714285,,
avg_only,small,dermamnist_224,convnext,7,0.1,42,avg,2,client_2.pt,0.14285714285714285,,
avg_only,small,dermamnist_224,convnext,7,0.1,42,avg,3,client_3.pt,0.14285714285714285,,
avg_only,small,dermamnist_224,convnext,7,0.1,42,avg,4,client_4.pt,0.14285714285714285,,
avg_only,small,dermamnist_224,convnext,7,0.1,42,avg,5,client_5.pt,0.14285714285714285,,
avg_only,small,dermamnist_224,convnext,7,0.1,42,avg,6,client_6.pt,0.14285714285714285,,
avg_only,small,dermamnist_224,resnet,3,0.0,42,avg,0,client_0.pt,0.3333333333333333,,
avg_only,small,dermamnist_224,resnet,3,0.0,42,avg,1,client_1.pt,0.3333333333333333,,
avg_only,small,dermamnist_224,resnet,3,0.0,42,avg,2,client_2.pt,0.3333333333333333,,
avg_only,small,dermamnist_224,resnet,3,0.01,42,avg,0,client_0.pt,0.3333333333333333,,
avg_only,small,dermamnist_224,resnet,3,0.01,42,avg,1,client_1.pt,0.3333333333333333,,
avg_only,small,dermamnist_224,resnet,3,0.01,42,avg,2,client_2.pt,0.3333333333333333,,
avg_only,small,dermamnist_224,resnet,3,0.1,42,avg,0,client_0.pt,0.3333333333333333,,
avg_only,small,dermamnist_224,resnet,3,0.1,42,avg,1,client_1.pt,0.3333333333333333,,
avg_only,small,dermamnist_224,resnet,3,0.1,42,avg,2,client_2.pt,0.3333333333333333,,
avg_only,small,dermamnist_224,resnet,5,0.0,42,avg,0,client_0.pt,0.2,,
avg_only,small,dermamnist_224,resnet,5,0.0,42,avg,1,client_1.pt,0.2,,
avg_only,small,dermamnist_224,resnet,5,0.0,42,avg,2,client_2.pt,0.2,,
avg_only,small,dermamnist_224,resnet,5,0.0,42,avg,3,client_3.pt,0.2,,
avg_only,small,dermamnist_224,resnet,5,0.0,42,avg,4,client_4.pt,0.2,,
avg_only,small,dermamnist_224,resnet,5,0.01,42,avg,0,client_0.pt,0.2,,
avg_only,small,dermamnist_224,resnet,5,0.01,42,avg,1,client_1.pt,0.2,,
avg_only,small,dermamnist_224,resnet,5,0.01,42,avg,2,client_2.pt,0.2,,
avg_only,small,dermamnist_224,resnet,5,0.01,42,avg,3,client_3.pt,0.2,,
avg_only,small,dermamnist_224,resnet,5,0.01,42,avg,4,client_4.pt,0.2,,
avg_only,small,dermamnist_224,resnet,5,0.1,42,avg,0,client_0.pt,0.2,,
avg_only,small,dermamnist_224,resnet,5,0.1,42,avg,1,client_1.pt,0.2,,
avg_only,small,dermamnist_224,resnet,5,0.1,42,avg,2,client_2.pt,0.2,,
avg_only,small,dermamnist_224,resnet,5,0.1,42,avg,3,client_3.pt,0.2,,
avg_only,small,dermamnist_224,resnet,5,0.1,42,avg,4,client_4.pt,0.2,,
avg_only,small,dermamnist_224,resnet,7,0.0,42,avg,0,client_0.pt,0.14285714285714285,,
avg_only,small,dermamnist_224,resnet,7,0.0,42,avg,1,client_1.pt,0.14285714285714285,,
avg_only,small,dermamnist_224,resnet,7,0.0,42,avg,2,client_2.pt,0.14285714285714285,,
avg_only,small,dermamnist_224,resnet,7,0.0,42,avg,3,client_3.pt,0.14285714285714285,,
avg_only,small,dermamnist_224,resnet,7,0.0,42,avg,4,client_4.pt,0.14285714285714285,,
avg_only,small,dermamnist_224,resnet,7,0.0,42,avg,5,client_5.pt,0.14285714285714285,,
avg_only,small,dermamnist_224,resnet,7,0.0,42,avg,6,client_6.pt,0.14285714285714285,,
avg_only,small,dermamnist_224,resnet,7,0.01,42,avg,0,client_0.pt,0.14285714285714285,,
avg_only,small,dermamnist_224,resnet,7,0.01,42,avg,1,client_1.pt,0.14285714285714285,,
avg_only,small,dermamnist_224,resnet,7,0.01,42,avg,2,client_2.pt,0.14285714285714285,,
avg_only,small,dermamnist_224,resnet,7,0.01,42,avg,3,client_3.pt,0.14285714285714285,,
avg_only,small,dermamnist_224,resnet,7,0.01,42,avg,4,client_4.pt,0.14285714285714285,,
avg_only,small,dermamnist_224,resnet,7,0.01,42,avg,5,client_5.pt,0.14285714285714285,,
avg_only,small,dermamnist_224,resnet,7,0.01,42,avg,6,client_6.pt,0.14285714285714285,,
avg_only,small,dermamnist_224,resnet,7,0.1,42,avg,0,client_0.pt,0.14285714285714285,,
avg_only,small,dermamnist_224,resnet,7,0.1,42,avg,1,client_1.pt,0.14285714285714285,,
avg_only,small,dermamnist_224,resnet,7,0.1,42,avg,2,client_2.pt,0.14285714285714285,,
avg_only,small,dermamnist_224,resnet,7,0.1,42,avg,3,client_3.pt,0.14285714285714285,,
avg_only,small,dermamnist_224,resnet,7,0.1,42,avg,4,client_4.pt,0.14285714285714285,,
avg_only,small,dermamnist_224,resnet,7,0.1,42,avg,5,client_5.pt,0.14285714285714285,,
avg_only,small,dermamnist_224,resnet,7,0.1,42,avg,6,client_6.pt,0.14285714285714285,,
avg_only,small,dermamnist_224,swin_tiny,3,0.0,42,avg,0,client_0.pt,0.3333333333333333,,
avg_only,small,dermamnist_224,swin_tiny,3,0.0,42,avg,1,client_1.pt,0.3333333333333333,,
avg_only,small,dermamnist_224,swin_tiny,3,0.0,42,avg,2,client_2.pt,0.3333333333333333,,
avg_only,small,dermamnist_224,swin_tiny,3,0.01,42,avg,0,client_0.pt,0.3333333333333333,,
avg_only,small,dermamnist_224,swin_tiny,3,0.01,42,avg,1,client_1.pt,0.3333333333333333,,
avg_only,small,dermamnist_224,swin_tiny,3,0.01,42,avg,2,client_2.pt,0.3333333333333333,,
avg_only,small,dermamnist_224,swin_tiny,3,0.1,42,avg,0,client_0.pt,0.3333333333333333,,
avg_only,small,dermamnist_224,swin_tiny,3,0.1,42,avg,1,client_1.pt,0.3333333333333333,,
avg_only,small,dermamnist_224,swin_tiny,3,0.1,42,avg,2,client_2.pt,0.3333333333333333,,
avg_only,small,dermamnist_224,swin_tiny,5,0.0,42,avg,0,client_0.pt,0.2,,
avg_only,small,dermamnist_224,swin_tiny,5,0.0,42,avg,1,client_1.pt,0.2,,
avg_only,small,dermamnist_224,swin_tiny,5,0.0,42,avg,2,client_2.pt,0.2,,
avg_only,small,dermamnist_224,swin_tiny,5,0.0,42,avg,3,client_3.pt,0.2,,
avg_only,small,dermamnist_224,swin_tiny,5,0.0,42,avg,4,client_4.pt,0.2,,
avg_only,small,dermamnist_224,swin_tiny,5,0.01,42,avg,0,client_0.pt,0.2,,
avg_only,small,dermamnist_224,swin_tiny,5,0.01,42,avg,1,client_1.pt,0.2,,
avg_only,small,dermamnist_224,swin_tiny,5,0.01,42,avg,2,client_2.pt,0.2,,
avg_only,small,dermamnist_224,swin_tiny,5,0.01,42,avg,3,client_3.pt,0.2,,
avg_only,small,dermamnist_224,swin_tiny,5,0.01,42,avg,4,client_4.pt,0.2,,
avg_only,small,dermamnist_224,swin_tiny,5,0.1,42,avg,0,client_0.pt,0.2,,
avg_only,small,dermamnist_224,swin_tiny,5,0.1,42,avg,1,client_1.pt,0.2,,
avg_only,small,dermamnist_224,swin_tiny,5,0.1,42,avg,2,client_2.pt,0.2,,
avg_only,small,dermamnist_224,swin_tiny,5,0.1,42,avg,3,client_3.pt,0.2,,
avg_only,small,dermamnist_224,swin_tiny,5,0.1,42,avg,4,client_4.pt,0.2,,
avg_only,small,dermamnist_224,swin_tiny,7,0.0,42,avg,0,client_0.pt,0.14285714285714285,,
avg_only,small,dermamnist_224,swin_tiny,7,0.0,42,avg,1,client_1.pt,0.14285714285714285,,
avg_only,small,dermamnist_224,swin_tiny,7,0.0,42,avg,2,client_2.pt,0.14285714285714285,,
avg_only,small,dermamnist_224,swin_tiny,7,0.0,42,avg,3,client_3.pt,0.14285714285714285,,
avg_only,small,dermamnist_224,swin_tiny,7,0.0,42,avg,4,client_4.pt,0.14285714285714285,,
avg_only,small,dermamnist_224,swin_tiny,7,0.0,42,avg,5,client_5.pt,0.14285714285714285,,
avg_only,small,dermamnist_224,swin_tiny,7,0.0,42,avg,6,client_6.pt,0.14285714285714285,,
avg_only,small,dermamnist_224,swin_tiny,7,0.01,42,avg,0,client_0.pt,0.14285714285714285,,
avg_only,small,dermamnist_224,swin_tiny,7,0.01,42,avg,1,client_1.pt,0.14285714285714285,,
avg_only,small,dermamnist_224,swin_tiny,7,0.01,42,avg,2,client_2.pt,0.14285714285714285,,
avg_only,small,dermamnist_224,swin_tiny,7,0.01,42,avg,3,client_3.pt,0.14285714285714285,,
avg_only,small,dermamnist_224,swin_tiny,7,0.01,42,avg,4,client_4.pt,0.14285714285714285,,
avg_only,small,dermamnist_224,swin_tiny,7,0.01,42,avg,5,client_5.pt,0.14285714285714285,,
avg_only,small,dermamnist_224,swin_tiny,7,0.01,42,avg,6,client_6.pt,0.14285714285714285,,
avg_only,small,dermamnist_224,swin_tiny,7,0.1,42,avg,0,client_0.pt,0.14285714285714285,,
avg_only,small,dermamnist_224,swin_tiny,7,0.1,42,avg,1,client_1.pt,0.14285714285714285,,
avg_only,small,dermamnist_224,swin_tiny,7,0.1,42,avg,2,client_2.pt,0.14285714285714285,,
avg_only,small,dermamnist_224,swin_tiny,7,0.1,42,avg,3,client_3.pt,0.14285714285714285,,
avg_only,small,dermamnist_224,swin_tiny,7,0.1,42,avg,4,client_4.pt,0.14285714285714285,,
avg_only,small,dermamnist_224,swin_tiny,7,0.1,42,avg,5,client_5.pt,0.14285714285714285,,
avg_only,small,dermamnist_224,swin_tiny,7,0.1,42,avg,6,client_6.pt,0.14285714285714285,,
avg_only,small,dermamnist_224,vit_t,3,0.0,42,avg,0,client_0.pt,0.3333333333333333,,
avg_only,small,dermamnist_224,vit_t,3,0.0,42,avg,1,client_1.pt,0.3333333333333333,,
avg_only,small,dermamnist_224,vit_t,3,0.0,42,avg,2,client_2.pt,0.3333333333333333,,
avg_only,small,dermamnist_224,vit_t,3,0.01,42,avg,0,client_0.pt,0.3333333333333333,,
avg_only,small,dermamnist_224,vit_t,3,0.01,42,avg,1,client_1.pt,0.3333333333333333,,
avg_only,small,dermamnist_224,vit_t,3,0.01,42,avg,2,client_2.pt,0.3333333333333333,,
avg_only,small,dermamnist_224,vit_t,3,0.1,42,avg,0,client_0.pt,0.3333333333333333,,
avg_only,small,dermamnist_224,vit_t,3,0.1,42,avg,1,client_1.pt,0.3333333333333333,,
avg_only,small,dermamnist_224,vit_t,3,0.1,42,avg,2,client_2.pt,0.3333333333333333,,
avg_only,small,dermamnist_224,vit_t,5,0.0,42,avg,0,client_0.pt,0.2,,
avg_only,small,dermamnist_224,vit_t,5,0.0,42,avg,1,client_1.pt,0.2,,
avg_only,small,dermamnist_224,vit_t,5,0.0,42,avg,2,client_2.pt,0.2,,
avg_only,small,dermamnist_224,vit_t,5,0.0,42,avg,3,client_3.pt,0.2,,
avg_only,small,dermamnist_224,vit_t,5,0.0,42,avg,4,client_4.pt,0.2,,
avg_only,small,dermamnist_224,vit_t,5,0.01,42,avg,0,client_0.pt,0.2,,
avg_only,small,dermamnist_224,vit_t,5,0.01,42,avg,1,client_1.pt,0.2,,
avg_only,small,dermamnist_224,vit_t,5,0.01,42,avg,2,client_2.pt,0.2,,
avg_only,small,dermamnist_224,vit_t,5,0.01,42,avg,3,client_3.pt,0.2,,
avg_only,small,dermamnist_224,vit_t,5,0.01,42,avg,4,client_4.pt,0.2,,
avg_only,small,dermamnist_224,vit_t,5,0.1,42,avg,0,client_0.pt,0.2,,
avg_only,small,dermamnist_224,vit_t,5,0.1,42,avg,1,client_1.pt,0.2,,
avg_only,small,dermamnist_224,vit_t,5,0.1,42,avg,2,client_2.pt,0.2,,
avg_only,small,dermamnist_224,vit_t,5,0.1,42,avg,3,client_3.pt,0.2,,
avg_only,small,dermamnist_224,vit_t,5,0.1,42,avg,4,client_4.pt,0.2,,
avg_only,small,dermamnist_224,vit_t,7,0.0,42,avg,0,client_0.pt,0.14285714285714285,,
avg_only,small,dermamnist_224,vit_t,7,0.0,42,avg,1,client_1.pt,0.14285714285714285,,
avg_only,small,dermamnist_224,vit_t,7,0.0,42,avg,2,client_2.pt,0.14285714285714285,,
avg_only,small,dermamnist_224,vit_t,7,0.0,42,avg,3,client_3.pt,0.14285714285714285,,
avg_only,small,dermamnist_224,vit_t,7,0.0,42,avg,4,client_4.pt,0.14285714285714285,,
avg_only,small,dermamnist_224,vit_t,7,0.0,42,avg,5,client_5.pt,0.14285714285714285,,
avg_only,small,dermamnist_224,vit_t,7,0.0,42,avg,6,client_6.pt,0.14285714285714285,,
avg_only,small,dermamnist_224,vit_t,7,0.01,42,avg,0,client_0.pt,0.14285714285714285,,
avg_only,small,dermamnist_224,vit_t,7,0.01,42,avg,1,client_1.pt,0.14285714285714285,,
avg_only,small,dermamnist_224,vit_t,7,0.01,42,avg,2,client_2.pt,0.14285714285714285,,
avg_only,small,dermamnist_224,vit_t,7,0.01,42,avg,3,client_3.pt,0.14285714285714285,,
avg_only,small,dermamnist_224,vit_t,7,0.01,42,avg,4,client_4.pt,0.14285714285714285,,
avg_only,small,dermamnist_224,vit_t,7,0.01,42,avg,5,client_5.pt,0.14285714285714285,,
avg_only,small,dermamnist_224,vit_t,7,0.01,42,avg,6,client_6.pt,0.14285714285714285,,
avg_only,small,dermamnist_224,vit_t,7,0.1,42,avg,0,client_0.pt,0.14285714285714285,,
avg_only,small,dermamnist_224,vit_t,7,0.1,42,avg,1,client_1.pt,0.14285714285714285,,
avg_only,small,dermamnist_224,vit_t,7,0.1,42,avg,2,client_2.pt,0.14285714285714285,,
avg_only,small,dermamnist_224,vit_t,7,0.1,42,avg,3,client_3.pt,0.14285714285714285,,
avg_only,small,dermamnist_224,vit_t,7,0.1,42,avg,4,client_4.pt,0.14285714285714285,,
avg_only,small,dermamnist_224,vit_t,7,0.1,42,avg,5,client_5.pt,0.14285714285714285,,
avg_only,small,dermamnist_224,vit_t,7,0.1,42,avg,6,client_6.pt,0.14285714285714285,,
avg_only,small,organcmnist_224,convnext,3,0.0,42,avg,0,client_0.pt,0.3333333333333333,,
avg_only,small,organcmnist_224,convnext,3,0.0,42,avg,1,client_1.pt,0.3333333333333333,,
avg_only,small,organcmnist_224,convnext,3,0.0,42,avg,2,client_2.pt,0.3333333333333333,,
avg_only,small,organcmnist_224,convnext,3,0.01,42,avg,0,client_0.pt,0.3333333333333333,,
avg_only,small,organcmnist_224,convnext,3,0.01,42,avg,1,client_1.pt,0.3333333333333333,,
avg_only,small,organcmnist_224,convnext,3,0.01,42,avg,2,client_2.pt,0.3333333333333333,,
avg_only,small,organcmnist_224,convnext,3,0.1,42,avg,0,client_0.pt,0.3333333333333333,,
avg_only,small,organcmnist_224,convnext,3,0.1,42,avg,1,client_1.pt,0.3333333333333333,,
avg_only,small,organcmnist_224,convnext,3,0.1,42,avg,2,client_2.pt,0.3333333333333333,,
avg_only,small,organcmnist_224,convnext,5,0.0,42,avg,0,client_0.pt,0.2,,
avg_only,small,organcmnist_224,convnext,5,0.0,42,avg,1,client_1.pt,0.2,,
avg_only,small,organcmnist_224,convnext,5,0.0,42,avg,2,client_2.pt,0.2,,
avg_only,small,organcmnist_224,convnext,5,0.0,42,avg,3,client_3.pt,0.2,,
avg_only,small,organcmnist_224,convnext,5,0.0,42,avg,4,client_4.pt,0.2,,
avg_only,small,organcmnist_224,convnext,5,0.01,42,avg,0,client_0.pt,0.2,,
avg_only,small,organcmnist_224,convnext,5,0.01,42,avg,1,client_1.pt,0.2,,
avg_only,small,organcmnist_224,convnext,5,0.01,42,avg,2,client_2.pt,0.2,,
avg_only,small,organcmnist_224,convnext,5,0.01,42,avg,3,client_3.pt,0.2,,
avg_only,small,organcmnist_224,convnext,5,0.01,42,avg,4,client_4.pt,0.2,,
avg_only,small,organcmnist_224,convnext,5,0.1,42,avg,0,client_0.pt,0.2,,
avg_only,small,organcmnist_224,convnext,5,0.1,42,avg,1,client_1.pt,0.2,,
avg_only,small,organcmnist_224,convnext,5,0.1,42,avg,2,client_2.pt,0.2,,
avg_only,small,organcmnist_224,convnext,5,0.1,42,avg,3,client_3.pt,0.2,,
avg_only,small,organcmnist_224,convnext,5,0.1,42,avg,4,client_4.pt,0.2,,
avg_only,small,organcmnist_224,convnext,7,0.0,42,avg,0,client_0.pt,0.14285714285714285,,
avg_only,small,organcmnist_224,convnext,7,0.0,42,avg,1,client_1.pt,0.14285714285714285,,
avg_only,small,organcmnist_224,convnext,7,0.0,42,avg,2,client_2.pt,0.14285714285714285,,
avg_only,small,organcmnist_224,convnext,7,0.0,42,avg,3,client_3.pt,0.14285714285714285,,
avg_only,small,organcmnist_224,convnext,7,0.0,42,avg,4,client_4.pt,0.14285714285714285,,
avg_only,small,organcmnist_224,convnext,7,0.0,42,avg,5,client_5.pt,0.14285714285714285,,
avg_only,small,organcmnist_224,convnext,7,0.0,42,avg,6,client_6.pt,0.14285714285714285,,
avg_only,small,organcmnist_224,convnext,7,0.01,42,avg,0,client_0.pt,0.14285714285714285,,
avg_only,small,organcmnist_224,convnext,7,0.01,42,avg,1,client_1.pt,0.14285714285714285,,
avg_only,small,organcmnist_224,convnext,7,0.01,42,avg,2,client_2.pt,0.14285714285714285,,
avg_only,small,organcmnist_224,convnext,7,0.01,42,avg,3,client_3.pt,0.14285714285714285,,
avg_only,small,organcmnist_224,convnext,7,0.01,42,avg,4,client_4.pt,0.14285714285714285,,
avg_only,small,organcmnist_224,convnext,7,0.01,42,avg,5,client_5.pt,0.14285714285714285,,
avg_only,small,organcmnist_224,convnext,7,0.01,42,avg,6,client_6.pt,0.14285714285714285,,
avg_only,small,organcmnist_224,convnext,7,0.1,42,avg,0,client_0.pt,0.14285714285714285,,
avg_only,small,organcmnist_224,convnext,7,0.1,42,avg,1,client_1.pt,0.14285714285714285,,
avg_only,small,organcmnist_224,convnext,7,0.1,42,avg,2,client_2.pt,0.14285714285714285,,
avg_only,small,organcmnist_224,convnext,7,0.1,42,avg,3,client_3.pt,0.14285714285714285,,
avg_only,small,organcmnist_224,convnext,7,0.1,42,avg,4,client_4.pt,0.14285714285714285,,
avg_only,small,organcmnist_224,convnext,7,0.1,42,avg,5,client_5.pt,0.14285714285714285,,
avg_only,small,organcmnist_224,convnext,7,0.1,42,avg,6,client_6.pt,0.14285714285714285,,
avg_only,small,organcmnist_224,resnet,3,0.0,42,avg,0,client_0.pt,0.3333333333333333,,
avg_only,small,organcmnist_224,resnet,3,0.0,42,avg,1,client_1.pt,0.3333333333333333,,
avg_only,small,organcmnist_224,resnet,3,0.0,42,avg,2,client_2.pt,0.3333333333333333,,
avg_only,small,organcmnist_224,resnet,3,0.01,42,avg,0,client_0.pt,0.3333333333333333,,
avg_only,small,organcmnist_224,resnet,3,0.01,42,avg,1,client_1.pt,0.3333333333333333,,
avg_only,small,organcmnist_224,resnet,3,0.01,42,avg,2,client_2.pt,0.3333333333333333,,
avg_only,small,organcmnist_224,resnet,3,0.1,42,avg,0,client_0.pt,0.3333333333333333,,
avg_only,small,organcmnist_224,resnet,3,0.1,42,avg,1,client_1.pt,0.3333333333333333,,
avg_only,small,organcmnist_224,resnet,3,0.1,42,avg,2,client_2.pt,0.3333333333333333,,
avg_only,small,organcmnist_224,resnet,5,0.0,42,avg,0,client_0.pt,0.2,,
avg_only,small,organcmnist_224,resnet,5,0.0,42,avg,1,client_1.pt,0.2,,
avg_only,small,organcmnist_224,resnet,5,0.0,42,avg,2,client_2.pt,0.2,,
avg_only,small,organcmnist_224,resnet,5,0.0,42,avg,3,client_3.pt,0.2,,
avg_only,small,organcmnist_224,resnet,5,0.0,42,avg,4,client_4.pt,0.2,,
avg_only,small,organcmnist_224,resnet,5,0.01,42,avg,0,client_0.pt,0.2,,
avg_only,small,organcmnist_224,resnet,5,0.01,42,avg,1,client_1.pt,0.2,,
avg_only,small,organcmnist_224,resnet,5,0.01,42,avg,2,client_2.pt,0.2,,
avg_only,small,organcmnist_224,resnet,5,0.01,42,avg,3,client_3.pt,0.2,,
avg_only,small,organcmnist_224,resnet,5,0.01,42,avg,4,client_4.pt,0.2,,
avg_only,small,organcmnist_224,resnet,5,0.1,42,avg,0,client_0.pt,0.2,,
avg_only,small,organcmnist_224,resnet,5,0.1,42,avg,1,client_1.pt,0.2,,
avg_only,small,organcmnist_224,resnet,5,0.1,42,avg,2,client_2.pt,0.2,,
avg_only,small,organcmnist_224,resnet,5,0.1,42,avg,3,client_3.pt,0.2,,
avg_only,small,organcmnist_224,resnet,5,0.1,42,avg,4,client_4.pt,0.2,,
avg_only,small,organcmnist_224,resnet,7,0.0,42,avg,0,client_0.pt,0.14285714285714285,,
avg_only,small,organcmnist_224,resnet,7,0.0,42,avg,1,client_1.pt,0.14285714285714285,,
avg_only,small,organcmnist_224,resnet,7,0.0,42,avg,2,client_2.pt,0.14285714285714285,,
avg_only,small,organcmnist_224,resnet,7,0.0,42,avg,3,client_3.pt,0.14285714285714285,,
avg_only,small,organcmnist_224,resnet,7,0.0,42,avg,4,client_4.pt,0.14285714285714285,,
avg_only,small,organcmnist_224,resnet,7,0.0,42,avg,5,client_5.pt,0.14285714285714285,,
avg_only,small,organcmnist_224,resnet,7,0.0,42,avg,6,client_6.pt,0.14285714285714285,,
avg_only,small,organcmnist_224,resnet,7,0.01,42,avg,0,client_0.pt,0.14285714285714285,,
avg_only,small,organcmnist_224,resnet,7,0.01,42,avg,1,client_1.pt,0.14285714285714285,,
avg_only,small,organcmnist_224,resnet,7,0.01,42,avg,2,client_2.pt,0.14285714285714285,,
avg_only,small,organcmnist_224,resnet,7,0.01,42,avg,3,client_3.pt,0.14285714285714285,,
avg_only,small,organcmnist_224,resnet,7,0.01,42,avg,4,client_4.pt,0.14285714285714285,,
avg_only,small,organcmnist_224,resnet,7,0.01,42,avg,5,client_5.pt,0.14285714285714285,,
avg_only,small,organcmnist_224,resnet,7,0.01,42,avg,6,client_6.pt,0.14285714285714285,,
avg_only,small,organcmnist_224,resnet,7,0.1,42,avg,0,client_0.pt,0.14285714285714285,,
avg_only,small,organcmnist_224,resnet,7,0.1,42,avg,1,client_1.pt,0.14285714285714285,,
avg_only,small,organcmnist_224,resnet,7,0.1,42,avg,2,client_2.pt,0.14285714285714285,,
avg_only,small,organcmnist_224,resnet,7,0.1,42,avg,3,client_3.pt,0.14285714285714285,,
avg_only,small,organcmnist_224,resnet,7,0.1,42,avg,4,client_4.pt,0.14285714285714285,,
avg_only,small,organcmnist_224,resnet,7,0.1,42,avg,5,client_5.pt,0.14285714285714285,,
avg_only,small,organcmnist_224,resnet,7,0.1,42,avg,6,client_6.pt,0.14285714285714285,,
avg_only,small,organcmnist_224,swin_tiny,3,0.0,42,avg,0,client_0.pt,0.3333333333333333,,
avg_only,small,organcmnist_224,swin_tiny,3,0.0,42,avg,1,client_1.pt,0.3333333333333333,,
avg_only,small,organcmnist_224,swin_tiny,3,0.0,42,avg,2,client_2.pt,0.3333333333333333,,
avg_only,small,organcmnist_224,swin_tiny,3,0.01,42,avg,0,client_0.pt,0.3333333333333333,,
avg_only,small,organcmnist_224,swin_tiny,3,0.01,42,avg,1,client_1.pt,0.3333333333333333,,
avg_only,small,organcmnist_224,swin_tiny,3,0.01,42,avg,2,client_2.pt,0.3333333333333333,,
avg_only,small,organcmnist_224,swin_tiny,3,0.1,42,avg,0,client_0.pt,0.3333333333333333,,
avg_only,small,organcmnist_224,swin_tiny,3,0.1,42,avg,1,client_1.pt,0.3333333333333333,,
avg_only,small,organcmnist_224,swin_tiny,3,0.1,42,avg,2,client_2.pt,0.3333333333333333,,
avg_only,small,organcmnist_224,swin_tiny,5,0.0,42,avg,0,client_0.pt,0.2,,
avg_only,small,organcmnist_224,swin_tiny,5,0.0,42,avg,1,client_1.pt,0.2,,
avg_only,small,organcmnist_224,swin_tiny,5,0.0,42,avg,2,client_2.pt,0.2,,
avg_only,small,organcmnist_224,swin_tiny,5,0.0,42,avg,3,client_3.pt,0.2,,
avg_only,small,organcmnist_224,swin_tiny,5,0.0,42,avg,4,client_4.pt,0.2,,
avg_only,small,organcmnist_224,swin_tiny,5,0.01,42,avg,0,client_0.pt,0.2,,
avg_only,small,organcmnist_224,swin_tiny,5,0.01,42,avg,1,client_1.pt,0.2,,
avg_only,small,organcmnist_224,swin_tiny,5,0.01,42,avg,2,client_2.pt,0.2,,
avg_only,small,organcmnist_224,swin_tiny,5,0.01,42,avg,3,client_3.pt,0.2,,
avg_only,small,organcmnist_224,swin_tiny,5,0.01,42,avg,4,client_4.pt,0.2,,
avg_only,small,organcmnist_224,swin_tiny,5,0.1,42,avg,0,client_0.pt,0.2,,
avg_only,small,organcmnist_224,swin_tiny,5,0.1,42,avg,1,client_1.pt,0.2,,
avg_only,small,organcmnist_224,swin_tiny,5,0.1,42,avg,2,client_2.pt,0.2,,
avg_only,small,organcmnist_224,swin_tiny,5,0.1,42,avg,3,client_3.pt,0.2,,
avg_only,small,organcmnist_224,swin_tiny,5,0.1,42,avg,4,client_4.pt,0.2,,
avg_only,small,organcmnist_224,swin_tiny,7,0.0,42,avg,0,client_0.pt,0.14285714285714285,,
avg_only,small,organcmnist_224,swin_tiny,7,0.0,42,avg,1,client_1.pt,0.14285714285714285,,
avg_only,small,organcmnist_224,swin_tiny,7,0.0,42,avg,2,client_2.pt,0.14285714285714285,,
avg_only,small,organcmnist_224,swin_tiny,7,0.0,42,avg,3,client_3.pt,0.14285714285714285,,
avg_only,small,organcmnist_224,swin_tiny,7,0.0,42,avg,4,client_4.pt,0.14285714285714285,,
avg_only,small,organcmnist_224,swin_tiny,7,0.0,42,avg,5,client_5.pt,0.14285714285714285,,
avg_only,small,organcmnist_224,swin_tiny,7,0.0,42,avg,6,client_6.pt,0.14285714285714285,,
avg_only,small,organcmnist_224,swin_tiny,7,0.01,42,avg,0,client_0.pt,0.14285714285714285,,
avg_only,small,organcmnist_224,swin_tiny,7,0.01,42,avg,1,client_1.pt,0.14285714285714285,,
avg_only,small,organcmnist_224,swin_tiny,7,0.01,42,avg,2,client_2.pt,0.14285714285714285,,
avg_only,small,organcmnist_224,swin_tiny,7,0.01,42,avg,3,client_3.pt,0.14285714285714285,,
avg_only,small,organcmnist_224,swin_tiny,7,0.01,42,avg,4,client_4.pt,0.14285714285714285,,
avg_only,small,organcmnist_224,swin_tiny,7,0.01,42,avg,5,client_5.pt,0.14285714285714285,,
avg_only,small,organcmnist_224,swin_tiny,7,0.01,42,avg,6,client_6.pt,0.14285714285714285,,
avg_only,small,organcmnist_224,swin_tiny,7,0.1,42,avg,0,client_0.pt,0.14285714285714285,,
avg_only,small,organcmnist_224,swin_tiny,7,0.1,42,avg,1,client_1.pt,0.14285714285714285,,
avg_only,small,organcmnist_224,swin_tiny,7,0.1,42,avg,2,client_2.pt,0.14285714285714285,,
avg_only,small,organcmnist_224,swin_tiny,7,0.1,42,avg,3,client_3.pt,0.14285714285714285,,
avg_only,small,organcmnist_224,swin_tiny,7,0.1,42,avg,4,client_4.pt,0.14285714285714285,,
avg_only,small,organcmnist_224,swin_tiny,7,0.1,42,avg,5,client_5.pt,0.14285714285714285,,
avg_only,small,organcmnist_224,swin_tiny,7,0.1,42,avg,6,client_6.pt,0.14285714285714285,,
avg_only,small,organcmnist_224,vit_t,3,0.0,42,avg,0,client_0.pt,0.3333333333333333,,
avg_only,small,organcmnist_224,vit_t,3,0.0,42,avg,1,client_1.pt,0.3333333333333333,,
avg_only,small,organcmnist_224,vit_t,3,0.0,42,avg,2,client_2.pt,0.3333333333333333,,
avg_only,small,organcmnist_224,vit_t,3,0.01,42,avg,0,client_0.pt,0.3333333333333333,,
avg_only,small,organcmnist_224,vit_t,3,0.01,42,avg,1,client_1.pt,0.3333333333333333,,
avg_only,small,organcmnist_224,vit_t,3,0.01,42,avg,2,client_2.pt,0.3333333333333333,,
avg_only,small,organcmnist_224,vit_t,3,0.1,42,avg,0,client_0.pt,0.3333333333333333,,
avg_only,small,organcmnist_224,vit_t,3,0.1,42,avg,1,client_1.pt,0.3333333333333333,,
avg_only,small,organcmnist_224,vit_t,3,0.1,42,avg,2,client_2.pt,0.3333333333333333,,
avg_only,small,organcmnist_224,vit_t,5,0.0,42,avg,0,client_0.pt,0.2,,
avg_only,small,organcmnist_224,vit_t,5,0.0,42,avg,1,client_1.pt,0.2,,
avg_only,small,organcmnist_224,vit_t,5,0.0,42,avg,2,client_2.pt,0.2,,
avg_only,small,organcmnist_224,vit_t,5,0.0,42,avg,3,client_3.pt,0.2,,
avg_only,small,organcmnist_224,vit_t,5,0.0,42,avg,4,client_4.pt,0.2,,
avg_only,small,organcmnist_224,vit_t,5,0.01,42,avg,0,client_0.pt,0.2,,
avg_only,small,organcmnist_224,vit_t,5,0.01,42,avg,1,client_1.pt,0.2,,
avg_only,small,organcmnist_224,vit_t,5,0.01,42,avg,2,client_2.pt,0.2,,
avg_only,small,organcmnist_224,vit_t,5,0.01,42,avg,3,client_3.pt,0.2,,
avg_only,small,organcmnist_224,vit_t,5,0.01,42,avg,4,client_4.pt,0.2,,
avg_only,small,organcmnist_224,vit_t,5,0.1,42,avg,0,client_0.pt,0.2,,
avg_only,small,organcmnist_224,vit_t,5,0.1,42,avg,1,client_1.pt,0.2,,
avg_only,small,organcmnist_224,vit_t,5,0.1,42,avg,2,client_2.pt,0.2,,
avg_only,small,organcmnist_224,vit_t,5,0.1,42,avg,3,client_3.pt,0.2,,
avg_only,small,organcmnist_224,vit_t,5,0.1,42,avg,4,client_4.pt,0.2,,
avg_only,small,organcmnist_224,vit_t,7,0.0,42,avg,0,client_0.pt,0.14285714285714285,,
avg_only,small,organcmnist_224,vit_t,7,0.0,42,avg,1,client_1.pt,0.14285714285714285,,
avg_only,small,organcmnist_224,vit_t,7,0.0,42,avg,2,client_2.pt,0.14285714285714285,,
avg_only,small,organcmnist_224,vit_t,7,0.0,42,avg,3,client_3.pt,0.14285714285714285,,
avg_only,small,organcmnist_224,vit_t,7,0.0,42,avg,4,client_4.pt,0.14285714285714285,,
avg_only,small,organcmnist_224,vit_t,7,0.0,42,avg,5,client_5.pt,0.14285714285714285,,
avg_only,small,organcmnist_224,vit_t,7,0.0,42,avg,6,client_6.pt,0.14285714285714285,,
avg_only,small,organcmnist_224,vit_t,7,0.01,42,avg,0,client_0.pt,0.14285714285714285,,
avg_only,small,organcmnist_224,vit_t,7,0.01,42,avg,1,client_1.pt,0.14285714285714285,,
avg_only,small,organcmnist_224,vit_t,7,0.01,42,avg,2,client_2.pt,0.14285714285714285,,
avg_only,small,organcmnist_224,vit_t,7,0.01,42,avg,3,client_3.pt,0.14285714285714285,,
avg_only,small,organcmnist_224,vit_t,7,0.01,42,avg,4,client_4.pt,0.14285714285714285,,
avg_only,small,organcmnist_224,vit_t,7,0.01,42,avg,5,client_5.pt,0.14285714285714285,,
avg_only,small,organcmnist_224,vit_t,7,0.01,42,avg,6,client_6.pt,0.14285714285714285,,
avg_only,small,organcmnist_224,vit_t,7,0.1,42,avg,0,client_0.pt,0.14285714285714285,,
avg_only,small,organcmnist_224,vit_t,7,0.1,42,avg,1,client_1.pt,0.14285714285714285,,
avg_only,small,organcmnist_224,vit_t,7,0.1,42,avg,2,client_2.pt,0.14285714285714285,,
avg_only,small,organcmnist_224,vit_t,7,0.1,42,avg,3,client_3.pt,0.14285714285714285,,
avg_only,small,organcmnist_224,vit_t,7,0.1,42,avg,4,client_4.pt,0.14285714285714285,,
avg_only,small,organcmnist_224,vit_t,7,0.1,42,avg,5,client_5.pt,0.14285714285714285,,
avg_only,small,organcmnist_224,vit_t,7,0.1,42,avg,6,client_6.pt,0.14285714285714285,,
avg_only,small,organsmnist_224,convnext,3,0.0,42,avg,0,client_0.pt,0.3333333333333333,,
avg_only,small,organsmnist_224,convnext,3,0.0,42,avg,1,client_1.pt,0.3333333333333333,,
avg_only,small,organsmnist_224,convnext,3,0.0,42,avg,2,client_2.pt,0.3333333333333333,,
avg_only,small,organsmnist_224,convnext,3,0.01,42,avg,0,client_0.pt,0.3333333333333333,,
avg_only,small,organsmnist_224,convnext,3,0.01,42,avg,1,client_1.pt,0.3333333333333333,,
avg_only,small,organsmnist_224,convnext,3,0.01,42,avg,2,client_2.pt,0.3333333333333333,,
avg_only,small,organsmnist_224,convnext,3,0.1,42,avg,0,client_0.pt,0.3333333333333333,,
avg_only,small,organsmnist_224,convnext,3,0.1,42,avg,1,client_1.pt,0.3333333333333333,,
avg_only,small,organsmnist_224,convnext,3,0.1,42,avg,2,client_2.pt,0.3333333333333333,,
avg_only,small,organsmnist_224,convnext,5,0.0,42,avg,0,client_0.pt,0.2,,
avg_only,small,organsmnist_224,convnext,5,0.0,42,avg,1,client_1.pt,0.2,,
avg_only,small,organsmnist_224,convnext,5,0.0,42,avg,2,client_2.pt,0.2,,
avg_only,small,organsmnist_224,convnext,5,0.0,42,avg,3,client_3.pt,0.2,,
avg_only,small,organsmnist_224,convnext,5,0.0,42,avg,4,client_4.pt,0.2,,
avg_only,small,organsmnist_224,convnext,5,0.01,42,avg,0,client_0.pt,0.2,,
avg_only,small,organsmnist_224,convnext,5,0.01,42,avg,1,client_1.pt,0.2,,
avg_only,small,organsmnist_224,convnext,5,0.01,42,avg,2,client_2.pt,0.2,,
avg_only,small,organsmnist_224,convnext,5,0.01,42,avg,3,client_3.pt,0.2,,
avg_only,small,organsmnist_224,convnext,5,0.01,42,avg,4,client_4.pt,0.2,,
avg_only,small,organsmnist_224,convnext,5,0.1,42,avg,0,client_0.pt,0.2,,
avg_only,small,organsmnist_224,convnext,5,0.1,42,avg,1,client_1.pt,0.2,,
avg_only,small,organsmnist_224,convnext,5,0.1,42,avg,2,client_2.pt,0.2,,
avg_only,small,organsmnist_224,convnext,5,0.1,42,avg,3,client_3.pt,0.2,,
avg_only,small,organsmnist_224,convnext,5,0.1,42,avg,4,client_4.pt,0.2,,
avg_only,small,organsmnist_224,convnext,7,0.0,42,avg,0,client_0.pt,0.14285714285714285,,
avg_only,small,organsmnist_224,convnext,7,0.0,42,avg,1,client_1.pt,0.14285714285714285,,
avg_only,small,organsmnist_224,convnext,7,0.0,42,avg,2,client_2.pt,0.14285714285714285,,
avg_only,small,organsmnist_224,convnext,7,0.0,42,avg,3,client_3.pt,0.14285714285714285,,
avg_only,small,organsmnist_224,convnext,7,0.0,42,avg,4,client_4.pt,0.14285714285714285,,
avg_only,small,organsmnist_224,convnext,7,0.0,42,avg,5,client_5.pt,0.14285714285714285,,
avg_only,small,organsmnist_224,convnext,7,0.0,42,avg,6,client_6.pt,0.14285714285714285,,
avg_only,small,organsmnist_224,convnext,7,0.01,42,avg,0,client_0.pt,0.14285714285714285,,
avg_only,small,organsmnist_224,convnext,7,0.01,42,avg,1,client_1.pt,0.14285714285714285,,
avg_only,small,organsmnist_224,convnext,7,0.01,42,avg,2,client_2.pt,0.14285714285714285,,
avg_only,small,organsmnist_224,convnext,7,0.01,42,avg,3,client_3.pt,0.14285714285714285,,
avg_only,small,organsmnist_224,convnext,7,0.01,42,avg,4,client_4.pt,0.14285714285714285,,
avg_only,small,organsmnist_224,convnext,7,0.01,42,avg,5,client_5.pt,0.14285714285714285,,
avg_only,small,organsmnist_224,convnext,7,0.01,42,avg,6,client_6.pt,0.14285714285714285,,
avg_only,small,organsmnist_224,convnext,7,0.1,42,avg,0,client_0.pt,0.14285714285714285,,
avg_only,small,organsmnist_224,convnext,7,0.1,42,avg,1,client_1.pt,0.14285714285714285,,
avg_only,small,organsmnist_224,convnext,7,0.1,42,avg,2,client_2.pt,0.14285714285714285,,
avg_only,small,organsmnist_224,convnext,7,0.1,42,avg,3,client_3.pt,0.14285714285714285,,
avg_only,small,organsmnist_224,convnext,7,0.1,42,avg,4,client_4.pt,0.14285714285714285,,
avg_only,small,organsmnist_224,convnext,7,0.1,42,avg,5,client_5.pt,0.14285714285714285,,
avg_only,small,organsmnist_224,convnext,7,0.1,42,avg,6,client_6.pt,0.14285714285714285,,
avg_only,small,organsmnist_224,resnet,3,0.0,42,avg,0,client_0.pt,0.3333333333333333,,
avg_only,small,organsmnist_224,resnet,3,0.0,42,avg,1,client_1.pt,0.3333333333333333,,
avg_only,small,organsmnist_224,resnet,3,0.0,42,avg,2,client_2.pt,0.3333333333333333,,
avg_only,small,organsmnist_224,resnet,3,0.01,42,avg,0,client_0.pt,0.3333333333333333,,
avg_only,small,organsmnist_224,resnet,3,0.01,42,avg,1,client_1.pt,0.3333333333333333,,
avg_only,small,organsmnist_224,resnet,3,0.01,42,avg,2,client_2.pt,0.3333333333333333,,
avg_only,small,organsmnist_224,resnet,3,0.1,42,avg,0,client_0.pt,0.3333333333333333,,
avg_only,small,organsmnist_224,resnet,3,0.1,42,avg,1,client_1.pt,0.3333333333333333,,
avg_only,small,organsmnist_224,resnet,3,0.1,42,avg,2,client_2.pt,0.3333333333333333,,
avg_only,small,organsmnist_224,resnet,5,0.0,42,avg,0,client_0.pt,0.2,,
avg_only,small,organsmnist_224,resnet,5,0.0,42,avg,1,client_1.pt,0.2,,
avg_only,small,organsmnist_224,resnet,5,0.0,42,avg,2,client_2.pt,0.2,,
avg_only,small,organsmnist_224,resnet,5,0.0,42,avg,3,client_3.pt,0.2,,
avg_only,small,organsmnist_224,resnet,5,0.0,42,avg,4,client_4.pt,0.2,,
avg_only,small,organsmnist_224,resnet,5,0.01,42,avg,0,client_0.pt,0.2,,
avg_only,small,organsmnist_224,resnet,5,0.01,42,avg,1,client_1.pt,0.2,,
avg_only,small,organsmnist_224,resnet,5,0.01,42,avg,2,client_2.pt,0.2,,
avg_only,small,organsmnist_224,resnet,5,0.01,42,avg,3,client_3.pt,0.2,,
avg_only,small,organsmnist_224,resnet,5,0.01,42,avg,4,client_4.pt,0.2,,
avg_only,small,organsmnist_224,resnet,5,0.1,42,avg,0,client_0.pt,0.2,,
avg_only,small,organsmnist_224,resnet,5,0.1,42,avg,1,client_1.pt,0.2,,
avg_only,small,organsmnist_224,resnet,5,0.1,42,avg,2,client_2.pt,0.2,,
avg_only,small,organsmnist_224,resnet,5,0.1,42,avg,3,client_3.pt,0.2,,
avg_only,small,organsmnist_224,resnet,5,0.1,42,avg,4,client_4.pt,0.2,,
avg_only,small,organsmnist_224,resnet,7,0.0,42,avg,0,client_0.pt,0.14285714285714285,,
avg_only,small,organsmnist_224,resnet,7,0.0,42,avg,1,client_1.pt,0.14285714285714285,,
avg_only,small,organsmnist_224,resnet,7,0.0,42,avg,2,client_2.pt,0.14285714285714285,,
avg_only,small,organsmnist_224,resnet,7,0.0,42,avg,3,client_3.pt,0.14285714285714285,,
avg_only,small,organsmnist_224,resnet,7,0.0,42,avg,4,client_4.pt,0.14285714285714285,,
avg_only,small,organsmnist_224,resnet,7,0.0,42,avg,5,client_5.pt,0.14285714285714285,,
avg_only,small,organsmnist_224,resnet,7,0.0,42,avg,6,client_6.pt,0.14285714285714285,,
avg_only,small,organsmnist_224,resnet,7,0.01,42,avg,0,client_0.pt,0.14285714285714285,,
avg_only,small,organsmnist_224,resnet,7,0.01,42,avg,1,client_1.pt,0.14285714285714285,,
avg_only,small,organsmnist_224,resnet,7,0.01,42,avg,2,client_2.pt,0.14285714285714285,,
avg_only,small,organsmnist_224,resnet,7,0.01,42,avg,3,client_3.pt,0.14285714285714285,,
avg_only,small,organsmnist_224,resnet,7,0.01,42,avg,4,client_4.pt,0.14285714285714285,,
avg_only,small,organsmnist_224,resnet,7,0.01,42,avg,5,client_5.pt,0.14285714285714285,,
avg_only,small,organsmnist_224,resnet,7,0.01,42,avg,6,client_6.pt,0.14285714285714285,,
avg_only,small,organsmnist_224,resnet,7,0.1,42,avg,0,client_0.pt,0.14285714285714285,,
avg_only,small,organsmnist_224,resnet,7,0.1,42,avg,1,client_1.pt,0.14285714285714285,,
avg_only,small,organsmnist_224,resnet,7,0.1,42,avg,2,client_2.pt,0.14285714285714285,,
avg_only,small,organsmnist_224,resnet,7,0.1,42,avg,3,client_3.pt,0.14285714285714285,,
avg_only,small,organsmnist_224,resnet,7,0.1,42,avg,4,client_4.pt,0.14285714285714285,,
avg_only,small,organsmnist_224,resnet,7,0.1,42,avg,5,client_5.pt,0.14285714285714285,,
avg_only,small,organsmnist_224,resnet,7,0.1,42,avg,6,client_6.pt,0.14285714285714285,,
avg_only,small,organsmnist_224,swin_tiny,3,0.0,42,avg,0,client_0.pt,0.3333333333333333,,
avg_only,small,organsmnist_224,swin_tiny,3,0.0,42,avg,1,client_1.pt,0.3333333333333333,,
avg_only,small,organsmnist_224,swin_tiny,3,0.0,42,avg,2,client_2.pt,0.3333333333333333,,
avg_only,small,organsmnist_224,swin_tiny,3,0.01,42,avg,0,client_0.pt,0.3333333333333333,,
avg_only,small,organsmnist_224,swin_tiny,3,0.01,42,avg,1,client_1.pt,0.3333333333333333,,
avg_only,small,organsmnist_224,swin_tiny,3,0.01,42,avg,2,client_2.pt,0.3333333333333333,,
avg_only,small,organsmnist_224,swin_tiny,3,0.1,42,avg,0,client_0.pt,0.3333333333333333,,
avg_only,small,organsmnist_224,swin_tiny,3,0.1,42,avg,1,client_1.pt,0.3333333333333333,,
avg_only,small,organsmnist_224,swin_tiny,3,0.1,42,avg,2,client_2.pt,0.3333333333333333,,
avg_only,small,organsmnist_224,swin_tiny,5,0.0,42,avg,0,client_0.pt,0.2,,
avg_only,small,organsmnist_224,swin_tiny,5,0.0,42,avg,1,client_1.pt,0.2,,
avg_only,small,organsmnist_224,swin_tiny,5,0.0,42,avg,2,client_2.pt,0.2,,
avg_only,small,organsmnist_224,swin_tiny,5,0.0,42,avg,3,client_3.pt,0.2,,
avg_only,small,organsmnist_224,swin_tiny,5,0.0,42,avg,4,client_4.pt,0.2,,
avg_only,small,organsmnist_224,swin_tiny,5,0.01,42,avg,0,client_0.pt,0.2,,
avg_only,small,organsmnist_224,swin_tiny,5,0.01,42,avg,1,client_1.pt,0.2,,
avg_only,small,organsmnist_224,swin_tiny,5,0.01,42,avg,2,client_2.pt,0.2,,
avg_only,small,organsmnist_224,swin_tiny,5,0.01,42,avg,3,client_3.pt,0.2,,
avg_only,small,organsmnist_224,swin_tiny,5,0.01,42,avg,4,client_4.pt,0.2,,
avg_only,small,organsmnist_224,swin_tiny,5,0.1,42,avg,0,client_0.pt,0.2,,
avg_only,small,organsmnist_224,swin_tiny,5,0.1,42,avg,1,client_1.pt,0.2,,
avg_only,small,organsmnist_224,swin_tiny,5,0.1,42,avg,2,client_2.pt,0.2,,
avg_only,small,organsmnist_224,swin_tiny,5,0.1,42,avg,3,client_3.pt,0.2,,
avg_only,small,organsmnist_224,swin_tiny,5,0.1,42,avg,4,client_4.pt,0.2,,
avg_only,small,organsmnist_224,swin_tiny,7,0.0,42,avg,0,client_0.pt,0.14285714285714285,,
avg_only,small,organsmnist_224,swin_tiny,7,0.0,42,avg,1,client_1.pt,0.14285714285714285,,
avg_only,small,organsmnist_224,swin_tiny,7,0.0,42,avg,2,client_2.pt,0.14285714285714285,,
avg_only,small,organsmnist_224,swin_tiny,7,0.0,42,avg,3,client_3.pt,0.14285714285714285,,
avg_only,small,organsmnist_224,swin_tiny,7,0.0,42,avg,4,client_4.pt,0.14285714285714285,,
avg_only,small,organsmnist_224,swin_tiny,7,0.0,42,avg,5,client_5.pt,0.14285714285714285,,
avg_only,small,organsmnist_224,swin_tiny,7,0.0,42,avg,6,client_6.pt,0.14285714285714285,,
avg_only,small,organsmnist_224,swin_tiny,7,0.01,42,avg,0,client_0.pt,0.14285714285714285,,
avg_only,small,organsmnist_224,swin_tiny,7,0.01,42,avg,1,client_1.pt,0.14285714285714285,,
avg_only,small,organsmnist_224,swin_tiny,7,0.01,42,avg,2,client_2.pt,0.14285714285714285,,
avg_only,small,organsmnist_224,swin_tiny,7,0.01,42,avg,3,client_3.pt,0.14285714285714285,,
avg_only,small,organsmnist_224,swin_tiny,7,0.01,42,avg,4,client_4.pt,0.14285714285714285,,
avg_only,small,organsmnist_224,swin_tiny,7,0.01,42,avg,5,client_5.pt,0.14285714285714285,,
avg_only,small,organsmnist_224,swin_tiny,7,0.01,42,avg,6,client_6.pt,0.14285714285714285,,
avg_only,small,organsmnist_224,swin_tiny,7,0.1,42,avg,0,client_0.pt,0.14285714285714285,,
avg_only,small,organsmnist_224,swin_tiny,7,0.1,42,avg,1,client_1.pt,0.14285714285714285,,
avg_only,small,organsmnist_224,swin_tiny,7,0.1,42,avg,2,client_2.pt,0.14285714285714285,,
avg_only,small,organsmnist_224,swin_tiny,7,0.1,42,avg,3,client_3.pt,0.14285714285714285,,
avg_only,small,organsmnist_224,swin_tiny,7,0.1,42,avg,4,client_4.pt,0.14285714285714285,,
avg_only,small,organsmnist_224,swin_tiny,7,0.1,42,avg,5,client_5.pt,0.14285714285714285,,
avg_only,small,organsmnist_224,swin_tiny,7,0.1,42,avg,6,client_6.pt,0.14285714285714285,,
avg_only,small,organsmnist_224,vit_t,3,0.0,42,avg,0,client_0.pt,0.3333333333333333,,
avg_only,small,organsmnist_224,vit_t,3,0.0,42,avg,1,client_1.pt,0.3333333333333333,,
avg_only,small,organsmnist_224,vit_t,3,0.0,42,avg,2,client_2.pt,0.3333333333333333,,
avg_only,small,organsmnist_224,vit_t,3,0.01,42,avg,0,client_0.pt,0.3333333333333333,,
avg_only,small,organsmnist_224,vit_t,3,0.01,42,avg,1,client_1.pt,0.3333333333333333,,
avg_only,small,organsmnist_224,vit_t,3,0.01,42,avg,2,client_2.pt,0.3333333333333333,,
avg_only,small,organsmnist_224,vit_t,3,0.1,42,avg,0,client_0.pt,0.3333333333333333,,
avg_only,small,organsmnist_224,vit_t,3,0.1,42,avg,1,client_1.pt,0.3333333333333333,,
avg_only,small,organsmnist_224,vit_t,3,0.1,42,avg,2,client_2.pt,0.3333333333333333,,
avg_only,small,organsmnist_224,vit_t,5,0.0,42,avg,0,client_0.pt,0.2,,
avg_only,small,organsmnist_224,vit_t,5,0.0,42,avg,1,client_1.pt,0.2,,
avg_only,small,organsmnist_224,vit_t,5,0.0,42,avg,2,client_2.pt,0.2,,
avg_only,small,organsmnist_224,vit_t,5,0.0,42,avg,3,client_3.pt,0.2,,
avg_only,small,organsmnist_224,vit_t,5,0.0,42,avg,4,client_4.pt,0.2,,
avg_only,small,organsmnist_224,vit_t,5,0.01,42,avg,0,client_0.pt,0.2,,
avg_only,small,organsmnist_224,vit_t,5,0.01,42,avg,1,client_1.pt,0.2,,
avg_only,small,organsmnist_224,vit_t,5,0.01,42,avg,2,client_2.pt,0.2,,
avg_only,small,organsmnist_224,vit_t,5,0.01,42,avg,3,client_3.pt,0.2,,
avg_only,small,organsmnist_224,vit_t,5,0.01,42,avg,4,client_4.pt,0.2,,
avg_only,small,organsmnist_224,vit_t,5,0.1,42,avg,0,client_0.pt,0.2,,
avg_only,small,organsmnist_224,vit_t,5,0.1,42,avg,1,client_1.pt,0.2,,
avg_only,small,organsmnist_224,vit_t,5,0.1,42,avg,2,client_2.pt,0.2,,
avg_only,small,organsmnist_224,vit_t,5,0.1,42,avg,3,client_3.pt,0.2,,
avg_only,small,organsmnist_224,vit_t,5,0.1,42,avg,4,client_4.pt,0.2,,
avg_only,small,organsmnist_224,vit_t,7,0.0,42,avg,0,client_0.pt,0.14285714285714285,,
avg_only,small,organsmnist_224,vit_t,7,0.0,42,avg,1,client_1.pt,0.14285714285714285,,
avg_only,small,organsmnist_224,vit_t,7,0.0,42,avg,2,client_2.pt,0.14285714285714285,,
avg_only,small,organsmnist_224,vit_t,7,0.0,42,avg,3,client_3.pt,0.14285714285714285,,
avg_only,small,organsmnist_224,vit_t,7,0.0,42,avg,4,client_4.pt,0.14285714285714285,,
avg_only,small,organsmnist_224,vit_t,7,0.0,42,avg,5,client_5.pt,0.14285714285714285,,
avg_only,small,organsmnist_224,vit_t,7,0.0,42,avg,6,client_6.pt,0.14285714285714285,,
avg_only,small,organsmnist_224,vit_t,7,0.01,42,avg,0,client_0.pt,0.14285714285714285,,
avg_only,small,organsmnist_224,vit_t,7,0.01,42,avg,1,client_1.pt,0.14285714285714285,,
avg_only,small,organsmnist_224,vit_t,7,0.01,42,avg,2,client_2.pt,0.14285714285714285,,
avg_only,small,organsmnist_224,vit_t,7,0.01,42,avg,3,client_3.pt,0.14285714285714285,,
avg_only,small,organsmnist_224,vit_t,7,0.01,42,avg,4,client_4.pt,0.14285714285714285,,
avg_only,small,organsmnist_224,vit_t,7,0.01,42,avg,5,client_5.pt,0.14285714285714285,,
avg_only,small,organsmnist_224,vit_t,7,0.01,42,avg,6,client_6.pt,0.14285714285714285,,
avg_only,small,organsmnist_224,vit_t,7,0.1,42,avg,0,client_0.pt,0.14285714285714285,,
avg_only,small,organsmnist_224,vit_t,7,0.1,42,avg,1,client_1.pt,0.14285714285714285,,
avg_only,small,organsmnist_224,vit_t,7,0.1,42,avg,2,client_2.pt,0.14285714285714285,,
avg_only,small,organsmnist_224,vit_t,7,0.1,42,avg,3,client_3.pt,0.14285714285714285,,
avg_only,small,organsmnist_224,vit_t,7,0.1,42,avg,4,client_4.pt,0.14285714285714285,,
avg_only,small,organsmnist_224,vit_t,7,0.1,42,avg,5,client_5.pt,0.14285714285714285,,
avg_only,small,organsmnist_224,vit_t,7,0.1,42,avg,6,client_6.pt,0.14285714285714285,,
avg_only,vlm,bloodmnist_224,clip-vit-base-patch32,3,0.0,42,avg,0,client_0.pt,0.3333333333333333,,
avg_only,vlm,bloodmnist_224,clip-vit-base-patch32,3,0.0,42,avg,1,client_1.pt,0.3333333333333333,,
avg_only,vlm,bloodmnist_224,clip-vit-base-patch32,3,0.0,42,avg,2,client_2.pt,0.3333333333333333,,
avg_only,vlm,bloodmnist_224,clip-vit-base-patch32,3,0.01,42,avg,0,client_0.pt,0.3333333333333333,,
avg_only,vlm,bloodmnist_224,clip-vit-base-patch32,3,0.01,42,avg,1,client_1.pt,0.3333333333333333,,
avg_only,vlm,bloodmnist_224,clip-vit-base-patch32,3,0.01,42,avg,2,client_2.pt,0.3333333333333333,,
avg_only,vlm,bloodmnist_224,clip-vit-base-patch32,3,0.1,42,avg,0,client_0.pt,0.3333333333333333,,
avg_only,vlm,bloodmnist_224,clip-vit-base-patch32,3,0.1,42,avg,1,client_1.pt,0.3333333333333333,,
avg_only,vlm,bloodmnist_224,clip-vit-base-patch32,3,0.1,42,avg,2,client_2.pt,0.3333333333333333,,
avg_only,vlm,bloodmnist_224,clip-vit-base-patch32,5,0.0,42,avg,0,client_0.pt,0.2,,
avg_only,vlm,bloodmnist_224,clip-vit-base-patch32,5,0.0,42,avg,1,client_1.pt,0.2,,
avg_only,vlm,bloodmnist_224,clip-vit-base-patch32,5,0.0,42,avg,2,client_2.pt,0.2,,
avg_only,vlm,bloodmnist_224,clip-vit-base-patch32,5,0.0,42,avg,3,client_3.pt,0.2,,
avg_only,vlm,bloodmnist_224,clip-vit-base-patch32,5,0.0,42,avg,4,client_4.pt,0.2,,
avg_only,vlm,bloodmnist_224,clip-vit-base-patch32,5,0.01,42,avg,0,client_0.pt,0.2,,
avg_only,vlm,bloodmnist_224,clip-vit-base-patch32,5,0.01,42,avg,1,client_1.pt,0.2,,
avg_only,vlm,bloodmnist_224,clip-vit-base-patch32,5,0.01,42,avg,2,client_2.pt,0.2,,
avg_only,vlm,bloodmnist_224,clip-vit-base-patch32,5,0.01,42,avg,3,client_3.pt,0.2,,
avg_only,vlm,bloodmnist_224,clip-vit-base-patch32,5,0.01,42,avg,4,client_4.pt,0.2,,
avg_only,vlm,bloodmnist_224,clip-vit-base-patch32,5,0.1,42,avg,0,client_0.pt,0.2,,
avg_only,vlm,bloodmnist_224,clip-vit-base-patch32,5,0.1,42,avg,1,client_1.pt,0.2,,
avg_only,vlm,bloodmnist_224,clip-vit-base-patch32,5,0.1,42,avg,2,client_2.pt,0.2,,
avg_only,vlm,bloodmnist_224,clip-vit-base-patch32,5,0.1,42,avg,3,client_3.pt,0.2,,
avg_only,vlm,bloodmnist_224,clip-vit-base-patch32,5,0.1,42,avg,4,client_4.pt,0.2,,
avg_only,vlm,bloodmnist_224,clip-vit-base-patch32,7,0.0,42,avg,0,client_0.pt,0.14285714285714285,,
avg_only,vlm,bloodmnist_224,clip-vit-base-patch32,7,0.0,42,avg,1,client_1.pt,0.14285714285714285,,
avg_only,vlm,bloodmnist_224,clip-vit-base-patch32,7,0.0,42,avg,2,client_2.pt,0.14285714285714285,,
avg_only,vlm,bloodmnist_224,clip-vit-base-patch32,7,0.0,42,avg,3,client_3.pt,0.14285714285714285,,
avg_only,vlm,bloodmnist_224,clip-vit-base-patch32,7,0.0,42,avg,4,client_4.pt,0.14285714285714285,,
avg_only,vlm,bloodmnist_224,clip-vit-base-patch32,7,0.0,42,avg,5,client_5.pt,0.14285714285714285,,
avg_only,vlm,bloodmnist_224,clip-vit-base-patch32,7,0.0,42,avg,6,client_6.pt,0.14285714285714285,,
avg_only,vlm,bloodmnist_224,clip-vit-base-patch32,7,0.01,42,avg,0,client_0.pt,0.14285714285714285,,
avg_only,vlm,bloodmnist_224,clip-vit-base-patch32,7,0.01,42,avg,1,client_1.pt,0.14285714285714285,,
avg_only,vlm,bloodmnist_224,clip-vit-base-patch32,7,0.01,42,avg,2,client_2.pt,0.14285714285714285,,
avg_only,vlm,bloodmnist_224,clip-vit-base-patch32,7,0.01,42,avg,3,client_3.pt,0.14285714285714285,,
avg_only,vlm,bloodmnist_224,clip-vit-base-patch32,7,0.01,42,avg,4,client_4.pt,0.14285714285714285,,
avg_only,vlm,bloodmnist_224,clip-vit-base-patch32,7,0.01,42,avg,5,client_5.pt,0.14285714285714285,,
avg_only,vlm,bloodmnist_224,clip-vit-base-patch32,7,0.01,42,avg,6,client_6.pt,0.14285714285714285,,
avg_only,vlm,bloodmnist_224,clip-vit-base-patch32,7,0.1,42,avg,0,client_0.pt,0.14285714285714285,,
avg_only,vlm,bloodmnist_224,clip-vit-base-patch32,7,0.1,42,avg,1,client_1.pt,0.14285714285714285,,
avg_only,vlm,bloodmnist_224,clip-vit-base-patch32,7,0.1,42,avg,2,client_2.pt,0.14285714285714285,,
avg_only,vlm,bloodmnist_224,clip-vit-base-patch32,7,0.1,42,avg,3,client_3.pt,0.14285714285714285,,
avg_only,vlm,bloodmnist_224,clip-vit-base-patch32,7,0.1,42,avg,4,client_4.pt,0.14285714285714285,,
avg_only,vlm,bloodmnist_224,clip-vit-base-patch32,7,0.1,42,avg,5,client_5.pt,0.14285714285714285,,
avg_only,vlm,bloodmnist_224,clip-vit-base-patch32,7,0.1,42,avg,6,client_6.pt,0.14285714285714285,,
avg_only,vlm,chaoshengmnist_224,clip-vit-base-patch32,3,0.0,42,avg,0,client_0.pt,0.3333333333333333,,
avg_only,vlm,chaoshengmnist_224,clip-vit-base-patch32,3,0.0,42,avg,1,client_1.pt,0.3333333333333333,,
avg_only,vlm,chaoshengmnist_224,clip-vit-base-patch32,3,0.0,42,avg,2,client_2.pt,0.3333333333333333,,
avg_only,vlm,chaoshengmnist_224,clip-vit-base-patch32,3,0.01,42,avg,0,client_0.pt,0.3333333333333333,,
avg_only,vlm,chaoshengmnist_224,clip-vit-base-patch32,3,0.01,42,avg,1,client_1.pt,0.3333333333333333,,
avg_only,vlm,chaoshengmnist_224,clip-vit-base-patch32,3,0.01,42,avg,2,client_2.pt,0.3333333333333333,,
avg_only,vlm,chaoshengmnist_224,clip-vit-base-patch32,3,0.1,42,avg,0,client_0.pt,0.3333333333333333,,
avg_only,vlm,chaoshengmnist_224,clip-vit-base-patch32,3,0.1,42,avg,1,client_1.pt,0.3333333333333333,,
avg_only,vlm,chaoshengmnist_224,clip-vit-base-patch32,3,0.1,42,avg,2,client_2.pt,0.3333333333333333,,
avg_only,vlm,chaoshengmnist_224,clip-vit-base-patch32,5,0.0,42,avg,0,client_0.pt,0.2,,
avg_only,vlm,chaoshengmnist_224,clip-vit-base-patch32,5,0.0,42,avg,1,client_1.pt,0.2,,
avg_only,vlm,chaoshengmnist_224,clip-vit-base-patch32,5,0.0,42,avg,2,client_2.pt,0.2,,
avg_only,vlm,chaoshengmnist_224,clip-vit-base-patch32,5,0.0,42,avg,3,client_3.pt,0.2,,
avg_only,vlm,chaoshengmnist_224,clip-vit-base-patch32,5,0.0,42,avg,4,client_4.pt,0.2,,
avg_only,vlm,chaoshengmnist_224,clip-vit-base-patch32,5,0.01,42,avg,0,client_0.pt,0.2,,
avg_only,vlm,chaoshengmnist_224,clip-vit-base-patch32,5,0.01,42,avg,1,client_1.pt,0.2,,
avg_only,vlm,chaoshengmnist_224,clip-vit-base-patch32,5,0.01,42,avg,2,client_2.pt,0.2,,
avg_only,vlm,chaoshengmnist_224,clip-vit-base-patch32,5,0.01,42,avg,3,client_3.pt,0.2,,
avg_only,vlm,chaoshengmnist_224,clip-vit-base-patch32,5,0.01,42,avg,4,client_4.pt,0.2,,
avg_only,vlm,chaoshengmnist_224,clip-vit-base-patch32,5,0.1,42,avg,0,client_0.pt,0.2,,
avg_only,vlm,chaoshengmnist_224,clip-vit-base-patch32,5,0.1,42,avg,1,client_1.pt,0.2,,
avg_only,vlm,chaoshengmnist_224,clip-vit-base-patch32,5,0.1,42,avg,2,client_2.pt,0.2,,
avg_only,vlm,chaoshengmnist_224,clip-vit-base-patch32,5,0.1,42,avg,3,client_3.pt,0.2,,
avg_only,vlm,chaoshengmnist_224,clip-vit-base-patch32,5,0.1,42,avg,4,client_4.pt,0.2,,
avg_only,vlm,chaoshengmnist_224,clip-vit-base-patch32,7,0.0,42,avg,0,client_0.pt,0.14285714285714285,,
avg_only,vlm,chaoshengmnist_224,clip-vit-base-patch32,7,0.0,42,avg,1,client_1.pt,0.14285714285714285,,
avg_only,vlm,chaoshengmnist_224,clip-vit-base-patch32,7,0.0,42,avg,2,client_2.pt,0.14285714285714285,,
avg_only,vlm,chaoshengmnist_224,clip-vit-base-patch32,7,0.0,42,avg,3,client_3.pt,0.14285714285714285,,
avg_only,vlm,chaoshengmnist_224,clip-vit-base-patch32,7,0.0,42,avg,4,client_4.pt,0.14285714285714285,,
avg_only,vlm,chaoshengmnist_224,clip-vit-base-patch32,7,0.0,42,avg,5,client_5.pt,0.14285714285714285,,
avg_only,vlm,chaoshengmnist_224,clip-vit-base-patch32,7,0.0,42,avg,6,client_6.pt,0.14285714285714285,,
avg_only,vlm,chaoshengmnist_224,clip-vit-base-patch32,7,0.01,42,avg,0,client_0.pt,0.14285714285714285,,
avg_only,vlm,chaoshengmnist_224,clip-vit-base-patch32,7,0.01,42,avg,1,client_1.pt,0.14285714285714285,,
avg_only,vlm,chaoshengmnist_224,clip-vit-base-patch32,7,0.01,42,avg,2,client_2.pt,0.14285714285714285,,
avg_only,vlm,chaoshengmnist_224,clip-vit-base-patch32,7,0.01,42,avg,3,client_3.pt,0.14285714285714285,,
avg_only,vlm,chaoshengmnist_224,clip-vit-base-patch32,7,0.01,42,avg,4,client_4.pt,0.14285714285714285,,
avg_only,vlm,chaoshengmnist_224,clip-vit-base-patch32,7,0.01,42,avg,5,client_5.pt,0.14285714285714285,,
avg_only,vlm,chaoshengmnist_224,clip-vit-base-patch32,7,0.01,42,avg,6,client_6.pt,0.14285714285714285,,
avg_only,vlm,chaoshengmnist_224,clip-vit-base-patch32,7,0.1,42,avg,0,client_0.pt,0.14285714285714285,,
avg_only,vlm,chaoshengmnist_224,clip-vit-base-patch32,7,0.1,42,avg,1,client_1.pt,0.14285714285714285,,
avg_only,vlm,chaoshengmnist_224,clip-vit-base-patch32,7,0.1,42,avg,2,client_2.pt,0.14285714285714285,,
avg_only,vlm,chaoshengmnist_224,clip-vit-base-patch32,7,0.1,42,avg,3,client_3.pt,0.14285714285714285,,
avg_only,vlm,chaoshengmnist_224,clip-vit-base-patch32,7,0.1,42,avg,4,client_4.pt,0.14285714285714285,,
avg_only,vlm,chaoshengmnist_224,clip-vit-base-patch32,7,0.1,42,avg,5,client_5.pt,0.14285714285714285,,
avg_only,vlm,chaoshengmnist_224,clip-vit-base-patch32,7,0.1,42,avg,6,client_6.pt,0.14285714285714285,,
avg_only,vlm,dermamnist_224,clip-vit-base-patch32,3,0.0,42,avg,0,client_0.pt,0.3333333333333333,,
avg_only,vlm,dermamnist_224,clip-vit-base-patch32,3,0.0,42,avg,1,client_1.pt,0.3333333333333333,,
avg_only,vlm,dermamnist_224,clip-vit-base-patch32,3,0.0,42,avg,2,client_2.pt,0.3333333333333333,,
avg_only,vlm,dermamnist_224,clip-vit-base-patch32,3,0.01,42,avg,0,client_0.pt,0.3333333333333333,,
avg_only,vlm,dermamnist_224,clip-vit-base-patch32,3,0.01,42,avg,1,client_1.pt,0.3333333333333333,,
avg_only,vlm,dermamnist_224,clip-vit-base-patch32,3,0.01,42,avg,2,client_2.pt,0.3333333333333333,,
avg_only,vlm,dermamnist_224,clip-vit-base-patch32,3,0.1,42,avg,0,client_0.pt,0.3333333333333333,,
avg_only,vlm,dermamnist_224,clip-vit-base-patch32,3,0.1,42,avg,1,client_1.pt,0.3333333333333333,,
avg_only,vlm,dermamnist_224,clip-vit-base-patch32,3,0.1,42,avg,2,client_2.pt,0.3333333333333333,,
avg_only,vlm,dermamnist_224,clip-vit-base-patch32,5,0.0,42,avg,0,client_0.pt,0.2,,
avg_only,vlm,dermamnist_224,clip-vit-base-patch32,5,0.0,42,avg,1,client_1.pt,0.2,,
avg_only,vlm,dermamnist_224,clip-vit-base-patch32,5,0.0,42,avg,2,client_2.pt,0.2,,
avg_only,vlm,dermamnist_224,clip-vit-base-patch32,5,0.0,42,avg,3,client_3.pt,0.2,,
avg_only,vlm,dermamnist_224,clip-vit-base-patch32,5,0.0,42,avg,4,client_4.pt,0.2,,
avg_only,vlm,dermamnist_224,clip-vit-base-patch32,5,0.01,42,avg,0,client_0.pt,0.2,,
avg_only,vlm,dermamnist_224,clip-vit-base-patch32,5,0.01,42,avg,1,client_1.pt,0.2,,
avg_only,vlm,dermamnist_224,clip-vit-base-patch32,5,0.01,42,avg,2,client_2.pt,0.2,,
avg_only,vlm,dermamnist_224,clip-vit-base-patch32,5,0.01,42,avg,3,client_3.pt,0.2,,
avg_only,vlm,dermamnist_224,clip-vit-base-patch32,5,0.01,42,avg,4,client_4.pt,0.2,,
avg_only,vlm,dermamnist_224,clip-vit-base-patch32,5,0.1,42,avg,0,client_0.pt,0.2,,
avg_only,vlm,dermamnist_224,clip-vit-base-patch32,5,0.1,42,avg,1,client_1.pt,0.2,,
avg_only,vlm,dermamnist_224,clip-vit-base-patch32,5,0.1,42,avg,2,client_2.pt,0.2,,
avg_only,vlm,dermamnist_224,clip-vit-base-patch32,5,0.1,42,avg,3,client_3.pt,0.2,,
avg_only,vlm,dermamnist_224,clip-vit-base-patch32,5,0.1,42,avg,4,client_4.pt,0.2,,
avg_only,vlm,dermamnist_224,clip-vit-base-patch32,7,0.0,42,avg,0,client_0.pt,0.14285714285714285,,
avg_only,vlm,dermamnist_224,clip-vit-base-patch32,7,0.0,42,avg,1,client_1.pt,0.14285714285714285,,
avg_only,vlm,dermamnist_224,clip-vit-base-patch32,7,0.0,42,avg,2,client_2.pt,0.14285714285714285,,
avg_only,vlm,dermamnist_224,clip-vit-base-patch32,7,0.0,42,avg,3,client_3.pt,0.14285714285714285,,
avg_only,vlm,dermamnist_224,clip-vit-base-patch32,7,0.0,42,avg,4,client_4.pt,0.14285714285714285,,
avg_only,vlm,dermamnist_224,clip-vit-base-patch32,7,0.0,42,avg,5,client_5.pt,0.14285714285714285,,
avg_only,vlm,dermamnist_224,clip-vit-base-patch32,7,0.0,42,avg,6,client_6.pt,0.14285714285714285,,
avg_only,vlm,dermamnist_224,clip-vit-base-patch32,7,0.01,42,avg,0,client_0.pt,0.14285714285714285,,
avg_only,vlm,dermamnist_224,clip-vit-base-patch32,7,0.01,42,avg,1,client_1.pt,0.14285714285714285,,
avg_only,vlm,dermamnist_224,clip-vit-base-patch32,7,0.01,42,avg,2,client_2.pt,0.14285714285714285,,
avg_only,vlm,dermamnist_224,clip-vit-base-patch32,7,0.01,42,avg,3,client_3.pt,0.14285714285714285,,
avg_only,vlm,dermamnist_224,clip-vit-base-patch32,7,0.01,42,avg,4,client_4.pt,0.14285714285714285,,
avg_only,vlm,dermamnist_224,clip-vit-base-patch32,7,0.01,42,avg,5,client_5.pt,0.14285714285714285,,
avg_only,vlm,dermamnist_224,clip-vit-base-patch32,7,0.01,42,avg,6,client_6.pt,0.14285714285714285,,
avg_only,vlm,dermamnist_224,clip-vit-base-patch32,7,0.1,42,avg,0,client_0.pt,0.14285714285714285,,
avg_only,vlm,dermamnist_224,clip-vit-base-patch32,7,0.1,42,avg,1,client_1.pt,0.14285714285714285,,
avg_only,vlm,dermamnist_224,clip-vit-base-patch32,7,0.1,42,avg,2,client_2.pt,0.14285714285714285,,
avg_only,vlm,dermamnist_224,clip-vit-base-patch32,7,0.1,42,avg,3,client_3.pt,0.14285714285714285,,
avg_only,vlm,dermamnist_224,clip-vit-base-patch32,7,0.1,42,avg,4,client_4.pt,0.14285714285714285,,
avg_only,vlm,dermamnist_224,clip-vit-base-patch32,7,0.1,42,avg,5,client_5.pt,0.14285714285714285,,
avg_only,vlm,dermamnist_224,clip-vit-base-patch32,7,0.1,42,avg,6,client_6.pt,0.14285714285714285,,
avg_only,vlm,organcmnist_224,clip-vit-base-patch32,3,0.0,42,avg,0,client_0.pt,0.3333333333333333,,
avg_only,vlm,organcmnist_224,clip-vit-base-patch32,3,0.0,42,avg,1,client_1.pt,0.3333333333333333,,
avg_only,vlm,organcmnist_224,clip-vit-base-patch32,3,0.0,42,avg,2,client_2.pt,0.3333333333333333,,
avg_only,vlm,organcmnist_224,clip-vit-base-patch32,3,0.01,42,avg,0,client_0.pt,0.3333333333333333,,
avg_only,vlm,organcmnist_224,clip-vit-base-patch32,3,0.01,42,avg,1,client_1.pt,0.3333333333333333,,
avg_only,vlm,organcmnist_224,clip-vit-base-patch32,3,0.01,42,avg,2,client_2.pt,0.3333333333333333,,
avg_only,vlm,organcmnist_224,clip-vit-base-patch32,3,0.1,42,avg,0,client_0.pt,0.3333333333333333,,
avg_only,vlm,organcmnist_224,clip-vit-base-patch32,3,0.1,42,avg,1,client_1.pt,0.3333333333333333,,
avg_only,vlm,organcmnist_224,clip-vit-base-patch32,3,0.1,42,avg,2,client_2.pt,0.3333333333333333,,
avg_only,vlm,organcmnist_224,clip-vit-base-patch32,5,0.0,42,avg,0,client_0.pt,0.2,,
avg_only,vlm,organcmnist_224,clip-vit-base-patch32,5,0.0,42,avg,1,client_1.pt,0.2,,
avg_only,vlm,organcmnist_224,clip-vit-base-patch32,5,0.0,42,avg,2,client_2.pt,0.2,,
avg_only,vlm,organcmnist_224,clip-vit-base-patch32,5,0.0,42,avg,3,client_3.pt,0.2,,
avg_only,vlm,organcmnist_224,clip-vit-base-patch32,5,0.0,42,avg,4,client_4.pt,0.2,,
avg_only,vlm,organcmnist_224,clip-vit-base-patch32,5,0.01,42,avg,0,client_0.pt,0.2,,
avg_only,vlm,organcmnist_224,clip-vit-base-patch32,5,0.01,42,avg,1,client_1.pt,0.2,,
avg_only,vlm,organcmnist_224,clip-vit-base-patch32,5,0.01,42,avg,2,client_2.pt,0.2,,
avg_only,vlm,organcmnist_224,clip-vit-base-patch32,5,0.01,42,avg,3,client_3.pt,0.2,,
avg_only,vlm,organcmnist_224,clip-vit-base-patch32,5,0.01,42,avg,4,client_4.pt,0.2,,
avg_only,vlm,organcmnist_224,clip-vit-base-patch32,5,0.1,42,avg,0,client_0.pt,0.2,,
avg_only,vlm,organcmnist_224,clip-vit-base-patch32,5,0.1,42,avg,1,client_1.pt,0.2,,
avg_only,vlm,organcmnist_224,clip-vit-base-patch32,5,0.1,42,avg,2,client_2.pt,0.2,,
avg_only,vlm,organcmnist_224,clip-vit-base-patch32,5,0.1,42,avg,3,client_3.pt,0.2,,
avg_only,vlm,organcmnist_224,clip-vit-base-patch32,5,0.1,42,avg,4,client_4.pt,0.2,,
avg_only,vlm,organcmnist_224,clip-vit-base-patch32,7,0.0,42,avg,0,client_0.pt,0.14285714285714285,,
avg_only,vlm,organcmnist_224,clip-vit-base-patch32,7,0.0,42,avg,1,client_1.pt,0.14285714285714285,,
avg_only,vlm,organcmnist_224,clip-vit-base-patch32,7,0.0,42,avg,2,client_2.pt,0.14285714285714285,,
avg_only,vlm,organcmnist_224,clip-vit-base-patch32,7,0.0,42,avg,3,client_3.pt,0.14285714285714285,,
avg_only,vlm,organcmnist_224,clip-vit-base-patch32,7,0.0,42,avg,4,client_4.pt,0.14285714285714285,,
avg_only,vlm,organcmnist_224,clip-vit-base-patch32,7,0.0,42,avg,5,client_5.pt,0.14285714285714285,,
avg_only,vlm,organcmnist_224,clip-vit-base-patch32,7,0.0,42,avg,6,client_6.pt,0.14285714285714285,,
avg_only,vlm,organcmnist_224,clip-vit-base-patch32,7,0.01,42,avg,0,client_0.pt,0.14285714285714285,,
avg_only,vlm,organcmnist_224,clip-vit-base-patch32,7,0.01,42,avg,1,client_1.pt,0.14285714285714285,,
avg_only,vlm,organcmnist_224,clip-vit-base-patch32,7,0.01,42,avg,2,client_2.pt,0.14285714285714285,,
avg_only,vlm,organcmnist_224,clip-vit-base-patch32,7,0.01,42,avg,3,client_3.pt,0.14285714285714285,,
avg_only,vlm,organcmnist_224,clip-vit-base-patch32,7,0.01,42,avg,4,client_4.pt,0.14285714285714285,,
avg_only,vlm,organcmnist_224,clip-vit-base-patch32,7,0.01,42,avg,5,client_5.pt,0.14285714285714285,,
avg_only,vlm,organcmnist_224,clip-vit-base-patch32,7,0.01,42,avg,6,client_6.pt,0.14285714285714285,,
avg_only,vlm,organcmnist_224,clip-vit-base-patch32,7,0.1,42,avg,0,client_0.pt,0.14285714285714285,,
avg_only,vlm,organcmnist_224,clip-vit-base-patch32,7,0.1,42,avg,1,client_1.pt,0.14285714285714285,,
avg_only,vlm,organcmnist_224,clip-vit-base-patch32,7,0.1,42,avg,2,client_2.pt,0.14285714285714285,,
avg_only,vlm,organcmnist_224,clip-vit-base-patch32,7,0.1,42,avg,3,client_3.pt,0.14285714285714285,,
avg_only,vlm,organcmnist_224,clip-vit-base-patch32,7,0.1,42,avg,4,client_4.pt,0.14285714285714285,,
avg_only,vlm,organcmnist_224,clip-vit-base-patch32,7,0.1,42,avg,5,client_5.pt,0.14285714285714285,,
avg_only,vlm,organcmnist_224,clip-vit-base-patch32,7,0.1,42,avg,6,client_6.pt,0.14285714285714285,,
avg_only,vlm,organsmnist_224,clip-vit-base-patch32,3,0.0,42,avg,0,client_0.pt,0.3333333333333333,,
avg_only,vlm,organsmnist_224,clip-vit-base-patch32,3,0.0,42,avg,1,client_1.pt,0.3333333333333333,,
avg_only,vlm,organsmnist_224,clip-vit-base-patch32,3,0.0,42,avg,2,client_2.pt,0.3333333333333333,,
avg_only,vlm,organsmnist_224,clip-vit-base-patch32,3,0.01,42,avg,0,client_0.pt,0.3333333333333333,,
avg_only,vlm,organsmnist_224,clip-vit-base-patch32,3,0.01,42,avg,1,client_1.pt,0.3333333333333333,,
avg_only,vlm,organsmnist_224,clip-vit-base-patch32,3,0.01,42,avg,2,client_2.pt,0.3333333333333333,,
avg_only,vlm,organsmnist_224,clip-vit-base-patch32,3,0.1,42,avg,0,client_0.pt,0.3333333333333333,,
avg_only,vlm,organsmnist_224,clip-vit-base-patch32,3,0.1,42,avg,1,client_1.pt,0.3333333333333333,,
avg_only,vlm,organsmnist_224,clip-vit-base-patch32,3,0.1,42,avg,2,client_2.pt,0.3333333333333333,,
avg_only,vlm,organsmnist_224,clip-vit-base-patch32,5,0.0,42,avg,0,client_0.pt,0.2,,
avg_only,vlm,organsmnist_224,clip-vit-base-patch32,5,0.0,42,avg,1,client_1.pt,0.2,,
avg_only,vlm,organsmnist_224,clip-vit-base-patch32,5,0.0,42,avg,2,client_2.pt,0.2,,
avg_only,vlm,organsmnist_224,clip-vit-base-patch32,5,0.0,42,avg,3,client_3.pt,0.2,,
avg_only,vlm,organsmnist_224,clip-vit-base-patch32,5,0.0,42,avg,4,client_4.pt,0.2,,
avg_only,vlm,organsmnist_224,clip-vit-base-patch32,5,0.01,42,avg,0,client_0.pt,0.2,,
avg_only,vlm,organsmnist_224,clip-vit-base-patch32,5,0.01,42,avg,1,client_1.pt,0.2,,
avg_only,vlm,organsmnist_224,clip-vit-base-patch32,5,0.01,42,avg,2,client_2.pt,0.2,,
avg_only,vlm,organsmnist_224,clip-vit-base-patch32,5,0.01,42,avg,3,client_3.pt,0.2,,
avg_only,vlm,organsmnist_224,clip-vit-base-patch32,5,0.01,42,avg,4,client_4.pt,0.2,,
avg_only,vlm,organsmnist_224,clip-vit-base-patch32,5,0.1,42,avg,0,client_0.pt,0.2,,
avg_only,vlm,organsmnist_224,clip-vit-base-patch32,5,0.1,42,avg,1,client_1.pt,0.2,,
avg_only,vlm,organsmnist_224,clip-vit-base-patch32,5,0.1,42,avg,2,client_2.pt,0.2,,
avg_only,vlm,organsmnist_224,clip-vit-base-patch32,5,0.1,42,avg,3,client_3.pt,0.2,,
avg_only,vlm,organsmnist_224,clip-vit-base-patch32,5,0.1,42,avg,4,client_4.pt,0.2,,
avg_only,vlm,organsmnist_224,clip-vit-base-patch32,7,0.0,42,avg,0,client_0.pt,0.14285714285714285,,
avg_only,vlm,organsmnist_224,clip-vit-base-patch32,7,0.0,42,avg,1,client_1.pt,0.14285714285714285,,
avg_only,vlm,organsmnist_224,clip-vit-base-patch32,7,0.0,42,avg,2,client_2.pt,0.14285714285714285,,
avg_only,vlm,organsmnist_224,clip-vit-base-patch32,7,0.0,42,avg,3,client_3.pt,0.14285714285714285,,
avg_only,vlm,organsmnist_224,clip-vit-base-patch32,7,0.0,42,avg,4,client_4.pt,0.14285714285714285,,
avg_only,vlm,organsmnist_224,clip-vit-base-patch32,7,0.0,42,avg,5,client_5.pt,0.14285714285714285,,
avg_only,vlm,organsmnist_224,clip-vit-base-patch32,7,0.0,42,avg,6,client_6.pt,0.14285714285714285,,
avg_only,vlm,organsmnist_224,clip-vit-base-patch32,7,0.01,42,avg,0,client_0.pt,0.14285714285714285,,
avg_only,vlm,organsmnist_224,clip-vit-base-patch32,7,0.01,42,avg,1,client_1.pt,0.14285714285714285,,
avg_only,vlm,organsmnist_224,clip-vit-base-patch32,7,0.01,42,avg,2,client_2.pt,0.14285714285714285,,
avg_only,vlm,organsmnist_224,clip-vit-base-patch32,7,0.01,42,avg,3,client_3.pt,0.14285714285714285,,
avg_only,vlm,organsmnist_224,clip-vit-base-patch32,7,0.01,42,avg,4,client_4.pt,0.14285714285714285,,
avg_only,vlm,organsmnist_224,clip-vit-base-patch32,7,0.01,42,avg,5,client_5.pt,0.14285714285714285,,
avg_only,vlm,organsmnist_224,clip-vit-base-patch32,7,0.01,42,avg,6,client_6.pt,0.14285714285714285,,
avg_only,vlm,organsmnist_224,clip-vit-base-patch32,7,0.1,42,avg,0,client_0.pt,0.14285714285714285,,
avg_only,vlm,organsmnist_224,clip-vit-base-patch32,7,0.1,42,avg,1,client_1.pt,0.14285714285714285,,
avg_only,vlm,organsmnist_224,clip-vit-base-patch32,7,0.1,42,avg,2,client_2.pt,0.14285714285714285,,
avg_only,vlm,organsmnist_224,clip-vit-base-patch32,7,0.1,42,avg,3,client_3.pt,0.14285714285714285,,
avg_only,vlm,organsmnist_224,clip-vit-base-patch32,7,0.1,42,avg,4,client_4.pt,0.14285714285714285,,
avg_only,vlm,organsmnist_224,clip-vit-base-patch32,7,0.1,42,avg,5,client_5.pt,0.14285714285714285,,
avg_only,vlm,organsmnist_224,clip-vit-base-patch32,7,0.1,42,avg,6,client_6.pt,0.14285714285714285,,
