task_type,dataset,model,num_clients,beta,seed,mode,label,prototype_mode,evidence_mode,num_classes,covered_classes,mean_class_support,min_class_support,max_class_support,mean_pairwise_cosine,mean_pairwise_distance,min_pairwise_distance,mean_nearest_class_cosine,mean_nearest_class_distance,prototype_consistency,prototype_to_client_alignment,mean_evidence_entropy_norm
small,bloodmnist_224,convnext,3,0,42,full,Full prototype,reference_prototype,support_power,8,8,976.75,849.0,1024.0,0.9195603132247925,0.08043970167636871,0.025569915771484375,0.965461015701294,0.03453899174928665,,,0.0
small,bloodmnist_224,convnext,3,0,42,prototype_head_agg,Classifier-head aggregation,classifier_head_aggregation,support_power,8,8,976.75,849.0,1024.0,0.04161195084452629,0.9583880305290222,0.7346347570419312,0.20189642906188965,0.7981035709381104,,,0.0
small,bloodmnist_224,convnext,3,0,42,global_feature_mean,Global-feature mean,global_feature_mean,support_power,8,8,976.75,849.0,1024.0,1.0,0.0,0.0,1.0,0.0,,,0.0
small,bloodmnist_224,convnext,3,0,42,support_only,Support-only synthetic head,support_only_synthetic,support_power,8,8,976.75,849.0,1024.0,0.011696861125528812,0.9883031845092773,0.9250220060348511,0.06048665940761566,0.9395133256912231,,,0.0
small,bloodmnist_224,convnext,3,0,42,prototype_shuffle,Shuffled-label prototype,reference_prototype_shuffle,support_power,8,8,976.75,849.0,1024.0,0.9195603132247925,0.08043970167636871,0.025569915771484375,0.965461015701294,0.03453899174928665,,,0.0
small,bloodmnist_224,convnext,3,0,42,uniform_client_weight,Uniform client weight,reference_prototype,uniform_present_client,8,8,976.75,849.0,1024.0,0.9195603132247925,0.08043970167636871,0.025569915771484375,0.965461015701294,0.03453899174928665,,,0.0
small,bloodmnist_224,convnext,3,0,42,global_client_size_weight,Global client-size weight,reference_prototype,global_client_size,8,8,976.75,849.0,1024.0,0.9195603132247925,0.08043970167636871,0.025569915771484375,0.965461015701294,0.03453899174928665,,,0.0
small,bloodmnist_224,convnext,3,0.01,42,full,Full prototype,reference_prototype,support_power,8,8,1100.875,849.0,1986.0,0.9193111062049866,0.08068891614675522,0.025511085987091064,0.9653098583221436,0.03469011187553406,1.0,1.0,0.1250000003434794
small,bloodmnist_224,convnext,3,0.01,42,prototype_head_agg,Classifier-head aggregation,classifier_head_aggregation,support_power,8,8,1100.875,849.0,1986.0,0.06360120326280594,0.9363988637924194,0.4417298436164856,0.3031828701496124,0.69681715965271,0.010800743475556374,0.7108379006385803,0.1250000003434794
small,bloodmnist_224,convnext,3,0.01,42,global_feature_mean,Global-feature mean,global_feature_mean,support_power,8,8,1100.875,849.0,1986.0,0.9999999403953552,1.1920928955078125e-07,1.1920928955078125e-07,0.9999999403953552,1.1920928955078125e-07,0.9999998807907104,0.9999998807907104,0.1250000003434794
small,bloodmnist_224,convnext,3,0.01,42,support_only,Support-only synthetic head,support_only_synthetic,support_power,8,8,1100.875,849.0,1986.0,0.011696861125528812,0.9883031845092773,0.9250220060348511,0.06048665940761566,0.9395133256912231,1.0000001192092896,1.0000001192092896,0.1250000003434794
small,bloodmnist_224,convnext,3,0.01,42,prototype_shuffle,Shuffled-label prototype,reference_prototype_shuffle,support_power,8,8,1100.875,849.0,1986.0,0.9193110466003418,0.08068891614675522,0.025511085987091064,0.9653098583221436,0.03469011187553406,1.0,1.0,0.1250000003434794
small,bloodmnist_224,convnext,3,0.01,42,uniform_client_weight,Uniform client weight,reference_prototype,uniform_present_client,8,8,1100.875,849.0,1986.0,0.9193111062049866,0.08068891614675522,0.025511085987091064,0.9653098583221436,0.03469011187553406,1.0,1.0,0.1250000003434794
small,bloodmnist_224,convnext,3,0.01,42,global_client_size_weight,Global client-size weight,reference_prototype,global_client_size,8,8,1100.875,849.0,1986.0,0.9193111062049866,0.08068891614675522,0.025511085987091064,0.9653098583221436,0.034690119326114655,1.0,1.0,0.11980289961271892
small,bloodmnist_224,convnext,3,0.1,42,full,Full prototype,reference_prototype,support_power,8,8,1386.5,603.0,2353.0,0.9198510050773621,0.08014899492263794,0.025330662727355957,0.9649724960327148,0.03502756357192993,0.9998374223709107,0.9999523758888245,0.7473551002036142
small,bloodmnist_224,convnext,3,0.1,42,prototype_head_agg,Classifier-head aggregation,classifier_head_aggregation,support_power,8,8,1386.5,603.0,2353.0,0.01807487942278385,0.9819251298904419,0.6113781332969666,0.2580651640892029,0.7419348955154419,0.0012456452473998069,0.6412470723901477,0.7473551002036142
small,bloodmnist_224,convnext,3,0.1,42,global_feature_mean,Global-feature mean,global_feature_mean,support_power,8,8,1386.5,603.0,2353.0,1.0,-1.0217939205858784e-07,-2.384185791015625e-07,1.0000001192092896,-1.6391277313232422e-07,1.000000238418579,1.0000001788139343,0.7473551002036142
small,bloodmnist_224,convnext,3,0.1,42,support_only,Support-only synthetic head,support_only_synthetic,support_power,8,8,1386.5,603.0,2353.0,0.011696860194206238,0.9883031845092773,0.9250220060348511,0.06048665940761566,0.9395133256912231,0.9999999344348908,1.0000000042574746,0.7473551002036142
small,bloodmnist_224,convnext,3,0.1,42,prototype_shuffle,Shuffled-label prototype,reference_prototype_shuffle,support_power,8,8,1386.5,603.0,2353.0,0.9198509454727173,0.08014899492263794,0.025330662727355957,0.9649724960327148,0.03502756357192993,0.9998374223709107,0.9303104068551745,0.7473551002036142
small,bloodmnist_224,convnext,3,0.1,42,uniform_client_weight,Uniform client weight,reference_prototype,uniform_present_client,8,8,1386.5,603.0,2353.0,0.9198726415634155,0.08012739568948746,0.025354385375976562,0.9649757146835327,0.035024285316467285,0.9998374223709107,0.9999525121280125,0.7500000058873588
small,bloodmnist_224,convnext,3,0.1,42,global_client_size_weight,Global client-size weight,reference_prototype,global_client_size,8,8,1386.5,603.0,2353.0,0.9199358820915222,0.0800640657544136,0.02533245086669922,0.9650043249130249,0.03499571233987808,0.9998374223709107,0.9999499619007111,0.6898853453410542
small,bloodmnist_224,convnext,5,0,42,full,Full prototype,reference_prototype,support_power,8,8,976.75,849.0,1024.0,0.9194601774215698,0.08053988218307495,0.025569915771484375,0.9653741717338562,0.034625791013240814,,,0.0
small,bloodmnist_224,convnext,5,0,42,prototype_head_agg,Classifier-head aggregation,classifier_head_aggregation,support_power,8,8,976.75,849.0,1024.0,0.05651460215449333,0.9434853792190552,0.5005234479904175,0.28822800517082214,0.711772084236145,,,0.0
small,bloodmnist_224,convnext,5,0,42,global_feature_mean,Global-feature mean,global_feature_mean,support_power,8,8,976.75,849.0,1024.0,1.0000001192092896,-1.1920928955078125e-07,-1.1920928955078125e-07,1.0000001192092896,-1.1920928955078125e-07,,,0.0
small,bloodmnist_224,convnext,5,0,42,support_only,Support-only synthetic head,support_only_synthetic,support_power,8,8,976.75,849.0,1024.0,0.011696861125528812,0.9883031845092773,0.9250220060348511,0.06048665940761566,0.9395133256912231,,,0.0
small,bloodmnist_224,convnext,5,0,42,prototype_shuffle,Shuffled-label prototype,reference_prototype_shuffle,support_power,8,8,976.75,849.0,1024.0,0.9194601774215698,0.08053988218307495,0.025569915771484375,0.9653741717338562,0.034625791013240814,,,0.0
small,bloodmnist_224,convnext,5,0,42,uniform_client_weight,Uniform client weight,reference_prototype,uniform_present_client,8,8,976.75,849.0,1024.0,0.9194601774215698,0.08053988218307495,0.025569915771484375,0.9653741717338562,0.034625791013240814,,,0.0
small,bloodmnist_224,convnext,5,0,42,global_client_size_weight,Global client-size weight,reference_prototype,global_client_size,8,8,976.75,849.0,1024.0,0.9194601774215698,0.08053988218307495,0.025569915771484375,0.9653741717338562,0.034625791013240814,,,0.0
small,bloodmnist_224,convnext,5,0.01,42,full,Full prototype,reference_prototype,support_power,8,8,1210.875,852.0,2048.0,0.9191800951957703,0.08081984519958496,0.0255698561668396,0.9653614163398743,0.03463854640722275,0.9999479353427887,0.9999869614839554,0.2500000006869588
small,bloodmnist_224,convnext,5,0.01,42,prototype_head_agg,Classifier-head aggregation,classifier_head_aggregation,support_power,8,8,1210.875,852.0,2048.0,0.051045093685388565,0.9489548802375793,0.6686134338378906,0.2124745100736618,0.787525475025177,-0.015053669456392527,0.6979011595249176,0.2500000006869588
small,bloodmnist_224,convnext,5,0.01,42,global_feature_mean,Global-feature mean,global_feature_mean,support_power,8,8,1210.875,852.0,2048.0,0.9999999403953552,5.960464477539063e-08,5.960464477539063e-08,0.9999999403953552,5.960464477539063e-08,0.9999999403953552,0.9999999105930328,0.2500000006869588
small,bloodmnist_224,convnext,5,0.01,42,support_only,Support-only synthetic head,support_only_synthetic,support_power,8,8,1210.875,852.0,2048.0,0.011696861125528812,0.9883031845092773,0.9250220060348511,0.06048665940761566,0.9395133256912231,1.0000000596046448,1.0000000298023224,0.2500000006869588
small,bloodmnist_224,convnext,5,0.01,42,prototype_shuffle,Shuffled-label prototype,reference_prototype_shuffle,support_power,8,8,1210.875,852.0,2048.0,0.9191802144050598,0.08081983774900436,0.0255698561668396,0.9653614163398743,0.03463854640722275,0.9999479353427887,0.9604646563529968,0.2500000006869588
small,bloodmnist_224,convnext,5,0.01,42,uniform_client_weight,Uniform client weight,reference_prototype,uniform_present_client,8,8,1210.875,852.0,2048.0,0.9191800951957703,0.08081984519958496,0.0255698561668396,0.9653614163398743,0.03463854640722275,0.9999479353427887,0.9999869614839554,0.2500000006869588
small,bloodmnist_224,convnext,5,0.01,42,global_client_size_weight,Global client-size weight,reference_prototype,global_client_size,8,8,1210.875,852.0,2048.0,0.9192013740539551,0.0807986631989479,0.0255698561668396,0.9653627276420593,0.03463728725910187,0.9999479353427887,0.9999859631061554,0.2285873652347789
small,bloodmnist_224,convnext,5,0.1,42,full,Full prototype,reference_prototype,support_power,8,8,2278.625,1310.0,3596.0,0.9195709228515625,0.08042903989553452,0.025693893432617188,0.9652205109596252,0.034779466688632965,0.9999063859383265,0.9999691144279812,0.9980301251452851
small,bloodmnist_224,convnext,5,0.1,42,prototype_head_agg,Classifier-head aggregation,classifier_head_aggregation,support_power,8,8,2278.625,1310.0,3596.0,0.02010989561676979,0.9798900485038757,0.8486860990524292,0.10054940730333328,0.8994506001472473,-0.0018068199860863388,0.5799682891887167,0.9980301251452851
small,bloodmnist_224,convnext,5,0.1,42,global_feature_mean,Global-feature mean,global_feature_mean,support_power,8,8,2278.625,1310.0,3596.0,0.9999999403953552,9.15357034614317e-08,0.0,1.0,3.725290298461914e-08,0.9999998807907104,0.9999998833822168,0.9980301251452851
small,bloodmnist_224,convnext,5,0.1,42,support_only,Support-only synthetic head,support_only_synthetic,support_power,8,8,2278.625,1310.0,3596.0,0.011696858331561089,0.9883031845092773,0.9250220060348511,0.06048665940761566,0.9395133852958679,1.0000000124176343,1.0000000647876575,0.9980301251452851
small,bloodmnist_224,convnext,5,0.1,42,prototype_shuffle,Shuffled-label prototype,reference_prototype_shuffle,support_power,8,8,2278.625,1310.0,3596.0,0.9195709228515625,0.08042903989553452,0.025693893432617188,0.9652205109596252,0.034779466688632965,0.9999063859383265,0.9399364875710529,0.9980301251452851
small,bloodmnist_224,convnext,5,0.1,42,uniform_client_weight,Uniform client weight,reference_prototype,uniform_present_client,8,8,2278.625,1310.0,3596.0,0.9195500016212463,0.08044999837875366,0.025691986083984375,0.9652097821235657,0.034790217876434326,0.9999063859383265,0.9999691818071448,1.0000000084875587
small,bloodmnist_224,convnext,5,0.1,42,global_client_size_weight,Global client-size weight,reference_prototype,global_client_size,8,8,2278.625,1310.0,3596.0,0.9194011688232422,0.08059879392385483,0.02569901943206787,0.9651079177856445,0.03489202260971069,0.9999063859383265,0.9999636515327122,0.8356388809892271
small,bloodmnist_224,convnext,7,0,42,full,Full prototype,reference_prototype,support_power,8,8,976.75,849.0,1024.0,0.9193040132522583,0.0806959718465805,0.025569915771484375,0.9654022455215454,0.03459777683019638,,,0.0
small,bloodmnist_224,convnext,7,0,42,prototype_head_agg,Classifier-head aggregation,classifier_head_aggregation,support_power,8,8,976.75,849.0,1024.0,0.032617099583148956,0.9673828482627869,0.7310135364532471,0.12708419561386108,0.8729158639907837,,,0.0
small,bloodmnist_224,convnext,7,0,42,global_feature_mean,Global-feature mean,global_feature_mean,support_power,8,8,976.75,849.0,1024.0,1.0,0.0,0.0,1.0,0.0,,,0.0
small,bloodmnist_224,convnext,7,0,42,support_only,Support-only synthetic head,support_only_synthetic,support_power,8,8,976.75,849.0,1024.0,0.011696861125528812,0.9883031845092773,0.9250220060348511,0.06048665940761566,0.9395133256912231,,,0.0
small,bloodmnist_224,convnext,7,0,42,prototype_shuffle,Shuffled-label prototype,reference_prototype_shuffle,support_power,8,8,976.75,849.0,1024.0,0.9193040132522583,0.0806959718465805,0.025569915771484375,0.9654022455215454,0.03459777683019638,,,0.0
small,bloodmnist_224,convnext,7,0,42,uniform_client_weight,Uniform client weight,reference_prototype,uniform_present_client,8,8,976.75,849.0,1024.0,0.9193040132522583,0.0806959718465805,0.025569915771484375,0.9654022455215454,0.03459777683019638,,,0.0
small,bloodmnist_224,convnext,7,0,42,global_client_size_weight,Global client-size weight,reference_prototype,global_client_size,8,8,976.75,849.0,1024.0,0.9193040132522583,0.0806959718465805,0.025569915771484375,0.9654022455215454,0.03459777683019638,,,0.0
small,bloodmnist_224,convnext,7,0.01,42,full,Full prototype,reference_prototype,support_power,8,8,1697.125,852.0,2547.0,0.9192438125610352,0.08075614273548126,0.025474131107330322,0.9651845693588257,0.03481549769639969,0.9999598520142692,0.9999872066757896,0.6250000036306382
small,bloodmnist_224,convnext,7,0.01,42,prototype_head_agg,Classifier-head aggregation,classifier_head_aggregation,support_power,8,8,1697.125,852.0,2547.0,0.053072065114974976,0.9469279646873474,0.7786476612091064,0.17625941336154938,0.8237406015396118,-0.004033574036189488,0.6703638217665933,0.6250000036306382
small,bloodmnist_224,convnext,7,0.01,42,global_feature_mean,Global-feature mean,global_feature_mean,support_power,8,8,1697.125,852.0,2547.0,1.0,0.0,0.0,1.0,0.0,1.0,1.0000001192092896,0.6250000036306382
small,bloodmnist_224,convnext,7,0.01,42,support_only,Support-only synthetic head,support_only_synthetic,support_power,8,8,1697.125,852.0,2547.0,0.011696861125528812,0.9883031845092773,0.9250220060348511,0.06048666313290596,0.9395133256912231,1.000000068119594,1.0000000975348733,0.6250000036306382
small,bloodmnist_224,convnext,7,0.01,42,prototype_shuffle,Shuffled-label prototype,reference_prototype_shuffle,support_power,8,8,1697.125,852.0,2547.0,0.9192439317703247,0.08075614273548126,0.025474131107330322,0.9651845097541809,0.03481549769639969,0.9999598520142692,0.9424388625405051,0.6250000036306382
small,bloodmnist_224,convnext,7,0.01,42,uniform_client_weight,Uniform client weight,reference_prototype,uniform_present_client,8,8,1697.125,852.0,2547.0,0.9192439317703247,0.08075612038373947,0.025474131107330322,0.9651845693588257,0.034815482795238495,0.9999598520142692,0.999987239187414,0.6250000036306382
small,bloodmnist_224,convnext,7,0.01,42,global_client_size_weight,Global client-size weight,reference_prototype,global_client_size,8,8,1697.125,852.0,2547.0,0.9190524816513062,0.08094751089811325,0.02544856071472168,0.9651741981506348,0.034825824201107025,0.9999598520142692,0.9999826713041826,0.36049070852961485
small,bloodmnist_224,convnext,7,0.1,42,full,Full prototype,reference_prototype,support_power,8,8,3387.25,1552.0,4434.0,0.9192524552345276,0.08074748516082764,0.025700390338897705,0.9652251601219177,0.034774862229824066,0.9999004346983773,0.999960487539118,0.9985420591575108
small,bloodmnist_224,convnext,7,0.1,42,prototype_head_agg,Classifier-head aggregation,classifier_head_aggregation,support_power,8,8,3387.25,1552.0,4434.0,0.025041313841938972,0.9749587774276733,0.7513382434844971,0.15701109170913696,0.8429889678955078,-0.0004521568605144109,0.48461639248963556,0.9985420591575108
small,bloodmnist_224,convnext,7,0.1,42,global_feature_mean,Global-feature mean,global_feature_mean,support_power,8,8,3387.25,1552.0,4434.0,1.0000001192092896,-1.0005065576024208e-07,-1.1920928955078125e-07,1.0000001192092896,-1.1920928955078125e-07,1.0,1.0000000180620137,0.9985420591575108
small,bloodmnist_224,convnext,7,0.1,42,support_only,Support-only synthetic head,support_only_synthetic,support_power,8,8,3387.25,1552.0,4434.0,0.011696859262883663,0.9883031845092773,0.9250220060348511,0.06048665568232536,0.9395133256912231,0.9999999829701015,1.0000000343178257,0.9985420591575108
small,bloodmnist_224,convnext,7,0.1,42,prototype_shuffle,Shuffled-label prototype,reference_prototype_shuffle,support_power,8,8,3387.25,1552.0,4434.0,0.9192525148391724,0.08074747771024704,0.025700390338897705,0.965225100517273,0.034774862229824066,0.9999004346983773,0.9412449110638011,0.9985420591575108
small,bloodmnist_224,convnext,7,0.1,42,uniform_client_weight,Uniform client weight,reference_prototype,uniform_present_client,8,8,3387.25,1552.0,4434.0,0.9192413687705994,0.08075859397649765,0.02571934461593628,0.9652140140533447,0.03478599339723587,0.9999004346983773,0.9999605471437628,1.0000000126291726
small,bloodmnist_224,convnext,7,0.1,42,global_client_size_weight,Global client-size weight,reference_prototype,global_client_size,8,8,3387.25,1552.0,4434.0,0.9192517995834351,0.08074826747179031,0.025920867919921875,0.9650912880897522,0.034908682107925415,0.9999004346983773,0.9999573158495354,0.8437986023007306
small,bloodmnist_224,resnet,3,0,42,full,Full prototype,reference_prototype,support_power,8,8,976.75,849.0,1024.0,0.9286237955093384,0.07137616723775864,0.01677161455154419,0.9720190763473511,0.027980856597423553,,,0.0
small,bloodmnist_224,resnet,3,0,42,prototype_head_agg,Classifier-head aggregation,classifier_head_aggregation,support_power,8,8,976.75,849.0,1024.0,-0.011095504276454449,1.0110955238342285,0.7371863126754761,0.15492379665374756,0.8450762033462524,,,0.0
small,bloodmnist_224,resnet,3,0,42,global_feature_mean,Global-feature mean,global_feature_mean,support_power,8,8,976.75,849.0,1024.0,0.9999999403953552,1.1920928955078125e-07,1.1920928955078125e-07,0.9999999403953552,1.1920928955078125e-07,,,0.0
small,bloodmnist_224,resnet,3,0,42,support_only,Support-only synthetic head,support_only_synthetic,support_power,8,8,976.75,849.0,1024.0,-0.0006588270771317184,1.0006588697433472,0.9133995175361633,0.058748673647642136,0.9412513971328735,,,0.0
small,bloodmnist_224,resnet,3,0,42,prototype_shuffle,Shuffled-label prototype,reference_prototype_shuffle,support_power,8,8,976.75,849.0,1024.0,0.9286237359046936,0.07137616723775864,0.01677161455154419,0.9720190763473511,0.027980856597423553,,,0.0
small,bloodmnist_224,resnet,3,0,42,uniform_client_weight,Uniform client weight,reference_prototype,uniform_present_client,8,8,976.75,849.0,1024.0,0.9286237955093384,0.07137616723775864,0.01677161455154419,0.9720190763473511,0.027980856597423553,,,0.0
small,bloodmnist_224,resnet,3,0,42,global_client_size_weight,Global client-size weight,reference_prototype,global_client_size,8,8,976.75,849.0,1024.0,0.9286237955093384,0.07137616723775864,0.01677161455154419,0.9720190763473511,0.027980856597423553,,,0.0
small,bloodmnist_224,resnet,3,0.01,42,full,Full prototype,reference_prototype,support_power,8,8,1100.875,849.0,1986.0,0.9284515380859375,0.07154840230941772,0.016820847988128662,0.9721704125404358,0.027829594910144806,1.0,1.0,0.1250000003434794
small,bloodmnist_224,resnet,3,0.01,42,prototype_head_agg,Classifier-head aggregation,classifier_head_aggregation,support_power,8,8,1100.875,849.0,1986.0,-0.026762738823890686,1.0267627239227295,0.7827233076095581,0.116639643907547,0.8833603858947754,0.04716772213578224,0.7129906415939331,0.1250000003434794
small,bloodmnist_224,resnet,3,0.01,42,global_feature_mean,Global-feature mean,global_feature_mean,support_power,8,8,1100.875,849.0,1986.0,1.0000001192092896,-1.1920928955078125e-07,-1.1920928955078125e-07,1.0000001192092896,-1.1920928955078125e-07,1.0000001192092896,1.0000000596046448,0.1250000003434794
small,bloodmnist_224,resnet,3,0.01,42,support_only,Support-only synthetic head,support_only_synthetic,support_power,8,8,1100.875,849.0,1986.0,-0.0006588270771317184,1.0006588697433472,0.9133995175361633,0.058748673647642136,0.9412513971328735,1.000000238418579,1.0000001192092896,0.1250000003434794
small,bloodmnist_224,resnet,3,0.01,42,prototype_shuffle,Shuffled-label prototype,reference_prototype_shuffle,support_power,8,8,1100.875,849.0,1986.0,0.9284515976905823,0.07154840230941772,0.016820847988128662,0.9721704125404358,0.027829594910144806,1.0,1.0,0.1250000003434794
small,bloodmnist_224,resnet,3,0.01,42,uniform_client_weight,Uniform client weight,reference_prototype,uniform_present_client,8,8,1100.875,849.0,1986.0,0.9284515380859375,0.07154840230941772,0.016820847988128662,0.9721704125404358,0.027829594910144806,1.0,1.0,0.1250000003434794
small,bloodmnist_224,resnet,3,0.01,42,global_client_size_weight,Global client-size weight,reference_prototype,global_client_size,8,8,1100.875,849.0,1986.0,0.9284515380859375,0.07154840230941772,0.016820847988128662,0.972170352935791,0.027829609811306,1.0,1.0000000596046448,0.11980289961271892
small,bloodmnist_224,resnet,3,0.1,42,full,Full prototype,reference_prototype,support_power,8,8,1386.5,603.0,2353.0,0.9289288520812988,0.071071095764637,0.016514718532562256,0.9720150828361511,0.027984902262687683,0.9998628437519074,0.9999602437019348,0.7473551002036142
small,bloodmnist_224,resnet,3,0.1,42,prototype_head_agg,Classifier-head aggregation,classifier_head_aggregation,support_power,8,8,1386.5,603.0,2353.0,-0.07347427308559418,1.0734741687774658,0.8456483483314514,0.10157546401023865,0.8984245657920837,0.0453395489603281,0.6651842764445713,0.7473551002036142
small,bloodmnist_224,resnet,3,0.1,42,global_feature_mean,Global-feature mean,global_feature_mean,support_power,8,8,1386.5,603.0,2353.0,1.0,0.0,0.0,1.0,0.0,1.0,0.9999999829701015,0.7473551002036142
small,bloodmnist_224,resnet,3,0.1,42,support_only,Support-only synthetic head,support_only_synthetic,support_power,8,8,1386.5,603.0,2353.0,-0.0006588288233615458,1.0006588697433472,0.9133995175361633,0.058748673647642136,0.9412513971328735,1.0000000536441802,1.0000000553471702,0.7473551002036142
small,bloodmnist_224,resnet,3,0.1,42,prototype_shuffle,Shuffled-label prototype,reference_prototype_shuffle,support_power,8,8,1386.5,603.0,2353.0,0.9289289116859436,0.07107110321521759,0.016514718532562256,0.9720150232315063,0.027984902262687683,0.9998628437519074,0.9339911554540906,0.7473551002036142
small,bloodmnist_224,resnet,3,0.1,42,uniform_client_weight,Uniform client weight,reference_prototype,uniform_present_client,8,8,1386.5,603.0,2353.0,0.9289558529853821,0.0710441917181015,0.016522884368896484,0.9720226526260376,0.027977384626865387,0.9998628437519074,0.9999603458813259,0.7500000058873588
small,bloodmnist_224,resnet,3,0.1,42,global_client_size_weight,Global client-size weight,reference_prototype,global_client_size,8,8,1386.5,603.0,2353.0,0.9290363192558289,0.07096365094184875,0.016496896743774414,0.972050666809082,0.027949266135692596,0.9998628437519074,0.9999578680310931,0.6898853453410542
small,bloodmnist_224,resnet,5,0,42,full,Full prototype,reference_prototype,support_power,8,8,976.75,849.0,1024.0,0.9291294813156128,0.07087056338787079,0.01623356342315674,0.9721338748931885,0.027866102755069733,,,0.0
small,bloodmnist_224,resnet,5,0,42,prototype_head_agg,Classifier-head aggregation,classifier_head_aggregation,support_power,8,8,976.75,849.0,1024.0,0.1954772025346756,0.8045228123664856,0.6979629993438721,0.27755308151245117,0.7224469184875488,,,0.0
small,bloodmnist_224,resnet,5,0,42,global_feature_mean,Global-feature mean,global_feature_mean,support_power,8,8,976.75,849.0,1024.0,1.0000001192092896,-1.1920928955078125e-07,-1.1920928955078125e-07,1.0000001192092896,-1.1920928955078125e-07,,,0.0
small,bloodmnist_224,resnet,5,0,42,support_only,Support-only synthetic head,support_only_synthetic,support_power,8,8,976.75,849.0,1024.0,-0.0006588270771317184,1.0006588697433472,0.9133995175361633,0.058748673647642136,0.9412513971328735,,,0.0
small,bloodmnist_224,resnet,5,0,42,prototype_shuffle,Shuffled-label prototype,reference_prototype_shuffle,support_power,8,8,976.75,849.0,1024.0,0.929129421710968,0.07087056338787079,0.01623356342315674,0.9721339344978333,0.027866102755069733,,,0.0
small,bloodmnist_224,resnet,5,0,42,uniform_client_weight,Uniform client weight,reference_prototype,uniform_present_client,8,8,976.75,849.0,1024.0,0.9291294813156128,0.07087056338787079,0.01623356342315674,0.9721338748931885,0.027866102755069733,,,0.0
small,bloodmnist_224,resnet,5,0,42,global_client_size_weight,Global client-size weight,reference_prototype,global_client_size,8,8,976.75,849.0,1024.0,0.9291294813156128,0.07087056338787079,0.01623356342315674,0.9721338748931885,0.027866102755069733,,,0.0
small,bloodmnist_224,resnet,5,0.01,42,full,Full prototype,reference_prototype,support_power,8,8,1210.875,852.0,2048.0,0.9286291003227234,0.07137083262205124,0.015904545783996582,0.9721416234970093,0.02785838395357132,0.999968409538269,0.999992161989212,0.2500000006869588
small,bloodmnist_224,resnet,5,0.01,42,prototype_head_agg,Classifier-head aggregation,classifier_head_aggregation,support_power,8,8,1210.875,852.0,2048.0,0.05505484715104103,0.944945216178894,0.747718870639801,0.17251010239124298,0.8274898529052734,-0.11137360334396362,0.6619785577058792,0.2500000006869588
small,bloodmnist_224,resnet,5,0.01,42,global_feature_mean,Global-feature mean,global_feature_mean,support_power,8,8,1210.875,852.0,2048.0,1.0000001192092896,-1.1920928955078125e-07,-1.1920928955078125e-07,1.0000001192092896,-1.1920928955078125e-07,1.0000001192092896,1.0,0.2500000006869588
small,bloodmnist_224,resnet,5,0.01,42,support_only,Support-only synthetic head,support_only_synthetic,support_power,8,8,1210.875,852.0,2048.0,-0.0006588270771317184,1.0006588697433472,0.9133995175361633,0.058748673647642136,0.9412513971328735,1.0,0.9999999850988388,0.2500000006869588
small,bloodmnist_224,resnet,5,0.01,42,prototype_shuffle,Shuffled-label prototype,reference_prototype_shuffle,support_power,8,8,1210.875,852.0,2048.0,0.9286292195320129,0.07137083262205124,0.015904545783996582,0.9721416234970093,0.02785838395357132,0.999968409538269,0.969329223036766,0.2500000006869588
small,bloodmnist_224,resnet,5,0.01,42,uniform_client_weight,Uniform client weight,reference_prototype,uniform_present_client,8,8,1210.875,852.0,2048.0,0.9286291003227234,0.07137083262205124,0.015904545783996582,0.9721416234970093,0.02785838395357132,0.999968409538269,0.999992161989212,0.2500000006869588
small,bloodmnist_224,resnet,5,0.01,42,global_client_size_weight,Global client-size weight,reference_prototype,global_client_size,8,8,1210.875,852.0,2048.0,0.9286579489707947,0.07134201377630234,0.015887856483459473,0.9721457958221436,0.027854211628437042,0.999968409538269,0.9999915212392807,0.2285873652347789
small,bloodmnist_224,resnet,5,0.1,42,full,Full prototype,reference_prototype,support_power,8,8,2278.625,1310.0,3596.0,0.9286986589431763,0.07130125910043716,0.016092538833618164,0.9715026617050171,0.0284973606467247,0.9999165485302607,0.9999720791111821,0.9980301251452851
small,bloodmnist_224,resnet,5,0.1,42,prototype_head_agg,Classifier-head aggregation,classifier_head_aggregation,support_power,8,8,2278.625,1310.0,3596.0,-0.026683637872338295,1.0266836881637573,0.7969037294387817,0.14050374925136566,0.8594961762428284,-0.010977475438266993,0.5707131499505561,0.9980301251452851
small,bloodmnist_224,resnet,5,0.1,42,global_feature_mean,Global-feature mean,global_feature_mean,support_power,8,8,2278.625,1310.0,3596.0,1.0000001192092896,-1.1069433725197086e-07,-1.1920928955078125e-07,1.0000001192092896,-1.1920928955078125e-07,1.0000001192092896,1.0000001192092896,0.9980301251452851
small,bloodmnist_224,resnet,5,0.1,42,support_only,Support-only synthetic head,support_only_synthetic,support_power,8,8,2278.625,1310.0,3596.0,-0.0006588287651538849,1.0006587505340576,0.9133995175361633,0.05874866992235184,0.9412513971328735,1.0000001266598701,1.0000000907027202,0.9980301251452851
small,bloodmnist_224,resnet,5,0.1,42,prototype_shuffle,Shuffled-label prototype,reference_prototype_shuffle,support_power,8,8,2278.625,1310.0,3596.0,0.928698718547821,0.07130125164985657,0.016092538833618164,0.9715026617050171,0.0284973606467247,0.9999165485302607,0.9424318956292194,0.9980301251452851
small,bloodmnist_224,resnet,5,0.1,42,uniform_client_weight,Uniform client weight,reference_prototype,uniform_present_client,8,8,2278.625,1310.0,3596.0,0.9286853671073914,0.07131463289260864,0.016100525856018066,0.9714920520782471,0.028507977724075317,0.9999165485302607,0.9999720739281696,1.0000000084875587
small,bloodmnist_224,resnet,5,0.1,42,global_client_size_weight,Global client-size weight,reference_prototype,global_client_size,8,8,2278.625,1310.0,3596.0,0.9286779165267944,0.07132212072610855,0.01631343364715576,0.9714794158935547,0.028520576655864716,0.9999165485302607,0.9999671785727792,0.8356388809892271
small,bloodmnist_224,resnet,7,0,42,full,Full prototype,reference_prototype,support_power,8,8,976.75,849.0,1024.0,0.9289065003395081,0.07109347730875015,0.016515731811523438,0.9720633029937744,0.02793663740158081,,,0.0
small,bloodmnist_224,resnet,7,0,42,prototype_head_agg,Classifier-head aggregation,classifier_head_aggregation,support_power,8,8,976.75,849.0,1024.0,0.20213043689727783,0.7978695631027222,0.674002468585968,0.2739727199077606,0.7260273098945618,,,0.0
small,bloodmnist_224,resnet,7,0,42,global_feature_mean,Global-feature mean,global_feature_mean,support_power,8,8,976.75,849.0,1024.0,1.0000001192092896,-1.1920928955078125e-07,-1.1920928955078125e-07,1.0000001192092896,-1.1920928955078125e-07,,,0.0
small,bloodmnist_224,resnet,7,0,42,support_only,Support-only synthetic head,support_only_synthetic,support_power,8,8,976.75,849.0,1024.0,-0.0006588270771317184,1.0006588697433472,0.9133995175361633,0.058748673647642136,0.9412513971328735,,,0.0
small,bloodmnist_224,resnet,7,0,42,prototype_shuffle,Shuffled-label prototype,reference_prototype_shuffle,support_power,8,8,976.75,849.0,1024.0,0.9289065003395081,0.07109346240758896,0.016515731811523438,0.9720633625984192,0.02793663740158081,,,0.0
small,bloodmnist_224,resnet,7,0,42,uniform_client_weight,Uniform client weight,reference_prototype,uniform_present_client,8,8,976.75,849.0,1024.0,0.9289065003395081,0.07109347730875015,0.016515731811523438,0.9720633029937744,0.02793663740158081,,,0.0
small,bloodmnist_224,resnet,7,0,42,global_client_size_weight,Global client-size weight,reference_prototype,global_client_size,8,8,976.75,849.0,1024.0,0.9289065003395081,0.07109347730875015,0.016515731811523438,0.9720633029937744,0.02793663740158081,,,0.0
small,bloodmnist_224,resnet,7,0.01,42,full,Full prototype,reference_prototype,support_power,8,8,1697.125,852.0,2547.0,0.9284027218818665,0.07159734517335892,0.016540229320526123,0.9717751145362854,0.028224922716617584,0.9999703935214451,0.9999906420707703,0.6250000036306382
small,bloodmnist_224,resnet,7,0.01,42,prototype_head_agg,Classifier-head aggregation,classifier_head_aggregation,support_power,8,8,1697.125,852.0,2547.0,-0.0031159238424152136,1.0031158924102783,0.6946657299995422,0.16596415638923645,0.8340359330177307,-0.00561851795230593,0.6542610390619799,0.6250000036306382
small,bloodmnist_224,resnet,7,0.01,42,global_feature_mean,Global-feature mean,global_feature_mean,support_power,8,8,1697.125,852.0,2547.0,1.0,0.0,0.0,1.0,0.0,1.0,1.000000086697665,0.6250000036306382
small,bloodmnist_224,resnet,7,0.01,42,support_only,Support-only synthetic head,support_only_synthetic,support_power,8,8,1697.125,852.0,2547.0,-0.0006588277756236494,1.0006587505340576,0.9133995175361633,0.058748673647642136,0.9412513971328735,1.0000000255448478,1.0000000270930203,0.6250000036306382
small,bloodmnist_224,resnet,7,0.01,42,prototype_shuffle,Shuffled-label prototype,reference_prototype_shuffle,support_power,8,8,1697.125,852.0,2547.0,0.9284025430679321,0.07159734517335892,0.016540229320526123,0.9717751145362854,0.028224922716617584,0.9999703935214451,0.9480753378434614,0.6250000036306382
small,bloodmnist_224,resnet,7,0.01,42,uniform_client_weight,Uniform client weight,reference_prototype,uniform_present_client,8,8,1697.125,852.0,2547.0,0.9284027218818665,0.0715973749756813,0.0165402889251709,0.9717750549316406,0.02822493016719818,0.9999703935214451,0.9999906095591459,0.6250000036306382
small,bloodmnist_224,resnet,7,0.01,42,global_client_size_weight,Global client-size weight,reference_prototype,global_client_size,8,8,1697.125,852.0,2547.0,0.9283493757247925,0.07165057212114334,0.016679465770721436,0.9717916250228882,0.028208419680595398,0.9999703935214451,0.9999872716990384,0.36049070852961485
small,bloodmnist_224,resnet,7,0.1,42,full,Full prototype,reference_prototype,support_power,8,8,3387.25,1552.0,4434.0,0.9285516738891602,0.07144836336374283,0.01632171869277954,0.9717816710472107,0.02821832150220871,0.999911442399025,0.9999651276704037,0.9985420591575108
small,bloodmnist_224,resnet,7,0.1,42,prototype_head_agg,Classifier-head aggregation,classifier_head_aggregation,support_power,8,8,3387.25,1552.0,4434.0,-0.008356069214642048,1.0083560943603516,0.7302498817443848,0.14858704805374146,0.8514128923416138,0.034851251768746545,0.5081670862255674,0.9985420591575108
small,bloodmnist_224,resnet,7,0.1,42,global_feature_mean,Global-feature mean,global_feature_mean,support_power,8,8,3387.25,1552.0,4434.0,1.0,8.514949634275126e-09,0.0,1.0,0.0,1.0,0.9999999837441877,0.9985420591575108
small,bloodmnist_224,resnet,7,0.1,42,support_only,Support-only synthetic head,support_only_synthetic,support_power,8,8,3387.25,1552.0,4434.0,-0.0006588256219401956,1.0006587505340576,0.9133995175361633,0.058748677372932434,0.9412513971328735,1.0000000915357046,1.0000000794728596,0.9985420591575108
small,bloodmnist_224,resnet,7,0.1,42,prototype_shuffle,Shuffled-label prototype,reference_prototype_shuffle,support_power,8,8,3387.25,1552.0,4434.0,0.9285516738891602,0.07144834846258163,0.01632171869277954,0.9717816710472107,0.02821832150220871,0.999911442399025,0.9432645711031827,0.9985420591575108
small,bloodmnist_224,resnet,7,0.1,42,uniform_client_weight,Uniform client weight,reference_prototype,uniform_present_client,8,8,3387.25,1552.0,4434.0,0.928534209728241,0.07146578282117844,0.016336679458618164,0.9717676043510437,0.028232425451278687,0.999911442399025,0.9999652197866729,1.0000000126291726
small,bloodmnist_224,resnet,7,0.1,42,global_client_size_weight,Global client-size weight,reference_prototype,global_client_size,8,8,3387.25,1552.0,4434.0,0.9285376667976379,0.07146239280700684,0.0164070725440979,0.9716847538948059,0.02831529825925827,0.999911442399025,0.9999623352831061,0.8437986023007306
small,bloodmnist_224,swin_tiny,3,0,42,full,Full prototype,reference_prototype,support_power,8,8,976.75,849.0,1024.0,0.9330378770828247,0.06696205586194992,0.028595924377441406,0.9649103879928589,0.03508962690830231,,,0.0
small,bloodmnist_224,swin_tiny,3,0,42,prototype_head_agg,Classifier-head aggregation,classifier_head_aggregation,support_power,8,8,976.75,849.0,1024.0,0.02344103716313839,0.9765589833259583,0.23865735530853271,0.4855380952358246,0.514461874961853,,,0.0
small,bloodmnist_224,swin_tiny,3,0,42,global_feature_mean,Global-feature mean,global_feature_mean,support_power,8,8,976.75,849.0,1024.0,1.0,0.0,0.0,1.0,0.0,,,0.0
small,bloodmnist_224,swin_tiny,3,0,42,support_only,Support-only synthetic head,support_only_synthetic,support_power,8,8,976.75,849.0,1024.0,0.011696861125528812,0.9883031845092773,0.9250220060348511,0.06048665940761566,0.9395133256912231,,,0.0
small,bloodmnist_224,swin_tiny,3,0,42,prototype_shuffle,Shuffled-label prototype,reference_prototype_shuffle,support_power,8,8,976.75,849.0,1024.0,0.9330378770828247,0.06696205586194992,0.028595924377441406,0.9649103283882141,0.03508962690830231,,,0.0
small,bloodmnist_224,swin_tiny,3,0,42,uniform_client_weight,Uniform client weight,reference_prototype,uniform_present_client,8,8,976.75,849.0,1024.0,0.9330378770828247,0.06696205586194992,0.028595924377441406,0.9649103879928589,0.03508962690830231,,,0.0
small,bloodmnist_224,swin_tiny,3,0,42,global_client_size_weight,Global client-size weight,reference_prototype,global_client_size,8,8,976.75,849.0,1024.0,0.9330378770828247,0.06696205586194992,0.028595924377441406,0.9649103879928589,0.03508962690830231,,,0.0
small,bloodmnist_224,swin_tiny,3,0.01,42,full,Full prototype,reference_prototype,support_power,8,8,1100.875,849.0,1986.0,0.932891845703125,0.06710808724164963,0.02839493751525879,0.9649377465248108,0.03506217151880264,1.0000001192092896,1.0000001788139343,0.1250000003434794
small,bloodmnist_224,swin_tiny,3,0.01,42,prototype_head_agg,Classifier-head aggregation,classifier_head_aggregation,support_power,8,8,1100.875,849.0,1986.0,0.041269414126873016,0.9587305784225464,0.773604691028595,0.15879979729652405,0.8412002325057983,0.0365627147257328,0.7199174761772156,0.1250000003434794
small,bloodmnist_224,swin_tiny,3,0.01,42,global_feature_mean,Global-feature mean,global_feature_mean,support_power,8,8,1100.875,849.0,1986.0,0.9999999403953552,1.1920928955078125e-07,1.1920928955078125e-07,0.9999999403953552,1.1920928955078125e-07,0.9999998807907104,0.9999999403953552,0.1250000003434794
small,bloodmnist_224,swin_tiny,3,0.01,42,support_only,Support-only synthetic head,support_only_synthetic,support_power,8,8,1100.875,849.0,1986.0,0.011696861125528812,0.9883031845092773,0.9250220060348511,0.06048665940761566,0.9395133256912231,1.0000001192092896,1.0000001192092896,0.1250000003434794
small,bloodmnist_224,swin_tiny,3,0.01,42,prototype_shuffle,Shuffled-label prototype,reference_prototype_shuffle,support_power,8,8,1100.875,849.0,1986.0,0.9328919053077698,0.06710808724164963,0.02839493751525879,0.9649378061294556,0.03506217151880264,1.0000001192092896,1.0000001788139343,0.1250000003434794
small,bloodmnist_224,swin_tiny,3,0.01,42,uniform_client_weight,Uniform client weight,reference_prototype,uniform_present_client,8,8,1100.875,849.0,1986.0,0.932891845703125,0.06710808724164963,0.02839493751525879,0.9649377465248108,0.03506217151880264,1.0000001192092896,1.0000001788139343,0.1250000003434794
small,bloodmnist_224,swin_tiny,3,0.01,42,global_client_size_weight,Global client-size weight,reference_prototype,global_client_size,8,8,1100.875,849.0,1986.0,0.932891845703125,0.06710810214281082,0.028394997119903564,0.9649377465248108,0.03506218641996384,1.0000001192092896,1.0000001192092896,0.11980289961271892
small,bloodmnist_224,swin_tiny,3,0.1,42,full,Full prototype,reference_prototype,support_power,8,8,1386.5,603.0,2353.0,0.9337819814682007,0.06621810048818588,0.02869415283203125,0.9651122093200684,0.034887753427028656,0.9997589468955994,0.9999298283032009,0.7473551002036142
small,bloodmnist_224,swin_tiny,3,0.1,42,prototype_head_agg,Classifier-head aggregation,classifier_head_aggregation,support_power,8,8,1386.5,603.0,2353.0,0.06227219104766846,0.9377278685569763,0.5102957487106323,0.3377452790737152,0.6622547507286072,0.02172513110563159,0.656160118324416,0.7473551002036142
small,bloodmnist_224,swin_tiny,3,0.1,42,global_feature_mean,Global-feature mean,global_feature_mean,support_power,8,8,1386.5,603.0,2353.0,1.0000001192092896,-1.2346676214747276e-07,-2.384185791015625e-07,1.0000001192092896,-1.4901161193847656e-07,1.0000001192092896,1.000000102179391,0.7473551002036142
small,bloodmnist_224,swin_tiny,3,0.1,42,support_only,Support-only synthetic head,support_only_synthetic,support_power,8,8,1386.5,603.0,2353.0,0.011696860194206238,0.9883031845092773,0.9250220060348511,0.06048665940761566,0.9395133256912231,0.9999999344348908,1.0000000042574746,0.7473551002036142
small,bloodmnist_224,swin_tiny,3,0.1,42,prototype_shuffle,Shuffled-label prototype,reference_prototype_shuffle,support_power,8,8,1386.5,603.0,2353.0,0.9337819218635559,0.06621810048818588,0.02869415283203125,0.9651122689247131,0.034887753427028656,0.9997589468955994,0.9516319973128182,0.7473551002036142
small,bloodmnist_224,swin_tiny,3,0.1,42,uniform_client_weight,Uniform client weight,reference_prototype,uniform_present_client,8,8,1386.5,603.0,2353.0,0.9338261485099792,0.06617387384176254,0.028678596019744873,0.9651288390159607,0.03487116098403931,0.9997589468955994,0.9999301092965263,0.7500000058873588
small,bloodmnist_224,swin_tiny,3,0.1,42,global_client_size_weight,Global client-size weight,reference_prototype,global_client_size,8,8,1386.5,603.0,2353.0,0.9338093996047974,0.0661906823515892,0.02873629331588745,0.9651221632957458,0.03487785905599594,0.9997589468955994,0.9999257709298816,0.6898853453410542
small,bloodmnist_224,swin_tiny,5,0,42,full,Full prototype,reference_prototype,support_power,8,8,976.75,849.0,1024.0,0.93315589427948,0.0668441653251648,0.02859598398208618,0.964881420135498,0.03511856496334076,,,0.0
small,bloodmnist_224,swin_tiny,5,0,42,prototype_head_agg,Classifier-head aggregation,classifier_head_aggregation,support_power,8,8,976.75,849.0,1024.0,0.06357972323894501,0.9364202618598938,0.7304873466491699,0.18299585580825806,0.8170041441917419,,,0.0
small,bloodmnist_224,swin_tiny,5,0,42,global_feature_mean,Global-feature mean,global_feature_mean,support_power,8,8,976.75,849.0,1024.0,1.0,0.0,0.0,1.0,0.0,,,0.0
small,bloodmnist_224,swin_tiny,5,0,42,support_only,Support-only synthetic head,support_only_synthetic,support_power,8,8,976.75,849.0,1024.0,0.011696861125528812,0.9883031845092773,0.9250220060348511,0.06048665940761566,0.9395133256912231,,,0.0
small,bloodmnist_224,swin_tiny,5,0,42,prototype_shuffle,Shuffled-label prototype,reference_prototype_shuffle,support_power,8,8,976.75,849.0,1024.0,0.93315589427948,0.06684417277574539,0.02859598398208618,0.964881420135498,0.03511856496334076,,,0.0
small,bloodmnist_224,swin_tiny,5,0,42,uniform_client_weight,Uniform client weight,reference_prototype,uniform_present_client,8,8,976.75,849.0,1024.0,0.93315589427948,0.0668441653251648,0.02859598398208618,0.964881420135498,0.03511856496334076,,,0.0
small,bloodmnist_224,swin_tiny,5,0,42,global_client_size_weight,Global client-size weight,reference_prototype,global_client_size,8,8,976.75,849.0,1024.0,0.93315589427948,0.0668441653251648,0.02859598398208618,0.964881420135498,0.03511856496334076,,,0.0
small,bloodmnist_224,swin_tiny,5,0.01,42,full,Full prototype,reference_prototype,support_power,8,8,1210.875,852.0,2048.0,0.9332340955734253,0.06676589697599411,0.02859586477279663,0.9651565551757812,0.03484344482421875,0.9999491572380066,0.9999872446060181,0.2500000006869588
small,bloodmnist_224,swin_tiny,5,0.01,42,prototype_head_agg,Classifier-head aggregation,classifier_head_aggregation,support_power,8,8,1210.875,852.0,2048.0,0.04297724366188049,0.9570227861404419,0.68846595287323,0.19868795573711395,0.8013120293617249,0.020116858184337616,0.7111548632383347,0.2500000006869588
small,bloodmnist_224,swin_tiny,5,0.01,42,global_feature_mean,Global-feature mean,global_feature_mean,support_power,8,8,1210.875,852.0,2048.0,0.9999999403953552,1.1920928955078125e-07,1.1920928955078125e-07,0.9999999403953552,1.1920928955078125e-07,0.9999998807907104,0.9999998807907104,0.2500000006869588
small,bloodmnist_224,swin_tiny,5,0.01,42,support_only,Support-only synthetic head,support_only_synthetic,support_power,8,8,1210.875,852.0,2048.0,0.011696861125528812,0.9883031845092773,0.9250220060348511,0.06048665940761566,0.9395133256912231,1.0000000596046448,1.0000000298023224,0.2500000006869588
small,bloodmnist_224,swin_tiny,5,0.01,42,prototype_shuffle,Shuffled-label prototype,reference_prototype_shuffle,support_power,8,8,1210.875,852.0,2048.0,0.9332340955734253,0.06676589697599411,0.02859586477279663,0.965156614780426,0.03484344482421875,0.9999491572380066,0.9711024761199951,0.2500000006869588
small,bloodmnist_224,swin_tiny,5,0.01,42,uniform_client_weight,Uniform client weight,reference_prototype,uniform_present_client,8,8,1210.875,852.0,2048.0,0.9332340955734253,0.06676589697599411,0.02859586477279663,0.9651565551757812,0.03484344482421875,0.9999491572380066,0.9999872446060181,0.2500000006869588
small,bloodmnist_224,swin_tiny,5,0.01,42,global_client_size_weight,Global client-size weight,reference_prototype,global_client_size,8,8,1210.875,852.0,2048.0,0.9332348704338074,0.06676509231328964,0.02859586477279663,0.9651675224304199,0.034832485020160675,0.9999491572380066,0.999986320734024,0.2285873652347789
small,bloodmnist_224,swin_tiny,5,0.1,42,full,Full prototype,reference_prototype,support_power,8,8,2278.625,1310.0,3596.0,0.9329014420509338,0.06709854304790497,0.028970837593078613,0.9645776748657227,0.035422369837760925,0.999843659500281,0.9999475556871166,0.9980301251452851
small,bloodmnist_224,swin_tiny,5,0.1,42,prototype_head_agg,Classifier-head aggregation,classifier_head_aggregation,support_power,8,8,2278.625,1310.0,3596.0,-0.009885408915579319,1.0098854303359985,0.6292881965637207,0.17415843904018402,0.8258416056632996,0.0021976996989299855,0.578501072914704,0.9980301251452851
small,bloodmnist_224,swin_tiny,5,0.1,42,global_feature_mean,Global-feature mean,global_feature_mean,support_power,8,8,2278.625,1310.0,3596.0,1.0,8.514949634275126e-09,-1.1920928955078125e-07,1.0,-7.450580596923828e-08,1.0,1.0000000051830127,0.9980301251452851
small,bloodmnist_224,swin_tiny,5,0.1,42,support_only,Support-only synthetic head,support_only_synthetic,support_power,8,8,2278.625,1310.0,3596.0,0.011696858331561089,0.9883031845092773,0.9250220060348511,0.06048665940761566,0.9395133852958679,1.0000000124176343,1.0000000647876575,0.9980301251452851
small,bloodmnist_224,swin_tiny,5,0.1,42,prototype_shuffle,Shuffled-label prototype,reference_prototype_shuffle,support_power,8,8,2278.625,1310.0,3596.0,0.9329015016555786,0.06709855049848557,0.028970837593078613,0.9645776152610779,0.035422369837760925,0.999843659500281,0.9511477765829667,0.9980301251452851
small,bloodmnist_224,swin_tiny,5,0.1,42,uniform_client_weight,Uniform client weight,reference_prototype,uniform_present_client,8,8,2278.625,1310.0,3596.0,0.93288654088974,0.06711351871490479,0.029001295566558838,0.964570939540863,0.03542911261320114,0.999843659500281,0.9999476541643557,1.0000000084875587
small,bloodmnist_224,swin_tiny,5,0.1,42,global_client_size_weight,Global client-size weight,reference_prototype,global_client_size,8,8,2278.625,1310.0,3596.0,0.9329633712768555,0.06703659147024155,0.028678059577941895,0.9647752046585083,0.0352247878909111,0.999843659500281,0.9999394520469334,0.8356388809892271
small,bloodmnist_224,swin_tiny,7,0,42,full,Full prototype,reference_prototype,support_power,8,8,976.75,849.0,1024.0,0.9328309893608093,0.06716910004615784,0.02859586477279663,0.9648098349571228,0.03519020229578018,,,0.0
small,bloodmnist_224,swin_tiny,7,0,42,prototype_head_agg,Classifier-head aggregation,classifier_head_aggregation,support_power,8,8,976.75,849.0,1024.0,0.06003507599234581,0.9399649500846863,0.5270909070968628,0.17987456917762756,0.8201254606246948,,,0.0
small,bloodmnist_224,swin_tiny,7,0,42,global_feature_mean,Global-feature mean,global_feature_mean,support_power,8,8,976.75,849.0,1024.0,1.0,0.0,0.0,1.0,0.0,,,0.0
small,bloodmnist_224,swin_tiny,7,0,42,support_only,Support-only synthetic head,support_only_synthetic,support_power,8,8,976.75,849.0,1024.0,0.011696861125528812,0.9883031845092773,0.9250220060348511,0.06048665940761566,0.9395133256912231,,,0.0
small,bloodmnist_224,swin_tiny,7,0,42,prototype_shuffle,Shuffled-label prototype,reference_prototype_shuffle,support_power,8,8,976.75,849.0,1024.0,0.9328309297561646,0.06716910749673843,0.02859586477279663,0.9648098349571228,0.03519020229578018,,,0.0
small,bloodmnist_224,swin_tiny,7,0,42,uniform_client_weight,Uniform client weight,reference_prototype,uniform_present_client,8,8,976.75,849.0,1024.0,0.9328309893608093,0.06716910004615784,0.02859586477279663,0.9648098349571228,0.03519020229578018,,,0.0
small,bloodmnist_224,swin_tiny,7,0,42,global_client_size_weight,Global client-size weight,reference_prototype,global_client_size,8,8,976.75,849.0,1024.0,0.9328309893608093,0.06716910004615784,0.02859586477279663,0.9648098349571228,0.03519020229578018,,,0.0
small,bloodmnist_224,swin_tiny,7,0.01,42,full,Full prototype,reference_prototype,support_power,8,8,1697.125,852.0,2547.0,0.9327948689460754,0.06720519810914993,0.02863752841949463,0.9648623466491699,0.03513763099908829,0.9999570420810154,0.999986318024722,0.6250000036306382
small,bloodmnist_224,swin_tiny,7,0.01,42,prototype_head_agg,Classifier-head aggregation,classifier_head_aggregation,support_power,8,8,1697.125,852.0,2547.0,0.03327940031886101,0.9667205810546875,0.5246545076370239,0.24193175137043,0.7580682635307312,0.002129544903125082,0.6708532192490317,0.6250000036306382
small,bloodmnist_224,swin_tiny,7,0.01,42,global_feature_mean,Global-feature mean,global_feature_mean,support_power,8,8,1697.125,852.0,2547.0,1.0,8.514949634275126e-09,0.0,1.0,0.0,1.0,1.0000000541860408,0.6250000036306382
small,bloodmnist_224,swin_tiny,7,0.01,42,support_only,Support-only synthetic head,support_only_synthetic,support_power,8,8,1697.125,852.0,2547.0,0.011696861125528812,0.9883031845092773,0.9250220060348511,0.06048666313290596,0.9395133256912231,1.000000068119594,1.0000000975348733,0.6250000036306382
small,bloodmnist_224,swin_tiny,7,0.01,42,prototype_shuffle,Shuffled-label prototype,reference_prototype_shuffle,support_power,8,8,1697.125,852.0,2547.0,0.9327948689460754,0.06720519810914993,0.02863752841949463,0.9648624062538147,0.03513763099908829,0.9999570420810154,0.9581576260653409,0.6250000036306382
small,bloodmnist_224,swin_tiny,7,0.01,42,uniform_client_weight,Uniform client weight,reference_prototype,uniform_present_client,8,8,1697.125,852.0,2547.0,0.9327948689460754,0.06720519065856934,0.02863752841949463,0.9648624658584595,0.035137616097927094,0.9999570420810154,0.999986323443326,0.6250000036306382
small,bloodmnist_224,swin_tiny,7,0.01,42,global_client_size_weight,Global client-size weight,reference_prototype,global_client_size,8,8,1697.125,852.0,2547.0,0.9328169226646423,0.06718303263187408,0.028600335121154785,0.9648517966270447,0.035148151218891144,0.9999570420810154,0.999981164932251,0.36049070852961485
small,bloodmnist_224,swin_tiny,7,0.1,42,full,Full prototype,reference_prototype,support_power,8,8,3387.25,1552.0,4434.0,0.9331711530685425,0.0668289065361023,0.028755366802215576,0.9649659395217896,0.03503403067588806,0.9998486414551735,0.9999407638203014,0.9985420591575108
small,bloodmnist_224,swin_tiny,7,0.1,42,prototype_head_agg,Classifier-head aggregation,classifier_head_aggregation,support_power,8,8,3387.25,1552.0,4434.0,0.005135282874107361,0.9948647618293762,0.646198034286499,0.2505510747432709,0.7494490146636963,0.0021848773384200676,0.4814799220272989,0.9985420591575108
small,bloodmnist_224,swin_tiny,7,0.1,42,global_feature_mean,Global-feature mean,global_feature_mean,support_power,8,8,3387.25,1552.0,4434.0,1.0,4.470348358154297e-08,0.0,1.0,1.4901161193847656e-08,0.9999998211860657,0.9999999024651267,0.9985420591575108
small,bloodmnist_224,swin_tiny,7,0.1,42,support_only,Support-only synthetic head,support_only_synthetic,support_power,8,8,3387.25,1552.0,4434.0,0.011696859262883663,0.9883031845092773,0.9250220060348511,0.06048665568232536,0.9395133256912231,0.9999999829701015,1.0000000343178257,0.9985420591575108
small,bloodmnist_224,swin_tiny,7,0.1,42,prototype_shuffle,Shuffled-label prototype,reference_prototype_shuffle,support_power,8,8,3387.25,1552.0,4434.0,0.9331710934638977,0.0668288990855217,0.028755366802215576,0.9649659991264343,0.03503403067588806,0.9998486414551735,0.9550910917195407,0.9985420591575108
small,bloodmnist_224,swin_tiny,7,0.1,42,uniform_client_weight,Uniform client weight,reference_prototype,uniform_present_client,8,8,3387.25,1552.0,4434.0,0.9331439137458801,0.06685610860586166,0.028744399547576904,0.9649562239646912,0.03504382073879242,0.9998486414551735,0.9999408396807584,1.0000000126291726
small,bloodmnist_224,swin_tiny,7,0.1,42,global_client_size_weight,Global client-size weight,reference_prototype,global_client_size,8,8,3387.25,1552.0,4434.0,0.932991087436676,0.06700894981622696,0.028868257999420166,0.9649063944816589,0.035093553364276886,0.9998486414551735,0.9999363458517826,0.8437986023007306
small,bloodmnist_224,vit_t,3,0,42,full,Full prototype,reference_prototype,support_power,8,8,976.75,849.0,1024.0,0.9381913542747498,0.06180868297815323,0.022113025188446045,0.9687913060188293,0.031208693981170654,,,0.0
small,bloodmnist_224,vit_t,3,0,42,prototype_head_agg,Classifier-head aggregation,classifier_head_aggregation,support_power,8,8,976.75,849.0,1024.0,0.06437395513057709,0.9356260299682617,0.6741933226585388,0.20815783739089966,0.7918422222137451,,,0.0
small,bloodmnist_224,vit_t,3,0,42,global_feature_mean,Global-feature mean,global_feature_mean,support_power,8,8,976.75,849.0,1024.0,1.0,0.0,0.0,1.0,0.0,,,0.0
small,bloodmnist_224,vit_t,3,0,42,support_only,Support-only synthetic head,support_only_synthetic,support_power,8,8,976.75,849.0,1024.0,0.027637509629130363,0.9723625183105469,0.8010047674179077,0.14406131207942963,0.8559386730194092,,,0.0
small,bloodmnist_224,vit_t,3,0,42,prototype_shuffle,Shuffled-label prototype,reference_prototype_shuffle,support_power,8,8,976.75,849.0,1024.0,0.9381914138793945,0.06180868670344353,0.022113025188446045,0.9687913060188293,0.031208693981170654,,,0.0
small,bloodmnist_224,vit_t,3,0,42,uniform_client_weight,Uniform client weight,reference_prototype,uniform_present_client,8,8,976.75,849.0,1024.0,0.9381913542747498,0.06180868297815323,0.022113025188446045,0.9687913060188293,0.031208693981170654,,,0.0
small,bloodmnist_224,vit_t,3,0,42,global_client_size_weight,Global client-size weight,reference_prototype,global_client_size,8,8,976.75,849.0,1024.0,0.9381913542747498,0.06180868297815323,0.022113025188446045,0.9687913060188293,0.031208693981170654,,,0.0
small,bloodmnist_224,vit_t,3,0.01,42,full,Full prototype,reference_prototype,support_power,8,8,1100.875,849.0,1986.0,0.9380388259887695,0.06196121498942375,0.022381186485290527,0.9687857627868652,0.031214237213134766,1.0,1.0,0.1250000003434794
small,bloodmnist_224,vit_t,3,0.01,42,prototype_head_agg,Classifier-head aggregation,classifier_head_aggregation,support_power,8,8,1100.875,849.0,1986.0,0.039436910301446915,0.9605631232261658,0.8137245178222656,0.14308342337608337,0.8569165468215942,-0.00024031894281506538,0.7068860530853271,0.1250000003434794
small,bloodmnist_224,vit_t,3,0.01,42,global_feature_mean,Global-feature mean,global_feature_mean,support_power,8,8,1100.875,849.0,1986.0,1.0000001192092896,-1.1920928955078125e-07,-1.1920928955078125e-07,1.0000001192092896,-1.1920928955078125e-07,1.0000001192092896,1.0000001192092896,0.1250000003434794
small,bloodmnist_224,vit_t,3,0.01,42,support_only,Support-only synthetic head,support_only_synthetic,support_power,8,8,1100.875,849.0,1986.0,0.027637509629130363,0.9723625183105469,0.8010047674179077,0.14406131207942963,0.8559386730194092,1.0000001192092896,1.0000001192092896,0.1250000003434794
small,bloodmnist_224,vit_t,3,0.01,42,prototype_shuffle,Shuffled-label prototype,reference_prototype_shuffle,support_power,8,8,1100.875,849.0,1986.0,0.9380388259887695,0.06196121498942375,0.022381186485290527,0.9687857627868652,0.031214237213134766,1.0,1.0,0.1250000003434794
small,bloodmnist_224,vit_t,3,0.01,42,uniform_client_weight,Uniform client weight,reference_prototype,uniform_present_client,8,8,1100.875,849.0,1986.0,0.9380388259887695,0.06196121498942375,0.022381186485290527,0.9687857627868652,0.031214237213134766,1.0,1.0,0.1250000003434794
small,bloodmnist_224,vit_t,3,0.01,42,global_client_size_weight,Global client-size weight,reference_prototype,global_client_size,8,8,1100.875,849.0,1986.0,0.9380388259887695,0.06196121498942375,0.022381186485290527,0.9687857627868652,0.031214237213134766,1.0,1.0,0.11980289961271892
small,bloodmnist_224,vit_t,3,0.1,42,full,Full prototype,reference_prototype,support_power,8,8,1386.5,603.0,2353.0,0.9385769963264465,0.06142308935523033,0.02205824851989746,0.9689947366714478,0.031005315482616425,0.9998869478702546,0.9999667235783168,0.7473551002036142
small,bloodmnist_224,vit_t,3,0.1,42,prototype_head_agg,Classifier-head aggregation,classifier_head_aggregation,support_power,8,8,1386.5,603.0,2353.0,5.6054974265862256e-05,0.9999438524246216,0.7370274662971497,0.16623948514461517,0.8337604999542236,-0.007993040885776282,0.6416147372552327,0.7473551002036142
small,bloodmnist_224,vit_t,3,0.1,42,global_feature_mean,Global-feature mean,global_feature_mean,support_power,8,8,1386.5,603.0,2353.0,1.0,6.38621200366174e-09,0.0,1.0,0.0,1.0,1.0000000212873732,0.7473551002036142
small,bloodmnist_224,vit_t,3,0.1,42,support_only,Support-only synthetic head,support_only_synthetic,support_power,8,8,1386.5,603.0,2353.0,0.027637509629130363,0.9723625183105469,0.8010047674179077,0.14406131207942963,0.8559386730194092,1.0,1.0000000127724238,0.7473551002036142
small,bloodmnist_224,vit_t,3,0.1,42,prototype_shuffle,Shuffled-label prototype,reference_prototype_shuffle,support_power,8,8,1386.5,603.0,2353.0,0.9385768175125122,0.06142308935523033,0.02205824851989746,0.9689946174621582,0.031005315482616425,0.9998869478702546,0.9468132342611041,0.7473551002036142
small,bloodmnist_224,vit_t,3,0.1,42,uniform_client_weight,Uniform client weight,reference_prototype,uniform_present_client,8,8,1386.5,603.0,2353.0,0.9385920763015747,0.061407845467329025,0.022037804126739502,0.9690007567405701,0.03099924325942993,0.9998869478702546,0.9999668385301318,0.7500000058873588
small,bloodmnist_224,vit_t,3,0.1,42,global_client_size_weight,Global client-size weight,reference_prototype,global_client_size,8,8,1386.5,603.0,2353.0,0.9386426210403442,0.061357397586107254,0.021926403045654297,0.9690689444541931,0.030931130051612854,0.9998869478702546,0.9999646331582751,0.6898853453410542
small,bloodmnist_224,vit_t,5,0,42,full,Full prototype,reference_prototype,support_power,8,8,976.75,849.0,1024.0,0.9379858374595642,0.06201422959566116,0.022113025188446045,0.9687012434005737,0.03129875659942627,,,0.0
small,bloodmnist_224,vit_t,5,0,42,prototype_head_agg,Classifier-head aggregation,classifier_head_aggregation,support_power,8,8,976.75,849.0,1024.0,0.03959845378994942,0.9604015946388245,0.8082889318466187,0.16140595078468323,0.8385941386222839,,,0.0
small,bloodmnist_224,vit_t,5,0,42,global_feature_mean,Global-feature mean,global_feature_mean,support_power,8,8,976.75,849.0,1024.0,1.0,0.0,0.0,1.0,0.0,,,0.0
small,bloodmnist_224,vit_t,5,0,42,support_only,Support-only synthetic head,support_only_synthetic,support_power,8,8,976.75,849.0,1024.0,0.027637509629130363,0.9723625183105469,0.8010047674179077,0.14406131207942963,0.8559386730194092,,,0.0
small,bloodmnist_224,vit_t,5,0,42,prototype_shuffle,Shuffled-label prototype,reference_prototype_shuffle,support_power,8,8,976.75,849.0,1024.0,0.9379857778549194,0.06201422959566116,0.022113025188446045,0.9687012434005737,0.03129875659942627,,,0.0
small,bloodmnist_224,vit_t,5,0,42,uniform_client_weight,Uniform client weight,reference_prototype,uniform_present_client,8,8,976.75,849.0,1024.0,0.9379858374595642,0.06201422959566116,0.022113025188446045,0.9687012434005737,0.03129875659942627,,,0.0
small,bloodmnist_224,vit_t,5,0,42,global_client_size_weight,Global client-size weight,reference_prototype,global_client_size,8,8,976.75,849.0,1024.0,0.9379858374595642,0.06201422959566116,0.022113025188446045,0.9687012434005737,0.03129875659942627,,,0.0
small,bloodmnist_224,vit_t,5,0.01,42,full,Full prototype,reference_prototype,support_power,8,8,1210.875,852.0,2048.0,0.9380942583084106,0.06190568953752518,0.022113025188446045,0.9687986969947815,0.031201303005218506,0.999979168176651,0.9999947994947433,0.2500000006869588
small,bloodmnist_224,vit_t,5,0.01,42,prototype_head_agg,Classifier-head aggregation,classifier_head_aggregation,support_power,8,8,1210.875,852.0,2048.0,0.030546007677912712,0.9694539308547974,0.8178240060806274,0.12217972427606583,0.8778201937675476,-0.036423422396183014,0.6937525123357773,0.2500000006869588
small,bloodmnist_224,vit_t,5,0.01,42,global_feature_mean,Global-feature mean,global_feature_mean,support_power,8,8,1210.875,852.0,2048.0,1.0,0.0,0.0,1.0,0.0,1.0,1.0,0.2500000006869588
small,bloodmnist_224,vit_t,5,0.01,42,support_only,Support-only synthetic head,support_only_synthetic,support_power,8,8,1210.875,852.0,2048.0,0.027637509629130363,0.9723625183105469,0.8010047674179077,0.14406131207942963,0.8559386730194092,0.9999999701976776,1.0000000298023224,0.2500000006869588
small,bloodmnist_224,vit_t,5,0.01,42,prototype_shuffle,Shuffled-label prototype,reference_prototype_shuffle,support_power,8,8,1210.875,852.0,2048.0,0.9380943179130554,0.061905693262815475,0.022113025188446045,0.9687986969947815,0.031201303005218506,0.999979168176651,0.9793015420436859,0.2500000006869588
small,bloodmnist_224,vit_t,5,0.01,42,uniform_client_weight,Uniform client weight,reference_prototype,uniform_present_client,8,8,1210.875,852.0,2048.0,0.9380942583084106,0.06190568953752518,0.022113025188446045,0.9687986969947815,0.031201303005218506,0.999979168176651,0.9999947994947433,0.2500000006869588
small,bloodmnist_224,vit_t,5,0.01,42,global_client_size_weight,Global client-size weight,reference_prototype,global_client_size,8,8,1210.875,852.0,2048.0,0.9380900263786316,0.061909984797239304,0.022113025188446045,0.968795657157898,0.03120434284210205,0.999979168176651,0.9999943822622299,0.2285873652347789
small,bloodmnist_224,vit_t,5,0.1,42,full,Full prototype,reference_prototype,support_power,8,8,2278.625,1310.0,3596.0,0.9384600520133972,0.061539892107248306,0.022847890853881836,0.9687685966491699,0.031231455504894257,0.9999354059497515,0.999978666720183,0.9980301251452851
small,bloodmnist_224,vit_t,5,0.1,42,prototype_head_agg,Classifier-head aggregation,classifier_head_aggregation,support_power,8,8,2278.625,1310.0,3596.0,-0.02169354073703289,1.021693468093872,0.8161567449569702,0.09236839413642883,0.9076315760612488,-0.00549573121437182,0.5691332972568014,0.9980301251452851
small,bloodmnist_224,vit_t,5,0.1,42,global_feature_mean,Global-feature mean,global_feature_mean,support_power,8,8,2278.625,1310.0,3596.0,1.0,3.831727113379202e-08,0.0,1.0,1.4901161193847656e-08,1.0,0.9999999896339749,0.9980301251452851
small,bloodmnist_224,vit_t,5,0.1,42,support_only,Support-only synthetic head,support_only_synthetic,support_power,8,8,2278.625,1310.0,3596.0,0.027637509629130363,0.9723625183105469,0.8010047674179077,0.14406131207942963,0.8559386730194092,1.0000000049670537,1.000000025915063,0.9980301251452851
small,bloodmnist_224,vit_t,5,0.1,42,prototype_shuffle,Shuffled-label prototype,reference_prototype_shuffle,support_power,8,8,2278.625,1310.0,3596.0,0.9384600520133972,0.061539892107248306,0.022847890853881836,0.9687685966491699,0.031231455504894257,0.9999354059497515,0.9532864093780518,0.9980301251452851
small,bloodmnist_224,vit_t,5,0.1,42,uniform_client_weight,Uniform client weight,reference_prototype,uniform_present_client,8,8,2278.625,1310.0,3596.0,0.938453197479248,0.06154683604836464,0.02286064624786377,0.9687626957893372,0.03123735636472702,0.9999354059497515,0.9999787185503088,1.0000000084875587
small,bloodmnist_224,vit_t,5,0.1,42,global_client_size_weight,Global client-size weight,reference_prototype,global_client_size,8,8,2278.625,1310.0,3596.0,0.9384134411811829,0.06158662587404251,0.022764861583709717,0.9688097238540649,0.031190283596515656,0.9999354059497515,0.9999749401341314,0.8356388809892271
small,bloodmnist_224,vit_t,7,0,42,full,Full prototype,reference_prototype,support_power,8,8,976.75,849.0,1024.0,0.9379557967185974,0.06204422190785408,0.022113025188446045,0.968743085861206,0.03125689923763275,,,0.0
small,bloodmnist_224,vit_t,7,0,42,prototype_head_agg,Classifier-head aggregation,classifier_head_aggregation,support_power,8,8,976.75,849.0,1024.0,0.06141861155629158,0.9385814070701599,0.7425816655158997,0.1693567931652069,0.8306432366371155,,,0.0
small,bloodmnist_224,vit_t,7,0,42,global_feature_mean,Global-feature mean,global_feature_mean,support_power,8,8,976.75,849.0,1024.0,0.9999999403953552,1.7881393432617188e-07,1.7881393432617188e-07,0.9999998807907104,1.7881393432617188e-07,,,0.0
small,bloodmnist_224,vit_t,7,0,42,support_only,Support-only synthetic head,support_only_synthetic,support_power,8,8,976.75,849.0,1024.0,0.027637509629130363,0.9723625183105469,0.8010047674179077,0.14406131207942963,0.8559386730194092,,,0.0
small,bloodmnist_224,vit_t,7,0,42,prototype_shuffle,Shuffled-label prototype,reference_prototype_shuffle,support_power,8,8,976.75,849.0,1024.0,0.9379557967185974,0.06204422190785408,0.022113025188446045,0.968743085861206,0.03125689923763275,,,0.0
small,bloodmnist_224,vit_t,7,0,42,uniform_client_weight,Uniform client weight,reference_prototype,uniform_present_client,8,8,976.75,849.0,1024.0,0.9379557967185974,0.06204422190785408,0.022113025188446045,0.968743085861206,0.03125689923763275,,,0.0
small,bloodmnist_224,vit_t,7,0,42,global_client_size_weight,Global client-size weight,reference_prototype,global_client_size,8,8,976.75,849.0,1024.0,0.9379557967185974,0.06204422190785408,0.022113025188446045,0.968743085861206,0.03125689923763275,,,0.0
small,bloodmnist_224,vit_t,7,0.01,42,full,Full prototype,reference_prototype,support_power,8,8,1697.125,852.0,2547.0,0.9380802512168884,0.06191977486014366,0.022458672523498535,0.9687519669532776,0.0312480628490448,0.9999789680753436,0.9999933026053689,0.6250000036306382
small,bloodmnist_224,vit_t,7,0.01,42,prototype_head_agg,Classifier-head aggregation,classifier_head_aggregation,support_power,8,8,1697.125,852.0,2547.0,0.04994235187768936,0.9500576257705688,0.7831952571868896,0.14423365890979767,0.8557662963867188,-0.004267171557460513,0.6678712476383556,0.6250000036306382
small,bloodmnist_224,vit_t,7,0.01,42,global_feature_mean,Global-feature mean,global_feature_mean,support_power,8,8,1697.125,852.0,2547.0,1.0,6.38621200366174e-09,0.0,1.0,0.0,1.0,1.0000000541860408,0.6250000036306382
small,bloodmnist_224,vit_t,7,0.01,42,support_only,Support-only synthetic head,support_only_synthetic,support_power,8,8,1697.125,852.0,2547.0,0.027637509629130363,0.9723625183105469,0.8010047078132629,0.14406132698059082,0.8559386730194092,1.0,1.0000000433488325,0.6250000036306382
small,bloodmnist_224,vit_t,7,0.01,42,prototype_shuffle,Shuffled-label prototype,reference_prototype_shuffle,support_power,8,8,1697.125,852.0,2547.0,0.9380802512168884,0.06191977113485336,0.022458672523498535,0.9687519669532776,0.0312480628490448,0.9999789680753436,0.9574799375100569,0.6250000036306382
small,bloodmnist_224,vit_t,7,0.01,42,uniform_client_weight,Uniform client weight,reference_prototype,uniform_present_client,8,8,1697.125,852.0,2547.0,0.9380803108215332,0.06191975623369217,0.022458672523498535,0.9687519073486328,0.031248092651367188,0.9999789680753436,0.9999933026053689,0.6250000036306382
small,bloodmnist_224,vit_t,7,0.01,42,global_client_size_weight,Global client-size weight,reference_prototype,global_client_size,8,8,1697.125,852.0,2547.0,0.9379839897155762,0.06201603636145592,0.022435307502746582,0.968725860118866,0.03127419203519821,0.9999789680753436,0.9999905770475214,0.36049070852961485
small,bloodmnist_224,vit_t,7,0.1,42,full,Full prototype,reference_prototype,support_power,8,8,3387.25,1552.0,4434.0,0.9382052421569824,0.061794690787792206,0.02258288860321045,0.9687417149543762,0.0312582403421402,0.9999299677354949,0.9999726414680481,0.9985420591575108
small,bloodmnist_224,vit_t,7,0.1,42,prototype_head_agg,Classifier-head aggregation,classifier_head_aggregation,support_power,8,8,3387.25,1552.0,4434.0,0.026651155203580856,0.9733487963676453,0.7525206208229065,0.16998952627182007,0.8300104737281799,-0.0010314368493189769,0.48322181358481897,0.9985420591575108
small,bloodmnist_224,vit_t,7,0.1,42,global_feature_mean,Global-feature mean,global_feature_mean,support_power,8,8,3387.25,1552.0,4434.0,1.0,4.257474728319721e-08,0.0,1.0,0.0,0.9999999403953552,0.9999999024651267,0.9985420591575108
small,bloodmnist_224,vit_t,7,0.1,42,support_only,Support-only synthetic head,support_only_synthetic,support_power,8,8,3387.25,1552.0,4434.0,0.027637507766485214,0.9723625183105469,0.8010047674179077,0.14406131207942963,0.8559386730194092,1.0,1.0000000198682149,0.9985420591575108
small,bloodmnist_224,vit_t,7,0.1,42,prototype_shuffle,Shuffled-label prototype,reference_prototype_shuffle,support_power,8,8,3387.25,1552.0,4434.0,0.9382053017616272,0.06179467961192131,0.02258288860321045,0.968741774559021,0.0312582403421402,0.9999299677354949,0.9551478389537695,0.9985420591575108
small,bloodmnist_224,vit_t,7,0.1,42,uniform_client_weight,Uniform client weight,reference_prototype,uniform_present_client,8,8,3387.25,1552.0,4434.0,0.9382109642028809,0.06178901717066765,0.022576332092285156,0.9687477350234985,0.03125220537185669,0.9999299677354949,0.9999726757858739,1.0000000126291726
small,bloodmnist_224,vit_t,7,0.1,42,global_client_size_weight,Global client-size weight,reference_prototype,global_client_size,8,8,3387.25,1552.0,4434.0,0.9382171034812927,0.0617828443646431,0.02253413200378418,0.9687444567680359,0.031255513429641724,0.9999299677354949,0.9999706076853203,0.8437986023007306
small,chaoshengmnist_224,convnext,3,0,42,full,Full prototype,reference_prototype,support_power,8,8,483.625,345.0,671.0,0.9600381851196289,0.03996174782514572,0.00703662633895874,0.9811658263206482,0.018834188580513,,,0.0
small,chaoshengmnist_224,convnext,3,0,42,prototype_head_agg,Classifier-head aggregation,classifier_head_aggregation,support_power,8,8,483.625,345.0,671.0,0.024131949990987778,0.9758680462837219,0.8434944748878479,0.11855287849903107,0.8814470767974854,,,0.0
small,chaoshengmnist_224,convnext,3,0,42,global_feature_mean,Global-feature mean,global_feature_mean,support_power,8,8,483.625,345.0,671.0,0.9999999403953552,1.1920928955078125e-07,1.1920928955078125e-07,0.9999999403953552,1.1920928955078125e-07,,,0.0
small,chaoshengmnist_224,convnext,3,0,42,support_only,Support-only synthetic head,support_only_synthetic,support_power,8,8,483.625,345.0,671.0,0.011696861125528812,0.9883031845092773,0.9250220060348511,0.06048665940761566,0.9395133256912231,,,0.0
small,chaoshengmnist_224,convnext,3,0,42,prototype_shuffle,Shuffled-label prototype,reference_prototype_shuffle,support_power,8,8,483.625,345.0,671.0,0.9600381851196289,0.03996174782514572,0.00703662633895874,0.9811658263206482,0.018834188580513,,,0.0
small,chaoshengmnist_224,convnext,3,0,42,uniform_client_weight,Uniform client weight,reference_prototype,uniform_present_client,8,8,483.625,345.0,671.0,0.9600381851196289,0.03996174782514572,0.00703662633895874,0.9811658263206482,0.018834188580513,,,0.0
small,chaoshengmnist_224,convnext,3,0,42,global_client_size_weight,Global client-size weight,reference_prototype,global_client_size,8,8,483.625,345.0,671.0,0.9600381851196289,0.03996174782514572,0.00703662633895874,0.9811658263206482,0.018834188580513,,,0.0
small,chaoshengmnist_224,convnext,3,0.01,42,full,Full prototype,reference_prototype,support_power,8,8,619.875,345.0,1342.0,0.9600381851196289,0.03996178135275841,0.007036685943603516,0.9811658263206482,0.018834225833415985,0.9999999403953552,1.0,0.2500000006869588
small,chaoshengmnist_224,convnext,3,0.01,42,prototype_head_agg,Classifier-head aggregation,classifier_head_aggregation,support_power,8,8,619.875,345.0,1342.0,0.03168844059109688,0.968311607837677,0.8085639476776123,0.11680355668067932,0.8831964135169983,-0.007553317118436098,0.70347860455513,0.2500000006869588
small,chaoshengmnist_224,convnext,3,0.01,42,global_feature_mean,Global-feature mean,global_feature_mean,support_power,8,8,619.875,345.0,1342.0,1.0000001192092896,-1.1920928955078125e-07,-1.1920928955078125e-07,1.0000001192092896,-1.1920928955078125e-07,1.0000001192092896,1.0000001192092896,0.2500000006869588
small,chaoshengmnist_224,convnext,3,0.01,42,support_only,Support-only synthetic head,support_only_synthetic,support_power,8,8,619.875,345.0,1342.0,0.011696861125528812,0.9883031845092773,0.9250220060348511,0.06048665940761566,0.9395133256912231,1.0,1.0,0.2500000006869588
small,chaoshengmnist_224,convnext,3,0.01,42,prototype_shuffle,Shuffled-label prototype,reference_prototype_shuffle,support_power,8,8,619.875,345.0,1342.0,0.9600381851196289,0.03996178135275841,0.007036685943603516,0.9811657667160034,0.018834225833415985,0.9999999403953552,0.9572381228208542,0.2500000006869588
small,chaoshengmnist_224,convnext,3,0.01,42,uniform_client_weight,Uniform client weight,reference_prototype,uniform_present_client,8,8,619.875,345.0,1342.0,0.9600381851196289,0.03996178135275841,0.007036685943603516,0.9811658263206482,0.018834225833415985,0.9999999403953552,1.0,0.2500000006869588
small,chaoshengmnist_224,convnext,3,0.01,42,global_client_size_weight,Global client-size weight,reference_prototype,global_client_size,8,8,619.875,345.0,1342.0,0.9600383043289185,0.039961762726306915,0.007036685943603516,0.9811658263206482,0.018834225833415985,0.9999999403953552,1.0000000298023224,0.2028471518367695
small,chaoshengmnist_224,convnext,3,0.1,42,full,Full prototype,reference_prototype,support_power,8,8,869.75,345.0,2013.0,0.9600383043289185,0.03996175900101662,0.007036566734313965,0.9811658263206482,0.018834181129932404,0.9999999925494194,0.9999999940395355,0.5000000052003999
small,chaoshengmnist_224,convnext,3,0.1,42,prototype_head_agg,Classifier-head aggregation,classifier_head_aggregation,support_power,8,8,869.75,345.0,2013.0,0.018031146377325058,0.981968879699707,0.8466352224349976,0.10239880532026291,0.8976011872291565,0.009287854481954128,0.6300246477127075,0.5000000052003999
small,chaoshengmnist_224,convnext,3,0.1,42,global_feature_mean,Global-feature mean,global_feature_mean,support_power,8,8,869.75,345.0,2013.0,1.0000001192092896,-1.1920928955078125e-07,-1.1920928955078125e-07,1.0000001192092896,-1.1920928955078125e-07,1.0000001192092896,1.0000000596046448,0.5000000052003999
small,chaoshengmnist_224,convnext,3,0.1,42,support_only,Support-only synthetic head,support_only_synthetic,support_power,8,8,869.75,345.0,2013.0,0.011696860194206238,0.9883031845092773,0.9250220060348511,0.06048665568232536,0.9395133256912231,0.9999999776482582,0.9999999701976776,0.5000000052003999
small,chaoshengmnist_224,convnext,3,0.1,42,prototype_shuffle,Shuffled-label prototype,reference_prototype_shuffle,support_power,8,8,869.75,345.0,2013.0,0.9600381851196289,0.03996175900101662,0.007036566734313965,0.9811657667160034,0.018834181129932404,0.9999999925494194,0.9693974316120147,0.5000000052003999
small,chaoshengmnist_224,convnext,3,0.1,42,uniform_client_weight,Uniform client weight,reference_prototype,uniform_present_client,8,8,869.75,345.0,2013.0,0.9600383043289185,0.03996175900101662,0.007036566734313965,0.9811658263206482,0.018834181129932404,0.9999999925494194,1.000000011920929,0.5000000052003999
small,chaoshengmnist_224,convnext,3,0.1,42,global_client_size_weight,Global client-size weight,reference_prototype,global_client_size,8,8,869.75,345.0,2013.0,0.9600383043289185,0.03996174782514572,0.007036566734313965,0.9811658263206482,0.018834181129932404,0.9999999925494194,0.9999999940395355,0.3232100906439318
small,chaoshengmnist_224,convnext,5,0,42,full,Full prototype,reference_prototype,support_power,8,8,483.625,345.0,671.0,0.9600383043289185,0.03996175900101662,0.007036685943603516,0.9811657071113586,0.018834218382835388,,,0.0
small,chaoshengmnist_224,convnext,5,0,42,prototype_head_agg,Classifier-head aggregation,classifier_head_aggregation,support_power,8,8,483.625,345.0,671.0,0.018471334129571915,0.9815285801887512,0.8372742533683777,0.11416079849004745,0.8858391046524048,,,0.0
small,chaoshengmnist_224,convnext,5,0,42,global_feature_mean,Global-feature mean,global_feature_mean,support_power,8,8,483.625,345.0,671.0,0.9999999403953552,1.1920928955078125e-07,1.1920928955078125e-07,0.9999999403953552,1.1920928955078125e-07,,,0.0
small,chaoshengmnist_224,convnext,5,0,42,support_only,Support-only synthetic head,support_only_synthetic,support_power,8,8,483.625,345.0,671.0,0.011696861125528812,0.9883031845092773,0.9250220060348511,0.06048665940761566,0.9395133256912231,,,0.0
small,chaoshengmnist_224,convnext,5,0,42,prototype_shuffle,Shuffled-label prototype,reference_prototype_shuffle,support_power,8,8,483.625,345.0,671.0,0.9600383043289185,0.03996175900101662,0.007036685943603516,0.9811657667160034,0.018834218382835388,,,0.0
small,chaoshengmnist_224,convnext,5,0,42,uniform_client_weight,Uniform client weight,reference_prototype,uniform_present_client,8,8,483.625,345.0,671.0,0.9600383043289185,0.03996175900101662,0.007036685943603516,0.9811657071113586,0.018834218382835388,,,0.0
small,chaoshengmnist_224,convnext,5,0,42,global_client_size_weight,Global client-size weight,reference_prototype,global_client_size,8,8,483.625,345.0,671.0,0.9600383043289185,0.03996175900101662,0.007036685943603516,0.9811657071113586,0.018834218382835388,,,0.0
small,chaoshengmnist_224,convnext,5,0.01,42,full,Full prototype,reference_prototype,support_power,8,8,881.75,419.0,1461.0,0.9600382447242737,0.039961766451597214,0.007036566734313965,0.9811657071113586,0.01883421093225479,0.9999999205271403,0.9999999205271403,0.6250000055438794
small,chaoshengmnist_224,convnext,5,0.01,42,prototype_head_agg,Classifier-head aggregation,classifier_head_aggregation,support_power,8,8,881.75,419.0,1461.0,0.01871219277381897,0.9812878370285034,0.9189071655273438,0.05668005347251892,0.9433199763298035,-0.0004444444138142798,0.6406827842195829,0.6250000055438794
small,chaoshengmnist_224,convnext,5,0.01,42,global_feature_mean,Global-feature mean,global_feature_mean,support_power,8,8,881.75,419.0,1461.0,1.0,-4.257474728319721e-08,-1.1920928955078125e-07,1.0,-7.450580596923828e-08,1.0000001192092896,1.0000001390775044,0.6250000055438794
small,chaoshengmnist_224,convnext,5,0.01,42,support_only,Support-only synthetic head,support_only_synthetic,support_power,8,8,881.75,419.0,1461.0,0.011696859262883663,0.9883031845092773,0.9250220060348511,0.06048665940761566,0.9395133852958679,1.0000000198682149,1.000000034769376,0.6250000055438794
small,chaoshengmnist_224,convnext,5,0.01,42,prototype_shuffle,Shuffled-label prototype,reference_prototype_shuffle,support_power,8,8,881.75,419.0,1461.0,0.9600381851196289,0.03996177390217781,0.007036566734313965,0.9811657667160034,0.01883421093225479,0.9999999205271403,0.9612701634565989,0.6250000055438794
small,chaoshengmnist_224,convnext,5,0.01,42,uniform_client_weight,Uniform client weight,reference_prototype,uniform_present_client,8,8,881.75,419.0,1461.0,0.9600381851196289,0.03996177390217781,0.007036566734313965,0.9811657071113586,0.01883421093225479,0.9999999205271403,0.9999999155600866,0.6250000055438794
small,chaoshengmnist_224,convnext,5,0.01,42,global_client_size_weight,Global client-size weight,reference_prototype,global_client_size,8,8,881.75,419.0,1461.0,0.9600383043289185,0.03996175527572632,0.00703662633895874,0.9811657071113586,0.01883421093225479,0.9999999205271403,0.9999999304612478,0.47863035031789186
small,chaoshengmnist_224,convnext,5,0.1,42,full,Full prototype,reference_prototype,support_power,8,8,1313.875,487.0,2520.0,0.9600383043289185,0.03996172919869423,0.00703662633895874,0.9811658263206482,0.018834173679351807,0.9999999744551522,0.9999999970197677,0.8750000062308382
small,chaoshengmnist_224,convnext,5,0.1,42,prototype_head_agg,Classifier-head aggregation,classifier_head_aggregation,support_power,8,8,1313.875,487.0,2520.0,0.012378739193081856,0.9876211881637573,0.896261990070343,0.07121672481298447,0.9287833571434021,-0.003654841865812029,0.5838568821549416,0.8750000062308382
small,chaoshengmnist_224,convnext,5,0.1,42,global_feature_mean,Global-feature mean,global_feature_mean,support_power,8,8,1313.875,487.0,2520.0,1.0,3.4059798537100505e-08,0.0,1.0,0.0,0.9999998807907104,0.9999999195337296,0.8750000062308382
small,chaoshengmnist_224,convnext,5,0.1,42,support_only,Support-only synthetic head,support_only_synthetic,support_power,8,8,1313.875,487.0,2520.0,0.011696859262883663,0.9883031845092773,0.9250220060348511,0.06048665940761566,0.9395133256912231,0.9999999432336717,0.9999999880790711,0.8750000062308382
small,chaoshengmnist_224,convnext,5,0.1,42,prototype_shuffle,Shuffled-label prototype,reference_prototype_shuffle,support_power,8,8,1313.875,487.0,2520.0,0.9600383043289185,0.03996172919869423,0.00703662633895874,0.9811658263206482,0.018834173679351807,0.9999999744551522,0.9621612876653671,0.8750000062308382
small,chaoshengmnist_224,convnext,5,0.1,42,uniform_client_weight,Uniform client weight,reference_prototype,uniform_present_client,8,8,1313.875,487.0,2520.0,0.9600383043289185,0.039961762726306915,0.00703662633895874,0.9811658263206482,0.018834196031093597,0.9999999744551522,0.9999999821186065,0.8750000062308382
small,chaoshengmnist_224,convnext,5,0.1,42,global_client_size_weight,Global client-size weight,reference_prototype,global_client_size,8,8,1313.875,487.0,2520.0,0.9600383043289185,0.039961736649274826,0.007036566734313965,0.9811658263206482,0.018834173679351807,0.9999999744551522,1.0,0.7714541600933507
small,chaoshengmnist_224,convnext,7,0,42,full,Full prototype,reference_prototype,support_power,8,8,483.625,345.0,671.0,0.9600383043289185,0.039961762726306915,0.00703662633895874,0.9811658263206482,0.018834196031093597,,,0.0
small,chaoshengmnist_224,convnext,7,0,42,prototype_head_agg,Classifier-head aggregation,classifier_head_aggregation,support_power,8,8,483.625,345.0,671.0,0.0032886306289583445,0.9967114329338074,0.8174381852149963,0.08866988122463226,0.9113301038742065,,,0.0
small,chaoshengmnist_224,convnext,7,0,42,global_feature_mean,Global-feature mean,global_feature_mean,support_power,8,8,483.625,345.0,671.0,0.9999999403953552,1.1920928955078125e-07,1.1920928955078125e-07,0.9999999403953552,1.1920928955078125e-07,,,0.0
small,chaoshengmnist_224,convnext,7,0,42,support_only,Support-only synthetic head,support_only_synthetic,support_power,8,8,483.625,345.0,671.0,0.011696861125528812,0.9883031845092773,0.9250220060348511,0.06048665940761566,0.9395133256912231,,,0.0
small,chaoshengmnist_224,convnext,7,0,42,prototype_shuffle,Shuffled-label prototype,reference_prototype_shuffle,support_power,8,8,483.625,345.0,671.0,0.9600381851196289,0.03996175900101662,0.00703662633895874,0.9811657667160034,0.018834196031093597,,,0.0
small,chaoshengmnist_224,convnext,7,0,42,uniform_client_weight,Uniform client weight,reference_prototype,uniform_present_client,8,8,483.625,345.0,671.0,0.9600383043289185,0.039961762726306915,0.00703662633895874,0.9811658263206482,0.018834196031093597,,,0.0
small,chaoshengmnist_224,convnext,7,0,42,global_client_size_weight,Global client-size weight,reference_prototype,global_client_size,8,8,483.625,345.0,671.0,0.9600383043289185,0.039961762726306915,0.00703662633895874,0.9811658263206482,0.018834196031093597,,,0.0
small,chaoshengmnist_224,convnext,7,0.01,42,full,Full prototype,reference_prototype,support_power,8,8,544.75,345.0,978.0,0.9600382447242737,0.03996175527572632,0.007036566734313965,0.9811657071113586,0.018834188580513,1.0,1.0,0.1250000003434794
small,chaoshengmnist_224,convnext,7,0.01,42,prototype_head_agg,Classifier-head aggregation,classifier_head_aggregation,support_power,8,8,544.75,345.0,978.0,0.01542789489030838,0.9845721125602722,0.9002935886383057,0.0709138810634613,0.9290862083435059,-0.026262696832418442,0.6966021060943604,0.1250000003434794
small,chaoshengmnist_224,convnext,7,0.01,42,global_feature_mean,Global-feature mean,global_feature_mean,support_power,8,8,544.75,345.0,978.0,1.0000001192092896,-1.1920928955078125e-07,-1.1920928955078125e-07,1.0000001192092896,-1.1920928955078125e-07,1.0000001192092896,1.0000001192092896,0.1250000003434794
small,chaoshengmnist_224,convnext,7,0.01,42,support_only,Support-only synthetic head,support_only_synthetic,support_power,8,8,544.75,345.0,978.0,0.011696861125528812,0.9883031845092773,0.9250220060348511,0.06048665940761566,0.9395133256912231,1.0000001192092896,1.0000001192092896,0.1250000003434794
small,chaoshengmnist_224,convnext,7,0.01,42,prototype_shuffle,Shuffled-label prototype,reference_prototype_shuffle,support_power,8,8,544.75,345.0,978.0,0.9600381851196289,0.03996175527572632,0.007036566734313965,0.9811657667160034,0.018834188580513,1.0,1.0,0.1250000003434794
small,chaoshengmnist_224,convnext,7,0.01,42,uniform_client_weight,Uniform client weight,reference_prototype,uniform_present_client,8,8,544.75,345.0,978.0,0.9600382447242737,0.03996175527572632,0.007036566734313965,0.9811657071113586,0.018834188580513,1.0,1.0,0.1250000003434794
small,chaoshengmnist_224,convnext,7,0.01,42,global_client_size_weight,Global client-size weight,reference_prototype,global_client_size,8,8,544.75,345.0,978.0,0.9600382447242737,0.039961762726306915,0.007036566734313965,0.9811657071113586,0.018834188580513,1.0,0.9999999701976776,0.034208090931794485
small,chaoshengmnist_224,convnext,7,0.1,42,full,Full prototype,reference_prototype,support_power,8,8,1886.25,1257.0,3780.0,0.9600383043289185,0.03996172174811363,0.007036685943603516,0.9811657667160034,0.018834203481674194,0.9999999391789339,0.9999999884636172,1.000000005249426
small,chaoshengmnist_224,convnext,7,0.1,42,prototype_head_agg,Classifier-head aggregation,classifier_head_aggregation,support_power,8,8,1886.25,1257.0,3780.0,-0.003676388179883361,1.003676414489746,0.906571626663208,0.0607844702899456,0.9392156004905701,-0.011693749092139152,0.4941661165606591,1.000000005249426
small,chaoshengmnist_224,convnext,7,0.1,42,global_feature_mean,Global-feature mean,global_feature_mean,support_power,8,8,1886.25,1257.0,3780.0,1.0,2.3416109939944363e-08,-1.1920928955078125e-07,1.0,-4.470348358154297e-08,1.0000001192092896,1.0000000615273752,1.000000005249426
small,chaoshengmnist_224,convnext,7,0.1,42,support_only,Support-only synthetic head,support_only_synthetic,support_power,8,8,1886.25,1257.0,3780.0,0.011696859262883663,0.9883031845092773,0.9250220060348511,0.06048665940761566,0.9395133852958679,0.9999999756715736,1.0000000096136523,1.000000005249426
small,chaoshengmnist_224,convnext,7,0.1,42,prototype_shuffle,Shuffled-label prototype,reference_prototype_shuffle,support_power,8,8,1886.25,1257.0,3780.0,0.9600383043289185,0.03996172174811363,0.007036685943603516,0.9811657667160034,0.018834203481674194,0.9999999391789339,0.9590406129437108,1.000000005249426
small,chaoshengmnist_224,convnext,7,0.1,42,uniform_client_weight,Uniform client weight,reference_prototype,uniform_present_client,8,8,1886.25,1257.0,3780.0,0.9600381851196289,0.03996177762746811,0.007036685943603516,0.9811657071113586,0.018834225833415985,0.9999999391789339,0.9999999538544686,1.0000000301989151
small,chaoshengmnist_224,convnext,7,0.1,42,global_client_size_weight,Global client-size weight,reference_prototype,global_client_size,8,8,1886.25,1257.0,3780.0,0.9600383043289185,0.03996175900101662,0.007036566734313965,0.9811658263206482,0.018834188580513,0.9999999391789339,0.9999999576999296,0.9514243099189399
small,chaoshengmnist_224,resnet,3,0,42,full,Full prototype,reference_prototype,support_power,8,8,483.625,345.0,671.0,0.9628286361694336,0.03717148303985596,0.005024313926696777,0.9826846718788147,0.017315350472927094,,,0.0
small,chaoshengmnist_224,resnet,3,0,42,prototype_head_agg,Classifier-head aggregation,classifier_head_aggregation,support_power,8,8,483.625,345.0,671.0,0.039485953748226166,0.9605140089988708,0.7576013803482056,0.18548324704170227,0.8145167231559753,,,0.0
small,chaoshengmnist_224,resnet,3,0,42,global_feature_mean,Global-feature mean,global_feature_mean,support_power,8,8,483.625,345.0,671.0,1.0000001192092896,-2.384185791015625e-07,-2.384185791015625e-07,1.0000001192092896,-2.384185791015625e-07,,,0.0
small,chaoshengmnist_224,resnet,3,0,42,support_only,Support-only synthetic head,support_only_synthetic,support_power,8,8,483.625,345.0,671.0,-0.0006588270771317184,1.0006588697433472,0.9133995175361633,0.058748673647642136,0.9412513971328735,,,0.0
small,chaoshengmnist_224,resnet,3,0,42,prototype_shuffle,Shuffled-label prototype,reference_prototype_shuffle,support_power,8,8,483.625,345.0,671.0,0.9628285765647888,0.03717148303985596,0.005024313926696777,0.9826846718788147,0.017315350472927094,,,0.0
small,chaoshengmnist_224,resnet,3,0,42,uniform_client_weight,Uniform client weight,reference_prototype,uniform_present_client,8,8,483.625,345.0,671.0,0.9628286361694336,0.03717148303985596,0.005024313926696777,0.9826846718788147,0.017315350472927094,,,0.0
small,chaoshengmnist_224,resnet,3,0,42,global_client_size_weight,Global client-size weight,reference_prototype,global_client_size,8,8,483.625,345.0,671.0,0.9628286361694336,0.03717148303985596,0.005024313926696777,0.9826846718788147,0.017315350472927094,,,0.0
small,chaoshengmnist_224,resnet,3,0.01,42,full,Full prototype,reference_prototype,support_power,8,8,619.875,345.0,1342.0,0.9628285765647888,0.037171464413404465,0.005024373531341553,0.9826846718788147,0.0173153355717659,1.0000000596046448,1.000000074505806,0.2500000006869588
small,chaoshengmnist_224,resnet,3,0.01,42,prototype_head_agg,Classifier-head aggregation,classifier_head_aggregation,support_power,8,8,619.875,345.0,1342.0,-0.06204472854733467,1.0620447397232056,0.869994044303894,0.08265198767185211,0.9173480272293091,0.02380281500518322,0.7091917991638184,0.2500000006869588
small,chaoshengmnist_224,resnet,3,0.01,42,global_feature_mean,Global-feature mean,global_feature_mean,support_power,8,8,619.875,345.0,1342.0,1.0,0.0,0.0,1.0,0.0,1.0,0.9999999403953552,0.2500000006869588
small,chaoshengmnist_224,resnet,3,0.01,42,support_only,Support-only synthetic head,support_only_synthetic,support_power,8,8,619.875,345.0,1342.0,-0.0006588270771317184,1.0006588697433472,0.9133995175361633,0.058748673647642136,0.9412513971328735,1.0000000596046448,0.9999999850988388,0.2500000006869588
small,chaoshengmnist_224,resnet,3,0.01,42,prototype_shuffle,Shuffled-label prototype,reference_prototype_shuffle,support_power,8,8,619.875,345.0,1342.0,0.962828516960144,0.037171464413404465,0.005024373531341553,0.9826846718788147,0.0173153355717659,1.0000000596046448,0.9475423097610474,0.2500000006869588
small,chaoshengmnist_224,resnet,3,0.01,42,uniform_client_weight,Uniform client weight,reference_prototype,uniform_present_client,8,8,619.875,345.0,1342.0,0.9628285765647888,0.037171464413404465,0.005024373531341553,0.9826846718788147,0.0173153355717659,1.0000000596046448,1.000000074505806,0.2500000006869588
small,chaoshengmnist_224,resnet,3,0.01,42,global_client_size_weight,Global client-size weight,reference_prototype,global_client_size,8,8,619.875,345.0,1342.0,0.9628285765647888,0.03717145696282387,0.005024373531341553,0.9826846718788147,0.017315320670604706,1.0000000596046448,1.000000074505806,0.2028471518367695
small,chaoshengmnist_224,resnet,3,0.1,42,full,Full prototype,reference_prototype,support_power,8,8,869.75,345.0,2013.0,0.9628286361694336,0.037171460688114166,0.005024313926696777,0.9826846718788147,0.01731531322002411,1.0000000521540642,1.0000000536441802,0.5000000052003999
small,chaoshengmnist_224,resnet,3,0.1,42,prototype_head_agg,Classifier-head aggregation,classifier_head_aggregation,support_power,8,8,869.75,345.0,2013.0,-0.08262475579977036,1.0826247930526733,0.9345881342887878,0.028759900480508804,0.9712401032447815,0.02529207186307758,0.6321602374315262,0.5000000052003999
small,chaoshengmnist_224,resnet,3,0.1,42,global_feature_mean,Global-feature mean,global_feature_mean,support_power,8,8,869.75,345.0,2013.0,0.9999999403953552,8.940696716308594e-08,0.0,1.0,0.0,0.9999998807907104,0.9999998927116394,0.5000000052003999
small,chaoshengmnist_224,resnet,3,0.1,42,support_only,Support-only synthetic head,support_only_synthetic,support_power,8,8,869.75,345.0,2013.0,-0.0006588274263776839,1.0006588697433472,0.9133995175361633,0.058748673647642136,0.9412513971328735,1.0000000894069672,1.0000000596046448,0.5000000052003999
small,chaoshengmnist_224,resnet,3,0.1,42,prototype_shuffle,Shuffled-label prototype,reference_prototype_shuffle,support_power,8,8,869.75,345.0,2013.0,0.9628285765647888,0.03717145696282387,0.005024313926696777,0.9826846718788147,0.01731531322002411,1.0000000521540642,0.964383989572525,0.5000000052003999
small,chaoshengmnist_224,resnet,3,0.1,42,uniform_client_weight,Uniform client weight,reference_prototype,uniform_present_client,8,8,869.75,345.0,2013.0,0.9628286361694336,0.03717143461108208,0.005024313926696777,0.9826846718788147,0.017315290868282318,1.0000000521540642,1.0000000536441802,0.5000000052003999
small,chaoshengmnist_224,resnet,3,0.1,42,global_client_size_weight,Global client-size weight,reference_prototype,global_client_size,8,8,869.75,345.0,2013.0,0.9628286361694336,0.03717147558927536,0.005024313926696777,0.9826846718788147,0.017315343022346497,1.0000000521540642,1.000000035762787,0.3232100906439318
small,chaoshengmnist_224,resnet,5,0,42,full,Full prototype,reference_prototype,support_power,8,8,483.625,345.0,671.0,0.9628285765647888,0.03717144951224327,0.005024313926696777,0.9826846718788147,0.017315320670604706,,,0.0
small,chaoshengmnist_224,resnet,5,0,42,prototype_head_agg,Classifier-head aggregation,classifier_head_aggregation,support_power,8,8,483.625,345.0,671.0,0.1482558250427246,0.8517441749572754,0.7186441421508789,0.23794329166412354,0.7620567083358765,,,0.0
small,chaoshengmnist_224,resnet,5,0,42,global_feature_mean,Global-feature mean,global_feature_mean,support_power,8,8,483.625,345.0,671.0,1.0000001192092896,-2.384185791015625e-07,-2.384185791015625e-07,1.0000001192092896,-2.384185791015625e-07,,,0.0
small,chaoshengmnist_224,resnet,5,0,42,support_only,Support-only synthetic head,support_only_synthetic,support_power,8,8,483.625,345.0,671.0,-0.0006588270771317184,1.0006588697433472,0.9133995175361633,0.058748673647642136,0.9412513971328735,,,0.0
small,chaoshengmnist_224,resnet,5,0,42,prototype_shuffle,Shuffled-label prototype,reference_prototype_shuffle,support_power,8,8,483.625,345.0,671.0,0.9628285765647888,0.03717144951224327,0.005024313926696777,0.9826846718788147,0.017315320670604706,,,0.0
small,chaoshengmnist_224,resnet,5,0,42,uniform_client_weight,Uniform client weight,reference_prototype,uniform_present_client,8,8,483.625,345.0,671.0,0.9628285765647888,0.03717144951224327,0.005024313926696777,0.9826846718788147,0.017315320670604706,,,0.0
small,chaoshengmnist_224,resnet,5,0,42,global_client_size_weight,Global client-size weight,reference_prototype,global_client_size,8,8,483.625,345.0,671.0,0.9628285765647888,0.03717144951224327,0.005024313926696777,0.9826846718788147,0.017315320670604706,,,0.0
small,chaoshengmnist_224,resnet,5,0.01,42,full,Full prototype,reference_prototype,support_power,8,8,881.75,419.0,1461.0,0.9628286361694336,0.03717144951224327,0.005024313926696777,0.9826846718788147,0.017315328121185303,0.9999999668863084,0.9999999652306238,0.6250000055438794
small,chaoshengmnist_224,resnet,5,0.01,42,prototype_head_agg,Classifier-head aggregation,classifier_head_aggregation,support_power,8,8,881.75,419.0,1461.0,-0.03261720761656761,1.0326173305511475,0.6470487713813782,0.1493690311908722,0.8506309986114502,0.008822882341014015,0.6320976714293162,0.6250000055438794
small,chaoshengmnist_224,resnet,5,0.01,42,global_feature_mean,Global-feature mean,global_feature_mean,support_power,8,8,881.75,419.0,1461.0,1.0,-1.4901161193847656e-08,-1.1920928955078125e-07,1.0000001192092896,-1.043081283569336e-07,1.0,1.0000000943740208,0.6250000055438794
small,chaoshengmnist_224,resnet,5,0.01,42,support_only,Support-only synthetic head,support_only_synthetic,support_power,8,8,881.75,419.0,1461.0,-0.0006588269025087357,1.0006588697433472,0.9133995175361633,0.058748673647642136,0.9412513971328735,1.0000000728501215,1.0000000447034836,0.6250000055438794
small,chaoshengmnist_224,resnet,5,0.01,42,prototype_shuffle,Shuffled-label prototype,reference_prototype_shuffle,support_power,8,8,881.75,419.0,1461.0,0.9628285765647888,0.03717144951224327,0.005024313926696777,0.9826846718788147,0.017315328121185303,0.9999999668863084,0.967643603682518,0.6250000055438794
small,chaoshengmnist_224,resnet,5,0.01,42,uniform_client_weight,Uniform client weight,reference_prototype,uniform_present_client,8,8,881.75,419.0,1461.0,0.9628286361694336,0.03717144951224327,0.005024313926696777,0.9826846718788147,0.017315328121185303,0.9999999668863084,0.9999999552965164,0.6250000055438794
small,chaoshengmnist_224,resnet,5,0.01,42,global_client_size_weight,Global client-size weight,reference_prototype,global_client_size,8,8,881.75,419.0,1461.0,0.9628286361694336,0.03717144951224327,0.005024313926696777,0.9826846718788147,0.01731531322002411,0.9999999668863084,0.9999999602635702,0.47863035031789186
small,chaoshengmnist_224,resnet,5,0.1,42,full,Full prototype,reference_prototype,support_power,8,8,1313.875,487.0,2520.0,0.9628286361694336,0.037171464413404465,0.005024373531341553,0.9826846718788147,0.017315328121185303,1.0000000141915821,0.9999999970197677,0.8750000062308382
small,chaoshengmnist_224,resnet,5,0.1,42,prototype_head_agg,Classifier-head aggregation,classifier_head_aggregation,support_power,8,8,1313.875,487.0,2520.0,-0.05322446674108505,1.0532244443893433,0.848023533821106,0.07672717422246933,0.9232728481292725,-0.01993873059040024,0.5642334416508674,0.8750000062308382
small,chaoshengmnist_224,resnet,5,0.1,42,global_feature_mean,Global-feature mean,global_feature_mean,support_power,8,8,1313.875,487.0,2520.0,1.0,7.450580596923828e-08,0.0,1.0,3.725290298461914e-08,0.9999999403953552,0.9999999463558197,0.8750000062308382
small,chaoshengmnist_224,resnet,5,0.1,42,support_only,Support-only synthetic head,support_only_synthetic,support_power,8,8,1313.875,487.0,2520.0,-0.0006588272517547011,1.0006587505340576,0.9133995175361633,0.058748673647642136,0.9412513971328735,1.0000000851494926,1.0000000447034836,0.8750000062308382
small,chaoshengmnist_224,resnet,5,0.1,42,prototype_shuffle,Shuffled-label prototype,reference_prototype_shuffle,support_power,8,8,1313.875,487.0,2520.0,0.9628285765647888,0.037171464413404465,0.005024373531341553,0.9826846718788147,0.017315328121185303,1.0000000141915821,0.9624705135822296,0.8750000062308382
small,chaoshengmnist_224,resnet,5,0.1,42,uniform_client_weight,Uniform client weight,reference_prototype,uniform_present_client,8,8,1313.875,487.0,2520.0,0.9628286361694336,0.03717145696282387,0.005024373531341553,0.9826846718788147,0.01731531322002411,1.0000000141915821,1.0000000089406966,0.8750000062308382
small,chaoshengmnist_224,resnet,5,0.1,42,global_client_size_weight,Global client-size weight,reference_prototype,global_client_size,8,8,1313.875,487.0,2520.0,0.9628285765647888,0.037171460688114166,0.005024373531341553,0.9826846718788147,0.0173153355717659,1.0000000141915821,1.0000000208616258,0.7714541600933507
small,chaoshengmnist_224,resnet,7,0,42,full,Full prototype,reference_prototype,support_power,8,8,483.625,345.0,671.0,0.9628285765647888,0.03717144951224327,0.005024313926696777,0.9826846718788147,0.017315290868282318,,,0.0
small,chaoshengmnist_224,resnet,7,0,42,prototype_head_agg,Classifier-head aggregation,classifier_head_aggregation,support_power,8,8,483.625,345.0,671.0,0.09147533029317856,0.9085246324539185,0.8062076568603516,0.15364578366279602,0.8463541269302368,,,0.0
small,chaoshengmnist_224,resnet,7,0,42,global_feature_mean,Global-feature mean,global_feature_mean,support_power,8,8,483.625,345.0,671.0,1.0000001192092896,-2.384185791015625e-07,-2.384185791015625e-07,1.0000001192092896,-2.384185791015625e-07,,,0.0
small,chaoshengmnist_224,resnet,7,0,42,support_only,Support-only synthetic head,support_only_synthetic,support_power,8,8,483.625,345.0,671.0,-0.0006588270771317184,1.0006588697433472,0.9133995175361633,0.058748673647642136,0.9412513971328735,,,0.0
small,chaoshengmnist_224,resnet,7,0,42,prototype_shuffle,Shuffled-label prototype,reference_prototype_shuffle,support_power,8,8,483.625,345.0,671.0,0.9628285765647888,0.03717144951224327,0.005024313926696777,0.9826846718788147,0.017315290868282318,,,0.0
small,chaoshengmnist_224,resnet,7,0,42,uniform_client_weight,Uniform client weight,reference_prototype,uniform_present_client,8,8,483.625,345.0,671.0,0.9628285765647888,0.03717144951224327,0.005024313926696777,0.9826846718788147,0.017315290868282318,,,0.0
small,chaoshengmnist_224,resnet,7,0,42,global_client_size_weight,Global client-size weight,reference_prototype,global_client_size,8,8,483.625,345.0,671.0,0.9628285765647888,0.03717144951224327,0.005024313926696777,0.9826846718788147,0.017315290868282318,,,0.0
small,chaoshengmnist_224,resnet,7,0.01,42,full,Full prototype,reference_prototype,support_power,8,8,544.75,345.0,978.0,0.9628286361694336,0.037171460688114166,0.005024373531341553,0.9826846718788147,0.01731531322002411,0.9999999403953552,0.9999999403953552,0.1250000003434794
small,chaoshengmnist_224,resnet,7,0.01,42,prototype_head_agg,Classifier-head aggregation,classifier_head_aggregation,support_power,8,8,544.75,345.0,978.0,0.05632919818162918,0.9436708092689514,0.8273336887359619,0.1446615606546402,0.855338454246521,0.0848642960190773,0.7364374101161957,0.1250000003434794
small,chaoshengmnist_224,resnet,7,0.01,42,global_feature_mean,Global-feature mean,global_feature_mean,support_power,8,8,544.75,345.0,978.0,1.0000001192092896,-1.1920928955078125e-07,-1.1920928955078125e-07,1.0000001192092896,-1.1920928955078125e-07,1.0000001192092896,1.0000001788139343,0.1250000003434794
small,chaoshengmnist_224,resnet,7,0.01,42,support_only,Support-only synthetic head,support_only_synthetic,support_power,8,8,544.75,345.0,978.0,-0.0006588270771317184,1.0006588697433472,0.9133995175361633,0.058748673647642136,0.9412513971328735,1.000000238418579,1.0000001192092896,0.1250000003434794
small,chaoshengmnist_224,resnet,7,0.01,42,prototype_shuffle,Shuffled-label prototype,reference_prototype_shuffle,support_power,8,8,544.75,345.0,978.0,0.9628285765647888,0.037171460688114166,0.005024373531341553,0.9826846718788147,0.01731531322002411,0.9999999403953552,0.9999999403953552,0.1250000003434794
small,chaoshengmnist_224,resnet,7,0.01,42,uniform_client_weight,Uniform client weight,reference_prototype,uniform_present_client,8,8,544.75,345.0,978.0,0.9628286361694336,0.037171460688114166,0.005024373531341553,0.9826846718788147,0.01731531322002411,0.9999999403953552,0.9999999403953552,0.1250000003434794
small,chaoshengmnist_224,resnet,7,0.01,42,global_client_size_weight,Global client-size weight,reference_prototype,global_client_size,8,8,544.75,345.0,978.0,0.9628286361694336,0.03717145696282387,0.005024313926696777,0.9826846718788147,0.017315298318862915,0.9999999403953552,0.9999999403953552,0.034208090931794485
small,chaoshengmnist_224,resnet,7,0.1,42,full,Full prototype,reference_prototype,support_power,8,8,1886.25,1257.0,3780.0,0.9628285765647888,0.037171464413404465,0.0050241947174072266,0.9826847314834595,0.017315290868282318,0.9999999841865228,0.9999999865408866,1.000000005249426
small,chaoshengmnist_224,resnet,7,0.1,42,prototype_head_agg,Classifier-head aggregation,classifier_head_aggregation,support_power,8,8,1886.25,1257.0,3780.0,-0.02613087184727192,1.0261307954788208,0.7321674823760986,0.1079295426607132,0.892070472240448,-0.008914927505336854,0.4911076529852806,1.000000005249426
small,chaoshengmnist_224,resnet,7,0.1,42,global_feature_mean,Global-feature mean,global_feature_mean,support_power,8,8,1886.25,1257.0,3780.0,1.0,-9.366443975977745e-08,-1.1920928955078125e-07,1.0000001192092896,-1.1920928955078125e-07,1.0,1.0000000576819144,1.000000005249426
small,chaoshengmnist_224,resnet,7,0.1,42,support_only,Support-only synthetic head,support_only_synthetic,support_power,8,8,1886.25,1257.0,3780.0,-0.0006588279502466321,1.0006587505340576,0.9133995175361633,0.05874866992235184,0.9412513971328735,1.000000071768858,1.0000000615273752,1.000000005249426
small,chaoshengmnist_224,resnet,7,0.1,42,prototype_shuffle,Shuffled-label prototype,reference_prototype_shuffle,support_power,8,8,1886.25,1257.0,3780.0,0.962828516960144,0.03717147186398506,0.0050241947174072266,0.9826847314834595,0.017315290868282318,0.9999999841865228,0.9607496184687461,1.000000005249426
small,chaoshengmnist_224,resnet,7,0.1,42,uniform_client_weight,Uniform client weight,reference_prototype,uniform_present_client,8,8,1886.25,1257.0,3780.0,0.9628286361694336,0.03717145696282387,0.0050241947174072266,0.9826847314834595,0.017315298318862915,0.9999999841865228,1.0000000057681915,1.0000000301989151
small,chaoshengmnist_224,resnet,7,0.1,42,global_client_size_weight,Global client-size weight,reference_prototype,global_client_size,8,8,1886.25,1257.0,3780.0,0.9628286361694336,0.03717143088579178,0.0050241947174072266,0.9826847314834595,0.01731528341770172,0.9999999841865228,0.9999999903863476,0.9514243099189399
small,chaoshengmnist_224,swin_tiny,3,0,42,full,Full prototype,reference_prototype,support_power,8,8,483.625,345.0,671.0,0.9381011724472046,0.06189880892634392,0.017514407634735107,0.9666597843170166,0.0333402082324028,,,0.0
small,chaoshengmnist_224,swin_tiny,3,0,42,prototype_head_agg,Classifier-head aggregation,classifier_head_aggregation,support_power,8,8,483.625,345.0,671.0,0.0923459380865097,0.9076541066169739,0.3956010937690735,0.3006308674812317,0.6993691325187683,,,0.0
small,chaoshengmnist_224,swin_tiny,3,0,42,global_feature_mean,Global-feature mean,global_feature_mean,support_power,8,8,483.625,345.0,671.0,0.9999999403953552,1.7881393432617188e-07,1.7881393432617188e-07,0.9999998807907104,1.7881393432617188e-07,,,0.0
small,chaoshengmnist_224,swin_tiny,3,0,42,support_only,Support-only synthetic head,support_only_synthetic,support_power,8,8,483.625,345.0,671.0,0.011696861125528812,0.9883031845092773,0.9250220060348511,0.06048665940761566,0.9395133256912231,,,0.0
small,chaoshengmnist_224,swin_tiny,3,0,42,prototype_shuffle,Shuffled-label prototype,reference_prototype_shuffle,support_power,8,8,483.625,345.0,671.0,0.9381011724472046,0.06189880892634392,0.017514407634735107,0.9666597843170166,0.0333402082324028,,,0.0
small,chaoshengmnist_224,swin_tiny,3,0,42,uniform_client_weight,Uniform client weight,reference_prototype,uniform_present_client,8,8,483.625,345.0,671.0,0.9381011724472046,0.06189880892634392,0.017514407634735107,0.9666597843170166,0.0333402082324028,,,0.0
small,chaoshengmnist_224,swin_tiny,3,0,42,global_client_size_weight,Global client-size weight,reference_prototype,global_client_size,8,8,483.625,345.0,671.0,0.9381011724472046,0.06189880892634392,0.017514407634735107,0.9666597843170166,0.0333402082324028,,,0.0
small,chaoshengmnist_224,swin_tiny,3,0.01,42,full,Full prototype,reference_prototype,support_power,8,8,619.875,345.0,1342.0,0.9381012320518494,0.06189877167344093,0.01751422882080078,0.9666599035263062,0.033340148627758026,0.9999999403953552,0.9999999850988388,0.2500000006869588
small,chaoshengmnist_224,swin_tiny,3,0.01,42,prototype_head_agg,Classifier-head aggregation,classifier_head_aggregation,support_power,8,8,619.875,345.0,1342.0,0.07935132086277008,0.9206486940383911,0.48738622665405273,0.2832275331020355,0.7167724370956421,0.03428282495588064,0.7186838686466217,0.2500000006869588
small,chaoshengmnist_224,swin_tiny,3,0.01,42,global_feature_mean,Global-feature mean,global_feature_mean,support_power,8,8,619.875,345.0,1342.0,1.0,0.0,0.0,1.0,0.0,1.0,1.0000000596046448,0.2500000006869588
small,chaoshengmnist_224,swin_tiny,3,0.01,42,support_only,Support-only synthetic head,support_only_synthetic,support_power,8,8,619.875,345.0,1342.0,0.011696861125528812,0.9883031845092773,0.9250220060348511,0.06048665940761566,0.9395133256912231,1.0,1.0,0.2500000006869588
small,chaoshengmnist_224,swin_tiny,3,0.01,42,prototype_shuffle,Shuffled-label prototype,reference_prototype_shuffle,support_power,8,8,619.875,345.0,1342.0,0.9381012320518494,0.06189877167344093,0.01751422882080078,0.9666599035263062,0.033340148627758026,0.9999999403953552,0.9337069392204285,0.2500000006869588
small,chaoshengmnist_224,swin_tiny,3,0.01,42,uniform_client_weight,Uniform client weight,reference_prototype,uniform_present_client,8,8,619.875,345.0,1342.0,0.9381012320518494,0.06189877167344093,0.01751422882080078,0.9666599035263062,0.033340148627758026,0.9999999403953552,0.9999999850988388,0.2500000006869588
small,chaoshengmnist_224,swin_tiny,3,0.01,42,global_client_size_weight,Global client-size weight,reference_prototype,global_client_size,8,8,619.875,345.0,1342.0,0.9381012916564941,0.06189876049757004,0.017514169216156006,0.9666599035263062,0.033340126276016235,0.9999999403953552,0.9999999850988388,0.2028471518367695
small,chaoshengmnist_224,swin_tiny,3,0.1,42,full,Full prototype,reference_prototype,support_power,8,8,869.75,345.0,2013.0,0.9381011724472046,0.061898794025182724,0.017514288425445557,0.9666598439216614,0.03334017097949982,0.9999999701976776,1.0000000059604646,0.5000000052003999
small,chaoshengmnist_224,swin_tiny,3,0.1,42,prototype_head_agg,Classifier-head aggregation,classifier_head_aggregation,support_power,8,8,869.75,345.0,2013.0,0.0036189204547554255,0.9963811039924622,0.8705224394798279,0.09310813248157501,0.9068918824195862,0.016939431428909302,0.6369084179401397,0.5000000052003999
small,chaoshengmnist_224,swin_tiny,3,0.1,42,global_feature_mean,Global-feature mean,global_feature_mean,support_power,8,8,869.75,345.0,2013.0,1.0,0.0,0.0,1.0,0.0,1.0,1.0,0.5000000052003999
small,chaoshengmnist_224,swin_tiny,3,0.1,42,support_only,Support-only synthetic head,support_only_synthetic,support_power,8,8,869.75,345.0,2013.0,0.011696860194206238,0.9883031845092773,0.9250220060348511,0.06048665568232536,0.9395133256912231,0.9999999776482582,0.9999999701976776,0.5000000052003999
small,chaoshengmnist_224,swin_tiny,3,0.1,42,prototype_shuffle,Shuffled-label prototype,reference_prototype_shuffle,support_power,8,8,869.75,345.0,2013.0,0.9381011724472046,0.061898794025182724,0.017514288425445557,0.9666597843170166,0.03334017097949982,0.9999999701976776,0.9512374520301818,0.5000000052003999
small,chaoshengmnist_224,swin_tiny,3,0.1,42,uniform_client_weight,Uniform client weight,reference_prototype,uniform_present_client,8,8,869.75,345.0,2013.0,0.9381011724472046,0.061898794025182724,0.017514407634735107,0.9666598439216614,0.033340200781822205,0.9999999701976776,1.0,0.5000000052003999
small,chaoshengmnist_224,swin_tiny,3,0.1,42,global_client_size_weight,Global client-size weight,reference_prototype,global_client_size,8,8,869.75,345.0,2013.0,0.9381011724472046,0.06189880147576332,0.017514348030090332,0.9666598439216614,0.03334018588066101,0.9999999701976776,0.9999999880790711,0.3232100906439318
small,chaoshengmnist_224,swin_tiny,5,0,42,full,Full prototype,reference_prototype,support_power,8,8,483.625,345.0,671.0,0.9381012320518494,0.061898794025182724,0.017514407634735107,0.9666598439216614,0.03334019333124161,,,0.0
small,chaoshengmnist_224,swin_tiny,5,0,42,prototype_head_agg,Classifier-head aggregation,classifier_head_aggregation,support_power,8,8,483.625,345.0,671.0,0.05053185671567917,0.949468195438385,0.7383248209953308,0.16602754592895508,0.8339724540710449,,,0.0
small,chaoshengmnist_224,swin_tiny,5,0,42,global_feature_mean,Global-feature mean,global_feature_mean,support_power,8,8,483.625,345.0,671.0,0.9999999403953552,1.1920928955078125e-07,1.1920928955078125e-07,0.9999999403953552,1.1920928955078125e-07,,,0.0
small,chaoshengmnist_224,swin_tiny,5,0,42,support_only,Support-only synthetic head,support_only_synthetic,support_power,8,8,483.625,345.0,671.0,0.011696861125528812,0.9883031845092773,0.9250220060348511,0.06048665940761566,0.9395133256912231,,,0.0
small,chaoshengmnist_224,swin_tiny,5,0,42,prototype_shuffle,Shuffled-label prototype,reference_prototype_shuffle,support_power,8,8,483.625,345.0,671.0,0.9381012320518494,0.061898790299892426,0.017514407634735107,0.9666597843170166,0.03334019333124161,,,0.0
small,chaoshengmnist_224,swin_tiny,5,0,42,uniform_client_weight,Uniform client weight,reference_prototype,uniform_present_client,8,8,483.625,345.0,671.0,0.9381012320518494,0.061898794025182724,0.017514407634735107,0.9666598439216614,0.03334019333124161,,,0.0
small,chaoshengmnist_224,swin_tiny,5,0,42,global_client_size_weight,Global client-size weight,reference_prototype,global_client_size,8,8,483.625,345.0,671.0,0.9381012320518494,0.061898794025182724,0.017514407634735107,0.9666598439216614,0.03334019333124161,,,0.0
small,chaoshengmnist_224,swin_tiny,5,0.01,42,full,Full prototype,reference_prototype,support_power,8,8,881.75,419.0,1461.0,0.9381011724472046,0.06189880520105362,0.017514288425445557,0.9666598439216614,0.03334017097949982,0.9999999933772616,0.9999999850988388,0.6250000055438794
small,chaoshengmnist_224,swin_tiny,5,0.01,42,prototype_head_agg,Classifier-head aggregation,classifier_head_aggregation,support_power,8,8,881.75,419.0,1461.0,0.012487580068409443,0.9875124096870422,0.9309108257293701,0.05415327101945877,0.9458467960357666,0.006432977298067676,0.6447770496209463,0.6250000055438794
small,chaoshengmnist_224,swin_tiny,5,0.01,42,global_feature_mean,Global-feature mean,global_feature_mean,support_power,8,8,881.75,419.0,1461.0,1.0,7.237706967089252e-08,0.0,1.0,1.4901161193847656e-08,0.9999999403953552,0.9999999155600866,0.6250000055438794
small,chaoshengmnist_224,swin_tiny,5,0.01,42,support_only,Support-only synthetic head,support_only_synthetic,support_power,8,8,881.75,419.0,1461.0,0.011696859262883663,0.9883031845092773,0.9250220060348511,0.06048665940761566,0.9395133852958679,1.0000000198682149,1.000000034769376,0.6250000055438794
small,chaoshengmnist_224,swin_tiny,5,0.01,42,prototype_shuffle,Shuffled-label prototype,reference_prototype_shuffle,support_power,8,8,881.75,419.0,1461.0,0.9381012320518494,0.06189880147576332,0.017514288425445557,0.9666598439216614,0.03334017097949982,0.9999999933772616,0.9388730327288309,0.6250000055438794
small,chaoshengmnist_224,swin_tiny,5,0.01,42,uniform_client_weight,Uniform client weight,reference_prototype,uniform_present_client,8,8,881.75,419.0,1461.0,0.9381011724472046,0.061898790299892426,0.017514288425445557,0.9666598439216614,0.033340148627758026,0.9999999933772616,0.9999999701976776,0.6250000055438794
small,chaoshengmnist_224,swin_tiny,5,0.01,42,global_client_size_weight,Global client-size weight,reference_prototype,global_client_size,8,8,881.75,419.0,1461.0,0.9381011724472046,0.06189879775047302,0.017514288425445557,0.9666597843170166,0.033340178430080414,0.9999999933772616,0.9999999950329462,0.47863035031789186
small,chaoshengmnist_224,swin_tiny,5,0.1,42,full,Full prototype,reference_prototype,support_power,8,8,1313.875,487.0,2520.0,0.9381011724472046,0.06189880147576332,0.017514288425445557,0.9666598439216614,0.033340178430080414,0.9999999631018865,0.9999999791383744,0.8750000062308382
small,chaoshengmnist_224,swin_tiny,5,0.1,42,prototype_head_agg,Classifier-head aggregation,classifier_head_aggregation,support_power,8,8,1313.875,487.0,2520.0,0.021039333194494247,0.9789606332778931,0.796576201915741,0.13085618615150452,0.8691437840461731,0.0022213494050360863,0.5842772647738457,0.8750000062308382
small,chaoshengmnist_224,swin_tiny,5,0.1,42,global_feature_mean,Global-feature mean,global_feature_mean,support_power,8,8,1313.875,487.0,2520.0,1.0,4.6832219879888726e-08,0.0,1.0,7.450580596923828e-09,0.9999999403953552,0.9999999791383744,0.8750000062308382
small,chaoshengmnist_224,swin_tiny,5,0.1,42,support_only,Support-only synthetic head,support_only_synthetic,support_power,8,8,1313.875,487.0,2520.0,0.011696859262883663,0.9883031845092773,0.9250220060348511,0.06048665940761566,0.9395133256912231,0.9999999432336717,0.9999999880790711,0.8750000062308382
small,chaoshengmnist_224,swin_tiny,5,0.1,42,prototype_shuffle,Shuffled-label prototype,reference_prototype_shuffle,support_power,8,8,1313.875,487.0,2520.0,0.9381012320518494,0.06189880147576332,0.017514288425445557,0.9666598439216614,0.033340178430080414,0.9999999631018865,0.9413350492715835,0.8750000062308382
small,chaoshengmnist_224,swin_tiny,5,0.1,42,uniform_client_weight,Uniform client weight,reference_prototype,uniform_present_client,8,8,1313.875,487.0,2520.0,0.9381011724472046,0.06189880147576332,0.017514407634735107,0.9666598439216614,0.033340200781822205,0.9999999631018865,0.9999999642372132,0.8750000062308382
small,chaoshengmnist_224,swin_tiny,5,0.1,42,global_client_size_weight,Global client-size weight,reference_prototype,global_client_size,8,8,1313.875,487.0,2520.0,0.9381011724472046,0.06189877539873123,0.017514288425445557,0.9666598439216614,0.03334017097949982,0.9999999631018865,0.9999999880790711,0.7714541600933507
small,chaoshengmnist_224,swin_tiny,7,0,42,full,Full prototype,reference_prototype,support_power,8,8,483.625,345.0,671.0,0.9381011724472046,0.06189880147576332,0.017514407634735107,0.9666598439216614,0.033340200781822205,,,0.0
small,chaoshengmnist_224,swin_tiny,7,0,42,prototype_head_agg,Classifier-head aggregation,classifier_head_aggregation,support_power,8,8,483.625,345.0,671.0,0.02325892634689808,0.9767410159111023,0.832399308681488,0.08162353187799454,0.9183764457702637,,,0.0
small,chaoshengmnist_224,swin_tiny,7,0,42,global_feature_mean,Global-feature mean,global_feature_mean,support_power,8,8,483.625,345.0,671.0,1.0,0.0,0.0,1.0,0.0,,,0.0
small,chaoshengmnist_224,swin_tiny,7,0,42,support_only,Support-only synthetic head,support_only_synthetic,support_power,8,8,483.625,345.0,671.0,0.011696861125528812,0.9883031845092773,0.9250220060348511,0.06048665940761566,0.9395133256912231,,,0.0
small,chaoshengmnist_224,swin_tiny,7,0,42,prototype_shuffle,Shuffled-label prototype,reference_prototype_shuffle,support_power,8,8,483.625,345.0,671.0,0.9381012320518494,0.06189880147576332,0.017514407634735107,0.9666597843170166,0.033340200781822205,,,0.0
small,chaoshengmnist_224,swin_tiny,7,0,42,uniform_client_weight,Uniform client weight,reference_prototype,uniform_present_client,8,8,483.625,345.0,671.0,0.9381011724472046,0.06189880147576332,0.017514407634735107,0.9666598439216614,0.033340200781822205,,,0.0
small,chaoshengmnist_224,swin_tiny,7,0,42,global_client_size_weight,Global client-size weight,reference_prototype,global_client_size,8,8,483.625,345.0,671.0,0.9381011724472046,0.06189880147576332,0.017514407634735107,0.9666598439216614,0.033340200781822205,,,0.0
small,chaoshengmnist_224,swin_tiny,7,0.01,42,full,Full prototype,reference_prototype,support_power,8,8,544.75,345.0,978.0,0.9381011724472046,0.061898816376924515,0.017514407634735107,0.9666598439216614,0.0333402082324028,0.9999998807907104,0.9999999403953552,0.1250000003434794
small,chaoshengmnist_224,swin_tiny,7,0.01,42,prototype_head_agg,Classifier-head aggregation,classifier_head_aggregation,support_power,8,8,544.75,345.0,978.0,0.10213492810726166,0.8978649973869324,0.12998759746551514,0.35611194372177124,0.6438880562782288,-0.04430043324828148,0.690854012966156,0.1250000003434794
small,chaoshengmnist_224,swin_tiny,7,0.01,42,global_feature_mean,Global-feature mean,global_feature_mean,support_power,8,8,544.75,345.0,978.0,1.0,0.0,0.0,1.0,0.0,1.0,0.9999999403953552,0.1250000003434794
small,chaoshengmnist_224,swin_tiny,7,0.01,42,support_only,Support-only synthetic head,support_only_synthetic,support_power,8,8,544.75,345.0,978.0,0.011696861125528812,0.9883031845092773,0.9250220060348511,0.06048665940761566,0.9395133256912231,1.0000001192092896,1.0000001192092896,0.1250000003434794
small,chaoshengmnist_224,swin_tiny,7,0.01,42,prototype_shuffle,Shuffled-label prototype,reference_prototype_shuffle,support_power,8,8,544.75,345.0,978.0,0.9381011724472046,0.061898816376924515,0.017514407634735107,0.9666597843170166,0.0333402082324028,0.9999998807907104,0.9999999403953552,0.1250000003434794
small,chaoshengmnist_224,swin_tiny,7,0.01,42,uniform_client_weight,Uniform client weight,reference_prototype,uniform_present_client,8,8,544.75,345.0,978.0,0.9381011724472046,0.061898816376924515,0.017514407634735107,0.9666598439216614,0.0333402082324028,0.9999998807907104,0.9999999403953552,0.1250000003434794
small,chaoshengmnist_224,swin_tiny,7,0.01,42,global_client_size_weight,Global client-size weight,reference_prototype,global_client_size,8,8,544.75,345.0,978.0,0.9381011724472046,0.061898816376924515,0.017514407634735107,0.9666598439216614,0.0333402082324028,0.9999998807907104,0.9999999403953552,0.034208090931794485
small,chaoshengmnist_224,swin_tiny,7,0.1,42,full,Full prototype,reference_prototype,support_power,8,8,1886.25,1257.0,3780.0,0.9381011724472046,0.06189877539873123,0.017514288425445557,0.9666598439216614,0.03334015607833862,0.9999999768879949,0.9999999884636172,1.000000005249426
small,chaoshengmnist_224,swin_tiny,7,0.1,42,prototype_head_agg,Classifier-head aggregation,classifier_head_aggregation,support_power,8,8,1886.25,1257.0,3780.0,0.00980380829423666,0.990196168422699,0.8422318696975708,0.09541679918766022,0.904583215713501,-0.006232366288955115,0.49673489601381365,1.000000005249426
small,chaoshengmnist_224,swin_tiny,7,0.1,42,global_feature_mean,Global-feature mean,global_feature_mean,support_power,8,8,1886.25,1257.0,3780.0,1.0,-9.792191946189632e-08,-1.1920928955078125e-07,1.0000001192092896,-1.1920928955078125e-07,1.0,1.0000000615273752,1.000000005249426
small,chaoshengmnist_224,swin_tiny,7,0.1,42,support_only,Support-only synthetic head,support_only_synthetic,support_power,8,8,1886.25,1257.0,3780.0,0.011696859262883663,0.9883031845092773,0.9250220060348511,0.06048665940761566,0.9395133852958679,0.9999999756715736,1.0000000096136523,1.000000005249426
small,chaoshengmnist_224,swin_tiny,7,0.1,42,prototype_shuffle,Shuffled-label prototype,reference_prototype_shuffle,support_power,8,8,1886.25,1257.0,3780.0,0.9381012320518494,0.06189877539873123,0.017514288425445557,0.9666598439216614,0.03334015607833862,0.9999999768879949,0.9365745186805725,1.000000005249426
small,chaoshengmnist_224,swin_tiny,7,0.1,42,uniform_client_weight,Uniform client weight,reference_prototype,uniform_present_client,8,8,1886.25,1257.0,3780.0,0.9381011724472046,0.06189877539873123,0.017514288425445557,0.9666598439216614,0.03334015607833862,0.9999999768879949,0.9999999846181562,1.0000000301989151
small,chaoshengmnist_224,swin_tiny,7,0.1,42,global_client_size_weight,Global client-size weight,reference_prototype,global_client_size,8,8,1886.25,1257.0,3780.0,0.9381011724472046,0.06189882010221481,0.017514407634735107,0.9666598439216614,0.0333402082324028,0.9999999768879949,0.9999999769272343,0.9514243099189399
small,chaoshengmnist_224,vit_t,3,0,42,full,Full prototype,reference_prototype,support_power,8,8,483.625,345.0,671.0,0.9651707410812378,0.03482934087514877,0.004407167434692383,0.9823251962661743,0.017674803733825684,,,0.0
small,chaoshengmnist_224,vit_t,3,0,42,prototype_head_agg,Classifier-head aggregation,classifier_head_aggregation,support_power,8,8,483.625,345.0,671.0,0.07129336148500443,0.9287066459655762,0.5257512927055359,0.23134049773216248,0.7686594724655151,,,0.0
small,chaoshengmnist_224,vit_t,3,0,42,global_feature_mean,Global-feature mean,global_feature_mean,support_power,8,8,483.625,345.0,671.0,1.0,0.0,0.0,1.0,0.0,,,0.0
small,chaoshengmnist_224,vit_t,3,0,42,support_only,Support-only synthetic head,support_only_synthetic,support_power,8,8,483.625,345.0,671.0,0.027637509629130363,0.9723625183105469,0.8010047674179077,0.14406131207942963,0.8559386730194092,,,0.0
small,chaoshengmnist_224,vit_t,3,0,42,prototype_shuffle,Shuffled-label prototype,reference_prototype_shuffle,support_power,8,8,483.625,345.0,671.0,0.9651707410812378,0.03482934087514877,0.004407167434692383,0.9823251962661743,0.017674803733825684,,,0.0
small,chaoshengmnist_224,vit_t,3,0,42,uniform_client_weight,Uniform client weight,reference_prototype,uniform_present_client,8,8,483.625,345.0,671.0,0.9651707410812378,0.03482934087514877,0.004407167434692383,0.9823251962661743,0.017674803733825684,,,0.0
small,chaoshengmnist_224,vit_t,3,0,42,global_client_size_weight,Global client-size weight,reference_prototype,global_client_size,8,8,483.625,345.0,671.0,0.9651707410812378,0.03482934087514877,0.004407167434692383,0.9823251962661743,0.017674803733825684,,,0.0
small,chaoshengmnist_224,vit_t,3,0.01,42,full,Full prototype,reference_prototype,support_power,8,8,619.875,345.0,1342.0,0.9651707410812378,0.034829281270504,0.004407167434692383,0.9823251962661743,0.017674759030342102,0.9999999105930328,1.0,0.2500000006869588
small,chaoshengmnist_224,vit_t,3,0.01,42,prototype_head_agg,Classifier-head aggregation,classifier_head_aggregation,support_power,8,8,619.875,345.0,1342.0,0.09325218200683594,0.9067478775978088,0.6414106488227844,0.25464892387390137,0.7453510761260986,0.0032394863665103912,0.7066842317581177,0.2500000006869588
small,chaoshengmnist_224,vit_t,3,0.01,42,global_feature_mean,Global-feature mean,global_feature_mean,support_power,8,8,619.875,345.0,1342.0,1.0,0.0,0.0,1.0,0.0,1.0,1.0,0.2500000006869588
small,chaoshengmnist_224,vit_t,3,0.01,42,support_only,Support-only synthetic head,support_only_synthetic,support_power,8,8,619.875,345.0,1342.0,0.027637509629130363,0.9723625183105469,0.8010047674179077,0.14406131207942963,0.8559386730194092,0.9999999701976776,0.9999999701976776,0.2500000006869588
small,chaoshengmnist_224,vit_t,3,0.01,42,prototype_shuffle,Shuffled-label prototype,reference_prototype_shuffle,support_power,8,8,619.875,345.0,1342.0,0.9651707410812378,0.034829281270504,0.004407167434692383,0.9823251962661743,0.017674759030342102,0.9999999105930328,0.9542729705572128,0.2500000006869588
small,chaoshengmnist_224,vit_t,3,0.01,42,uniform_client_weight,Uniform client weight,reference_prototype,uniform_present_client,8,8,619.875,345.0,1342.0,0.9651707410812378,0.034829281270504,0.004407167434692383,0.9823251962661743,0.017674759030342102,0.9999999105930328,1.0,0.2500000006869588
small,chaoshengmnist_224,vit_t,3,0.01,42,global_client_size_weight,Global client-size weight,reference_prototype,global_client_size,8,8,619.875,345.0,1342.0,0.9651708006858826,0.03482929617166519,0.004407167434692383,0.9823251962661743,0.017674773931503296,0.9999999105930328,0.9999999701976776,0.2028471518367695
small,chaoshengmnist_224,vit_t,3,0.1,42,full,Full prototype,reference_prototype,support_power,8,8,869.75,345.0,2013.0,0.9651707410812378,0.034829311072826385,0.004407107830047607,0.9823253154754639,0.0176747664809227,0.9999999776482582,1.0000000298023224,0.5000000052003999
small,chaoshengmnist_224,vit_t,3,0.1,42,prototype_head_agg,Classifier-head aggregation,classifier_head_aggregation,support_power,8,8,869.75,345.0,2013.0,0.023841992020606995,0.9761580228805542,0.7736063599586487,0.15555094182491302,0.8444490432739258,-0.016123526031151414,0.6105804413557052,0.5000000052003999
small,chaoshengmnist_224,vit_t,3,0.1,42,global_feature_mean,Global-feature mean,global_feature_mean,support_power,8,8,869.75,345.0,2013.0,1.0,-6.386211737208214e-08,-1.1920928955078125e-07,1.0,-8.940696716308594e-08,1.0000001192092896,1.0000001430511474,0.5000000052003999
small,chaoshengmnist_224,vit_t,3,0.1,42,support_only,Support-only synthetic head,support_only_synthetic,support_power,8,8,869.75,345.0,2013.0,0.027637509629130363,0.9723625183105469,0.8010047674179077,0.14406131207942963,0.8559386730194092,0.9999999925494194,0.9999999940395355,0.5000000052003999
small,chaoshengmnist_224,vit_t,3,0.1,42,prototype_shuffle,Shuffled-label prototype,reference_prototype_shuffle,support_power,8,8,869.75,345.0,2013.0,0.9651707410812378,0.034829311072826385,0.004407107830047607,0.9823252558708191,0.0176747664809227,0.9999999776482582,0.9693639576435089,0.5000000052003999
small,chaoshengmnist_224,vit_t,3,0.1,42,uniform_client_weight,Uniform client weight,reference_prototype,uniform_present_client,8,8,869.75,345.0,2013.0,0.9651707410812378,0.03482932969927788,0.004407107830047607,0.9823253154754639,0.017674781382083893,0.9999999776482582,0.9999999940395355,0.5000000052003999
small,chaoshengmnist_224,vit_t,3,0.1,42,global_client_size_weight,Global client-size weight,reference_prototype,global_client_size,8,8,869.75,345.0,2013.0,0.9651707410812378,0.03482932597398758,0.004407107830047607,0.9823252558708191,0.017674796283245087,0.9999999776482582,1.0,0.3232100906439318
small,chaoshengmnist_224,vit_t,5,0,42,full,Full prototype,reference_prototype,support_power,8,8,483.625,345.0,671.0,0.9651707410812378,0.034829311072826385,0.004407167434692383,0.9823251962661743,0.017674773931503296,,,0.0
small,chaoshengmnist_224,vit_t,5,0,42,prototype_head_agg,Classifier-head aggregation,classifier_head_aggregation,support_power,8,8,483.625,345.0,671.0,0.037967748939991,0.9620321989059448,0.3409768342971802,0.2673032581806183,0.7326967120170593,,,0.0
small,chaoshengmnist_224,vit_t,5,0,42,global_feature_mean,Global-feature mean,global_feature_mean,support_power,8,8,483.625,345.0,671.0,1.0,0.0,0.0,1.0,0.0,,,0.0
small,chaoshengmnist_224,vit_t,5,0,42,support_only,Support-only synthetic head,support_only_synthetic,support_power,8,8,483.625,345.0,671.0,0.027637509629130363,0.9723625183105469,0.8010047674179077,0.14406131207942963,0.8559386730194092,,,0.0
small,chaoshengmnist_224,vit_t,5,0,42,prototype_shuffle,Shuffled-label prototype,reference_prototype_shuffle,support_power,8,8,483.625,345.0,671.0,0.9651707410812378,0.03482930734753609,0.004407167434692383,0.9823251962661743,0.017674773931503296,,,0.0
small,chaoshengmnist_224,vit_t,5,0,42,uniform_client_weight,Uniform client weight,reference_prototype,uniform_present_client,8,8,483.625,345.0,671.0,0.9651707410812378,0.034829311072826385,0.004407167434692383,0.9823251962661743,0.017674773931503296,,,0.0
small,chaoshengmnist_224,vit_t,5,0,42,global_client_size_weight,Global client-size weight,reference_prototype,global_client_size,8,8,483.625,345.0,671.0,0.9651707410812378,0.034829311072826385,0.004407167434692383,0.9823251962661743,0.017674773931503296,,,0.0
small,chaoshengmnist_224,vit_t,5,0.01,42,full,Full prototype,reference_prototype,support_power,8,8,881.75,419.0,1461.0,0.9651707410812378,0.034829314798116684,0.004407107830047607,0.9823253154754639,0.017674759030342102,1.0,1.000000034769376,0.6250000055438794
small,chaoshengmnist_224,vit_t,5,0.01,42,prototype_head_agg,Classifier-head aggregation,classifier_head_aggregation,support_power,8,8,881.75,419.0,1461.0,0.05179912596940994,0.9482008814811707,0.7559244632720947,0.18640241026878357,0.813597559928894,-0.005446245065993733,0.6398150523503622,0.6250000055438794
small,chaoshengmnist_224,vit_t,5,0.01,42,global_feature_mean,Global-feature mean,global_feature_mean,support_power,8,8,881.75,419.0,1461.0,1.0,5.3218432327639675e-08,0.0,1.0,3.725290298461914e-08,0.9999999403953552,0.9999998956918716,0.6250000055438794
small,chaoshengmnist_224,vit_t,5,0.01,42,support_only,Support-only synthetic head,support_only_synthetic,support_power,8,8,881.75,419.0,1461.0,0.027637511491775513,0.9723625183105469,0.8010047674179077,0.14406131207942963,0.8559386730194092,0.999999980131785,1.0000000149011612,0.6250000055438794
small,chaoshengmnist_224,vit_t,5,0.01,42,prototype_shuffle,Shuffled-label prototype,reference_prototype_shuffle,support_power,8,8,881.75,419.0,1461.0,0.9651707410812378,0.034829311072826385,0.004407107830047607,0.9823252558708191,0.017674759030342102,1.0,0.9679736991723379,0.6250000055438794
small,chaoshengmnist_224,vit_t,5,0.01,42,uniform_client_weight,Uniform client weight,reference_prototype,uniform_present_client,8,8,881.75,419.0,1461.0,0.9651707410812378,0.03482932597398758,0.004407107830047607,0.9823252558708191,0.017674781382083893,1.0,1.0000000248352687,0.6250000055438794
small,chaoshengmnist_224,vit_t,5,0.01,42,global_client_size_weight,Global client-size weight,reference_prototype,global_client_size,8,8,881.75,419.0,1461.0,0.9651707410812378,0.034829311072826385,0.004407107830047607,0.9823253154754639,0.0176747664809227,1.0,1.0000000496705372,0.47863035031789186
small,chaoshengmnist_224,vit_t,5,0.1,42,full,Full prototype,reference_prototype,support_power,8,8,1313.875,487.0,2520.0,0.9651707410812378,0.03482934460043907,0.004407167434692383,0.9823251962661743,0.017674818634986877,1.0000000198682149,1.0000000208616258,0.8750000062308382
small,chaoshengmnist_224,vit_t,5,0.1,42,prototype_head_agg,Classifier-head aggregation,classifier_head_aggregation,support_power,8,8,1313.875,487.0,2520.0,0.02030630223453045,0.9796937704086304,0.7426073551177979,0.15302161872386932,0.8469784259796143,0.032558065617368334,0.5982693657279015,0.8750000062308382
small,chaoshengmnist_224,vit_t,5,0.1,42,global_feature_mean,Global-feature mean,global_feature_mean,support_power,8,8,1313.875,487.0,2520.0,1.0,2.9802322387695312e-08,0.0,1.0,0.0,0.9999999403953552,0.9999999225139617,0.8750000062308382
small,chaoshengmnist_224,vit_t,5,0.1,42,support_only,Support-only synthetic head,support_only_synthetic,support_power,8,8,1313.875,487.0,2520.0,0.027637511491775513,0.9723625183105469,0.8010047078132629,0.14406132698059082,0.8559386730194092,1.0000000085149492,1.000000035762787,0.8750000062308382
small,chaoshengmnist_224,vit_t,5,0.1,42,prototype_shuffle,Shuffled-label prototype,reference_prototype_shuffle,support_power,8,8,1313.875,487.0,2520.0,0.9651707410812378,0.03482934460043907,0.004407167434692383,0.9823251962661743,0.017674818634986877,1.0000000198682149,0.9635694593191146,0.8750000062308382
small,chaoshengmnist_224,vit_t,5,0.1,42,uniform_client_weight,Uniform client weight,reference_prototype,uniform_present_client,8,8,1313.875,487.0,2520.0,0.9651707410812378,0.03482932969927788,0.004407167434692383,0.9823251962661743,0.017674796283245087,1.0000000198682149,1.0000000417232513,0.8750000062308382
small,chaoshengmnist_224,vit_t,5,0.1,42,global_client_size_weight,Global client-size weight,reference_prototype,global_client_size,8,8,1313.875,487.0,2520.0,0.9651707410812378,0.03482929989695549,0.004407167434692383,0.9823251962661743,0.017674773931503296,1.0000000198682149,1.0000000566244125,0.7714541600933507
small,chaoshengmnist_224,vit_t,7,0,42,full,Full prototype,reference_prototype,support_power,8,8,483.625,345.0,671.0,0.9651707410812378,0.03482929989695549,0.004407107830047607,0.9823253154754639,0.017674744129180908,,,0.0
small,chaoshengmnist_224,vit_t,7,0,42,prototype_head_agg,Classifier-head aggregation,classifier_head_aggregation,support_power,8,8,483.625,345.0,671.0,0.015960443764925003,0.9840394854545593,0.8187164664268494,0.12505625188350677,0.8749436736106873,,,0.0
small,chaoshengmnist_224,vit_t,7,0,42,global_feature_mean,Global-feature mean,global_feature_mean,support_power,8,8,483.625,345.0,671.0,0.9999999403953552,5.960464477539063e-08,5.960464477539063e-08,0.9999999403953552,5.960464477539063e-08,,,0.0
small,chaoshengmnist_224,vit_t,7,0,42,support_only,Support-only synthetic head,support_only_synthetic,support_power,8,8,483.625,345.0,671.0,0.027637509629130363,0.9723625183105469,0.8010047674179077,0.14406131207942963,0.8559386730194092,,,0.0
small,chaoshengmnist_224,vit_t,7,0,42,prototype_shuffle,Shuffled-label prototype,reference_prototype_shuffle,support_power,8,8,483.625,345.0,671.0,0.9651707410812378,0.03482929989695549,0.004407107830047607,0.9823253154754639,0.017674744129180908,,,0.0
small,chaoshengmnist_224,vit_t,7,0,42,uniform_client_weight,Uniform client weight,reference_prototype,uniform_present_client,8,8,483.625,345.0,671.0,0.9651707410812378,0.03482929989695549,0.004407107830047607,0.9823253154754639,0.017674744129180908,,,0.0
small,chaoshengmnist_224,vit_t,7,0,42,global_client_size_weight,Global client-size weight,reference_prototype,global_client_size,8,8,483.625,345.0,671.0,0.9651707410812378,0.03482929989695549,0.004407107830047607,0.9823253154754639,0.017674744129180908,,,0.0
small,chaoshengmnist_224,vit_t,7,0.01,42,full,Full prototype,reference_prototype,support_power,8,8,544.75,345.0,978.0,0.9651707410812378,0.03482931852340698,0.004407107830047607,0.9823253154754639,0.017674759030342102,1.0000001192092896,1.0000001192092896,0.1250000003434794
small,chaoshengmnist_224,vit_t,7,0.01,42,prototype_head_agg,Classifier-head aggregation,classifier_head_aggregation,support_power,8,8,544.75,345.0,978.0,0.03377792611718178,0.9662221074104309,0.8464001417160034,0.10899084061384201,0.8910091519355774,-0.045080237090587616,0.6900759637355804,0.1250000003434794
small,chaoshengmnist_224,vit_t,7,0.01,42,global_feature_mean,Global-feature mean,global_feature_mean,support_power,8,8,544.75,345.0,978.0,1.0000001192092896,-1.1920928955078125e-07,-1.1920928955078125e-07,1.0000001192092896,-1.1920928955078125e-07,1.0000001192092896,1.0000000596046448,0.1250000003434794
small,chaoshengmnist_224,vit_t,7,0.01,42,support_only,Support-only synthetic head,support_only_synthetic,support_power,8,8,544.75,345.0,978.0,0.027637509629130363,0.9723625183105469,0.8010047674179077,0.14406131207942963,0.8559386730194092,1.0000001192092896,1.0000001192092896,0.1250000003434794
small,chaoshengmnist_224,vit_t,7,0.01,42,prototype_shuffle,Shuffled-label prototype,reference_prototype_shuffle,support_power,8,8,544.75,345.0,978.0,0.9651707410812378,0.03482932224869728,0.004407107830047607,0.9823252558708191,0.017674759030342102,1.0000001192092896,1.0000001192092896,0.1250000003434794
small,chaoshengmnist_224,vit_t,7,0.01,42,uniform_client_weight,Uniform client weight,reference_prototype,uniform_present_client,8,8,544.75,345.0,978.0,0.9651707410812378,0.03482931852340698,0.004407107830047607,0.9823253154754639,0.017674759030342102,1.0000001192092896,1.0000001192092896,0.1250000003434794
small,chaoshengmnist_224,vit_t,7,0.01,42,global_client_size_weight,Global client-size weight,reference_prototype,global_client_size,8,8,544.75,345.0,978.0,0.9651707410812378,0.03482934087514877,0.004407167434692383,0.9823251962661743,0.01767478883266449,1.0000001192092896,1.0000001192092896,0.034208090931794485
small,chaoshengmnist_224,vit_t,7,0.1,42,full,Full prototype,reference_prototype,support_power,8,8,1886.25,1257.0,3780.0,0.9651707410812378,0.034829311072826385,0.004407167434692383,0.9823251962661743,0.017674781382083893,0.9999999939178934,1.0000000153818438,1.000000005249426
small,chaoshengmnist_224,vit_t,7,0.1,42,prototype_head_agg,Classifier-head aggregation,classifier_head_aggregation,support_power,8,8,1886.25,1257.0,3780.0,0.005948047619313002,0.9940519332885742,0.8196778297424316,0.13587750494480133,0.8641225695610046,0.02947972705397679,0.5199138176056647,1.000000005249426
small,chaoshengmnist_224,vit_t,7,0.1,42,global_feature_mean,Global-feature mean,global_feature_mean,support_power,8,8,1886.25,1257.0,3780.0,1.0,-3.618853483544626e-08,-1.1920928955078125e-07,1.0,-8.940696716308594e-08,1.0000001192092896,1.0000000999819847,1.000000005249426
small,chaoshengmnist_224,vit_t,7,0.1,42,support_only,Support-only synthetic head,support_only_synthetic,support_power,8,8,1886.25,1257.0,3780.0,0.027637509629130363,0.9723625183105469,0.8010047078132629,0.14406132698059082,0.8559386730194092,1.0,1.000000069218297,1.000000005249426
small,chaoshengmnist_224,vit_t,7,0.1,42,prototype_shuffle,Shuffled-label prototype,reference_prototype_shuffle,support_power,8,8,1886.25,1257.0,3780.0,0.9651707410812378,0.034829311072826385,0.004407167434692383,0.9823251962661743,0.017674781382083893,0.9999999939178934,0.9620537661737011,1.000000005249426
small,chaoshengmnist_224,vit_t,7,0.1,42,uniform_client_weight,Uniform client weight,reference_prototype,uniform_present_client,8,8,1886.25,1257.0,3780.0,0.9651707410812378,0.03482932597398758,0.004407167434692383,0.9823251962661743,0.017674773931503296,0.9999999939178934,1.0000000173045742,1.0000000301989151
small,chaoshengmnist_224,vit_t,7,0.1,42,global_client_size_weight,Global client-size weight,reference_prototype,global_client_size,8,8,1886.25,1257.0,3780.0,0.9651707410812378,0.034829288721084595,0.004407107830047607,0.9823253154754639,0.017674751579761505,0.9999999939178934,1.00000004037734,0.9514243099189399
small,dermamnist_224,convnext,3,0,42,full,Full prototype,reference_prototype,support_power,7,7,476.8571472167969,80.0,1024.0,0.9477051496505737,0.05229482799768448,0.015159547328948975,0.9719060659408569,0.028093934059143066,,,0.0
small,dermamnist_224,convnext,3,0,42,prototype_head_agg,Classifier-head aggregation,classifier_head_aggregation,support_power,7,7,476.8571472167969,80.0,1024.0,0.07011263817548752,0.9298872947692871,0.7088946104049683,0.1832263171672821,0.8167737126350403,,,0.0
small,dermamnist_224,convnext,3,0,42,global_feature_mean,Global-feature mean,global_feature_mean,support_power,7,7,476.8571472167969,80.0,1024.0,0.9999998807907104,5.960464477539063e-08,5.960464477539063e-08,0.9999999403953552,5.960464477539063e-08,,,0.0
small,dermamnist_224,convnext,3,0,42,support_only,Support-only synthetic head,support_only_synthetic,support_power,7,7,476.8571472167969,80.0,1024.0,0.010006286203861237,0.989993691444397,0.9256390333175659,0.056454986333847046,0.9435450434684753,,,0.0
small,dermamnist_224,convnext,3,0,42,prototype_shuffle,Shuffled-label prototype,reference_prototype_shuffle,support_power,7,7,476.8571472167969,80.0,1024.0,0.9477051496505737,0.05229483172297478,0.015159547328948975,0.9719060659408569,0.028093934059143066,,,0.0
small,dermamnist_224,convnext,3,0,42,uniform_client_weight,Uniform client weight,reference_prototype,uniform_present_client,7,7,476.8571472167969,80.0,1024.0,0.9477051496505737,0.05229482799768448,0.015159547328948975,0.9719060659408569,0.028093934059143066,,,0.0
small,dermamnist_224,convnext,3,0,42,global_client_size_weight,Global client-size weight,reference_prototype,global_client_size,7,7,476.8571472167969,80.0,1024.0,0.9477051496505737,0.05229482799768448,0.015159547328948975,0.9719060659408569,0.028093934059143066,,,0.0
small,dermamnist_224,convnext,3,0.01,42,full,Full prototype,reference_prototype,support_power,7,7,488.28570556640625,99.0,1024.0,0.9479591846466064,0.05204080417752266,0.0151594877243042,0.9719992280006409,0.028000762686133385,1.0000001192092896,1.0000001192092896,0.14285714324969076
small,dermamnist_224,convnext,3,0.01,42,prototype_head_agg,Classifier-head aggregation,classifier_head_aggregation,support_power,7,7,488.28570556640625,99.0,1024.0,0.04997742176055908,0.9500226378440857,0.2498343586921692,0.3018317222595215,0.6981683373451233,0.01313157007098198,0.7113175094127655,0.14285714324969076
small,dermamnist_224,convnext,3,0.01,42,global_feature_mean,Global-feature mean,global_feature_mean,support_power,7,7,488.28570556640625,99.0,1024.0,0.9999998807907104,1.1920928955078125e-07,1.1920928955078125e-07,0.9999999403953552,1.1920928955078125e-07,0.9999998807907104,0.9999998807907104,0.14285714324969076
small,dermamnist_224,convnext,3,0.01,42,support_only,Support-only synthetic head,support_only_synthetic,support_power,7,7,488.28570556640625,99.0,1024.0,0.010006286203861237,0.989993691444397,0.9256390333175659,0.056454986333847046,0.9435450434684753,1.0,1.0000001192092896,0.14285714324969076
small,dermamnist_224,convnext,3,0.01,42,prototype_shuffle,Shuffled-label prototype,reference_prototype_shuffle,support_power,7,7,488.28570556640625,99.0,1024.0,0.9479591846466064,0.05204080417752266,0.0151594877243042,0.9719991683959961,0.028000762686133385,1.0000001192092896,0.9558870792388916,0.14285714324969076
small,dermamnist_224,convnext,3,0.01,42,uniform_client_weight,Uniform client weight,reference_prototype,uniform_present_client,7,7,488.28570556640625,99.0,1024.0,0.9479591846466064,0.05204080417752266,0.0151594877243042,0.9719992280006409,0.028000762686133385,1.0000001192092896,1.0000001192092896,0.14285714324969076
small,dermamnist_224,convnext,3,0.01,42,global_client_size_weight,Global client-size weight,reference_prototype,global_client_size,7,7,488.28570556640625,99.0,1024.0,0.9479591846466064,0.05204082280397415,0.0151594877243042,0.9719992280006409,0.028000762686133385,1.0000001192092896,1.0000001192092896,0.10657262438938231
small,dermamnist_224,convnext,3,0.1,42,full,Full prototype,reference_prototype,support_power,7,7,970.7142944335938,99.0,2307.0,0.9479279518127441,0.052072104066610336,0.0151594877243042,0.9720774292945862,0.027922553941607475,0.999951978524526,0.9999820490678152,0.7142857206215764
small,dermamnist_224,convnext,3,0.1,42,prototype_head_agg,Classifier-head aggregation,classifier_head_aggregation,support_power,7,7,970.7142944335938,99.0,2307.0,0.03278123214840889,0.9672188758850098,0.8314656019210815,0.11723358184099197,0.8827663064002991,0.00366771857564648,0.643561914563179,0.7142857206215764
small,dermamnist_224,convnext,3,0.1,42,global_feature_mean,Global-feature mean,global_feature_mean,support_power,7,7,970.7142944335938,99.0,2307.0,0.9999998807907104,1.1920928955078125e-07,1.1920928955078125e-07,0.9999999403953552,1.1920928955078125e-07,0.9999998807907104,0.9999998907248179,0.7142857206215764
small,dermamnist_224,convnext,3,0.1,42,support_only,Support-only synthetic head,support_only_synthetic,support_power,7,7,970.7142944335938,99.0,2307.0,0.010006285272538662,0.989993691444397,0.9256390929222107,0.05645498260855675,0.9435450434684753,0.9999999536408318,1.0000000149011612,0.7142857206215764
small,dermamnist_224,convnext,3,0.1,42,prototype_shuffle,Shuffled-label prototype,reference_prototype_shuffle,support_power,7,7,970.7142944335938,99.0,2307.0,0.9479279518127441,0.05207210034132004,0.0151594877243042,0.9720773696899414,0.027922553941607475,0.999951978524526,0.9412046521902084,0.7142857206215764
small,dermamnist_224,convnext,3,0.1,42,uniform_client_weight,Uniform client weight,reference_prototype,uniform_present_client,7,7,970.7142944335938,99.0,2307.0,0.9479279518127441,0.052072104066610336,0.0151594877243042,0.9720774292945862,0.027922553941607475,0.999951978524526,0.9999820490678152,0.7142857206215764
small,dermamnist_224,convnext,3,0.1,42,global_client_size_weight,Global client-size weight,reference_prototype,global_client_size,7,7,970.7142944335938,99.0,2307.0,0.9479437470436096,0.05205633491277695,0.015159547328948975,0.9720629453659058,0.027937088161706924,0.999951978524526,0.9999803453683853,0.563369712528341
small,dermamnist_224,convnext,5,0,42,full,Full prototype,reference_prototype,support_power,7,7,476.8571472167969,80.0,1024.0,0.9478374719619751,0.052162572741508484,0.015159547328948975,0.9720668792724609,0.027933087199926376,,,0.0
small,dermamnist_224,convnext,5,0,42,prototype_head_agg,Classifier-head aggregation,classifier_head_aggregation,support_power,7,7,476.8571472167969,80.0,1024.0,0.020400051027536392,0.9795998930931091,0.7923712134361267,0.1293732076883316,0.8706268072128296,,,0.0
small,dermamnist_224,convnext,5,0,42,global_feature_mean,Global-feature mean,global_feature_mean,support_power,7,7,476.8571472167969,80.0,1024.0,1.0,0.0,0.0,1.0,0.0,,,0.0
small,dermamnist_224,convnext,5,0,42,support_only,Support-only synthetic head,support_only_synthetic,support_power,7,7,476.8571472167969,80.0,1024.0,0.010006286203861237,0.989993691444397,0.9256390333175659,0.056454986333847046,0.9435450434684753,,,0.0
small,dermamnist_224,convnext,5,0,42,prototype_shuffle,Shuffled-label prototype,reference_prototype_shuffle,support_power,7,7,476.8571472167969,80.0,1024.0,0.9478374719619751,0.052162572741508484,0.015159547328948975,0.9720668792724609,0.027933087199926376,,,0.0
small,dermamnist_224,convnext,5,0,42,uniform_client_weight,Uniform client weight,reference_prototype,uniform_present_client,7,7,476.8571472167969,80.0,1024.0,0.9478374719619751,0.052162572741508484,0.015159547328948975,0.9720668792724609,0.027933087199926376,,,0.0
small,dermamnist_224,convnext,5,0,42,global_client_size_weight,Global client-size weight,reference_prototype,global_client_size,7,7,476.8571472167969,80.0,1024.0,0.9478374719619751,0.052162572741508484,0.015159547328948975,0.9720668792724609,0.027933087199926376,,,0.0
small,dermamnist_224,convnext,5,0.01,42,full,Full prototype,reference_prototype,support_power,7,7,599.5714111328125,99.0,1558.0,0.9475952982902527,0.05240470543503761,0.015159547328948975,0.9712761044502258,0.0287239458411932,1.0000001192092896,1.0000001788139343,0.2857142864993815
small,dermamnist_224,convnext,5,0.01,42,prototype_head_agg,Classifier-head aggregation,classifier_head_aggregation,support_power,7,7,599.5714111328125,99.0,1558.0,0.018840888515114784,0.9811590313911438,0.7644926309585571,0.12558643519878387,0.8744135499000549,-0.009133572690188885,0.7028753459453583,0.2857142864993815
small,dermamnist_224,convnext,5,0.01,42,global_feature_mean,Global-feature mean,global_feature_mean,support_power,7,7,599.5714111328125,99.0,1558.0,0.9999998807907104,2.384185791015625e-07,2.384185791015625e-07,0.9999998807907104,2.384185791015625e-07,0.9999997615814209,0.9999998807907104,0.2857142864993815
small,dermamnist_224,convnext,5,0.01,42,support_only,Support-only synthetic head,support_only_synthetic,support_power,7,7,599.5714111328125,99.0,1558.0,0.010006286203861237,0.989993691444397,0.9256390333175659,0.056454986333847046,0.9435450434684753,1.0000000596046448,1.0000000894069672,0.2857142864993815
small,dermamnist_224,convnext,5,0.01,42,prototype_shuffle,Shuffled-label prototype,reference_prototype_shuffle,support_power,7,7,599.5714111328125,99.0,1558.0,0.9475952386856079,0.05240470543503761,0.015159547328948975,0.9712761044502258,0.0287239458411932,1.0000001192092896,0.9779435992240906,0.2857142864993815
small,dermamnist_224,convnext,5,0.01,42,uniform_client_weight,Uniform client weight,reference_prototype,uniform_present_client,7,7,599.5714111328125,99.0,1558.0,0.9475952982902527,0.05240470543503761,0.015159547328948975,0.9712761044502258,0.0287239458411932,1.0000001192092896,1.0000001788139343,0.2857142864993815
small,dermamnist_224,convnext,5,0.01,42,global_client_size_weight,Global client-size weight,reference_prototype,global_client_size,7,7,599.5714111328125,99.0,1558.0,0.9475952982902527,0.05240471661090851,0.015159547328948975,0.9712761044502258,0.0287239458411932,1.0000001192092896,1.000000149011612,0.16383196615291173
small,dermamnist_224,convnext,5,0.1,42,full,Full prototype,reference_prototype,support_power,7,7,1631.0,80.0,3895.0,0.9479959607124329,0.05200400948524475,0.015159547328948975,0.9720412492752075,0.02795870043337345,0.9999823172887167,0.9999880909919738,0.8571428639613048
small,dermamnist_224,convnext,5,0.1,42,prototype_head_agg,Classifier-head aggregation,classifier_head_aggregation,support_power,7,7,1631.0,80.0,3895.0,0.04025903344154358,0.959740936756134,0.7086424827575684,0.2139499932527542,0.786050021648407,0.0071543712962280825,0.5418520182371139,0.8571428639613048
small,dermamnist_224,convnext,5,0.1,42,global_feature_mean,Global-feature mean,global_feature_mean,support_power,7,7,1631.0,80.0,3895.0,1.0,-3.4059798537100505e-08,-1.1920928955078125e-07,1.0000001192092896,-1.1920928955078125e-07,1.0,1.0000001072883606,0.8571428639613048
small,dermamnist_224,convnext,5,0.1,42,support_only,Support-only synthetic head,support_only_synthetic,support_power,7,7,1631.0,80.0,3895.0,0.010006287135183811,0.989993691444397,0.9256390333175659,0.056454986333847046,0.9435450434684753,1.0000000419440094,1.0000000566244125,0.8571428639613048
small,dermamnist_224,convnext,5,0.1,42,prototype_shuffle,Shuffled-label prototype,reference_prototype_shuffle,support_power,7,7,1631.0,80.0,3895.0,0.9479959607124329,0.05200400948524475,0.015159547328948975,0.9720412492752075,0.02795870043337345,0.9999823172887167,0.9582617849111557,0.8571428639613048
small,dermamnist_224,convnext,5,0.1,42,uniform_client_weight,Uniform client weight,reference_prototype,uniform_present_client,7,7,1631.0,80.0,3895.0,0.9479959607124329,0.052004002034664154,0.015159547328948975,0.9720412492752075,0.02795870043337345,0.9999823172887167,0.9999881207942962,0.8571428639613048
small,dermamnist_224,convnext,5,0.1,42,global_client_size_weight,Global client-size weight,reference_prototype,global_client_size,7,7,1631.0,80.0,3895.0,0.9479758739471436,0.05202415958046913,0.0151594877243042,0.9720205664634705,0.02797939069569111,0.9999823172887167,0.9999818474054336,0.39444338982063853
small,dermamnist_224,convnext,7,0,42,full,Full prototype,reference_prototype,support_power,7,7,476.8571472167969,80.0,1024.0,0.9478009343147278,0.05219896137714386,0.015159547328948975,0.9716523885726929,0.028347594663500786,,,0.0
small,dermamnist_224,convnext,7,0,42,prototype_head_agg,Classifier-head aggregation,classifier_head_aggregation,support_power,7,7,476.8571472167969,80.0,1024.0,-0.00132116605527699,1.0013211965560913,0.916810154914856,0.053830116987228394,0.9461698532104492,,,0.0
small,dermamnist_224,convnext,7,0,42,global_feature_mean,Global-feature mean,global_feature_mean,support_power,7,7,476.8571472167969,80.0,1024.0,0.9999998807907104,1.7881393432617188e-07,1.7881393432617188e-07,0.9999998807907104,1.7881393432617188e-07,,,0.0
small,dermamnist_224,convnext,7,0,42,support_only,Support-only synthetic head,support_only_synthetic,support_power,7,7,476.8571472167969,80.0,1024.0,0.010006286203861237,0.989993691444397,0.9256390333175659,0.056454986333847046,0.9435450434684753,,,0.0
small,dermamnist_224,convnext,7,0,42,prototype_shuffle,Shuffled-label prototype,reference_prototype_shuffle,support_power,7,7,476.8571472167969,80.0,1024.0,0.9478010535240173,0.05219896137714386,0.015159547328948975,0.9716523885726929,0.028347594663500786,,,0.0
small,dermamnist_224,convnext,7,0,42,uniform_client_weight,Uniform client weight,reference_prototype,uniform_present_client,7,7,476.8571472167969,80.0,1024.0,0.9478009343147278,0.05219896137714386,0.015159547328948975,0.9716523885726929,0.028347594663500786,,,0.0
small,dermamnist_224,convnext,7,0,42,global_client_size_weight,Global client-size weight,reference_prototype,global_client_size,7,7,476.8571472167969,80.0,1024.0,0.9478009343147278,0.05219896137714386,0.015159547328948975,0.9716523885726929,0.028347594663500786,,,0.0
small,dermamnist_224,convnext,7,0.01,42,full,Full prototype,reference_prototype,support_power,7,7,732.5714111328125,160.0,2048.0,0.9477328062057495,0.0522671639919281,0.015159547328948975,0.9715163111686707,0.028483662754297256,0.999898636341095,0.9999746680259705,0.7142857162484538
small,dermamnist_224,convnext,7,0.01,42,prototype_head_agg,Classifier-head aggregation,classifier_head_aggregation,support_power,7,7,732.5714111328125,160.0,2048.0,0.014692152850329876,0.9853078722953796,0.9158319234848022,0.07640356570482254,0.9235964417457581,-0.01553591750562191,0.7013694822788239,0.7142857162484538
small,dermamnist_224,convnext,7,0.01,42,global_feature_mean,Global-feature mean,global_feature_mean,support_power,7,7,732.5714111328125,160.0,2048.0,1.0,-3.4059798537100505e-08,-1.1920928955078125e-07,1.0000001192092896,-1.1920928955078125e-07,1.0,1.0000000596046448,0.7142857162484538
small,dermamnist_224,convnext,7,0.01,42,support_only,Support-only synthetic head,support_only_synthetic,support_power,7,7,732.5714111328125,160.0,2048.0,0.010006286203861237,0.989993691444397,0.9256390333175659,0.056454986333847046,0.9435450434684753,0.9999999642372132,0.9999999940395355,0.7142857162484538
small,dermamnist_224,convnext,7,0.01,42,prototype_shuffle,Shuffled-label prototype,reference_prototype_shuffle,support_power,7,7,732.5714111328125,160.0,2048.0,0.9477328062057495,0.0522671639919281,0.015159547328948975,0.9715163111686707,0.028483662754297256,0.999898636341095,0.9331602632999421,0.7142857162484538
small,dermamnist_224,convnext,7,0.01,42,uniform_client_weight,Uniform client weight,reference_prototype,uniform_present_client,7,7,732.5714111328125,160.0,2048.0,0.9477328062057495,0.052267175167798996,0.015159547328948975,0.9715163111686707,0.028483662754297256,0.999898636341095,0.9999746561050415,0.7142857162484538
small,dermamnist_224,convnext,7,0.01,42,global_client_size_weight,Global client-size weight,reference_prototype,global_client_size,7,7,732.5714111328125,160.0,2048.0,0.9476062059402466,0.052393749356269836,0.01515960693359375,0.9712947010993958,0.028705332428216934,0.999898636341095,0.9999525010585785,0.36566510520907536
small,dermamnist_224,convnext,7,0.1,42,full,Full prototype,reference_prototype,support_power,7,7,2134.28564453125,198.0,4674.0,0.9478710889816284,0.05212891101837158,0.015159547328948975,0.971980094909668,0.028019921854138374,0.9999460673332214,0.999976776797196,0.9999999940806431
small,dermamnist_224,convnext,7,0.1,42,prototype_head_agg,Classifier-head aggregation,classifier_head_aggregation,support_power,7,7,2134.28564453125,198.0,4674.0,0.01908288709819317,0.9809170961380005,0.9124809503555298,0.06732436269521713,0.9326756596565247,0.0022438504034653305,0.48773052671860007,0.9999999940806431
small,dermamnist_224,convnext,7,0.1,42,global_feature_mean,Global-feature mean,global_feature_mean,support_power,7,7,2134.28564453125,198.0,4674.0,1.0,-8.231117476498184e-08,-2.384185791015625e-07,1.0000001192092896,-2.384185791015625e-07,1.0000001192092896,1.0000000657706425,0.9999999940806431
small,dermamnist_224,convnext,7,0.1,42,support_only,Support-only synthetic head,support_only_synthetic,support_power,7,7,2134.28564453125,198.0,4674.0,0.010006285272538662,0.989993691444397,0.9256390333175659,0.05645498260855675,0.9435450434684753,1.0000000047683715,1.000000034940654,0.9999999940806431
small,dermamnist_224,convnext,7,0.1,42,prototype_shuffle,Shuffled-label prototype,reference_prototype_shuffle,support_power,7,7,2134.28564453125,198.0,4674.0,0.9478710889816284,0.05212891846895218,0.015159547328948975,0.971980094909668,0.028019921854138374,0.9999460673332214,0.9521426784581152,0.9999999940806431
small,dermamnist_224,convnext,7,0.1,42,uniform_client_weight,Uniform client weight,reference_prototype,uniform_present_client,7,7,2134.28564453125,198.0,4674.0,0.9478709697723389,0.05212894082069397,0.01515960693359375,0.9719800353050232,0.028019964694976807,0.9999460673332214,0.9999767624098679,1.0000000253742527
small,dermamnist_224,convnext,7,0.1,42,global_client_size_weight,Global client-size weight,reference_prototype,global_client_size,7,7,2134.28564453125,198.0,4674.0,0.9479437470436096,0.05205633491277695,0.0151594877243042,0.9719605445861816,0.028039421886205673,0.9999460673332214,0.999970189456282,0.6814697205569693
small,dermamnist_224,resnet,3,0,42,full,Full prototype,reference_prototype,support_power,7,7,476.8571472167969,80.0,1024.0,0.9622973203659058,0.03770270198583603,0.0071067214012146,0.9819635152816772,0.018036501482129097,,,0.0
small,dermamnist_224,resnet,3,0,42,prototype_head_agg,Classifier-head aggregation,classifier_head_aggregation,support_power,7,7,476.8571472167969,80.0,1024.0,-0.04170989617705345,1.0417098999023438,0.6796372532844543,0.20588696002960205,0.7941130995750427,,,0.0
small,dermamnist_224,resnet,3,0,42,global_feature_mean,Global-feature mean,global_feature_mean,support_power,7,7,476.8571472167969,80.0,1024.0,0.9999998807907104,5.960464477539063e-08,5.960464477539063e-08,0.9999999403953552,5.960464477539063e-08,,,0.0
small,dermamnist_224,resnet,3,0,42,support_only,Support-only synthetic head,support_only_synthetic,support_power,7,7,476.8571472167969,80.0,1024.0,0.008260454051196575,0.9917395710945129,0.9133995175361633,0.06749013811349869,0.9325099587440491,,,0.0
small,dermamnist_224,resnet,3,0,42,prototype_shuffle,Shuffled-label prototype,reference_prototype_shuffle,support_power,7,7,476.8571472167969,80.0,1024.0,0.9622973203659058,0.03770270198583603,0.0071067214012146,0.9819635152816772,0.018036501482129097,,,0.0
small,dermamnist_224,resnet,3,0,42,uniform_client_weight,Uniform client weight,reference_prototype,uniform_present_client,7,7,476.8571472167969,80.0,1024.0,0.9622973203659058,0.03770270198583603,0.0071067214012146,0.9819635152816772,0.018036501482129097,,,0.0
small,dermamnist_224,resnet,3,0,42,global_client_size_weight,Global client-size weight,reference_prototype,global_client_size,7,7,476.8571472167969,80.0,1024.0,0.9622973203659058,0.03770270198583603,0.0071067214012146,0.9819635152816772,0.018036501482129097,,,0.0
small,dermamnist_224,resnet,3,0.01,42,full,Full prototype,reference_prototype,support_power,7,7,488.28570556640625,99.0,1024.0,0.9625587463378906,0.03744121268391609,0.007106661796569824,0.9819522500038147,0.01804765686392784,1.0,1.0000000298023224,0.14285714324969076
small,dermamnist_224,resnet,3,0.01,42,prototype_head_agg,Classifier-head aggregation,classifier_head_aggregation,support_power,7,7,488.28570556640625,99.0,1024.0,-0.09703812003135681,1.0970380306243896,0.5700283646583557,0.269257515668869,0.7307424545288086,0.1056012213230133,0.7408585250377655,0.14285714324969076
small,dermamnist_224,resnet,3,0.01,42,global_feature_mean,Global-feature mean,global_feature_mean,support_power,7,7,488.28570556640625,99.0,1024.0,1.0,0.0,0.0,1.0,0.0,1.0,1.0000001192092896,0.14285714324969076
small,dermamnist_224,resnet,3,0.01,42,support_only,Support-only synthetic head,support_only_synthetic,support_power,7,7,488.28570556640625,99.0,1024.0,0.008260454051196575,0.9917395710945129,0.9133995175361633,0.06749013811349869,0.9325099587440491,1.0,1.0000000596046448,0.14285714324969076
small,dermamnist_224,resnet,3,0.01,42,prototype_shuffle,Shuffled-label prototype,reference_prototype_shuffle,support_power,7,7,488.28570556640625,99.0,1024.0,0.9625588655471802,0.03744121268391609,0.007106661796569824,0.9819522500038147,0.01804765686392784,1.0,0.9806798100471497,0.14285714324969076
small,dermamnist_224,resnet,3,0.01,42,uniform_client_weight,Uniform client weight,reference_prototype,uniform_present_client,7,7,488.28570556640625,99.0,1024.0,0.9625587463378906,0.03744121268391609,0.007106661796569824,0.9819522500038147,0.01804765686392784,1.0,1.0000000298023224,0.14285714324969076
small,dermamnist_224,resnet,3,0.01,42,global_client_size_weight,Global client-size weight,reference_prototype,global_client_size,7,7,488.28570556640625,99.0,1024.0,0.9625587463378906,0.03744120895862579,0.007106661796569824,0.9819522500038147,0.01804765686392784,1.0,1.0000000596046448,0.10657262438938231
small,dermamnist_224,resnet,3,0.1,42,full,Full prototype,reference_prototype,support_power,7,7,970.7142944335938,99.0,2307.0,0.9625401496887207,0.03745989501476288,0.007106781005859375,0.9821775555610657,0.017822494730353355,0.999967012140486,0.9999876817067465,0.7142857206215764
small,dermamnist_224,resnet,3,0.1,42,prototype_head_agg,Classifier-head aggregation,classifier_head_aggregation,support_power,7,7,970.7142944335938,99.0,2307.0,-0.06958255916833878,1.0695825815200806,0.7807084321975708,0.14106158912181854,0.8589383959770203,0.05767100759678417,0.6649510525166988,0.7142857206215764
small,dermamnist_224,resnet,3,0.1,42,global_feature_mean,Global-feature mean,global_feature_mean,support_power,7,7,970.7142944335938,99.0,2307.0,1.0,-5.676632852669172e-08,-1.1920928955078125e-07,1.0,-8.514949456639442e-08,1.0000001192092896,1.0000000298023224,0.7142857206215764
small,dermamnist_224,resnet,3,0.1,42,support_only,Support-only synthetic head,support_only_synthetic,support_power,7,7,970.7142944335938,99.0,2307.0,0.008260452188551426,0.9917395710945129,0.9133995175361633,0.06749013811349869,0.9325099587440491,1.0000001589457195,1.0000000794728596,0.7142857206215764
small,dermamnist_224,resnet,3,0.1,42,prototype_shuffle,Shuffled-label prototype,reference_prototype_shuffle,support_power,7,7,970.7142944335938,99.0,2307.0,0.9625400304794312,0.03745989874005318,0.007106781005859375,0.9821775555610657,0.017822494730353355,0.999967012140486,0.958739623427391,0.7142857206215764
small,dermamnist_224,resnet,3,0.1,42,uniform_client_weight,Uniform client weight,reference_prototype,uniform_present_client,7,7,970.7142944335938,99.0,2307.0,0.9625401496887207,0.03745989501476288,0.007106781005859375,0.9821775555610657,0.017822494730353355,0.999967012140486,0.9999876817067465,0.7142857206215764
small,dermamnist_224,resnet,3,0.1,42,global_client_size_weight,Global client-size weight,reference_prototype,global_client_size,7,7,970.7142944335938,99.0,2307.0,0.9625501036643982,0.03744987025856972,0.007106781005859375,0.982113242149353,0.017886748537421227,0.999967012140486,0.9999865194161733,0.563369712528341
small,dermamnist_224,resnet,5,0,42,full,Full prototype,reference_prototype,support_power,7,7,476.8571472167969,80.0,1024.0,0.9624806642532349,0.03751932457089424,0.0071067214012146,0.9823612570762634,0.017638742923736572,,,0.0
small,dermamnist_224,resnet,5,0,42,prototype_head_agg,Classifier-head aggregation,classifier_head_aggregation,support_power,7,7,476.8571472167969,80.0,1024.0,0.0014532790519297123,0.9985467195510864,0.6026167869567871,0.1986054629087448,0.801394522190094,,,0.0
small,dermamnist_224,resnet,5,0,42,global_feature_mean,Global-feature mean,global_feature_mean,support_power,7,7,476.8571472167969,80.0,1024.0,1.0,0.0,0.0,1.0,0.0,,,0.0
small,dermamnist_224,resnet,5,0,42,support_only,Support-only synthetic head,support_only_synthetic,support_power,7,7,476.8571472167969,80.0,1024.0,0.008260454051196575,0.9917395710945129,0.9133995175361633,0.06749013811349869,0.9325099587440491,,,0.0
small,dermamnist_224,resnet,5,0,42,prototype_shuffle,Shuffled-label prototype,reference_prototype_shuffle,support_power,7,7,476.8571472167969,80.0,1024.0,0.9624806642532349,0.03751932457089424,0.0071067214012146,0.9823612570762634,0.017638742923736572,,,0.0
small,dermamnist_224,resnet,5,0,42,uniform_client_weight,Uniform client weight,reference_prototype,uniform_present_client,7,7,476.8571472167969,80.0,1024.0,0.9624806642532349,0.03751932457089424,0.0071067214012146,0.9823612570762634,0.017638742923736572,,,0.0
small,dermamnist_224,resnet,5,0,42,global_client_size_weight,Global client-size weight,reference_prototype,global_client_size,7,7,476.8571472167969,80.0,1024.0,0.9624806642532349,0.03751932457089424,0.0071067214012146,0.9823612570762634,0.017638742923736572,,,0.0
small,dermamnist_224,resnet,5,0.01,42,full,Full prototype,reference_prototype,support_power,7,7,599.5714111328125,99.0,1558.0,0.9619872570037842,0.03801267594099045,0.007106661796569824,0.9813214540481567,0.018678519874811172,1.0000000596046448,1.0000001192092896,0.2857142864993815
small,dermamnist_224,resnet,5,0.01,42,prototype_head_agg,Classifier-head aggregation,classifier_head_aggregation,support_power,7,7,599.5714111328125,99.0,1558.0,-0.04383329674601555,1.0438333749771118,0.6733116507530212,0.13244833052158356,0.8675517439842224,-0.17063546739518642,0.630962684750557,0.2857142864993815
small,dermamnist_224,resnet,5,0.01,42,global_feature_mean,Global-feature mean,global_feature_mean,support_power,7,7,599.5714111328125,99.0,1558.0,0.9999998807907104,1.1920928955078125e-07,1.1920928955078125e-07,0.9999999403953552,1.1920928955078125e-07,0.9999998807907104,0.9999999403953552,0.2857142864993815
small,dermamnist_224,resnet,5,0.01,42,support_only,Support-only synthetic head,support_only_synthetic,support_power,7,7,599.5714111328125,99.0,1558.0,0.008260454051196575,0.9917395710945129,0.9133995175361633,0.06749013811349869,0.9325099587440491,1.0,1.0000000298023224,0.2857142864993815
small,dermamnist_224,resnet,5,0.01,42,prototype_shuffle,Shuffled-label prototype,reference_prototype_shuffle,support_power,7,7,599.5714111328125,99.0,1558.0,0.9619873762130737,0.03801266849040985,0.007106661796569824,0.9813214540481567,0.018678519874811172,1.0000000596046448,0.9903399348258972,0.2857142864993815
small,dermamnist_224,resnet,5,0.01,42,uniform_client_weight,Uniform client weight,reference_prototype,uniform_present_client,7,7,599.5714111328125,99.0,1558.0,0.9619872570037842,0.03801267594099045,0.007106661796569824,0.9813214540481567,0.018678519874811172,1.0000000596046448,1.0000001192092896,0.2857142864993815
small,dermamnist_224,resnet,5,0.01,42,global_client_size_weight,Global client-size weight,reference_prototype,global_client_size,7,7,599.5714111328125,99.0,1558.0,0.9619871973991394,0.038012705743312836,0.007106661796569824,0.9813214540481567,0.018678536638617516,1.0000000596046448,0.9999999552965164,0.16383196615291173
small,dermamnist_224,resnet,5,0.1,42,full,Full prototype,reference_prototype,support_power,7,7,1631.0,80.0,3895.0,0.9628229737281799,0.03717707470059395,0.0071067214012146,0.9819633364677429,0.018036654219031334,0.999988544870306,0.9999922990798951,0.8571428639613048
small,dermamnist_224,resnet,5,0.1,42,prototype_head_agg,Classifier-head aggregation,classifier_head_aggregation,support_power,7,7,1631.0,80.0,3895.0,-0.04990696161985397,1.0499070882797241,0.7859703302383423,0.10653544962406158,0.8934645056724548,0.03654564185826867,0.548186433315277,0.8571428639613048
small,dermamnist_224,resnet,5,0.1,42,global_feature_mean,Global-feature mean,global_feature_mean,support_power,7,7,1631.0,80.0,3895.0,0.9999998807907104,1.1920928955078125e-07,1.1920928955078125e-07,0.9999999403953552,1.1920928955078125e-07,0.9999998807907104,0.9999998450279236,0.8571428639613048
small,dermamnist_224,resnet,5,0.1,42,support_only,Support-only synthetic head,support_only_synthetic,support_power,7,7,1631.0,80.0,3895.0,0.008260451257228851,0.9917395710945129,0.9133995175361633,0.06749013811349869,0.9325098991394043,1.0000001015486542,1.0000001162290573,0.8571428639613048
small,dermamnist_224,resnet,5,0.1,42,prototype_shuffle,Shuffled-label prototype,reference_prototype_shuffle,support_power,7,7,1631.0,80.0,3895.0,0.9628228545188904,0.03717707470059395,0.0071067214012146,0.9819632768630981,0.018036654219031334,0.999988544870306,0.9703704237937927,0.8571428639613048
small,dermamnist_224,resnet,5,0.1,42,uniform_client_weight,Uniform client weight,reference_prototype,uniform_present_client,7,7,1631.0,80.0,3895.0,0.9628229737281799,0.03717704489827156,0.0071067214012146,0.9819633364677429,0.018036620691418648,0.999988544870306,0.9999923229217529,0.8571428639613048
small,dermamnist_224,resnet,5,0.1,42,global_client_size_weight,Global client-size weight,reference_prototype,global_client_size,7,7,1631.0,80.0,3895.0,0.9626360535621643,0.0373639278113842,0.007106781005859375,0.9819596409797668,0.018040349707007408,0.999988544870306,0.9999882340431213,0.39444338982063853
small,dermamnist_224,resnet,7,0,42,full,Full prototype,reference_prototype,support_power,7,7,476.8571472167969,80.0,1024.0,0.9626677632331848,0.03733213618397713,0.007106661796569824,0.9821706414222717,0.017829332500696182,,,0.0
small,dermamnist_224,resnet,7,0,42,prototype_head_agg,Classifier-head aggregation,classifier_head_aggregation,support_power,7,7,476.8571472167969,80.0,1024.0,0.07626517862081528,0.9237348437309265,0.7409048080444336,0.17431651055812836,0.8256834745407104,,,0.0
small,dermamnist_224,resnet,7,0,42,global_feature_mean,Global-feature mean,global_feature_mean,support_power,7,7,476.8571472167969,80.0,1024.0,1.0,0.0,0.0,1.0,0.0,,,0.0
small,dermamnist_224,resnet,7,0,42,support_only,Support-only synthetic head,support_only_synthetic,support_power,7,7,476.8571472167969,80.0,1024.0,0.008260454051196575,0.9917395710945129,0.9133995175361633,0.06749013811349869,0.9325099587440491,,,0.0
small,dermamnist_224,resnet,7,0,42,prototype_shuffle,Shuffled-label prototype,reference_prototype_shuffle,support_power,7,7,476.8571472167969,80.0,1024.0,0.9626679420471191,0.03733213618397713,0.007106661796569824,0.9821706414222717,0.017829332500696182,,,0.0
small,dermamnist_224,resnet,7,0,42,uniform_client_weight,Uniform client weight,reference_prototype,uniform_present_client,7,7,476.8571472167969,80.0,1024.0,0.9626677632331848,0.03733213618397713,0.007106661796569824,0.9821706414222717,0.017829332500696182,,,0.0
small,dermamnist_224,resnet,7,0,42,global_client_size_weight,Global client-size weight,reference_prototype,global_client_size,7,7,476.8571472167969,80.0,1024.0,0.9626677632331848,0.03733213618397713,0.007106661796569824,0.9821706414222717,0.017829332500696182,,,0.0
small,dermamnist_224,resnet,7,0.01,42,full,Full prototype,reference_prototype,support_power,7,7,732.5714111328125,160.0,2048.0,0.962355375289917,0.03764459490776062,0.007106781005859375,0.9817081689834595,0.01829182170331478,0.9999205112457276,0.9999801337718963,0.7142857162484538
small,dermamnist_224,resnet,7,0.01,42,prototype_head_agg,Classifier-head aggregation,classifier_head_aggregation,support_power,7,7,732.5714111328125,160.0,2048.0,-0.059672094881534576,1.0596719980239868,0.5749104619026184,0.25188833475112915,0.7481116652488708,0.04294059500098228,0.7095055550336837,0.7142857162484538
small,dermamnist_224,resnet,7,0.01,42,global_feature_mean,Global-feature mean,global_feature_mean,support_power,7,7,732.5714111328125,160.0,2048.0,1.0000001192092896,-1.1920928955078125e-07,-1.1920928955078125e-07,1.0000001192092896,-1.1920928955078125e-07,1.0000001192092896,1.0,0.7142857162484538
small,dermamnist_224,resnet,7,0.01,42,support_only,Support-only synthetic head,support_only_synthetic,support_power,7,7,732.5714111328125,160.0,2048.0,0.008260454051196575,0.9917395710945129,0.9133995175361633,0.06749014556407928,0.9325099587440491,1.0000000953674317,1.0000000536441802,0.7142857162484538
small,dermamnist_224,resnet,7,0.01,42,prototype_shuffle,Shuffled-label prototype,reference_prototype_shuffle,support_power,7,7,732.5714111328125,160.0,2048.0,0.9623553156852722,0.03764459490776062,0.007106781005859375,0.9817081689834595,0.01829182170331478,0.9999205112457276,0.9536786735057831,0.7142857162484538
small,dermamnist_224,resnet,7,0.01,42,uniform_client_weight,Uniform client weight,reference_prototype,uniform_present_client,7,7,732.5714111328125,160.0,2048.0,0.962355375289917,0.037644606083631516,0.007106781005859375,0.9817081689834595,0.01829182170331478,0.9999205112457276,0.9999801099300385,0.7142857162484538
small,dermamnist_224,resnet,7,0.01,42,global_client_size_weight,Global client-size weight,reference_prototype,global_client_size,7,7,732.5714111328125,160.0,2048.0,0.962012767791748,0.037987254559993744,0.007106781005859375,0.9813423156738281,0.018657760694622993,0.9999205112457276,0.9999627292156219,0.36566510520907536
small,dermamnist_224,resnet,7,0.1,42,full,Full prototype,reference_prototype,support_power,7,7,2134.28564453125,198.0,4674.0,0.9626191258430481,0.03738082945346832,0.007106661796569824,0.9819852113723755,0.0180148147046566,0.9999599528312683,0.9999827886449879,0.9999999940806431
small,dermamnist_224,resnet,7,0.1,42,prototype_head_agg,Classifier-head aggregation,classifier_head_aggregation,support_power,7,7,2134.28564453125,198.0,4674.0,-0.042392998933792114,1.0423929691314697,0.7068780660629272,0.12525884807109833,0.8747411370277405,0.015179018713533879,0.49453463819648685,0.9999999940806431
small,dermamnist_224,resnet,7,0.1,42,global_feature_mean,Global-feature mean,global_feature_mean,support_power,7,7,2134.28564453125,198.0,4674.0,1.0,1.9868215517249155e-08,-1.1920928955078125e-07,1.0,-3.4059798537100505e-08,0.9999999403953552,0.9999999835573393,0.9999999940806431
small,dermamnist_224,resnet,7,0.1,42,support_only,Support-only synthetic head,support_only_synthetic,support_power,7,7,2134.28564453125,198.0,4674.0,0.008260453119874,0.9917395710945129,0.9133995175361633,0.06749013811349869,0.9325098991394043,1.0000000953674317,1.000000067825975,0.9999999940806431
small,dermamnist_224,resnet,7,0.1,42,prototype_shuffle,Shuffled-label prototype,reference_prototype_shuffle,support_power,7,7,2134.28564453125,198.0,4674.0,0.9626191258430481,0.037380825728178024,0.007106661796569824,0.9819852113723755,0.0180148147046566,0.9999599528312683,0.9667611862051075,0.9999999940806431
small,dermamnist_224,resnet,7,0.1,42,uniform_client_weight,Uniform client weight,reference_prototype,uniform_present_client,7,7,2134.28564453125,198.0,4674.0,0.9626192450523376,0.03738082945346832,0.007106781005859375,0.9819851517677307,0.01801486499607563,0.9999599528312683,0.9999827824789902,1.0000000253742527
small,dermamnist_224,resnet,7,0.1,42,global_client_size_weight,Global client-size weight,reference_prototype,global_client_size,7,7,2134.28564453125,198.0,4674.0,0.96263587474823,0.037364132702350616,0.007106781005859375,0.9820127487182617,0.017987241968512535,0.9999599528312683,0.9999781641466864,0.6814697205569693
small,dermamnist_224,swin_tiny,3,0,42,full,Full prototype,reference_prototype,support_power,7,7,476.8571472167969,80.0,1024.0,0.9313952922821045,0.06860464811325073,0.01896214485168457,0.9616912007331848,0.0383087582886219,,,0.0
small,dermamnist_224,swin_tiny,3,0,42,prototype_head_agg,Classifier-head aggregation,classifier_head_aggregation,support_power,7,7,476.8571472167969,80.0,1024.0,0.14499081671237946,0.8550091981887817,0.3240801692008972,0.4910525977611542,0.5089474320411682,,,0.0
small,dermamnist_224,swin_tiny,3,0,42,global_feature_mean,Global-feature mean,global_feature_mean,support_power,7,7,476.8571472167969,80.0,1024.0,0.9999998807907104,1.1920928955078125e-07,1.1920928955078125e-07,0.9999999403953552,1.1920928955078125e-07,,,0.0
small,dermamnist_224,swin_tiny,3,0,42,support_only,Support-only synthetic head,support_only_synthetic,support_power,7,7,476.8571472167969,80.0,1024.0,0.010006286203861237,0.989993691444397,0.9256390333175659,0.056454986333847046,0.9435450434684753,,,0.0
small,dermamnist_224,swin_tiny,3,0,42,prototype_shuffle,Shuffled-label prototype,reference_prototype_shuffle,support_power,7,7,476.8571472167969,80.0,1024.0,0.9313952922821045,0.06860464811325073,0.01896214485168457,0.9616913199424744,0.0383087582886219,,,0.0
small,dermamnist_224,swin_tiny,3,0,42,uniform_client_weight,Uniform client weight,reference_prototype,uniform_present_client,7,7,476.8571472167969,80.0,1024.0,0.9313952922821045,0.06860464811325073,0.01896214485168457,0.9616912007331848,0.0383087582886219,,,0.0
small,dermamnist_224,swin_tiny,3,0,42,global_client_size_weight,Global client-size weight,reference_prototype,global_client_size,7,7,476.8571472167969,80.0,1024.0,0.9313952922821045,0.06860464811325073,0.01896214485168457,0.9616912007331848,0.0383087582886219,,,0.0
small,dermamnist_224,swin_tiny,3,0.01,42,full,Full prototype,reference_prototype,support_power,7,7,488.28570556640625,99.0,1024.0,0.9319543242454529,0.06804557889699936,0.01896214485168457,0.9619402289390564,0.03805983066558838,1.0,0.9999999403953552,0.14285714324969076
small,dermamnist_224,swin_tiny,3,0.01,42,prototype_head_agg,Classifier-head aggregation,classifier_head_aggregation,support_power,7,7,488.28570556640625,99.0,1024.0,0.03985343500971794,0.9601466059684753,0.6405366063117981,0.19320474565029144,0.8067952990531921,0.0008276309818029404,0.7072528600692749,0.14285714324969076
small,dermamnist_224,swin_tiny,3,0.01,42,global_feature_mean,Global-feature mean,global_feature_mean,support_power,7,7,488.28570556640625,99.0,1024.0,1.0,0.0,0.0,1.0,0.0,1.0,1.0000000596046448,0.14285714324969076
small,dermamnist_224,swin_tiny,3,0.01,42,support_only,Support-only synthetic head,support_only_synthetic,support_power,7,7,488.28570556640625,99.0,1024.0,0.010006286203861237,0.989993691444397,0.9256390333175659,0.056454986333847046,0.9435450434684753,1.0,1.0000001192092896,0.14285714324969076
small,dermamnist_224,swin_tiny,3,0.01,42,prototype_shuffle,Shuffled-label prototype,reference_prototype_shuffle,support_power,7,7,488.28570556640625,99.0,1024.0,0.9319544434547424,0.06804557889699936,0.01896214485168457,0.9619402289390564,0.03805983066558838,1.0,0.9420047998428345,0.14285714324969076
small,dermamnist_224,swin_tiny,3,0.01,42,uniform_client_weight,Uniform client weight,reference_prototype,uniform_present_client,7,7,488.28570556640625,99.0,1024.0,0.9319543242454529,0.06804557889699936,0.01896214485168457,0.9619402289390564,0.03805983066558838,1.0,0.9999999403953552,0.14285714324969076
small,dermamnist_224,swin_tiny,3,0.01,42,global_client_size_weight,Global client-size weight,reference_prototype,global_client_size,7,7,488.28570556640625,99.0,1024.0,0.9319543242454529,0.06804558634757996,0.01896214485168457,0.9619402289390564,0.03805983066558838,1.0,0.9999999403953552,0.10657262438938231
small,dermamnist_224,swin_tiny,3,0.1,42,full,Full prototype,reference_prototype,support_power,7,7,970.7142944335938,99.0,2307.0,0.9320168495178223,0.0679832324385643,0.01896214485168457,0.9620988965034485,0.03790120407938957,0.99994029601415,0.9999776035547256,0.7142857206215764
small,dermamnist_224,swin_tiny,3,0.1,42,prototype_head_agg,Classifier-head aggregation,classifier_head_aggregation,support_power,7,7,970.7142944335938,99.0,2307.0,0.05842165648937225,0.9415783882141113,0.4919933080673218,0.28289994597435,0.7171000242233276,0.004835161483950085,0.6417067646980286,0.7142857206215764
small,dermamnist_224,swin_tiny,3,0.1,42,global_feature_mean,Global-feature mean,global_feature_mean,support_power,7,7,970.7142944335938,99.0,2307.0,1.0,5.676632852669172e-08,0.0,1.0,4.257474728319721e-08,0.9999999403953552,0.9999998907248179,0.7142857206215764
small,dermamnist_224,swin_tiny,3,0.1,42,support_only,Support-only synthetic head,support_only_synthetic,support_power,7,7,970.7142944335938,99.0,2307.0,0.010006285272538662,0.989993691444397,0.9256390929222107,0.05645498260855675,0.9435450434684753,0.9999999536408318,1.0000000149011612,0.7142857206215764
small,dermamnist_224,swin_tiny,3,0.1,42,prototype_shuffle,Shuffled-label prototype,reference_prototype_shuffle,support_power,7,7,970.7142944335938,99.0,2307.0,0.9320168495178223,0.0679832324385643,0.01896214485168457,0.9620987772941589,0.03790120407938957,0.99994029601415,0.9192984104156494,0.7142857206215764
small,dermamnist_224,swin_tiny,3,0.1,42,uniform_client_weight,Uniform client weight,reference_prototype,uniform_present_client,7,7,970.7142944335938,99.0,2307.0,0.9320168495178223,0.0679832324385643,0.01896214485168457,0.9620988965034485,0.03790120407938957,0.99994029601415,0.9999776035547256,0.7142857206215764
small,dermamnist_224,swin_tiny,3,0.1,42,global_client_size_weight,Global client-size weight,reference_prototype,global_client_size,7,7,970.7142944335938,99.0,2307.0,0.9320054054260254,0.0679946094751358,0.01896214485168457,0.9620582461357117,0.03794179484248161,0.99994029601415,0.9999755720297495,0.563369712528341
small,dermamnist_224,swin_tiny,5,0,42,full,Full prototype,reference_prototype,support_power,7,7,476.8571472167969,80.0,1024.0,0.9320074915885925,0.06799249351024628,0.01896214485168457,0.9621846079826355,0.037815384566783905,,,0.0
small,dermamnist_224,swin_tiny,5,0,42,prototype_head_agg,Classifier-head aggregation,classifier_head_aggregation,support_power,7,7,476.8571472167969,80.0,1024.0,0.016393795609474182,0.983606219291687,0.8617843389511108,0.08017730712890625,0.9198227524757385,,,0.0
small,dermamnist_224,swin_tiny,5,0,42,global_feature_mean,Global-feature mean,global_feature_mean,support_power,7,7,476.8571472167969,80.0,1024.0,0.9999998807907104,5.960464477539063e-08,5.960464477539063e-08,0.9999999403953552,5.960464477539063e-08,,,0.0
small,dermamnist_224,swin_tiny,5,0,42,support_only,Support-only synthetic head,support_only_synthetic,support_power,7,7,476.8571472167969,80.0,1024.0,0.010006286203861237,0.989993691444397,0.9256390333175659,0.056454986333847046,0.9435450434684753,,,0.0
small,dermamnist_224,swin_tiny,5,0,42,prototype_shuffle,Shuffled-label prototype,reference_prototype_shuffle,support_power,7,7,476.8571472167969,80.0,1024.0,0.9320074915885925,0.06799249351024628,0.01896214485168457,0.9621846079826355,0.037815384566783905,,,0.0
small,dermamnist_224,swin_tiny,5,0,42,uniform_client_weight,Uniform client weight,reference_prototype,uniform_present_client,7,7,476.8571472167969,80.0,1024.0,0.9320074915885925,0.06799249351024628,0.01896214485168457,0.9621846079826355,0.037815384566783905,,,0.0
small,dermamnist_224,swin_tiny,5,0,42,global_client_size_weight,Global client-size weight,reference_prototype,global_client_size,7,7,476.8571472167969,80.0,1024.0,0.9320074915885925,0.06799249351024628,0.01896214485168457,0.9621846079826355,0.037815384566783905,,,0.0
small,dermamnist_224,swin_tiny,5,0.01,42,full,Full prototype,reference_prototype,support_power,7,7,599.5714111328125,99.0,1558.0,0.9313330054283142,0.06866700947284698,0.018962204456329346,0.9613968729972839,0.03860306739807129,0.9999998509883881,0.9999998509883881,0.2857142864993815
small,dermamnist_224,swin_tiny,5,0.01,42,prototype_head_agg,Classifier-head aggregation,classifier_head_aggregation,support_power,7,7,599.5714111328125,99.0,1558.0,0.04532487317919731,0.9546751379966736,0.6806793212890625,0.2567305564880371,0.7432694435119629,-0.028411689214408398,0.6954623460769653,0.2857142864993815
small,dermamnist_224,swin_tiny,5,0.01,42,global_feature_mean,Global-feature mean,global_feature_mean,support_power,7,7,599.5714111328125,99.0,1558.0,1.0000001192092896,-2.384185791015625e-07,-2.384185791015625e-07,1.0000001192092896,-2.384185791015625e-07,1.000000238418579,1.0000001192092896,0.2857142864993815
small,dermamnist_224,swin_tiny,5,0.01,42,support_only,Support-only synthetic head,support_only_synthetic,support_power,7,7,599.5714111328125,99.0,1558.0,0.010006286203861237,0.989993691444397,0.9256390333175659,0.056454986333847046,0.9435450434684753,1.0000000596046448,1.0000000894069672,0.2857142864993815
small,dermamnist_224,swin_tiny,5,0.01,42,prototype_shuffle,Shuffled-label prototype,reference_prototype_shuffle,support_power,7,7,599.5714111328125,99.0,1558.0,0.9313328862190247,0.06866700947284698,0.018962204456329346,0.9613968729972839,0.03860306739807129,0.9999998509883881,0.9710022509098053,0.2857142864993815
small,dermamnist_224,swin_tiny,5,0.01,42,uniform_client_weight,Uniform client weight,reference_prototype,uniform_present_client,7,7,599.5714111328125,99.0,1558.0,0.9313330054283142,0.06866700947284698,0.018962204456329346,0.9613968729972839,0.03860306739807129,0.9999998509883881,0.9999998509883881,0.2857142864993815
small,dermamnist_224,swin_tiny,5,0.01,42,global_client_size_weight,Global client-size weight,reference_prototype,global_client_size,7,7,599.5714111328125,99.0,1558.0,0.9313330054283142,0.06866701692342758,0.018962204456329346,0.9613968729972839,0.038603074848651886,0.9999998509883881,0.9999998509883881,0.16383196615291173
small,dermamnist_224,swin_tiny,5,0.1,42,full,Full prototype,reference_prototype,support_power,7,7,1631.0,80.0,3895.0,0.9325138330459595,0.06748613715171814,0.018962204456329346,0.9622372388839722,0.037762727588415146,0.9999689283194365,0.9999790102243423,0.8571428639613048
small,dermamnist_224,swin_tiny,5,0.1,42,prototype_head_agg,Classifier-head aggregation,classifier_head_aggregation,support_power,7,7,1631.0,80.0,3895.0,0.059381671249866486,0.9406183362007141,0.7920865416526794,0.1665920913219452,0.8334078788757324,0.00750360624105842,0.543215899169445,0.8571428639613048
small,dermamnist_224,swin_tiny,5,0.1,42,global_feature_mean,Global-feature mean,global_feature_mean,support_power,7,7,1631.0,80.0,3895.0,1.0000001192092896,-1.759756145247593e-07,-2.384185791015625e-07,1.0000001192092896,-2.0435878411717567e-07,1.000000238418579,1.000000184774399,0.8571428639613048
small,dermamnist_224,swin_tiny,5,0.1,42,support_only,Support-only synthetic head,support_only_synthetic,support_power,7,7,1631.0,80.0,3895.0,0.010006287135183811,0.989993691444397,0.9256390333175659,0.056454986333847046,0.9435450434684753,1.0000000419440094,1.0000000566244125,0.8571428639613048
small,dermamnist_224,swin_tiny,5,0.1,42,prototype_shuffle,Shuffled-label prototype,reference_prototype_shuffle,support_power,7,7,1631.0,80.0,3895.0,0.9325138330459595,0.06748615205287933,0.018962204456329346,0.9622372388839722,0.037762727588415146,0.9999689283194365,0.945034995675087,0.8571428639613048
small,dermamnist_224,swin_tiny,5,0.1,42,uniform_client_weight,Uniform client weight,reference_prototype,uniform_present_client,7,7,1631.0,80.0,3895.0,0.9325138330459595,0.06748613715171814,0.018962204456329346,0.9622372388839722,0.03776273503899574,0.9999689283194365,0.9999790072441102,0.8571428639613048
small,dermamnist_224,swin_tiny,5,0.1,42,global_client_size_weight,Global client-size weight,reference_prototype,global_client_size,7,7,1631.0,80.0,3895.0,0.9321200251579285,0.06787996739149094,0.01896214485168457,0.9620334506034851,0.037966568022966385,0.9999689283194365,0.9999680608510971,0.39444338982063853
small,dermamnist_224,swin_tiny,7,0,42,full,Full prototype,reference_prototype,support_power,7,7,476.8571472167969,80.0,1024.0,0.9318419098854065,0.0681580901145935,0.01896214485168457,0.9619943499565125,0.038005582988262177,,,0.0
small,dermamnist_224,swin_tiny,7,0,42,prototype_head_agg,Classifier-head aggregation,classifier_head_aggregation,support_power,7,7,476.8571472167969,80.0,1024.0,0.008017667569220066,0.9919823408126831,0.8867281675338745,0.0616350956261158,0.9383648633956909,,,0.0
small,dermamnist_224,swin_tiny,7,0,42,global_feature_mean,Global-feature mean,global_feature_mean,support_power,7,7,476.8571472167969,80.0,1024.0,1.0,0.0,0.0,1.0,0.0,,,0.0
small,dermamnist_224,swin_tiny,7,0,42,support_only,Support-only synthetic head,support_only_synthetic,support_power,7,7,476.8571472167969,80.0,1024.0,0.010006286203861237,0.989993691444397,0.9256390333175659,0.056454986333847046,0.9435450434684753,,,0.0
small,dermamnist_224,swin_tiny,7,0,42,prototype_shuffle,Shuffled-label prototype,reference_prototype_shuffle,support_power,7,7,476.8571472167969,80.0,1024.0,0.9318419098854065,0.0681580901145935,0.01896214485168457,0.961994469165802,0.038005582988262177,,,0.0
small,dermamnist_224,swin_tiny,7,0,42,uniform_client_weight,Uniform client weight,reference_prototype,uniform_present_client,7,7,476.8571472167969,80.0,1024.0,0.9318419098854065,0.0681580901145935,0.01896214485168457,0.9619943499565125,0.038005582988262177,,,0.0
small,dermamnist_224,swin_tiny,7,0,42,global_client_size_weight,Global client-size weight,reference_prototype,global_client_size,7,7,476.8571472167969,80.0,1024.0,0.9318419098854065,0.0681580901145935,0.01896214485168457,0.9619943499565125,0.038005582988262177,,,0.0
small,dermamnist_224,swin_tiny,7,0.01,42,full,Full prototype,reference_prototype,support_power,7,7,732.5714111328125,160.0,2048.0,0.9316264390945435,0.06837352365255356,0.01896214485168457,0.9617348909378052,0.038265109062194824,0.9998794674873352,0.9999698400497437,0.7142857162484538
small,dermamnist_224,swin_tiny,7,0.01,42,prototype_head_agg,Classifier-head aggregation,classifier_head_aggregation,support_power,7,7,732.5714111328125,160.0,2048.0,0.005245643202215433,0.9947543144226074,0.8424185514450073,0.06719759106636047,0.9328023791313171,0.01787902442738414,0.7133046090602875,0.7142857162484538
small,dermamnist_224,swin_tiny,7,0.01,42,global_feature_mean,Global-feature mean,global_feature_mean,support_power,7,7,732.5714111328125,160.0,2048.0,0.9999998807907104,1.1920928955078125e-07,1.1920928955078125e-07,0.9999999403953552,1.1920928955078125e-07,0.9999998807907104,0.999999874830246,0.7142857162484538
small,dermamnist_224,swin_tiny,7,0.01,42,support_only,Support-only synthetic head,support_only_synthetic,support_power,7,7,732.5714111328125,160.0,2048.0,0.010006286203861237,0.989993691444397,0.9256390333175659,0.056454986333847046,0.9435450434684753,0.9999999642372132,0.9999999940395355,0.7142857162484538
small,dermamnist_224,swin_tiny,7,0.01,42,prototype_shuffle,Shuffled-label prototype,reference_prototype_shuffle,support_power,7,7,732.5714111328125,160.0,2048.0,0.931626558303833,0.06837352365255356,0.01896214485168457,0.9617348909378052,0.038265109062194824,0.9998794674873352,0.9129038155078888,0.7142857162484538
small,dermamnist_224,swin_tiny,7,0.01,42,uniform_client_weight,Uniform client weight,reference_prototype,uniform_present_client,7,7,732.5714111328125,160.0,2048.0,0.9316264390945435,0.06837353110313416,0.01896214485168457,0.9617348909378052,0.038265109062194824,0.9998794674873352,0.9999698519706726,0.7142857162484538
small,dermamnist_224,swin_tiny,7,0.01,42,global_client_size_weight,Global client-size weight,reference_prototype,global_client_size,7,7,732.5714111328125,160.0,2048.0,0.9313542246818542,0.06864570081233978,0.01896214485168457,0.961421012878418,0.03857888653874397,0.9998794674873352,0.9999434351921082,0.36566510520907536
small,dermamnist_224,swin_tiny,7,0.1,42,full,Full prototype,reference_prototype,support_power,7,7,2134.28564453125,198.0,4674.0,0.9320999383926392,0.06790003180503845,0.01896214485168457,0.9620727896690369,0.03792714327573776,0.9998961997032165,0.9999552677417624,0.9999999940806431
small,dermamnist_224,swin_tiny,7,0.1,42,prototype_head_agg,Classifier-head aggregation,classifier_head_aggregation,support_power,7,7,2134.28564453125,198.0,4674.0,0.058779336512088776,0.9412205815315247,0.7756252884864807,0.17485983669757843,0.825140118598938,0.013933190451934934,0.49541554368775464,0.9999999940806431
small,dermamnist_224,swin_tiny,7,0.1,42,global_feature_mean,Global-feature mean,global_feature_mean,support_power,7,7,2134.28564453125,198.0,4674.0,1.0,-1.419158213167293e-08,-1.1920928955078125e-07,1.0,-1.0217939205858784e-07,1.0000001192092896,0.9999999835573393,0.9999999940806431
small,dermamnist_224,swin_tiny,7,0.1,42,support_only,Support-only synthetic head,support_only_synthetic,support_power,7,7,2134.28564453125,198.0,4674.0,0.010006285272538662,0.989993691444397,0.9256390333175659,0.05645498260855675,0.9435450434684753,1.0000000047683715,1.000000034940654,0.9999999940806431
small,dermamnist_224,swin_tiny,7,0.1,42,prototype_shuffle,Shuffled-label prototype,reference_prototype_shuffle,support_power,7,7,2134.28564453125,198.0,4674.0,0.9320999979972839,0.06790003925561905,0.01896214485168457,0.9620729088783264,0.03792714327573776,0.9998961997032165,0.9358137291053246,0.9999999940806431
small,dermamnist_224,swin_tiny,7,0.1,42,uniform_client_weight,Uniform client weight,reference_prototype,uniform_present_client,7,7,2134.28564453125,198.0,4674.0,0.9320999979972839,0.06790003180503845,0.018962204456329346,0.9620727896690369,0.03792714327573776,0.9998961997032165,0.9999552615757646,1.0000000253742527
small,dermamnist_224,swin_tiny,7,0.1,42,global_client_size_weight,Global client-size weight,reference_prototype,global_client_size,7,7,2134.28564453125,198.0,4674.0,0.9320574402809143,0.06794256716966629,0.01896214485168457,0.9620386958122253,0.03796129673719406,0.9998961997032165,0.9999462633297361,0.6814697205569693
small,dermamnist_224,vit_t,3,0,42,full,Full prototype,reference_prototype,support_power,7,7,476.8571472167969,80.0,1024.0,0.9490883350372314,0.050911687314510345,0.015753448009490967,0.9722734093666077,0.027726616710424423,,,0.0
small,dermamnist_224,vit_t,3,0,42,prototype_head_agg,Classifier-head aggregation,classifier_head_aggregation,support_power,7,7,476.8571472167969,80.0,1024.0,0.07222455739974976,0.9277754426002502,0.6848720908164978,0.23542150855064392,0.7645785212516785,,,0.0
small,dermamnist_224,vit_t,3,0,42,global_feature_mean,Global-feature mean,global_feature_mean,support_power,7,7,476.8571472167969,80.0,1024.0,1.0,0.0,0.0,1.0,0.0,,,0.0
small,dermamnist_224,vit_t,3,0,42,support_only,Support-only synthetic head,support_only_synthetic,support_power,7,7,476.8571472167969,80.0,1024.0,0.03301822021603584,0.9669817686080933,0.8010047674179077,0.14940862357616425,0.8505913019180298,,,0.0
small,dermamnist_224,vit_t,3,0,42,prototype_shuffle,Shuffled-label prototype,reference_prototype_shuffle,support_power,7,7,476.8571472167969,80.0,1024.0,0.9490883350372314,0.050911687314510345,0.015753448009490967,0.9722734093666077,0.027726616710424423,,,0.0
small,dermamnist_224,vit_t,3,0,42,uniform_client_weight,Uniform client weight,reference_prototype,uniform_present_client,7,7,476.8571472167969,80.0,1024.0,0.9490883350372314,0.050911687314510345,0.015753448009490967,0.9722734093666077,0.027726616710424423,,,0.0
small,dermamnist_224,vit_t,3,0,42,global_client_size_weight,Global client-size weight,reference_prototype,global_client_size,7,7,476.8571472167969,80.0,1024.0,0.9490883350372314,0.050911687314510345,0.015753448009490967,0.9722734093666077,0.027726616710424423,,,0.0
small,dermamnist_224,vit_t,3,0.01,42,full,Full prototype,reference_prototype,support_power,7,7,488.28570556640625,99.0,1024.0,0.9485177397727966,0.05148225650191307,0.01575338840484619,0.972122073173523,0.02787788398563862,0.9999999403953552,0.9999999403953552,0.14285714324969076
small,dermamnist_224,vit_t,3,0.01,42,prototype_head_agg,Classifier-head aggregation,classifier_head_aggregation,support_power,7,7,488.28570556640625,99.0,1024.0,0.053736891597509384,0.9462630748748779,0.4129573106765747,0.331375390291214,0.6686245799064636,-0.027617424726486206,0.6971601247787476,0.14285714324969076
small,dermamnist_224,vit_t,3,0.01,42,global_feature_mean,Global-feature mean,global_feature_mean,support_power,7,7,488.28570556640625,99.0,1024.0,1.0,0.0,0.0,1.0,0.0,1.0,1.0,0.14285714324969076
small,dermamnist_224,vit_t,3,0.01,42,support_only,Support-only synthetic head,support_only_synthetic,support_power,7,7,488.28570556640625,99.0,1024.0,0.03301822021603584,0.9669817686080933,0.8010047674179077,0.14940862357616425,0.8505913019180298,1.0,0.9999999403953552,0.14285714324969076
small,dermamnist_224,vit_t,3,0.01,42,prototype_shuffle,Shuffled-label prototype,reference_prototype_shuffle,support_power,7,7,488.28570556640625,99.0,1024.0,0.9485177397727966,0.05148225650191307,0.01575338840484619,0.9721221327781677,0.02787788398563862,0.9999999403953552,0.9680969715118408,0.14285714324969076
small,dermamnist_224,vit_t,3,0.01,42,uniform_client_weight,Uniform client weight,reference_prototype,uniform_present_client,7,7,488.28570556640625,99.0,1024.0,0.9485177397727966,0.05148225650191307,0.01575338840484619,0.972122073173523,0.02787788398563862,0.9999999403953552,0.9999999403953552,0.14285714324969076
small,dermamnist_224,vit_t,3,0.01,42,global_client_size_weight,Global client-size weight,reference_prototype,global_client_size,7,7,488.28570556640625,99.0,1024.0,0.9485177397727966,0.05148225277662277,0.01575338840484619,0.9721221327781677,0.02787788398563862,0.9999999403953552,0.9999999701976776,0.10657262438938231
small,dermamnist_224,vit_t,3,0.1,42,full,Full prototype,reference_prototype,support_power,7,7,970.7142944335938,99.0,2307.0,0.9484202265739441,0.051579833030700684,0.015753507614135742,0.9720325469970703,0.027967402711510658,0.9999593098958334,0.9999847114086151,0.7142857206215764
small,dermamnist_224,vit_t,3,0.1,42,prototype_head_agg,Classifier-head aggregation,classifier_head_aggregation,support_power,7,7,970.7142944335938,99.0,2307.0,0.021381104364991188,0.9786189198493958,0.7086954116821289,0.16126060485839844,0.8387393951416016,0.02746418139172925,0.646574042737484,0.7142857206215764
small,dermamnist_224,vit_t,3,0.1,42,global_feature_mean,Global-feature mean,global_feature_mean,support_power,7,7,970.7142944335938,99.0,2307.0,1.0000001192092896,-1.1920928955078125e-07,-1.1920928955078125e-07,1.0000001192092896,-1.1920928955078125e-07,1.0000001192092896,1.0000000198682149,0.7142857206215764
small,dermamnist_224,vit_t,3,0.1,42,support_only,Support-only synthetic head,support_only_synthetic,support_power,7,7,970.7142944335938,99.0,2307.0,0.03301822021603584,0.9669817686080933,0.8010047674179077,0.14940862357616425,0.8505913019180298,1.0000000132454767,1.0000000248352687,0.7142857206215764
small,dermamnist_224,vit_t,3,0.1,42,prototype_shuffle,Shuffled-label prototype,reference_prototype_shuffle,support_power,7,7,970.7142944335938,99.0,2307.0,0.9484201073646545,0.051579833030700684,0.015753507614135742,0.9720325469970703,0.027967402711510658,0.9999593098958334,0.9401729355255762,0.7142857206215764
small,dermamnist_224,vit_t,3,0.1,42,uniform_client_weight,Uniform client weight,reference_prototype,uniform_present_client,7,7,970.7142944335938,99.0,2307.0,0.9484202265739441,0.051579833030700684,0.015753507614135742,0.9720325469970703,0.027967402711510658,0.9999593098958334,0.9999847114086151,0.7142857206215764
small,dermamnist_224,vit_t,3,0.1,42,global_client_size_weight,Global client-size weight,reference_prototype,global_client_size,7,7,970.7142944335938,99.0,2307.0,0.9484550952911377,0.05154489353299141,0.015753448009490967,0.9720625281333923,0.027937455102801323,0.9999593098958334,0.9999833752711614,0.563369712528341
small,dermamnist_224,vit_t,5,0,42,full,Full prototype,reference_prototype,support_power,7,7,476.8571472167969,80.0,1024.0,0.9482744932174683,0.05172552540898323,0.015753448009490967,0.9719187021255493,0.028081228956580162,,,0.0
small,dermamnist_224,vit_t,5,0,42,prototype_head_agg,Classifier-head aggregation,classifier_head_aggregation,support_power,7,7,476.8571472167969,80.0,1024.0,0.025083959102630615,0.9749161005020142,0.6758223176002502,0.18724457919597626,0.8127554059028625,,,0.0
small,dermamnist_224,vit_t,5,0,42,global_feature_mean,Global-feature mean,global_feature_mean,support_power,7,7,476.8571472167969,80.0,1024.0,0.9999998807907104,1.7881393432617188e-07,1.7881393432617188e-07,0.9999998807907104,1.7881393432617188e-07,,,0.0
small,dermamnist_224,vit_t,5,0,42,support_only,Support-only synthetic head,support_only_synthetic,support_power,7,7,476.8571472167969,80.0,1024.0,0.03301822021603584,0.9669817686080933,0.8010047674179077,0.14940862357616425,0.8505913019180298,,,0.0
small,dermamnist_224,vit_t,5,0,42,prototype_shuffle,Shuffled-label prototype,reference_prototype_shuffle,support_power,7,7,476.8571472167969,80.0,1024.0,0.9482744336128235,0.051725517958402634,0.015753448009490967,0.9719187617301941,0.028081228956580162,,,0.0
small,dermamnist_224,vit_t,5,0,42,uniform_client_weight,Uniform client weight,reference_prototype,uniform_present_client,7,7,476.8571472167969,80.0,1024.0,0.9482744932174683,0.05172552540898323,0.015753448009490967,0.9719187021255493,0.028081228956580162,,,0.0
small,dermamnist_224,vit_t,5,0,42,global_client_size_weight,Global client-size weight,reference_prototype,global_client_size,7,7,476.8571472167969,80.0,1024.0,0.9482744932174683,0.05172552540898323,0.015753448009490967,0.9719187021255493,0.028081228956580162,,,0.0
small,dermamnist_224,vit_t,5,0.01,42,full,Full prototype,reference_prototype,support_power,7,7,599.5714111328125,99.0,1558.0,0.9483339190483093,0.051666054874658585,0.015753448009490967,0.971859872341156,0.028140101581811905,0.9999999105930328,1.0000000149011612,0.2857142864993815
small,dermamnist_224,vit_t,5,0.01,42,prototype_head_agg,Classifier-head aggregation,classifier_head_aggregation,support_power,7,7,599.5714111328125,99.0,1558.0,0.028094682842493057,0.9719052910804749,0.5313082933425903,0.22995640337467194,0.7700434923171997,0.048241160809993744,0.7223494946956635,0.2857142864993815
small,dermamnist_224,vit_t,5,0.01,42,global_feature_mean,Global-feature mean,global_feature_mean,support_power,7,7,599.5714111328125,99.0,1558.0,1.0,0.0,0.0,1.0,0.0,1.0,1.0000000298023224,0.2857142864993815
small,dermamnist_224,vit_t,5,0.01,42,support_only,Support-only synthetic head,support_only_synthetic,support_power,7,7,599.5714111328125,99.0,1558.0,0.03301822021603584,0.9669817686080933,0.8010047674179077,0.14940862357616425,0.8505913019180298,1.0,1.0000000298023224,0.2857142864993815
small,dermamnist_224,vit_t,5,0.01,42,prototype_shuffle,Shuffled-label prototype,reference_prototype_shuffle,support_power,7,7,599.5714111328125,99.0,1558.0,0.9483339190483093,0.051666051149368286,0.015753448009490967,0.9718599319458008,0.028140101581811905,0.9999999105930328,0.9840484112501144,0.2857142864993815
small,dermamnist_224,vit_t,5,0.01,42,uniform_client_weight,Uniform client weight,reference_prototype,uniform_present_client,7,7,599.5714111328125,99.0,1558.0,0.9483339190483093,0.051666054874658585,0.015753448009490967,0.971859872341156,0.028140101581811905,0.9999999105930328,1.0000000149011612,0.2857142864993815
small,dermamnist_224,vit_t,5,0.01,42,global_client_size_weight,Global client-size weight,reference_prototype,global_client_size,7,7,599.5714111328125,99.0,1558.0,0.9483339190483093,0.051666054874658585,0.015753507614135742,0.9718599319458008,0.02814011089503765,0.9999999105930328,0.9999999701976776,0.16383196615291173
small,dermamnist_224,vit_t,5,0.1,42,full,Full prototype,reference_prototype,support_power,7,7,1631.0,80.0,3895.0,0.9489895105361938,0.051010482013225555,0.01575326919555664,0.9722198843955994,0.02778005599975586,0.9999748048958955,0.9999830216169358,0.8571428639613048
small,dermamnist_224,vit_t,5,0.1,42,prototype_head_agg,Classifier-head aggregation,classifier_head_aggregation,support_power,7,7,1631.0,80.0,3895.0,-0.03598329424858093,1.0359833240509033,0.7933193445205688,0.15827663242816925,0.8417233824729919,0.013723562713022585,0.538578213006258,0.8571428639613048
small,dermamnist_224,vit_t,5,0.1,42,global_feature_mean,Global-feature mean,global_feature_mean,support_power,7,7,1631.0,80.0,3895.0,1.0,-6.811959707420101e-08,-2.384185791015625e-07,1.0000001192092896,-1.5326908453516808e-07,1.0,1.0000001192092896,0.8571428639613048
small,dermamnist_224,vit_t,5,0.1,42,support_only,Support-only synthetic head,support_only_synthetic,support_power,7,7,1631.0,80.0,3895.0,0.033018216490745544,0.9669817686080933,0.8010047674179077,0.14940862357616425,0.8505913019180298,1.0000000022075795,1.00000002682209,0.8571428639613048
small,dermamnist_224,vit_t,5,0.1,42,prototype_shuffle,Shuffled-label prototype,reference_prototype_shuffle,support_power,7,7,1631.0,80.0,3895.0,0.9489895105361938,0.05101048946380615,0.01575326919555664,0.9722199440002441,0.02778005599975586,0.9999748048958955,0.9554023802280426,0.8571428639613048
small,dermamnist_224,vit_t,5,0.1,42,uniform_client_weight,Uniform client weight,reference_prototype,uniform_present_client,7,7,1631.0,80.0,3895.0,0.9489895105361938,0.05101048946380615,0.015753328800201416,0.9722198843955994,0.027780072763562202,0.9999748048958955,0.9999830216169358,0.8571428639613048
small,dermamnist_224,vit_t,5,0.1,42,global_client_size_weight,Global client-size weight,reference_prototype,global_client_size,7,7,1631.0,80.0,3895.0,0.9486572742462158,0.05134276673197746,0.01575338840484619,0.9721537828445435,0.027846207842230797,0.9999748048958955,0.9999741017818451,0.39444338982063853
small,dermamnist_224,vit_t,7,0,42,full,Full prototype,reference_prototype,support_power,7,7,476.8571472167969,80.0,1024.0,0.9485907554626465,0.0514092855155468,0.01575338840484619,0.9720431566238403,0.027956809848546982,,,0.0
small,dermamnist_224,vit_t,7,0,42,prototype_head_agg,Classifier-head aggregation,classifier_head_aggregation,support_power,7,7,476.8571472167969,80.0,1024.0,-0.005323011428117752,1.005323052406311,0.8844670057296753,0.06473171710968018,0.9352682828903198,,,0.0
small,dermamnist_224,vit_t,7,0,42,global_feature_mean,Global-feature mean,global_feature_mean,support_power,7,7,476.8571472167969,80.0,1024.0,1.0,0.0,0.0,1.0,0.0,,,0.0
small,dermamnist_224,vit_t,7,0,42,support_only,Support-only synthetic head,support_only_synthetic,support_power,7,7,476.8571472167969,80.0,1024.0,0.03301822021603584,0.9669817686080933,0.8010047674179077,0.14940862357616425,0.8505913019180298,,,0.0
small,dermamnist_224,vit_t,7,0,42,prototype_shuffle,Shuffled-label prototype,reference_prototype_shuffle,support_power,7,7,476.8571472167969,80.0,1024.0,0.9485906958580017,0.0514092892408371,0.01575338840484619,0.9720432162284851,0.027956809848546982,,,0.0
small,dermamnist_224,vit_t,7,0,42,uniform_client_weight,Uniform client weight,reference_prototype,uniform_present_client,7,7,476.8571472167969,80.0,1024.0,0.9485907554626465,0.0514092855155468,0.01575338840484619,0.9720431566238403,0.027956809848546982,,,0.0
small,dermamnist_224,vit_t,7,0,42,global_client_size_weight,Global client-size weight,reference_prototype,global_client_size,7,7,476.8571472167969,80.0,1024.0,0.9485907554626465,0.0514092855155468,0.01575338840484619,0.9720431566238403,0.027956809848546982,,,0.0
small,dermamnist_224,vit_t,7,0.01,42,full,Full prototype,reference_prototype,support_power,7,7,732.5714111328125,160.0,2048.0,0.9484870433807373,0.05151290073990822,0.015753567218780518,0.9719642996788025,0.02803567424416542,0.9999281525611877,0.9999820172786713,0.7142857162484538
small,dermamnist_224,vit_t,7,0.01,42,prototype_head_agg,Classifier-head aggregation,classifier_head_aggregation,support_power,7,7,732.5714111328125,160.0,2048.0,0.029509196057915688,0.9704907536506653,0.6793120503425598,0.18700562417507172,0.8129944205284119,-0.020863847620785237,0.6964263379573822,0.7142857162484538
small,dermamnist_224,vit_t,7,0.01,42,global_feature_mean,Global-feature mean,global_feature_mean,support_power,7,7,732.5714111328125,160.0,2048.0,1.0,0.0,0.0,1.0,0.0,1.0,1.0000000894069672,0.7142857162484538
small,dermamnist_224,vit_t,7,0.01,42,support_only,Support-only synthetic head,support_only_synthetic,support_power,7,7,732.5714111328125,160.0,2048.0,0.03301822021603584,0.9669817686080933,0.8010047674179077,0.14940865337848663,0.8505913019180298,1.000000011920929,1.0000000238418578,0.7142857162484538
small,dermamnist_224,vit_t,7,0.01,42,prototype_shuffle,Shuffled-label prototype,reference_prototype_shuffle,support_power,7,7,732.5714111328125,160.0,2048.0,0.9484870433807373,0.05151290073990822,0.015753567218780518,0.9719642996788025,0.02803567424416542,0.9999281525611877,0.9301108956336975,0.7142857162484538
small,dermamnist_224,vit_t,7,0.01,42,uniform_client_weight,Uniform client weight,reference_prototype,uniform_present_client,7,7,732.5714111328125,160.0,2048.0,0.9484870433807373,0.051512911915779114,0.015753567218780518,0.9719642996788025,0.028035691007971764,0.9999281525611877,0.9999820113182067,0.7142857162484538
small,dermamnist_224,vit_t,7,0.01,42,global_client_size_weight,Global client-size weight,reference_prototype,global_client_size,7,7,732.5714111328125,160.0,2048.0,0.9483453631401062,0.05165465548634529,0.015753567218780518,0.9718673825263977,0.02813260816037655,0.9999281525611877,0.9999663352966308,0.36566510520907536
small,dermamnist_224,vit_t,7,0.1,42,full,Full prototype,reference_prototype,support_power,7,7,2134.28564453125,198.0,4674.0,0.9487525224685669,0.051247488707304,0.01575338840484619,0.9721031785011292,0.027896778658032417,0.9999389374256134,0.9999736650236721,0.9999999940806431
small,dermamnist_224,vit_t,7,0.1,42,prototype_head_agg,Classifier-head aggregation,classifier_head_aggregation,support_power,7,7,2134.28564453125,198.0,4674.0,0.013122355565428734,0.9868776202201843,0.7606971859931946,0.13671283423900604,0.863287091255188,0.012257733661681414,0.493365491258687,0.9999999940806431
small,dermamnist_224,vit_t,7,0.1,42,global_feature_mean,Global-feature mean,global_feature_mean,support_power,7,7,2134.28564453125,198.0,4674.0,1.0,5.960464477539063e-08,0.0,1.0,2.554484801464696e-08,0.9999999403953552,1.0000000308299888,0.9999999940806431
small,dermamnist_224,vit_t,7,0.1,42,support_only,Support-only synthetic head,support_only_synthetic,support_power,7,7,2134.28564453125,198.0,4674.0,0.03301822021603584,0.9669817686080933,0.8010047674179077,0.14940865337848663,0.8505913019180298,1.0000000131130218,1.000000034940654,0.9999999940806431
small,dermamnist_224,vit_t,7,0.1,42,prototype_shuffle,Shuffled-label prototype,reference_prototype_shuffle,support_power,7,7,2134.28564453125,198.0,4674.0,0.9487526416778564,0.0512474849820137,0.01575338840484619,0.9721032381057739,0.027896778658032417,0.9999389374256134,0.9507923763373802,0.9999999940806431
small,dermamnist_224,vit_t,7,0.1,42,uniform_client_weight,Uniform client weight,reference_prototype,uniform_present_client,7,7,2134.28564453125,198.0,4674.0,0.9487524628639221,0.05124754086136818,0.015753507614135742,0.9721031188964844,0.027896864339709282,0.9999389374256134,0.9999736506363441,1.0000000253742527
small,dermamnist_224,vit_t,7,0.1,42,global_client_size_weight,Global client-size weight,reference_prototype,global_client_size,7,7,2134.28564453125,198.0,4674.0,0.948639452457428,0.05136052146553993,0.015753448009490967,0.9721272587776184,0.02787276729941368,0.9999389374256134,0.9999668947581587,0.6814697205569693
small,organcmnist_224,convnext,3,0,42,full,Full prototype,reference_prototype,support_power,11,11,907.4545288085938,595.0,1024.0,0.7748759984970093,0.22512397170066833,0.006651818752288818,0.9319229125976562,0.06807707995176315,,,0.0
small,organcmnist_224,convnext,3,0,42,prototype_head_agg,Classifier-head aggregation,classifier_head_aggregation,support_power,11,11,907.4545288085938,595.0,1024.0,0.03254281356930733,0.9674571752548218,0.7416062355041504,0.18034276366233826,0.8196572661399841,,,0.0
small,organcmnist_224,convnext,3,0,42,global_feature_mean,Global-feature mean,global_feature_mean,support_power,11,11,907.4545288085938,595.0,1024.0,1.0,0.0,0.0,1.0,0.0,,,0.0
small,organcmnist_224,convnext,3,0,42,support_only,Support-only synthetic head,support_only_synthetic,support_power,11,11,907.4545288085938,595.0,1024.0,0.012117769569158554,0.9878822565078735,0.8904972672462463,0.07490812987089157,0.9250918030738831,,,0.0
small,organcmnist_224,convnext,3,0,42,prototype_shuffle,Shuffled-label prototype,reference_prototype_shuffle,support_power,11,11,907.4545288085938,595.0,1024.0,0.774876058101654,0.22512397170066833,0.006651818752288818,0.9319229125976562,0.06807707995176315,,,0.0
small,organcmnist_224,convnext,3,0,42,uniform_client_weight,Uniform client weight,reference_prototype,uniform_present_client,11,11,907.4545288085938,595.0,1024.0,0.7748759984970093,0.22512397170066833,0.006651818752288818,0.9319229125976562,0.06807707995176315,,,0.0
small,organcmnist_224,convnext,3,0,42,global_client_size_weight,Global client-size weight,reference_prototype,global_client_size,11,11,907.4545288085938,595.0,1024.0,0.7748759984970093,0.22512397170066833,0.006651818752288818,0.9319229125976562,0.06807707995176315,,,0.0
small,organcmnist_224,convnext,3,0.01,42,full,Full prototype,reference_prototype,support_power,11,11,909.4545288085938,595.0,2048.0,0.7735588550567627,0.22644108533859253,0.006651759147644043,0.9314643740653992,0.06853562593460083,0.9998606443405151,0.9999651312828064,0.09090909115889412
small,organcmnist_224,convnext,3,0.01,42,prototype_head_agg,Classifier-head aggregation,classifier_head_aggregation,support_power,11,11,909.4545288085938,595.0,2048.0,0.005452390294522047,0.9945475459098816,0.796882152557373,0.1274862289428711,0.8725137710571289,-0.05685259401798248,0.6793327033519745,0.09090909115889412
small,organcmnist_224,convnext,3,0.01,42,global_feature_mean,Global-feature mean,global_feature_mean,support_power,11,11,909.4545288085938,595.0,2048.0,1.0,0.0,0.0,1.0,0.0,1.0,1.0,0.09090909115889412
small,organcmnist_224,convnext,3,0.01,42,support_only,Support-only synthetic head,support_only_synthetic,support_power,11,11,909.4545288085938,595.0,2048.0,0.012117769569158554,0.9878822565078735,0.8904972672462463,0.07490812987089157,0.9250918030738831,1.0000001192092896,1.0000001192092896,0.09090909115889412
small,organcmnist_224,convnext,3,0.01,42,prototype_shuffle,Shuffled-label prototype,reference_prototype_shuffle,support_power,11,11,909.4545288085938,595.0,2048.0,0.7735589742660522,0.22644108533859253,0.006651759147644043,0.9314643740653992,0.06853562593460083,0.9998606443405151,0.850576251745224,0.09090909115889412
small,organcmnist_224,convnext,3,0.01,42,uniform_client_weight,Uniform client weight,reference_prototype,uniform_present_client,11,11,909.4545288085938,595.0,2048.0,0.7735588550567627,0.22644108533859253,0.006651759147644043,0.9314643740653992,0.06853562593460083,0.9998606443405151,0.9999651312828064,0.09090909115889412
small,organcmnist_224,convnext,3,0.01,42,global_client_size_weight,Global client-size weight,reference_prototype,global_client_size,11,11,909.4545288085938,595.0,2048.0,0.7735536098480225,0.22644640505313873,0.006651759147644043,0.9314651489257812,0.06853490322828293,0.9998606443405151,0.9999650120735168,0.09061107649452176
small,organcmnist_224,convnext,3,0.1,42,full,Full prototype,reference_prototype,support_power,11,11,1117.0909423828125,353.0,1334.0,0.7735158801078796,0.22648409008979797,0.007058620452880859,0.9317770600318909,0.06822284311056137,0.999123086531957,0.9997728098006475,0.9079408186760265
small,organcmnist_224,convnext,3,0.1,42,prototype_head_agg,Classifier-head aggregation,classifier_head_aggregation,support_power,11,11,1117.0909423828125,353.0,1334.0,-0.0090346559882164,1.0090346336364746,0.6801741719245911,0.1924542337656021,0.8075458407402039,-0.012295514112338424,0.6754283223833356,0.9079408186760265
small,organcmnist_224,convnext,3,0.1,42,global_feature_mean,Global-feature mean,global_feature_mean,support_power,11,11,1117.0909423828125,353.0,1334.0,1.0,2.167441559564054e-09,-1.1920928955078125e-07,1.0,-3.2511625391862253e-08,1.0,0.999999980131785,0.9079408186760265
small,organcmnist_224,convnext,3,0.1,42,support_only,Support-only synthetic head,support_only_synthetic,support_power,11,11,1117.0909423828125,353.0,1334.0,0.012117767706513405,0.9878822565078735,0.8904972672462463,0.07490812987089157,0.9250918030738831,1.0000000099341075,1.0000000596046448,0.9079408186760265
small,organcmnist_224,convnext,3,0.1,42,prototype_shuffle,Shuffled-label prototype,reference_prototype_shuffle,support_power,11,11,1117.0909423828125,353.0,1334.0,0.7735158801078796,0.22648410499095917,0.007058620452880859,0.9317770600318909,0.06822284311056137,0.999123086531957,0.8318204539162772,0.9079408186760265
small,organcmnist_224,convnext,3,0.1,42,uniform_client_weight,Uniform client weight,reference_prototype,uniform_present_client,11,11,1117.0909423828125,353.0,1334.0,0.7735549807548523,0.2264450639486313,0.007054150104522705,0.9318112730979919,0.06818865239620209,0.999123086531957,0.9997732383864266,0.9090909129803892
small,organcmnist_224,convnext,3,0.1,42,global_client_size_weight,Global client-size weight,reference_prototype,global_client_size,11,11,1117.0909423828125,353.0,1334.0,0.7739687561988831,0.22603119909763336,0.006910562515258789,0.9321649670600891,0.06783509254455566,0.999123086531957,0.9997448467072987,0.828243874511873
small,organcmnist_224,convnext,5,0,42,full,Full prototype,reference_prototype,support_power,11,11,907.4545288085938,595.0,1024.0,0.7747384905815125,0.22526143491268158,0.006651759147644043,0.9324346780776978,0.06756532192230225,,,0.0
small,organcmnist_224,convnext,5,0,42,prototype_head_agg,Classifier-head aggregation,classifier_head_aggregation,support_power,11,11,907.4545288085938,595.0,1024.0,0.0644427239894867,0.9355573058128357,0.3055148124694824,0.3790334463119507,0.6209664940834045,,,0.0
small,organcmnist_224,convnext,5,0,42,global_feature_mean,Global-feature mean,global_feature_mean,support_power,11,11,907.4545288085938,595.0,1024.0,1.0,0.0,0.0,1.0,0.0,,,0.0
small,organcmnist_224,convnext,5,0,42,support_only,Support-only synthetic head,support_only_synthetic,support_power,11,11,907.4545288085938,595.0,1024.0,0.012117769569158554,0.9878822565078735,0.8904972672462463,0.07490812987089157,0.9250918030738831,,,0.0
small,organcmnist_224,convnext,5,0,42,prototype_shuffle,Shuffled-label prototype,reference_prototype_shuffle,support_power,11,11,907.4545288085938,595.0,1024.0,0.7747384905815125,0.22526143491268158,0.006651759147644043,0.9324346780776978,0.06756532192230225,,,0.0
small,organcmnist_224,convnext,5,0,42,uniform_client_weight,Uniform client weight,reference_prototype,uniform_present_client,11,11,907.4545288085938,595.0,1024.0,0.7747384905815125,0.22526143491268158,0.006651759147644043,0.9324346780776978,0.06756532192230225,,,0.0
small,organcmnist_224,convnext,5,0,42,global_client_size_weight,Global client-size weight,reference_prototype,global_client_size,11,11,907.4545288085938,595.0,1024.0,0.7747384905815125,0.22526143491268158,0.006651759147644043,0.9324346780776978,0.06756532192230225,,,0.0
small,organcmnist_224,convnext,5,0.01,42,full,Full prototype,reference_prototype,support_power,11,11,1333.727294921875,595.0,3066.0,0.774548351764679,0.22545160353183746,0.006651818752288818,0.9321808218955994,0.06781912595033646,0.9999896089235941,0.9999965296851264,0.3636363660270246
small,organcmnist_224,convnext,5,0.01,42,prototype_head_agg,Classifier-head aggregation,classifier_head_aggregation,support_power,11,11,1333.727294921875,595.0,3066.0,0.03306576609611511,0.9669342041015625,0.6356934905052185,0.1900792270898819,0.8099208474159241,-0.019021886711319286,0.6498530507087708,0.3636363660270246
small,organcmnist_224,convnext,5,0.01,42,global_feature_mean,Global-feature mean,global_feature_mean,support_power,11,11,1333.727294921875,595.0,3066.0,1.0,0.0,0.0,1.0,0.0,1.0,1.0000000264909532,0.3636363660270246
small,organcmnist_224,convnext,5,0.01,42,support_only,Support-only synthetic head,support_only_synthetic,support_power,11,11,1333.727294921875,595.0,3066.0,0.012117769569158554,0.9878822565078735,0.8904972672462463,0.07490812987089157,0.9250918030738831,0.9999999900658926,1.00000003973643,0.3636363660270246
small,organcmnist_224,convnext,5,0.01,42,prototype_shuffle,Shuffled-label prototype,reference_prototype_shuffle,support_power,11,11,1333.727294921875,595.0,3066.0,0.7745484113693237,0.22545158863067627,0.006651818752288818,0.9321808218955994,0.06781912595033646,0.9999896089235941,0.7495172884729173,0.3636363660270246
small,organcmnist_224,convnext,5,0.01,42,uniform_client_weight,Uniform client weight,reference_prototype,uniform_present_client,11,11,1333.727294921875,595.0,3066.0,0.774548351764679,0.22545158863067627,0.006651759147644043,0.9321808218955994,0.06781911849975586,0.9999896089235941,0.999996542930603,0.3636363660270246
small,organcmnist_224,convnext,5,0.01,42,global_client_size_weight,Global client-size weight,reference_prototype,global_client_size,11,11,1333.727294921875,595.0,3066.0,0.774534285068512,0.22546572983264923,0.006651759147644043,0.932196855545044,0.06780310720205307,0.9999896089235941,0.9999958144293891,0.3216255135093058
small,organcmnist_224,convnext,5,0.1,42,full,Full prototype,reference_prototype,support_power,11,11,1861.8182373046875,1019.0,2857.0,0.7742529511451721,0.2257470190525055,0.0070056915283203125,0.9320306777954102,0.067969411611557,0.9989895196631551,0.9996184238365718,0.9986988119891868
small,organcmnist_224,convnext,5,0.1,42,prototype_head_agg,Classifier-head aggregation,classifier_head_aggregation,support_power,11,11,1861.8182373046875,1019.0,2857.0,0.029247259721159935,0.9707527160644531,0.7465234994888306,0.17743827402591705,0.8225618600845337,-0.00714287007576786,0.4950511867091769,0.9986988119891868
small,organcmnist_224,convnext,5,0.1,42,global_feature_mean,Global-feature mean,global_feature_mean,support_power,11,11,1861.8182373046875,1019.0,2857.0,1.0,8.886510727279529e-08,-1.1920928955078125e-07,1.0,1.0837208463954084e-08,1.0,0.9999999829701015,0.9986988119891868
small,organcmnist_224,convnext,5,0.1,42,support_only,Support-only synthetic head,support_only_synthetic,support_power,11,11,1861.8182373046875,1019.0,2857.0,0.012117765843868256,0.9878822565078735,0.8904972672462463,0.07490812987089157,0.9250918030738831,1.0000000232830644,1.0000000454130626,0.9986988119891868
small,organcmnist_224,convnext,5,0.1,42,prototype_shuffle,Shuffled-label prototype,reference_prototype_shuffle,support_power,11,11,1861.8182373046875,1019.0,2857.0,0.7742529511451721,0.2257470190525055,0.0070056915283203125,0.9320306181907654,0.067969411611557,0.9989895196631551,0.8296859817845481,0.9986988119891868
small,organcmnist_224,convnext,5,0.1,42,uniform_client_weight,Uniform client weight,reference_prototype,uniform_present_client,11,11,1861.8182373046875,1019.0,2857.0,0.7742390036582947,0.22576098144054413,0.006994962692260742,0.9320394992828369,0.0679604709148407,0.9989895196631551,0.9996188566798255,1.000000011268414
small,organcmnist_224,convnext,5,0.1,42,global_client_size_weight,Global client-size weight,reference_prototype,global_client_size,11,11,1861.8182373046875,1019.0,2857.0,0.7743635177612305,0.22563646733760834,0.006948232650756836,0.9321470856666565,0.06785286962985992,0.9989895196631551,0.9996136057944525,0.9856717806315637
small,organcmnist_224,convnext,7,0,42,full,Full prototype,reference_prototype,support_power,11,11,907.4545288085938,595.0,1024.0,0.774895191192627,0.22510486841201782,0.006651818752288818,0.9323710799217224,0.06762894243001938,,,0.0
small,organcmnist_224,convnext,7,0,42,prototype_head_agg,Classifier-head aggregation,classifier_head_aggregation,support_power,11,11,907.4545288085938,595.0,1024.0,0.04611947759985924,0.9538804292678833,0.447062611579895,0.3102138936519623,0.6897860765457153,,,0.0
small,organcmnist_224,convnext,7,0,42,global_feature_mean,Global-feature mean,global_feature_mean,support_power,11,11,907.4545288085938,595.0,1024.0,1.0000001192092896,-1.1920928955078125e-07,-1.1920928955078125e-07,1.0000001192092896,-1.1920928955078125e-07,,,0.0
small,organcmnist_224,convnext,7,0,42,support_only,Support-only synthetic head,support_only_synthetic,support_power,11,11,907.4545288085938,595.0,1024.0,0.012117769569158554,0.9878822565078735,0.8904972672462463,0.07490812987089157,0.9250918030738831,,,0.0
small,organcmnist_224,convnext,7,0,42,prototype_shuffle,Shuffled-label prototype,reference_prototype_shuffle,support_power,11,11,907.4545288085938,595.0,1024.0,0.7748950719833374,0.22510485351085663,0.006651818752288818,0.9323710799217224,0.06762894243001938,,,0.0
small,organcmnist_224,convnext,7,0,42,uniform_client_weight,Uniform client weight,reference_prototype,uniform_present_client,11,11,907.4545288085938,595.0,1024.0,0.774895191192627,0.22510486841201782,0.006651818752288818,0.9323710799217224,0.06762894243001938,,,0.0
small,organcmnist_224,convnext,7,0,42,global_client_size_weight,Global client-size weight,reference_prototype,global_client_size,11,11,907.4545288085938,595.0,1024.0,0.774895191192627,0.22510486841201782,0.006651818752288818,0.9323710799217224,0.06762894243001938,,,0.0
small,organcmnist_224,convnext,7,0.01,42,full,Full prototype,reference_prototype,support_power,11,11,1444.45458984375,600.0,2048.0,0.7747636437416077,0.22523638606071472,0.006651759147644043,0.9322438836097717,0.06775608658790588,0.9999468326568604,0.9999837004221402,0.5454545483448128
small,organcmnist_224,convnext,7,0.01,42,prototype_head_agg,Classifier-head aggregation,classifier_head_aggregation,support_power,11,11,1444.45458984375,600.0,2048.0,0.047721125185489655,0.9522789120674133,0.7478606104850769,0.19902697205543518,0.8009729981422424,-0.003653543768450618,0.6752249094156119,0.5454545483448128
small,organcmnist_224,convnext,7,0.01,42,global_feature_mean,Global-feature mean,global_feature_mean,support_power,11,11,1444.45458984375,600.0,2048.0,1.0,-7.802789525612752e-08,-1.1920928955078125e-07,1.0000001192092896,-9.753487262287308e-08,1.0000001192092896,1.0000001192092896,0.5454545483448128
small,organcmnist_224,convnext,7,0.01,42,support_only,Support-only synthetic head,support_only_synthetic,support_power,11,11,1444.45458984375,600.0,2048.0,0.012117769569158554,0.9878822565078735,0.8904972672462463,0.07490812987089157,0.9250918030738831,1.0000000074505806,1.0000000320948088,0.5454545483448128
small,organcmnist_224,convnext,7,0.01,42,prototype_shuffle,Shuffled-label prototype,reference_prototype_shuffle,support_power,11,11,1444.45458984375,600.0,2048.0,0.7747635841369629,0.22523638606071472,0.006651759147644043,0.9322438836097717,0.06775608658790588,0.9999468326568604,0.8064217613293574,0.5454545483448128
small,organcmnist_224,convnext,7,0.01,42,uniform_client_weight,Uniform client weight,reference_prototype,uniform_present_client,11,11,1444.45458984375,600.0,2048.0,0.7747636437416077,0.22523640096187592,0.006651759147644043,0.9322438836097717,0.06775610893964767,0.9999468326568604,0.9999836683273315,0.5454545483448128
small,organcmnist_224,convnext,7,0.01,42,global_client_size_weight,Global client-size weight,reference_prototype,global_client_size,11,11,1444.45458984375,600.0,2048.0,0.7747917175292969,0.22520828247070312,0.006651818752288818,0.9322953820228577,0.06770458817481995,0.9999468326568604,0.9999768000382644,0.46902714284848246
small,organcmnist_224,convnext,7,0.1,42,full,Full prototype,reference_prototype,support_power,11,11,2606.54541015625,1241.0,4748.0,0.7734400629997253,0.22655999660491943,0.006809592247009277,0.9312419891357422,0.06875801831483841,0.9994872635689335,0.9997969962829767,0.9979425575756663
small,organcmnist_224,convnext,7,0.1,42,prototype_head_agg,Classifier-head aggregation,classifier_head_aggregation,support_power,11,11,2606.54541015625,1241.0,4748.0,0.03245871514081955,0.9675412774085999,0.7908024191856384,0.14557702839374542,0.854422926902771,0.0002873963473931603,0.49748989107996916,0.9979425575756663
small,organcmnist_224,convnext,7,0.1,42,global_feature_mean,Global-feature mean,global_feature_mean,support_power,11,11,2606.54541015625,1241.0,4748.0,1.0,4.443255363639764e-08,0.0,1.0,1.6255812695931127e-08,1.0,0.9999999695046004,0.9979425575756663
small,organcmnist_224,convnext,7,0.1,42,support_only,Support-only synthetic head,support_only_synthetic,support_power,11,11,2606.54541015625,1241.0,4748.0,0.01211776863783598,0.9878822565078735,0.8904972672462463,0.07490813732147217,0.9250918030738831,1.0000000155490378,1.000000041584636,0.9979425575756663
small,organcmnist_224,convnext,7,0.1,42,prototype_shuffle,Shuffled-label prototype,reference_prototype_shuffle,support_power,11,11,2606.54541015625,1241.0,4748.0,0.7734400033950806,0.22655998170375824,0.006809592247009277,0.9312419891357422,0.06875801831483841,0.9994872635689335,0.8268747745558273,0.9979425575756663
small,organcmnist_224,convnext,7,0.1,42,uniform_client_weight,Uniform client weight,reference_prototype,uniform_present_client,11,11,2606.54541015625,1241.0,4748.0,0.7733625769615173,0.22663743793964386,0.006827235221862793,0.9312160611152649,0.06878387182950974,0.9994872635689335,0.9997974855955257,1.0000000227695538
small,organcmnist_224,convnext,7,0.1,42,global_client_size_weight,Global client-size weight,reference_prototype,global_client_size,11,11,2606.54541015625,1241.0,4748.0,0.7731776833534241,0.2268223613500595,0.006797611713409424,0.9312219619750977,0.06877801567316055,0.9994872635689335,0.9997927491054979,0.9769168428655665
small,organcmnist_224,resnet,3,0,42,full,Full prototype,reference_prototype,support_power,11,11,907.4545288085938,595.0,1024.0,0.8868091702461243,0.11319082230329514,0.0020159482955932617,0.9743961691856384,0.02560380846261978,,,0.0
small,organcmnist_224,resnet,3,0,42,prototype_head_agg,Classifier-head aggregation,classifier_head_aggregation,support_power,11,11,907.4545288085938,595.0,1024.0,-0.026468997821211815,1.0264689922332764,0.8182266354560852,0.11456263810396194,0.8854373693466187,,,0.0
small,organcmnist_224,resnet,3,0,42,global_feature_mean,Global-feature mean,global_feature_mean,support_power,11,11,907.4545288085938,595.0,1024.0,1.0000001192092896,-1.1920928955078125e-07,-1.1920928955078125e-07,1.0000001192092896,-1.1920928955078125e-07,,,0.0
small,organcmnist_224,resnet,3,0,42,support_only,Support-only synthetic head,support_only_synthetic,support_power,11,11,907.4545288085938,595.0,1024.0,0.007495294325053692,0.9925046563148499,0.8611757755279541,0.08319894969463348,0.9168010354042053,,,0.0
small,organcmnist_224,resnet,3,0,42,prototype_shuffle,Shuffled-label prototype,reference_prototype_shuffle,support_power,11,11,907.4545288085938,595.0,1024.0,0.8868091106414795,0.11319082975387573,0.0020159482955932617,0.9743961691856384,0.02560380846261978,,,0.0
small,organcmnist_224,resnet,3,0,42,uniform_client_weight,Uniform client weight,reference_prototype,uniform_present_client,11,11,907.4545288085938,595.0,1024.0,0.8868091702461243,0.11319082230329514,0.0020159482955932617,0.9743961691856384,0.02560380846261978,,,0.0
small,organcmnist_224,resnet,3,0,42,global_client_size_weight,Global client-size weight,reference_prototype,global_client_size,11,11,907.4545288085938,595.0,1024.0,0.8868091702461243,0.11319082230329514,0.0020159482955932617,0.9743961691856384,0.02560380846261978,,,0.0
small,organcmnist_224,resnet,3,0.01,42,full,Full prototype,reference_prototype,support_power,11,11,909.4545288085938,595.0,2048.0,0.886626660823822,0.11337342858314514,0.0020159482955932617,0.9743009209632874,0.025699084624648094,0.9999586343765259,0.9999896585941315,0.09090909115889412
small,organcmnist_224,resnet,3,0.01,42,prototype_head_agg,Classifier-head aggregation,classifier_head_aggregation,support_power,11,11,909.4545288085938,595.0,2048.0,-0.061956919729709625,1.0619568824768066,0.8929979205131531,0.08252917975187302,0.9174707531929016,-0.20551443099975586,0.6301955580711365,0.09090909115889412
small,organcmnist_224,resnet,3,0.01,42,global_feature_mean,Global-feature mean,global_feature_mean,support_power,11,11,909.4545288085938,595.0,2048.0,1.0,0.0,0.0,1.0,0.0,1.0,1.0000000596046448,0.09090909115889412
small,organcmnist_224,resnet,3,0.01,42,support_only,Support-only synthetic head,support_only_synthetic,support_power,11,11,909.4545288085938,595.0,2048.0,0.007495294325053692,0.9925046563148499,0.8611757755279541,0.08319894969463348,0.9168010354042053,1.000000238418579,1.0000001192092896,0.09090909115889412
small,organcmnist_224,resnet,3,0.01,42,prototype_shuffle,Shuffled-label prototype,reference_prototype_shuffle,support_power,11,11,909.4545288085938,595.0,2048.0,0.8866266012191772,0.11337342113256454,0.0020159482955932617,0.9743009209632874,0.025699084624648094,0.9999586343765259,0.9252306222915649,0.09090909115889412
small,organcmnist_224,resnet,3,0.01,42,uniform_client_weight,Uniform client weight,reference_prototype,uniform_present_client,11,11,909.4545288085938,595.0,2048.0,0.886626660823822,0.11337342858314514,0.0020159482955932617,0.9743009209632874,0.025699084624648094,0.9999586343765259,0.9999896585941315,0.09090909115889412
small,organcmnist_224,resnet,3,0.01,42,global_client_size_weight,Global client-size weight,reference_prototype,global_client_size,11,11,909.4545288085938,595.0,2048.0,0.8866226077079773,0.1133773997426033,0.0020159482955932617,0.9742979407310486,0.02570195123553276,0.9999586343765259,0.9999895989894867,0.09061107649452176
small,organcmnist_224,resnet,3,0.1,42,full,Full prototype,reference_prototype,support_power,11,11,1117.0909423828125,353.0,1334.0,0.8869146704673767,0.11308534443378448,0.0019224286079406738,0.9745632410049438,0.025436747819185257,0.9997350871562958,0.9999317697116307,0.9079408186760265
small,organcmnist_224,resnet,3,0.1,42,prototype_head_agg,Classifier-head aggregation,classifier_head_aggregation,support_power,11,11,1117.0909423828125,353.0,1334.0,-0.011714678257703781,1.0117146968841553,0.7296205759048462,0.18629269301891327,0.813707172870636,0.061282893953224025,0.7063245134694236,0.9079408186760265
small,organcmnist_224,resnet,3,0.1,42,global_feature_mean,Global-feature mean,global_feature_mean,support_power,11,11,1117.0909423828125,353.0,1334.0,1.0,2.3841858265427618e-08,0.0,1.0,0.0,1.0,1.000000107856024,0.9079408186760265
small,organcmnist_224,resnet,3,0.1,42,support_only,Support-only synthetic head,support_only_synthetic,support_power,11,11,1117.0909423828125,353.0,1334.0,0.007495293393731117,0.9925046563148499,0.8611757755279541,0.08319893479347229,0.9168010354042053,1.0000000645716984,1.0000000510896956,0.9079408186760265
small,organcmnist_224,resnet,3,0.1,42,prototype_shuffle,Shuffled-label prototype,reference_prototype_shuffle,support_power,11,11,1117.0909423828125,353.0,1334.0,0.8869146704673767,0.11308534443378448,0.0019224286079406738,0.9745632410049438,0.025436747819185257,0.9997350871562958,0.9342719486781529,0.9079408186760265
small,organcmnist_224,resnet,3,0.1,42,uniform_client_weight,Uniform client weight,reference_prototype,uniform_present_client,11,11,1117.0909423828125,353.0,1334.0,0.8869035243988037,0.11309651285409927,0.001922011375427246,0.9745655059814453,0.02543441206216812,0.9997350871562958,0.9999319002741859,0.9090909129803892
small,organcmnist_224,resnet,3,0.1,42,global_client_size_weight,Global client-size weight,reference_prototype,global_client_size,11,11,1117.0909423828125,353.0,1334.0,0.8869131207466125,0.11308686435222626,0.0019198060035705566,0.9745683670043945,0.025431595742702484,0.9997350871562958,0.9999227098056248,0.828243874511873
small,organcmnist_224,resnet,5,0,42,full,Full prototype,reference_prototype,support_power,11,11,907.4545288085938,595.0,1024.0,0.8868555426597595,0.11314444243907928,0.002015829086303711,0.9743953943252563,0.025604642927646637,,,0.0
small,organcmnist_224,resnet,5,0,42,prototype_head_agg,Classifier-head aggregation,classifier_head_aggregation,support_power,11,11,907.4545288085938,595.0,1024.0,0.14815069735050201,0.8518491983413696,0.6514948606491089,0.2564047574996948,0.7435951828956604,,,0.0
small,organcmnist_224,resnet,5,0,42,global_feature_mean,Global-feature mean,global_feature_mean,support_power,11,11,907.4545288085938,595.0,1024.0,0.9999999403953552,1.1920928955078125e-07,1.1920928955078125e-07,0.9999999403953552,1.1920928955078125e-07,,,0.0
small,organcmnist_224,resnet,5,0,42,support_only,Support-only synthetic head,support_only_synthetic,support_power,11,11,907.4545288085938,595.0,1024.0,0.007495294325053692,0.9925046563148499,0.8611757755279541,0.08319894969463348,0.9168010354042053,,,0.0
small,organcmnist_224,resnet,5,0,42,prototype_shuffle,Shuffled-label prototype,reference_prototype_shuffle,support_power,11,11,907.4545288085938,595.0,1024.0,0.8868556618690491,0.11314444243907928,0.002015829086303711,0.9743953347206116,0.025604642927646637,,,0.0
small,organcmnist_224,resnet,5,0,42,uniform_client_weight,Uniform client weight,reference_prototype,uniform_present_client,11,11,907.4545288085938,595.0,1024.0,0.8868555426597595,0.11314444243907928,0.002015829086303711,0.9743953943252563,0.025604642927646637,,,0.0
small,organcmnist_224,resnet,5,0,42,global_client_size_weight,Global client-size weight,reference_prototype,global_client_size,11,11,907.4545288085938,595.0,1024.0,0.8868555426597595,0.11314444243907928,0.002015829086303711,0.9743953943252563,0.025604642927646637,,,0.0
small,organcmnist_224,resnet,5,0.01,42,full,Full prototype,reference_prototype,support_power,11,11,1333.727294921875,595.0,3066.0,0.8862269520759583,0.11377298086881638,0.002016007900238037,0.9744067788124084,0.025593329221010208,0.9999969800313314,0.9999990595711602,0.3636363660270246
small,organcmnist_224,resnet,5,0.01,42,prototype_head_agg,Classifier-head aggregation,classifier_head_aggregation,support_power,11,11,1333.727294921875,595.0,3066.0,-0.0012568788370117545,1.0012569427490234,0.6521419286727905,0.16788128018379211,0.832118809223175,-0.10349574064215024,0.6133043600453271,0.3636363660270246
small,organcmnist_224,resnet,5,0.01,42,global_feature_mean,Global-feature mean,global_feature_mean,support_power,11,11,1333.727294921875,595.0,3066.0,0.9999999403953552,7.044184968663103e-08,5.960464477539063e-08,0.9999999403953552,6.502325078372451e-08,0.9999999403953552,0.9999999536408318,0.3636363660270246
small,organcmnist_224,resnet,5,0.01,42,support_only,Support-only synthetic head,support_only_synthetic,support_power,11,11,1333.727294921875,595.0,3066.0,0.0074952938593924046,0.9925046563148499,0.8611757755279541,0.08319893479347229,0.9168010354042053,1.0000000695387523,0.9999999867545234,0.3636363660270246
small,organcmnist_224,resnet,5,0.01,42,prototype_shuffle,Shuffled-label prototype,reference_prototype_shuffle,support_power,11,11,1333.727294921875,595.0,3066.0,0.8862270712852478,0.11377298831939697,0.002016007900238037,0.9744066596031189,0.025593329221010208,0.9999969800313314,0.8753349184989929,0.3636363660270246
small,organcmnist_224,resnet,5,0.01,42,uniform_client_weight,Uniform client weight,reference_prototype,uniform_present_client,11,11,1333.727294921875,595.0,3066.0,0.8862269520759583,0.11377299576997757,0.002016007900238037,0.9744066596031189,0.025593351572752,0.9999969800313314,0.9999990463256836,0.3636363660270246
small,organcmnist_224,resnet,5,0.01,42,global_client_size_weight,Global client-size weight,reference_prototype,global_client_size,11,11,1333.727294921875,595.0,3066.0,0.8862151503562927,0.11378484219312668,0.002016007900238037,0.9743995070457458,0.025600606575608253,0.9999969800313314,0.9999987880388895,0.3216255135093058
small,organcmnist_224,resnet,5,0.1,42,full,Full prototype,reference_prototype,support_power,11,11,1861.8182373046875,1019.0,2857.0,0.8864744305610657,0.11352559179067612,0.0020946264266967773,0.9742677211761475,0.0257322508841753,0.9996659094467759,0.9998768511272612,0.9986988119891868
small,organcmnist_224,resnet,5,0.1,42,prototype_head_agg,Classifier-head aggregation,classifier_head_aggregation,support_power,11,11,1861.8182373046875,1019.0,2857.0,0.10762232542037964,0.8923776745796204,0.5557393431663513,0.28651344776153564,0.7134865522384644,0.11402307040407322,0.5767658264154479,0.9986988119891868
small,organcmnist_224,resnet,5,0.1,42,global_feature_mean,Global-feature mean,global_feature_mean,support_power,11,11,1861.8182373046875,1019.0,2857.0,1.0,-8.12790617032988e-08,-2.384185791015625e-07,1.0000001192092896,-1.5172091138992982e-07,1.0000001192092896,1.0000001007602328,0.9986988119891868
small,organcmnist_224,resnet,5,0.1,42,support_only,Support-only synthetic head,support_only_synthetic,support_power,11,11,1861.8182373046875,1019.0,2857.0,0.00749529292806983,0.9925046563148499,0.8611757755279541,0.08319893479347229,0.9168010354042053,1.0000001024454832,1.000000073796227,0.9986988119891868
small,organcmnist_224,resnet,5,0.1,42,prototype_shuffle,Shuffled-label prototype,reference_prototype_shuffle,support_power,11,11,1861.8182373046875,1019.0,2857.0,0.8864744305610657,0.11352559179067612,0.0020946264266967773,0.9742677211761475,0.0257322508841753,0.9996659094467759,0.9175162187644413,0.9986988119891868
small,organcmnist_224,resnet,5,0.1,42,uniform_client_weight,Uniform client weight,reference_prototype,uniform_present_client,11,11,1861.8182373046875,1019.0,2857.0,0.8864433765411377,0.11355658620595932,0.0021024346351623535,0.9742459654808044,0.025754040107131004,0.9996659094467759,0.9998770114921388,1.000000011268414
small,organcmnist_224,resnet,5,0.1,42,global_client_size_weight,Global client-size weight,reference_prototype,global_client_size,11,11,1861.8182373046875,1019.0,2857.0,0.8864940404891968,0.11350595951080322,0.0021347403526306152,0.9742661118507385,0.02573389932513237,0.9996659094467759,0.9998754688671657,0.9856717806315637
small,organcmnist_224,resnet,7,0,42,full,Full prototype,reference_prototype,support_power,11,11,907.4545288085938,595.0,1024.0,0.8867787718772888,0.11322121322154999,0.002016007900238037,0.9744769930839539,0.02552303858101368,,,0.0
small,organcmnist_224,resnet,7,0,42,prototype_head_agg,Classifier-head aggregation,classifier_head_aggregation,support_power,11,11,907.4545288085938,595.0,1024.0,0.1498987227678299,0.8501012921333313,0.6830576658248901,0.24322980642318726,0.7567701935768127,,,0.0
small,organcmnist_224,resnet,7,0,42,global_feature_mean,Global-feature mean,global_feature_mean,support_power,11,11,907.4545288085938,595.0,1024.0,1.0,0.0,0.0,1.0,0.0,,,0.0
small,organcmnist_224,resnet,7,0,42,support_only,Support-only synthetic head,support_only_synthetic,support_power,11,11,907.4545288085938,595.0,1024.0,0.007495294325053692,0.9925046563148499,0.8611757755279541,0.08319894969463348,0.9168010354042053,,,0.0
small,organcmnist_224,resnet,7,0,42,prototype_shuffle,Shuffled-label prototype,reference_prototype_shuffle,support_power,11,11,907.4545288085938,595.0,1024.0,0.8867788314819336,0.11322120577096939,0.002016007900238037,0.9744769930839539,0.02552303858101368,,,0.0
small,organcmnist_224,resnet,7,0,42,uniform_client_weight,Uniform client weight,reference_prototype,uniform_present_client,11,11,907.4545288085938,595.0,1024.0,0.8867787718772888,0.11322121322154999,0.002016007900238037,0.9744769930839539,0.02552303858101368,,,0.0
small,organcmnist_224,resnet,7,0,42,global_client_size_weight,Global client-size weight,reference_prototype,global_client_size,11,11,907.4545288085938,595.0,1024.0,0.8867787718772888,0.11322121322154999,0.002016007900238037,0.9744769930839539,0.02552303858101368,,,0.0
small,organcmnist_224,resnet,7,0.01,42,full,Full prototype,reference_prototype,support_power,11,11,1444.45458984375,600.0,2048.0,0.8868248462677002,0.11317510902881622,0.0020159482955932617,0.9744756817817688,0.025524361059069633,0.9999833405017853,0.9999948556606586,0.5454545483448128
small,organcmnist_224,resnet,7,0.01,42,prototype_head_agg,Classifier-head aggregation,classifier_head_aggregation,support_power,11,11,1444.45458984375,600.0,2048.0,-0.0001787678775144741,1.0001786947250366,0.5766815543174744,0.2544020116329193,0.7455980181694031,-0.0014721889747306705,0.6708532938590417,0.5454545483448128
small,organcmnist_224,resnet,7,0.01,42,global_feature_mean,Global-feature mean,global_feature_mean,support_power,11,11,1444.45458984375,600.0,2048.0,1.0000001192092896,-1.1920928955078125e-07,-1.1920928955078125e-07,1.0000001192092896,-1.1920928955078125e-07,1.0000001192092896,1.0000001742289617,0.5454545483448128
small,organcmnist_224,resnet,7,0.01,42,support_only,Support-only synthetic head,support_only_synthetic,support_power,11,11,1444.45458984375,600.0,2048.0,0.007495294790714979,0.9925046563148499,0.8611757755279541,0.08319893479347229,0.9168010354042053,1.0000001266598701,1.0000000458497267,0.5454545483448128
small,organcmnist_224,resnet,7,0.01,42,prototype_shuffle,Shuffled-label prototype,reference_prototype_shuffle,support_power,11,11,1444.45458984375,600.0,2048.0,0.8868248462677002,0.11317511647939682,0.0020159482955932617,0.9744756817817688,0.025524361059069633,0.9999833405017853,0.8908376602026132,0.5454545483448128
small,organcmnist_224,resnet,7,0.01,42,uniform_client_weight,Uniform client weight,reference_prototype,uniform_present_client,11,11,1444.45458984375,600.0,2048.0,0.8868248462677002,0.11317510902881622,0.0020159482955932617,0.9744756817817688,0.025524355471134186,0.9999833405017853,0.9999948556606586,0.5454545483448128
small,organcmnist_224,resnet,7,0.01,42,global_client_size_weight,Global client-size weight,reference_prototype,global_client_size,11,11,1444.45458984375,600.0,2048.0,0.8868886828422546,0.11311136931180954,0.002015829086303711,0.974552571773529,0.025447385385632515,0.9999833405017853,0.9999926273639386,0.46902714284848246
small,organcmnist_224,resnet,7,0.1,42,full,Full prototype,reference_prototype,support_power,11,11,2606.54541015625,1241.0,4748.0,0.8860584497451782,0.11394152790307999,0.0021820664405822754,0.974494993686676,0.025504952296614647,0.9998518409936324,0.9999420545821966,0.9979425575756663
small,organcmnist_224,resnet,7,0.1,42,prototype_head_agg,Classifier-head aggregation,classifier_head_aggregation,support_power,11,11,2606.54541015625,1241.0,4748.0,0.051590319722890854,0.9484096169471741,0.5348052978515625,0.2930392026901245,0.7069607973098755,0.0760135889944175,0.5445062570966953,0.9979425575756663
small,organcmnist_224,resnet,7,0.1,42,global_feature_mean,Global-feature mean,global_feature_mean,support_power,11,11,2606.54541015625,1241.0,4748.0,1.0,5.418604231977042e-08,-1.1920928955078125e-07,1.0,-1.6255812695931127e-08,1.0,0.9999999459399733,0.9979425575756663
small,organcmnist_224,resnet,7,0.1,42,support_only,Support-only synthetic head,support_only_synthetic,support_power,11,11,2606.54541015625,1241.0,4748.0,0.00749529292806983,0.9925046563148499,0.8611757755279541,0.0831989273428917,0.9168010354042053,1.0000000855197078,1.0000000637631083,0.9979425575756663
small,organcmnist_224,resnet,7,0.1,42,prototype_shuffle,Shuffled-label prototype,reference_prototype_shuffle,support_power,11,11,2606.54541015625,1241.0,4748.0,0.8860584497451782,0.11394152790307999,0.0021820664405822754,0.9744951128959656,0.025504952296614647,0.9998518409936324,0.9159556474796561,0.9979425575756663
small,organcmnist_224,resnet,7,0.1,42,uniform_client_weight,Uniform client weight,reference_prototype,uniform_present_client,11,11,2606.54541015625,1241.0,4748.0,0.8860277533531189,0.11397231370210648,0.0021965503692626953,0.974485456943512,0.02551453188061714,0.9998518409936324,0.9999422070591949,1.0000000227695538
small,organcmnist_224,resnet,7,0.1,42,global_client_size_weight,Global client-size weight,reference_prototype,global_client_size,11,11,2606.54541015625,1241.0,4748.0,0.8859498500823975,0.11405015736818314,0.0022416114807128906,0.9744722247123718,0.025527846068143845,0.9998518409936324,0.9999407959538836,0.9769168428655665
small,organcmnist_224,swin_tiny,3,0,42,full,Full prototype,reference_prototype,support_power,11,11,907.4545288085938,595.0,1024.0,0.7437239289283752,0.25627610087394714,0.012117266654968262,0.9248138070106506,0.0751861110329628,,,0.0
small,organcmnist_224,swin_tiny,3,0,42,prototype_head_agg,Classifier-head aggregation,classifier_head_aggregation,support_power,11,11,907.4545288085938,595.0,1024.0,0.05463174730539322,0.9453682899475098,0.29407262802124023,0.35444456338882446,0.6455554366111755,,,0.0
small,organcmnist_224,swin_tiny,3,0,42,global_feature_mean,Global-feature mean,global_feature_mean,support_power,11,11,907.4545288085938,595.0,1024.0,1.0,0.0,0.0,1.0,0.0,,,0.0
small,organcmnist_224,swin_tiny,3,0,42,support_only,Support-only synthetic head,support_only_synthetic,support_power,11,11,907.4545288085938,595.0,1024.0,0.012117769569158554,0.9878822565078735,0.8904972672462463,0.07490812987089157,0.9250918030738831,,,0.0
small,organcmnist_224,swin_tiny,3,0,42,prototype_shuffle,Shuffled-label prototype,reference_prototype_shuffle,support_power,11,11,907.4545288085938,595.0,1024.0,0.7437238097190857,0.25627610087394714,0.012117266654968262,0.9248138666152954,0.0751861110329628,,,0.0
small,organcmnist_224,swin_tiny,3,0,42,uniform_client_weight,Uniform client weight,reference_prototype,uniform_present_client,11,11,907.4545288085938,595.0,1024.0,0.7437239289283752,0.25627610087394714,0.012117266654968262,0.9248138070106506,0.0751861110329628,,,0.0
small,organcmnist_224,swin_tiny,3,0,42,global_client_size_weight,Global client-size weight,reference_prototype,global_client_size,11,11,907.4545288085938,595.0,1024.0,0.7437239289283752,0.25627610087394714,0.012117266654968262,0.9248138070106506,0.0751861110329628,,,0.0
small,organcmnist_224,swin_tiny,3,0.01,42,full,Full prototype,reference_prototype,support_power,11,11,909.4545288085938,595.0,2048.0,0.7428754568099976,0.25712457299232483,0.012117266654968262,0.924635112285614,0.0753648579120636,0.9998690485954285,0.9999671578407288,0.09090909115889412
small,organcmnist_224,swin_tiny,3,0.01,42,prototype_head_agg,Classifier-head aggregation,classifier_head_aggregation,support_power,11,11,909.4545288085938,595.0,2048.0,0.04026637226343155,0.9597336649894714,0.07893890142440796,0.3940868079662323,0.6059132218360901,-0.020531881600618362,0.6991839706897736,0.09090909115889412
small,organcmnist_224,swin_tiny,3,0.01,42,global_feature_mean,Global-feature mean,global_feature_mean,support_power,11,11,909.4545288085938,595.0,2048.0,0.9999999403953552,5.960464477539063e-08,5.960464477539063e-08,0.9999999403953552,5.960464477539063e-08,0.9999999403953552,0.9999999403953552,0.09090909115889412
small,organcmnist_224,swin_tiny,3,0.01,42,support_only,Support-only synthetic head,support_only_synthetic,support_power,11,11,909.4545288085938,595.0,2048.0,0.012117769569158554,0.9878822565078735,0.8904972672462463,0.07490812987089157,0.9250918030738831,1.0000001192092896,1.0000001192092896,0.09090909115889412
small,organcmnist_224,swin_tiny,3,0.01,42,prototype_shuffle,Shuffled-label prototype,reference_prototype_shuffle,support_power,11,11,909.4545288085938,595.0,2048.0,0.7428753972053528,0.25712454319000244,0.012117266654968262,0.9246351718902588,0.0753648579120636,0.9998690485954285,0.81158646941185,0.09090909115889412
small,organcmnist_224,swin_tiny,3,0.01,42,uniform_client_weight,Uniform client weight,reference_prototype,uniform_present_client,11,11,909.4545288085938,595.0,2048.0,0.7428754568099976,0.25712457299232483,0.012117266654968262,0.924635112285614,0.0753648579120636,0.9998690485954285,0.9999671578407288,0.09090909115889412
small,organcmnist_224,swin_tiny,3,0.01,42,global_client_size_weight,Global client-size weight,reference_prototype,global_client_size,11,11,909.4545288085938,595.0,2048.0,0.7428640723228455,0.25713586807250977,0.012117266654968262,0.9246312975883484,0.07536867260932922,0.9998690485954285,0.9999670386314392,0.09061107649452176
small,organcmnist_224,swin_tiny,3,0.1,42,full,Full prototype,reference_prototype,support_power,11,11,1117.0909423828125,353.0,1334.0,0.7439354658126831,0.2560645341873169,0.012277603149414062,0.924926221370697,0.07507377862930298,0.999149481455485,0.9997779187701997,0.9079408186760265
small,organcmnist_224,swin_tiny,3,0.1,42,prototype_head_agg,Classifier-head aggregation,classifier_head_aggregation,support_power,11,11,1117.0909423828125,353.0,1334.0,-0.0045359935611486435,1.0045360326766968,0.5017747282981873,0.296856552362442,0.7031434178352356,0.0017843400904287894,0.679620365301768,0.9079408186760265
small,organcmnist_224,swin_tiny,3,0.1,42,global_feature_mean,Global-feature mean,global_feature_mean,support_power,11,11,1117.0909423828125,353.0,1334.0,0.9999999403953552,1.1162324398128476e-07,0.0,1.0,6.502325078372451e-08,0.9999998807907104,0.9999998978206089,0.9079408186760265
small,organcmnist_224,swin_tiny,3,0.1,42,support_only,Support-only synthetic head,support_only_synthetic,support_power,11,11,1117.0909423828125,353.0,1334.0,0.012117767706513405,0.9878822565078735,0.8904972672462463,0.07490812987089157,0.9250918030738831,1.0000000099341075,1.0000000596046448,0.9079408186760265
small,organcmnist_224,swin_tiny,3,0.1,42,prototype_shuffle,Shuffled-label prototype,reference_prototype_shuffle,support_power,11,11,1117.0909423828125,353.0,1334.0,0.7439354658126831,0.2560645043849945,0.012277603149414062,0.924926221370697,0.07507377862930298,0.999149481455485,0.8230680113747006,0.9079408186760265
small,organcmnist_224,swin_tiny,3,0.1,42,uniform_client_weight,Uniform client weight,reference_prototype,uniform_present_client,11,11,1117.0909423828125,353.0,1334.0,0.7439071536064148,0.2560928761959076,0.012271583080291748,0.9249511957168579,0.07504879683256149,0.999149481455485,0.9997782650448027,0.9090909129803892
small,organcmnist_224,swin_tiny,3,0.1,42,global_client_size_weight,Global client-size weight,reference_prototype,global_client_size,11,11,1117.0909423828125,353.0,1334.0,0.743863582611084,0.25613638758659363,0.012085437774658203,0.9251668453216553,0.07483312487602234,0.999149481455485,0.9997485450335911,0.828243874511873
small,organcmnist_224,swin_tiny,5,0,42,full,Full prototype,reference_prototype,support_power,11,11,907.4545288085938,595.0,1024.0,0.7435343861579895,0.2564656138420105,0.012117207050323486,0.9250564575195312,0.07494352012872696,,,0.0
small,organcmnist_224,swin_tiny,5,0,42,prototype_head_agg,Classifier-head aggregation,classifier_head_aggregation,support_power,11,11,907.4545288085938,595.0,1024.0,0.05514491721987724,0.9448550343513489,0.36753106117248535,0.3379993140697479,0.6620006561279297,,,0.0
small,organcmnist_224,swin_tiny,5,0,42,global_feature_mean,Global-feature mean,global_feature_mean,support_power,11,11,907.4545288085938,595.0,1024.0,1.0,0.0,0.0,1.0,0.0,,,0.0
small,organcmnist_224,swin_tiny,5,0,42,support_only,Support-only synthetic head,support_only_synthetic,support_power,11,11,907.4545288085938,595.0,1024.0,0.012117769569158554,0.9878822565078735,0.8904972672462463,0.07490812987089157,0.9250918030738831,,,0.0
small,organcmnist_224,swin_tiny,5,0,42,prototype_shuffle,Shuffled-label prototype,reference_prototype_shuffle,support_power,11,11,907.4545288085938,595.0,1024.0,0.7435344457626343,0.2564656138420105,0.012117207050323486,0.9250564575195312,0.07494352012872696,,,0.0
small,organcmnist_224,swin_tiny,5,0,42,uniform_client_weight,Uniform client weight,reference_prototype,uniform_present_client,11,11,907.4545288085938,595.0,1024.0,0.7435343861579895,0.2564656138420105,0.012117207050323486,0.9250564575195312,0.07494352012872696,,,0.0
small,organcmnist_224,swin_tiny,5,0,42,global_client_size_weight,Global client-size weight,reference_prototype,global_client_size,11,11,907.4545288085938,595.0,1024.0,0.7435343861579895,0.2564656138420105,0.012117207050323486,0.9250564575195312,0.07494352012872696,,,0.0
small,organcmnist_224,swin_tiny,5,0.01,42,full,Full prototype,reference_prototype,support_power,11,11,1333.727294921875,595.0,3066.0,0.7432180643081665,0.2567818760871887,0.012117326259613037,0.924944281578064,0.0750558003783226,0.9999905029932658,0.9999968409538269,0.3636363660270246
small,organcmnist_224,swin_tiny,5,0.01,42,prototype_head_agg,Classifier-head aggregation,classifier_head_aggregation,support_power,11,11,1333.727294921875,595.0,3066.0,0.048570416867733,0.9514296054840088,0.5401882529258728,0.2757927179336548,0.72420734167099,0.010136321807901064,0.6672162148687575,0.3636363660270246
small,organcmnist_224,swin_tiny,5,0.01,42,global_feature_mean,Global-feature mean,global_feature_mean,support_power,11,11,1333.727294921875,595.0,3066.0,1.0,0.0,0.0,1.0,0.0,1.0,1.0000000529819064,0.3636363660270246
small,organcmnist_224,swin_tiny,5,0.01,42,support_only,Support-only synthetic head,support_only_synthetic,support_power,11,11,1333.727294921875,595.0,3066.0,0.012117769569158554,0.9878822565078735,0.8904972672462463,0.07490812987089157,0.9250918030738831,0.9999999900658926,1.00000003973643,0.3636363660270246
small,organcmnist_224,swin_tiny,5,0.01,42,prototype_shuffle,Shuffled-label prototype,reference_prototype_shuffle,support_power,11,11,1333.727294921875,595.0,3066.0,0.743218183517456,0.2567819058895111,0.012117326259613037,0.9249441623687744,0.0750558003783226,0.9999905029932658,0.724229653676351,0.3636363660270246
small,organcmnist_224,swin_tiny,5,0.01,42,uniform_client_weight,Uniform client weight,reference_prototype,uniform_present_client,11,11,1333.727294921875,595.0,3066.0,0.7432180643081665,0.2567818760871887,0.012117326259613037,0.924944281578064,0.0750558003783226,0.9999905029932658,0.9999967813491821,0.3636363660270246
small,organcmnist_224,swin_tiny,5,0.01,42,global_client_size_weight,Global client-size weight,reference_prototype,global_client_size,11,11,1333.727294921875,595.0,3066.0,0.7432007789611816,0.25679922103881836,0.012117266654968262,0.9249517917633057,0.07504818588495255,0.9999905029932658,0.9999961919254727,0.3216255135093058
small,organcmnist_224,swin_tiny,5,0.1,42,full,Full prototype,reference_prototype,support_power,11,11,1861.8182373046875,1019.0,2857.0,0.7425062656402588,0.2574937343597412,0.012510836124420166,0.9248600602149963,0.07513996958732605,0.998934899456799,0.9996055137543451,0.9986988119891868
small,organcmnist_224,swin_tiny,5,0.1,42,prototype_head_agg,Classifier-head aggregation,classifier_head_aggregation,support_power,11,11,1861.8182373046875,1019.0,2857.0,0.039638351649045944,0.9603615999221802,0.7150713205337524,0.24608010053634644,0.7539199590682983,-0.006740619930496905,0.4945932076800437,0.9986988119891868
small,organcmnist_224,swin_tiny,5,0.1,42,global_feature_mean,Global-feature mean,global_feature_mean,support_power,11,11,1861.8182373046875,1019.0,2857.0,1.0,1.083720779782027e-09,0.0,1.0,0.0,1.0,1.0000000709579104,0.9986988119891868
small,organcmnist_224,swin_tiny,5,0.1,42,support_only,Support-only synthetic head,support_only_synthetic,support_power,11,11,1861.8182373046875,1019.0,2857.0,0.012117765843868256,0.9878822565078735,0.8904972672462463,0.07490812987089157,0.9250918030738831,1.0000000232830644,1.0000000454130626,0.9986988119891868
small,organcmnist_224,swin_tiny,5,0.1,42,prototype_shuffle,Shuffled-label prototype,reference_prototype_shuffle,support_power,11,11,1861.8182373046875,1019.0,2857.0,0.7425062656402588,0.2574937343597412,0.012510836124420166,0.9248600006103516,0.07513996958732605,0.998934899456799,0.805235124769665,0.9986988119891868
small,organcmnist_224,swin_tiny,5,0.1,42,uniform_client_weight,Uniform client weight,reference_prototype,uniform_present_client,11,11,1861.8182373046875,1019.0,2857.0,0.7424743175506592,0.2575257122516632,0.01251232624053955,0.9248228073120117,0.07517731189727783,0.998934899456799,0.9996060104597182,1.000000011268414
small,organcmnist_224,swin_tiny,5,0.1,42,global_client_size_weight,Global client-size weight,reference_prototype,global_client_size,11,11,1861.8182373046875,1019.0,2857.0,0.7427313923835754,0.25726860761642456,0.01263439655303955,0.9248571395874023,0.07514286786317825,0.998934899456799,0.9996008220173064,0.9856717806315637
small,organcmnist_224,swin_tiny,7,0,42,full,Full prototype,reference_prototype,support_power,11,11,907.4545288085938,595.0,1024.0,0.7436628937721252,0.25633716583251953,0.012117266654968262,0.9249587655067444,0.07504115998744965,,,0.0
small,organcmnist_224,swin_tiny,7,0,42,prototype_head_agg,Classifier-head aggregation,classifier_head_aggregation,support_power,11,11,907.4545288085938,595.0,1024.0,0.027599480003118515,0.9724006056785583,0.6912196278572083,0.18701130151748657,0.8129886984825134,,,0.0
small,organcmnist_224,swin_tiny,7,0,42,global_feature_mean,Global-feature mean,global_feature_mean,support_power,11,11,907.4545288085938,595.0,1024.0,0.9999998807907104,2.384185791015625e-07,2.384185791015625e-07,0.9999999403953552,2.384185791015625e-07,,,0.0
small,organcmnist_224,swin_tiny,7,0,42,support_only,Support-only synthetic head,support_only_synthetic,support_power,11,11,907.4545288085938,595.0,1024.0,0.012117769569158554,0.9878822565078735,0.8904972672462463,0.07490812987089157,0.9250918030738831,,,0.0
small,organcmnist_224,swin_tiny,7,0,42,prototype_shuffle,Shuffled-label prototype,reference_prototype_shuffle,support_power,11,11,907.4545288085938,595.0,1024.0,0.7436628937721252,0.2563371956348419,0.012117266654968262,0.9249588251113892,0.07504115998744965,,,0.0
small,organcmnist_224,swin_tiny,7,0,42,uniform_client_weight,Uniform client weight,reference_prototype,uniform_present_client,11,11,907.4545288085938,595.0,1024.0,0.7436628937721252,0.25633716583251953,0.012117266654968262,0.9249587655067444,0.07504115998744965,,,0.0
small,organcmnist_224,swin_tiny,7,0,42,global_client_size_weight,Global client-size weight,reference_prototype,global_client_size,11,11,907.4545288085938,595.0,1024.0,0.7436628937721252,0.25633716583251953,0.012117266654968262,0.9249587655067444,0.07504115998744965,,,0.0
small,organcmnist_224,swin_tiny,7,0.01,42,full,Full prototype,reference_prototype,support_power,11,11,1444.45458984375,600.0,2048.0,0.743817150592804,0.25618281960487366,0.012117385864257812,0.9252195954322815,0.07478033006191254,0.9999393224716187,0.9999813162363492,0.5454545483448128
small,organcmnist_224,swin_tiny,7,0.01,42,prototype_head_agg,Classifier-head aggregation,classifier_head_aggregation,support_power,11,11,1444.45458984375,600.0,2048.0,0.04048454388976097,0.9595154523849487,0.5307134985923767,0.25373828411102295,0.7462617754936218,-0.007804172812029719,0.6727941769819993,0.5454545483448128
small,organcmnist_224,swin_tiny,7,0.01,42,global_feature_mean,Global-feature mean,global_feature_mean,support_power,11,11,1444.45458984375,600.0,2048.0,1.0,6.719069034488712e-08,0.0,1.0,0.0,0.9999999403953552,0.9999999449803278,0.5454545483448128
small,organcmnist_224,swin_tiny,7,0.01,42,support_only,Support-only synthetic head,support_only_synthetic,support_power,11,11,1444.45458984375,600.0,2048.0,0.012117769569158554,0.9878822565078735,0.8904972672462463,0.07490812987089157,0.9250918030738831,1.0000000074505806,1.0000000320948088,0.5454545483448128
small,organcmnist_224,swin_tiny,7,0.01,42,prototype_shuffle,Shuffled-label prototype,reference_prototype_shuffle,support_power,11,11,1444.45458984375,600.0,2048.0,0.7438172698020935,0.25618281960487366,0.012117385864257812,0.9252195954322815,0.07478033006191254,0.9999393224716187,0.7607111243101267,0.5454545483448128
small,organcmnist_224,swin_tiny,7,0.01,42,uniform_client_weight,Uniform client weight,reference_prototype,uniform_present_client,11,11,1444.45458984375,600.0,2048.0,0.743817150592804,0.2561827600002289,0.012117266654968262,0.925219714641571,0.07478027790784836,0.9999393224716187,0.9999813483311579,0.5454545483448128
small,organcmnist_224,swin_tiny,7,0.01,42,global_client_size_weight,Global client-size weight,reference_prototype,global_client_size,11,11,1444.45458984375,600.0,2048.0,0.7439717650413513,0.25602826476097107,0.012117326259613037,0.9254232048988342,0.07457679510116577,0.9999393224716187,0.9999740857344407,0.46902714284848246
small,organcmnist_224,swin_tiny,7,0.1,42,full,Full prototype,reference_prototype,support_power,11,11,2606.54541015625,1241.0,4748.0,0.7421956658363342,0.25780433416366577,0.0125654935836792,0.9241933822631836,0.07580658793449402,0.9994926901831143,0.999804814194524,0.9979425575756663
small,organcmnist_224,swin_tiny,7,0.1,42,prototype_head_agg,Classifier-head aggregation,classifier_head_aggregation,support_power,11,11,2606.54541015625,1241.0,4748.0,0.035354871302843094,0.9646452069282532,0.6990663409233093,0.2364610731601715,0.7635389566421509,-0.004834416065958963,0.49299283152402834,0.9979425575756663
small,organcmnist_224,swin_tiny,7,0.1,42,global_feature_mean,Global-feature mean,global_feature_mean,support_power,11,11,2606.54541015625,1241.0,4748.0,1.0,4.7683716530855236e-08,0.0,1.0,1.0837208463954084e-08,1.0,1.0000000083169271,0.9979425575756663
small,organcmnist_224,swin_tiny,7,0.1,42,support_only,Support-only synthetic head,support_only_synthetic,support_power,11,11,2606.54541015625,1241.0,4748.0,0.01211776863783598,0.9878822565078735,0.8904972672462463,0.07490813732147217,0.9250918030738831,1.0000000155490378,1.000000041584636,0.9979425575756663
small,organcmnist_224,swin_tiny,7,0.1,42,prototype_shuffle,Shuffled-label prototype,reference_prototype_shuffle,support_power,11,11,2606.54541015625,1241.0,4748.0,0.7421956658363342,0.25780433416366577,0.0125654935836792,0.9241933822631836,0.07580658793449402,0.9994926901831143,0.8042317407075749,0.9979425575756663
small,organcmnist_224,swin_tiny,7,0.1,42,uniform_client_weight,Uniform client weight,reference_prototype,uniform_present_client,11,11,2606.54541015625,1241.0,4748.0,0.7421476244926453,0.25785237550735474,0.012620151042938232,0.9241832494735718,0.07581686228513718,0.9994926901831143,0.9998052577639736,1.0000000227695538
small,organcmnist_224,swin_tiny,7,0.1,42,global_client_size_weight,Global client-size weight,reference_prototype,global_client_size,11,11,2606.54541015625,1241.0,4748.0,0.7419646978378296,0.258035272359848,0.012761712074279785,0.9242100119590759,0.0757899284362793,0.9994926901831143,0.9998009634572406,0.9769168428655665
small,organcmnist_224,vit_t,3,0,42,full,Full prototype,reference_prototype,support_power,11,11,907.4545288085938,595.0,1024.0,0.8128873705863953,0.18711267411708832,0.0035039782524108887,0.9439884424209595,0.056011613458395004,,,0.0
small,organcmnist_224,vit_t,3,0,42,prototype_head_agg,Classifier-head aggregation,classifier_head_aggregation,support_power,11,11,907.4545288085938,595.0,1024.0,0.025878284126520157,0.974121630191803,0.44744008779525757,0.27333199977874756,0.7266680598258972,,,0.0
small,organcmnist_224,vit_t,3,0,42,global_feature_mean,Global-feature mean,global_feature_mean,support_power,11,11,907.4545288085938,595.0,1024.0,1.0000003576278687,-3.5762786865234375e-07,-3.5762786865234375e-07,1.000000238418579,-3.5762786865234375e-07,,,0.0
small,organcmnist_224,vit_t,3,0,42,support_only,Support-only synthetic head,support_only_synthetic,support_power,11,11,907.4545288085938,595.0,1024.0,0.01685403659939766,0.983146071434021,0.8010047078132629,0.13727062940597534,0.8627293109893799,,,0.0
small,organcmnist_224,vit_t,3,0,42,prototype_shuffle,Shuffled-label prototype,reference_prototype_shuffle,support_power,11,11,907.4545288085938,595.0,1024.0,0.8128873705863953,0.18711267411708832,0.0035039782524108887,0.9439883828163147,0.056011613458395004,,,0.0
small,organcmnist_224,vit_t,3,0,42,uniform_client_weight,Uniform client weight,reference_prototype,uniform_present_client,11,11,907.4545288085938,595.0,1024.0,0.8128873705863953,0.18711267411708832,0.0035039782524108887,0.9439884424209595,0.056011613458395004,,,0.0
small,organcmnist_224,vit_t,3,0,42,global_client_size_weight,Global client-size weight,reference_prototype,global_client_size,11,11,907.4545288085938,595.0,1024.0,0.8128873705863953,0.18711267411708832,0.0035039782524108887,0.9439884424209595,0.056011613458395004,,,0.0
small,organcmnist_224,vit_t,3,0.01,42,full,Full prototype,reference_prototype,support_power,11,11,909.4545288085938,595.0,2048.0,0.8127564787864685,0.1872435361146927,0.003504157066345215,0.9436769485473633,0.05632307380437851,0.9999337196350098,0.9999834299087524,0.09090909115889412
small,organcmnist_224,vit_t,3,0.01,42,prototype_head_agg,Classifier-head aggregation,classifier_head_aggregation,support_power,11,11,909.4545288085938,595.0,2048.0,-0.006932128686457872,1.006932020187378,0.7467855215072632,0.16748176515102386,0.8325182199478149,-0.010466035455465317,0.7032894194126129,0.09090909115889412
small,organcmnist_224,vit_t,3,0.01,42,global_feature_mean,Global-feature mean,global_feature_mean,support_power,11,11,909.4545288085938,595.0,2048.0,1.0,0.0,0.0,1.0,0.0,1.0,1.0,0.09090909115889412
small,organcmnist_224,vit_t,3,0.01,42,support_only,Support-only synthetic head,support_only_synthetic,support_power,11,11,909.4545288085938,595.0,2048.0,0.01685403659939766,0.983146071434021,0.8010047078132629,0.13727062940597534,0.8627293109893799,1.0000001192092896,1.0000001192092896,0.09090909115889412
small,organcmnist_224,vit_t,3,0.01,42,prototype_shuffle,Shuffled-label prototype,reference_prototype_shuffle,support_power,11,11,909.4545288085938,595.0,2048.0,0.8127564787864685,0.1872435063123703,0.003504157066345215,0.9436769485473633,0.05632307380437851,0.9999337196350098,0.8749455511569977,0.09090909115889412
small,organcmnist_224,vit_t,3,0.01,42,uniform_client_weight,Uniform client weight,reference_prototype,uniform_present_client,11,11,909.4545288085938,595.0,2048.0,0.8127564787864685,0.1872435361146927,0.003504157066345215,0.9436769485473633,0.05632307380437851,0.9999337196350098,0.9999834299087524,0.09090909115889412
small,organcmnist_224,vit_t,3,0.01,42,global_client_size_weight,Global client-size weight,reference_prototype,global_client_size,11,11,909.4545288085938,595.0,2048.0,0.8127555251121521,0.1872444450855255,0.003504157066345215,0.9436754584312439,0.056324541568756104,0.9999337196350098,0.9999833405017853,0.09061107649452176
small,organcmnist_224,vit_t,3,0.1,42,full,Full prototype,reference_prototype,support_power,11,11,1117.0909423828125,353.0,1334.0,0.8132064342498779,0.18679356575012207,0.004097938537597656,0.9444087743759155,0.05559117719531059,0.9995920409758886,0.9998953683035714,0.9079408186760265
small,organcmnist_224,vit_t,3,0.1,42,prototype_head_agg,Classifier-head aggregation,classifier_head_aggregation,support_power,11,11,1117.0909423828125,353.0,1334.0,-0.03683372586965561,1.0368337631225586,0.6418842077255249,0.16791367530822754,0.8320863246917725,-0.026925526869793732,0.6652736848308927,0.9079408186760265
small,organcmnist_224,vit_t,3,0.1,42,global_feature_mean,Global-feature mean,global_feature_mean,support_power,11,11,1117.0909423828125,353.0,1334.0,1.0,-7.694417547554622e-08,-1.1920928955078125e-07,1.0000001192092896,-1.1920928955078125e-07,1.0,0.9999999687785194,0.9079408186760265
small,organcmnist_224,vit_t,3,0.1,42,support_only,Support-only synthetic head,support_only_synthetic,support_power,11,11,1117.0909423828125,353.0,1334.0,0.01685403659939766,0.983146071434021,0.8010047078132629,0.13727064430713654,0.8627293109893799,0.9999999950329462,1.000000034059797,0.9079408186760265
small,organcmnist_224,vit_t,3,0.1,42,prototype_shuffle,Shuffled-label prototype,reference_prototype_shuffle,support_power,11,11,1117.0909423828125,353.0,1334.0,0.8132064342498779,0.18679355084896088,0.004097938537597656,0.9444087743759155,0.05559117719531059,0.9995920409758886,0.8750886037236169,0.9079408186760265
small,organcmnist_224,vit_t,3,0.1,42,uniform_client_weight,Uniform client weight,reference_prototype,uniform_present_client,11,11,1117.0909423828125,353.0,1334.0,0.8132047653198242,0.1867951899766922,0.004096686840057373,0.9444290399551392,0.055570945143699646,0.9995920409758886,0.9998955669857207,0.9090909129803892
small,organcmnist_224,vit_t,3,0.1,42,global_client_size_weight,Global client-size weight,reference_prototype,global_client_size,11,11,1117.0909423828125,353.0,1334.0,0.8133376240730286,0.18666239082813263,0.0040683746337890625,0.944566547870636,0.055433426052331924,0.9995920409758886,0.9998819742883954,0.828243874511873
small,organcmnist_224,vit_t,5,0,42,full,Full prototype,reference_prototype,support_power,11,11,907.4545288085938,595.0,1024.0,0.8131369352340698,0.18686313927173615,0.003503859043121338,0.9443676471710205,0.05563238635659218,,,0.0
small,organcmnist_224,vit_t,5,0,42,prototype_head_agg,Classifier-head aggregation,classifier_head_aggregation,support_power,11,11,907.4545288085938,595.0,1024.0,0.015507511794567108,0.9844924211502075,0.6941027641296387,0.18837152421474457,0.811628520488739,,,0.0
small,organcmnist_224,vit_t,5,0,42,global_feature_mean,Global-feature mean,global_feature_mean,support_power,11,11,907.4545288085938,595.0,1024.0,0.9999998807907104,2.384185791015625e-07,2.384185791015625e-07,0.9999999403953552,2.384185791015625e-07,,,0.0
small,organcmnist_224,vit_t,5,0,42,support_only,Support-only synthetic head,support_only_synthetic,support_power,11,11,907.4545288085938,595.0,1024.0,0.01685403659939766,0.983146071434021,0.8010047078132629,0.13727062940597534,0.8627293109893799,,,0.0
small,organcmnist_224,vit_t,5,0,42,prototype_shuffle,Shuffled-label prototype,reference_prototype_shuffle,support_power,11,11,907.4545288085938,595.0,1024.0,0.813136875629425,0.18686315417289734,0.003503859043121338,0.9443675875663757,0.05563238635659218,,,0.0
small,organcmnist_224,vit_t,5,0,42,uniform_client_weight,Uniform client weight,reference_prototype,uniform_present_client,11,11,907.4545288085938,595.0,1024.0,0.8131369352340698,0.18686313927173615,0.003503859043121338,0.9443676471710205,0.05563238635659218,,,0.0
small,organcmnist_224,vit_t,5,0,42,global_client_size_weight,Global client-size weight,reference_prototype,global_client_size,11,11,907.4545288085938,595.0,1024.0,0.8131369352340698,0.18686313927173615,0.003503859043121338,0.9443676471710205,0.05563238635659218,,,0.0
small,organcmnist_224,vit_t,5,0.01,42,full,Full prototype,reference_prototype,support_power,11,11,1333.727294921875,595.0,3066.0,0.8129107356071472,0.18708927929401398,0.0035039782524108887,0.9441627264022827,0.055837370455265045,0.9999969998995463,0.9999989668528239,0.3636363660270246
small,organcmnist_224,vit_t,5,0.01,42,prototype_head_agg,Classifier-head aggregation,classifier_head_aggregation,support_power,11,11,1333.727294921875,595.0,3066.0,0.020295634865760803,0.9797044396400452,0.8017486929893494,0.14697936177253723,0.8530206084251404,-0.022216234045724075,0.6493147412935892,0.3636363660270246
small,organcmnist_224,vit_t,5,0.01,42,global_feature_mean,Global-feature mean,global_feature_mean,support_power,11,11,1333.727294921875,595.0,3066.0,1.0000003576278687,-3.3812088418017083e-07,-3.5762786865234375e-07,1.000000238418579,-3.5762786865234375e-07,1.0000001192092896,1.000000086095598,0.3636363660270246
small,organcmnist_224,vit_t,5,0.01,42,support_only,Support-only synthetic head,support_only_synthetic,support_power,11,11,1333.727294921875,595.0,3066.0,0.01685403659939766,0.983146071434021,0.8010047078132629,0.13727062940597534,0.8627293109893799,0.9999999602635702,1.0000000596046448,0.3636363660270246
small,organcmnist_224,vit_t,5,0.01,42,prototype_shuffle,Shuffled-label prototype,reference_prototype_shuffle,support_power,11,11,1333.727294921875,595.0,3066.0,0.8129107356071472,0.18708927929401398,0.0035039782524108887,0.9441626071929932,0.055837370455265045,0.9999969998995463,0.8101429012086656,0.3636363660270246
small,organcmnist_224,vit_t,5,0.01,42,uniform_client_weight,Uniform client weight,reference_prototype,uniform_present_client,11,11,1333.727294921875,595.0,3066.0,0.8129107356071472,0.18708927929401398,0.0035039782524108887,0.9441627264022827,0.055837370455265045,0.9999969998995463,0.9999989800983005,0.3636363660270246
small,organcmnist_224,vit_t,5,0.01,42,global_client_size_weight,Global client-size weight,reference_prototype,global_client_size,11,11,1333.727294921875,595.0,3066.0,0.812910795211792,0.1870892494916916,0.0035039186477661133,0.9441661238670349,0.05583399161696434,0.9999969998995463,0.9999987681706747,0.3216255135093058
small,organcmnist_224,vit_t,5,0.1,42,full,Full prototype,reference_prototype,support_power,11,11,1861.8182373046875,1019.0,2857.0,0.81263267993927,0.18736733496189117,0.0036673545837402344,0.9437942504882812,0.056205764412879944,0.9994610212743282,0.9997914206413996,0.9986988119891868
small,organcmnist_224,vit_t,5,0.1,42,prototype_head_agg,Classifier-head aggregation,classifier_head_aggregation,support_power,11,11,1861.8182373046875,1019.0,2857.0,-0.007499916013330221,1.0074999332427979,0.6907857060432434,0.21852421760559082,0.7814757823944092,0.00030300534854177386,0.5026511372554869,0.9986988119891868
small,organcmnist_224,vit_t,5,0.1,42,global_feature_mean,Global-feature mean,global_feature_mean,support_power,11,11,1861.8182373046875,1019.0,2857.0,1.0,3.359534517244356e-08,-1.1920928955078125e-07,1.0,-6.502325078372451e-08,1.0,1.0000000439939045,0.9986988119891868
small,organcmnist_224,vit_t,5,0.1,42,support_only,Support-only synthetic head,support_only_synthetic,support_power,11,11,1861.8182373046875,1019.0,2857.0,0.01685403659939766,0.983146071434021,0.8010047078132629,0.13727064430713654,0.8627293109893799,1.0000000093132257,1.0000000525088537,0.9986988119891868
small,organcmnist_224,vit_t,5,0.1,42,prototype_shuffle,Shuffled-label prototype,reference_prototype_shuffle,support_power,11,11,1861.8182373046875,1019.0,2857.0,0.81263267993927,0.18736734986305237,0.0036673545837402344,0.9437942504882812,0.056205764412879944,0.9994610212743282,0.8659407141662779,0.9986988119891868
small,organcmnist_224,vit_t,5,0.1,42,uniform_client_weight,Uniform client weight,reference_prototype,uniform_present_client,11,11,1861.8182373046875,1019.0,2857.0,0.8125991225242615,0.18740089237689972,0.003671884536743164,0.9437803626060486,0.05621961131691933,0.9994610212743282,0.9997916860239846,1.000000011268414
small,organcmnist_224,vit_t,5,0.1,42,global_client_size_weight,Global client-size weight,reference_prototype,global_client_size,11,11,1861.8182373046875,1019.0,2857.0,0.8127363920211792,0.18726366758346558,0.003691434860229492,0.9437950253486633,0.05620485916733742,0.9994610212743282,0.9997889456294832,0.9856717806315637
small,organcmnist_224,vit_t,7,0,42,full,Full prototype,reference_prototype,support_power,11,11,907.4545288085938,595.0,1024.0,0.8132145404815674,0.1867854744195938,0.0035039782524108887,0.9444294571876526,0.055570509284734726,,,0.0
small,organcmnist_224,vit_t,7,0,42,prototype_head_agg,Classifier-head aggregation,classifier_head_aggregation,support_power,11,11,907.4545288085938,595.0,1024.0,0.034412454813718796,0.9655874967575073,0.6407668590545654,0.20093759894371033,0.7990623712539673,,,0.0
small,organcmnist_224,vit_t,7,0,42,global_feature_mean,Global-feature mean,global_feature_mean,support_power,11,11,907.4545288085938,595.0,1024.0,1.0000001192092896,-2.384185791015625e-07,-2.384185791015625e-07,1.0000001192092896,-2.384185791015625e-07,,,0.0
small,organcmnist_224,vit_t,7,0,42,support_only,Support-only synthetic head,support_only_synthetic,support_power,11,11,907.4545288085938,595.0,1024.0,0.01685403659939766,0.983146071434021,0.8010047078132629,0.13727062940597534,0.8627293109893799,,,0.0
small,organcmnist_224,vit_t,7,0,42,prototype_shuffle,Shuffled-label prototype,reference_prototype_shuffle,support_power,11,11,907.4545288085938,595.0,1024.0,0.8132146000862122,0.18678545951843262,0.0035039782524108887,0.9444294571876526,0.055570509284734726,,,0.0
small,organcmnist_224,vit_t,7,0,42,uniform_client_weight,Uniform client weight,reference_prototype,uniform_present_client,11,11,907.4545288085938,595.0,1024.0,0.8132145404815674,0.1867854744195938,0.0035039782524108887,0.9444294571876526,0.055570509284734726,,,0.0
small,organcmnist_224,vit_t,7,0,42,global_client_size_weight,Global client-size weight,reference_prototype,global_client_size,11,11,907.4545288085938,595.0,1024.0,0.8132145404815674,0.1867854744195938,0.0035039782524108887,0.9444294571876526,0.055570509284734726,,,0.0
small,organcmnist_224,vit_t,7,0.01,42,full,Full prototype,reference_prototype,support_power,11,11,1444.45458984375,600.0,2048.0,0.8133417367935181,0.1866583675146103,0.0035039186477661133,0.9443722367286682,0.0556277371942997,0.9999729990959167,0.9999916599347041,0.5454545483448128
small,organcmnist_224,vit_t,7,0.01,42,prototype_head_agg,Classifier-head aggregation,classifier_head_aggregation,support_power,11,11,1444.45458984375,600.0,2048.0,0.038175955414772034,0.9618240594863892,0.8040584325790405,0.14120125770568848,0.8587988018989563,0.011672800406813622,0.6802661281365615,0.5454545483448128
small,organcmnist_224,vit_t,7,0.01,42,global_feature_mean,Global-feature mean,global_feature_mean,support_power,11,11,1444.45458984375,600.0,2048.0,1.0,-6.502325078372451e-08,-2.384185791015625e-07,1.0000001192092896,-1.5172091138992982e-07,1.0,1.0000000641896174,0.5454545483448128
small,organcmnist_224,vit_t,7,0.01,42,support_only,Support-only synthetic head,support_only_synthetic,support_power,11,11,1444.45458984375,600.0,2048.0,0.01685403659939766,0.983146071434021,0.8010047078132629,0.13727064430713654,0.8627293109893799,1.0000000074505806,1.0000000366797814,0.5454545483448128
small,organcmnist_224,vit_t,7,0.01,42,prototype_shuffle,Shuffled-label prototype,reference_prototype_shuffle,support_power,11,11,1444.45458984375,600.0,2048.0,0.8133416771888733,0.1866583675146103,0.0035039186477661133,0.9443722367286682,0.0556277371942997,0.9999729990959167,0.8382103030498211,0.5454545483448128
small,organcmnist_224,vit_t,7,0.01,42,uniform_client_weight,Uniform client weight,reference_prototype,uniform_present_client,11,11,1444.45458984375,600.0,2048.0,0.8133417367935181,0.1866583526134491,0.0035039186477661133,0.9443723559379578,0.05562770739197731,0.9999729990959167,0.9999916645196768,0.5454545483448128
small,organcmnist_224,vit_t,7,0.01,42,global_client_size_weight,Global client-size weight,reference_prototype,global_client_size,11,11,1444.45458984375,600.0,2048.0,0.8133861422538757,0.18661393225193024,0.0035039782524108887,0.9443137645721436,0.05568632856011391,0.9999729990959167,0.9999881570155804,0.46902714284848246
small,organcmnist_224,vit_t,7,0.1,42,full,Full prototype,reference_prototype,support_power,11,11,2606.54541015625,1241.0,4748.0,0.8114393353462219,0.18856067955493927,0.0035758614540100098,0.9432363510131836,0.056763600558042526,0.999742469061976,0.9998952330544938,0.9979425575756663
small,organcmnist_224,vit_t,7,0.1,42,prototype_head_agg,Classifier-head aggregation,classifier_head_aggregation,support_power,11,11,2606.54541015625,1241.0,4748.0,0.024449547752738,0.9755505919456482,0.7137817144393921,0.20513373613357544,0.7948662042617798,0.005161261995849402,0.5025055699570234,0.9979425575756663
small,organcmnist_224,vit_t,7,0.1,42,global_feature_mean,Global-feature mean,global_feature_mean,support_power,11,11,2606.54541015625,1241.0,4748.0,1.0,-6.719069034488712e-08,-2.384185791015625e-07,1.0000001192092896,-1.4088369937326206e-07,1.0,0.9999999958415364,0.9979425575756663
small,organcmnist_224,vit_t,7,0.1,42,support_only,Support-only synthetic head,support_only_synthetic,support_power,11,11,2606.54541015625,1241.0,4748.0,0.01685403659939766,0.983146071434021,0.8010047674179077,0.13727062940597534,0.8627293109893799,1.0,1.0000000180200088,0.9979425575756663
small,organcmnist_224,vit_t,7,0.1,42,prototype_shuffle,Shuffled-label prototype,reference_prototype_shuffle,support_power,11,11,2606.54541015625,1241.0,4748.0,0.8114393949508667,0.18856067955493927,0.0035758614540100098,0.9432363510131836,0.056763600558042526,0.999742469061976,0.8640305566233258,0.9979425575756663
small,organcmnist_224,vit_t,7,0.1,42,uniform_client_weight,Uniform client weight,reference_prototype,uniform_present_client,11,11,2606.54541015625,1241.0,4748.0,0.8113736510276794,0.18862639367580414,0.0035821199417114258,0.9432036876678467,0.056796394288539886,0.999742469061976,0.9998954576115275,1.0000000227695538
small,organcmnist_224,vit_t,7,0.1,42,global_client_size_weight,Global client-size weight,reference_prototype,global_client_size,11,11,2606.54541015625,1241.0,4748.0,0.8112326264381409,0.18876735866069794,0.0036110281944274902,0.9432647228240967,0.05673520267009735,0.999742469061976,0.9998931496642357,0.9769168428655665
small,organsmnist_224,convnext,3,0,42,full,Full prototype,reference_prototype,support_power,11,11,877.5454711914062,614.0,1024.0,0.7700215578079224,0.22997848689556122,0.0013873577117919922,0.9538614749908447,0.04613853991031647,,,0.0
small,organsmnist_224,convnext,3,0,42,prototype_head_agg,Classifier-head aggregation,classifier_head_aggregation,support_power,11,11,877.5454711914062,614.0,1024.0,0.014582493342459202,0.9854175448417664,0.010129392147064209,0.40241068601608276,0.5975893139839172,,,0.0
small,organsmnist_224,convnext,3,0,42,global_feature_mean,Global-feature mean,global_feature_mean,support_power,11,11,877.5454711914062,614.0,1024.0,0.9999999403953552,1.1920928955078125e-07,1.1920928955078125e-07,0.9999999403953552,1.1920928955078125e-07,,,0.0
small,organsmnist_224,convnext,3,0,42,support_only,Support-only synthetic head,support_only_synthetic,support_power,11,11,877.5454711914062,614.0,1024.0,0.012117769569158554,0.9878822565078735,0.8904972672462463,0.07490812987089157,0.9250918030738831,,,0.0
small,organsmnist_224,convnext,3,0,42,prototype_shuffle,Shuffled-label prototype,reference_prototype_shuffle,support_power,11,11,877.5454711914062,614.0,1024.0,0.7700214982032776,0.2299785315990448,0.0013873577117919922,0.9538614153862,0.04613853991031647,,,0.0
small,organsmnist_224,convnext,3,0,42,uniform_client_weight,Uniform client weight,reference_prototype,uniform_present_client,11,11,877.5454711914062,614.0,1024.0,0.7700215578079224,0.22997848689556122,0.0013873577117919922,0.9538614749908447,0.04613853991031647,,,0.0
small,organsmnist_224,convnext,3,0,42,global_client_size_weight,Global client-size weight,reference_prototype,global_client_size,11,11,877.5454711914062,614.0,1024.0,0.7700215578079224,0.22997848689556122,0.0013873577117919922,0.9538614749908447,0.04613853991031647,,,0.0
small,organsmnist_224,convnext,3,0.01,42,full,Full prototype,reference_prototype,support_power,11,11,930.9091186523438,544.0,1701.0,0.769493818283081,0.23050613701343536,0.0016463398933410645,0.9536206722259521,0.046379316598176956,0.9993101507425308,0.9998264834284782,0.36232469986180516
small,organsmnist_224,convnext,3,0.01,42,prototype_head_agg,Classifier-head aggregation,classifier_head_aggregation,support_power,11,11,930.9091186523438,544.0,1701.0,0.004753188230097294,0.9952468276023865,0.6476182341575623,0.2091606706380844,0.7908393740653992,-0.04208785551600158,0.6832080259919167,0.36232469986180516
small,organsmnist_224,convnext,3,0.01,42,global_feature_mean,Global-feature mean,global_feature_mean,support_power,11,11,930.9091186523438,544.0,1701.0,1.0,-6.068836455597193e-08,-1.1920928955078125e-07,1.0000001192092896,-8.669766771163268e-08,1.0000001192092896,1.0000000894069672,0.36232469986180516
small,organsmnist_224,convnext,3,0.01,42,support_only,Support-only synthetic head,support_only_synthetic,support_power,11,11,930.9091186523438,544.0,1701.0,0.012117769569158554,0.9878822565078735,0.8904972672462463,0.07490812987089157,0.9250918030738831,1.0000000596046448,1.0000000894069672,0.36232469986180516
small,organsmnist_224,convnext,3,0.01,42,prototype_shuffle,Shuffled-label prototype,reference_prototype_shuffle,support_power,11,11,930.9091186523438,544.0,1701.0,0.7694938778877258,0.23050612211227417,0.0016463398933410645,0.9536205530166626,0.046379316598176956,0.9993101507425308,0.8079298213124275,0.36232469986180516
small,organsmnist_224,convnext,3,0.01,42,uniform_client_weight,Uniform client weight,reference_prototype,uniform_present_client,11,11,930.9091186523438,544.0,1701.0,0.7694675922393799,0.23053234815597534,0.0016459226608276367,0.9536264538764954,0.04637347534298897,0.9993101507425308,0.9998275637626648,0.36363636463557647
small,organsmnist_224,convnext,3,0.01,42,global_client_size_weight,Global client-size weight,reference_prototype,global_client_size,11,11,930.9091186523438,544.0,1701.0,0.7694649696350098,0.23053506016731262,0.001645803451538086,0.9536164999008179,0.046383485198020935,0.9993101507425308,0.9998272806406021,0.3633536564271309
small,organsmnist_224,convnext,3,0.1,42,full,Full prototype,reference_prototype,support_power,11,11,1117.0909423828125,271.0,1960.0,0.7687228322029114,0.23127715289592743,0.0018715858459472656,0.952518880367279,0.047481074929237366,0.9988999471944922,0.9996654120358553,0.8132887927454345
small,organsmnist_224,convnext,3,0.1,42,prototype_head_agg,Classifier-head aggregation,classifier_head_aggregation,support_power,11,11,1117.0909423828125,271.0,1960.0,0.011835040524601936,0.988165020942688,0.7090346217155457,0.17315177619457245,0.8268482685089111,-0.00503600829773966,0.6146988367492502,0.8132887927454345
small,organsmnist_224,convnext,3,0.1,42,global_feature_mean,Global-feature mean,global_feature_mean,support_power,11,11,1117.0909423828125,271.0,1960.0,1.0,-1.0837208463954084e-08,-1.1920928955078125e-07,1.0,-6.502325078372451e-08,1.0,1.0000000135465101,0.8132887927454345
small,organsmnist_224,convnext,3,0.1,42,support_only,Support-only synthetic head,support_only_synthetic,support_power,11,11,1117.0909423828125,271.0,1960.0,0.012117767706513405,0.9878822565078735,0.8904972672462463,0.07490812987089157,0.9250918030738831,1.000000017530778,1.0000000460581346,0.8132887927454345
small,organsmnist_224,convnext,3,0.1,42,prototype_shuffle,Shuffled-label prototype,reference_prototype_shuffle,support_power,11,11,1117.0909423828125,271.0,1960.0,0.7687228918075562,0.23127712309360504,0.0018715858459472656,0.9525188207626343,0.047481074929237366,0.9988999471944922,0.840098730542443,0.8132887927454345
small,organsmnist_224,convnext,3,0.1,42,uniform_client_weight,Uniform client weight,reference_prototype,uniform_present_client,11,11,1117.0909423828125,271.0,1960.0,0.7687543034553528,0.231245756149292,0.001889348030090332,0.9525132775306702,0.04748672619462013,0.9988999471944922,0.9996673329309984,0.8181818259958394
small,organsmnist_224,convnext,3,0.1,42,global_client_size_weight,Global client-size weight,reference_prototype,global_client_size,11,11,1117.0909423828125,271.0,1960.0,0.7687712907791138,0.2312287539243698,0.0018954873085021973,0.9525148272514343,0.047485124319791794,0.9988999471944922,0.9996670565821908,0.817445301195912
small,organsmnist_224,convnext,5,0,42,full,Full prototype,reference_prototype,support_power,11,11,877.5454711914062,614.0,1024.0,0.7699386477470398,0.23006127774715424,0.0013872981071472168,0.9536314010620117,0.04636869207024574,,,0.0
small,organsmnist_224,convnext,5,0,42,prototype_head_agg,Classifier-head aggregation,classifier_head_aggregation,support_power,11,11,877.5454711914062,614.0,1024.0,0.04427304118871689,0.9557269811630249,0.5724650621414185,0.29114964604377747,0.7088503241539001,,,0.0
small,organsmnist_224,convnext,5,0,42,global_feature_mean,Global-feature mean,global_feature_mean,support_power,11,11,877.5454711914062,614.0,1024.0,0.9999999403953552,5.960464477539063e-08,5.960464477539063e-08,0.9999999403953552,5.960464477539063e-08,,,0.0
small,organsmnist_224,convnext,5,0,42,support_only,Support-only synthetic head,support_only_synthetic,support_power,11,11,877.5454711914062,614.0,1024.0,0.012117769569158554,0.9878822565078735,0.8904972672462463,0.07490812987089157,0.9250918030738831,,,0.0
small,organsmnist_224,convnext,5,0,42,prototype_shuffle,Shuffled-label prototype,reference_prototype_shuffle,support_power,11,11,877.5454711914062,614.0,1024.0,0.7699387073516846,0.23006127774715424,0.0013872981071472168,0.9536313414573669,0.04636869207024574,,,0.0
small,organsmnist_224,convnext,5,0,42,uniform_client_weight,Uniform client weight,reference_prototype,uniform_present_client,11,11,877.5454711914062,614.0,1024.0,0.7699386477470398,0.23006127774715424,0.0013872981071472168,0.9536314010620117,0.04636869207024574,,,0.0
small,organsmnist_224,convnext,5,0,42,global_client_size_weight,Global client-size weight,reference_prototype,global_client_size,11,11,877.5454711914062,614.0,1024.0,0.7699386477470398,0.23006127774715424,0.0013872981071472168,0.9536314010620117,0.04636869207024574,,,0.0
small,organsmnist_224,convnext,5,0.01,42,full,Full prototype,reference_prototype,support_power,11,11,943.0908813476562,614.0,1442.0,0.7690615057945251,0.23093847930431366,0.0014047622680664062,0.953499972820282,0.046500030905008316,0.9999098579088846,0.9999772906303406,0.27217386457577875
small,organsmnist_224,convnext,5,0.01,42,prototype_head_agg,Classifier-head aggregation,classifier_head_aggregation,support_power,11,11,943.0908813476562,614.0,1442.0,0.0002986998588312417,0.9997013211250305,0.7465188503265381,0.12730206549167633,0.8726978898048401,-0.03467032747964064,0.6640527248382568,0.27217386457577875
small,organsmnist_224,convnext,5,0.01,42,global_feature_mean,Global-feature mean,global_feature_mean,support_power,11,11,943.0908813476562,614.0,1442.0,1.0,-7.802789525612752e-08,-1.1920928955078125e-07,1.0,-9.753487262287308e-08,1.0000001192092896,1.0000000198682149,0.27217386457577875
small,organsmnist_224,convnext,5,0.01,42,support_only,Support-only synthetic head,support_only_synthetic,support_power,11,11,943.0908813476562,614.0,1442.0,0.012117769569158554,0.9878822565078735,0.8904972672462463,0.07490812987089157,0.9250918030738831,0.999999980131785,1.0000000198682149,0.27217386457577875
small,organsmnist_224,convnext,5,0.01,42,prototype_shuffle,Shuffled-label prototype,reference_prototype_shuffle,support_power,11,11,943.0908813476562,614.0,1442.0,0.7690615057945251,0.23093849420547485,0.0014047622680664062,0.9535000324249268,0.046500030905008316,0.9999098579088846,0.6538389325141907,0.27217386457577875
small,organsmnist_224,convnext,5,0.01,42,uniform_client_weight,Uniform client weight,reference_prototype,uniform_present_client,11,11,943.0908813476562,614.0,1442.0,0.7690706849098206,0.23092924058437347,0.0014077425003051758,0.9535068869590759,0.04649311304092407,0.9999098579088846,0.9999774197737376,0.27272727347668235
small,organsmnist_224,convnext,5,0.01,42,global_client_size_weight,Global client-size weight,reference_prototype,global_client_size,11,11,943.0908813476562,614.0,1442.0,0.7691569328308105,0.23084305226802826,0.0014526844024658203,0.9535648226737976,0.046435222029685974,0.9999098579088846,0.9999682207902273,0.12510905078027104
small,organsmnist_224,convnext,5,0.1,42,full,Full prototype,reference_prototype,support_power,11,11,1861.8182373046875,743.0,2573.0,0.7708802223205566,0.22911980748176575,0.0019271373748779297,0.9539276361465454,0.04607236757874489,0.9991782523216085,0.9997030174410021,0.9990772266485203
small,organsmnist_224,convnext,5,0.1,42,prototype_head_agg,Classifier-head aggregation,classifier_head_aggregation,support_power,11,11,1861.8182373046875,743.0,2573.0,0.027453644201159477,0.972546398639679,0.659946084022522,0.1887514591217041,0.8112486004829407,-0.005676926926095435,0.5286512930650968,0.9990772266485203
small,organsmnist_224,convnext,5,0.1,42,global_feature_mean,Global-feature mean,global_feature_mean,support_power,11,11,1861.8182373046875,743.0,2573.0,1.0,2.926046249740466e-08,0.0,1.0,5.418604231977042e-09,0.9999998807907104,0.9999999275078645,0.9990772266485203
small,organsmnist_224,convnext,5,0.1,42,support_only,Support-only synthetic head,support_only_synthetic,support_power,11,11,1861.8182373046875,743.0,2573.0,0.012117769569158554,0.9878822565078735,0.8904972672462463,0.07490812987089157,0.9250918030738831,1.0000000076091036,1.0000000209421724,0.9990772266485203
small,organsmnist_224,convnext,5,0.1,42,prototype_shuffle,Shuffled-label prototype,reference_prototype_shuffle,support_power,11,11,1861.8182373046875,743.0,2573.0,0.7708802223205566,0.22911980748176575,0.0019271373748779297,0.953927755355835,0.04607236757874489,0.9991782523216085,0.8278173755955052,0.9990772266485203
small,organsmnist_224,convnext,5,0.1,42,uniform_client_weight,Uniform client weight,reference_prototype,uniform_present_client,11,11,1861.8182373046875,743.0,2573.0,0.7708842754364014,0.2291157841682434,0.0019389986991882324,0.95392245054245,0.04607754573225975,0.9991782523216085,0.9997032574705176,1.0000000069221797
small,organsmnist_224,convnext,5,0.1,42,global_client_size_weight,Global client-size weight,reference_prototype,global_client_size,11,11,1861.8182373046875,743.0,2573.0,0.7707611322402954,0.22923880815505981,0.002062678337097168,0.9538387060165405,0.04616136848926544,0.9991782523216085,0.9996776065310916,0.9075290016710214
small,organsmnist_224,convnext,7,0,42,full,Full prototype,reference_prototype,support_power,11,11,877.5454711914062,614.0,1024.0,0.7703098654747009,0.2296900600194931,0.0013872981071472168,0.9537748098373413,0.046225156635046005,,,0.0
small,organsmnist_224,convnext,7,0,42,prototype_head_agg,Classifier-head aggregation,classifier_head_aggregation,support_power,11,11,877.5454711914062,614.0,1024.0,0.04773404449224472,0.9522659182548523,0.45403939485549927,0.31792953610420227,0.6820704936981201,,,0.0
small,organsmnist_224,convnext,7,0,42,global_feature_mean,Global-feature mean,global_feature_mean,support_power,11,11,877.5454711914062,614.0,1024.0,1.0,0.0,0.0,1.0,0.0,,,0.0
small,organsmnist_224,convnext,7,0,42,support_only,Support-only synthetic head,support_only_synthetic,support_power,11,11,877.5454711914062,614.0,1024.0,0.012117769569158554,0.9878822565078735,0.8904972672462463,0.07490812987089157,0.9250918030738831,,,0.0
small,organsmnist_224,convnext,7,0,42,prototype_shuffle,Shuffled-label prototype,reference_prototype_shuffle,support_power,11,11,877.5454711914062,614.0,1024.0,0.7703099250793457,0.2296900600194931,0.0013872981071472168,0.9537748694419861,0.046225156635046005,,,0.0
small,organsmnist_224,convnext,7,0,42,uniform_client_weight,Uniform client weight,reference_prototype,uniform_present_client,11,11,877.5454711914062,614.0,1024.0,0.7703098654747009,0.2296900600194931,0.0013872981071472168,0.9537748098373413,0.046225156635046005,,,0.0
small,organsmnist_224,convnext,7,0,42,global_client_size_weight,Global client-size weight,reference_prototype,global_client_size,11,11,877.5454711914062,614.0,1024.0,0.7703098654747009,0.2296900600194931,0.0013872981071472168,0.9537748098373413,0.046225156635046005,,,0.0
small,organsmnist_224,convnext,7,0.01,42,full,Full prototype,reference_prototype,support_power,11,11,1317.272705078125,614.0,3072.0,0.7697569131851196,0.23024313151836395,0.0013873577117919922,0.9536743760108948,0.04632557928562164,0.9992605447769165,0.9998200138409933,0.3636363660270246
small,organsmnist_224,convnext,7,0.01,42,prototype_head_agg,Classifier-head aggregation,classifier_head_aggregation,support_power,11,11,1317.272705078125,614.0,3072.0,0.040185682475566864,0.9598143100738525,0.6564937829971313,0.21900424361228943,0.780995786190033,-0.01734800652290384,0.6566417482164171,0.3636363660270246
small,organsmnist_224,convnext,7,0.01,42,global_feature_mean,Global-feature mean,global_feature_mean,support_power,11,11,1317.272705078125,614.0,3072.0,1.0,0.0,0.0,1.0,0.0,1.0,1.0000000066227384,0.3636363660270246
small,organsmnist_224,convnext,7,0.01,42,support_only,Support-only synthetic head,support_only_synthetic,support_power,11,11,1317.272705078125,614.0,3072.0,0.012117769569158554,0.9878822565078735,0.8904972672462463,0.07490813732147217,0.9250918030738831,1.0000000198682149,1.0000000794728596,0.3636363660270246
small,organsmnist_224,convnext,7,0.01,42,prototype_shuffle,Shuffled-label prototype,reference_prototype_shuffle,support_power,11,11,1317.272705078125,614.0,3072.0,0.7697568535804749,0.23024313151836395,0.0013873577117919922,0.9536744952201843,0.04632557928562164,0.9992605447769165,0.9187042183346219,0.3636363660270246
small,organsmnist_224,convnext,7,0.01,42,uniform_client_weight,Uniform client weight,reference_prototype,uniform_present_client,11,11,1317.272705078125,614.0,3072.0,0.7697569131851196,0.23024313151836395,0.0013873577117919922,0.9536743760108948,0.04632557928562164,0.9992605447769165,0.9998200270864699,0.3636363660270246
small,organsmnist_224,convnext,7,0.01,42,global_client_size_weight,Global client-size weight,reference_prototype,global_client_size,11,11,1317.272705078125,614.0,3072.0,0.7696413397789001,0.23035867512226105,0.0013873577117919922,0.9537489414215088,0.04625101014971733,0.9992605447769165,0.9998049669795566,0.33578788059788545
small,organsmnist_224,convnext,7,0.1,42,full,Full prototype,reference_prototype,support_power,11,11,2558.9091796875,1290.0,4509.0,0.7694222331047058,0.23057778179645538,0.0015028119087219238,0.9537816643714905,0.046218302100896835,0.9991900224283518,0.9996974734549827,0.9976164483801248
small,organsmnist_224,convnext,7,0.1,42,prototype_head_agg,Classifier-head aggregation,classifier_head_aggregation,support_power,11,11,2558.9091796875,1290.0,4509.0,0.01739749126136303,0.9826025366783142,0.6361360549926758,0.1991085410118103,0.8008914589881897,0.00283328092275524,0.477145642676252,0.9976164483801248
small,organsmnist_224,convnext,7,0.1,42,global_feature_mean,Global-feature mean,global_feature_mean,support_power,11,11,2558.9091796875,1290.0,4509.0,1.0,8.669766238256216e-09,-1.1920928955078125e-07,1.0,-4.334883385581634e-08,1.0000001192092896,1.0000000583364608,0.9976164483801248
small,organsmnist_224,convnext,7,0.1,42,support_only,Support-only synthetic head,support_only_synthetic,support_power,11,11,2558.9091796875,1290.0,4509.0,0.012117769569158554,0.9878822565078735,0.8904972672462463,0.07490812987089157,0.9250918030738831,1.0000000186713345,1.000000020290943,0.9976164483801248
small,organsmnist_224,convnext,7,0.1,42,prototype_shuffle,Shuffled-label prototype,reference_prototype_shuffle,support_power,11,11,2558.9091796875,1290.0,4509.0,0.769422173500061,0.23057781159877777,0.0015028119087219238,0.9537816643714905,0.046218302100896835,0.9991900224283518,0.8227881358024922,0.9976164483801248
small,organsmnist_224,convnext,7,0.1,42,uniform_client_weight,Uniform client weight,reference_prototype,uniform_present_client,11,11,2558.9091796875,1290.0,4509.0,0.7693649530410767,0.23063500225543976,0.0015101432800292969,0.9537784457206726,0.04622159153223038,0.9991900224283518,0.999698096133293,1.000000022884147
small,organsmnist_224,convnext,7,0.1,42,global_client_size_weight,Global client-size weight,reference_prototype,global_client_size,11,11,2558.9091796875,1290.0,4509.0,0.7691253423690796,0.2308746725320816,0.0015794634819030762,0.9537807703018188,0.04621926322579384,0.9991900224283518,0.9996870629330898,0.9596352783627894
small,organsmnist_224,resnet,3,0,42,full,Full prototype,reference_prototype,support_power,11,11,877.5454711914062,614.0,1024.0,0.8950035572052002,0.10499641299247742,0.0005185604095458984,0.9827353954315186,0.017264598980545998,,,0.0
small,organsmnist_224,resnet,3,0,42,prototype_head_agg,Classifier-head aggregation,classifier_head_aggregation,support_power,11,11,877.5454711914062,614.0,1024.0,-0.07181040942668915,1.0718103647232056,0.8697145581245422,0.0907234475016594,0.90927654504776,,,0.0
small,organsmnist_224,resnet,3,0,42,global_feature_mean,Global-feature mean,global_feature_mean,support_power,11,11,877.5454711914062,614.0,1024.0,0.9999999403953552,1.1920928955078125e-07,1.1920928955078125e-07,0.9999999403953552,1.1920928955078125e-07,,,0.0
small,organsmnist_224,resnet,3,0,42,support_only,Support-only synthetic head,support_only_synthetic,support_power,11,11,877.5454711914062,614.0,1024.0,0.007495294325053692,0.9925046563148499,0.8611757755279541,0.08319894969463348,0.9168010354042053,,,0.0
small,organsmnist_224,resnet,3,0,42,prototype_shuffle,Shuffled-label prototype,reference_prototype_shuffle,support_power,11,11,877.5454711914062,614.0,1024.0,0.8950034976005554,0.10499641299247742,0.0005185604095458984,0.9827353954315186,0.017264598980545998,,,0.0
small,organsmnist_224,resnet,3,0,42,uniform_client_weight,Uniform client weight,reference_prototype,uniform_present_client,11,11,877.5454711914062,614.0,1024.0,0.8950035572052002,0.10499641299247742,0.0005185604095458984,0.9827353954315186,0.017264598980545998,,,0.0
small,organsmnist_224,resnet,3,0,42,global_client_size_weight,Global client-size weight,reference_prototype,global_client_size,11,11,877.5454711914062,614.0,1024.0,0.8950035572052002,0.10499641299247742,0.0005185604095458984,0.9827353954315186,0.017264598980545998,,,0.0
small,organsmnist_224,resnet,3,0.01,42,full,Full prototype,reference_prototype,support_power,11,11,930.9091186523438,544.0,1701.0,0.8950971364974976,0.10490290820598602,0.0004900693893432617,0.9823122620582581,0.01768774352967739,0.9998217225074768,0.9999551773071289,0.36232469986180516
small,organsmnist_224,resnet,3,0.01,42,prototype_head_agg,Classifier-head aggregation,classifier_head_aggregation,support_power,11,11,930.9091186523438,544.0,1701.0,-0.05020604655146599,1.050205945968628,0.7965490818023682,0.12873037159442902,0.8712697625160217,-0.0936622740700841,0.6531957909464836,0.36232469986180516
small,organsmnist_224,resnet,3,0.01,42,global_feature_mean,Global-feature mean,global_feature_mean,support_power,11,11,930.9091186523438,544.0,1701.0,0.9999999403953552,1.1920928955078125e-07,1.1920928955078125e-07,0.9999999403953552,1.1920928955078125e-07,0.9999998807907104,0.9999998956918716,0.36232469986180516
small,organsmnist_224,resnet,3,0.01,42,support_only,Support-only synthetic head,support_only_synthetic,support_power,11,11,930.9091186523438,544.0,1701.0,0.007495294325053692,0.9925046563148499,0.8611757755279541,0.08319894969463348,0.9168010354042053,1.0000001192092896,1.000000074505806,0.36232469986180516
small,organsmnist_224,resnet,3,0.01,42,prototype_shuffle,Shuffled-label prototype,reference_prototype_shuffle,support_power,11,11,930.9091186523438,544.0,1701.0,0.8950970768928528,0.10490290075540543,0.0004900693893432617,0.9823121428489685,0.01768774352967739,0.9998217225074768,0.9211379215121269,0.36232469986180516
small,organsmnist_224,resnet,3,0.01,42,uniform_client_weight,Uniform client weight,reference_prototype,uniform_present_client,11,11,930.9091186523438,544.0,1701.0,0.8951038718223572,0.10489614307880402,0.0004855990409851074,0.9823083281517029,0.017691759392619133,0.9998217225074768,0.999955452978611,0.36363636463557647
small,organsmnist_224,resnet,3,0.01,42,global_client_size_weight,Global client-size weight,reference_prototype,global_client_size,11,11,930.9091186523438,544.0,1701.0,0.8950953483581543,0.1049046665430069,0.00048363208770751953,0.9823079705238342,0.017692051827907562,0.9998217225074768,0.999955341219902,0.3633536564271309
small,organsmnist_224,resnet,3,0.1,42,full,Full prototype,reference_prototype,support_power,11,11,1117.0909423828125,271.0,1960.0,0.8942747712135315,0.10572522133588791,0.0010541081428527832,0.9816227555274963,0.018377136439085007,0.9996917668510886,0.9999047490683469,0.8132887927454345
small,organsmnist_224,resnet,3,0.1,42,prototype_head_agg,Classifier-head aggregation,classifier_head_aggregation,support_power,11,11,1117.0909423828125,271.0,1960.0,0.03660980612039566,0.9633901715278625,0.7426602840423584,0.19600677490234375,0.8039931654930115,0.06354993603685323,0.6506963859904896,0.8132887927454345
small,organsmnist_224,resnet,3,0.1,42,global_feature_mean,Global-feature mean,global_feature_mean,support_power,11,11,1117.0909423828125,271.0,1960.0,1.0,2.0590695370970025e-08,0.0,1.0,0.0,1.0,1.0,0.8132887927454345
small,organsmnist_224,resnet,3,0.1,42,support_only,Support-only synthetic head,support_only_synthetic,support_power,11,11,1117.0909423828125,271.0,1960.0,0.0074952938593924046,0.9925046563148499,0.8611757755279541,0.08319894969463348,0.9168010354042053,1.000000066616956,1.0000000514767386,0.8132887927454345
small,organsmnist_224,resnet,3,0.1,42,prototype_shuffle,Shuffled-label prototype,reference_prototype_shuffle,support_power,11,11,1117.0909423828125,271.0,1960.0,0.8942748308181763,0.10572521388530731,0.0010541081428527832,0.9816227555274963,0.018377136439085007,0.9996917668510886,0.9252655587413094,0.8132887927454345
small,organsmnist_224,resnet,3,0.1,42,uniform_client_weight,Uniform client weight,reference_prototype,uniform_present_client,11,11,1117.0909423828125,271.0,1960.0,0.8942742943763733,0.10572570562362671,0.001049637794494629,0.9816227555274963,0.018377212807536125,0.9996917668510886,0.9999051988124847,0.8181818259958394
small,organsmnist_224,resnet,3,0.1,42,global_client_size_weight,Global client-size weight,reference_prototype,global_client_size,11,11,1117.0909423828125,271.0,1960.0,0.8942747116088867,0.10572529584169388,0.0010472536087036133,0.981625497341156,0.018374480307102203,0.9996917668510886,0.9999051446264441,0.817445301195912
small,organsmnist_224,resnet,5,0,42,full,Full prototype,reference_prototype,support_power,11,11,877.5454711914062,614.0,1024.0,0.8945701122283936,0.10542985796928406,0.0005185604095458984,0.9826144576072693,0.017385559156537056,,,0.0
small,organsmnist_224,resnet,5,0,42,prototype_head_agg,Classifier-head aggregation,classifier_head_aggregation,support_power,11,11,877.5454711914062,614.0,1024.0,0.09040357917547226,0.90959632396698,0.6529182195663452,0.2375936508178711,0.7624063491821289,,,0.0
small,organsmnist_224,resnet,5,0,42,global_feature_mean,Global-feature mean,global_feature_mean,support_power,11,11,877.5454711914062,614.0,1024.0,1.0000001192092896,-2.384185791015625e-07,-2.384185791015625e-07,1.0000001192092896,-2.384185791015625e-07,,,0.0
small,organsmnist_224,resnet,5,0,42,support_only,Support-only synthetic head,support_only_synthetic,support_power,11,11,877.5454711914062,614.0,1024.0,0.007495294325053692,0.9925046563148499,0.8611757755279541,0.08319894969463348,0.9168010354042053,,,0.0
small,organsmnist_224,resnet,5,0,42,prototype_shuffle,Shuffled-label prototype,reference_prototype_shuffle,support_power,11,11,877.5454711914062,614.0,1024.0,0.8945701718330383,0.10542985796928406,0.0005185604095458984,0.9826143383979797,0.017385559156537056,,,0.0
small,organsmnist_224,resnet,5,0,42,uniform_client_weight,Uniform client weight,reference_prototype,uniform_present_client,11,11,877.5454711914062,614.0,1024.0,0.8945701122283936,0.10542985796928406,0.0005185604095458984,0.9826144576072693,0.017385559156537056,,,0.0
small,organsmnist_224,resnet,5,0,42,global_client_size_weight,Global client-size weight,reference_prototype,global_client_size,11,11,877.5454711914062,614.0,1024.0,0.8945701122283936,0.10542985796928406,0.0005185604095458984,0.9826144576072693,0.017385559156537056,,,0.0
small,organsmnist_224,resnet,5,0.01,42,full,Full prototype,reference_prototype,support_power,11,11,943.0908813476562,614.0,1442.0,0.8945082426071167,0.10549181699752808,0.0004895925521850586,0.9821714758872986,0.017828475683927536,0.9999725421269735,0.9999931355317434,0.27217386457577875
small,organsmnist_224,resnet,5,0.01,42,prototype_head_agg,Classifier-head aggregation,classifier_head_aggregation,support_power,11,11,943.0908813476562,614.0,1442.0,-0.044619761407375336,1.0446197986602783,0.6770218014717102,0.15601710975170135,0.8439828753471375,0.01339437315861384,0.698095440864563,0.27217386457577875
small,organsmnist_224,resnet,5,0.01,42,global_feature_mean,Global-feature mean,global_feature_mean,support_power,11,11,943.0908813476562,614.0,1442.0,0.9999999403953552,9.319999350054786e-08,-1.1920928955078125e-07,1.0,-2.167441692790817e-08,0.9999998807907104,0.9999999403953552,0.27217386457577875
small,organsmnist_224,resnet,5,0.01,42,support_only,Support-only synthetic head,support_only_synthetic,support_power,11,11,943.0908813476562,614.0,1442.0,0.0074952938593924046,0.9925046563148499,0.8611757755279541,0.08319893479347229,0.9168010354042053,1.0000000794728596,1.0,0.27217386457577875
small,organsmnist_224,resnet,5,0.01,42,prototype_shuffle,Shuffled-label prototype,reference_prototype_shuffle,support_power,11,11,943.0908813476562,614.0,1442.0,0.8945081830024719,0.10549180954694748,0.0004895925521850586,0.9821714758872986,0.017828475683927536,0.9999725421269735,0.8417156040668488,0.27217386457577875
small,organsmnist_224,resnet,5,0.01,42,uniform_client_weight,Uniform client weight,reference_prototype,uniform_present_client,11,11,943.0908813476562,614.0,1442.0,0.8945008516311646,0.10549910366535187,0.00048804283142089844,0.9821720719337463,0.01782778650522232,0.9999725421269735,0.9999931752681732,0.27272727347668235
small,organsmnist_224,resnet,5,0.01,42,global_client_size_weight,Global client-size weight,reference_prototype,global_client_size,11,11,943.0908813476562,614.0,1442.0,0.8944302797317505,0.10556979477405548,0.0004788637161254883,0.9821766018867493,0.01782338134944439,0.9999725421269735,0.9999903043111166,0.12510905078027104
small,organsmnist_224,resnet,5,0.1,42,full,Full prototype,reference_prototype,support_power,11,11,1861.8182373046875,743.0,2573.0,0.8954672813415527,0.10453272610902786,0.0006331205368041992,0.9824666380882263,0.0175334382802248,0.9997568726539612,0.9999133267918149,0.9990772266485203
small,organsmnist_224,resnet,5,0.1,42,prototype_head_agg,Classifier-head aggregation,classifier_head_aggregation,support_power,11,11,1861.8182373046875,743.0,2573.0,0.12015847861766815,0.8798414468765259,0.5302717685699463,0.29519128799438477,0.7048087120056152,0.05731736413857087,0.5706942927192997,0.9990772266485203
small,organsmnist_224,resnet,5,0.1,42,global_feature_mean,Global-feature mean,global_feature_mean,support_power,11,11,1861.8182373046875,743.0,2573.0,1.0,-2.2758136708489474e-08,-1.1920928955078125e-07,1.0,-7.586045569496491e-08,0.9999999403953552,1.0000000483280904,0.9990772266485203
small,organsmnist_224,resnet,5,0.1,42,support_only,Support-only synthetic head,support_only_synthetic,support_power,11,11,1861.8182373046875,743.0,2573.0,0.0074952938593924046,0.9925046563148499,0.8611757755279541,0.0831989273428917,0.9168010354042053,1.0000001001865306,1.0000000547718357,0.9990772266485203
small,organsmnist_224,resnet,5,0.1,42,prototype_shuffle,Shuffled-label prototype,reference_prototype_shuffle,support_power,11,11,1861.8182373046875,743.0,2573.0,0.8954672813415527,0.10453272610902786,0.0006331205368041992,0.9824666380882263,0.0175334382802248,0.9997568726539612,0.9279975440051105,0.9990772266485203
small,organsmnist_224,resnet,5,0.1,42,uniform_client_weight,Uniform client weight,reference_prototype,uniform_present_client,11,11,1861.8182373046875,743.0,2573.0,0.8954747319221497,0.10452530533075333,0.0006257891654968262,0.9824671149253845,0.017532771453261375,0.9997568726539612,0.999913439557359,1.0000000069221797
small,organsmnist_224,resnet,5,0.1,42,global_client_size_weight,Global client-size weight,reference_prototype,global_client_size,11,11,1861.8182373046875,743.0,2573.0,0.895340085029602,0.10465993732213974,0.0006044507026672363,0.9825766086578369,0.01742330938577652,0.9997568726539612,0.9999064883670291,0.9075290016710214
small,organsmnist_224,resnet,7,0,42,full,Full prototype,reference_prototype,support_power,11,11,877.5454711914062,614.0,1024.0,0.894705057144165,0.10529488325119019,0.0005186200141906738,0.9824636578559875,0.01753625087440014,,,0.0
small,organsmnist_224,resnet,7,0,42,prototype_head_agg,Classifier-head aggregation,classifier_head_aggregation,support_power,11,11,877.5454711914062,614.0,1024.0,0.12453554570674896,0.8754643797874451,0.643765926361084,0.24885550141334534,0.7511444687843323,,,0.0
small,organsmnist_224,resnet,7,0,42,global_feature_mean,Global-feature mean,global_feature_mean,support_power,11,11,877.5454711914062,614.0,1024.0,1.0,0.0,0.0,1.0,0.0,,,0.0
small,organsmnist_224,resnet,7,0,42,support_only,Support-only synthetic head,support_only_synthetic,support_power,11,11,877.5454711914062,614.0,1024.0,0.007495294325053692,0.9925046563148499,0.8611757755279541,0.08319894969463348,0.9168010354042053,,,0.0
small,organsmnist_224,resnet,7,0,42,prototype_shuffle,Shuffled-label prototype,reference_prototype_shuffle,support_power,11,11,877.5454711914062,614.0,1024.0,0.8947051763534546,0.10529486835002899,0.0005186200141906738,0.9824636578559875,0.01753625087440014,,,0.0
small,organsmnist_224,resnet,7,0,42,uniform_client_weight,Uniform client weight,reference_prototype,uniform_present_client,11,11,877.5454711914062,614.0,1024.0,0.894705057144165,0.10529488325119019,0.0005186200141906738,0.9824636578559875,0.01753625087440014,,,0.0
small,organsmnist_224,resnet,7,0,42,global_client_size_weight,Global client-size weight,reference_prototype,global_client_size,11,11,877.5454711914062,614.0,1024.0,0.894705057144165,0.10529488325119019,0.0005186200141906738,0.9824636578559875,0.01753625087440014,,,0.0
small,organsmnist_224,resnet,7,0.01,42,full,Full prototype,reference_prototype,support_power,11,11,1317.272705078125,614.0,3072.0,0.8948363065719604,0.10516364127397537,0.0005185604095458984,0.9824355840682983,0.01756441593170166,0.9998255769411722,0.9999570515420702,0.3636363660270246
small,organsmnist_224,resnet,7,0.01,42,prototype_head_agg,Classifier-head aggregation,classifier_head_aggregation,support_power,11,11,1317.272705078125,614.0,3072.0,0.010934969410300255,0.9890650510787964,0.7145673036575317,0.158890038728714,0.8411099910736084,-0.16875034694870314,0.5756973508331511,0.3636363660270246
small,organsmnist_224,resnet,7,0.01,42,global_feature_mean,Global-feature mean,global_feature_mean,support_power,11,11,1317.272705078125,614.0,3072.0,1.0,1.1920929132713809e-08,0.0,1.0,5.418604231977042e-09,1.0,0.9999999867545234,0.3636363660270246
small,organsmnist_224,resnet,7,0.01,42,support_only,Support-only synthetic head,support_only_synthetic,support_power,11,11,1317.272705078125,614.0,3072.0,0.0074952938593924046,0.9925046563148499,0.8611757755279541,0.08319894969463348,0.9168010354042053,1.0000000099341075,1.0000000066227384,0.3636363660270246
small,organsmnist_224,resnet,7,0.01,42,prototype_shuffle,Shuffled-label prototype,reference_prototype_shuffle,support_power,11,11,1317.272705078125,614.0,3072.0,0.8948363661766052,0.10516364127397537,0.0005185604095458984,0.9824355840682983,0.01756441593170166,0.9998255769411722,0.9698851770824857,0.3636363660270246
small,organsmnist_224,resnet,7,0.01,42,uniform_client_weight,Uniform client weight,reference_prototype,uniform_present_client,11,11,1317.272705078125,614.0,3072.0,0.8948363065719604,0.10516364127397537,0.0005185604095458984,0.9824355840682983,0.01756441593170166,0.9998255769411722,0.9999570316738553,0.3636363660270246
small,organsmnist_224,resnet,7,0.01,42,global_client_size_weight,Global client-size weight,reference_prototype,global_client_size,11,11,1317.272705078125,614.0,3072.0,0.8948113918304443,0.10518854856491089,0.0005185604095458984,0.9824585318565369,0.017541468143463135,0.9998255769411722,0.9999533560540941,0.33578788059788545
small,organsmnist_224,resnet,7,0.1,42,full,Full prototype,reference_prototype,support_power,11,11,2558.9091796875,1290.0,4509.0,0.8949984908103943,0.10500148683786392,0.0005209445953369141,0.9826697707176208,0.01733025722205639,0.9997471104185265,0.9999054023560058,0.9976164483801248
small,organsmnist_224,resnet,7,0.1,42,prototype_head_agg,Classifier-head aggregation,classifier_head_aggregation,support_power,11,11,2558.9091796875,1290.0,4509.0,0.12024413049221039,0.8797557950019836,0.5510891079902649,0.28248515725135803,0.7175148725509644,0.04958871429427022,0.5127798680295336,0.9976164483801248
small,organsmnist_224,resnet,7,0.1,42,global_feature_mean,Global-feature mean,global_feature_mean,support_power,11,11,2558.9091796875,1290.0,4509.0,1.0,2.0590695370970025e-08,-1.1920928955078125e-07,1.0,-2.167441692790817e-08,0.9999999403953552,0.9999999467362749,0.9976164483801248
small,organsmnist_224,resnet,7,0.1,42,support_only,Support-only synthetic head,support_only_synthetic,support_power,11,11,2558.9091796875,1290.0,4509.0,0.007495293393731117,0.9925046563148499,0.8611757755279541,0.08319894224405289,0.9168010354042053,1.0000000912022877,1.0000000672137483,0.9976164483801248
small,organsmnist_224,resnet,7,0.1,42,prototype_shuffle,Shuffled-label prototype,reference_prototype_shuffle,support_power,11,11,2558.9091796875,1290.0,4509.0,0.8949984908103943,0.10500148683786392,0.0005209445953369141,0.9826697707176208,0.01733025722205639,0.9997471104185265,0.9222283198478374,0.9976164483801248
small,organsmnist_224,resnet,7,0.1,42,uniform_client_weight,Uniform client weight,reference_prototype,uniform_present_client,11,11,2558.9091796875,1290.0,4509.0,0.8949809074401855,0.10501911491155624,0.000522315502166748,0.9826703667640686,0.017329687252640724,0.9997471104185265,0.9999055596108132,1.000000022884147
small,organsmnist_224,resnet,7,0.1,42,global_client_size_weight,Global client-size weight,reference_prototype,global_client_size,11,11,2558.9091796875,1290.0,4509.0,0.894891083240509,0.10510887950658798,0.0005524158477783203,0.9826576113700867,0.01734236069023609,0.9997471104185265,0.999902330814524,0.9596352783627894
small,organsmnist_224,swin_tiny,3,0,42,full,Full prototype,reference_prototype,support_power,11,11,877.5454711914062,614.0,1024.0,0.7462040185928345,0.2537960112094879,0.0018848776817321777,0.9472530484199524,0.052746858447790146,,,0.0
small,organsmnist_224,swin_tiny,3,0,42,prototype_head_agg,Classifier-head aggregation,classifier_head_aggregation,support_power,11,11,877.5454711914062,614.0,1024.0,0.05443478375673294,0.9455652832984924,0.2734163999557495,0.4596046507358551,0.5403953194618225,,,0.0
small,organsmnist_224,swin_tiny,3,0,42,global_feature_mean,Global-feature mean,global_feature_mean,support_power,11,11,877.5454711914062,614.0,1024.0,1.0,0.0,0.0,1.0,0.0,,,0.0
small,organsmnist_224,swin_tiny,3,0,42,support_only,Support-only synthetic head,support_only_synthetic,support_power,11,11,877.5454711914062,614.0,1024.0,0.012117769569158554,0.9878822565078735,0.8904972672462463,0.07490812987089157,0.9250918030738831,,,0.0
small,organsmnist_224,swin_tiny,3,0,42,prototype_shuffle,Shuffled-label prototype,reference_prototype_shuffle,support_power,11,11,877.5454711914062,614.0,1024.0,0.7462040185928345,0.2537960112094879,0.0018848776817321777,0.9472531676292419,0.052746858447790146,,,0.0
small,organsmnist_224,swin_tiny,3,0,42,uniform_client_weight,Uniform client weight,reference_prototype,uniform_present_client,11,11,877.5454711914062,614.0,1024.0,0.7462040185928345,0.2537960112094879,0.0018848776817321777,0.9472530484199524,0.052746858447790146,,,0.0
small,organsmnist_224,swin_tiny,3,0,42,global_client_size_weight,Global client-size weight,reference_prototype,global_client_size,11,11,877.5454711914062,614.0,1024.0,0.7462040185928345,0.2537960112094879,0.0018848776817321777,0.9472530484199524,0.052746858447790146,,,0.0
small,organsmnist_224,swin_tiny,3,0.01,42,full,Full prototype,reference_prototype,support_power,11,11,930.9091186523438,544.0,1701.0,0.7457895874977112,0.2542104125022888,0.0018435120582580566,0.9466568231582642,0.053343143314123154,0.9993550777435303,0.9998378604650497,0.36232469986180516
small,organsmnist_224,swin_tiny,3,0.01,42,prototype_head_agg,Classifier-head aggregation,classifier_head_aggregation,support_power,11,11,930.9091186523438,544.0,1701.0,0.000703076075296849,0.9992969632148743,0.647331714630127,0.26832154393196106,0.7316784262657166,-0.044466279447078705,0.6793683655560017,0.36232469986180516
small,organsmnist_224,swin_tiny,3,0.01,42,global_feature_mean,Global-feature mean,global_feature_mean,support_power,11,11,930.9091186523438,544.0,1701.0,1.0000001192092896,-2.167441692790817e-07,-2.384185791015625e-07,1.0000001192092896,-2.2758136708489474e-07,1.000000238418579,1.0000001192092896,0.36232469986180516
small,organsmnist_224,swin_tiny,3,0.01,42,support_only,Support-only synthetic head,support_only_synthetic,support_power,11,11,930.9091186523438,544.0,1701.0,0.012117769569158554,0.9878822565078735,0.8904972672462463,0.07490812987089157,0.9250918030738831,1.0000000596046448,1.0000000894069672,0.36232469986180516
small,organsmnist_224,swin_tiny,3,0.01,42,prototype_shuffle,Shuffled-label prototype,reference_prototype_shuffle,support_power,11,11,930.9091186523438,544.0,1701.0,0.7457895874977112,0.25421038269996643,0.0018435120582580566,0.9466568231582642,0.053343143314123154,0.9993550777435303,0.7510954737663269,0.36232469986180516
small,organsmnist_224,swin_tiny,3,0.01,42,uniform_client_weight,Uniform client weight,reference_prototype,uniform_present_client,11,11,930.9091186523438,544.0,1701.0,0.7457550168037415,0.25424495339393616,0.001849830150604248,0.9466262459754944,0.05337386950850487,0.9993550777435303,0.9998387470841408,0.36363636463557647
small,organsmnist_224,swin_tiny,3,0.01,42,global_client_size_weight,Global client-size weight,reference_prototype,global_client_size,11,11,930.9091186523438,544.0,1701.0,0.7457530498504639,0.25424695014953613,0.001853346824645996,0.9466245770454407,0.053375426679849625,0.9993550777435303,0.9998385235667229,0.3633536564271309
small,organsmnist_224,swin_tiny,3,0.1,42,full,Full prototype,reference_prototype,support_power,11,11,1117.0909423828125,271.0,1960.0,0.7442525029182434,0.2557474970817566,0.002541065216064453,0.9454026818275452,0.0545974038541317,0.9989675073062673,0.9996867857196114,0.8132887927454345
small,organsmnist_224,swin_tiny,3,0.1,42,prototype_head_agg,Classifier-head aggregation,classifier_head_aggregation,support_power,11,11,1117.0909423828125,271.0,1960.0,-0.004339979961514473,1.0043400526046753,0.5448544025421143,0.2409590184688568,0.7590410113334656,-0.0030952678335940138,0.6274959214709022,0.8132887927454345
small,organsmnist_224,swin_tiny,3,0.1,42,global_feature_mean,Global-feature mean,global_feature_mean,support_power,11,11,1117.0909423828125,271.0,1960.0,0.9999999403953552,8.669766771163268e-08,0.0,1.0,4.334883385581634e-08,1.0,0.9999999322674491,0.8132887927454345
small,organsmnist_224,swin_tiny,3,0.1,42,support_only,Support-only synthetic head,support_only_synthetic,support_power,11,11,1117.0909423828125,271.0,1960.0,0.012117767706513405,0.9878822565078735,0.8904972672462463,0.07490812987089157,0.9250918030738831,1.000000017530778,1.0000000460581346,0.8132887927454345
small,organsmnist_224,swin_tiny,3,0.1,42,prototype_shuffle,Shuffled-label prototype,reference_prototype_shuffle,support_power,11,11,1117.0909423828125,271.0,1960.0,0.7442525029182434,0.2557474672794342,0.002541065216064453,0.9454026818275452,0.0545974038541317,0.9989675073062673,0.8048778962005269,0.8132887927454345
small,organsmnist_224,swin_tiny,3,0.1,42,uniform_client_weight,Uniform client weight,reference_prototype,uniform_present_client,11,11,1117.0909423828125,271.0,1960.0,0.7442246079444885,0.2557753622531891,0.0025731325149536133,0.9453881978988647,0.054611895233392715,0.9989675073062673,0.9996883110566572,0.8181818259958394
small,organsmnist_224,swin_tiny,3,0.1,42,global_client_size_weight,Global client-size weight,reference_prototype,global_client_size,11,11,1117.0909423828125,271.0,1960.0,0.7442175149917603,0.25578248500823975,0.0025862455368041992,0.9453867077827454,0.054613351821899414,0.9989675073062673,0.9996880455450579,0.817445301195912
small,organsmnist_224,swin_tiny,5,0,42,full,Full prototype,reference_prototype,support_power,11,11,877.5454711914062,614.0,1024.0,0.745745837688446,0.25425416231155396,0.0018848180770874023,0.9470996260643005,0.05290037766098976,,,0.0
small,organsmnist_224,swin_tiny,5,0,42,prototype_head_agg,Classifier-head aggregation,classifier_head_aggregation,support_power,11,11,877.5454711914062,614.0,1024.0,0.04048304259777069,0.9595170617103577,0.5197328329086304,0.2750285267829895,0.7249714136123657,,,0.0
small,organsmnist_224,swin_tiny,5,0,42,global_feature_mean,Global-feature mean,global_feature_mean,support_power,11,11,877.5454711914062,614.0,1024.0,0.9999999403953552,1.1920928955078125e-07,1.1920928955078125e-07,0.9999999403953552,1.1920928955078125e-07,,,0.0
small,organsmnist_224,swin_tiny,5,0,42,support_only,Support-only synthetic head,support_only_synthetic,support_power,11,11,877.5454711914062,614.0,1024.0,0.012117769569158554,0.9878822565078735,0.8904972672462463,0.07490812987089157,0.9250918030738831,,,0.0
small,organsmnist_224,swin_tiny,5,0,42,prototype_shuffle,Shuffled-label prototype,reference_prototype_shuffle,support_power,11,11,877.5454711914062,614.0,1024.0,0.745745837688446,0.2542541027069092,0.0018848180770874023,0.9470996260643005,0.05290037766098976,,,0.0
small,organsmnist_224,swin_tiny,5,0,42,uniform_client_weight,Uniform client weight,reference_prototype,uniform_present_client,11,11,877.5454711914062,614.0,1024.0,0.745745837688446,0.25425416231155396,0.0018848180770874023,0.9470996260643005,0.05290037766098976,,,0.0
small,organsmnist_224,swin_tiny,5,0,42,global_client_size_weight,Global client-size weight,reference_prototype,global_client_size,11,11,877.5454711914062,614.0,1024.0,0.745745837688446,0.25425416231155396,0.0018848180770874023,0.9470996260643005,0.05290037766098976,,,0.0
small,organsmnist_224,swin_tiny,5,0.01,42,full,Full prototype,reference_prototype,support_power,11,11,943.0908813476562,614.0,1442.0,0.7453183531761169,0.25468164682388306,0.0018600821495056152,0.9468674063682556,0.053132638335227966,0.9998906056086222,0.999972532192866,0.27217386457577875
small,organsmnist_224,swin_tiny,5,0.01,42,prototype_head_agg,Classifier-head aggregation,classifier_head_aggregation,support_power,11,11,943.0908813476562,614.0,1442.0,0.07016809284687042,0.9298319220542908,0.18718063831329346,0.4389742910861969,0.5610256791114807,-0.006107255195577939,0.6835562288761139,0.27217386457577875
small,organsmnist_224,swin_tiny,5,0.01,42,global_feature_mean,Global-feature mean,global_feature_mean,support_power,11,11,943.0908813476562,614.0,1442.0,0.9999999403953552,7.802789525612752e-08,5.960464477539063e-08,0.9999999403953552,5.960464477539063e-08,0.9999999403953552,0.9999999304612478,0.27217386457577875
small,organsmnist_224,swin_tiny,5,0.01,42,support_only,Support-only synthetic head,support_only_synthetic,support_power,11,11,943.0908813476562,614.0,1442.0,0.012117769569158554,0.9878822565078735,0.8904972672462463,0.07490812987089157,0.9250918030738831,0.999999980131785,1.0000000198682149,0.27217386457577875
small,organsmnist_224,swin_tiny,5,0.01,42,prototype_shuffle,Shuffled-label prototype,reference_prototype_shuffle,support_power,11,11,943.0908813476562,614.0,1442.0,0.7453183531761169,0.25468164682388306,0.0018600821495056152,0.9468675255775452,0.053132638335227966,0.9998906056086222,0.597336083650589,0.27217386457577875
small,organsmnist_224,swin_tiny,5,0.01,42,uniform_client_weight,Uniform client weight,reference_prototype,uniform_present_client,11,11,943.0908813476562,614.0,1442.0,0.7453227639198303,0.2546772360801697,0.0018609166145324707,0.9468702077865601,0.053129736334085464,0.9998906056086222,0.9999727010726929,0.27272727347668235
small,organsmnist_224,swin_tiny,5,0.01,42,global_client_size_weight,Global client-size weight,reference_prototype,global_client_size,11,11,943.0908813476562,614.0,1442.0,0.7453646063804626,0.25463539361953735,0.0018914341926574707,0.9468892812728882,0.053110744804143906,0.9998906056086222,0.9999612669150034,0.12510905078027104
small,organsmnist_224,swin_tiny,5,0.1,42,full,Full prototype,reference_prototype,support_power,11,11,1861.8182373046875,743.0,2573.0,0.7459031939506531,0.25409677624702454,0.0023276209831237793,0.9466337561607361,0.0533662885427475,0.9991660156148545,0.999701617537318,0.9990772266485203
small,organsmnist_224,swin_tiny,5,0.1,42,prototype_head_agg,Classifier-head aggregation,classifier_head_aggregation,support_power,11,11,1861.8182373046875,743.0,2573.0,0.027879100292921066,0.9721208810806274,0.5998802781105042,0.26958781480789185,0.7304121255874634,-0.008998030330985785,0.5263080560677761,0.9990772266485203
small,organsmnist_224,swin_tiny,5,0.1,42,global_feature_mean,Global-feature mean,global_feature_mean,support_power,11,11,1861.8182373046875,743.0,2573.0,1.0,7.2609296353221e-08,0.0,1.0,5.418604231977042e-09,0.9999999403953552,0.9999999661703367,0.9990772266485203
small,organsmnist_224,swin_tiny,5,0.1,42,support_only,Support-only synthetic head,support_only_synthetic,support_power,11,11,1861.8182373046875,743.0,2573.0,0.012117769569158554,0.9878822565078735,0.8904972672462463,0.07490812987089157,0.9250918030738831,1.0000000076091036,1.0000000209421724,0.9990772266485203
small,organsmnist_224,swin_tiny,5,0.1,42,prototype_shuffle,Shuffled-label prototype,reference_prototype_shuffle,support_power,11,11,1861.8182373046875,743.0,2573.0,0.7459031939506531,0.25409677624702454,0.0023276209831237793,0.9466336965560913,0.0533662885427475,0.9991660156148545,0.8038268524247247,0.9990772266485203
small,organsmnist_224,swin_tiny,5,0.1,42,uniform_client_weight,Uniform client weight,reference_prototype,uniform_present_client,11,11,1861.8182373046875,743.0,2573.0,0.7459226250648499,0.25407731533050537,0.0023177266120910645,0.9466190934181213,0.053380824625492096,0.9991660156148545,0.9997018849527514,1.0000000069221797
small,organsmnist_224,swin_tiny,5,0.1,42,global_client_size_weight,Global client-size weight,reference_prototype,global_client_size,11,11,1861.8182373046875,743.0,2573.0,0.745987057685852,0.2540128827095032,0.002398967742919922,0.9466361403465271,0.053363896906375885,0.9991660156148545,0.9996776419716913,0.9075290016710214
small,organsmnist_224,swin_tiny,7,0,42,full,Full prototype,reference_prototype,support_power,11,11,877.5454711914062,614.0,1024.0,0.7458011507987976,0.2541988790035248,0.0018848180770874023,0.9473316669464111,0.05266829580068588,,,0.0
small,organsmnist_224,swin_tiny,7,0,42,prototype_head_agg,Classifier-head aggregation,classifier_head_aggregation,support_power,11,11,877.5454711914062,614.0,1024.0,0.02907194383442402,0.9709281325340271,0.7062302827835083,0.15970972180366516,0.8402901291847229,,,0.0
small,organsmnist_224,swin_tiny,7,0,42,global_feature_mean,Global-feature mean,global_feature_mean,support_power,11,11,877.5454711914062,614.0,1024.0,1.0,0.0,0.0,1.0,0.0,,,0.0
small,organsmnist_224,swin_tiny,7,0,42,support_only,Support-only synthetic head,support_only_synthetic,support_power,11,11,877.5454711914062,614.0,1024.0,0.012117769569158554,0.9878822565078735,0.8904972672462463,0.07490812987089157,0.9250918030738831,,,0.0
small,organsmnist_224,swin_tiny,7,0,42,prototype_shuffle,Shuffled-label prototype,reference_prototype_shuffle,support_power,11,11,877.5454711914062,614.0,1024.0,0.7458011507987976,0.2541988790035248,0.0018848180770874023,0.9473316669464111,0.05266829580068588,,,0.0
small,organsmnist_224,swin_tiny,7,0,42,uniform_client_weight,Uniform client weight,reference_prototype,uniform_present_client,11,11,877.5454711914062,614.0,1024.0,0.7458011507987976,0.2541988790035248,0.0018848180770874023,0.9473316669464111,0.05266829580068588,,,0.0
small,organsmnist_224,swin_tiny,7,0,42,global_client_size_weight,Global client-size weight,reference_prototype,global_client_size,11,11,877.5454711914062,614.0,1024.0,0.7458011507987976,0.2541988790035248,0.0018848180770874023,0.9473316669464111,0.05266829580068588,,,0.0
small,organsmnist_224,swin_tiny,7,0.01,42,full,Full prototype,reference_prototype,support_power,11,11,1317.272705078125,614.0,3072.0,0.7450527548789978,0.2549472749233246,0.0018848180770874023,0.9467427730560303,0.05325721576809883,0.9993881483872732,0.9998448226186964,0.3636363660270246
small,organsmnist_224,swin_tiny,7,0.01,42,prototype_head_agg,Classifier-head aggregation,classifier_head_aggregation,support_power,11,11,1317.272705078125,614.0,3072.0,0.022748639807105064,0.9772513508796692,0.2908869981765747,0.2947448790073395,0.7052550911903381,-0.021173627115786076,0.6497433914078606,0.3636363660270246
small,organsmnist_224,swin_tiny,7,0.01,42,global_feature_mean,Global-feature mean,global_feature_mean,support_power,11,11,1317.272705078125,614.0,3072.0,0.9999999403953552,1.1920928955078125e-07,1.1920928955078125e-07,0.9999999403953552,1.1920928955078125e-07,0.9999998807907104,0.9999999403953552,0.3636363660270246
small,organsmnist_224,swin_tiny,7,0.01,42,support_only,Support-only synthetic head,support_only_synthetic,support_power,11,11,1317.272705078125,614.0,3072.0,0.012117769569158554,0.9878822565078735,0.8904972672462463,0.07490813732147217,0.9250918030738831,1.0000000198682149,1.0000000794728596,0.3636363660270246
small,organsmnist_224,swin_tiny,7,0.01,42,prototype_shuffle,Shuffled-label prototype,reference_prototype_shuffle,support_power,11,11,1317.272705078125,614.0,3072.0,0.7450527548789978,0.2549472749233246,0.0018848180770874023,0.9467427730560303,0.05325721576809883,0.9993881483872732,0.9051087101300558,0.3636363660270246
small,organsmnist_224,swin_tiny,7,0.01,42,uniform_client_weight,Uniform client weight,reference_prototype,uniform_present_client,11,11,1317.272705078125,614.0,3072.0,0.7450527548789978,0.2549472749233246,0.0018848180770874023,0.9467427730560303,0.05325721576809883,0.9993881483872732,0.9998448226186964,0.3636363660270246
small,organsmnist_224,swin_tiny,7,0.01,42,global_client_size_weight,Global client-size weight,reference_prototype,global_client_size,11,11,1317.272705078125,614.0,3072.0,0.7449498772621155,0.2550501525402069,0.0018848180770874023,0.9467964172363281,0.05320361629128456,0.9993881483872732,0.9998294181293912,0.33578788059788545
small,organsmnist_224,swin_tiny,7,0.1,42,full,Full prototype,reference_prototype,support_power,11,11,2558.9091796875,1290.0,4509.0,0.7452879548072815,0.2547120749950409,0.0024183988571166992,0.9470279812812805,0.05297200754284859,0.9991356716098556,0.9996787398419482,0.9976164483801248
small,organsmnist_224,swin_tiny,7,0.1,42,prototype_head_agg,Classifier-head aggregation,classifier_head_aggregation,support_power,11,11,2558.9091796875,1290.0,4509.0,0.022569885477423668,0.9774301052093506,0.7272484302520752,0.2135206162929535,0.7864793539047241,0.011259178659059557,0.4825530007798621,0.9976164483801248
small,organsmnist_224,swin_tiny,7,0.1,42,global_feature_mean,Global-feature mean,global_feature_mean,support_power,11,11,2558.9091796875,1290.0,4509.0,1.0,-5.852092499480932e-08,-1.1920928955078125e-07,1.0000001192092896,-1.1920928955078125e-07,1.0,1.000000021559127,0.9976164483801248
small,organsmnist_224,swin_tiny,7,0.1,42,support_only,Support-only synthetic head,support_only_synthetic,support_power,11,11,2558.9091796875,1290.0,4509.0,0.012117769569158554,0.9878822565078735,0.8904972672462463,0.07490812987089157,0.9250918030738831,1.0000000186713345,1.000000020290943,0.9976164483801248
small,organsmnist_224,swin_tiny,7,0.1,42,prototype_shuffle,Shuffled-label prototype,reference_prototype_shuffle,support_power,11,11,2558.9091796875,1290.0,4509.0,0.7452878952026367,0.2547120749950409,0.0024183988571166992,0.9470279216766357,0.05297200754284859,0.9991356716098556,0.7950435299822625,0.9976164483801248
small,organsmnist_224,swin_tiny,7,0.1,42,uniform_client_weight,Uniform client weight,reference_prototype,uniform_present_client,11,11,2558.9091796875,1290.0,4509.0,0.7452757358551025,0.25472429394721985,0.0024400949478149414,0.9470674395561218,0.052932631224393845,0.9991356716098556,0.9996793625202585,1.000000022884147
small,organsmnist_224,swin_tiny,7,0.1,42,global_client_size_weight,Global client-size weight,reference_prototype,global_client_size,11,11,2558.9091796875,1290.0,4509.0,0.7452062964439392,0.2547937035560608,0.0026097893714904785,0.9472225308418274,0.05277743563055992,0.9991356716098556,0.9996683889247001,0.9596352783627894
small,organsmnist_224,vit_t,3,0,42,full,Full prototype,reference_prototype,support_power,11,11,877.5454711914062,614.0,1024.0,0.8146010041236877,0.18539905548095703,0.0007643699645996094,0.9660825133323669,0.03391752019524574,,,0.0
small,organsmnist_224,vit_t,3,0,42,prototype_head_agg,Classifier-head aggregation,classifier_head_aggregation,support_power,11,11,877.5454711914062,614.0,1024.0,0.002844991395249963,0.9971550703048706,0.06497561931610107,0.3834047317504883,0.6165952682495117,,,0.0
small,organsmnist_224,vit_t,3,0,42,global_feature_mean,Global-feature mean,global_feature_mean,support_power,11,11,877.5454711914062,614.0,1024.0,0.9999999403953552,1.7881393432617188e-07,1.7881393432617188e-07,0.9999999403953552,1.7881393432617188e-07,,,0.0
small,organsmnist_224,vit_t,3,0,42,support_only,Support-only synthetic head,support_only_synthetic,support_power,11,11,877.5454711914062,614.0,1024.0,0.01685403659939766,0.983146071434021,0.8010047078132629,0.13727062940597534,0.8627293109893799,,,0.0
small,organsmnist_224,vit_t,3,0,42,prototype_shuffle,Shuffled-label prototype,reference_prototype_shuffle,support_power,11,11,877.5454711914062,614.0,1024.0,0.814600944519043,0.18539904057979584,0.0007643699645996094,0.9660825133323669,0.03391752019524574,,,0.0
small,organsmnist_224,vit_t,3,0,42,uniform_client_weight,Uniform client weight,reference_prototype,uniform_present_client,11,11,877.5454711914062,614.0,1024.0,0.8146010041236877,0.18539905548095703,0.0007643699645996094,0.9660825133323669,0.03391752019524574,,,0.0
small,organsmnist_224,vit_t,3,0,42,global_client_size_weight,Global client-size weight,reference_prototype,global_client_size,11,11,877.5454711914062,614.0,1024.0,0.8146010041236877,0.18539905548095703,0.0007643699645996094,0.9660825133323669,0.03391752019524574,,,0.0
small,organsmnist_224,vit_t,3,0.01,42,full,Full prototype,reference_prototype,support_power,11,11,930.9091186523438,544.0,1701.0,0.81392502784729,0.18607507646083832,0.0009000301361083984,0.9657650589942932,0.034234967082738876,0.9996297210454941,0.9999067261815071,0.36232469986180516
small,organsmnist_224,vit_t,3,0.01,42,prototype_head_agg,Classifier-head aggregation,classifier_head_aggregation,support_power,11,11,930.9091186523438,544.0,1701.0,-0.005097763147205114,1.00509774684906,0.40709638595581055,0.28898608684539795,0.7110138535499573,0.01226632739417255,0.7035966441035271,0.36232469986180516
small,organsmnist_224,vit_t,3,0.01,42,global_feature_mean,Global-feature mean,global_feature_mean,support_power,11,11,930.9091186523438,544.0,1701.0,1.0000001192092896,-2.384185791015625e-07,-2.384185791015625e-07,1.0000001192092896,-2.384185791015625e-07,0.9999998807907104,0.9999999403953552,0.36232469986180516
small,organsmnist_224,vit_t,3,0.01,42,support_only,Support-only synthetic head,support_only_synthetic,support_power,11,11,930.9091186523438,544.0,1701.0,0.01685403659939766,0.983146071434021,0.8010047674179077,0.13727062940597534,0.8627293109893799,1.0000000149011612,1.0000000447034836,0.36232469986180516
small,organsmnist_224,vit_t,3,0.01,42,prototype_shuffle,Shuffled-label prototype,reference_prototype_shuffle,support_power,11,11,930.9091186523438,544.0,1701.0,0.8139249086380005,0.1860750913619995,0.0009000301361083984,0.9657650589942932,0.034234967082738876,0.9996297210454941,0.8248465061187744,0.36232469986180516
small,organsmnist_224,vit_t,3,0.01,42,uniform_client_weight,Uniform client weight,reference_prototype,uniform_present_client,11,11,930.9091186523438,544.0,1701.0,0.8138894438743591,0.18611057102680206,0.0008942484855651855,0.9657463431358337,0.03425372764468193,0.9996297210454941,0.9999074041843414,0.36363636463557647
small,organsmnist_224,vit_t,3,0.01,42,global_client_size_weight,Global client-size weight,reference_prototype,global_client_size,11,11,930.9091186523438,544.0,1701.0,0.8138960003852844,0.18610401451587677,0.0008919239044189453,0.9657567739486694,0.03424327075481415,0.9996297210454941,0.9999072700738907,0.3633536564271309
small,organsmnist_224,vit_t,3,0.1,42,full,Full prototype,reference_prototype,support_power,11,11,1117.0909423828125,271.0,1960.0,0.8129347562789917,0.18706531822681427,0.0013960599899291992,0.9645323157310486,0.03546765819191933,0.999384277007159,0.9998161630197004,0.8132887927454345
small,organsmnist_224,vit_t,3,0.1,42,prototype_head_agg,Classifier-head aggregation,classifier_head_aggregation,support_power,11,11,1117.0909423828125,271.0,1960.0,-0.012161779217422009,1.0121618509292603,0.6425063610076904,0.21455825865268707,0.7854418158531189,-0.00954363215714693,0.6204065856608477,0.8132887927454345
small,organsmnist_224,vit_t,3,0.1,42,global_feature_mean,Global-feature mean,global_feature_mean,support_power,11,11,1117.0909423828125,271.0,1960.0,1.0,5.526976210035173e-08,0.0,1.0,1.6255812695931127e-08,0.9999999403953552,0.9999999674883756,0.8132887927454345
small,organsmnist_224,vit_t,3,0.1,42,support_only,Support-only synthetic head,support_only_synthetic,support_power,11,11,1117.0909423828125,271.0,1960.0,0.01685403659939766,0.983146071434021,0.8010047674179077,0.13727062940597534,0.8627293109893799,1.0,1.000000005418604,0.8132887927454345
small,organsmnist_224,vit_t,3,0.1,42,prototype_shuffle,Shuffled-label prototype,reference_prototype_shuffle,support_power,11,11,1117.0909423828125,271.0,1960.0,0.8129347562789917,0.18706530332565308,0.0013960599899291992,0.9645323157310486,0.03546765819191933,0.999384277007159,0.8602144474332983,0.8132887927454345
small,organsmnist_224,vit_t,3,0.1,42,uniform_client_weight,Uniform client weight,reference_prototype,uniform_present_client,11,11,1117.0909423828125,271.0,1960.0,0.8129525780677795,0.1870473176240921,0.0013764500617980957,0.9645172357559204,0.035482730716466904,0.999384277007159,0.9998171654614535,0.8181818259958394
small,organsmnist_224,vit_t,3,0.1,42,global_client_size_weight,Global client-size weight,reference_prototype,global_client_size,11,11,1117.0909423828125,271.0,1960.0,0.8129585981369019,0.18704137206077576,0.0013693571090698242,0.9645138382911682,0.03548610210418701,0.999384277007159,0.9998170164498416,0.817445301195912
small,organsmnist_224,vit_t,5,0,42,full,Full prototype,reference_prototype,support_power,11,11,877.5454711914062,614.0,1024.0,0.8146023750305176,0.18539761006832123,0.0007642507553100586,0.9660068154335022,0.0339931882917881,,,0.0
small,organsmnist_224,vit_t,5,0,42,prototype_head_agg,Classifier-head aggregation,classifier_head_aggregation,support_power,11,11,877.5454711914062,614.0,1024.0,0.019025122746825218,0.9809749722480774,0.638310968875885,0.23511600494384766,0.7648839950561523,,,0.0
small,organsmnist_224,vit_t,5,0,42,global_feature_mean,Global-feature mean,global_feature_mean,support_power,11,11,877.5454711914062,614.0,1024.0,0.9999997019767761,2.980232238769531e-07,2.980232238769531e-07,0.9999997615814209,2.980232238769531e-07,,,0.0
small,organsmnist_224,vit_t,5,0,42,support_only,Support-only synthetic head,support_only_synthetic,support_power,11,11,877.5454711914062,614.0,1024.0,0.01685403659939766,0.983146071434021,0.8010047078132629,0.13727062940597534,0.8627293109893799,,,0.0
small,organsmnist_224,vit_t,5,0,42,prototype_shuffle,Shuffled-label prototype,reference_prototype_shuffle,support_power,11,11,877.5454711914062,614.0,1024.0,0.8146023750305176,0.18539761006832123,0.0007642507553100586,0.9660068154335022,0.0339931882917881,,,0.0
small,organsmnist_224,vit_t,5,0,42,uniform_client_weight,Uniform client weight,reference_prototype,uniform_present_client,11,11,877.5454711914062,614.0,1024.0,0.8146023750305176,0.18539761006832123,0.0007642507553100586,0.9660068154335022,0.0339931882917881,,,0.0
small,organsmnist_224,vit_t,5,0,42,global_client_size_weight,Global client-size weight,reference_prototype,global_client_size,11,11,877.5454711914062,614.0,1024.0,0.8146023750305176,0.18539761006832123,0.0007642507553100586,0.9660068154335022,0.0339931882917881,,,0.0
small,organsmnist_224,vit_t,5,0.01,42,full,Full prototype,reference_prototype,support_power,11,11,943.0908813476562,614.0,1442.0,0.8129044771194458,0.1870954930782318,0.0007578730583190918,0.9650344848632812,0.03496553748846054,0.999956210454305,0.9999889532725016,0.27217386457577875
small,organsmnist_224,vit_t,5,0.01,42,prototype_head_agg,Classifier-head aggregation,classifier_head_aggregation,support_power,11,11,943.0908813476562,614.0,1442.0,-0.0023336829617619514,1.002333641052246,0.7878448963165283,0.1562831550836563,0.8437168598175049,0.006421516959865888,0.6820683926343918,0.27217386457577875
small,organsmnist_224,vit_t,5,0.01,42,global_feature_mean,Global-feature mean,global_feature_mean,support_power,11,11,943.0908813476562,614.0,1442.0,1.0000001192092896,-2.167441692790817e-07,-2.384185791015625e-07,1.0000001192092896,-2.2758136708489474e-07,1.0,0.9999999602635702,0.27217386457577875
small,organsmnist_224,vit_t,5,0.01,42,support_only,Support-only synthetic head,support_only_synthetic,support_power,11,11,943.0908813476562,614.0,1442.0,0.01685403659939766,0.983146071434021,0.8010047078132629,0.13727062940597534,0.8627293109893799,0.999999980131785,1.0000001192092896,0.27217386457577875
small,organsmnist_224,vit_t,5,0.01,42,prototype_shuffle,Shuffled-label prototype,reference_prototype_shuffle,support_power,11,11,943.0908813476562,614.0,1442.0,0.8129044771194458,0.187095507979393,0.0007578730583190918,0.9650344252586365,0.03496553748846054,0.999956210454305,0.7081881960233053,0.27217386457577875
small,organsmnist_224,vit_t,5,0.01,42,uniform_client_weight,Uniform client weight,reference_prototype,uniform_present_client,11,11,943.0908813476562,614.0,1442.0,0.8128979802131653,0.1871020644903183,0.0007582902908325195,0.9650352597236633,0.03496481478214264,0.999956210454305,0.9999890724817911,0.27272727347668235
small,organsmnist_224,vit_t,5,0.01,42,global_client_size_weight,Global client-size weight,reference_prototype,global_client_size,11,11,943.0908813476562,614.0,1442.0,0.8128318786621094,0.18716810643672943,0.0007668733596801758,0.9650392532348633,0.034960806369781494,0.999956210454305,0.999984622001648,0.12510905078027104
small,organsmnist_224,vit_t,5,0.1,42,full,Full prototype,reference_prototype,support_power,11,11,1861.8182373046875,743.0,2573.0,0.8142493367195129,0.18575070798397064,0.0006379485130310059,0.9649852514266968,0.035014763474464417,0.9995798810999444,0.9998474668812107,0.9990772266485203
small,organsmnist_224,vit_t,5,0.1,42,prototype_head_agg,Classifier-head aggregation,classifier_head_aggregation,support_power,11,11,1861.8182373046875,743.0,2573.0,0.004365643486380577,0.9956343770027161,0.7315030097961426,0.2102431356906891,0.7897568345069885,0.004391579650976556,0.5382034391970247,0.9990772266485203
small,organsmnist_224,vit_t,5,0.1,42,global_feature_mean,Global-feature mean,global_feature_mean,support_power,11,11,1861.8182373046875,743.0,2573.0,0.9999999403953552,1.441348729258607e-07,0.0,1.0,7.586045569496491e-08,1.0000001192092896,1.000000074103072,0.9990772266485203
small,organsmnist_224,vit_t,5,0.1,42,support_only,Support-only synthetic head,support_only_synthetic,support_power,11,11,1861.8182373046875,743.0,2573.0,0.01685403287410736,0.983146071434021,0.8010046482086182,0.13727064430713654,0.8627293109893799,1.0000000025363678,1.0000000338296633,0.9990772266485203
small,organsmnist_224,vit_t,5,0.1,42,prototype_shuffle,Shuffled-label prototype,reference_prototype_shuffle,support_power,11,11,1861.8182373046875,743.0,2573.0,0.8142493367195129,0.18575067818164825,0.0006379485130310059,0.9649852514266968,0.035014763474464417,0.9995798810999444,0.8586120202734664,0.9990772266485203
small,organsmnist_224,vit_t,5,0.1,42,uniform_client_weight,Uniform client weight,reference_prototype,uniform_present_client,11,11,1861.8182373046875,743.0,2573.0,0.8142557740211487,0.18574416637420654,0.000634312629699707,0.964979350566864,0.035020653158426285,0.9995798810999444,0.9998476021998638,1.0000000069221797
small,organsmnist_224,vit_t,5,0.1,42,global_client_size_weight,Global client-size weight,reference_prototype,global_client_size,11,11,1861.8182373046875,743.0,2573.0,0.8141937851905823,0.18580622971057892,0.0006420612335205078,0.9647499322891235,0.03525008261203766,0.9995798810999444,0.9998351480509784,0.9075290016710214
small,organsmnist_224,vit_t,7,0,42,full,Full prototype,reference_prototype,support_power,11,11,877.5454711914062,614.0,1024.0,0.8149701952934265,0.1850297898054123,0.0007643699645996094,0.9660818576812744,0.0339181087911129,,,0.0
small,organsmnist_224,vit_t,7,0,42,prototype_head_agg,Classifier-head aggregation,classifier_head_aggregation,support_power,11,11,877.5454711914062,614.0,1024.0,0.03502383828163147,0.9649762511253357,0.7190502285957336,0.1876899152994156,0.8123101592063904,,,0.0
small,organsmnist_224,vit_t,7,0,42,global_feature_mean,Global-feature mean,global_feature_mean,support_power,11,11,877.5454711914062,614.0,1024.0,0.9999999403953552,5.960464477539063e-08,5.960464477539063e-08,0.9999999403953552,5.960464477539063e-08,,,0.0
small,organsmnist_224,vit_t,7,0,42,support_only,Support-only synthetic head,support_only_synthetic,support_power,11,11,877.5454711914062,614.0,1024.0,0.01685403659939766,0.983146071434021,0.8010047078132629,0.13727062940597534,0.8627293109893799,,,0.0
small,organsmnist_224,vit_t,7,0,42,prototype_shuffle,Shuffled-label prototype,reference_prototype_shuffle,support_power,11,11,877.5454711914062,614.0,1024.0,0.8149702548980713,0.1850298047065735,0.0007643699645996094,0.966081976890564,0.0339181087911129,,,0.0
small,organsmnist_224,vit_t,7,0,42,uniform_client_weight,Uniform client weight,reference_prototype,uniform_present_client,11,11,877.5454711914062,614.0,1024.0,0.8149701952934265,0.1850297898054123,0.0007643699645996094,0.9660818576812744,0.0339181087911129,,,0.0
small,organsmnist_224,vit_t,7,0,42,global_client_size_weight,Global client-size weight,reference_prototype,global_client_size,11,11,877.5454711914062,614.0,1024.0,0.8149701952934265,0.1850297898054123,0.0007643699645996094,0.9660818576812744,0.0339181087911129,,,0.0
small,organsmnist_224,vit_t,7,0.01,42,full,Full prototype,reference_prototype,support_power,11,11,1317.272705078125,614.0,3072.0,0.8141499161720276,0.185850128531456,0.000764310359954834,0.9655676484107971,0.034432340413331985,0.9995586077372233,0.9998937646547953,0.3636363660270246
small,organsmnist_224,vit_t,7,0.01,42,prototype_head_agg,Classifier-head aggregation,classifier_head_aggregation,support_power,11,11,1317.272705078125,614.0,3072.0,0.023844826966524124,0.9761551022529602,0.664347767829895,0.18997567892074585,0.8100242614746094,-0.04410839670648178,0.6370092034339905,0.3636363660270246
small,organsmnist_224,vit_t,7,0.01,42,global_feature_mean,Global-feature mean,global_feature_mean,support_power,11,11,1317.272705078125,614.0,3072.0,0.9999999403953552,1.0728835775353218e-07,0.0,0.9999999403953552,4.876743631143654e-08,1.0,0.9999999735090468,0.3636363660270246
small,organsmnist_224,vit_t,7,0.01,42,support_only,Support-only synthetic head,support_only_synthetic,support_power,11,11,1317.272705078125,614.0,3072.0,0.01685403473675251,0.983146071434021,0.8010047078132629,0.13727064430713654,0.8627293109893799,0.9999999602635702,0.9999999735090468,0.3636363660270246
small,organsmnist_224,vit_t,7,0.01,42,prototype_shuffle,Shuffled-label prototype,reference_prototype_shuffle,support_power,11,11,1317.272705078125,614.0,3072.0,0.8141499161720276,0.185850128531456,0.000764310359954834,0.9655677676200867,0.034432340413331985,0.9995586077372233,0.9176387786865234,0.3636363660270246
small,organsmnist_224,vit_t,7,0.01,42,uniform_client_weight,Uniform client weight,reference_prototype,uniform_present_client,11,11,1317.272705078125,614.0,3072.0,0.8141499161720276,0.185850128531456,0.000764310359954834,0.9655676484107971,0.034432340413331985,0.9995586077372233,0.9998937911457486,0.3636363660270246
small,organsmnist_224,vit_t,7,0.01,42,global_client_size_weight,Global client-size weight,reference_prototype,global_client_size,11,11,1317.272705078125,614.0,3072.0,0.8140937685966492,0.18590617179870605,0.000764310359954834,0.9656545519828796,0.03434550762176514,0.9995586077372233,0.9998846650123596,0.33578788059788545
small,organsmnist_224,vit_t,7,0.1,42,full,Full prototype,reference_prototype,support_power,11,11,2558.9091796875,1290.0,4509.0,0.8138085007667542,0.18619145452976227,0.0007695555686950684,0.965277910232544,0.03472200408577919,0.9995593205991998,0.9998372577606364,0.9976164483801248
small,organsmnist_224,vit_t,7,0.1,42,prototype_head_agg,Classifier-head aggregation,classifier_head_aggregation,support_power,11,11,2558.9091796875,1290.0,4509.0,0.023092227056622505,0.9769077897071838,0.6449006795883179,0.22533120214939117,0.7746687531471252,0.002653978226414646,0.47575308509329534,0.9976164483801248
small,organsmnist_224,vit_t,7,0.1,42,global_feature_mean,Global-feature mean,global_feature_mean,support_power,11,11,2558.9091796875,1290.0,4509.0,1.0000001192092896,-1.1704184998961864e-07,-1.1920928955078125e-07,1.0000001192092896,-1.1920928955078125e-07,1.0,0.9999999746363214,0.9976164483801248
small,organsmnist_224,vit_t,7,0.1,42,support_only,Support-only synthetic head,support_only_synthetic,support_power,11,11,2558.9091796875,1290.0,4509.0,0.01685403846204281,0.983146071434021,0.8010047078132629,0.13727067410945892,0.8627293109893799,0.9999999921005892,1.0000000266318625,0.9976164483801248
small,organsmnist_224,vit_t,7,0.1,42,prototype_shuffle,Shuffled-label prototype,reference_prototype_shuffle,support_power,11,11,2558.9091796875,1290.0,4509.0,0.8138085603713989,0.18619145452976227,0.0007695555686950684,0.9652780294418335,0.03472200408577919,0.9995593205991998,0.8502314128774278,0.9976164483801248
small,organsmnist_224,vit_t,7,0.1,42,uniform_client_weight,Uniform client weight,reference_prototype,uniform_present_client,11,11,2558.9091796875,1290.0,4509.0,0.8137601017951965,0.18623994290828705,0.0007771849632263184,0.9652664065361023,0.03473355621099472,0.9995593205991998,0.9998376293385283,1.000000022884147
small,organsmnist_224,vit_t,7,0.1,42,global_client_size_weight,Global client-size weight,reference_prototype,global_client_size,11,11,2558.9091796875,1290.0,4509.0,0.8135337233543396,0.1864663064479828,0.0008206367492675781,0.9652591347694397,0.034740839153528214,0.9995593205991998,0.9998317766696849,0.9596352783627894
