module,parameter,symbol,value,task_type,dataset,model,num_clients,client_average_acc
M1,prototype head scale,s,5.0,small,bloodmnist_224,convnext,3,0.8479976615024847
M1,prototype head scale,s,5.0,small,bloodmnist_224,convnext,5,0.8476079119165936
M1,prototype head scale,s,5.0,small,bloodmnist_224,convnext,7,0.8487771606742668
M1,prototype head scale,s,5.0,small,bloodmnist_224,resnet,3,0.7999610250414109
M1,prototype head scale,s,5.0,small,bloodmnist_224,resnet,5,0.7986943388872649
M1,prototype head scale,s,5.0,small,bloodmnist_224,resnet,7,0.7984020266978467
M1,prototype head scale,s,5.0,small,bloodmnist_224,swin_tiny,3,0.7730683036149274
M1,prototype head scale,s,5.0,small,bloodmnist_224,swin_tiny,5,0.7715093052713631
M1,prototype head scale,s,5.0,small,bloodmnist_224,swin_tiny,7,0.7701451817207444
M1,prototype head scale,s,5.0,small,bloodmnist_224,vit_t,3,0.8517002825684498
M1,prototype head scale,s,5.0,small,bloodmnist_224,vit_t,5,0.8511156581896132
M1,prototype head scale,s,5.0,small,bloodmnist_224,vit_t,7,0.84994640943194
M1,prototype head scale,s,5.0,small,chaoshengmnist_224,convnext,3,0.4285714285714286
M1,prototype head scale,s,5.0,small,chaoshengmnist_224,convnext,5,0.4282719377059
M1,prototype head scale,s,5.0,small,chaoshengmnist_224,convnext,7,0.4171907756813417
M1,prototype head scale,s,5.0,small,chaoshengmnist_224,resnet,3,0.4809823300389338
M1,prototype head scale,s,5.0,small,chaoshengmnist_224,resnet,5,0.46480982330038934
M1,prototype head scale,s,5.0,small,chaoshengmnist_224,resnet,7,0.47259658580413294
M1,prototype head scale,s,5.0,small,chaoshengmnist_224,swin_tiny,3,0.472596585804133
M1,prototype head scale,s,5.0,small,chaoshengmnist_224,swin_tiny,5,0.4833782569631626
M1,prototype head scale,s,5.0,small,chaoshengmnist_224,swin_tiny,7,0.4794848757112908
M1,prototype head scale,s,5.0,small,chaoshengmnist_224,vit_t,3,0.4588200059898173
M1,prototype head scale,s,5.0,small,chaoshengmnist_224,vit_t,5,0.4531296795447739
M1,prototype head scale,s,5.0,small,chaoshengmnist_224,vit_t,7,0.4495357891584307
M1,prototype head scale,s,5.0,small,dermamnist_224,convnext,3,0.6721529509559435
M1,prototype head scale,s,5.0,small,dermamnist_224,convnext,5,0.6738154613466334
M1,prototype head scale,s,5.0,small,dermamnist_224,convnext,7,0.6726517040731504
M1,prototype head scale,s,5.0,small,dermamnist_224,resnet,3,0.6688279301745635
M1,prototype head scale,s,5.0,small,dermamnist_224,resnet,5,0.6688279301745635
M1,prototype head scale,s,5.0,small,dermamnist_224,resnet,7,0.6688279301745635
M1,prototype head scale,s,5.0,small,dermamnist_224,swin_tiny,3,0.6691604322527016
M1,prototype head scale,s,5.0,small,dermamnist_224,swin_tiny,5,0.6693266832917706
M1,prototype head scale,s,5.0,small,dermamnist_224,swin_tiny,7,0.6691604322527016
M1,prototype head scale,s,5.0,small,dermamnist_224,vit_t,3,0.6979218620116375
M1,prototype head scale,s,5.0,small,dermamnist_224,vit_t,5,0.6969243557772236
M1,prototype head scale,s,5.0,small,dermamnist_224,vit_t,7,0.6982543640897756
M1,prototype head scale,s,5.0,small,organcmnist_224,convnext,3,0.6606621226874392
M1,prototype head scale,s,5.0,small,organcmnist_224,convnext,5,0.660012982797793
M1,prototype head scale,s,5.0,small,organcmnist_224,convnext,7,0.6582278481012658
M1,prototype head scale,s,5.0,small,organcmnist_224,resnet,3,0.3408795845504706
M1,prototype head scale,s,5.0,small,organcmnist_224,resnet,5,0.3399870172022071
M1,prototype head scale,s,5.0,small,organcmnist_224,resnet,7,0.33609217786432977
M1,prototype head scale,s,5.0,small,organcmnist_224,swin_tiny,3,0.6161960402466732
M1,prototype head scale,s,5.0,small,organcmnist_224,swin_tiny,5,0.6142080493346316
M1,prototype head scale,s,5.0,small,organcmnist_224,swin_tiny,7,0.608244076598507
M1,prototype head scale,s,5.0,small,organcmnist_224,vit_t,3,0.5962755598831548
M1,prototype head scale,s,5.0,small,organcmnist_224,vit_t,5,0.5918127231418371
M1,prototype head scale,s,5.0,small,organcmnist_224,vit_t,7,0.5919344368711458
M1,prototype head scale,s,5.0,small,organsmnist_224,convnext,3,0.6104754352177033
M1,prototype head scale,s,5.0,small,organsmnist_224,convnext,5,0.6122502926626638
M1,prototype head scale,s,5.0,small,organsmnist_224,convnext,7,0.6110041161587554
M1,prototype head scale,s,5.0,small,organsmnist_224,resnet,3,0.35470714852158153
M1,prototype head scale,s,5.0,small,organsmnist_224,resnet,5,0.3541407046561686
M1,prototype head scale,s,5.0,small,organsmnist_224,resnet,7,0.3542539934292512
M1,prototype head scale,s,5.0,small,organsmnist_224,swin_tiny,3,0.5417846758052943
M1,prototype head scale,s,5.0,small,organsmnist_224,swin_tiny,5,0.5389902194025905
M1,prototype head scale,s,5.0,small,organsmnist_224,swin_tiny,7,0.5384615384615384
M1,prototype head scale,s,5.0,small,organsmnist_224,vit_t,3,0.5654620293795551
M1,prototype head scale,s,5.0,small,organsmnist_224,vit_t,5,0.5667459688078245
M1,prototype head scale,s,5.0,small,organsmnist_224,vit_t,7,0.5667459688078245
M1,prototype head scale,s,7.0,small,bloodmnist_224,convnext,3,0.8479976615024847
M1,prototype head scale,s,7.0,small,bloodmnist_224,convnext,5,0.8476079119165936
M1,prototype head scale,s,7.0,small,bloodmnist_224,convnext,7,0.8487771606742668
M1,prototype head scale,s,7.0,small,bloodmnist_224,resnet,3,0.7999610250414109
M1,prototype head scale,s,7.0,small,bloodmnist_224,resnet,5,0.7986943388872649
M1,prototype head scale,s,7.0,small,bloodmnist_224,resnet,7,0.7984020266978467
M1,prototype head scale,s,7.0,small,bloodmnist_224,swin_tiny,3,0.7730683036149274
M1,prototype head scale,s,7.0,small,bloodmnist_224,swin_tiny,5,0.7715093052713631
M1,prototype head scale,s,7.0,small,bloodmnist_224,swin_tiny,7,0.7701451817207444
M1,prototype head scale,s,7.0,small,bloodmnist_224,vit_t,3,0.8517002825684498
M1,prototype head scale,s,7.0,small,bloodmnist_224,vit_t,5,0.8511156581896132
M1,prototype head scale,s,7.0,small,bloodmnist_224,vit_t,7,0.84994640943194
M1,prototype head scale,s,7.0,small,chaoshengmnist_224,convnext,3,0.429769392033543
M1,prototype head scale,s,7.0,small,chaoshengmnist_224,convnext,5,0.42887091943695715
M1,prototype head scale,s,7.0,small,chaoshengmnist_224,convnext,7,0.4174902665468703
M1,prototype head scale,s,7.0,small,chaoshengmnist_224,resnet,3,0.4788858939802336
M1,prototype head scale,s,7.0,small,chaoshengmnist_224,resnet,5,0.46271338724168914
M1,prototype head scale,s,7.0,small,chaoshengmnist_224,resnet,7,0.472596585804133
M1,prototype head scale,s,7.0,small,chaoshengmnist_224,swin_tiny,3,0.47379454926624737
M1,prototype head scale,s,7.0,small,chaoshengmnist_224,swin_tiny,5,0.4839772386942198
M1,prototype head scale,s,7.0,small,chaoshengmnist_224,swin_tiny,7,0.4797843665768194
M1,prototype head scale,s,7.0,small,chaoshengmnist_224,vit_t,3,0.46001796945193174
M1,prototype head scale,s,7.0,small,chaoshengmnist_224,vit_t,5,0.4537286612758311
M1,prototype head scale,s,7.0,small,chaoshengmnist_224,vit_t,7,0.4498352800239593
M1,prototype head scale,s,7.0,small,dermamnist_224,convnext,3,0.6603491271820449
M1,prototype head scale,s,7.0,small,dermamnist_224,convnext,5,0.6610141313383209
M1,prototype head scale,s,7.0,small,dermamnist_224,convnext,7,0.6605153782211138
M1,prototype head scale,s,7.0,small,dermamnist_224,resnet,3,0.6688279301745635
M1,prototype head scale,s,7.0,small,dermamnist_224,resnet,5,0.6688279301745635
M1,prototype head scale,s,7.0,small,dermamnist_224,resnet,7,0.6688279301745635
M1,prototype head scale,s,7.0,small,dermamnist_224,swin_tiny,3,0.6701579384871156
M1,prototype head scale,s,7.0,small,dermamnist_224,swin_tiny,5,0.6703241895261846
M1,prototype head scale,s,7.0,small,dermamnist_224,swin_tiny,7,0.6709891936824605
M1,prototype head scale,s,7.0,small,dermamnist_224,vit_t,3,0.6817955112219451
M1,prototype head scale,s,7.0,small,dermamnist_224,vit_t,5,0.6826267664172901
M1,prototype head scale,s,7.0,small,dermamnist_224,vit_t,7,0.683458021612635
M1,prototype head scale,s,7.0,small,organcmnist_224,convnext,3,0.6583089905874716
M1,prototype head scale,s,7.0,small,organcmnist_224,convnext,5,0.6577409931840311
M1,prototype head scale,s,7.0,small,organcmnist_224,convnext,7,0.6571324245374878
M1,prototype head scale,s,7.0,small,organcmnist_224,resnet,3,0.41995293735800066
M1,prototype head scale,s,7.0,small,organcmnist_224,resnet,5,0.41958779617007463
M1,prototype head scale,s,7.0,small,organcmnist_224,resnet,7,0.4161392405063291
M1,prototype head scale,s,7.0,small,organcmnist_224,swin_tiny,3,0.6671129503407984
M1,prototype head scale,s,7.0,small,organcmnist_224,swin_tiny,5,0.6644758195391107
M1,prototype head scale,s,7.0,small,organcmnist_224,swin_tiny,7,0.6611895488477767
M1,prototype head scale,s,7.0,small,organcmnist_224,vit_t,3,0.5929892891918208
M1,prototype head scale,s,7.0,small,organcmnist_224,vit_t,5,0.5885264524505031
M1,prototype head scale,s,7.0,small,organcmnist_224,vit_t,7,0.5888915936384291
M1,prototype head scale,s,7.0,small,organsmnist_224,convnext,3,0.614402779351233
M1,prototype head scale,s,7.0,small,organsmnist_224,convnext,5,0.6142894905781504
M1,prototype head scale,s,7.0,small,organsmnist_224,convnext,7,0.613571995015294
M1,prototype head scale,s,7.0,small,organsmnist_224,resnet,3,0.3822363203806503
M1,prototype head scale,s,7.0,small,organsmnist_224,resnet,5,0.38397341490125
M1,prototype head scale,s,7.0,small,organsmnist_224,resnet,7,0.3797817302971942
M1,prototype head scale,s,7.0,small,organsmnist_224,swin_tiny,3,0.59325554170915
M1,prototype head scale,s,7.0,small,organsmnist_224,swin_tiny,5,0.5911408179449417
M1,prototype head scale,s,7.0,small,organsmnist_224,swin_tiny,7,0.5920093652052415
M1,prototype head scale,s,7.0,small,organsmnist_224,vit_t,3,0.5601752199690344
M1,prototype head scale,s,7.0,small,organsmnist_224,vit_t,5,0.561647974019108
M1,prototype head scale,s,7.0,small,organsmnist_224,vit_t,7,0.5621011291114384
M1,prototype head scale,s,10.0,small,bloodmnist_224,convnext,3,0.8479976615024847
M1,prototype head scale,s,10.0,small,bloodmnist_224,convnext,5,0.8476079119165936
M1,prototype head scale,s,10.0,small,bloodmnist_224,convnext,7,0.8487771606742668
M1,prototype head scale,s,10.0,small,bloodmnist_224,resnet,3,0.7999610250414109
M1,prototype head scale,s,10.0,small,bloodmnist_224,resnet,5,0.7986943388872649
M1,prototype head scale,s,10.0,small,bloodmnist_224,resnet,7,0.7984020266978467
M1,prototype head scale,s,10.0,small,bloodmnist_224,swin_tiny,3,0.7730683036149274
M1,prototype head scale,s,10.0,small,bloodmnist_224,swin_tiny,5,0.7715093052713631
M1,prototype head scale,s,10.0,small,bloodmnist_224,swin_tiny,7,0.7701451817207444
M1,prototype head scale,s,10.0,small,bloodmnist_224,vit_t,3,0.8517002825684498
M1,prototype head scale,s,10.0,small,bloodmnist_224,vit_t,5,0.8511156581896132
M1,prototype head scale,s,10.0,small,bloodmnist_224,vit_t,7,0.84994640943194
M1,prototype head scale,s,10.0,small,chaoshengmnist_224,convnext,3,0.4285714285714286
M1,prototype head scale,s,10.0,small,chaoshengmnist_224,convnext,5,0.4282719377059
M1,prototype head scale,s,10.0,small,chaoshengmnist_224,convnext,7,0.4171907756813417
M1,prototype head scale,s,10.0,small,chaoshengmnist_224,resnet,3,0.4809823300389338
M1,prototype head scale,s,10.0,small,chaoshengmnist_224,resnet,5,0.46480982330038934
M1,prototype head scale,s,10.0,small,chaoshengmnist_224,resnet,7,0.47259658580413294
M1,prototype head scale,s,10.0,small,chaoshengmnist_224,swin_tiny,3,0.472596585804133
M1,prototype head scale,s,10.0,small,chaoshengmnist_224,swin_tiny,5,0.4833782569631626
M1,prototype head scale,s,10.0,small,chaoshengmnist_224,swin_tiny,7,0.4794848757112908
M1,prototype head scale,s,10.0,small,chaoshengmnist_224,vit_t,3,0.4588200059898173
M1,prototype head scale,s,10.0,small,chaoshengmnist_224,vit_t,5,0.4531296795447739
M1,prototype head scale,s,10.0,small,chaoshengmnist_224,vit_t,7,0.4495357891584307
M1,prototype head scale,s,10.0,small,dermamnist_224,convnext,3,0.6447215295095594
M1,prototype head scale,s,10.0,small,dermamnist_224,convnext,5,0.6477140482128013
M1,prototype head scale,s,10.0,small,dermamnist_224,convnext,7,0.6447215295095594
M1,prototype head scale,s,10.0,small,dermamnist_224,resnet,3,0.6688279301745635
M1,prototype head scale,s,10.0,small,dermamnist_224,resnet,5,0.6688279301745635
M1,prototype head scale,s,10.0,small,dermamnist_224,resnet,7,0.6688279301745635
M1,prototype head scale,s,10.0,small,dermamnist_224,swin_tiny,3,0.6724854530340815
M1,prototype head scale,s,10.0,small,dermamnist_224,swin_tiny,5,0.6721529509559434
M1,prototype head scale,s,10.0,small,dermamnist_224,swin_tiny,7,0.6739817123857024
M1,prototype head scale,s,10.0,small,dermamnist_224,vit_t,3,0.657689110556941
M1,prototype head scale,s,10.0,small,dermamnist_224,vit_t,5,0.656857855361596
M1,prototype head scale,s,10.0,small,dermamnist_224,vit_t,7,0.6606816292601828
M1,prototype head scale,s,10.0,small,organcmnist_224,convnext,3,0.6552255761116521
M1,prototype head scale,s,10.0,small,organcmnist_224,convnext,5,0.6534404414151249
M1,prototype head scale,s,10.0,small,organcmnist_224,convnext,7,0.6551850048685491
M1,prototype head scale,s,10.0,small,organcmnist_224,resnet,3,0.49882343395001627
M1,prototype head scale,s,10.0,small,organcmnist_224,resnet,5,0.497444011684518
M1,prototype head scale,s,10.0,small,organcmnist_224,resnet,7,0.49630801687763715
M1,prototype head scale,s,10.0,small,organcmnist_224,swin_tiny,3,0.6823271665043817
M1,prototype head scale,s,10.0,small,organcmnist_224,swin_tiny,5,0.6798928919182083
M1,prototype head scale,s,10.0,small,organcmnist_224,swin_tiny,7,0.6777426160337553
M1,prototype head scale,s,10.0,small,organcmnist_224,vit_t,3,0.5909201557935735
M1,prototype head scale,s,10.0,small,organcmnist_224,vit_t,5,0.5860921778643298
M1,prototype head scale,s,10.0,small,organcmnist_224,vit_t,7,0.5866601752677703
M1,prototype head scale,s,10.0,small,organsmnist_224,convnext,3,0.6112684566292814
M1,prototype head scale,s,10.0,small,organsmnist_224,convnext,5,0.6120237151164987
M1,prototype head scale,s,10.0,small,organsmnist_224,convnext,7,0.6124391072844682
M1,prototype head scale,s,10.0,small,organsmnist_224,resnet,3,0.42981760507533706
M1,prototype head scale,s,10.0,small,organsmnist_224,resnet,5,0.4337071862845059
M1,prototype head scale,s,10.0,small,organsmnist_224,resnet,7,0.42366224840451644
M1,prototype head scale,s,10.0,small,organsmnist_224,swin_tiny,3,0.6188210415014539
M1,prototype head scale,s,10.0,small,organsmnist_224,swin_tiny,5,0.6188210415014539
M1,prototype head scale,s,10.0,small,organsmnist_224,swin_tiny,7,0.619878403383558
M1,prototype head scale,s,10.0,small,organsmnist_224,vit_t,3,0.5541709149956573
M1,prototype head scale,s,10.0,small,organsmnist_224,vit_t,5,0.5554170914995658
M1,prototype head scale,s,10.0,small,organsmnist_224,vit_t,7,0.5562101129111439
M1,prototype head scale,s,12.0,small,bloodmnist_224,convnext,3,0.8479976615024847
M1,prototype head scale,s,12.0,small,bloodmnist_224,convnext,5,0.8476079119165936
M1,prototype head scale,s,12.0,small,bloodmnist_224,convnext,7,0.8487771606742668
M1,prototype head scale,s,12.0,small,bloodmnist_224,resnet,3,0.7999610250414109
M1,prototype head scale,s,12.0,small,bloodmnist_224,resnet,5,0.7986943388872649
M1,prototype head scale,s,12.0,small,bloodmnist_224,resnet,7,0.7984020266978467
M1,prototype head scale,s,12.0,small,bloodmnist_224,swin_tiny,3,0.7730683036149274
M1,prototype head scale,s,12.0,small,bloodmnist_224,swin_tiny,5,0.7715093052713631
M1,prototype head scale,s,12.0,small,bloodmnist_224,swin_tiny,7,0.7701451817207444
M1,prototype head scale,s,12.0,small,bloodmnist_224,vit_t,3,0.8517002825684498
M1,prototype head scale,s,12.0,small,bloodmnist_224,vit_t,5,0.8511156581896132
M1,prototype head scale,s,12.0,small,bloodmnist_224,vit_t,7,0.84994640943194
M1,prototype head scale,s,12.0,small,chaoshengmnist_224,convnext,3,0.4303683737646002
M1,prototype head scale,s,12.0,small,chaoshengmnist_224,convnext,5,0.42946990116801437
M1,prototype head scale,s,12.0,small,chaoshengmnist_224,convnext,7,0.4198861934710991
M1,prototype head scale,s,12.0,small,chaoshengmnist_224,resnet,3,0.481581311769991
M1,prototype head scale,s,12.0,small,chaoshengmnist_224,resnet,5,0.46361185983827496
M1,prototype head scale,s,12.0,small,chaoshengmnist_224,resnet,7,0.47379454926624737
M1,prototype head scale,s,12.0,small,chaoshengmnist_224,swin_tiny,3,0.4722970949386044
M1,prototype head scale,s,12.0,small,chaoshengmnist_224,swin_tiny,5,0.48427672955974843
M1,prototype head scale,s,12.0,small,chaoshengmnist_224,swin_tiny,7,0.4788858939802336
M1,prototype head scale,s,12.0,small,chaoshengmnist_224,vit_t,3,0.46031746031746035
M1,prototype head scale,s,12.0,small,chaoshengmnist_224,vit_t,5,0.4546271338724169
M1,prototype head scale,s,12.0,small,chaoshengmnist_224,vit_t,7,0.4507337526205451
M1,prototype head scale,s,12.0,small,dermamnist_224,convnext,3,0.6332502078137988
M1,prototype head scale,s,12.0,small,dermamnist_224,convnext,5,0.6320864505403159
M1,prototype head scale,s,12.0,small,dermamnist_224,convnext,7,0.630590191188695
M1,prototype head scale,s,12.0,small,dermamnist_224,resnet,3,0.6688279301745635
M1,prototype head scale,s,12.0,small,dermamnist_224,resnet,5,0.6688279301745635
M1,prototype head scale,s,12.0,small,dermamnist_224,resnet,7,0.6688279301745635
M1,prototype head scale,s,12.0,small,dermamnist_224,swin_tiny,3,0.6718204488778055
M1,prototype head scale,s,12.0,small,dermamnist_224,swin_tiny,5,0.6719866999168744
M1,prototype head scale,s,12.0,small,dermamnist_224,swin_tiny,7,0.6723192019950125
M1,prototype head scale,s,12.0,small,dermamnist_224,vit_t,3,0.6382377389858687
M1,prototype head scale,s,12.0,small,dermamnist_224,vit_t,5,0.6397339983374896
M1,prototype head scale,s,12.0,small,dermamnist_224,vit_t,7,0.6435577722360765
M1,prototype head scale,s,12.0,small,organcmnist_224,convnext,3,0.6540490100616683
M1,prototype head scale,s,12.0,small,organcmnist_224,convnext,5,0.6516553067185978
M1,prototype head scale,s,12.0,small,organcmnist_224,convnext,7,0.6542112950340798
M1,prototype head scale,s,12.0,small,organcmnist_224,resnet,3,0.5306312885426809
M1,prototype head scale,s,12.0,small,organcmnist_224,resnet,5,0.5290490100616683
M1,prototype head scale,s,12.0,small,organcmnist_224,resnet,7,0.529170723790977
M1,prototype head scale,s,12.0,small,organcmnist_224,swin_tiny,3,0.6857757221681272
M1,prototype head scale,s,12.0,small,organcmnist_224,swin_tiny,5,0.682935735150925
M1,prototype head scale,s,12.0,small,organcmnist_224,swin_tiny,7,0.6814345991561181
M1,prototype head scale,s,12.0,small,organcmnist_224,vit_t,3,0.5886887374229146
M1,prototype head scale,s,12.0,small,organcmnist_224,vit_t,5,0.5843070431678027
M1,prototype head scale,s,12.0,small,organcmnist_224,vit_t,7,0.5843476144109055
M1,prototype head scale,s,12.0,small,organsmnist_224,convnext,3,0.6102488576715381
M1,prototype head scale,s,12.0,small,organsmnist_224,convnext,5,0.6105131981420642
M1,prototype head scale,s,12.0,small,organsmnist_224,convnext,7,0.6110796420074771
M1,prototype head scale,s,12.0,small,organsmnist_224,resnet,3,0.45345719572523696
M1,prototype head scale,s,12.0,small,organsmnist_224,resnet,5,0.45455232053170197
M1,prototype head scale,s,12.0,small,organsmnist_224,resnet,7,0.4459423737774253
M1,prototype head scale,s,12.0,small,organsmnist_224,swin_tiny,3,0.623994562138892
M1,prototype head scale,s,12.0,small,organsmnist_224,swin_tiny,5,0.624561006004305
M1,prototype head scale,s,12.0,small,organsmnist_224,swin_tiny,7,0.6244099543068615
M1,prototype head scale,s,12.0,small,organsmnist_224,vit_t,3,0.5522827687776142
M1,prototype head scale,s,12.0,small,organsmnist_224,vit_t,5,0.552886975567388
M1,prototype head scale,s,12.0,small,organsmnist_224,vit_t,7,0.5534911823571618
M1,prototype head scale,s,15.0,small,bloodmnist_224,convnext,3,0.8479976615024847
M1,prototype head scale,s,15.0,small,bloodmnist_224,convnext,5,0.8476079119165936
M1,prototype head scale,s,15.0,small,bloodmnist_224,convnext,7,0.8487771606742668
M1,prototype head scale,s,15.0,small,bloodmnist_224,resnet,3,0.7999610250414109
M1,prototype head scale,s,15.0,small,bloodmnist_224,resnet,5,0.7986943388872649
M1,prototype head scale,s,15.0,small,bloodmnist_224,resnet,7,0.7984020266978467
M1,prototype head scale,s,15.0,small,bloodmnist_224,swin_tiny,3,0.7730683036149274
M1,prototype head scale,s,15.0,small,bloodmnist_224,swin_tiny,5,0.7715093052713631
M1,prototype head scale,s,15.0,small,bloodmnist_224,swin_tiny,7,0.7701451817207444
M1,prototype head scale,s,15.0,small,bloodmnist_224,vit_t,3,0.8517002825684498
M1,prototype head scale,s,15.0,small,bloodmnist_224,vit_t,5,0.8511156581896132
M1,prototype head scale,s,15.0,small,bloodmnist_224,vit_t,7,0.84994640943194
M1,prototype head scale,s,15.0,small,chaoshengmnist_224,convnext,3,0.4303683737646002
M1,prototype head scale,s,15.0,small,chaoshengmnist_224,convnext,5,0.42917041030248576
M1,prototype head scale,s,15.0,small,chaoshengmnist_224,convnext,7,0.4189877208745133
M1,prototype head scale,s,15.0,small,chaoshengmnist_224,resnet,3,0.4779874213836478
M1,prototype head scale,s,15.0,small,chaoshengmnist_224,resnet,5,0.4615154237795747
M1,prototype head scale,s,15.0,small,chaoshengmnist_224,resnet,7,0.47079964061096136
M1,prototype head scale,s,15.0,small,chaoshengmnist_224,swin_tiny,3,0.4734950584007188
M1,prototype head scale,s,15.0,small,chaoshengmnist_224,swin_tiny,5,0.4836777478286912
M1,prototype head scale,s,15.0,small,chaoshengmnist_224,swin_tiny,7,0.4797843665768194
M1,prototype head scale,s,15.0,small,chaoshengmnist_224,vit_t,3,0.46061695118298895
M1,prototype head scale,s,15.0,small,chaoshengmnist_224,vit_t,5,0.4546271338724169
M1,prototype head scale,s,15.0,small,chaoshengmnist_224,vit_t,7,0.4504342617550165
M1,prototype head scale,s,15.0,small,dermamnist_224,convnext,3,0.6192851205320034
M1,prototype head scale,s,15.0,small,dermamnist_224,convnext,5,0.6156275976724854
M1,prototype head scale,s,15.0,small,dermamnist_224,convnext,7,0.6176226101413134
M1,prototype head scale,s,15.0,small,dermamnist_224,resnet,3,0.6683291770573566
M1,prototype head scale,s,15.0,small,dermamnist_224,resnet,5,0.6683291770573566
M1,prototype head scale,s,15.0,small,dermamnist_224,resnet,7,0.6683291770573566
M1,prototype head scale,s,15.0,small,dermamnist_224,swin_tiny,3,0.6548628428927681
M1,prototype head scale,s,15.0,small,dermamnist_224,swin_tiny,5,0.655361596009975
M1,prototype head scale,s,15.0,small,dermamnist_224,swin_tiny,7,0.655527847049044
M1,prototype head scale,s,15.0,small,dermamnist_224,vit_t,3,0.6219451371571073
M1,prototype head scale,s,15.0,small,dermamnist_224,vit_t,5,0.6244389027431422
M1,prototype head scale,s,15.0,small,dermamnist_224,vit_t,7,0.630756442227764
M1,prototype head scale,s,15.0,small,organcmnist_224,convnext,3,0.6534404414151249
M1,prototype head scale,s,15.0,small,organcmnist_224,convnext,5,0.6510467380720545
M1,prototype head scale,s,15.0,small,organcmnist_224,convnext,7,0.6526695877961701
M1,prototype head scale,s,15.0,small,organcmnist_224,resnet,3,0.5647517039922103
M1,prototype head scale,s,15.0,small,organcmnist_224,resnet,5,0.5626014281077573
M1,prototype head scale,s,15.0,small,organcmnist_224,resnet,7,0.5617494320025965
M1,prototype head scale,s,15.0,small,organcmnist_224,swin_tiny,3,0.6856945796819215
M1,prototype head scale,s,15.0,small,organcmnist_224,swin_tiny,5,0.6822460240181759
M1,prototype head scale,s,15.0,small,organcmnist_224,swin_tiny,7,0.6801363193768257
M1,prototype head scale,s,15.0,small,organcmnist_224,vit_t,3,0.587471600129828
M1,prototype head scale,s,15.0,small,organcmnist_224,vit_t,5,0.5819133398247323
M1,prototype head scale,s,15.0,small,organcmnist_224,vit_t,7,0.5830087633885103
M1,prototype head scale,s,15.0,small,organsmnist_224,convnext,3,0.6083984743778558
M1,prototype head scale,s,15.0,small,organsmnist_224,convnext,5,0.6077565046637211
M1,prototype head scale,s,15.0,small,organsmnist_224,convnext,7,0.608889392394547
M1,prototype head scale,s,15.0,small,organsmnist_224,resnet,3,0.48159057437407954
M1,prototype head scale,s,15.0,small,organsmnist_224,resnet,5,0.48109965635738833
M1,prototype head scale,s,15.0,small,organsmnist_224,resnet,7,0.4739624636531853
M1,prototype head scale,s,15.0,small,organsmnist_224,swin_tiny,3,0.6247498206261093
M1,prototype head scale,s,15.0,small,organsmnist_224,swin_tiny,5,0.6263736263736264
M1,prototype head scale,s,15.0,small,organsmnist_224,swin_tiny,7,0.6260715229787395
M1,prototype head scale,s,15.0,small,organsmnist_224,vit_t,3,0.5473358256863412
M1,prototype head scale,s,15.0,small,organsmnist_224,vit_t,5,0.5494127865261886
M1,prototype head scale,s,15.0,small,organsmnist_224,vit_t,7,0.5501680450134059
M1,prototype head scale,s,17.0,small,bloodmnist_224,convnext,3,0.8479976615024847
M1,prototype head scale,s,17.0,small,bloodmnist_224,convnext,5,0.8476079119165936
M1,prototype head scale,s,17.0,small,bloodmnist_224,convnext,7,0.8487771606742668
M1,prototype head scale,s,17.0,small,bloodmnist_224,resnet,3,0.7999610250414109
M1,prototype head scale,s,17.0,small,bloodmnist_224,resnet,5,0.7986943388872649
M1,prototype head scale,s,17.0,small,bloodmnist_224,resnet,7,0.7984020266978467
M1,prototype head scale,s,17.0,small,bloodmnist_224,swin_tiny,3,0.7730683036149274
M1,prototype head scale,s,17.0,small,bloodmnist_224,swin_tiny,5,0.7715093052713631
M1,prototype head scale,s,17.0,small,bloodmnist_224,swin_tiny,7,0.7701451817207444
M1,prototype head scale,s,17.0,small,bloodmnist_224,vit_t,3,0.8517002825684498
M1,prototype head scale,s,17.0,small,bloodmnist_224,vit_t,5,0.8511156581896132
M1,prototype head scale,s,17.0,small,bloodmnist_224,vit_t,7,0.84994640943194
M1,prototype head scale,s,17.0,small,chaoshengmnist_224,convnext,3,0.4309673554956574
M1,prototype head scale,s,17.0,small,chaoshengmnist_224,convnext,5,0.42917041030248576
M1,prototype head scale,s,17.0,small,chaoshengmnist_224,convnext,7,0.41898772087451336
M1,prototype head scale,s,17.0,small,chaoshengmnist_224,resnet,3,0.4812818209044624
M1,prototype head scale,s,17.0,small,chaoshengmnist_224,resnet,5,0.4636118598382749
M1,prototype head scale,s,17.0,small,chaoshengmnist_224,resnet,7,0.47289607666966155
M1,prototype head scale,s,17.0,small,chaoshengmnist_224,swin_tiny,3,0.47139862234201857
M1,prototype head scale,s,17.0,small,chaoshengmnist_224,swin_tiny,5,0.4833782569631626
M1,prototype head scale,s,17.0,small,chaoshengmnist_224,swin_tiny,7,0.477088948787062
M1,prototype head scale,s,17.0,small,chaoshengmnist_224,vit_t,3,0.4609164420485175
M1,prototype head scale,s,17.0,small,chaoshengmnist_224,vit_t,5,0.4546271338724169
M1,prototype head scale,s,17.0,small,chaoshengmnist_224,vit_t,7,0.4504342617550165
M1,prototype head scale,s,17.0,small,dermamnist_224,convnext,3,0.6121363258520366
M1,prototype head scale,s,17.0,small,dermamnist_224,convnext,5,0.6074812967581047
M1,prototype head scale,s,17.0,small,dermamnist_224,convnext,7,0.6094763092269326
M1,prototype head scale,s,17.0,small,dermamnist_224,resnet,3,0.6686616791354946
M1,prototype head scale,s,17.0,small,dermamnist_224,resnet,5,0.6684954280964256
M1,prototype head scale,s,17.0,small,dermamnist_224,resnet,7,0.6681629260182875
M1,prototype head scale,s,17.0,small,dermamnist_224,swin_tiny,3,0.6470490440565253
M1,prototype head scale,s,17.0,small,dermamnist_224,swin_tiny,5,0.6478802992518703
M1,prototype head scale,s,17.0,small,dermamnist_224,swin_tiny,7,0.6475477971737323
M1,prototype head scale,s,17.0,small,dermamnist_224,vit_t,3,0.6156275976724854
M1,prototype head scale,s,17.0,small,dermamnist_224,vit_t,5,0.6139650872817956
M1,prototype head scale,s,17.0,small,dermamnist_224,vit_t,7,0.6221113881961762
M1,prototype head scale,s,17.0,small,organcmnist_224,convnext,3,0.6527913015254787
M1,prototype head scale,s,17.0,small,organcmnist_224,convnext,5,0.6507221681272314
M1,prototype head scale,s,17.0,small,organcmnist_224,convnext,7,0.6526290165530672
M1,prototype head scale,s,17.0,small,organcmnist_224,resnet,3,0.5775316455696202
M1,prototype head scale,s,17.0,small,organcmnist_224,resnet,5,0.575787082116196
M1,prototype head scale,s,17.0,small,organcmnist_224,resnet,7,0.5748539435248295
M1,prototype head scale,s,17.0,small,organcmnist_224,swin_tiny,3,0.6855728659526128
M1,prototype head scale,s,17.0,small,organcmnist_224,swin_tiny,5,0.6822865952612788
M1,prototype head scale,s,17.0,small,organcmnist_224,swin_tiny,7,0.6809071729957806
M1,prototype head scale,s,17.0,small,organcmnist_224,vit_t,3,0.5866196040246673
M1,prototype head scale,s,17.0,small,organcmnist_224,vit_t,5,0.5813453424212918
M1,prototype head scale,s,17.0,small,organcmnist_224,vit_t,7,0.581994482310938
M1,prototype head scale,s,17.0,small,organsmnist_224,convnext,3,0.6068879574034213
M1,prototype head scale,s,17.0,small,organsmnist_224,convnext,5,0.6074544012688342
M1,prototype head scale,s,17.0,small,organsmnist_224,convnext,7,0.6075299271175559
M1,prototype head scale,s,17.0,small,organsmnist_224,resnet,3,0.5014916355122541
M1,prototype head scale,s,17.0,small,organsmnist_224,resnet,5,0.49979230391601526
M1,prototype head scale,s,17.0,small,organsmnist_224,resnet,7,0.4940523394131642
M1,prototype head scale,s,17.0,small,organsmnist_224,swin_tiny,3,0.625920471281296
M1,prototype head scale,s,17.0,small,organsmnist_224,swin_tiny,5,0.6275442770288131
M1,prototype head scale,s,17.0,small,organsmnist_224,swin_tiny,7,0.6273554624070088
M1,prototype head scale,s,17.0,small,organsmnist_224,vit_t,3,0.5452588648464937
M1,prototype head scale,s,17.0,small,organsmnist_224,vit_t,5,0.5472225369132585
M1,prototype head scale,s,17.0,small,organsmnist_224,vit_t,7,0.5483931875684454
M1,prototype head scale,s,20.0,small,bloodmnist_224,convnext,3,0.8479976615024847
M1,prototype head scale,s,20.0,small,bloodmnist_224,convnext,5,0.8476079119165936
M1,prototype head scale,s,20.0,small,bloodmnist_224,convnext,7,0.8487771606742668
M1,prototype head scale,s,20.0,small,bloodmnist_224,resnet,3,0.7999610250414109
M1,prototype head scale,s,20.0,small,bloodmnist_224,resnet,5,0.7986943388872649
M1,prototype head scale,s,20.0,small,bloodmnist_224,resnet,7,0.7984020266978467
M1,prototype head scale,s,20.0,small,bloodmnist_224,swin_tiny,3,0.7730683036149274
M1,prototype head scale,s,20.0,small,bloodmnist_224,swin_tiny,5,0.7715093052713631
M1,prototype head scale,s,20.0,small,bloodmnist_224,swin_tiny,7,0.7701451817207444
M1,prototype head scale,s,20.0,small,bloodmnist_224,vit_t,3,0.8517002825684498
M1,prototype head scale,s,20.0,small,bloodmnist_224,vit_t,5,0.8511156581896132
M1,prototype head scale,s,20.0,small,bloodmnist_224,vit_t,7,0.84994640943194
M1,prototype head scale,s,20.0,small,chaoshengmnist_224,convnext,3,0.4285714285714286
M1,prototype head scale,s,20.0,small,chaoshengmnist_224,convnext,5,0.4282719377059
M1,prototype head scale,s,20.0,small,chaoshengmnist_224,convnext,7,0.4171907756813417
M1,prototype head scale,s,20.0,small,chaoshengmnist_224,resnet,3,0.4809823300389338
M1,prototype head scale,s,20.0,small,chaoshengmnist_224,resnet,5,0.46480982330038934
M1,prototype head scale,s,20.0,small,chaoshengmnist_224,resnet,7,0.47259658580413294
M1,prototype head scale,s,20.0,small,chaoshengmnist_224,swin_tiny,3,0.472596585804133
M1,prototype head scale,s,20.0,small,chaoshengmnist_224,swin_tiny,5,0.4833782569631626
M1,prototype head scale,s,20.0,small,chaoshengmnist_224,swin_tiny,7,0.4794848757112908
M1,prototype head scale,s,20.0,small,chaoshengmnist_224,vit_t,3,0.4588200059898173
M1,prototype head scale,s,20.0,small,chaoshengmnist_224,vit_t,5,0.4531296795447739
M1,prototype head scale,s,20.0,small,chaoshengmnist_224,vit_t,7,0.4495357891584307
M1,prototype head scale,s,20.0,small,dermamnist_224,convnext,3,0.6036575228595179
M1,prototype head scale,s,20.0,small,dermamnist_224,convnext,5,0.5935162094763092
M1,prototype head scale,s,20.0,small,dermamnist_224,convnext,7,0.598836242726517
M1,prototype head scale,s,20.0,small,dermamnist_224,resnet,3,0.6733167082294265
M1,prototype head scale,s,20.0,small,dermamnist_224,resnet,5,0.6736492103075644
M1,prototype head scale,s,20.0,small,dermamnist_224,resnet,7,0.6731504571903575
M1,prototype head scale,s,20.0,small,dermamnist_224,swin_tiny,3,0.6392352452202826
M1,prototype head scale,s,20.0,small,dermamnist_224,swin_tiny,5,0.6402327514546966
M1,prototype head scale,s,20.0,small,dermamnist_224,swin_tiny,7,0.6394014962593516
M1,prototype head scale,s,20.0,small,dermamnist_224,vit_t,3,0.6013300083125519
M1,prototype head scale,s,20.0,small,dermamnist_224,vit_t,5,0.6011637572734829
M1,prototype head scale,s,20.0,small,dermamnist_224,vit_t,7,0.6061512884455528
M1,prototype head scale,s,20.0,small,organcmnist_224,convnext,3,0.6522638753651412
M1,prototype head scale,s,20.0,small,organcmnist_224,convnext,5,0.6500324569944823
M1,prototype head scale,s,20.0,small,organcmnist_224,convnext,7,0.6517364492048037
M1,prototype head scale,s,20.0,small,organcmnist_224,resnet,3,0.5933138591366439
M1,prototype head scale,s,20.0,small,organcmnist_224,resnet,5,0.5908795845504706
M1,prototype head scale,s,20.0,small,organcmnist_224,resnet,7,0.5906767283349562
M1,prototype head scale,s,20.0,small,organcmnist_224,swin_tiny,3,0.6848020123336579
M1,prototype head scale,s,20.0,small,organcmnist_224,swin_tiny,5,0.6815563128854268
M1,prototype head scale,s,20.0,small,organcmnist_224,swin_tiny,7,0.6803391755923401
M1,prototype head scale,s,20.0,small,organcmnist_224,vit_t,3,0.5863356053229472
M1,prototype head scale,s,20.0,small,organcmnist_224,vit_t,5,0.581264199935086
M1,prototype head scale,s,20.0,small,organcmnist_224,vit_t,7,0.5811019149626745
M1,prototype head scale,s,20.0,small,organsmnist_224,convnext,3,0.6061704618405649
M1,prototype head scale,s,20.0,small,organsmnist_224,convnext,5,0.6057173067482345
M1,prototype head scale,s,20.0,small,organsmnist_224,convnext,7,0.6071900607983082
M1,prototype head scale,s,20.0,small,organsmnist_224,resnet,3,0.5198066538272724
M1,prototype head scale,s,20.0,small,organsmnist_224,resnet,5,0.5191646841131378
M1,prototype head scale,s,20.0,small,organsmnist_224,resnet,7,0.513349193761565
M1,prototype head scale,s,20.0,small,organsmnist_224,swin_tiny,3,0.6259582342056569
M1,prototype head scale,s,20.0,small,organsmnist_224,swin_tiny,5,0.6278086174993391
M1,prototype head scale,s,20.0,small,organsmnist_224,swin_tiny,7,0.6285261130621955
M1,prototype head scale,s,20.0,small,organsmnist_224,vit_t,3,0.5431819040066462
M1,prototype head scale,s,20.0,small,organsmnist_224,vit_t,5,0.5458630716362675
M1,prototype head scale,s,20.0,small,organsmnist_224,vit_t,7,0.546807144745289
M1,prototype head scale,s,22.0,small,bloodmnist_224,convnext,3,0.8479976615024847
M1,prototype head scale,s,22.0,small,bloodmnist_224,convnext,5,0.8476079119165936
M1,prototype head scale,s,22.0,small,bloodmnist_224,convnext,7,0.8487771606742668
M1,prototype head scale,s,22.0,small,bloodmnist_224,resnet,3,0.7999610250414109
M1,prototype head scale,s,22.0,small,bloodmnist_224,resnet,5,0.7986943388872649
M1,prototype head scale,s,22.0,small,bloodmnist_224,resnet,7,0.7984020266978467
M1,prototype head scale,s,22.0,small,bloodmnist_224,swin_tiny,3,0.7730683036149274
M1,prototype head scale,s,22.0,small,bloodmnist_224,swin_tiny,5,0.7715093052713631
M1,prototype head scale,s,22.0,small,bloodmnist_224,swin_tiny,7,0.7701451817207444
M1,prototype head scale,s,22.0,small,bloodmnist_224,vit_t,3,0.8517002825684498
M1,prototype head scale,s,22.0,small,bloodmnist_224,vit_t,5,0.8511156581896132
M1,prototype head scale,s,22.0,small,bloodmnist_224,vit_t,7,0.84994640943194
M1,prototype head scale,s,22.0,small,chaoshengmnist_224,convnext,3,0.4303683737646002
M1,prototype head scale,s,22.0,small,chaoshengmnist_224,convnext,5,0.42917041030248576
M1,prototype head scale,s,22.0,small,chaoshengmnist_224,convnext,7,0.4192872117400419
M1,prototype head scale,s,22.0,small,chaoshengmnist_224,resnet,3,0.480083857442348
M1,prototype head scale,s,22.0,small,chaoshengmnist_224,resnet,5,0.4639113507038035
M1,prototype head scale,s,22.0,small,chaoshengmnist_224,resnet,7,0.47289607666966155
M1,prototype head scale,s,22.0,small,chaoshengmnist_224,swin_tiny,3,0.4719976040730758
M1,prototype head scale,s,22.0,small,chaoshengmnist_224,swin_tiny,5,0.48277927523210545
M1,prototype head scale,s,22.0,small,chaoshengmnist_224,swin_tiny,7,0.4782869122491764
M1,prototype head scale,s,22.0,small,chaoshengmnist_224,vit_t,3,0.4582210242587601
M1,prototype head scale,s,22.0,small,chaoshengmnist_224,vit_t,5,0.4537286612758311
M1,prototype head scale,s,22.0,small,chaoshengmnist_224,vit_t,7,0.4495357891584307
M1,prototype head scale,s,22.0,small,dermamnist_224,convnext,3,0.5945137157107232
M1,prototype head scale,s,22.0,small,dermamnist_224,convnext,5,0.5838736492103076
M1,prototype head scale,s,22.0,small,dermamnist_224,convnext,7,0.5898586866167914
M1,prototype head scale,s,22.0,small,dermamnist_224,resnet,3,0.6748129675810474
M1,prototype head scale,s,22.0,small,dermamnist_224,resnet,5,0.6754779717373234
M1,prototype head scale,s,22.0,small,dermamnist_224,resnet,7,0.6759767248545303
M1,prototype head scale,s,22.0,small,dermamnist_224,swin_tiny,3,0.6320864505403159
M1,prototype head scale,s,22.0,small,dermamnist_224,swin_tiny,5,0.630756442227764
M1,prototype head scale,s,22.0,small,dermamnist_224,swin_tiny,7,0.6317539484621779
M1,prototype head scale,s,22.0,small,dermamnist_224,vit_t,3,0.5951787198669992
M1,prototype head scale,s,22.0,small,dermamnist_224,vit_t,5,0.5938487115544472
M1,prototype head scale,s,22.0,small,dermamnist_224,vit_t,7,0.598836242726517
M1,prototype head scale,s,22.0,small,organcmnist_224,convnext,3,0.6517770204479065
M1,prototype head scale,s,22.0,small,organcmnist_224,convnext,5,0.6497078870496592
M1,prototype head scale,s,22.0,small,organcmnist_224,convnext,7,0.6515335929892891
M1,prototype head scale,s,22.0,small,organcmnist_224,resnet,3,0.5993589743589743
M1,prototype head scale,s,22.0,small,organcmnist_224,resnet,5,0.5975332684193444
M1,prototype head scale,s,22.0,small,organcmnist_224,resnet,7,0.596924699772801
M1,prototype head scale,s,22.0,small,organcmnist_224,swin_tiny,3,0.6830168776371308
M1,prototype head scale,s,22.0,small,organcmnist_224,swin_tiny,5,0.6798117494320026
M1,prototype head scale,s,22.0,small,organcmnist_224,swin_tiny,7,0.6790003245699449
M1,prototype head scale,s,22.0,small,organcmnist_224,vit_t,3,0.5860921778643298
M1,prototype head scale,s,22.0,small,organcmnist_224,vit_t,5,0.5806962025316456
M1,prototype head scale,s,22.0,small,organcmnist_224,vit_t,7,0.5809396299902628
M1,prototype head scale,s,22.0,small,organsmnist_224,convnext,3,0.6062082247649258
M1,prototype head scale,s,22.0,small,organsmnist_224,convnext,5,0.605604017975152
M1,prototype head scale,s,22.0,small,organsmnist_224,convnext,7,0.6065858540085344
M1,prototype head scale,s,22.0,small,organsmnist_224,resnet,3,0.5293606736905706
M1,prototype head scale,s,22.0,small,organsmnist_224,resnet,5,0.527057135304558
M1,prototype head scale,s,22.0,small,organsmnist_224,resnet,7,0.5234696574902761
M1,prototype head scale,s,22.0,small,organsmnist_224,swin_tiny,3,0.6260337600543786
M1,prototype head scale,s,22.0,small,organsmnist_224,swin_tiny,5,0.6272421736339262
M1,prototype head scale,s,22.0,small,organsmnist_224,swin_tiny,7,0.6290547940032476
M1,prototype head scale,s,22.0,small,organsmnist_224,vit_t,3,0.5433329557040897
M1,prototype head scale,s,22.0,small,organsmnist_224,vit_t,5,0.5456742570144631
M1,prototype head scale,s,22.0,small,organsmnist_224,vit_t,7,0.5471470110645369
M1,prototype head scale,s,25.0,small,bloodmnist_224,convnext,3,0.8479976615024847
M1,prototype head scale,s,25.0,small,bloodmnist_224,convnext,5,0.8476079119165936
M1,prototype head scale,s,25.0,small,bloodmnist_224,convnext,7,0.8487771606742668
M1,prototype head scale,s,25.0,small,bloodmnist_224,resnet,3,0.7999610250414109
M1,prototype head scale,s,25.0,small,bloodmnist_224,resnet,5,0.7986943388872649
M1,prototype head scale,s,25.0,small,bloodmnist_224,resnet,7,0.7984020266978467
M1,prototype head scale,s,25.0,small,bloodmnist_224,swin_tiny,3,0.7730683036149274
M1,prototype head scale,s,25.0,small,bloodmnist_224,swin_tiny,5,0.7715093052713631
M1,prototype head scale,s,25.0,small,bloodmnist_224,swin_tiny,7,0.7701451817207444
M1,prototype head scale,s,25.0,small,bloodmnist_224,vit_t,3,0.8517002825684498
M1,prototype head scale,s,25.0,small,bloodmnist_224,vit_t,5,0.8511156581896132
M1,prototype head scale,s,25.0,small,bloodmnist_224,vit_t,7,0.84994640943194
M1,prototype head scale,s,25.0,small,chaoshengmnist_224,convnext,3,0.42946990116801437
M1,prototype head scale,s,25.0,small,chaoshengmnist_224,convnext,5,0.4285714285714286
M1,prototype head scale,s,25.0,small,chaoshengmnist_224,convnext,7,0.41778975741239893
M1,prototype head scale,s,25.0,small,chaoshengmnist_224,resnet,3,0.4776879305181192
M1,prototype head scale,s,25.0,small,chaoshengmnist_224,resnet,5,0.4630128781072177
M1,prototype head scale,s,25.0,small,chaoshengmnist_224,resnet,7,0.47079964061096136
M1,prototype head scale,s,25.0,small,chaoshengmnist_224,swin_tiny,3,0.474094040131776
M1,prototype head scale,s,25.0,small,chaoshengmnist_224,swin_tiny,5,0.48487571129080564
M1,prototype head scale,s,25.0,small,chaoshengmnist_224,swin_tiny,7,0.47948487571129084
M1,prototype head scale,s,25.0,small,chaoshengmnist_224,vit_t,3,0.4606169511829889
M1,prototype head scale,s,25.0,small,chaoshengmnist_224,vit_t,5,0.4555256064690027
M1,prototype head scale,s,25.0,small,chaoshengmnist_224,vit_t,7,0.45103324348607365
M1,prototype head scale,s,25.0,small,dermamnist_224,convnext,3,0.5813798836242726
M1,prototype head scale,s,25.0,small,dermamnist_224,convnext,5,0.572734829592685
M1,prototype head scale,s,25.0,small,dermamnist_224,convnext,7,0.5770573566084788
M1,prototype head scale,s,25.0,small,dermamnist_224,resnet,3,0.6781379883624272
M1,prototype head scale,s,25.0,small,dermamnist_224,resnet,5,0.6786367414796343
M1,prototype head scale,s,25.0,small,dermamnist_224,resnet,7,0.6781379883624273
M1,prototype head scale,s,25.0,small,dermamnist_224,swin_tiny,3,0.6186201163757273
M1,prototype head scale,s,25.0,small,dermamnist_224,swin_tiny,5,0.6189526184538653
M1,prototype head scale,s,25.0,small,dermamnist_224,swin_tiny,7,0.6191188694929344
M1,prototype head scale,s,25.0,small,dermamnist_224,vit_t,3,0.5870324189526185
M1,prototype head scale,s,25.0,small,dermamnist_224,vit_t,5,0.5842061512884456
M1,prototype head scale,s,25.0,small,dermamnist_224,vit_t,7,0.5920199501246883
M1,prototype head scale,s,25.0,small,organcmnist_224,convnext,3,0.6506004543979227
M1,prototype head scale,s,25.0,small,organcmnist_224,convnext,5,0.6486530347289841
M1,prototype head scale,s,25.0,small,organcmnist_224,convnext,7,0.6503570269393054
M1,prototype head scale,s,25.0,small,organcmnist_224,resnet,3,0.6065806556312886
M1,prototype head scale,s,25.0,small,organcmnist_224,resnet,5,0.6049983771502759
M1,prototype head scale,s,25.0,small,organcmnist_224,resnet,7,0.604592664719247
M1,prototype head scale,s,25.0,small,organcmnist_224,swin_tiny,3,0.6820837390457644
M1,prototype head scale,s,25.0,small,organcmnist_224,swin_tiny,5,0.678188899707887
M1,prototype head scale,s,25.0,small,organcmnist_224,swin_tiny,7,0.6776209023044466
M1,prototype head scale,s,25.0,small,organcmnist_224,vit_t,3,0.5853213242453749
M1,prototype head scale,s,25.0,small,organcmnist_224,vit_t,5,0.5799253489126907
M1,prototype head scale,s,25.0,small,organcmnist_224,vit_t,7,0.5802904901006167
M1,prototype head scale,s,25.0,small,organsmnist_224,convnext,3,0.6048109965635738
M1,prototype head scale,s,25.0,small,organsmnist_224,convnext,5,0.603942449303274
M1,prototype head scale,s,25.0,small,organsmnist_224,convnext,7,0.6053396775046259
M1,prototype head scale,s,25.0,small,organsmnist_224,resnet,3,0.5412937577886031
M1,prototype head scale,s,25.0,small,organsmnist_224,resnet,5,0.5398587666628903
M1,prototype head scale,s,25.0,small,organsmnist_224,resnet,7,0.5368754956383822
M1,prototype head scale,s,25.0,small,organsmnist_224,swin_tiny,3,0.6240323250632529
M1,prototype head scale,s,25.0,small,organsmnist_224,swin_tiny,5,0.6258827083569352
M1,prototype head scale,s,25.0,small,organsmnist_224,swin_tiny,7,0.6273176994826479
M1,prototype head scale,s,25.0,small,organsmnist_224,vit_t,3,0.5430308523092028
M1,prototype head scale,s,25.0,small,organsmnist_224,vit_t,5,0.5446924209810807
M1,prototype head scale,s,25.0,small,organsmnist_224,vit_t,7,0.5463539896529587
M1,prototype head scale,s,27.0,small,bloodmnist_224,convnext,3,0.8479976615024847
M1,prototype head scale,s,27.0,small,bloodmnist_224,convnext,5,0.8476079119165936
M1,prototype head scale,s,27.0,small,bloodmnist_224,convnext,7,0.8487771606742668
M1,prototype head scale,s,27.0,small,bloodmnist_224,resnet,3,0.7999610250414109
M1,prototype head scale,s,27.0,small,bloodmnist_224,resnet,5,0.7986943388872649
M1,prototype head scale,s,27.0,small,bloodmnist_224,resnet,7,0.7984020266978467
M1,prototype head scale,s,27.0,small,bloodmnist_224,swin_tiny,3,0.7730683036149274
M1,prototype head scale,s,27.0,small,bloodmnist_224,swin_tiny,5,0.7715093052713631
M1,prototype head scale,s,27.0,small,bloodmnist_224,swin_tiny,7,0.7701451817207444
M1,prototype head scale,s,27.0,small,bloodmnist_224,vit_t,3,0.8517002825684498
M1,prototype head scale,s,27.0,small,bloodmnist_224,vit_t,5,0.8511156581896132
M1,prototype head scale,s,27.0,small,bloodmnist_224,vit_t,7,0.84994640943194
M1,prototype head scale,s,27.0,small,chaoshengmnist_224,convnext,3,0.4300688828990716
M1,prototype head scale,s,27.0,small,chaoshengmnist_224,convnext,5,0.42917041030248576
M1,prototype head scale,s,27.0,small,chaoshengmnist_224,convnext,7,0.41838873914345615
M1,prototype head scale,s,27.0,small,chaoshengmnist_224,resnet,3,0.4788858939802336
M1,prototype head scale,s,27.0,small,chaoshengmnist_224,resnet,5,0.46241389637616054
M1,prototype head scale,s,27.0,small,chaoshengmnist_224,resnet,7,0.4716981132075472
M1,prototype head scale,s,27.0,small,chaoshengmnist_224,swin_tiny,3,0.4746930218628332
M1,prototype head scale,s,27.0,small,chaoshengmnist_224,swin_tiny,5,0.4857741838873914
M1,prototype head scale,s,27.0,small,chaoshengmnist_224,swin_tiny,7,0.4809823300389338
M1,prototype head scale,s,27.0,small,chaoshengmnist_224,vit_t,3,0.4606169511829889
M1,prototype head scale,s,27.0,small,chaoshengmnist_224,vit_t,5,0.4549266247379455
M1,prototype head scale,s,27.0,small,chaoshengmnist_224,vit_t,7,0.45043426175501644
M1,prototype head scale,s,27.0,small,dermamnist_224,convnext,3,0.5745635910224439
M1,prototype head scale,s,27.0,small,dermamnist_224,convnext,5,0.5670822942643391
M1,prototype head scale,s,27.0,small,dermamnist_224,convnext,7,0.569908561928512
M1,prototype head scale,s,27.0,small,dermamnist_224,resnet,3,0.6771404821280133
M1,prototype head scale,s,27.0,small,dermamnist_224,resnet,5,0.6778054862842893
M1,prototype head scale,s,27.0,small,dermamnist_224,resnet,7,0.6776392352452203
M1,prototype head scale,s,27.0,small,dermamnist_224,swin_tiny,3,0.6121363258520366
M1,prototype head scale,s,27.0,small,dermamnist_224,swin_tiny,5,0.6126350789692436
M1,prototype head scale,s,27.0,small,dermamnist_224,swin_tiny,7,0.6141313383208645
M1,prototype head scale,s,27.0,small,dermamnist_224,vit_t,3,0.5832086450540316
M1,prototype head scale,s,27.0,small,dermamnist_224,vit_t,5,0.5787198669991688
M1,prototype head scale,s,27.0,small,dermamnist_224,vit_t,7,0.5871986699916875
M1,prototype head scale,s,27.0,small,organcmnist_224,convnext,3,0.6505598831548198
M1,prototype head scale,s,27.0,small,organcmnist_224,convnext,5,0.6487747484582927
M1,prototype head scale,s,27.0,small,organcmnist_224,convnext,7,0.6502758844530996
M1,prototype head scale,s,27.0,small,organcmnist_224,resnet,3,0.6098263550795197
M1,prototype head scale,s,27.0,small,organcmnist_224,resnet,5,0.6084875040571243
M1,prototype head scale,s,27.0,small,organcmnist_224,resnet,7,0.6077572216812723
M1,prototype head scale,s,27.0,small,organcmnist_224,swin_tiny,3,0.6822865952612789
M1,prototype head scale,s,27.0,small,organcmnist_224,swin_tiny,5,0.6779860434923726
M1,prototype head scale,s,27.0,small,organcmnist_224,swin_tiny,7,0.6773369036027264
M1,prototype head scale,s,27.0,small,organcmnist_224,vit_t,3,0.5847533268419344
M1,prototype head scale,s,27.0,small,organcmnist_224,vit_t,5,0.5795602077247647
M1,prototype head scale,s,27.0,small,organcmnist_224,vit_t,7,0.5798036351833821
M1,prototype head scale,s,27.0,small,organsmnist_224,convnext,3,0.6043200785468826
M1,prototype head scale,s,27.0,small,organsmnist_224,convnext,5,0.6036025829840262
M1,prototype head scale,s,27.0,small,organsmnist_224,convnext,7,0.6048109965635738
M1,prototype head scale,s,27.0,small,organsmnist_224,resnet,3,0.5465805671991238
M1,prototype head scale,s,27.0,small,organsmnist_224,resnet,5,0.5445036063592764
M1,prototype head scale,s,27.0,small,organsmnist_224,resnet,7,0.5422378308976247
M1,prototype head scale,s,27.0,small,organsmnist_224,swin_tiny,3,0.622635096861901
M1,prototype head scale,s,27.0,small,organsmnist_224,swin_tiny,5,0.6251652127940788
M1,prototype head scale,s,27.0,small,organsmnist_224,swin_tiny,7,0.6265246780710698
M1,prototype head scale,s,27.0,small,organsmnist_224,vit_t,3,0.5425399342925116
M1,prototype head scale,s,27.0,small,organsmnist_224,vit_t,5,0.5440126883425852
M1,prototype head scale,s,27.0,small,organsmnist_224,vit_t,7,0.5459008345606283
M1,prototype head scale,s,30.0,small,bloodmnist_224,convnext,3,0.8479976615024847
M1,prototype head scale,s,30.0,small,bloodmnist_224,convnext,5,0.8476079119165936
M1,prototype head scale,s,30.0,small,bloodmnist_224,convnext,7,0.8487771606742668
M1,prototype head scale,s,30.0,small,bloodmnist_224,resnet,3,0.7999610250414109
M1,prototype head scale,s,30.0,small,bloodmnist_224,resnet,5,0.7986943388872649
M1,prototype head scale,s,30.0,small,bloodmnist_224,resnet,7,0.7984020266978467
M1,prototype head scale,s,30.0,small,bloodmnist_224,swin_tiny,3,0.7730683036149274
M1,prototype head scale,s,30.0,small,bloodmnist_224,swin_tiny,5,0.7715093052713631
M1,prototype head scale,s,30.0,small,bloodmnist_224,swin_tiny,7,0.7701451817207444
M1,prototype head scale,s,30.0,small,bloodmnist_224,vit_t,3,0.8517002825684498
M1,prototype head scale,s,30.0,small,bloodmnist_224,vit_t,5,0.8511156581896132
M1,prototype head scale,s,30.0,small,bloodmnist_224,vit_t,7,0.84994640943194
M1,prototype head scale,s,30.0,small,chaoshengmnist_224,convnext,3,0.4303683737646002
M1,prototype head scale,s,30.0,small,chaoshengmnist_224,convnext,5,0.42917041030248576
M1,prototype head scale,s,30.0,small,chaoshengmnist_224,convnext,7,0.4189877208745133
M1,prototype head scale,s,30.0,small,chaoshengmnist_224,resnet,3,0.4779874213836478
M1,prototype head scale,s,30.0,small,chaoshengmnist_224,resnet,5,0.4615154237795747
M1,prototype head scale,s,30.0,small,chaoshengmnist_224,resnet,7,0.47079964061096136
M1,prototype head scale,s,30.0,small,chaoshengmnist_224,swin_tiny,3,0.4734950584007188
M1,prototype head scale,s,30.0,small,chaoshengmnist_224,swin_tiny,5,0.4836777478286912
M1,prototype head scale,s,30.0,small,chaoshengmnist_224,swin_tiny,7,0.4797843665768194
M1,prototype head scale,s,30.0,small,chaoshengmnist_224,vit_t,3,0.46061695118298895
M1,prototype head scale,s,30.0,small,chaoshengmnist_224,vit_t,5,0.4546271338724169
M1,prototype head scale,s,30.0,small,chaoshengmnist_224,vit_t,7,0.4504342617550165
M1,prototype head scale,s,30.0,small,dermamnist_224,convnext,3,0.5649210307564422
M1,prototype head scale,s,30.0,small,dermamnist_224,convnext,5,0.5546134663341646
M1,prototype head scale,s,30.0,small,dermamnist_224,convnext,7,0.5622610141313383
M1,prototype head scale,s,30.0,small,dermamnist_224,resnet,3,0.6761429758935994
M1,prototype head scale,s,30.0,small,dermamnist_224,resnet,5,0.6768079800498753
M1,prototype head scale,s,30.0,small,dermamnist_224,resnet,7,0.6773067331670823
M1,prototype head scale,s,30.0,small,dermamnist_224,swin_tiny,3,0.60332502078138
M1,prototype head scale,s,30.0,small,dermamnist_224,swin_tiny,5,0.6041562759767248
M1,prototype head scale,s,30.0,small,dermamnist_224,swin_tiny,7,0.6043225270157938
M1,prototype head scale,s,30.0,small,dermamnist_224,vit_t,3,0.5758935993349958
M1,prototype head scale,s,30.0,small,dermamnist_224,vit_t,5,0.572402327514547
M1,prototype head scale,s,30.0,small,dermamnist_224,vit_t,7,0.5808811305070657
M1,prototype head scale,s,30.0,small,organcmnist_224,convnext,3,0.6504787406686141
M1,prototype head scale,s,30.0,small,organcmnist_224,convnext,5,0.6481661798117494
M1,prototype head scale,s,30.0,small,organcmnist_224,convnext,7,0.650154170723791
M1,prototype head scale,s,30.0,small,organcmnist_224,resnet,3,0.6145326192794548
M1,prototype head scale,s,30.0,small,organcmnist_224,resnet,5,0.612950340798442
M1,prototype head scale,s,30.0,small,organcmnist_224,resnet,7,0.6131531970139565
M1,prototype head scale,s,30.0,small,organcmnist_224,swin_tiny,3,0.6807448880233691
M1,prototype head scale,s,30.0,small,organcmnist_224,swin_tiny,5,0.6771746186303148
M1,prototype head scale,s,30.0,small,organcmnist_224,swin_tiny,7,0.6757546251217137
M1,prototype head scale,s,30.0,small,organcmnist_224,vit_t,3,0.5849561830574489
M1,prototype head scale,s,30.0,small,organcmnist_224,vit_t,5,0.5793573515092503
M1,prototype head scale,s,30.0,small,organcmnist_224,vit_t,7,0.5800064913988965
M1,prototype head scale,s,30.0,small,organsmnist_224,convnext,3,0.6048865224122956
M1,prototype head scale,s,30.0,small,organsmnist_224,convnext,5,0.6032627166647785
M1,prototype head scale,s,30.0,small,organsmnist_224,convnext,7,0.6051130999584607
M1,prototype head scale,s,30.0,small,organsmnist_224,resnet,3,0.553151316037914
M1,prototype head scale,s,30.0,small,organsmnist_224,resnet,5,0.5505456742570145
M1,prototype head scale,s,30.0,small,organsmnist_224,resnet,7,0.5489218685094974
M1,prototype head scale,s,30.0,small,organsmnist_224,swin_tiny,3,0.6207847135682187
M1,prototype head scale,s,30.0,small,organsmnist_224,swin_tiny,5,0.6241456138363355
M1,prototype head scale,s,30.0,small,organsmnist_224,swin_tiny,7,0.625089686945357
M1,prototype head scale,s,30.0,small,organsmnist_224,vit_t,3,0.5415203353347683
M1,prototype head scale,s,30.0,small,organsmnist_224,vit_t,5,0.5433329557040897
M1,prototype head scale,s,30.0,small,organsmnist_224,vit_t,7,0.5446924209810807
M1,prototype head scale,s,32.0,small,bloodmnist_224,convnext,3,0.8479976615024847
M1,prototype head scale,s,32.0,small,bloodmnist_224,convnext,5,0.8476079119165936
M1,prototype head scale,s,32.0,small,bloodmnist_224,convnext,7,0.8487771606742668
M1,prototype head scale,s,32.0,small,bloodmnist_224,resnet,3,0.7999610250414109
M1,prototype head scale,s,32.0,small,bloodmnist_224,resnet,5,0.7986943388872649
M1,prototype head scale,s,32.0,small,bloodmnist_224,resnet,7,0.7984020266978467
M1,prototype head scale,s,32.0,small,bloodmnist_224,swin_tiny,3,0.7730683036149274
M1,prototype head scale,s,32.0,small,bloodmnist_224,swin_tiny,5,0.7715093052713631
M1,prototype head scale,s,32.0,small,bloodmnist_224,swin_tiny,7,0.7701451817207444
M1,prototype head scale,s,32.0,small,bloodmnist_224,vit_t,3,0.8517002825684498
M1,prototype head scale,s,32.0,small,bloodmnist_224,vit_t,5,0.8511156581896132
M1,prototype head scale,s,32.0,small,bloodmnist_224,vit_t,7,0.84994640943194
M1,prototype head scale,s,32.0,small,chaoshengmnist_224,convnext,3,0.431266846361186
M1,prototype head scale,s,32.0,small,chaoshengmnist_224,convnext,5,0.431266846361186
M1,prototype head scale,s,32.0,small,chaoshengmnist_224,convnext,7,0.41898772087451336
M1,prototype head scale,s,32.0,small,chaoshengmnist_224,resnet,3,0.478586403114705
M1,prototype head scale,s,32.0,small,chaoshengmnist_224,resnet,5,0.46301287810721775
M1,prototype head scale,s,32.0,small,chaoshengmnist_224,resnet,7,0.4719976040730758
M1,prototype head scale,s,32.0,small,chaoshengmnist_224,swin_tiny,3,0.4716981132075472
M1,prototype head scale,s,32.0,small,chaoshengmnist_224,swin_tiny,5,0.4824797843665768
M1,prototype head scale,s,32.0,small,chaoshengmnist_224,swin_tiny,7,0.4779874213836478
M1,prototype head scale,s,32.0,small,chaoshengmnist_224,vit_t,3,0.45971847858640313
M1,prototype head scale,s,32.0,small,chaoshengmnist_224,vit_t,5,0.4549266247379455
M1,prototype head scale,s,32.0,small,chaoshengmnist_224,vit_t,7,0.45133273435160226
M1,prototype head scale,s,32.0,small,dermamnist_224,convnext,3,0.5579384871155445
M1,prototype head scale,s,32.0,small,dermamnist_224,convnext,5,0.5481296758104738
M1,prototype head scale,s,32.0,small,dermamnist_224,convnext,7,0.5564422277639235
M1,prototype head scale,s,32.0,small,dermamnist_224,resnet,3,0.6786367414796343
M1,prototype head scale,s,32.0,small,dermamnist_224,resnet,5,0.6779717373233582
M1,prototype head scale,s,32.0,small,dermamnist_224,resnet,7,0.6769742310889443
M1,prototype head scale,s,32.0,small,dermamnist_224,swin_tiny,3,0.5965087281795511
M1,prototype head scale,s,32.0,small,dermamnist_224,swin_tiny,5,0.598669991687448
M1,prototype head scale,s,32.0,small,dermamnist_224,swin_tiny,7,0.597339983374896
M1,prototype head scale,s,32.0,small,dermamnist_224,vit_t,3,0.5740648379052369
M1,prototype head scale,s,32.0,small,dermamnist_224,vit_t,5,0.5685785536159601
M1,prototype head scale,s,32.0,small,dermamnist_224,vit_t,7,0.5770573566084788
M1,prototype head scale,s,32.0,small,organcmnist_224,convnext,3,0.6507627393703344
M1,prototype head scale,s,32.0,small,organcmnist_224,convnext,5,0.648003894839338
M1,prototype head scale,s,32.0,small,organcmnist_224,convnext,7,0.6506410256410257
M1,prototype head scale,s,32.0,small,organcmnist_224,resnet,3,0.6147354754949692
M1,prototype head scale,s,32.0,small,organcmnist_224,resnet,5,0.6139240506329114
M1,prototype head scale,s,32.0,small,organcmnist_224,resnet,7,0.6143297630639403
M1,prototype head scale,s,32.0,small,organcmnist_224,swin_tiny,3,0.6800957481337229
M1,prototype head scale,s,32.0,small,organcmnist_224,swin_tiny,5,0.676768906199286
M1,prototype head scale,s,32.0,small,organcmnist_224,swin_tiny,7,0.6751054852320675
M1,prototype head scale,s,32.0,small,organcmnist_224,vit_t,3,0.5841447581953911
M1,prototype head scale,s,32.0,small,organcmnist_224,vit_t,5,0.5788704965920156
M1,prototype head scale,s,32.0,small,organcmnist_224,vit_t,7,0.5791139240506329
M1,prototype head scale,s,32.0,small,organsmnist_224,convnext,3,0.6037913976058306
M1,prototype head scale,s,32.0,small,organsmnist_224,convnext,5,0.6022431177070352
M1,prototype head scale,s,32.0,small,organsmnist_224,convnext,7,0.6040179751519957
M1,prototype head scale,s,32.0,small,organsmnist_224,resnet,3,0.5569276084740002
M1,prototype head scale,s,32.0,small,organsmnist_224,resnet,5,0.5535289452815226
M1,prototype head scale,s,32.0,small,organsmnist_224,resnet,7,0.5520184283070881
M1,prototype head scale,s,32.0,small,organsmnist_224,swin_tiny,3,0.6200672180053624
M1,prototype head scale,s,32.0,small,organsmnist_224,swin_tiny,5,0.6235414070465617
M1,prototype head scale,s,32.0,small,organsmnist_224,swin_tiny,7,0.6250141610966353
M1,prototype head scale,s,32.0,small,organsmnist_224,vit_t,3,0.5414070465616857
M1,prototype head scale,s,32.0,small,organsmnist_224,vit_t,5,0.5428420376873985
M1,prototype head scale,s,32.0,small,organsmnist_224,vit_t,7,0.5447679468298025
M1,prototype head scale,s,35.0,small,bloodmnist_224,convnext,3,0.8479976615024847
M1,prototype head scale,s,35.0,small,bloodmnist_224,convnext,5,0.8476079119165936
M1,prototype head scale,s,35.0,small,bloodmnist_224,convnext,7,0.8487771606742668
M1,prototype head scale,s,35.0,small,bloodmnist_224,resnet,3,0.7999610250414109
M1,prototype head scale,s,35.0,small,bloodmnist_224,resnet,5,0.7986943388872649
M1,prototype head scale,s,35.0,small,bloodmnist_224,resnet,7,0.7984020266978467
M1,prototype head scale,s,35.0,small,bloodmnist_224,swin_tiny,3,0.7730683036149274
M1,prototype head scale,s,35.0,small,bloodmnist_224,swin_tiny,5,0.7715093052713631
M1,prototype head scale,s,35.0,small,bloodmnist_224,swin_tiny,7,0.7701451817207444
M1,prototype head scale,s,35.0,small,bloodmnist_224,vit_t,3,0.8517002825684498
M1,prototype head scale,s,35.0,small,bloodmnist_224,vit_t,5,0.8511156581896132
M1,prototype head scale,s,35.0,small,bloodmnist_224,vit_t,7,0.84994640943194
M1,prototype head scale,s,35.0,small,chaoshengmnist_224,convnext,3,0.4318658280922432
M1,prototype head scale,s,35.0,small,chaoshengmnist_224,convnext,5,0.4303683737646002
M1,prototype head scale,s,35.0,small,chaoshengmnist_224,convnext,7,0.4192872117400419
M1,prototype head scale,s,35.0,small,chaoshengmnist_224,resnet,3,0.480083857442348
M1,prototype head scale,s,35.0,small,chaoshengmnist_224,resnet,5,0.46241389637616054
M1,prototype head scale,s,35.0,small,chaoshengmnist_224,resnet,7,0.4716981132075472
M1,prototype head scale,s,35.0,small,chaoshengmnist_224,swin_tiny,3,0.4719976040730758
M1,prototype head scale,s,35.0,small,chaoshengmnist_224,swin_tiny,5,0.4827792752321054
M1,prototype head scale,s,35.0,small,chaoshengmnist_224,swin_tiny,7,0.478586403114705
M1,prototype head scale,s,35.0,small,chaoshengmnist_224,vit_t,3,0.4612159329140461
M1,prototype head scale,s,35.0,small,chaoshengmnist_224,vit_t,5,0.45432764300688827
M1,prototype head scale,s,35.0,small,chaoshengmnist_224,vit_t,7,0.45103324348607365
M1,prototype head scale,s,35.0,small,dermamnist_224,convnext,3,0.5529509559434747
M1,prototype head scale,s,35.0,small,dermamnist_224,convnext,5,0.542310889443059
M1,prototype head scale,s,35.0,small,dermamnist_224,convnext,7,0.5492934330839568
M1,prototype head scale,s,35.0,small,dermamnist_224,resnet,3,0.6771404821280133
M1,prototype head scale,s,35.0,small,dermamnist_224,resnet,5,0.6768079800498753
M1,prototype head scale,s,35.0,small,dermamnist_224,resnet,7,0.6769742310889443
M1,prototype head scale,s,35.0,small,dermamnist_224,swin_tiny,3,0.5881961762261014
M1,prototype head scale,s,35.0,small,dermamnist_224,swin_tiny,5,0.5908561928512053
M1,prototype head scale,s,35.0,small,dermamnist_224,swin_tiny,7,0.5903574397339983
M1,prototype head scale,s,35.0,small,dermamnist_224,vit_t,3,0.570407315045719
M1,prototype head scale,s,35.0,small,dermamnist_224,vit_t,5,0.5645885286783042
M1,prototype head scale,s,35.0,small,dermamnist_224,vit_t,7,0.5722360764754779
M1,prototype head scale,s,35.0,small,organcmnist_224,convnext,3,0.6509250243427459
M1,prototype head scale,s,35.0,small,organcmnist_224,convnext,5,0.6486124634858812
M1,prototype head scale,s,35.0,small,organcmnist_224,convnext,7,0.6511278805582603
M1,prototype head scale,s,35.0,small,organcmnist_224,resnet,3,0.6185897435897436
M1,prototype head scale,s,35.0,small,organcmnist_224,resnet,5,0.6168451801363194
M1,prototype head scale,s,35.0,small,organcmnist_224,resnet,7,0.6174537487828626
M1,prototype head scale,s,35.0,small,organcmnist_224,swin_tiny,3,0.6788786108406362
M1,prototype head scale,s,35.0,small,organcmnist_224,swin_tiny,5,0.6758763388510224
M1,prototype head scale,s,35.0,small,organcmnist_224,swin_tiny,7,0.6738477766958779
M1,prototype head scale,s,35.0,small,organcmnist_224,vit_t,3,0.5837390457643622
M1,prototype head scale,s,35.0,small,organcmnist_224,vit_t,5,0.5784242129178838
M1,prototype head scale,s,35.0,small,organcmnist_224,vit_t,7,0.5790327815644272
M1,prototype head scale,s,35.0,small,organsmnist_224,convnext,3,0.6034137683622219
M1,prototype head scale,s,35.0,small,organsmnist_224,convnext,5,0.6023941694044787
M1,prototype head scale,s,35.0,small,organsmnist_224,convnext,7,0.6039802122276349
M1,prototype head scale,s,35.0,small,organsmnist_224,resnet,3,0.5599486424228692
M1,prototype head scale,s,35.0,small,organsmnist_224,resnet,5,0.5571541860201654
M1,prototype head scale,s,35.0,small,organsmnist_224,resnet,7,0.5565499792303916
M1,prototype head scale,s,35.0,small,organsmnist_224,swin_tiny,3,0.6186699898040104
M1,prototype head scale,s,35.0,small,organsmnist_224,swin_tiny,5,0.6221064159208489
M1,prototype head scale,s,35.0,small,organsmnist_224,swin_tiny,7,0.6235414070465617
M1,prototype head scale,s,35.0,small,organsmnist_224,vit_t,3,0.5409161285449945
M1,prototype head scale,s,35.0,small,organsmnist_224,vit_t,5,0.5425021713681507
M1,prototype head scale,s,35.0,small,organsmnist_224,vit_t,7,0.544352554661833
M1,prototype head scale,s,37.0,small,bloodmnist_224,convnext,3,0.8479976615024847
M1,prototype head scale,s,37.0,small,bloodmnist_224,convnext,5,0.8476079119165936
M1,prototype head scale,s,37.0,small,bloodmnist_224,convnext,7,0.8487771606742668
M1,prototype head scale,s,37.0,small,bloodmnist_224,resnet,3,0.7999610250414109
M1,prototype head scale,s,37.0,small,bloodmnist_224,resnet,5,0.7986943388872649
M1,prototype head scale,s,37.0,small,bloodmnist_224,resnet,7,0.7984020266978467
M1,prototype head scale,s,37.0,small,bloodmnist_224,swin_tiny,3,0.7730683036149274
M1,prototype head scale,s,37.0,small,bloodmnist_224,swin_tiny,5,0.7715093052713631
M1,prototype head scale,s,37.0,small,bloodmnist_224,swin_tiny,7,0.7701451817207444
M1,prototype head scale,s,37.0,small,bloodmnist_224,vit_t,3,0.8517002825684498
M1,prototype head scale,s,37.0,small,bloodmnist_224,vit_t,5,0.8511156581896132
M1,prototype head scale,s,37.0,small,bloodmnist_224,vit_t,7,0.84994640943194
M1,prototype head scale,s,37.0,small,chaoshengmnist_224,convnext,3,0.43186582809224316
M1,prototype head scale,s,37.0,small,chaoshengmnist_224,convnext,5,0.4300688828990716
M1,prototype head scale,s,37.0,small,chaoshengmnist_224,convnext,7,0.41898772087451336
M1,prototype head scale,s,37.0,small,chaoshengmnist_224,resnet,3,0.478586403114705
M1,prototype head scale,s,37.0,small,chaoshengmnist_224,resnet,5,0.4618149146451033
M1,prototype head scale,s,37.0,small,chaoshengmnist_224,resnet,7,0.47020065887990414
M1,prototype head scale,s,37.0,small,chaoshengmnist_224,swin_tiny,3,0.47379454926624737
M1,prototype head scale,s,37.0,small,chaoshengmnist_224,swin_tiny,5,0.4839772386942198
M1,prototype head scale,s,37.0,small,chaoshengmnist_224,swin_tiny,7,0.4806828391734052
M1,prototype head scale,s,37.0,small,chaoshengmnist_224,vit_t,3,0.45971847858640313
M1,prototype head scale,s,37.0,small,chaoshengmnist_224,vit_t,5,0.4546271338724169
M1,prototype head scale,s,37.0,small,chaoshengmnist_224,vit_t,7,0.4498352800239593
M1,prototype head scale,s,37.0,small,dermamnist_224,convnext,3,0.5481296758104739
M1,prototype head scale,s,37.0,small,dermamnist_224,convnext,5,0.5374896093100582
M1,prototype head scale,s,37.0,small,dermamnist_224,convnext,7,0.5439733998337489
M1,prototype head scale,s,37.0,small,dermamnist_224,resnet,3,0.6751454696591853
M1,prototype head scale,s,37.0,small,dermamnist_224,resnet,5,0.6769742310889443
M1,prototype head scale,s,37.0,small,dermamnist_224,resnet,7,0.6761429758935993
M1,prototype head scale,s,37.0,small,dermamnist_224,swin_tiny,3,0.5838736492103076
M1,prototype head scale,s,37.0,small,dermamnist_224,swin_tiny,5,0.5863674147963425
M1,prototype head scale,s,37.0,small,dermamnist_224,swin_tiny,7,0.5863674147963425
M1,prototype head scale,s,37.0,small,dermamnist_224,vit_t,3,0.5675810473815461
M1,prototype head scale,s,37.0,small,dermamnist_224,vit_t,5,0.5630922693266833
M1,prototype head scale,s,37.0,small,dermamnist_224,vit_t,7,0.5695760598503741
M1,prototype head scale,s,37.0,small,organcmnist_224,convnext,3,0.6498701720220708
M1,prototype head scale,s,37.0,small,organcmnist_224,convnext,5,0.6479227523531321
M1,prototype head scale,s,37.0,small,organcmnist_224,convnext,7,0.6503570269393054
M1,prototype head scale,s,37.0,small,organcmnist_224,resnet,3,0.6198474521259332
M1,prototype head scale,s,37.0,small,organcmnist_224,resnet,5,0.6185491723466408
M1,prototype head scale,s,37.0,small,organcmnist_224,resnet,7,0.6189954560207724
M1,prototype head scale,s,37.0,small,organcmnist_224,swin_tiny,3,0.6784323271665044
M1,prototype head scale,s,37.0,small,organcmnist_224,swin_tiny,5,0.6749026290165531
M1,prototype head scale,s,37.0,small,organcmnist_224,swin_tiny,7,0.6737260629665693
M1,prototype head scale,s,37.0,small,organcmnist_224,vit_t,3,0.5833739045764362
M1,prototype head scale,s,37.0,small,organcmnist_224,vit_t,5,0.5781807854592665
M1,prototype head scale,s,37.0,small,organcmnist_224,vit_t,7,0.5786676403765012
M1,prototype head scale,s,37.0,small,organsmnist_224,convnext,3,0.602847324496809
M1,prototype head scale,s,37.0,small,organsmnist_224,convnext,5,0.601752199690344
M1,prototype head scale,s,37.0,small,organsmnist_224,convnext,7,0.6035648200596654
M1,prototype head scale,s,37.0,small,organsmnist_224,resnet,3,0.5619500774139949
M1,prototype head scale,s,37.0,small,organsmnist_224,resnet,5,0.5590045693138477
M1,prototype head scale,s,37.0,small,organsmnist_224,resnet,7,0.5584758883727956
M1,prototype head scale,s,37.0,small,organsmnist_224,swin_tiny,3,0.6176503908462672
M1,prototype head scale,s,37.0,small,organsmnist_224,swin_tiny,5,0.6215022091310751
M1,prototype head scale,s,37.0,small,organsmnist_224,swin_tiny,7,0.622899437332427
M1,prototype head scale,s,37.0,small,organsmnist_224,vit_t,3,0.5412937577886031
M1,prototype head scale,s,37.0,small,organsmnist_224,vit_t,5,0.5420867792001812
M1,prototype head scale,s,37.0,small,organsmnist_224,vit_t,7,0.5442392658887504
M1,prototype head scale,s,40.0,small,bloodmnist_224,convnext,3,0.8479976615024847
M1,prototype head scale,s,40.0,small,bloodmnist_224,convnext,5,0.8476079119165936
M1,prototype head scale,s,40.0,small,bloodmnist_224,convnext,7,0.8487771606742668
M1,prototype head scale,s,40.0,small,bloodmnist_224,resnet,3,0.7999610250414109
M1,prototype head scale,s,40.0,small,bloodmnist_224,resnet,5,0.7986943388872649
M1,prototype head scale,s,40.0,small,bloodmnist_224,resnet,7,0.7984020266978467
M1,prototype head scale,s,40.0,small,bloodmnist_224,swin_tiny,3,0.7730683036149274
M1,prototype head scale,s,40.0,small,bloodmnist_224,swin_tiny,5,0.7715093052713631
M1,prototype head scale,s,40.0,small,bloodmnist_224,swin_tiny,7,0.7701451817207444
M1,prototype head scale,s,40.0,small,bloodmnist_224,vit_t,3,0.8517002825684498
M1,prototype head scale,s,40.0,small,bloodmnist_224,vit_t,5,0.8511156581896132
M1,prototype head scale,s,40.0,small,bloodmnist_224,vit_t,7,0.84994640943194
M1,prototype head scale,s,40.0,small,chaoshengmnist_224,convnext,3,0.4285714285714286
M1,prototype head scale,s,40.0,small,chaoshengmnist_224,convnext,5,0.4282719377059
M1,prototype head scale,s,40.0,small,chaoshengmnist_224,convnext,7,0.4171907756813417
M1,prototype head scale,s,40.0,small,chaoshengmnist_224,resnet,3,0.4809823300389338
M1,prototype head scale,s,40.0,small,chaoshengmnist_224,resnet,5,0.46480982330038934
M1,prototype head scale,s,40.0,small,chaoshengmnist_224,resnet,7,0.47259658580413294
M1,prototype head scale,s,40.0,small,chaoshengmnist_224,swin_tiny,3,0.472596585804133
M1,prototype head scale,s,40.0,small,chaoshengmnist_224,swin_tiny,5,0.4833782569631626
M1,prototype head scale,s,40.0,small,chaoshengmnist_224,swin_tiny,7,0.4794848757112908
M1,prototype head scale,s,40.0,small,chaoshengmnist_224,vit_t,3,0.4588200059898173
M1,prototype head scale,s,40.0,small,chaoshengmnist_224,vit_t,5,0.4531296795447739
M1,prototype head scale,s,40.0,small,chaoshengmnist_224,vit_t,7,0.4495357891584307
M1,prototype head scale,s,40.0,small,dermamnist_224,convnext,3,0.542809642560266
M1,prototype head scale,s,40.0,small,dermamnist_224,convnext,5,0.5300083125519535
M1,prototype head scale,s,40.0,small,dermamnist_224,convnext,7,0.5381546134663342
M1,prototype head scale,s,40.0,small,dermamnist_224,resnet,3,0.6766417290108063
M1,prototype head scale,s,40.0,small,dermamnist_224,resnet,5,0.6778054862842893
M1,prototype head scale,s,40.0,small,dermamnist_224,resnet,7,0.6766417290108063
M1,prototype head scale,s,40.0,small,dermamnist_224,swin_tiny,3,0.5785536159600997
M1,prototype head scale,s,40.0,small,dermamnist_224,swin_tiny,5,0.5785536159600997
M1,prototype head scale,s,40.0,small,dermamnist_224,swin_tiny,7,0.5805486284289276
M1,prototype head scale,s,40.0,small,dermamnist_224,vit_t,3,0.5635910224438903
M1,prototype head scale,s,40.0,small,dermamnist_224,vit_t,5,0.5589359933499585
M1,prototype head scale,s,40.0,small,dermamnist_224,vit_t,7,0.5649210307564422
M1,prototype head scale,s,40.0,small,organcmnist_224,convnext,3,0.6500730282375852
M1,prototype head scale,s,40.0,small,organcmnist_224,convnext,5,0.6480444660824407
M1,prototype head scale,s,40.0,small,organcmnist_224,convnext,7,0.6505598831548198
M1,prototype head scale,s,40.0,small,organcmnist_224,resnet,3,0.6217948717948718
M1,prototype head scale,s,40.0,small,organcmnist_224,resnet,5,0.6213891593638429
M1,prototype head scale,s,40.0,small,organcmnist_224,resnet,7,0.6212268743914313
M1,prototype head scale,s,40.0,small,organcmnist_224,swin_tiny,3,0.6775803310613437
M1,prototype head scale,s,40.0,small,organcmnist_224,swin_tiny,5,0.6749026290165531
M1,prototype head scale,s,40.0,small,organcmnist_224,swin_tiny,7,0.6728740668614086
M1,prototype head scale,s,40.0,small,organcmnist_224,vit_t,3,0.5843881856540084
M1,prototype head scale,s,40.0,small,organcmnist_224,vit_t,5,0.5791139240506329
M1,prototype head scale,s,40.0,small,organcmnist_224,vit_t,7,0.5788299253489126
M1,prototype head scale,s,40.0,small,organsmnist_224,convnext,3,0.6023564064801178
M1,prototype head scale,s,40.0,small,organsmnist_224,convnext,5,0.6012235187492919
M1,prototype head scale,s,40.0,small,organsmnist_224,convnext,7,0.6029983761942525
M1,prototype head scale,s,40.0,small,organsmnist_224,resnet,3,0.5626675729768513
M1,prototype head scale,s,40.0,small,organsmnist_224,resnet,5,0.5603640345908387
M1,prototype head scale,s,40.0,small,organsmnist_224,resnet,7,0.5599108794985084
M1,prototype head scale,s,40.0,small,organsmnist_224,swin_tiny,3,0.616593028964163
M1,prototype head scale,s,40.0,small,organsmnist_224,swin_tiny,5,0.6209357652656622
M1,prototype head scale,s,40.0,small,organsmnist_224,swin_tiny,7,0.6220308900721272
M1,prototype head scale,s,40.0,small,organsmnist_224,vit_t,3,0.5408406026962728
M1,prototype head scale,s,40.0,small,organsmnist_224,vit_t,5,0.5429175635361202
M1,prototype head scale,s,40.0,small,organsmnist_224,vit_t,7,0.5442770288131112
M2,long-tail calibration strength,lambda,2.0,small,bloodmnist_224,convnext,3,0.8479976615024847
M2,long-tail calibration strength,lambda,2.0,small,bloodmnist_224,convnext,5,0.8476079119165936
M2,long-tail calibration strength,lambda,2.0,small,bloodmnist_224,convnext,7,0.8487771606742668
M2,long-tail calibration strength,lambda,2.0,small,bloodmnist_224,resnet,3,0.7999610250414109
M2,long-tail calibration strength,lambda,2.0,small,bloodmnist_224,resnet,5,0.7986943388872649
M2,long-tail calibration strength,lambda,2.0,small,bloodmnist_224,resnet,7,0.7984020266978467
M2,long-tail calibration strength,lambda,2.0,small,bloodmnist_224,swin_tiny,3,0.7730683036149274
M2,long-tail calibration strength,lambda,2.0,small,bloodmnist_224,swin_tiny,5,0.7715093052713631
M2,long-tail calibration strength,lambda,2.0,small,bloodmnist_224,swin_tiny,7,0.7701451817207444
M2,long-tail calibration strength,lambda,2.0,small,bloodmnist_224,vit_t,3,0.8517002825684498
M2,long-tail calibration strength,lambda,2.0,small,bloodmnist_224,vit_t,5,0.8511156581896132
M2,long-tail calibration strength,lambda,2.0,small,bloodmnist_224,vit_t,7,0.84994640943194
M2,long-tail calibration strength,lambda,2.0,small,chaoshengmnist_224,convnext,3,0.4285714285714286
M2,long-tail calibration strength,lambda,2.0,small,chaoshengmnist_224,convnext,5,0.4282719377059
M2,long-tail calibration strength,lambda,2.0,small,chaoshengmnist_224,convnext,7,0.4171907756813417
M2,long-tail calibration strength,lambda,2.0,small,chaoshengmnist_224,resnet,3,0.4809823300389338
M2,long-tail calibration strength,lambda,2.0,small,chaoshengmnist_224,resnet,5,0.46480982330038934
M2,long-tail calibration strength,lambda,2.0,small,chaoshengmnist_224,resnet,7,0.47259658580413294
M2,long-tail calibration strength,lambda,2.0,small,chaoshengmnist_224,swin_tiny,3,0.472596585804133
M2,long-tail calibration strength,lambda,2.0,small,chaoshengmnist_224,swin_tiny,5,0.4833782569631626
M2,long-tail calibration strength,lambda,2.0,small,chaoshengmnist_224,swin_tiny,7,0.4794848757112908
M2,long-tail calibration strength,lambda,2.0,small,chaoshengmnist_224,vit_t,3,0.4588200059898173
M2,long-tail calibration strength,lambda,2.0,small,chaoshengmnist_224,vit_t,5,0.4531296795447739
M2,long-tail calibration strength,lambda,2.0,small,chaoshengmnist_224,vit_t,7,0.4495357891584307
M2,long-tail calibration strength,lambda,2.0,small,dermamnist_224,convnext,3,0.5276807980049876
M2,long-tail calibration strength,lambda,2.0,small,dermamnist_224,convnext,5,0.514546965918537
M2,long-tail calibration strength,lambda,2.0,small,dermamnist_224,convnext,7,0.5248545303408146
M2,long-tail calibration strength,lambda,2.0,small,dermamnist_224,resnet,3,0.6694929343308396
M2,long-tail calibration strength,lambda,2.0,small,dermamnist_224,resnet,5,0.6693266832917706
M2,long-tail calibration strength,lambda,2.0,small,dermamnist_224,resnet,7,0.6694929343308396
M2,long-tail calibration strength,lambda,2.0,small,dermamnist_224,swin_tiny,3,0.5684123025768911
M2,long-tail calibration strength,lambda,2.0,small,dermamnist_224,swin_tiny,5,0.5675810473815461
M2,long-tail calibration strength,lambda,2.0,small,dermamnist_224,swin_tiny,7,0.5692435577722361
M2,long-tail calibration strength,lambda,2.0,small,dermamnist_224,vit_t,3,0.5539484621778886
M2,long-tail calibration strength,lambda,2.0,small,dermamnist_224,vit_t,5,0.5464671654197839
M2,long-tail calibration strength,lambda,2.0,small,dermamnist_224,vit_t,7,0.5572734829592685
M2,long-tail calibration strength,lambda,2.0,small,organcmnist_224,convnext,3,0.650113599480688
M2,long-tail calibration strength,lambda,2.0,small,organcmnist_224,convnext,5,0.6480038948393378
M2,long-tail calibration strength,lambda,2.0,small,organcmnist_224,convnext,7,0.6503164556962026
M2,long-tail calibration strength,lambda,2.0,small,organcmnist_224,resnet,3,0.6229714378448555
M2,long-tail calibration strength,lambda,2.0,small,organcmnist_224,resnet,5,0.6231337228172671
M2,long-tail calibration strength,lambda,2.0,small,organcmnist_224,resnet,7,0.6219977280103862
M2,long-tail calibration strength,lambda,2.0,small,organcmnist_224,swin_tiny,3,0.6750649139889646
M2,long-tail calibration strength,lambda,2.0,small,organcmnist_224,swin_tiny,5,0.6717380720545277
M2,long-tail calibration strength,lambda,2.0,small,organcmnist_224,swin_tiny,7,0.6703586497890296
M2,long-tail calibration strength,lambda,2.0,small,organcmnist_224,vit_t,3,0.5836984745212593
M2,long-tail calibration strength,lambda,2.0,small,organcmnist_224,vit_t,5,0.578383641674781
M2,long-tail calibration strength,lambda,2.0,small,organcmnist_224,vit_t,7,0.578383641674781
M2,long-tail calibration strength,lambda,2.0,small,organsmnist_224,convnext,3,0.6008458895056833
M2,long-tail calibration strength,lambda,2.0,small,organsmnist_224,convnext,5,0.5999395793210226
M2,long-tail calibration strength,lambda,2.0,small,organsmnist_224,convnext,7,0.6017899626147049
M2,long-tail calibration strength,lambda,2.0,small,organsmnist_224,resnet,3,0.5651221630603074
M2,long-tail calibration strength,lambda,2.0,small,organsmnist_224,resnet,5,0.5623277066576036
M2,long-tail calibration strength,lambda,2.0,small,organsmnist_224,resnet,7,0.5626298100524905
M2,long-tail calibration strength,lambda,2.0,small,organsmnist_224,swin_tiny,3,0.6156111929307806
M2,long-tail calibration strength,lambda,2.0,small,organsmnist_224,swin_tiny,5,0.6190476190476191
M2,long-tail calibration strength,lambda,2.0,small,organsmnist_224,swin_tiny,7,0.6197651146104755
M2,long-tail calibration strength,lambda,2.0,small,organsmnist_224,vit_t,3,0.5409538914693554
M2,long-tail calibration strength,lambda,2.0,small,organsmnist_224,vit_t,5,0.5429930893848419
M2,long-tail calibration strength,lambda,2.0,small,organsmnist_224,vit_t,7,0.5443147917374721
M2,long-tail calibration strength,lambda,3.0,small,bloodmnist_224,convnext,3,0.8479976615024847
M2,long-tail calibration strength,lambda,3.0,small,bloodmnist_224,convnext,5,0.8476079119165936
M2,long-tail calibration strength,lambda,3.0,small,bloodmnist_224,convnext,7,0.8487771606742668
M2,long-tail calibration strength,lambda,3.0,small,bloodmnist_224,resnet,3,0.7999610250414109
M2,long-tail calibration strength,lambda,3.0,small,bloodmnist_224,resnet,5,0.7986943388872649
M2,long-tail calibration strength,lambda,3.0,small,bloodmnist_224,resnet,7,0.7984020266978467
M2,long-tail calibration strength,lambda,3.0,small,bloodmnist_224,swin_tiny,3,0.7730683036149274
M2,long-tail calibration strength,lambda,3.0,small,bloodmnist_224,swin_tiny,5,0.7715093052713631
M2,long-tail calibration strength,lambda,3.0,small,bloodmnist_224,swin_tiny,7,0.7701451817207444
M2,long-tail calibration strength,lambda,3.0,small,bloodmnist_224,vit_t,3,0.8517002825684498
M2,long-tail calibration strength,lambda,3.0,small,bloodmnist_224,vit_t,5,0.8511156581896132
M2,long-tail calibration strength,lambda,3.0,small,bloodmnist_224,vit_t,7,0.84994640943194
M2,long-tail calibration strength,lambda,3.0,small,chaoshengmnist_224,convnext,3,0.4285714285714286
M2,long-tail calibration strength,lambda,3.0,small,chaoshengmnist_224,convnext,5,0.4282719377059
M2,long-tail calibration strength,lambda,3.0,small,chaoshengmnist_224,convnext,7,0.4171907756813417
M2,long-tail calibration strength,lambda,3.0,small,chaoshengmnist_224,resnet,3,0.4809823300389338
M2,long-tail calibration strength,lambda,3.0,small,chaoshengmnist_224,resnet,5,0.46480982330038934
M2,long-tail calibration strength,lambda,3.0,small,chaoshengmnist_224,resnet,7,0.47259658580413294
M2,long-tail calibration strength,lambda,3.0,small,chaoshengmnist_224,swin_tiny,3,0.472596585804133
M2,long-tail calibration strength,lambda,3.0,small,chaoshengmnist_224,swin_tiny,5,0.4833782569631626
M2,long-tail calibration strength,lambda,3.0,small,chaoshengmnist_224,swin_tiny,7,0.4794848757112908
M2,long-tail calibration strength,lambda,3.0,small,chaoshengmnist_224,vit_t,3,0.4588200059898173
M2,long-tail calibration strength,lambda,3.0,small,chaoshengmnist_224,vit_t,5,0.4531296795447739
M2,long-tail calibration strength,lambda,3.0,small,chaoshengmnist_224,vit_t,7,0.4495357891584307
M2,long-tail calibration strength,lambda,3.0,small,dermamnist_224,convnext,3,0.5576059850374065
M2,long-tail calibration strength,lambda,3.0,small,dermamnist_224,convnext,5,0.5471321695760598
M2,long-tail calibration strength,lambda,3.0,small,dermamnist_224,convnext,7,0.5561097256857855
M2,long-tail calibration strength,lambda,3.0,small,dermamnist_224,resnet,3,0.6776392352452203
M2,long-tail calibration strength,lambda,3.0,small,dermamnist_224,resnet,5,0.6769742310889443
M2,long-tail calibration strength,lambda,3.0,small,dermamnist_224,resnet,7,0.6763092269326684
M2,long-tail calibration strength,lambda,3.0,small,dermamnist_224,swin_tiny,3,0.5940149625935162
M2,long-tail calibration strength,lambda,3.0,small,dermamnist_224,swin_tiny,5,0.5945137157107232
M2,long-tail calibration strength,lambda,3.0,small,dermamnist_224,swin_tiny,7,0.5938487115544472
M2,long-tail calibration strength,lambda,3.0,small,dermamnist_224,vit_t,3,0.5729010806317539
M2,long-tail calibration strength,lambda,3.0,small,dermamnist_224,vit_t,5,0.5669160432252701
M2,long-tail calibration strength,lambda,3.0,small,dermamnist_224,vit_t,7,0.5757273482959269
M2,long-tail calibration strength,lambda,3.0,small,organcmnist_224,convnext,3,0.6503164556962026
M2,long-tail calibration strength,lambda,3.0,small,organcmnist_224,convnext,5,0.6480850373255437
M2,long-tail calibration strength,lambda,3.0,small,organcmnist_224,convnext,7,0.6506004543979228
M2,long-tail calibration strength,lambda,3.0,small,organcmnist_224,resnet,3,0.6168046088932165
M2,long-tail calibration strength,lambda,3.0,small,organcmnist_224,resnet,5,0.6160743265173645
M2,long-tail calibration strength,lambda,3.0,small,organcmnist_224,resnet,7,0.6165206101914963
M2,long-tail calibration strength,lambda,3.0,small,organcmnist_224,swin_tiny,3,0.6798928919182083
M2,long-tail calibration strength,lambda,3.0,small,organcmnist_224,swin_tiny,5,0.6766471924699773
M2,long-tail calibration strength,lambda,3.0,small,organcmnist_224,swin_tiny,7,0.6749026290165531
M2,long-tail calibration strength,lambda,3.0,small,organcmnist_224,vit_t,3,0.5841447581953911
M2,long-tail calibration strength,lambda,3.0,small,organcmnist_224,vit_t,5,0.5787893541058098
M2,long-tail calibration strength,lambda,3.0,small,organcmnist_224,vit_t,7,0.5791950665368387
M2,long-tail calibration strength,lambda,3.0,small,organsmnist_224,convnext,3,0.6036403459083871
M2,long-tail calibration strength,lambda,3.0,small,organsmnist_224,convnext,5,0.6023564064801178
M2,long-tail calibration strength,lambda,3.0,small,organsmnist_224,convnext,7,0.6043578414712435
M2,long-tail calibration strength,lambda,3.0,small,organsmnist_224,resnet,3,0.5586647029945999
M2,long-tail calibration strength,lambda,3.0,small,organsmnist_224,resnet,5,0.5556436690457309
M2,long-tail calibration strength,lambda,3.0,small,organsmnist_224,resnet,7,0.5541709149956573
M2,long-tail calibration strength,lambda,3.0,small,organsmnist_224,swin_tiny,3,0.6194252482912277
M2,long-tail calibration strength,lambda,3.0,small,organsmnist_224,swin_tiny,5,0.622370756391375
M2,long-tail calibration strength,lambda,3.0,small,organsmnist_224,swin_tiny,7,0.6242966655337789
M2,long-tail calibration strength,lambda,3.0,small,organsmnist_224,vit_t,3,0.5420490162758204
M2,long-tail calibration strength,lambda,3.0,small,organsmnist_224,vit_t,5,0.5435595332502549
M2,long-tail calibration strength,lambda,3.0,small,organsmnist_224,vit_t,7,0.5449567614516068
M2,long-tail calibration strength,lambda,4.0,small,bloodmnist_224,convnext,3,0.8479976615024847
M2,long-tail calibration strength,lambda,4.0,small,bloodmnist_224,convnext,5,0.8476079119165936
M2,long-tail calibration strength,lambda,4.0,small,bloodmnist_224,convnext,7,0.8487771606742668
M2,long-tail calibration strength,lambda,4.0,small,bloodmnist_224,resnet,3,0.7999610250414109
M2,long-tail calibration strength,lambda,4.0,small,bloodmnist_224,resnet,5,0.7986943388872649
M2,long-tail calibration strength,lambda,4.0,small,bloodmnist_224,resnet,7,0.7984020266978467
M2,long-tail calibration strength,lambda,4.0,small,bloodmnist_224,swin_tiny,3,0.7730683036149274
M2,long-tail calibration strength,lambda,4.0,small,bloodmnist_224,swin_tiny,5,0.7715093052713631
M2,long-tail calibration strength,lambda,4.0,small,bloodmnist_224,swin_tiny,7,0.7701451817207444
M2,long-tail calibration strength,lambda,4.0,small,bloodmnist_224,vit_t,3,0.8517002825684498
M2,long-tail calibration strength,lambda,4.0,small,bloodmnist_224,vit_t,5,0.8511156581896132
M2,long-tail calibration strength,lambda,4.0,small,bloodmnist_224,vit_t,7,0.84994640943194
M2,long-tail calibration strength,lambda,4.0,small,chaoshengmnist_224,convnext,3,0.4285714285714286
M2,long-tail calibration strength,lambda,4.0,small,chaoshengmnist_224,convnext,5,0.4282719377059
M2,long-tail calibration strength,lambda,4.0,small,chaoshengmnist_224,convnext,7,0.4171907756813417
M2,long-tail calibration strength,lambda,4.0,small,chaoshengmnist_224,resnet,3,0.4809823300389338
M2,long-tail calibration strength,lambda,4.0,small,chaoshengmnist_224,resnet,5,0.46480982330038934
M2,long-tail calibration strength,lambda,4.0,small,chaoshengmnist_224,resnet,7,0.47259658580413294
M2,long-tail calibration strength,lambda,4.0,small,chaoshengmnist_224,swin_tiny,3,0.472596585804133
M2,long-tail calibration strength,lambda,4.0,small,chaoshengmnist_224,swin_tiny,5,0.4833782569631626
M2,long-tail calibration strength,lambda,4.0,small,chaoshengmnist_224,swin_tiny,7,0.4794848757112908
M2,long-tail calibration strength,lambda,4.0,small,chaoshengmnist_224,vit_t,3,0.4588200059898173
M2,long-tail calibration strength,lambda,4.0,small,chaoshengmnist_224,vit_t,5,0.4531296795447739
M2,long-tail calibration strength,lambda,4.0,small,chaoshengmnist_224,vit_t,7,0.4495357891584307
M2,long-tail calibration strength,lambda,4.0,small,dermamnist_224,convnext,3,0.5871986699916875
M2,long-tail calibration strength,lambda,4.0,small,dermamnist_224,convnext,5,0.5755610972568579
M2,long-tail calibration strength,lambda,4.0,small,dermamnist_224,convnext,7,0.5810473815461347
M2,long-tail calibration strength,lambda,4.0,small,dermamnist_224,resnet,3,0.6778054862842893
M2,long-tail calibration strength,lambda,4.0,small,dermamnist_224,resnet,5,0.6784704904405653
M2,long-tail calibration strength,lambda,4.0,small,dermamnist_224,resnet,7,0.6778054862842893
M2,long-tail calibration strength,lambda,4.0,small,dermamnist_224,swin_tiny,3,0.6196176226101413
M2,long-tail calibration strength,lambda,4.0,small,dermamnist_224,swin_tiny,5,0.6197838736492103
M2,long-tail calibration strength,lambda,4.0,small,dermamnist_224,swin_tiny,7,0.6192851205320032
M2,long-tail calibration strength,lambda,4.0,small,dermamnist_224,vit_t,3,0.5880299251870325
M2,long-tail calibration strength,lambda,4.0,small,dermamnist_224,vit_t,5,0.5847049044056525
M2,long-tail calibration strength,lambda,4.0,small,dermamnist_224,vit_t,7,0.5928512053200332
M2,long-tail calibration strength,lambda,4.0,small,organcmnist_224,convnext,3,0.6511278805582603
M2,long-tail calibration strength,lambda,4.0,small,organcmnist_224,convnext,5,0.6491804608893216
M2,long-tail calibration strength,lambda,4.0,small,organcmnist_224,convnext,7,0.6509250243427458
M2,long-tail calibration strength,lambda,4.0,small,organcmnist_224,resnet,3,0.6059315157416423
M2,long-tail calibration strength,lambda,4.0,small,organcmnist_224,resnet,5,0.6046738072054528
M2,long-tail calibration strength,lambda,4.0,small,organcmnist_224,resnet,7,0.6038218111002921
M2,long-tail calibration strength,lambda,4.0,small,organcmnist_224,swin_tiny,3,0.682205452775073
M2,long-tail calibration strength,lambda,4.0,small,organcmnist_224,swin_tiny,5,0.6784323271665044
M2,long-tail calibration strength,lambda,4.0,small,organcmnist_224,swin_tiny,7,0.6777831872768582
M2,long-tail calibration strength,lambda,4.0,small,organcmnist_224,vit_t,3,0.5854430379746836
M2,long-tail calibration strength,lambda,4.0,small,organcmnist_224,vit_t,5,0.5799253489126907
M2,long-tail calibration strength,lambda,4.0,small,organcmnist_224,vit_t,7,0.5802499188575138
M2,long-tail calibration strength,lambda,4.0,small,organsmnist_224,convnext,3,0.6039046863789131
M2,long-tail calibration strength,lambda,4.0,small,organsmnist_224,convnext,5,0.6031871908160568
M2,long-tail calibration strength,lambda,4.0,small,organsmnist_224,convnext,7,0.6049998111853782
M2,long-tail calibration strength,lambda,4.0,small,organsmnist_224,resnet,3,0.5409916543937162
M2,long-tail calibration strength,lambda,4.0,small,organsmnist_224,resnet,5,0.53940561157056
M2,long-tail calibration strength,lambda,4.0,small,organsmnist_224,resnet,7,0.5365356293191345
M2,long-tail calibration strength,lambda,4.0,small,organsmnist_224,swin_tiny,3,0.6237679845927269
M2,long-tail calibration strength,lambda,4.0,small,organsmnist_224,swin_tiny,5,0.6252785015671614
M2,long-tail calibration strength,lambda,4.0,small,organsmnist_224,swin_tiny,7,0.626751255617235
M2,long-tail calibration strength,lambda,4.0,small,organsmnist_224,vit_t,3,0.5425776972168724
M2,long-tail calibration strength,lambda,4.0,small,organsmnist_224,vit_t,5,0.544616895132359
M2,long-tail calibration strength,lambda,4.0,small,organsmnist_224,vit_t,7,0.5461274121067935
M2,long-tail calibration strength,lambda,5.0,small,bloodmnist_224,convnext,3,0.8479976615024847
M2,long-tail calibration strength,lambda,5.0,small,bloodmnist_224,convnext,5,0.8476079119165936
M2,long-tail calibration strength,lambda,5.0,small,bloodmnist_224,convnext,7,0.8487771606742668
M2,long-tail calibration strength,lambda,5.0,small,bloodmnist_224,resnet,3,0.7999610250414109
M2,long-tail calibration strength,lambda,5.0,small,bloodmnist_224,resnet,5,0.7986943388872649
M2,long-tail calibration strength,lambda,5.0,small,bloodmnist_224,resnet,7,0.7984020266978467
M2,long-tail calibration strength,lambda,5.0,small,bloodmnist_224,swin_tiny,3,0.7730683036149274
M2,long-tail calibration strength,lambda,5.0,small,bloodmnist_224,swin_tiny,5,0.7715093052713631
M2,long-tail calibration strength,lambda,5.0,small,bloodmnist_224,swin_tiny,7,0.7701451817207444
M2,long-tail calibration strength,lambda,5.0,small,bloodmnist_224,vit_t,3,0.8517002825684498
M2,long-tail calibration strength,lambda,5.0,small,bloodmnist_224,vit_t,5,0.8511156581896132
M2,long-tail calibration strength,lambda,5.0,small,bloodmnist_224,vit_t,7,0.84994640943194
M2,long-tail calibration strength,lambda,5.0,small,chaoshengmnist_224,convnext,3,0.4285714285714286
M2,long-tail calibration strength,lambda,5.0,small,chaoshengmnist_224,convnext,5,0.4282719377059
M2,long-tail calibration strength,lambda,5.0,small,chaoshengmnist_224,convnext,7,0.4171907756813417
M2,long-tail calibration strength,lambda,5.0,small,chaoshengmnist_224,resnet,3,0.4809823300389338
M2,long-tail calibration strength,lambda,5.0,small,chaoshengmnist_224,resnet,5,0.46480982330038934
M2,long-tail calibration strength,lambda,5.0,small,chaoshengmnist_224,resnet,7,0.47259658580413294
M2,long-tail calibration strength,lambda,5.0,small,chaoshengmnist_224,swin_tiny,3,0.472596585804133
M2,long-tail calibration strength,lambda,5.0,small,chaoshengmnist_224,swin_tiny,5,0.4833782569631626
M2,long-tail calibration strength,lambda,5.0,small,chaoshengmnist_224,swin_tiny,7,0.4794848757112908
M2,long-tail calibration strength,lambda,5.0,small,chaoshengmnist_224,vit_t,3,0.4588200059898173
M2,long-tail calibration strength,lambda,5.0,small,chaoshengmnist_224,vit_t,5,0.4531296795447739
M2,long-tail calibration strength,lambda,5.0,small,chaoshengmnist_224,vit_t,7,0.4495357891584307
M2,long-tail calibration strength,lambda,5.0,small,dermamnist_224,convnext,3,0.6036575228595179
M2,long-tail calibration strength,lambda,5.0,small,dermamnist_224,convnext,5,0.5935162094763092
M2,long-tail calibration strength,lambda,5.0,small,dermamnist_224,convnext,7,0.598836242726517
M2,long-tail calibration strength,lambda,5.0,small,dermamnist_224,resnet,3,0.6733167082294265
M2,long-tail calibration strength,lambda,5.0,small,dermamnist_224,resnet,5,0.6736492103075644
M2,long-tail calibration strength,lambda,5.0,small,dermamnist_224,resnet,7,0.6731504571903575
M2,long-tail calibration strength,lambda,5.0,small,dermamnist_224,swin_tiny,3,0.6392352452202826
M2,long-tail calibration strength,lambda,5.0,small,dermamnist_224,swin_tiny,5,0.6402327514546966
M2,long-tail calibration strength,lambda,5.0,small,dermamnist_224,swin_tiny,7,0.6394014962593516
M2,long-tail calibration strength,lambda,5.0,small,dermamnist_224,vit_t,3,0.6013300083125519
M2,long-tail calibration strength,lambda,5.0,small,dermamnist_224,vit_t,5,0.6011637572734829
M2,long-tail calibration strength,lambda,5.0,small,dermamnist_224,vit_t,7,0.6061512884455528
M2,long-tail calibration strength,lambda,5.0,small,organcmnist_224,convnext,3,0.6522638753651412
M2,long-tail calibration strength,lambda,5.0,small,organcmnist_224,convnext,5,0.6500324569944823
M2,long-tail calibration strength,lambda,5.0,small,organcmnist_224,convnext,7,0.6517364492048037
M2,long-tail calibration strength,lambda,5.0,small,organcmnist_224,resnet,3,0.5933138591366439
M2,long-tail calibration strength,lambda,5.0,small,organcmnist_224,resnet,5,0.5908795845504706
M2,long-tail calibration strength,lambda,5.0,small,organcmnist_224,resnet,7,0.5906767283349562
M2,long-tail calibration strength,lambda,5.0,small,organcmnist_224,swin_tiny,3,0.6848020123336579
M2,long-tail calibration strength,lambda,5.0,small,organcmnist_224,swin_tiny,5,0.6815563128854268
M2,long-tail calibration strength,lambda,5.0,small,organcmnist_224,swin_tiny,7,0.6803391755923401
M2,long-tail calibration strength,lambda,5.0,small,organcmnist_224,vit_t,3,0.5863356053229472
M2,long-tail calibration strength,lambda,5.0,small,organcmnist_224,vit_t,5,0.581264199935086
M2,long-tail calibration strength,lambda,5.0,small,organcmnist_224,vit_t,7,0.5811019149626745
M2,long-tail calibration strength,lambda,5.0,small,organsmnist_224,convnext,3,0.6061704618405649
M2,long-tail calibration strength,lambda,5.0,small,organsmnist_224,convnext,5,0.6057173067482345
M2,long-tail calibration strength,lambda,5.0,small,organsmnist_224,convnext,7,0.6071900607983082
M2,long-tail calibration strength,lambda,5.0,small,organsmnist_224,resnet,3,0.5198066538272724
M2,long-tail calibration strength,lambda,5.0,small,organsmnist_224,resnet,5,0.5191646841131378
M2,long-tail calibration strength,lambda,5.0,small,organsmnist_224,resnet,7,0.513349193761565
M2,long-tail calibration strength,lambda,5.0,small,organsmnist_224,swin_tiny,3,0.6259582342056569
M2,long-tail calibration strength,lambda,5.0,small,organsmnist_224,swin_tiny,5,0.6278086174993391
M2,long-tail calibration strength,lambda,5.0,small,organsmnist_224,swin_tiny,7,0.6285261130621955
M2,long-tail calibration strength,lambda,5.0,small,organsmnist_224,vit_t,3,0.5431819040066462
M2,long-tail calibration strength,lambda,5.0,small,organsmnist_224,vit_t,5,0.5458630716362675
M2,long-tail calibration strength,lambda,5.0,small,organsmnist_224,vit_t,7,0.546807144745289
M2,long-tail calibration strength,lambda,6.0,small,bloodmnist_224,convnext,3,0.8479976615024847
M2,long-tail calibration strength,lambda,6.0,small,bloodmnist_224,convnext,5,0.8476079119165936
M2,long-tail calibration strength,lambda,6.0,small,bloodmnist_224,convnext,7,0.8487771606742668
M2,long-tail calibration strength,lambda,6.0,small,bloodmnist_224,resnet,3,0.7999610250414109
M2,long-tail calibration strength,lambda,6.0,small,bloodmnist_224,resnet,5,0.7986943388872649
M2,long-tail calibration strength,lambda,6.0,small,bloodmnist_224,resnet,7,0.7984020266978467
M2,long-tail calibration strength,lambda,6.0,small,bloodmnist_224,swin_tiny,3,0.7730683036149274
M2,long-tail calibration strength,lambda,6.0,small,bloodmnist_224,swin_tiny,5,0.7715093052713631
M2,long-tail calibration strength,lambda,6.0,small,bloodmnist_224,swin_tiny,7,0.7701451817207444
M2,long-tail calibration strength,lambda,6.0,small,bloodmnist_224,vit_t,3,0.8517002825684498
M2,long-tail calibration strength,lambda,6.0,small,bloodmnist_224,vit_t,5,0.8511156581896132
M2,long-tail calibration strength,lambda,6.0,small,bloodmnist_224,vit_t,7,0.84994640943194
M2,long-tail calibration strength,lambda,6.0,small,chaoshengmnist_224,convnext,3,0.4285714285714286
M2,long-tail calibration strength,lambda,6.0,small,chaoshengmnist_224,convnext,5,0.4282719377059
M2,long-tail calibration strength,lambda,6.0,small,chaoshengmnist_224,convnext,7,0.4171907756813417
M2,long-tail calibration strength,lambda,6.0,small,chaoshengmnist_224,resnet,3,0.4809823300389338
M2,long-tail calibration strength,lambda,6.0,small,chaoshengmnist_224,resnet,5,0.46480982330038934
M2,long-tail calibration strength,lambda,6.0,small,chaoshengmnist_224,resnet,7,0.47259658580413294
M2,long-tail calibration strength,lambda,6.0,small,chaoshengmnist_224,swin_tiny,3,0.472596585804133
M2,long-tail calibration strength,lambda,6.0,small,chaoshengmnist_224,swin_tiny,5,0.4833782569631626
M2,long-tail calibration strength,lambda,6.0,small,chaoshengmnist_224,swin_tiny,7,0.4794848757112908
M2,long-tail calibration strength,lambda,6.0,small,chaoshengmnist_224,vit_t,3,0.4588200059898173
M2,long-tail calibration strength,lambda,6.0,small,chaoshengmnist_224,vit_t,5,0.4531296795447739
M2,long-tail calibration strength,lambda,6.0,small,chaoshengmnist_224,vit_t,7,0.4495357891584307
M2,long-tail calibration strength,lambda,6.0,small,dermamnist_224,convnext,3,0.6131338320864506
M2,long-tail calibration strength,lambda,6.0,small,dermamnist_224,convnext,5,0.6088113050706567
M2,long-tail calibration strength,lambda,6.0,small,dermamnist_224,convnext,7,0.6108063175394847
M2,long-tail calibration strength,lambda,6.0,small,dermamnist_224,resnet,3,0.6684954280964256
M2,long-tail calibration strength,lambda,6.0,small,dermamnist_224,resnet,5,0.6683291770573566
M2,long-tail calibration strength,lambda,6.0,small,dermamnist_224,resnet,7,0.6683291770573566
M2,long-tail calibration strength,lambda,6.0,small,dermamnist_224,swin_tiny,3,0.6472152950955944
M2,long-tail calibration strength,lambda,6.0,small,dermamnist_224,swin_tiny,5,0.6483790523690773
M2,long-tail calibration strength,lambda,6.0,small,dermamnist_224,swin_tiny,7,0.6477140482128013
M2,long-tail calibration strength,lambda,6.0,small,dermamnist_224,vit_t,3,0.6176226101413134
M2,long-tail calibration strength,lambda,6.0,small,dermamnist_224,vit_t,5,0.6164588528678304
M2,long-tail calibration strength,lambda,6.0,small,dermamnist_224,vit_t,7,0.6244389027431422
M2,long-tail calibration strength,lambda,6.0,small,organcmnist_224,convnext,3,0.6529130152547874
M2,long-tail calibration strength,lambda,6.0,small,organcmnist_224,convnext,5,0.6509655955858488
M2,long-tail calibration strength,lambda,6.0,small,organcmnist_224,convnext,7,0.6524667315806557
M2,long-tail calibration strength,lambda,6.0,small,organcmnist_224,resnet,3,0.5748133722817267
M2,long-tail calibration strength,lambda,6.0,small,organcmnist_224,resnet,5,0.5735556637455371
M2,long-tail calibration strength,lambda,6.0,small,organcmnist_224,resnet,7,0.572176241480039
M2,long-tail calibration strength,lambda,6.0,small,organcmnist_224,swin_tiny,3,0.6856945796819215
M2,long-tail calibration strength,lambda,6.0,small,organcmnist_224,swin_tiny,5,0.6823271665043817
M2,long-tail calibration strength,lambda,6.0,small,organcmnist_224,swin_tiny,7,0.681110029211295
M2,long-tail calibration strength,lambda,6.0,small,organcmnist_224,vit_t,3,0.586741317753976
M2,long-tail calibration strength,lambda,6.0,small,organcmnist_224,vit_t,5,0.5812236286919831
M2,long-tail calibration strength,lambda,6.0,small,organcmnist_224,vit_t,7,0.581629341123012
M2,long-tail calibration strength,lambda,6.0,small,organsmnist_224,convnext,3,0.6075676900419168
M2,long-tail calibration strength,lambda,6.0,small,organsmnist_224,convnext,5,0.6070767720252256
M2,long-tail calibration strength,lambda,6.0,small,organsmnist_224,convnext,7,0.6084362373022166
M2,long-tail calibration strength,lambda,6.0,small,organsmnist_224,resnet,3,0.49839507571466335
M2,long-tail calibration strength,lambda,6.0,small,organsmnist_224,resnet,5,0.4976398172274461
M2,long-tail calibration strength,lambda,6.0,small,organsmnist_224,resnet,7,0.4903515728257996
M2,long-tail calibration strength,lambda,6.0,small,organsmnist_224,swin_tiny,3,0.6252407386428005
M2,long-tail calibration strength,lambda,6.0,small,organsmnist_224,swin_tiny,5,0.6270533590121219
M2,long-tail calibration strength,lambda,6.0,small,organsmnist_224,swin_tiny,7,0.6273176994826479
M2,long-tail calibration strength,lambda,6.0,small,organsmnist_224,vit_t,3,0.5455609682413806
M2,long-tail calibration strength,lambda,6.0,small,organsmnist_224,vit_t,5,0.5475624032325063
M2,long-tail calibration strength,lambda,6.0,small,organsmnist_224,vit_t,7,0.5481288470979193
M2,long-tail calibration strength,lambda,7.0,small,bloodmnist_224,convnext,3,0.8479976615024847
M2,long-tail calibration strength,lambda,7.0,small,bloodmnist_224,convnext,5,0.8476079119165936
M2,long-tail calibration strength,lambda,7.0,small,bloodmnist_224,convnext,7,0.8487771606742668
M2,long-tail calibration strength,lambda,7.0,small,bloodmnist_224,resnet,3,0.7999610250414109
M2,long-tail calibration strength,lambda,7.0,small,bloodmnist_224,resnet,5,0.7986943388872649
M2,long-tail calibration strength,lambda,7.0,small,bloodmnist_224,resnet,7,0.7984020266978467
M2,long-tail calibration strength,lambda,7.0,small,bloodmnist_224,swin_tiny,3,0.7730683036149274
M2,long-tail calibration strength,lambda,7.0,small,bloodmnist_224,swin_tiny,5,0.7715093052713631
M2,long-tail calibration strength,lambda,7.0,small,bloodmnist_224,swin_tiny,7,0.7701451817207444
M2,long-tail calibration strength,lambda,7.0,small,bloodmnist_224,vit_t,3,0.8517002825684498
M2,long-tail calibration strength,lambda,7.0,small,bloodmnist_224,vit_t,5,0.8511156581896132
M2,long-tail calibration strength,lambda,7.0,small,bloodmnist_224,vit_t,7,0.84994640943194
M2,long-tail calibration strength,lambda,7.0,small,chaoshengmnist_224,convnext,3,0.4285714285714286
M2,long-tail calibration strength,lambda,7.0,small,chaoshengmnist_224,convnext,5,0.4282719377059
M2,long-tail calibration strength,lambda,7.0,small,chaoshengmnist_224,convnext,7,0.4171907756813417
M2,long-tail calibration strength,lambda,7.0,small,chaoshengmnist_224,resnet,3,0.4809823300389338
M2,long-tail calibration strength,lambda,7.0,small,chaoshengmnist_224,resnet,5,0.46480982330038934
M2,long-tail calibration strength,lambda,7.0,small,chaoshengmnist_224,resnet,7,0.47259658580413294
M2,long-tail calibration strength,lambda,7.0,small,chaoshengmnist_224,swin_tiny,3,0.472596585804133
M2,long-tail calibration strength,lambda,7.0,small,chaoshengmnist_224,swin_tiny,5,0.4833782569631626
M2,long-tail calibration strength,lambda,7.0,small,chaoshengmnist_224,swin_tiny,7,0.4794848757112908
M2,long-tail calibration strength,lambda,7.0,small,chaoshengmnist_224,vit_t,3,0.4588200059898173
M2,long-tail calibration strength,lambda,7.0,small,chaoshengmnist_224,vit_t,5,0.4531296795447739
M2,long-tail calibration strength,lambda,7.0,small,chaoshengmnist_224,vit_t,7,0.4495357891584307
M2,long-tail calibration strength,lambda,7.0,small,dermamnist_224,convnext,3,0.6249376558603491
M2,long-tail calibration strength,lambda,7.0,small,dermamnist_224,convnext,5,0.6202826267664173
M2,long-tail calibration strength,lambda,7.0,small,dermamnist_224,convnext,7,0.6216126350789692
M2,long-tail calibration strength,lambda,7.0,small,dermamnist_224,resnet,3,0.6683291770573566
M2,long-tail calibration strength,lambda,7.0,small,dermamnist_224,resnet,5,0.6683291770573566
M2,long-tail calibration strength,lambda,7.0,small,dermamnist_224,resnet,7,0.6683291770573566
M2,long-tail calibration strength,lambda,7.0,small,dermamnist_224,swin_tiny,3,0.6583541147132169
M2,long-tail calibration strength,lambda,7.0,small,dermamnist_224,swin_tiny,5,0.6590191188694929
M2,long-tail calibration strength,lambda,7.0,small,dermamnist_224,swin_tiny,7,0.6595178719866999
M2,long-tail calibration strength,lambda,7.0,small,dermamnist_224,vit_t,3,0.628595178719867
M2,long-tail calibration strength,lambda,7.0,small,dermamnist_224,vit_t,5,0.629426433915212
M2,long-tail calibration strength,lambda,7.0,small,dermamnist_224,vit_t,7,0.6352452202826268
M2,long-tail calibration strength,lambda,7.0,small,organcmnist_224,convnext,3,0.6538867250892567
M2,long-tail calibration strength,lambda,7.0,small,organcmnist_224,convnext,5,0.651614735475495
M2,long-tail calibration strength,lambda,7.0,small,organcmnist_224,convnext,7,0.6531564427134048
M2,long-tail calibration strength,lambda,7.0,small,organcmnist_224,resnet,3,0.5565968841285297
M2,long-tail calibration strength,lambda,7.0,small,organcmnist_224,resnet,5,0.5548117494320026
M2,long-tail calibration strength,lambda,7.0,small,organcmnist_224,resnet,7,0.553919182083739
M2,long-tail calibration strength,lambda,7.0,small,organcmnist_224,swin_tiny,3,0.6863031483284648
M2,long-tail calibration strength,lambda,7.0,small,organcmnist_224,swin_tiny,5,0.682935735150925
M2,long-tail calibration strength,lambda,7.0,small,organcmnist_224,swin_tiny,7,0.6809477442388835
M2,long-tail calibration strength,lambda,7.0,small,organcmnist_224,vit_t,3,0.5881613112625771
M2,long-tail calibration strength,lambda,7.0,small,organcmnist_224,vit_t,5,0.58272476468679
M2,long-tail calibration strength,lambda,7.0,small,organcmnist_224,vit_t,7,0.5830087633885102
M2,long-tail calibration strength,lambda,7.0,small,organsmnist_224,convnext,3,0.6090404440919904
M2,long-tail calibration strength,lambda,7.0,small,organsmnist_224,convnext,5,0.6082096597560515
M2,long-tail calibration strength,lambda,7.0,small,organsmnist_224,convnext,7,0.6093425474868773
M2,long-tail calibration strength,lambda,7.0,small,organsmnist_224,resnet,3,0.47528416600581547
M2,long-tail calibration strength,lambda,7.0,small,organsmnist_224,resnet,5,0.4741512782749896
M2,long-tail calibration strength,lambda,7.0,small,organsmnist_224,resnet,7,0.4675050035874778
M2,long-tail calibration strength,lambda,7.0,small,organsmnist_224,swin_tiny,3,0.624561006004305
M2,long-tail calibration strength,lambda,7.0,small,organsmnist_224,swin_tiny,5,0.626486915146709
M2,long-tail calibration strength,lambda,7.0,small,organsmnist_224,swin_tiny,7,0.6261092859031003
M2,long-tail calibration strength,lambda,7.0,small,organsmnist_224,vit_t,3,0.5482421358710019
M2,long-tail calibration strength,lambda,7.0,small,organsmnist_224,vit_t,5,0.5500169933159624
M2,long-tail calibration strength,lambda,7.0,small,organsmnist_224,vit_t,7,0.5508855405762623
M2,long-tail calibration strength,lambda,8.0,small,bloodmnist_224,convnext,3,0.8479976615024847
M2,long-tail calibration strength,lambda,8.0,small,bloodmnist_224,convnext,5,0.8476079119165936
M2,long-tail calibration strength,lambda,8.0,small,bloodmnist_224,convnext,7,0.8487771606742668
M2,long-tail calibration strength,lambda,8.0,small,bloodmnist_224,resnet,3,0.7999610250414109
M2,long-tail calibration strength,lambda,8.0,small,bloodmnist_224,resnet,5,0.7986943388872649
M2,long-tail calibration strength,lambda,8.0,small,bloodmnist_224,resnet,7,0.7984020266978467
M2,long-tail calibration strength,lambda,8.0,small,bloodmnist_224,swin_tiny,3,0.7730683036149274
M2,long-tail calibration strength,lambda,8.0,small,bloodmnist_224,swin_tiny,5,0.7715093052713631
M2,long-tail calibration strength,lambda,8.0,small,bloodmnist_224,swin_tiny,7,0.7701451817207444
M2,long-tail calibration strength,lambda,8.0,small,bloodmnist_224,vit_t,3,0.8517002825684498
M2,long-tail calibration strength,lambda,8.0,small,bloodmnist_224,vit_t,5,0.8511156581896132
M2,long-tail calibration strength,lambda,8.0,small,bloodmnist_224,vit_t,7,0.84994640943194
M2,long-tail calibration strength,lambda,8.0,small,chaoshengmnist_224,convnext,3,0.4285714285714286
M2,long-tail calibration strength,lambda,8.0,small,chaoshengmnist_224,convnext,5,0.4282719377059
M2,long-tail calibration strength,lambda,8.0,small,chaoshengmnist_224,convnext,7,0.4171907756813417
M2,long-tail calibration strength,lambda,8.0,small,chaoshengmnist_224,resnet,3,0.4809823300389338
M2,long-tail calibration strength,lambda,8.0,small,chaoshengmnist_224,resnet,5,0.46480982330038934
M2,long-tail calibration strength,lambda,8.0,small,chaoshengmnist_224,resnet,7,0.47259658580413294
M2,long-tail calibration strength,lambda,8.0,small,chaoshengmnist_224,swin_tiny,3,0.472596585804133
M2,long-tail calibration strength,lambda,8.0,small,chaoshengmnist_224,swin_tiny,5,0.4833782569631626
M2,long-tail calibration strength,lambda,8.0,small,chaoshengmnist_224,swin_tiny,7,0.4794848757112908
M2,long-tail calibration strength,lambda,8.0,small,chaoshengmnist_224,vit_t,3,0.4588200059898173
M2,long-tail calibration strength,lambda,8.0,small,chaoshengmnist_224,vit_t,5,0.4531296795447739
M2,long-tail calibration strength,lambda,8.0,small,chaoshengmnist_224,vit_t,7,0.4495357891584307
M2,long-tail calibration strength,lambda,8.0,small,dermamnist_224,convnext,3,0.6309226932668329
M2,long-tail calibration strength,lambda,8.0,small,dermamnist_224,convnext,5,0.6284289276807979
M2,long-tail calibration strength,lambda,8.0,small,dermamnist_224,convnext,7,0.627930174563591
M2,long-tail calibration strength,lambda,8.0,small,dermamnist_224,resnet,3,0.6688279301745635
M2,long-tail calibration strength,lambda,8.0,small,dermamnist_224,resnet,5,0.6688279301745635
M2,long-tail calibration strength,lambda,8.0,small,dermamnist_224,resnet,7,0.6688279301745635
M2,long-tail calibration strength,lambda,8.0,small,dermamnist_224,swin_tiny,3,0.6681629260182876
M2,long-tail calibration strength,lambda,8.0,small,dermamnist_224,swin_tiny,5,0.6694929343308396
M2,long-tail calibration strength,lambda,8.0,small,dermamnist_224,swin_tiny,7,0.6713216957605985
M2,long-tail calibration strength,lambda,8.0,small,dermamnist_224,vit_t,3,0.6364089775561097
M2,long-tail calibration strength,lambda,8.0,small,dermamnist_224,vit_t,5,0.6374064837905237
M2,long-tail calibration strength,lambda,8.0,small,dermamnist_224,vit_t,7,0.6420615128844556
M2,long-tail calibration strength,lambda,8.0,small,organcmnist_224,convnext,3,0.654170723790977
M2,long-tail calibration strength,lambda,8.0,small,organcmnist_224,convnext,5,0.6520610191496268
M2,long-tail calibration strength,lambda,8.0,small,organcmnist_224,convnext,7,0.6538867250892567
M2,long-tail calibration strength,lambda,8.0,small,organcmnist_224,resnet,3,0.5365546900357027
M2,long-tail calibration strength,lambda,8.0,small,organcmnist_224,resnet,5,0.5358649789029536
M2,long-tail calibration strength,lambda,8.0,small,organcmnist_224,resnet,7,0.5353375527426161
M2,long-tail calibration strength,lambda,8.0,small,organcmnist_224,swin_tiny,3,0.6857351509250244
M2,long-tail calibration strength,lambda,8.0,small,organcmnist_224,swin_tiny,5,0.6831385913664395
M2,long-tail calibration strength,lambda,8.0,small,organcmnist_224,swin_tiny,7,0.6811911716975008
M2,long-tail calibration strength,lambda,8.0,small,organcmnist_224,vit_t,3,0.5890133073677377
M2,long-tail calibration strength,lambda,8.0,small,organcmnist_224,vit_t,5,0.5839824732229796
M2,long-tail calibration strength,lambda,8.0,small,organcmnist_224,vit_t,7,0.5844287568971114
M2,long-tail calibration strength,lambda,8.0,small,organsmnist_224,convnext,3,0.6099467542766512
M2,long-tail calibration strength,lambda,8.0,small,organsmnist_224,convnext,5,0.6097957025792078
M2,long-tail calibration strength,lambda,8.0,small,organsmnist_224,convnext,7,0.6106264869151468
M2,long-tail calibration strength,lambda,8.0,small,organsmnist_224,resnet,3,0.45859295343831424
M2,long-tail calibration strength,lambda,8.0,small,organsmnist_224,resnet,5,0.4591593973037272
M2,long-tail calibration strength,lambda,8.0,small,organsmnist_224,resnet,7,0.45024734715456366
M2,long-tail calibration strength,lambda,8.0,small,organsmnist_224,swin_tiny,3,0.6233903553491182
M2,long-tail calibration strength,lambda,8.0,small,organsmnist_224,swin_tiny,5,0.6245232430799441
M2,long-tail calibration strength,lambda,8.0,small,organsmnist_224,swin_tiny,7,0.6247498206261093
M2,long-tail calibration strength,lambda,8.0,small,organsmnist_224,vit_t,3,0.5507344888788188
M2,long-tail calibration strength,lambda,8.0,small,organsmnist_224,vit_t,5,0.5517163249122012
M2,long-tail calibration strength,lambda,8.0,small,organsmnist_224,vit_t,7,0.5525471092481402
M2,long-tail calibration strength,lambda,10.0,small,bloodmnist_224,convnext,3,0.8479976615024847
M2,long-tail calibration strength,lambda,10.0,small,bloodmnist_224,convnext,5,0.8476079119165936
M2,long-tail calibration strength,lambda,10.0,small,bloodmnist_224,convnext,7,0.8487771606742668
M2,long-tail calibration strength,lambda,10.0,small,bloodmnist_224,resnet,3,0.7999610250414109
M2,long-tail calibration strength,lambda,10.0,small,bloodmnist_224,resnet,5,0.7986943388872649
M2,long-tail calibration strength,lambda,10.0,small,bloodmnist_224,resnet,7,0.7984020266978467
M2,long-tail calibration strength,lambda,10.0,small,bloodmnist_224,swin_tiny,3,0.7730683036149274
M2,long-tail calibration strength,lambda,10.0,small,bloodmnist_224,swin_tiny,5,0.7715093052713631
M2,long-tail calibration strength,lambda,10.0,small,bloodmnist_224,swin_tiny,7,0.7701451817207444
M2,long-tail calibration strength,lambda,10.0,small,bloodmnist_224,vit_t,3,0.8517002825684498
M2,long-tail calibration strength,lambda,10.0,small,bloodmnist_224,vit_t,5,0.8511156581896132
M2,long-tail calibration strength,lambda,10.0,small,bloodmnist_224,vit_t,7,0.84994640943194
M2,long-tail calibration strength,lambda,10.0,small,chaoshengmnist_224,convnext,3,0.4285714285714286
M2,long-tail calibration strength,lambda,10.0,small,chaoshengmnist_224,convnext,5,0.4282719377059
M2,long-tail calibration strength,lambda,10.0,small,chaoshengmnist_224,convnext,7,0.4171907756813417
M2,long-tail calibration strength,lambda,10.0,small,chaoshengmnist_224,resnet,3,0.4809823300389338
M2,long-tail calibration strength,lambda,10.0,small,chaoshengmnist_224,resnet,5,0.46480982330038934
M2,long-tail calibration strength,lambda,10.0,small,chaoshengmnist_224,resnet,7,0.47259658580413294
M2,long-tail calibration strength,lambda,10.0,small,chaoshengmnist_224,swin_tiny,3,0.472596585804133
M2,long-tail calibration strength,lambda,10.0,small,chaoshengmnist_224,swin_tiny,5,0.4833782569631626
M2,long-tail calibration strength,lambda,10.0,small,chaoshengmnist_224,swin_tiny,7,0.4794848757112908
M2,long-tail calibration strength,lambda,10.0,small,chaoshengmnist_224,vit_t,3,0.4588200059898173
M2,long-tail calibration strength,lambda,10.0,small,chaoshengmnist_224,vit_t,5,0.4531296795447739
M2,long-tail calibration strength,lambda,10.0,small,chaoshengmnist_224,vit_t,7,0.4495357891584307
M2,long-tail calibration strength,lambda,10.0,small,dermamnist_224,convnext,3,0.6447215295095594
M2,long-tail calibration strength,lambda,10.0,small,dermamnist_224,convnext,5,0.6477140482128013
M2,long-tail calibration strength,lambda,10.0,small,dermamnist_224,convnext,7,0.6447215295095594
M2,long-tail calibration strength,lambda,10.0,small,dermamnist_224,resnet,3,0.6688279301745635
M2,long-tail calibration strength,lambda,10.0,small,dermamnist_224,resnet,5,0.6688279301745635
M2,long-tail calibration strength,lambda,10.0,small,dermamnist_224,resnet,7,0.6688279301745635
M2,long-tail calibration strength,lambda,10.0,small,dermamnist_224,swin_tiny,3,0.6724854530340815
M2,long-tail calibration strength,lambda,10.0,small,dermamnist_224,swin_tiny,5,0.6721529509559434
M2,long-tail calibration strength,lambda,10.0,small,dermamnist_224,swin_tiny,7,0.6739817123857024
M2,long-tail calibration strength,lambda,10.0,small,dermamnist_224,vit_t,3,0.657689110556941
M2,long-tail calibration strength,lambda,10.0,small,dermamnist_224,vit_t,5,0.656857855361596
M2,long-tail calibration strength,lambda,10.0,small,dermamnist_224,vit_t,7,0.6606816292601828
M2,long-tail calibration strength,lambda,10.0,small,organcmnist_224,convnext,3,0.6552255761116521
M2,long-tail calibration strength,lambda,10.0,small,organcmnist_224,convnext,5,0.6534404414151249
M2,long-tail calibration strength,lambda,10.0,small,organcmnist_224,convnext,7,0.6551850048685491
M2,long-tail calibration strength,lambda,10.0,small,organcmnist_224,resnet,3,0.49882343395001627
M2,long-tail calibration strength,lambda,10.0,small,organcmnist_224,resnet,5,0.497444011684518
M2,long-tail calibration strength,lambda,10.0,small,organcmnist_224,resnet,7,0.49630801687763715
M2,long-tail calibration strength,lambda,10.0,small,organcmnist_224,swin_tiny,3,0.6823271665043817
M2,long-tail calibration strength,lambda,10.0,small,organcmnist_224,swin_tiny,5,0.6798928919182083
M2,long-tail calibration strength,lambda,10.0,small,organcmnist_224,swin_tiny,7,0.6777426160337553
M2,long-tail calibration strength,lambda,10.0,small,organcmnist_224,vit_t,3,0.5909201557935735
M2,long-tail calibration strength,lambda,10.0,small,organcmnist_224,vit_t,5,0.5860921778643298
M2,long-tail calibration strength,lambda,10.0,small,organcmnist_224,vit_t,7,0.5866601752677703
M2,long-tail calibration strength,lambda,10.0,small,organsmnist_224,convnext,3,0.6112684566292814
M2,long-tail calibration strength,lambda,10.0,small,organsmnist_224,convnext,5,0.6120237151164987
M2,long-tail calibration strength,lambda,10.0,small,organsmnist_224,convnext,7,0.6124391072844682
M2,long-tail calibration strength,lambda,10.0,small,organsmnist_224,resnet,3,0.42981760507533706
M2,long-tail calibration strength,lambda,10.0,small,organsmnist_224,resnet,5,0.4337071862845059
M2,long-tail calibration strength,lambda,10.0,small,organsmnist_224,resnet,7,0.42366224840451644
M2,long-tail calibration strength,lambda,10.0,small,organsmnist_224,swin_tiny,3,0.6188210415014539
M2,long-tail calibration strength,lambda,10.0,small,organsmnist_224,swin_tiny,5,0.6188210415014539
M2,long-tail calibration strength,lambda,10.0,small,organsmnist_224,swin_tiny,7,0.619878403383558
M2,long-tail calibration strength,lambda,10.0,small,organsmnist_224,vit_t,3,0.5541709149956573
M2,long-tail calibration strength,lambda,10.0,small,organsmnist_224,vit_t,5,0.5554170914995658
M2,long-tail calibration strength,lambda,10.0,small,organsmnist_224,vit_t,7,0.5562101129111439
