dataset,task_type,backbone,method,setting,num_clients,beta,accuracy,source_file
bloodmnist,small,resnet,avg,c3_b0,3,0.0,0.3017,program/MedMNISTMerge/result/bloodmnist(1).md
bloodmnist,small,resnet,avg,c3_b0.01,3,0.01,0.3069,program/MedMNISTMerge/result/bloodmnist(1).md
bloodmnist,small,resnet,avg,c3_b0.1,3,0.1,0.3949,program/MedMNISTMerge/result/bloodmnist(1).md
bloodmnist,small,resnet,avg,c5_b0,5,0.0,0.2739,program/MedMNISTMerge/result/bloodmnist(1).md
bloodmnist,small,resnet,avg,c5_b0.01,5,0.01,0.1947,program/MedMNISTMerge/result/bloodmnist(1).md
bloodmnist,small,resnet,avg,c5_b0.1,5,0.1,0.2716,program/MedMNISTMerge/result/bloodmnist(1).md
bloodmnist,small,resnet,avg,c7_b0,7,0.0,0.1944,program/MedMNISTMerge/result/bloodmnist(1).md
bloodmnist,small,resnet,avg,c7_b0.01,7,0.01,0.3601,program/MedMNISTMerge/result/bloodmnist(1).md
bloodmnist,small,resnet,avg,c7_b0.1,7,0.1,0.292,program/MedMNISTMerge/result/bloodmnist(1).md
bloodmnist,small,resnet,ties,c3_b0,3,0.0,0.2122,program/MedMNISTMerge/result/bloodmnist(1).md
bloodmnist,small,resnet,ties,c3_b0.01,3,0.01,0.2797,program/MedMNISTMerge/result/bloodmnist(1).md
bloodmnist,small,resnet,ties,c3_b0.1,3,0.1,0.2882,program/MedMNISTMerge/result/bloodmnist(1).md
bloodmnist,small,resnet,ties,c5_b0,5,0.0,0.0956,program/MedMNISTMerge/result/bloodmnist(1).md
bloodmnist,small,resnet,ties,c5_b0.01,5,0.01,0.195,program/MedMNISTMerge/result/bloodmnist(1).md
bloodmnist,small,resnet,ties,c5_b0.1,5,0.1,0.271,program/MedMNISTMerge/result/bloodmnist(1).md
bloodmnist,small,resnet,ties,c7_b0,7,0.0,0.0941,program/MedMNISTMerge/result/bloodmnist(1).md
bloodmnist,small,resnet,ties,c7_b0.01,7,0.01,0.2593,program/MedMNISTMerge/result/bloodmnist(1).md
bloodmnist,small,resnet,ties,c7_b0.1,7,0.1,0.1827,program/MedMNISTMerge/result/bloodmnist(1).md
bloodmnist,small,resnet,dare_linear,c3_b0,3,0.0,0.2736,program/MedMNISTMerge/result/bloodmnist(1).md
bloodmnist,small,resnet,dare_linear,c3_b0.01,3,0.01,0.3376,program/MedMNISTMerge/result/bloodmnist(1).md
bloodmnist,small,resnet,dare_linear,c3_b0.1,3,0.1,0.2382,program/MedMNISTMerge/result/bloodmnist(1).md
bloodmnist,small,resnet,dare_linear,c5_b0,5,0.0,0.2216,program/MedMNISTMerge/result/bloodmnist(1).md
bloodmnist,small,resnet,dare_linear,c5_b0.01,5,0.01,0.1979,program/MedMNISTMerge/result/bloodmnist(1).md
bloodmnist,small,resnet,dare_linear,c5_b0.1,5,0.1,0.4373,program/MedMNISTMerge/result/bloodmnist(1).md
bloodmnist,small,resnet,dare_linear,c7_b0,7,0.0,0.1757,program/MedMNISTMerge/result/bloodmnist(1).md
bloodmnist,small,resnet,dare_linear,c7_b0.01,7,0.01,0.3519,program/MedMNISTMerge/result/bloodmnist(1).md
bloodmnist,small,resnet,dare_linear,c7_b0.1,7,0.1,0.19,program/MedMNISTMerge/result/bloodmnist(1).md
bloodmnist,small,resnet,dare_ties,c3_b0,3,0.0,0.3674,program/MedMNISTMerge/result/bloodmnist(1).md
bloodmnist,small,resnet,dare_ties,c3_b0.01,3,0.01,0.3315,program/MedMNISTMerge/result/bloodmnist(1).md
bloodmnist,small,resnet,dare_ties,c3_b0.1,3,0.1,0.2593,program/MedMNISTMerge/result/bloodmnist(1).md
bloodmnist,small,resnet,dare_ties,c5_b0,5,0.0,0.0912,program/MedMNISTMerge/result/bloodmnist(1).md
bloodmnist,small,resnet,dare_ties,c5_b0.01,5,0.01,0.2917,program/MedMNISTMerge/result/bloodmnist(1).md
bloodmnist,small,resnet,dare_ties,c5_b0.1,5,0.1,0.1976,program/MedMNISTMerge/result/bloodmnist(1).md
bloodmnist,small,resnet,dare_ties,c7_b0,7,0.0,0.2087,program/MedMNISTMerge/result/bloodmnist(1).md
bloodmnist,small,resnet,dare_ties,c7_b0.01,7,0.01,0.2353,program/MedMNISTMerge/result/bloodmnist(1).md
bloodmnist,small,resnet,dare_ties,c7_b0.1,7,0.1,0.09,program/MedMNISTMerge/result/bloodmnist(1).md
bloodmnist,small,resnet,regmean,c3_b0,3,0.0,0.3826,program/MedMNISTMerge/result/bloodmnist(1).md
bloodmnist,small,resnet,regmean,c3_b0.01,3,0.01,0.3096,program/MedMNISTMerge/result/bloodmnist(1).md
bloodmnist,small,resnet,regmean,c3_b0.1,3,0.1,0.3458,program/MedMNISTMerge/result/bloodmnist(1).md
bloodmnist,small,resnet,regmean,c5_b0,5,0.0,0.2224,program/MedMNISTMerge/result/bloodmnist(1).md
bloodmnist,small,resnet,regmean,c5_b0.01,5,0.01,0.209,program/MedMNISTMerge/result/bloodmnist(1).md
bloodmnist,small,resnet,regmean,c5_b0.1,5,0.1,0.2792,program/MedMNISTMerge/result/bloodmnist(1).md
bloodmnist,small,resnet,regmean,c7_b0,7,0.0,0.2739,program/MedMNISTMerge/result/bloodmnist(1).md
bloodmnist,small,resnet,regmean,c7_b0.01,7,0.01,0.3177,program/MedMNISTMerge/result/bloodmnist(1).md
bloodmnist,small,resnet,regmean,c7_b0.1,7,0.1,0.4306,program/MedMNISTMerge/result/bloodmnist(1).md
bloodmnist,small,resnet,fisher,c3_b0,3,0.0,0.3674,program/MedMNISTMerge/result/bloodmnist(1).md
bloodmnist,small,resnet,fisher,c3_b0.01,3,0.01,0.2517,program/MedMNISTMerge/result/bloodmnist(1).md
bloodmnist,small,resnet,fisher,c3_b0.1,3,0.1,0.3397,program/MedMNISTMerge/result/bloodmnist(1).md
bloodmnist,small,resnet,fisher,c5_b0,5,0.0,0.2306,program/MedMNISTMerge/result/bloodmnist(1).md
bloodmnist,small,resnet,fisher,c5_b0.01,5,0.01,0.197,program/MedMNISTMerge/result/bloodmnist(1).md
bloodmnist,small,resnet,fisher,c5_b0.1,5,0.1,0.2435,program/MedMNISTMerge/result/bloodmnist(1).md
bloodmnist,small,resnet,fisher,c7_b0,7,0.0,0.356,program/MedMNISTMerge/result/bloodmnist(1).md
bloodmnist,small,resnet,fisher,c7_b0.01,7,0.01,0.2885,program/MedMNISTMerge/result/bloodmnist(1).md
bloodmnist,small,resnet,fisher,c7_b0.1,7,0.1,0.138,program/MedMNISTMerge/result/bloodmnist(1).md
bloodmnist,small,resnet,breadcrumbs,c3_b0,3,0.0,0.1079,program/MedMNISTMerge/result/bloodmnist(1).md
bloodmnist,small,resnet,breadcrumbs,c3_b0.01,3,0.01,0.0769,program/MedMNISTMerge/result/bloodmnist(1).md
bloodmnist,small,resnet,breadcrumbs,c3_b0.1,3,0.1,0.0713,program/MedMNISTMerge/result/bloodmnist(1).md
bloodmnist,small,resnet,breadcrumbs,c5_b0,5,0.0,0.1608,program/MedMNISTMerge/result/bloodmnist(1).md
bloodmnist,small,resnet,breadcrumbs,c5_b0.01,5,0.01,0.0816,program/MedMNISTMerge/result/bloodmnist(1).md
bloodmnist,small,resnet,breadcrumbs,c5_b0.1,5,0.1,0.1827,program/MedMNISTMerge/result/bloodmnist(1).md
bloodmnist,small,resnet,breadcrumbs,c7_b0,7,0.0,0.1795,program/MedMNISTMerge/result/bloodmnist(1).md
bloodmnist,small,resnet,breadcrumbs,c7_b0.01,7,0.01,0.1871,program/MedMNISTMerge/result/bloodmnist(1).md
bloodmnist,small,resnet,breadcrumbs,c7_b0.1,7,0.1,0.0713,program/MedMNISTMerge/result/bloodmnist(1).md
bloodmnist,small,resnet,model_stock,c3_b0,3,0.0,0.3078,program/MedMNISTMerge/result/bloodmnist(1).md
bloodmnist,small,resnet,model_stock,c3_b0.01,3,0.01,0.2511,program/MedMNISTMerge/result/bloodmnist(1).md
bloodmnist,small,resnet,model_stock,c3_b0.1,3,0.1,0.1672,program/MedMNISTMerge/result/bloodmnist(1).md
bloodmnist,small,resnet,model_stock,c5_b0,5,0.0,0.1792,program/MedMNISTMerge/result/bloodmnist(1).md
bloodmnist,small,resnet,model_stock,c5_b0.01,5,0.01,0.2081,program/MedMNISTMerge/result/bloodmnist(1).md
bloodmnist,small,resnet,model_stock,c5_b0.1,5,0.1,0.1599,program/MedMNISTMerge/result/bloodmnist(1).md
bloodmnist,small,resnet,model_stock,c7_b0,7,0.0,0.1725,program/MedMNISTMerge/result/bloodmnist(1).md
bloodmnist,small,resnet,model_stock,c7_b0.01,7,0.01,0.1754,program/MedMNISTMerge/result/bloodmnist(1).md
bloodmnist,small,resnet,model_stock,c7_b0.1,7,0.1,0.2447,program/MedMNISTMerge/result/bloodmnist(1).md
bloodmnist,small,resnet,from,c3_b0,3,0.0,0.3251,program/MedMNISTMerge/result/bloodmnist(1).md
bloodmnist,small,resnet,from,c3_b0.01,3,0.01,0.2941,program/MedMNISTMerge/result/bloodmnist(1).md
bloodmnist,small,resnet,from,c3_b0.1,3,0.1,0.2777,program/MedMNISTMerge/result/bloodmnist(1).md
bloodmnist,small,resnet,from,c5_b0,5,0.0,0.1947,program/MedMNISTMerge/result/bloodmnist(1).md
bloodmnist,small,resnet,from,c5_b0.01,5,0.01,0.1947,program/MedMNISTMerge/result/bloodmnist(1).md
bloodmnist,small,resnet,from,c5_b0.1,5,0.1,0.3025,program/MedMNISTMerge/result/bloodmnist(1).md
bloodmnist,small,resnet,from,c7_b0,7,0.0,0.1903,program/MedMNISTMerge/result/bloodmnist(1).md
bloodmnist,small,resnet,from,c7_b0.01,7,0.01,0.2669,program/MedMNISTMerge/result/bloodmnist(1).md
bloodmnist,small,resnet,from,c7_b0.1,7,0.1,0.1584,program/MedMNISTMerge/result/bloodmnist(1).md
bloodmnist,small,resnet,iso_c,c3_b0,3,0.0,0.3148,program/MedMNISTMerge/result/bloodmnist(1).md
bloodmnist,small,resnet,iso_c,c3_b0.01,3,0.01,0.3169,program/MedMNISTMerge/result/bloodmnist(1).md
bloodmnist,small,resnet,iso_c,c3_b0.1,3,0.1,0.3517,program/MedMNISTMerge/result/bloodmnist(1).md
bloodmnist,small,resnet,iso_c,c5_b0,5,0.0,0.2894,program/MedMNISTMerge/result/bloodmnist(1).md
bloodmnist,small,resnet,iso_c,c5_b0.01,5,0.01,0.2029,program/MedMNISTMerge/result/bloodmnist(1).md
bloodmnist,small,resnet,iso_c,c5_b0.1,5,0.1,0.3321,program/MedMNISTMerge/result/bloodmnist(1).md
bloodmnist,small,resnet,iso_c,c7_b0,7,0.0,0.1865,program/MedMNISTMerge/result/bloodmnist(1).md
bloodmnist,small,resnet,iso_c,c7_b0.01,7,0.01,0.425,program/MedMNISTMerge/result/bloodmnist(1).md
bloodmnist,small,resnet,iso_c,c7_b0.1,7,0.1,0.2952,program/MedMNISTMerge/result/bloodmnist(1).md
bloodmnist,small,resnet,free_merge,c3_b0,3,0.0,0.3017,program/MedMNISTMerge/result/bloodmnist(1).md
bloodmnist,small,resnet,free_merge,c3_b0.01,3,0.01,0.3069,program/MedMNISTMerge/result/bloodmnist(1).md
bloodmnist,small,resnet,free_merge,c3_b0.1,3,0.1,0.3949,program/MedMNISTMerge/result/bloodmnist(1).md
bloodmnist,small,resnet,free_merge,c5_b0,5,0.0,0.2742,program/MedMNISTMerge/result/bloodmnist(1).md
bloodmnist,small,resnet,free_merge,c5_b0.01,5,0.01,0.1947,program/MedMNISTMerge/result/bloodmnist(1).md
bloodmnist,small,resnet,free_merge,c5_b0.1,5,0.1,0.2713,program/MedMNISTMerge/result/bloodmnist(1).md
bloodmnist,small,resnet,free_merge,c7_b0,7,0.0,0.1944,program/MedMNISTMerge/result/bloodmnist(1).md
bloodmnist,small,resnet,free_merge,c7_b0.01,7,0.01,0.3598,program/MedMNISTMerge/result/bloodmnist(1).md
bloodmnist,small,resnet,free_merge,c7_b0.1,7,0.1,0.2923,program/MedMNISTMerge/result/bloodmnist(1).md
bloodmnist,small,resnet,robustmerge,c3_b0,3,0.0,0.2961,program/MedMNISTMerge/result/bloodmnist(1).md
bloodmnist,small,resnet,robustmerge,c3_b0.01,3,0.01,0.3277,program/MedMNISTMerge/result/bloodmnist(1).md
bloodmnist,small,resnet,robustmerge,c3_b0.1,3,0.1,0.3964,program/MedMNISTMerge/result/bloodmnist(1).md
bloodmnist,small,resnet,robustmerge,c5_b0,5,0.0,0.1777,program/MedMNISTMerge/result/bloodmnist(1).md
bloodmnist,small,resnet,robustmerge,c5_b0.01,5,0.01,0.2026,program/MedMNISTMerge/result/bloodmnist(1).md
bloodmnist,small,resnet,robustmerge,c5_b0.1,5,0.1,0.3487,program/MedMNISTMerge/result/bloodmnist(1).md
bloodmnist,small,resnet,robustmerge,c7_b0,7,0.0,0.1847,program/MedMNISTMerge/result/bloodmnist(1).md
bloodmnist,small,resnet,robustmerge,c7_b0.01,7,0.01,0.2605,program/MedMNISTMerge/result/bloodmnist(1).md
bloodmnist,small,resnet,robustmerge,c7_b0.1,7,0.1,0.2315,program/MedMNISTMerge/result/bloodmnist(1).md
bloodmnist,small,convnext,avg,c3_b0,3,0.0,0.1947,program/MedMNISTMerge/result/bloodmnist(1).md
bloodmnist,small,convnext,avg,c3_b0.01,3,0.01,0.1374,program/MedMNISTMerge/result/bloodmnist(1).md
bloodmnist,small,convnext,avg,c3_b0.1,3,0.1,0.1374,program/MedMNISTMerge/result/bloodmnist(1).md
bloodmnist,small,convnext,avg,c5_b0,5,0.0,0.083,program/MedMNISTMerge/result/bloodmnist(1).md
bloodmnist,small,convnext,avg,c5_b0.01,5,0.01,0.071,program/MedMNISTMerge/result/bloodmnist(1).md
bloodmnist,small,convnext,avg,c5_b0.1,5,0.1,0.1824,program/MedMNISTMerge/result/bloodmnist(1).md
bloodmnist,small,convnext,avg,c7_b0,7,0.0,0.1374,program/MedMNISTMerge/result/bloodmnist(1).md
bloodmnist,small,convnext,avg,c7_b0.01,7,0.01,0.1947,program/MedMNISTMerge/result/bloodmnist(1).md
bloodmnist,small,convnext,avg,c7_b0.1,7,0.1,0.083,program/MedMNISTMerge/result/bloodmnist(1).md
bloodmnist,small,convnext,ties,c3_b0,3,0.0,0.1947,program/MedMNISTMerge/result/bloodmnist(1).md
bloodmnist,small,convnext,ties,c3_b0.01,3,0.01,0.1824,program/MedMNISTMerge/result/bloodmnist(1).md
bloodmnist,small,convnext,ties,c3_b0.1,3,0.1,0.1374,program/MedMNISTMerge/result/bloodmnist(1).md
bloodmnist,small,convnext,ties,c5_b0,5,0.0,0.0909,program/MedMNISTMerge/result/bloodmnist(1).md
bloodmnist,small,convnext,ties,c5_b0.01,5,0.01,0.0909,program/MedMNISTMerge/result/bloodmnist(1).md
bloodmnist,small,convnext,ties,c5_b0.1,5,0.1,0.1824,program/MedMNISTMerge/result/bloodmnist(1).md
bloodmnist,small,convnext,ties,c7_b0,7,0.0,0.1374,program/MedMNISTMerge/result/bloodmnist(1).md
bloodmnist,small,convnext,ties,c7_b0.01,7,0.01,0.1374,program/MedMNISTMerge/result/bloodmnist(1).md
bloodmnist,small,convnext,ties,c7_b0.1,7,0.1,0.1824,program/MedMNISTMerge/result/bloodmnist(1).md
bloodmnist,small,convnext,dare_linear,c3_b0,3,0.0,0.1947,program/MedMNISTMerge/result/bloodmnist(1).md
bloodmnist,small,convnext,dare_linear,c3_b0.01,3,0.01,0.1947,program/MedMNISTMerge/result/bloodmnist(1).md
bloodmnist,small,convnext,dare_linear,c3_b0.1,3,0.1,0.1374,program/MedMNISTMerge/result/bloodmnist(1).md
bloodmnist,small,convnext,dare_linear,c5_b0,5,0.0,0.083,program/MedMNISTMerge/result/bloodmnist(1).md
bloodmnist,small,convnext,dare_linear,c5_b0.01,5,0.01,0.071,program/MedMNISTMerge/result/bloodmnist(1).md
bloodmnist,small,convnext,dare_linear,c5_b0.1,5,0.1,0.1824,program/MedMNISTMerge/result/bloodmnist(1).md
bloodmnist,small,convnext,dare_linear,c7_b0,7,0.0,0.1374,program/MedMNISTMerge/result/bloodmnist(1).md
bloodmnist,small,convnext,dare_linear,c7_b0.01,7,0.01,0.1947,program/MedMNISTMerge/result/bloodmnist(1).md
bloodmnist,small,convnext,dare_linear,c7_b0.1,7,0.1,0.0713,program/MedMNISTMerge/result/bloodmnist(1).md
bloodmnist,small,convnext,dare_ties,c3_b0,3,0.0,0.0713,program/MedMNISTMerge/result/bloodmnist(1).md
bloodmnist,small,convnext,dare_ties,c3_b0.01,3,0.01,0.1824,program/MedMNISTMerge/result/bloodmnist(1).md
bloodmnist,small,convnext,dare_ties,c3_b0.1,3,0.1,0.0751,program/MedMNISTMerge/result/bloodmnist(1).md
bloodmnist,small,convnext,dare_ties,c5_b0,5,0.0,0.0909,program/MedMNISTMerge/result/bloodmnist(1).md
bloodmnist,small,convnext,dare_ties,c5_b0.01,5,0.01,0.1824,program/MedMNISTMerge/result/bloodmnist(1).md
bloodmnist,small,convnext,dare_ties,c5_b0.1,5,0.1,0.1824,program/MedMNISTMerge/result/bloodmnist(1).md
bloodmnist,small,convnext,dare_ties,c7_b0,7,0.0,0.1374,program/MedMNISTMerge/result/bloodmnist(1).md
bloodmnist,small,convnext,dare_ties,c7_b0.01,7,0.01,0.1292,program/MedMNISTMerge/result/bloodmnist(1).md
bloodmnist,small,convnext,dare_ties,c7_b0.1,7,0.1,0.1824,program/MedMNISTMerge/result/bloodmnist(1).md
bloodmnist,small,convnext,regmean,c3_b0,3,0.0,0.1947,program/MedMNISTMerge/result/bloodmnist(1).md
bloodmnist,small,convnext,regmean,c3_b0.01,3,0.01,0.1374,program/MedMNISTMerge/result/bloodmnist(1).md
bloodmnist,small,convnext,regmean,c3_b0.1,3,0.1,0.1374,program/MedMNISTMerge/result/bloodmnist(1).md
bloodmnist,small,convnext,regmean,c5_b0,5,0.0,0.0909,program/MedMNISTMerge/result/bloodmnist(1).md
bloodmnist,small,convnext,regmean,c5_b0.01,5,0.01,0.071,program/MedMNISTMerge/result/bloodmnist(1).md
bloodmnist,small,convnext,regmean,c5_b0.1,5,0.1,0.083,program/MedMNISTMerge/result/bloodmnist(1).md
bloodmnist,small,convnext,regmean,c7_b0,7,0.0,0.1692,program/MedMNISTMerge/result/bloodmnist(1).md
bloodmnist,small,convnext,regmean,c7_b0.01,7,0.01,0.1374,program/MedMNISTMerge/result/bloodmnist(1).md
bloodmnist,small,convnext,regmean,c7_b0.1,7,0.1,0.2502,program/MedMNISTMerge/result/bloodmnist(1).md
bloodmnist,small,convnext,fisher,c3_b0,3,0.0,0.1947,program/MedMNISTMerge/result/bloodmnist(1).md
bloodmnist,small,convnext,fisher,c3_b0.01,3,0.01,0.1374,program/MedMNISTMerge/result/bloodmnist(1).md
bloodmnist,small,convnext,fisher,c3_b0.1,3,0.1,0.1374,program/MedMNISTMerge/result/bloodmnist(1).md
bloodmnist,small,convnext,fisher,c5_b0,5,0.0,0.1374,program/MedMNISTMerge/result/bloodmnist(1).md
bloodmnist,small,convnext,fisher,c5_b0.01,5,0.01,0.0713,program/MedMNISTMerge/result/bloodmnist(1).md
bloodmnist,small,convnext,fisher,c5_b0.1,5,0.1,0.0909,program/MedMNISTMerge/result/bloodmnist(1).md
bloodmnist,small,convnext,fisher,c7_b0,7,0.0,0.071,program/MedMNISTMerge/result/bloodmnist(1).md
bloodmnist,small,convnext,fisher,c7_b0.01,7,0.01,0.1947,program/MedMNISTMerge/result/bloodmnist(1).md
bloodmnist,small,convnext,fisher,c7_b0.1,7,0.1,0.0909,program/MedMNISTMerge/result/bloodmnist(1).md
bloodmnist,small,convnext,breadcrumbs,c3_b0,3,0.0,0.1692,program/MedMNISTMerge/result/bloodmnist(1).md
bloodmnist,small,convnext,breadcrumbs,c3_b0.01,3,0.01,0.1947,program/MedMNISTMerge/result/bloodmnist(1).md
bloodmnist,small,convnext,breadcrumbs,c3_b0.1,3,0.1,0.0909,program/MedMNISTMerge/result/bloodmnist(1).md
bloodmnist,small,convnext,breadcrumbs,c5_b0,5,0.0,0.1692,program/MedMNISTMerge/result/bloodmnist(1).md
bloodmnist,small,convnext,breadcrumbs,c5_b0.01,5,0.01,0.1692,program/MedMNISTMerge/result/bloodmnist(1).md
bloodmnist,small,convnext,breadcrumbs,c5_b0.1,5,0.1,0.0713,program/MedMNISTMerge/result/bloodmnist(1).md
bloodmnist,small,convnext,breadcrumbs,c7_b0,7,0.0,0.0713,program/MedMNISTMerge/result/bloodmnist(1).md
bloodmnist,small,convnext,breadcrumbs,c7_b0.01,7,0.01,0.083,program/MedMNISTMerge/result/bloodmnist(1).md
bloodmnist,small,convnext,breadcrumbs,c7_b0.1,7,0.1,0.1947,program/MedMNISTMerge/result/bloodmnist(1).md
bloodmnist,small,convnext,model_stock,c3_b0,3,0.0,0.1947,program/MedMNISTMerge/result/bloodmnist(1).md
bloodmnist,small,convnext,model_stock,c3_b0.01,3,0.01,0.1947,program/MedMNISTMerge/result/bloodmnist(1).md
bloodmnist,small,convnext,model_stock,c3_b0.1,3,0.1,0.1374,program/MedMNISTMerge/result/bloodmnist(1).md
bloodmnist,small,convnext,model_stock,c5_b0,5,0.0,0.1692,program/MedMNISTMerge/result/bloodmnist(1).md
bloodmnist,small,convnext,model_stock,c5_b0.01,5,0.01,0.0909,program/MedMNISTMerge/result/bloodmnist(1).md
bloodmnist,small,convnext,model_stock,c5_b0.1,5,0.1,0.083,program/MedMNISTMerge/result/bloodmnist(1).md
bloodmnist,small,convnext,model_stock,c7_b0,7,0.0,0.1692,program/MedMNISTMerge/result/bloodmnist(1).md
bloodmnist,small,convnext,model_stock,c7_b0.01,7,0.01,0.1692,program/MedMNISTMerge/result/bloodmnist(1).md
bloodmnist,small,convnext,model_stock,c7_b0.1,7,0.1,0.195,program/MedMNISTMerge/result/bloodmnist(1).md
bloodmnist,small,convnext,from,c3_b0,3,0.0,0.1947,program/MedMNISTMerge/result/bloodmnist(1).md
bloodmnist,small,convnext,from,c3_b0.01,3,0.01,0.1374,program/MedMNISTMerge/result/bloodmnist(1).md
bloodmnist,small,convnext,from,c3_b0.1,3,0.1,0.1374,program/MedMNISTMerge/result/bloodmnist(1).md
bloodmnist,small,convnext,from,c5_b0,5,0.0,0.0713,program/MedMNISTMerge/result/bloodmnist(1).md
bloodmnist,small,convnext,from,c5_b0.01,5,0.01,0.071,program/MedMNISTMerge/result/bloodmnist(1).md
bloodmnist,small,convnext,from,c5_b0.1,5,0.1,0.1824,program/MedMNISTMerge/result/bloodmnist(1).md
bloodmnist,small,convnext,from,c7_b0,7,0.0,0.1947,program/MedMNISTMerge/result/bloodmnist(1).md
bloodmnist,small,convnext,from,c7_b0.01,7,0.01,0.1374,program/MedMNISTMerge/result/bloodmnist(1).md
bloodmnist,small,convnext,from,c7_b0.1,7,0.1,0.1692,program/MedMNISTMerge/result/bloodmnist(1).md
bloodmnist,small,convnext,iso_c,c3_b0,3,0.0,0.1947,program/MedMNISTMerge/result/bloodmnist(1).md
bloodmnist,small,convnext,iso_c,c3_b0.01,3,0.01,0.1947,program/MedMNISTMerge/result/bloodmnist(1).md
bloodmnist,small,convnext,iso_c,c3_b0.1,3,0.1,0.1947,program/MedMNISTMerge/result/bloodmnist(1).md
bloodmnist,small,convnext,iso_c,c5_b0,5,0.0,0.1824,program/MedMNISTMerge/result/bloodmnist(1).md
bloodmnist,small,convnext,iso_c,c5_b0.01,5,0.01,0.1947,program/MedMNISTMerge/result/bloodmnist(1).md
bloodmnist,small,convnext,iso_c,c5_b0.1,5,0.1,0.1824,program/MedMNISTMerge/result/bloodmnist(1).md
bloodmnist,small,convnext,iso_c,c7_b0,7,0.0,0.1374,program/MedMNISTMerge/result/bloodmnist(1).md
bloodmnist,small,convnext,iso_c,c7_b0.01,7,0.01,0.1692,program/MedMNISTMerge/result/bloodmnist(1).md
bloodmnist,small,convnext,iso_c,c7_b0.1,7,0.1,0.1374,program/MedMNISTMerge/result/bloodmnist(1).md
bloodmnist,small,convnext,free_merge,c3_b0,3,0.0,0.1947,program/MedMNISTMerge/result/bloodmnist(1).md
bloodmnist,small,convnext,free_merge,c3_b0.01,3,0.01,0.083,program/MedMNISTMerge/result/bloodmnist(1).md
bloodmnist,small,convnext,free_merge,c3_b0.1,3,0.1,0.1947,program/MedMNISTMerge/result/bloodmnist(1).md
bloodmnist,small,convnext,free_merge,c5_b0,5,0.0,0.1947,program/MedMNISTMerge/result/bloodmnist(1).md
bloodmnist,small,convnext,free_merge,c5_b0.01,5,0.01,0.0909,program/MedMNISTMerge/result/bloodmnist(1).md
bloodmnist,small,convnext,free_merge,c5_b0.1,5,0.1,0.0713,program/MedMNISTMerge/result/bloodmnist(1).md
bloodmnist,small,convnext,free_merge,c7_b0,7,0.0,0.1374,program/MedMNISTMerge/result/bloodmnist(1).md
bloodmnist,small,convnext,free_merge,c7_b0.01,7,0.01,0.1947,program/MedMNISTMerge/result/bloodmnist(1).md
bloodmnist,small,convnext,free_merge,c7_b0.1,7,0.1,0.083,program/MedMNISTMerge/result/bloodmnist(1).md
bloodmnist,small,convnext,robustmerge,c3_b0,3,0.0,0.1947,program/MedMNISTMerge/result/bloodmnist(1).md
bloodmnist,small,convnext,robustmerge,c3_b0.01,3,0.01,0.0909,program/MedMNISTMerge/result/bloodmnist(1).md
bloodmnist,small,convnext,robustmerge,c3_b0.1,3,0.1,0.1374,program/MedMNISTMerge/result/bloodmnist(1).md
bloodmnist,small,convnext,robustmerge,c5_b0,5,0.0,0.1692,program/MedMNISTMerge/result/bloodmnist(1).md
bloodmnist,small,convnext,robustmerge,c5_b0.01,5,0.01,0.1692,program/MedMNISTMerge/result/bloodmnist(1).md
bloodmnist,small,convnext,robustmerge,c5_b0.1,5,0.1,0.083,program/MedMNISTMerge/result/bloodmnist(1).md
bloodmnist,small,convnext,robustmerge,c7_b0,7,0.0,0.0713,program/MedMNISTMerge/result/bloodmnist(1).md
bloodmnist,small,convnext,robustmerge,c7_b0.01,7,0.01,0.083,program/MedMNISTMerge/result/bloodmnist(1).md
bloodmnist,small,convnext,robustmerge,c7_b0.1,7,0.1,0.0713,program/MedMNISTMerge/result/bloodmnist(1).md
bloodmnist,small,vit_t,avg,c3_b0,3,0.0,0.1692,program/MedMNISTMerge/result/bloodmnist(1).md
bloodmnist,small,vit_t,avg,c3_b0.01,3,0.01,0.0836,program/MedMNISTMerge/result/bloodmnist(1).md
bloodmnist,small,vit_t,avg,c3_b0.1,3,0.1,0.15,program/MedMNISTMerge/result/bloodmnist(1).md
bloodmnist,small,vit_t,avg,c5_b0,5,0.0,0.071,program/MedMNISTMerge/result/bloodmnist(1).md
bloodmnist,small,vit_t,avg,c5_b0.01,5,0.01,0.071,program/MedMNISTMerge/result/bloodmnist(1).md
bloodmnist,small,vit_t,avg,c5_b0.1,5,0.1,0.1824,program/MedMNISTMerge/result/bloodmnist(1).md
bloodmnist,small,vit_t,avg,c7_b0,7,0.0,0.1692,program/MedMNISTMerge/result/bloodmnist(1).md
bloodmnist,small,vit_t,avg,c7_b0.01,7,0.01,0.0959,program/MedMNISTMerge/result/bloodmnist(1).md
bloodmnist,small,vit_t,avg,c7_b0.1,7,0.1,0.083,program/MedMNISTMerge/result/bloodmnist(1).md
bloodmnist,small,vit_t,ties,c3_b0,3,0.0,0.0713,program/MedMNISTMerge/result/bloodmnist(1).md
bloodmnist,small,vit_t,ties,c3_b0.01,3,0.01,0.1184,program/MedMNISTMerge/result/bloodmnist(1).md
bloodmnist,small,vit_t,ties,c3_b0.1,3,0.1,0.0491,program/MedMNISTMerge/result/bloodmnist(1).md
bloodmnist,small,vit_t,ties,c5_b0,5,0.0,0.0497,program/MedMNISTMerge/result/bloodmnist(1).md
bloodmnist,small,vit_t,ties,c5_b0.01,5,0.01,0.1947,program/MedMNISTMerge/result/bloodmnist(1).md
bloodmnist,small,vit_t,ties,c5_b0.1,5,0.1,0.1818,program/MedMNISTMerge/result/bloodmnist(1).md
bloodmnist,small,vit_t,ties,c7_b0,7,0.0,0.1374,program/MedMNISTMerge/result/bloodmnist(1).md
bloodmnist,small,vit_t,ties,c7_b0.01,7,0.01,0.1096,program/MedMNISTMerge/result/bloodmnist(1).md
bloodmnist,small,vit_t,ties,c7_b0.1,7,0.1,0.1386,program/MedMNISTMerge/result/bloodmnist(1).md
bloodmnist,small,vit_t,dare_linear,c3_b0,3,0.0,0.1692,program/MedMNISTMerge/result/bloodmnist(1).md
bloodmnist,small,vit_t,dare_linear,c3_b0.01,3,0.01,0.2447,program/MedMNISTMerge/result/bloodmnist(1).md
bloodmnist,small,vit_t,dare_linear,c3_b0.1,3,0.1,0.3052,program/MedMNISTMerge/result/bloodmnist(1).md
bloodmnist,small,vit_t,dare_linear,c5_b0,5,0.0,0.0854,program/MedMNISTMerge/result/bloodmnist(1).md
bloodmnist,small,vit_t,dare_linear,c5_b0.01,5,0.01,0.071,program/MedMNISTMerge/result/bloodmnist(1).md
bloodmnist,small,vit_t,dare_linear,c5_b0.1,5,0.1,0.1824,program/MedMNISTMerge/result/bloodmnist(1).md
bloodmnist,small,vit_t,dare_linear,c7_b0,7,0.0,0.1692,program/MedMNISTMerge/result/bloodmnist(1).md
bloodmnist,small,vit_t,dare_linear,c7_b0.01,7,0.01,0.0816,program/MedMNISTMerge/result/bloodmnist(1).md
bloodmnist,small,vit_t,dare_linear,c7_b0.1,7,0.1,0.1652,program/MedMNISTMerge/result/bloodmnist(1).md
bloodmnist,small,vit_t,dare_ties,c3_b0,3,0.0,0.0745,program/MedMNISTMerge/result/bloodmnist(1).md
bloodmnist,small,vit_t,dare_ties,c3_b0.01,3,0.01,0.083,program/MedMNISTMerge/result/bloodmnist(1).md
bloodmnist,small,vit_t,dare_ties,c3_b0.1,3,0.1,0.0628,program/MedMNISTMerge/result/bloodmnist(1).md
bloodmnist,small,vit_t,dare_ties,c5_b0,5,0.0,0.071,program/MedMNISTMerge/result/bloodmnist(1).md
bloodmnist,small,vit_t,dare_ties,c5_b0.01,5,0.01,0.1947,program/MedMNISTMerge/result/bloodmnist(1).md
bloodmnist,small,vit_t,dare_ties,c5_b0.1,5,0.1,0.0909,program/MedMNISTMerge/result/bloodmnist(1).md
bloodmnist,small,vit_t,dare_ties,c7_b0,7,0.0,0.1947,program/MedMNISTMerge/result/bloodmnist(1).md
bloodmnist,small,vit_t,dare_ties,c7_b0.01,7,0.01,0.0816,program/MedMNISTMerge/result/bloodmnist(1).md
bloodmnist,small,vit_t,dare_ties,c7_b0.1,7,0.1,0.0675,program/MedMNISTMerge/result/bloodmnist(1).md
bloodmnist,small,vit_t,regmean,c3_b0,3,0.0,0.188,program/MedMNISTMerge/result/bloodmnist(1).md
bloodmnist,small,vit_t,regmean,c3_b0.01,3,0.01,0.1435,program/MedMNISTMerge/result/bloodmnist(1).md
bloodmnist,small,vit_t,regmean,c3_b0.1,3,0.1,0.1929,program/MedMNISTMerge/result/bloodmnist(1).md
bloodmnist,small,vit_t,regmean,c5_b0,5,0.0,0.1692,program/MedMNISTMerge/result/bloodmnist(1).md
bloodmnist,small,vit_t,regmean,c5_b0.01,5,0.01,0.0737,program/MedMNISTMerge/result/bloodmnist(1).md
bloodmnist,small,vit_t,regmean,c5_b0.1,5,0.1,0.1821,program/MedMNISTMerge/result/bloodmnist(1).md
bloodmnist,small,vit_t,regmean,c7_b0,7,0.0,0.166,program/MedMNISTMerge/result/bloodmnist(1).md
bloodmnist,small,vit_t,regmean,c7_b0.01,7,0.01,0.0836,program/MedMNISTMerge/result/bloodmnist(1).md
bloodmnist,small,vit_t,regmean,c7_b0.1,7,0.1,0.1374,program/MedMNISTMerge/result/bloodmnist(1).md
bloodmnist,small,vit_t,fisher,c3_b0,3,0.0,0.0795,program/MedMNISTMerge/result/bloodmnist(1).md
bloodmnist,small,vit_t,fisher,c3_b0.01,3,0.01,0.0909,program/MedMNISTMerge/result/bloodmnist(1).md
bloodmnist,small,vit_t,fisher,c3_b0.1,3,0.1,0.1795,program/MedMNISTMerge/result/bloodmnist(1).md
bloodmnist,small,vit_t,fisher,c5_b0,5,0.0,0.1216,program/MedMNISTMerge/result/bloodmnist(1).md
bloodmnist,small,vit_t,fisher,c5_b0.01,5,0.01,0.1947,program/MedMNISTMerge/result/bloodmnist(1).md
bloodmnist,small,vit_t,fisher,c5_b0.1,5,0.1,0.1374,program/MedMNISTMerge/result/bloodmnist(1).md
bloodmnist,small,vit_t,fisher,c7_b0,7,0.0,0.1947,program/MedMNISTMerge/result/bloodmnist(1).md
bloodmnist,small,vit_t,fisher,c7_b0.01,7,0.01,0.1947,program/MedMNISTMerge/result/bloodmnist(1).md
bloodmnist,small,vit_t,fisher,c7_b0.1,7,0.1,0.1938,program/MedMNISTMerge/result/bloodmnist(1).md
bloodmnist,small,vit_t,breadcrumbs,c3_b0,3,0.0,0.1786,program/MedMNISTMerge/result/bloodmnist(1).md
bloodmnist,small,vit_t,breadcrumbs,c3_b0.01,3,0.01,0.1374,program/MedMNISTMerge/result/bloodmnist(1).md
bloodmnist,small,vit_t,breadcrumbs,c3_b0.1,3,0.1,0.093,program/MedMNISTMerge/result/bloodmnist(1).md
bloodmnist,small,vit_t,breadcrumbs,c5_b0,5,0.0,0.1692,program/MedMNISTMerge/result/bloodmnist(1).md
bloodmnist,small,vit_t,breadcrumbs,c5_b0.01,5,0.01,0.071,program/MedMNISTMerge/result/bloodmnist(1).md
bloodmnist,small,vit_t,breadcrumbs,c5_b0.1,5,0.1,0.0713,program/MedMNISTMerge/result/bloodmnist(1).md
bloodmnist,small,vit_t,breadcrumbs,c7_b0,7,0.0,0.1692,program/MedMNISTMerge/result/bloodmnist(1).md
bloodmnist,small,vit_t,breadcrumbs,c7_b0.01,7,0.01,0.1584,program/MedMNISTMerge/result/bloodmnist(1).md
bloodmnist,small,vit_t,breadcrumbs,c7_b0.1,7,0.1,0.0623,program/MedMNISTMerge/result/bloodmnist(1).md
bloodmnist,small,vit_t,model_stock,c3_b0,3,0.0,0.1692,program/MedMNISTMerge/result/bloodmnist(1).md
bloodmnist,small,vit_t,model_stock,c3_b0.01,3,0.01,0.249,program/MedMNISTMerge/result/bloodmnist(1).md
bloodmnist,small,vit_t,model_stock,c3_b0.1,3,0.1,0.1637,program/MedMNISTMerge/result/bloodmnist(1).md
bloodmnist,small,vit_t,model_stock,c5_b0,5,0.0,0.078,program/MedMNISTMerge/result/bloodmnist(1).md
bloodmnist,small,vit_t,model_stock,c5_b0.01,5,0.01,0.071,program/MedMNISTMerge/result/bloodmnist(1).md
bloodmnist,small,vit_t,model_stock,c5_b0.1,5,0.1,0.1868,program/MedMNISTMerge/result/bloodmnist(1).md
bloodmnist,small,vit_t,model_stock,c7_b0,7,0.0,0.1742,program/MedMNISTMerge/result/bloodmnist(1).md
bloodmnist,small,vit_t,model_stock,c7_b0.01,7,0.01,0.083,program/MedMNISTMerge/result/bloodmnist(1).md
bloodmnist,small,vit_t,model_stock,c7_b0.1,7,0.1,0.083,program/MedMNISTMerge/result/bloodmnist(1).md
bloodmnist,small,vit_t,from,c3_b0,3,0.0,0.2207,program/MedMNISTMerge/result/bloodmnist(1).md
bloodmnist,small,vit_t,from,c3_b0.01,3,0.01,0.2227,program/MedMNISTMerge/result/bloodmnist(1).md
bloodmnist,small,vit_t,from,c3_b0.1,3,0.1,0.097,program/MedMNISTMerge/result/bloodmnist(1).md
bloodmnist,small,vit_t,from,c5_b0,5,0.0,0.0833,program/MedMNISTMerge/result/bloodmnist(1).md
bloodmnist,small,vit_t,from,c5_b0.01,5,0.01,0.071,program/MedMNISTMerge/result/bloodmnist(1).md
bloodmnist,small,vit_t,from,c5_b0.1,5,0.1,0.0801,program/MedMNISTMerge/result/bloodmnist(1).md
bloodmnist,small,vit_t,from,c7_b0,7,0.0,0.1692,program/MedMNISTMerge/result/bloodmnist(1).md
bloodmnist,small,vit_t,from,c7_b0.01,7,0.01,0.1692,program/MedMNISTMerge/result/bloodmnist(1).md
bloodmnist,small,vit_t,from,c7_b0.1,7,0.1,0.083,program/MedMNISTMerge/result/bloodmnist(1).md
bloodmnist,small,vit_t,iso_c,c3_b0,3,0.0,0.1494,program/MedMNISTMerge/result/bloodmnist(1).md
bloodmnist,small,vit_t,iso_c,c3_b0.01,3,0.01,0.0833,program/MedMNISTMerge/result/bloodmnist(1).md
bloodmnist,small,vit_t,iso_c,c3_b0.1,3,0.1,0.1374,program/MedMNISTMerge/result/bloodmnist(1).md
bloodmnist,small,vit_t,iso_c,c5_b0,5,0.0,0.0704,program/MedMNISTMerge/result/bloodmnist(1).md
bloodmnist,small,vit_t,iso_c,c5_b0.01,5,0.01,0.192,program/MedMNISTMerge/result/bloodmnist(1).md
bloodmnist,small,vit_t,iso_c,c5_b0.1,5,0.1,0.1824,program/MedMNISTMerge/result/bloodmnist(1).md
bloodmnist,small,vit_t,iso_c,c7_b0,7,0.0,0.1394,program/MedMNISTMerge/result/bloodmnist(1).md
bloodmnist,small,vit_t,iso_c,c7_b0.01,7,0.01,0.083,program/MedMNISTMerge/result/bloodmnist(1).md
bloodmnist,small,vit_t,iso_c,c7_b0.1,7,0.1,0.083,program/MedMNISTMerge/result/bloodmnist(1).md
bloodmnist,small,vit_t,free_merge,c3_b0,3,0.0,0.1692,program/MedMNISTMerge/result/bloodmnist(1).md
bloodmnist,small,vit_t,free_merge,c3_b0.01,3,0.01,0.2327,program/MedMNISTMerge/result/bloodmnist(1).md
bloodmnist,small,vit_t,free_merge,c3_b0.1,3,0.1,0.1947,program/MedMNISTMerge/result/bloodmnist(1).md
bloodmnist,small,vit_t,free_merge,c5_b0,5,0.0,0.071,program/MedMNISTMerge/result/bloodmnist(1).md
bloodmnist,small,vit_t,free_merge,c5_b0.01,5,0.01,0.1836,program/MedMNISTMerge/result/bloodmnist(1).md
bloodmnist,small,vit_t,free_merge,c5_b0.1,5,0.1,0.1824,program/MedMNISTMerge/result/bloodmnist(1).md
bloodmnist,small,vit_t,free_merge,c7_b0,7,0.0,0.1652,program/MedMNISTMerge/result/bloodmnist(1).md
bloodmnist,small,vit_t,free_merge,c7_b0.01,7,0.01,0.1695,program/MedMNISTMerge/result/bloodmnist(1).md
bloodmnist,small,vit_t,free_merge,c7_b0.1,7,0.1,0.083,program/MedMNISTMerge/result/bloodmnist(1).md
bloodmnist,small,vit_t,robustmerge,c3_b0,3,0.0,0.1692,program/MedMNISTMerge/result/bloodmnist(1).md
bloodmnist,small,vit_t,robustmerge,c3_b0.01,3,0.01,0.1374,program/MedMNISTMerge/result/bloodmnist(1).md
bloodmnist,small,vit_t,robustmerge,c3_b0.1,3,0.1,0.138,program/MedMNISTMerge/result/bloodmnist(1).md
bloodmnist,small,vit_t,robustmerge,c5_b0,5,0.0,0.1692,program/MedMNISTMerge/result/bloodmnist(1).md
bloodmnist,small,vit_t,robustmerge,c5_b0.01,5,0.01,0.0608,program/MedMNISTMerge/result/bloodmnist(1).md
bloodmnist,small,vit_t,robustmerge,c5_b0.1,5,0.1,0.0909,program/MedMNISTMerge/result/bloodmnist(1).md
bloodmnist,small,vit_t,robustmerge,c7_b0,7,0.0,0.1692,program/MedMNISTMerge/result/bloodmnist(1).md
bloodmnist,small,vit_t,robustmerge,c7_b0.01,7,0.01,0.0889,program/MedMNISTMerge/result/bloodmnist(1).md
bloodmnist,small,vit_t,robustmerge,c7_b0.1,7,0.1,0.1692,program/MedMNISTMerge/result/bloodmnist(1).md
bloodmnist,small,swin_tiny,avg,c3_b0,3,0.0,0.1947,program/MedMNISTMerge/result/bloodmnist(1).md
bloodmnist,small,swin_tiny,avg,c3_b0.01,3,0.01,0.1374,program/MedMNISTMerge/result/bloodmnist(1).md
bloodmnist,small,swin_tiny,avg,c3_b0.1,3,0.1,0.1374,program/MedMNISTMerge/result/bloodmnist(1).md
bloodmnist,small,swin_tiny,avg,c5_b0,5,0.0,0.0912,program/MedMNISTMerge/result/bloodmnist(1).md
bloodmnist,small,swin_tiny,avg,c5_b0.01,5,0.01,0.1932,program/MedMNISTMerge/result/bloodmnist(1).md
bloodmnist,small,swin_tiny,avg,c5_b0.1,5,0.1,0.0713,program/MedMNISTMerge/result/bloodmnist(1).md
bloodmnist,small,swin_tiny,avg,c7_b0,7,0.0,0.1824,program/MedMNISTMerge/result/bloodmnist(1).md
bloodmnist,small,swin_tiny,avg,c7_b0.01,7,0.01,0.1374,program/MedMNISTMerge/result/bloodmnist(1).md
bloodmnist,small,swin_tiny,avg,c7_b0.1,7,0.1,0.1374,program/MedMNISTMerge/result/bloodmnist(1).md
bloodmnist,small,swin_tiny,ties,c3_b0,3,0.0,0.0713,program/MedMNISTMerge/result/bloodmnist(1).md
bloodmnist,small,swin_tiny,ties,c3_b0.01,3,0.01,0.083,program/MedMNISTMerge/result/bloodmnist(1).md
bloodmnist,small,swin_tiny,ties,c3_b0.1,3,0.1,0.1374,program/MedMNISTMerge/result/bloodmnist(1).md
bloodmnist,small,swin_tiny,ties,c5_b0,5,0.0,0.0909,program/MedMNISTMerge/result/bloodmnist(1).md
bloodmnist,small,swin_tiny,ties,c5_b0.01,5,0.01,0.1947,program/MedMNISTMerge/result/bloodmnist(1).md
bloodmnist,small,swin_tiny,ties,c5_b0.1,5,0.1,0.0713,program/MedMNISTMerge/result/bloodmnist(1).md
bloodmnist,small,swin_tiny,ties,c7_b0,7,0.0,0.083,program/MedMNISTMerge/result/bloodmnist(1).md
bloodmnist,small,swin_tiny,ties,c7_b0.01,7,0.01,0.1947,program/MedMNISTMerge/result/bloodmnist(1).md
bloodmnist,small,swin_tiny,ties,c7_b0.1,7,0.1,0.1374,program/MedMNISTMerge/result/bloodmnist(1).md
bloodmnist,small,swin_tiny,dare_linear,c3_b0,3,0.0,0.1947,program/MedMNISTMerge/result/bloodmnist(1).md
bloodmnist,small,swin_tiny,dare_linear,c3_b0.01,3,0.01,0.1374,program/MedMNISTMerge/result/bloodmnist(1).md
bloodmnist,small,swin_tiny,dare_linear,c3_b0.1,3,0.1,0.1374,program/MedMNISTMerge/result/bloodmnist(1).md
bloodmnist,small,swin_tiny,dare_linear,c5_b0,5,0.0,0.0921,program/MedMNISTMerge/result/bloodmnist(1).md
bloodmnist,small,swin_tiny,dare_linear,c5_b0.01,5,0.01,0.185,program/MedMNISTMerge/result/bloodmnist(1).md
bloodmnist,small,swin_tiny,dare_linear,c5_b0.1,5,0.1,0.0713,program/MedMNISTMerge/result/bloodmnist(1).md
bloodmnist,small,swin_tiny,dare_linear,c7_b0,7,0.0,0.2154,program/MedMNISTMerge/result/bloodmnist(1).md
bloodmnist,small,swin_tiny,dare_linear,c7_b0.01,7,0.01,0.1947,program/MedMNISTMerge/result/bloodmnist(1).md
bloodmnist,small,swin_tiny,dare_linear,c7_b0.1,7,0.1,0.1374,program/MedMNISTMerge/result/bloodmnist(1).md
bloodmnist,small,swin_tiny,dare_ties,c3_b0,3,0.0,0.1947,program/MedMNISTMerge/result/bloodmnist(1).md
bloodmnist,small,swin_tiny,dare_ties,c3_b0.01,3,0.01,0.083,program/MedMNISTMerge/result/bloodmnist(1).md
bloodmnist,small,swin_tiny,dare_ties,c3_b0.1,3,0.1,0.1374,program/MedMNISTMerge/result/bloodmnist(1).md
bloodmnist,small,swin_tiny,dare_ties,c5_b0,5,0.0,0.071,program/MedMNISTMerge/result/bloodmnist(1).md
bloodmnist,small,swin_tiny,dare_ties,c5_b0.01,5,0.01,0.1947,program/MedMNISTMerge/result/bloodmnist(1).md
bloodmnist,small,swin_tiny,dare_ties,c5_b0.1,5,0.1,0.083,program/MedMNISTMerge/result/bloodmnist(1).md
bloodmnist,small,swin_tiny,dare_ties,c7_b0,7,0.0,0.083,program/MedMNISTMerge/result/bloodmnist(1).md
bloodmnist,small,swin_tiny,dare_ties,c7_b0.01,7,0.01,0.1947,program/MedMNISTMerge/result/bloodmnist(1).md
bloodmnist,small,swin_tiny,dare_ties,c7_b0.1,7,0.1,0.1374,program/MedMNISTMerge/result/bloodmnist(1).md
bloodmnist,small,swin_tiny,regmean,c3_b0,3,0.0,0.1374,program/MedMNISTMerge/result/bloodmnist(1).md
bloodmnist,small,swin_tiny,regmean,c3_b0.01,3,0.01,0.1374,program/MedMNISTMerge/result/bloodmnist(1).md
bloodmnist,small,swin_tiny,regmean,c3_b0.1,3,0.1,0.1374,program/MedMNISTMerge/result/bloodmnist(1).md
bloodmnist,small,swin_tiny,regmean,c5_b0,5,0.0,0.1824,program/MedMNISTMerge/result/bloodmnist(1).md
bloodmnist,small,swin_tiny,regmean,c5_b0.01,5,0.01,0.1947,program/MedMNISTMerge/result/bloodmnist(1).md
bloodmnist,small,swin_tiny,regmean,c5_b0.1,5,0.1,0.1374,program/MedMNISTMerge/result/bloodmnist(1).md
bloodmnist,small,swin_tiny,regmean,c7_b0,7,0.0,0.1412,program/MedMNISTMerge/result/bloodmnist(1).md
bloodmnist,small,swin_tiny,regmean,c7_b0.01,7,0.01,0.1947,program/MedMNISTMerge/result/bloodmnist(1).md
bloodmnist,small,swin_tiny,regmean,c7_b0.1,7,0.1,0.1374,program/MedMNISTMerge/result/bloodmnist(1).md
bloodmnist,small,swin_tiny,fisher,c3_b0,3,0.0,0.1374,program/MedMNISTMerge/result/bloodmnist(1).md
bloodmnist,small,swin_tiny,fisher,c3_b0.01,3,0.01,0.2151,program/MedMNISTMerge/result/bloodmnist(1).md
bloodmnist,small,swin_tiny,fisher,c3_b0.1,3,0.1,0.1374,program/MedMNISTMerge/result/bloodmnist(1).md
bloodmnist,small,swin_tiny,fisher,c5_b0,5,0.0,0.1374,program/MedMNISTMerge/result/bloodmnist(1).md
bloodmnist,small,swin_tiny,fisher,c5_b0.01,5,0.01,0.1947,program/MedMNISTMerge/result/bloodmnist(1).md
bloodmnist,small,swin_tiny,fisher,c5_b0.1,5,0.1,0.1947,program/MedMNISTMerge/result/bloodmnist(1).md
bloodmnist,small,swin_tiny,fisher,c7_b0,7,0.0,0.1374,program/MedMNISTMerge/result/bloodmnist(1).md
bloodmnist,small,swin_tiny,fisher,c7_b0.01,7,0.01,0.1947,program/MedMNISTMerge/result/bloodmnist(1).md
bloodmnist,small,swin_tiny,fisher,c7_b0.1,7,0.1,0.1374,program/MedMNISTMerge/result/bloodmnist(1).md
bloodmnist,small,swin_tiny,breadcrumbs,c3_b0,3,0.0,0.1751,program/MedMNISTMerge/result/bloodmnist(1).md
bloodmnist,small,swin_tiny,breadcrumbs,c3_b0.01,3,0.01,0.1374,program/MedMNISTMerge/result/bloodmnist(1).md
bloodmnist,small,swin_tiny,breadcrumbs,c3_b0.1,3,0.1,0.1374,program/MedMNISTMerge/result/bloodmnist(1).md
bloodmnist,small,swin_tiny,breadcrumbs,c5_b0,5,0.0,0.1692,program/MedMNISTMerge/result/bloodmnist(1).md
bloodmnist,small,swin_tiny,breadcrumbs,c5_b0.01,5,0.01,0.1692,program/MedMNISTMerge/result/bloodmnist(1).md
bloodmnist,small,swin_tiny,breadcrumbs,c5_b0.1,5,0.1,0.071,program/MedMNISTMerge/result/bloodmnist(1).md
bloodmnist,small,swin_tiny,breadcrumbs,c7_b0,7,0.0,0.1692,program/MedMNISTMerge/result/bloodmnist(1).md
bloodmnist,small,swin_tiny,breadcrumbs,c7_b0.01,7,0.01,0.083,program/MedMNISTMerge/result/bloodmnist(1).md
bloodmnist,small,swin_tiny,breadcrumbs,c7_b0.1,7,0.1,0.2087,program/MedMNISTMerge/result/bloodmnist(1).md
bloodmnist,small,swin_tiny,model_stock,c3_b0,3,0.0,0.1374,program/MedMNISTMerge/result/bloodmnist(1).md
bloodmnist,small,swin_tiny,model_stock,c3_b0.01,3,0.01,0.1374,program/MedMNISTMerge/result/bloodmnist(1).md
bloodmnist,small,swin_tiny,model_stock,c3_b0.1,3,0.1,0.1374,program/MedMNISTMerge/result/bloodmnist(1).md
bloodmnist,small,swin_tiny,model_stock,c5_b0,5,0.0,0.1915,program/MedMNISTMerge/result/bloodmnist(1).md
bloodmnist,small,swin_tiny,model_stock,c5_b0.01,5,0.01,0.1692,program/MedMNISTMerge/result/bloodmnist(1).md
bloodmnist,small,swin_tiny,model_stock,c5_b0.1,5,0.1,0.0713,program/MedMNISTMerge/result/bloodmnist(1).md
bloodmnist,small,swin_tiny,model_stock,c7_b0,7,0.0,0.1824,program/MedMNISTMerge/result/bloodmnist(1).md
bloodmnist,small,swin_tiny,model_stock,c7_b0.01,7,0.01,0.1947,program/MedMNISTMerge/result/bloodmnist(1).md
bloodmnist,small,swin_tiny,model_stock,c7_b0.1,7,0.1,0.1374,program/MedMNISTMerge/result/bloodmnist(1).md
bloodmnist,small,swin_tiny,from,c3_b0,3,0.0,0.1947,program/MedMNISTMerge/result/bloodmnist(1).md
bloodmnist,small,swin_tiny,from,c3_b0.01,3,0.01,0.1374,program/MedMNISTMerge/result/bloodmnist(1).md
bloodmnist,small,swin_tiny,from,c3_b0.1,3,0.1,0.1374,program/MedMNISTMerge/result/bloodmnist(1).md
bloodmnist,small,swin_tiny,from,c5_b0,5,0.0,0.1824,program/MedMNISTMerge/result/bloodmnist(1).md
bloodmnist,small,swin_tiny,from,c5_b0.01,5,0.01,0.1947,program/MedMNISTMerge/result/bloodmnist(1).md
bloodmnist,small,swin_tiny,from,c5_b0.1,5,0.1,0.0713,program/MedMNISTMerge/result/bloodmnist(1).md
bloodmnist,small,swin_tiny,from,c7_b0,7,0.0,0.1692,program/MedMNISTMerge/result/bloodmnist(1).md
bloodmnist,small,swin_tiny,from,c7_b0.01,7,0.01,0.1947,program/MedMNISTMerge/result/bloodmnist(1).md
bloodmnist,small,swin_tiny,from,c7_b0.1,7,0.1,0.1374,program/MedMNISTMerge/result/bloodmnist(1).md
bloodmnist,small,swin_tiny,iso_c,c3_b0,3,0.0,0.1947,program/MedMNISTMerge/result/bloodmnist(1).md
bloodmnist,small,swin_tiny,iso_c,c3_b0.01,3,0.01,0.2257,program/MedMNISTMerge/result/bloodmnist(1).md
bloodmnist,small,swin_tiny,iso_c,c3_b0.1,3,0.1,0.0088,program/MedMNISTMerge/result/bloodmnist(1).md
bloodmnist,small,swin_tiny,iso_c,c5_b0,5,0.0,0.093,program/MedMNISTMerge/result/bloodmnist(1).md
bloodmnist,small,swin_tiny,iso_c,c5_b0.01,5,0.01,0.2046,program/MedMNISTMerge/result/bloodmnist(1).md
bloodmnist,small,swin_tiny,iso_c,c5_b0.1,5,0.1,0.2189,program/MedMNISTMerge/result/bloodmnist(1).md
bloodmnist,small,swin_tiny,iso_c,c7_b0,7,0.0,0.2026,program/MedMNISTMerge/result/bloodmnist(1).md
bloodmnist,small,swin_tiny,iso_c,c7_b0.01,7,0.01,0.1675,program/MedMNISTMerge/result/bloodmnist(1).md
bloodmnist,small,swin_tiny,iso_c,c7_b0.1,7,0.1,0.14,program/MedMNISTMerge/result/bloodmnist(1).md
bloodmnist,small,swin_tiny,free_merge,c3_b0,3,0.0,0.0713,program/MedMNISTMerge/result/bloodmnist(1).md
bloodmnist,small,swin_tiny,free_merge,c3_b0.01,3,0.01,0.1374,program/MedMNISTMerge/result/bloodmnist(1).md
bloodmnist,small,swin_tiny,free_merge,c3_b0.1,3,0.1,0.1374,program/MedMNISTMerge/result/bloodmnist(1).md
bloodmnist,small,swin_tiny,free_merge,c5_b0,5,0.0,0.0894,program/MedMNISTMerge/result/bloodmnist(1).md
bloodmnist,small,swin_tiny,free_merge,c5_b0.01,5,0.01,0.0976,program/MedMNISTMerge/result/bloodmnist(1).md
bloodmnist,small,swin_tiny,free_merge,c5_b0.1,5,0.1,0.0713,program/MedMNISTMerge/result/bloodmnist(1).md
bloodmnist,small,swin_tiny,free_merge,c7_b0,7,0.0,0.0833,program/MedMNISTMerge/result/bloodmnist(1).md
bloodmnist,small,swin_tiny,free_merge,c7_b0.01,7,0.01,0.3312,program/MedMNISTMerge/result/bloodmnist(1).md
bloodmnist,small,swin_tiny,free_merge,c7_b0.1,7,0.1,0.1374,program/MedMNISTMerge/result/bloodmnist(1).md
bloodmnist,small,swin_tiny,robustmerge,c3_b0,3,0.0,0.1374,program/MedMNISTMerge/result/bloodmnist(1).md
bloodmnist,small,swin_tiny,robustmerge,c3_b0.01,3,0.01,0.1374,program/MedMNISTMerge/result/bloodmnist(1).md
bloodmnist,small,swin_tiny,robustmerge,c3_b0.1,3,0.1,0.1374,program/MedMNISTMerge/result/bloodmnist(1).md
bloodmnist,small,swin_tiny,robustmerge,c5_b0,5,0.0,0.1824,program/MedMNISTMerge/result/bloodmnist(1).md
bloodmnist,small,swin_tiny,robustmerge,c5_b0.01,5,0.01,0.1692,program/MedMNISTMerge/result/bloodmnist(1).md
bloodmnist,small,swin_tiny,robustmerge,c5_b0.1,5,0.1,0.071,program/MedMNISTMerge/result/bloodmnist(1).md
bloodmnist,small,swin_tiny,robustmerge,c7_b0,7,0.0,0.169,program/MedMNISTMerge/result/bloodmnist(1).md
bloodmnist,small,swin_tiny,robustmerge,c7_b0.01,7,0.01,0.1947,program/MedMNISTMerge/result/bloodmnist(1).md
bloodmnist,small,swin_tiny,robustmerge,c7_b0.1,7,0.1,0.1374,program/MedMNISTMerge/result/bloodmnist(1).md
bloodmnist,small,densenet,avg,c3_b0,3,0.0,0.2821,program/MedMNISTMerge/result/bloodmnist(1).md
bloodmnist,small,densenet,avg,c3_b0.01,3,0.01,0.2499,program/MedMNISTMerge/result/bloodmnist(1).md
bloodmnist,small,densenet,avg,c3_b0.1,3,0.1,0.2175,program/MedMNISTMerge/result/bloodmnist(1).md
bloodmnist,small,densenet,avg,c5_b0,5,0.0,0.2116,program/MedMNISTMerge/result/bloodmnist(1).md
bloodmnist,small,densenet,avg,c5_b0.01,5,0.01,0.0874,program/MedMNISTMerge/result/bloodmnist(1).md
bloodmnist,small,densenet,avg,c5_b0.1,5,0.1,0.1374,program/MedMNISTMerge/result/bloodmnist(1).md
bloodmnist,small,densenet,avg,c7_b0,7,0.0,0.1339,program/MedMNISTMerge/result/bloodmnist(1).md
bloodmnist,small,densenet,avg,c7_b0.01,7,0.01,0.0833,program/MedMNISTMerge/result/bloodmnist(1).md
bloodmnist,small,densenet,avg,c7_b0.1,7,0.1,0.1374,program/MedMNISTMerge/result/bloodmnist(1).md
bloodmnist,small,densenet,ties,c3_b0,3,0.0,0.1967,program/MedMNISTMerge/result/bloodmnist(1).md
bloodmnist,small,densenet,ties,c3_b0.01,3,0.01,0.209,program/MedMNISTMerge/result/bloodmnist(1).md
bloodmnist,small,densenet,ties,c3_b0.1,3,0.1,0.1929,program/MedMNISTMerge/result/bloodmnist(1).md
bloodmnist,small,densenet,ties,c5_b0,5,0.0,0.1467,program/MedMNISTMerge/result/bloodmnist(1).md
bloodmnist,small,densenet,ties,c5_b0.01,5,0.01,0.1991,program/MedMNISTMerge/result/bloodmnist(1).md
bloodmnist,small,densenet,ties,c5_b0.1,5,0.1,0.4095,program/MedMNISTMerge/result/bloodmnist(1).md
bloodmnist,small,densenet,ties,c7_b0,7,0.0,0.1915,program/MedMNISTMerge/result/bloodmnist(1).md
bloodmnist,small,densenet,ties,c7_b0.01,7,0.01,0.321,program/MedMNISTMerge/result/bloodmnist(1).md
bloodmnist,small,densenet,ties,c7_b0.1,7,0.1,0.1812,program/MedMNISTMerge/result/bloodmnist(1).md
bloodmnist,small,densenet,dare_linear,c3_b0,3,0.0,0.1961,program/MedMNISTMerge/result/bloodmnist(1).md
bloodmnist,small,densenet,dare_linear,c3_b0.01,3,0.01,0.1353,program/MedMNISTMerge/result/bloodmnist(1).md
bloodmnist,small,densenet,dare_linear,c3_b0.1,3,0.1,0.2181,program/MedMNISTMerge/result/bloodmnist(1).md
bloodmnist,small,densenet,dare_linear,c5_b0,5,0.0,0.097,program/MedMNISTMerge/result/bloodmnist(1).md
bloodmnist,small,densenet,dare_linear,c5_b0.01,5,0.01,0.0906,program/MedMNISTMerge/result/bloodmnist(1).md
bloodmnist,small,densenet,dare_linear,c5_b0.1,5,0.1,0.0909,program/MedMNISTMerge/result/bloodmnist(1).md
bloodmnist,small,densenet,dare_linear,c7_b0,7,0.0,0.1207,program/MedMNISTMerge/result/bloodmnist(1).md
bloodmnist,small,densenet,dare_linear,c7_b0.01,7,0.01,0.1991,program/MedMNISTMerge/result/bloodmnist(1).md
bloodmnist,small,densenet,dare_linear,c7_b0.1,7,0.1,0.1374,program/MedMNISTMerge/result/bloodmnist(1).md
bloodmnist,small,densenet,dare_ties,c3_b0,3,0.0,0.3148,program/MedMNISTMerge/result/bloodmnist(1).md
bloodmnist,small,densenet,dare_ties,c3_b0.01,3,0.01,0.1839,program/MedMNISTMerge/result/bloodmnist(1).md
bloodmnist,small,densenet,dare_ties,c3_b0.1,3,0.1,0.0713,program/MedMNISTMerge/result/bloodmnist(1).md
bloodmnist,small,densenet,dare_ties,c5_b0,5,0.0,0.083,program/MedMNISTMerge/result/bloodmnist(1).md
bloodmnist,small,densenet,dare_ties,c5_b0.01,5,0.01,0.0795,program/MedMNISTMerge/result/bloodmnist(1).md
bloodmnist,small,densenet,dare_ties,c5_b0.1,5,0.1,0.2043,program/MedMNISTMerge/result/bloodmnist(1).md
bloodmnist,small,densenet,dare_ties,c7_b0,7,0.0,0.1371,program/MedMNISTMerge/result/bloodmnist(1).md
bloodmnist,small,densenet,dare_ties,c7_b0.01,7,0.01,0.1947,program/MedMNISTMerge/result/bloodmnist(1).md
bloodmnist,small,densenet,dare_ties,c7_b0.1,7,0.1,0.1815,program/MedMNISTMerge/result/bloodmnist(1).md
bloodmnist,small,densenet,regmean,c3_b0,3,0.0,0.3271,program/MedMNISTMerge/result/bloodmnist(1).md
bloodmnist,small,densenet,regmean,c3_b0.01,3,0.01,0.1871,program/MedMNISTMerge/result/bloodmnist(1).md
bloodmnist,small,densenet,regmean,c3_b0.1,3,0.1,0.0839,program/MedMNISTMerge/result/bloodmnist(1).md
bloodmnist,small,densenet,regmean,c5_b0,5,0.0,0.1961,program/MedMNISTMerge/result/bloodmnist(1).md
bloodmnist,small,densenet,regmean,c5_b0.01,5,0.01,0.1108,program/MedMNISTMerge/result/bloodmnist(1).md
bloodmnist,small,densenet,regmean,c5_b0.1,5,0.1,0.0909,program/MedMNISTMerge/result/bloodmnist(1).md
bloodmnist,small,densenet,regmean,c7_b0,7,0.0,0.1944,program/MedMNISTMerge/result/bloodmnist(1).md
bloodmnist,small,densenet,regmean,c7_b0.01,7,0.01,0.1947,program/MedMNISTMerge/result/bloodmnist(1).md
bloodmnist,small,densenet,regmean,c7_b0.1,7,0.1,0.1374,program/MedMNISTMerge/result/bloodmnist(1).md
bloodmnist,small,densenet,fisher,c3_b0,3,0.0,0.1947,program/MedMNISTMerge/result/bloodmnist(1).md
bloodmnist,small,densenet,fisher,c3_b0.01,3,0.01,0.2818,program/MedMNISTMerge/result/bloodmnist(1).md
bloodmnist,small,densenet,fisher,c3_b0.1,3,0.1,0.0865,program/MedMNISTMerge/result/bloodmnist(1).md
bloodmnist,small,densenet,fisher,c5_b0,5,0.0,0.0988,program/MedMNISTMerge/result/bloodmnist(1).md
bloodmnist,small,densenet,fisher,c5_b0.01,5,0.01,0.1046,program/MedMNISTMerge/result/bloodmnist(1).md
bloodmnist,small,densenet,fisher,c5_b0.1,5,0.1,0.1374,program/MedMNISTMerge/result/bloodmnist(1).md
bloodmnist,small,densenet,fisher,c7_b0,7,0.0,0.169,program/MedMNISTMerge/result/bloodmnist(1).md
bloodmnist,small,densenet,fisher,c7_b0.01,7,0.01,0.2078,program/MedMNISTMerge/result/bloodmnist(1).md
bloodmnist,small,densenet,fisher,c7_b0.1,7,0.1,0.2938,program/MedMNISTMerge/result/bloodmnist(1).md
bloodmnist,small,densenet,breadcrumbs,c3_b0,3,0.0,0.071,program/MedMNISTMerge/result/bloodmnist(1).md
bloodmnist,small,densenet,breadcrumbs,c3_b0.01,3,0.01,0.1374,program/MedMNISTMerge/result/bloodmnist(1).md
bloodmnist,small,densenet,breadcrumbs,c3_b0.1,3,0.1,0.1824,program/MedMNISTMerge/result/bloodmnist(1).md
bloodmnist,small,densenet,breadcrumbs,c5_b0,5,0.0,0.0658,program/MedMNISTMerge/result/bloodmnist(1).md
bloodmnist,small,densenet,breadcrumbs,c5_b0.01,5,0.01,0.1728,program/MedMNISTMerge/result/bloodmnist(1).md
bloodmnist,small,densenet,breadcrumbs,c5_b0.1,5,0.1,0.071,program/MedMNISTMerge/result/bloodmnist(1).md
bloodmnist,small,densenet,breadcrumbs,c7_b0,7,0.0,0.0713,program/MedMNISTMerge/result/bloodmnist(1).md
bloodmnist,small,densenet,breadcrumbs,c7_b0.01,7,0.01,0.0874,program/MedMNISTMerge/result/bloodmnist(1).md
bloodmnist,small,densenet,breadcrumbs,c7_b0.1,7,0.1,0.1692,program/MedMNISTMerge/result/bloodmnist(1).md
bloodmnist,small,densenet,model_stock,c3_b0,3,0.0,0.2485,program/MedMNISTMerge/result/bloodmnist(1).md
bloodmnist,small,densenet,model_stock,c3_b0.01,3,0.01,0.1421,program/MedMNISTMerge/result/bloodmnist(1).md
bloodmnist,small,densenet,model_stock,c3_b0.1,3,0.1,0.2108,program/MedMNISTMerge/result/bloodmnist(1).md
bloodmnist,small,densenet,model_stock,c5_b0,5,0.0,0.2137,program/MedMNISTMerge/result/bloodmnist(1).md
bloodmnist,small,densenet,model_stock,c5_b0.01,5,0.01,0.1269,program/MedMNISTMerge/result/bloodmnist(1).md
bloodmnist,small,densenet,model_stock,c5_b0.1,5,0.1,0.1374,program/MedMNISTMerge/result/bloodmnist(1).md
bloodmnist,small,densenet,model_stock,c7_b0,7,0.0,0.0783,program/MedMNISTMerge/result/bloodmnist(1).md
bloodmnist,small,densenet,model_stock,c7_b0.01,7,0.01,0.1356,program/MedMNISTMerge/result/bloodmnist(1).md
bloodmnist,small,densenet,model_stock,c7_b0.1,7,0.1,0.0906,program/MedMNISTMerge/result/bloodmnist(1).md
bloodmnist,small,densenet,from,c3_b0,3,0.0,0.2827,program/MedMNISTMerge/result/bloodmnist(1).md
bloodmnist,small,densenet,from,c3_b0.01,3,0.01,0.1374,program/MedMNISTMerge/result/bloodmnist(1).md
bloodmnist,small,densenet,from,c3_b0.1,3,0.1,0.2075,program/MedMNISTMerge/result/bloodmnist(1).md
bloodmnist,small,densenet,from,c5_b0,5,0.0,0.266,program/MedMNISTMerge/result/bloodmnist(1).md
bloodmnist,small,densenet,from,c5_b0.01,5,0.01,0.1459,program/MedMNISTMerge/result/bloodmnist(1).md
bloodmnist,small,densenet,from,c5_b0.1,5,0.1,0.1374,program/MedMNISTMerge/result/bloodmnist(1).md
bloodmnist,small,densenet,from,c7_b0,7,0.0,0.0912,program/MedMNISTMerge/result/bloodmnist(1).md
bloodmnist,small,densenet,from,c7_b0.01,7,0.01,0.0833,program/MedMNISTMerge/result/bloodmnist(1).md
bloodmnist,small,densenet,from,c7_b0.1,7,0.1,0.1374,program/MedMNISTMerge/result/bloodmnist(1).md
bloodmnist,small,densenet,iso_c,c3_b0,3,0.0,0.2643,program/MedMNISTMerge/result/bloodmnist(1).md
bloodmnist,small,densenet,iso_c,c3_b0.01,3,0.01,0.2654,program/MedMNISTMerge/result/bloodmnist(1).md
bloodmnist,small,densenet,iso_c,c3_b0.1,3,0.1,0.2178,program/MedMNISTMerge/result/bloodmnist(1).md
bloodmnist,small,densenet,iso_c,c5_b0,5,0.0,0.2181,program/MedMNISTMerge/result/bloodmnist(1).md
bloodmnist,small,densenet,iso_c,c5_b0.01,5,0.01,0.1149,program/MedMNISTMerge/result/bloodmnist(1).md
bloodmnist,small,densenet,iso_c,c5_b0.1,5,0.1,0.1374,program/MedMNISTMerge/result/bloodmnist(1).md
bloodmnist,small,densenet,iso_c,c7_b0,7,0.0,0.1692,program/MedMNISTMerge/result/bloodmnist(1).md
bloodmnist,small,densenet,iso_c,c7_b0.01,7,0.01,0.083,program/MedMNISTMerge/result/bloodmnist(1).md
bloodmnist,small,densenet,iso_c,c7_b0.1,7,0.1,0.1374,program/MedMNISTMerge/result/bloodmnist(1).md
bloodmnist,small,densenet,free_merge,c3_b0,3,0.0,0.2824,program/MedMNISTMerge/result/bloodmnist(1).md
bloodmnist,small,densenet,free_merge,c3_b0.01,3,0.01,0.2502,program/MedMNISTMerge/result/bloodmnist(1).md
bloodmnist,small,densenet,free_merge,c3_b0.1,3,0.1,0.2175,program/MedMNISTMerge/result/bloodmnist(1).md
bloodmnist,small,densenet,free_merge,c5_b0,5,0.0,0.2116,program/MedMNISTMerge/result/bloodmnist(1).md
bloodmnist,small,densenet,free_merge,c5_b0.01,5,0.01,0.0874,program/MedMNISTMerge/result/bloodmnist(1).md
bloodmnist,small,densenet,free_merge,c5_b0.1,5,0.1,0.1374,program/MedMNISTMerge/result/bloodmnist(1).md
bloodmnist,small,densenet,free_merge,c7_b0,7,0.0,0.1339,program/MedMNISTMerge/result/bloodmnist(1).md
bloodmnist,small,densenet,free_merge,c7_b0.01,7,0.01,0.0833,program/MedMNISTMerge/result/bloodmnist(1).md
bloodmnist,small,densenet,free_merge,c7_b0.1,7,0.1,0.1374,program/MedMNISTMerge/result/bloodmnist(1).md
bloodmnist,small,densenet,robustmerge,c3_b0,3,0.0,0.2797,program/MedMNISTMerge/result/bloodmnist(1).md
bloodmnist,small,densenet,robustmerge,c3_b0.01,3,0.01,0.1374,program/MedMNISTMerge/result/bloodmnist(1).md
bloodmnist,small,densenet,robustmerge,c3_b0.1,3,0.1,0.2546,program/MedMNISTMerge/result/bloodmnist(1).md
bloodmnist,small,densenet,robustmerge,c5_b0,5,0.0,0.2371,program/MedMNISTMerge/result/bloodmnist(1).md
bloodmnist,small,densenet,robustmerge,c5_b0.01,5,0.01,0.1748,program/MedMNISTMerge/result/bloodmnist(1).md
bloodmnist,small,densenet,robustmerge,c5_b0.1,5,0.1,0.1374,program/MedMNISTMerge/result/bloodmnist(1).md
bloodmnist,small,densenet,robustmerge,c7_b0,7,0.0,0.1824,program/MedMNISTMerge/result/bloodmnist(1).md
bloodmnist,small,densenet,robustmerge,c7_b0.01,7,0.01,0.1374,program/MedMNISTMerge/result/bloodmnist(1).md
bloodmnist,small,densenet,robustmerge,c7_b0.1,7,0.1,0.1374,program/MedMNISTMerge/result/bloodmnist(1).md
bloodmnist,small,efficientnet,avg,c3_b0,3,0.0,0.1871,program/MedMNISTMerge/result/bloodmnist(1).md
bloodmnist,small,efficientnet,avg,c3_b0.01,3,0.01,0.1745,program/MedMNISTMerge/result/bloodmnist(1).md
bloodmnist,small,efficientnet,avg,c3_b0.1,3,0.1,0.0821,program/MedMNISTMerge/result/bloodmnist(1).md
bloodmnist,small,efficientnet,avg,c5_b0,5,0.0,0.2061,program/MedMNISTMerge/result/bloodmnist(1).md
bloodmnist,small,efficientnet,avg,c5_b0.01,5,0.01,0.071,program/MedMNISTMerge/result/bloodmnist(1).md
bloodmnist,small,efficientnet,avg,c5_b0.1,5,0.1,0.1824,program/MedMNISTMerge/result/bloodmnist(1).md
bloodmnist,small,efficientnet,avg,c7_b0,7,0.0,0.0886,program/MedMNISTMerge/result/bloodmnist(1).md
bloodmnist,small,efficientnet,avg,c7_b0.01,7,0.01,0.0719,program/MedMNISTMerge/result/bloodmnist(1).md
bloodmnist,small,efficientnet,avg,c7_b0.1,7,0.1,0.0713,program/MedMNISTMerge/result/bloodmnist(1).md
bloodmnist,small,efficientnet,ties,c3_b0,3,0.0,0.2002,program/MedMNISTMerge/result/bloodmnist(1).md
bloodmnist,small,efficientnet,ties,c3_b0.01,3,0.01,0.2213,program/MedMNISTMerge/result/bloodmnist(1).md
bloodmnist,small,efficientnet,ties,c3_b0.1,3,0.1,0.1801,program/MedMNISTMerge/result/bloodmnist(1).md
bloodmnist,small,efficientnet,ties,c5_b0,5,0.0,0.1824,program/MedMNISTMerge/result/bloodmnist(1).md
bloodmnist,small,efficientnet,ties,c5_b0.01,5,0.01,0.1356,program/MedMNISTMerge/result/bloodmnist(1).md
bloodmnist,small,efficientnet,ties,c5_b0.1,5,0.1,0.071,program/MedMNISTMerge/result/bloodmnist(1).md
bloodmnist,small,efficientnet,ties,c7_b0,7,0.0,0.1695,program/MedMNISTMerge/result/bloodmnist(1).md
bloodmnist,small,efficientnet,ties,c7_b0.01,7,0.01,0.1657,program/MedMNISTMerge/result/bloodmnist(1).md
bloodmnist,small,efficientnet,ties,c7_b0.1,7,0.1,0.2941,program/MedMNISTMerge/result/bloodmnist(1).md
bloodmnist,small,efficientnet,dare_linear,c3_b0,3,0.0,0.2084,program/MedMNISTMerge/result/bloodmnist(1).md
bloodmnist,small,efficientnet,dare_linear,c3_b0.01,3,0.01,0.2037,program/MedMNISTMerge/result/bloodmnist(1).md
bloodmnist,small,efficientnet,dare_linear,c3_b0.1,3,0.1,0.1692,program/MedMNISTMerge/result/bloodmnist(1).md
bloodmnist,small,efficientnet,dare_linear,c5_b0,5,0.0,0.2327,program/MedMNISTMerge/result/bloodmnist(1).md
bloodmnist,small,efficientnet,dare_linear,c5_b0.01,5,0.01,0.1824,program/MedMNISTMerge/result/bloodmnist(1).md
bloodmnist,small,efficientnet,dare_linear,c5_b0.1,5,0.1,0.1824,program/MedMNISTMerge/result/bloodmnist(1).md
bloodmnist,small,efficientnet,dare_linear,c7_b0,7,0.0,0.1576,program/MedMNISTMerge/result/bloodmnist(1).md
bloodmnist,small,efficientnet,dare_linear,c7_b0.01,7,0.01,0.1333,program/MedMNISTMerge/result/bloodmnist(1).md
bloodmnist,small,efficientnet,dare_linear,c7_b0.1,7,0.1,0.1824,program/MedMNISTMerge/result/bloodmnist(1).md
bloodmnist,small,efficientnet,dare_ties,c3_b0,3,0.0,0.1444,program/MedMNISTMerge/result/bloodmnist(1).md
bloodmnist,small,efficientnet,dare_ties,c3_b0.01,3,0.01,0.2327,program/MedMNISTMerge/result/bloodmnist(1).md
bloodmnist,small,efficientnet,dare_ties,c3_b0.1,3,0.1,0.1681,program/MedMNISTMerge/result/bloodmnist(1).md
bloodmnist,small,efficientnet,dare_ties,c5_b0,5,0.0,0.1812,program/MedMNISTMerge/result/bloodmnist(1).md
bloodmnist,small,efficientnet,dare_ties,c5_b0.01,5,0.01,0.0965,program/MedMNISTMerge/result/bloodmnist(1).md
bloodmnist,small,efficientnet,dare_ties,c5_b0.1,5,0.1,0.0664,program/MedMNISTMerge/result/bloodmnist(1).md
bloodmnist,small,efficientnet,dare_ties,c7_b0,7,0.0,0.1596,program/MedMNISTMerge/result/bloodmnist(1).md
bloodmnist,small,efficientnet,dare_ties,c7_b0.01,7,0.01,0.135,program/MedMNISTMerge/result/bloodmnist(1).md
bloodmnist,small,efficientnet,dare_ties,c7_b0.1,7,0.1,0.109,program/MedMNISTMerge/result/bloodmnist(1).md
bloodmnist,small,efficientnet,regmean,c3_b0,3,0.0,0.1871,program/MedMNISTMerge/result/bloodmnist(1).md
bloodmnist,small,efficientnet,regmean,c3_b0.01,3,0.01,0.1745,program/MedMNISTMerge/result/bloodmnist(1).md
bloodmnist,small,efficientnet,regmean,c3_b0.1,3,0.1,0.0821,program/MedMNISTMerge/result/bloodmnist(1).md
bloodmnist,small,efficientnet,regmean,c5_b0,5,0.0,0.2061,program/MedMNISTMerge/result/bloodmnist(1).md
bloodmnist,small,efficientnet,regmean,c5_b0.01,5,0.01,0.071,program/MedMNISTMerge/result/bloodmnist(1).md
bloodmnist,small,efficientnet,regmean,c5_b0.1,5,0.1,0.1824,program/MedMNISTMerge/result/bloodmnist(1).md
bloodmnist,small,efficientnet,regmean,c7_b0,7,0.0,0.0886,program/MedMNISTMerge/result/bloodmnist(1).md
bloodmnist,small,efficientnet,regmean,c7_b0.01,7,0.01,0.0719,program/MedMNISTMerge/result/bloodmnist(1).md
bloodmnist,small,efficientnet,regmean,c7_b0.1,7,0.1,0.0713,program/MedMNISTMerge/result/bloodmnist(1).md
bloodmnist,small,efficientnet,fisher,c3_b0,3,0.0,0.0725,program/MedMNISTMerge/result/bloodmnist(1).md
bloodmnist,small,efficientnet,fisher,c3_b0.01,3,0.01,0.0915,program/MedMNISTMerge/result/bloodmnist(1).md
bloodmnist,small,efficientnet,fisher,c3_b0.1,3,0.1,0.2648,program/MedMNISTMerge/result/bloodmnist(1).md
bloodmnist,small,efficientnet,fisher,c5_b0,5,0.0,0.2058,program/MedMNISTMerge/result/bloodmnist(1).md
bloodmnist,small,efficientnet,fisher,c5_b0.01,5,0.01,0.0713,program/MedMNISTMerge/result/bloodmnist(1).md
bloodmnist,small,efficientnet,fisher,c5_b0.1,5,0.1,0.0713,program/MedMNISTMerge/result/bloodmnist(1).md
bloodmnist,small,efficientnet,fisher,c7_b0,7,0.0,0.0859,program/MedMNISTMerge/result/bloodmnist(1).md
bloodmnist,small,efficientnet,fisher,c7_b0.01,7,0.01,0.178,program/MedMNISTMerge/result/bloodmnist(1).md
bloodmnist,small,efficientnet,fisher,c7_b0.1,7,0.1,0.071,program/MedMNISTMerge/result/bloodmnist(1).md
bloodmnist,small,efficientnet,breadcrumbs,c3_b0,3,0.0,0.1947,program/MedMNISTMerge/result/bloodmnist(1).md
bloodmnist,small,efficientnet,breadcrumbs,c3_b0.01,3,0.01,0.1947,program/MedMNISTMerge/result/bloodmnist(1).md
bloodmnist,small,efficientnet,breadcrumbs,c3_b0.1,3,0.1,0.1947,program/MedMNISTMerge/result/bloodmnist(1).md
bloodmnist,small,efficientnet,breadcrumbs,c5_b0,5,0.0,0.1909,program/MedMNISTMerge/result/bloodmnist(1).md
bloodmnist,small,efficientnet,breadcrumbs,c5_b0.01,5,0.01,0.1947,program/MedMNISTMerge/result/bloodmnist(1).md
bloodmnist,small,efficientnet,breadcrumbs,c5_b0.1,5,0.1,0.1947,program/MedMNISTMerge/result/bloodmnist(1).md
bloodmnist,small,efficientnet,breadcrumbs,c7_b0,7,0.0,0.157,program/MedMNISTMerge/result/bloodmnist(1).md
bloodmnist,small,efficientnet,breadcrumbs,c7_b0.01,7,0.01,0.1947,program/MedMNISTMerge/result/bloodmnist(1).md
bloodmnist,small,efficientnet,breadcrumbs,c7_b0.1,7,0.1,0.1947,program/MedMNISTMerge/result/bloodmnist(1).md
bloodmnist,small,efficientnet,model_stock,c3_b0,3,0.0,0.1844,program/MedMNISTMerge/result/bloodmnist(1).md
bloodmnist,small,efficientnet,model_stock,c3_b0.01,3,0.01,0.1231,program/MedMNISTMerge/result/bloodmnist(1).md
bloodmnist,small,efficientnet,model_stock,c3_b0.1,3,0.1,0.0713,program/MedMNISTMerge/result/bloodmnist(1).md
bloodmnist,small,efficientnet,model_stock,c5_b0,5,0.0,0.1573,program/MedMNISTMerge/result/bloodmnist(1).md
bloodmnist,small,efficientnet,model_stock,c5_b0.01,5,0.01,0.071,program/MedMNISTMerge/result/bloodmnist(1).md
bloodmnist,small,efficientnet,model_stock,c5_b0.1,5,0.1,0.0713,program/MedMNISTMerge/result/bloodmnist(1).md
bloodmnist,small,efficientnet,model_stock,c7_b0,7,0.0,0.1356,program/MedMNISTMerge/result/bloodmnist(1).md
bloodmnist,small,efficientnet,model_stock,c7_b0.01,7,0.01,0.076,program/MedMNISTMerge/result/bloodmnist(1).md
bloodmnist,small,efficientnet,model_stock,c7_b0.1,7,0.1,0.1947,program/MedMNISTMerge/result/bloodmnist(1).md
bloodmnist,small,efficientnet,from,c3_b0,3,0.0,0.1766,program/MedMNISTMerge/result/bloodmnist(1).md
bloodmnist,small,efficientnet,from,c3_b0.01,3,0.01,0.2207,program/MedMNISTMerge/result/bloodmnist(1).md
bloodmnist,small,efficientnet,from,c3_b0.1,3,0.1,0.1277,program/MedMNISTMerge/result/bloodmnist(1).md
bloodmnist,small,efficientnet,from,c5_b0,5,0.0,0.1216,program/MedMNISTMerge/result/bloodmnist(1).md
bloodmnist,small,efficientnet,from,c5_b0.01,5,0.01,0.071,program/MedMNISTMerge/result/bloodmnist(1).md
bloodmnist,small,efficientnet,from,c5_b0.1,5,0.1,0.1824,program/MedMNISTMerge/result/bloodmnist(1).md
bloodmnist,small,efficientnet,from,c7_b0,7,0.0,0.0959,program/MedMNISTMerge/result/bloodmnist(1).md
bloodmnist,small,efficientnet,from,c7_b0.01,7,0.01,0.0845,program/MedMNISTMerge/result/bloodmnist(1).md
bloodmnist,small,efficientnet,from,c7_b0.1,7,0.1,0.1383,program/MedMNISTMerge/result/bloodmnist(1).md
bloodmnist,small,efficientnet,iso_c,c3_b0,3,0.0,0.1847,program/MedMNISTMerge/result/bloodmnist(1).md
bloodmnist,small,efficientnet,iso_c,c3_b0.01,3,0.01,0.1824,program/MedMNISTMerge/result/bloodmnist(1).md
bloodmnist,small,efficientnet,iso_c,c3_b0.1,3,0.1,0.0839,program/MedMNISTMerge/result/bloodmnist(1).md
bloodmnist,small,efficientnet,iso_c,c5_b0,5,0.0,0.2277,program/MedMNISTMerge/result/bloodmnist(1).md
bloodmnist,small,efficientnet,iso_c,c5_b0.01,5,0.01,0.071,program/MedMNISTMerge/result/bloodmnist(1).md
bloodmnist,small,efficientnet,iso_c,c5_b0.1,5,0.1,0.1824,program/MedMNISTMerge/result/bloodmnist(1).md
bloodmnist,small,efficientnet,iso_c,c7_b0,7,0.0,0.0944,program/MedMNISTMerge/result/bloodmnist(1).md
bloodmnist,small,efficientnet,iso_c,c7_b0.01,7,0.01,0.0716,program/MedMNISTMerge/result/bloodmnist(1).md
bloodmnist,small,efficientnet,iso_c,c7_b0.1,7,0.1,0.0713,program/MedMNISTMerge/result/bloodmnist(1).md
bloodmnist,small,efficientnet,free_merge,c3_b0,3,0.0,0.1868,program/MedMNISTMerge/result/bloodmnist(1).md
bloodmnist,small,efficientnet,free_merge,c3_b0.01,3,0.01,0.1745,program/MedMNISTMerge/result/bloodmnist(1).md
bloodmnist,small,efficientnet,free_merge,c3_b0.1,3,0.1,0.0821,program/MedMNISTMerge/result/bloodmnist(1).md
bloodmnist,small,efficientnet,free_merge,c5_b0,5,0.0,0.2061,program/MedMNISTMerge/result/bloodmnist(1).md
bloodmnist,small,efficientnet,free_merge,c5_b0.01,5,0.01,0.071,program/MedMNISTMerge/result/bloodmnist(1).md
bloodmnist,small,efficientnet,free_merge,c5_b0.1,5,0.1,0.1824,program/MedMNISTMerge/result/bloodmnist(1).md
bloodmnist,small,efficientnet,free_merge,c7_b0,7,0.0,0.0889,program/MedMNISTMerge/result/bloodmnist(1).md
bloodmnist,small,efficientnet,free_merge,c7_b0.01,7,0.01,0.0719,program/MedMNISTMerge/result/bloodmnist(1).md
bloodmnist,small,efficientnet,free_merge,c7_b0.1,7,0.1,0.0713,program/MedMNISTMerge/result/bloodmnist(1).md
bloodmnist,small,efficientnet,robustmerge,c3_b0,3,0.0,0.1605,program/MedMNISTMerge/result/bloodmnist(1).md
bloodmnist,small,efficientnet,robustmerge,c3_b0.01,3,0.01,0.2078,program/MedMNISTMerge/result/bloodmnist(1).md
bloodmnist,small,efficientnet,robustmerge,c3_b0.1,3,0.1,0.0859,program/MedMNISTMerge/result/bloodmnist(1).md
bloodmnist,small,efficientnet,robustmerge,c5_b0,5,0.0,0.192,program/MedMNISTMerge/result/bloodmnist(1).md
bloodmnist,small,efficientnet,robustmerge,c5_b0.01,5,0.01,0.1947,program/MedMNISTMerge/result/bloodmnist(1).md
bloodmnist,small,efficientnet,robustmerge,c5_b0.1,5,0.1,0.0716,program/MedMNISTMerge/result/bloodmnist(1).md
bloodmnist,small,efficientnet,robustmerge,c7_b0,7,0.0,0.0821,program/MedMNISTMerge/result/bloodmnist(1).md
bloodmnist,small,efficientnet,robustmerge,c7_b0.01,7,0.01,0.1947,program/MedMNISTMerge/result/bloodmnist(1).md
bloodmnist,small,efficientnet,robustmerge,c7_b0.1,7,0.1,0.1947,program/MedMNISTMerge/result/bloodmnist(1).md
bloodmnist,small,mobilenet,avg,c3_b0,3,0.0,0.1374,program/MedMNISTMerge/result/bloodmnist(1).md
bloodmnist,small,mobilenet,avg,c3_b0.01,3,0.01,0.0713,program/MedMNISTMerge/result/bloodmnist(1).md
bloodmnist,small,mobilenet,avg,c3_b0.1,3,0.1,0.1564,program/MedMNISTMerge/result/bloodmnist(1).md
bloodmnist,small,mobilenet,avg,c5_b0,5,0.0,0.0713,program/MedMNISTMerge/result/bloodmnist(1).md
bloodmnist,small,mobilenet,avg,c5_b0.01,5,0.01,0.071,program/MedMNISTMerge/result/bloodmnist(1).md
bloodmnist,small,mobilenet,avg,c5_b0.1,5,0.1,0.1824,program/MedMNISTMerge/result/bloodmnist(1).md
bloodmnist,small,mobilenet,avg,c7_b0,7,0.0,0.1418,program/MedMNISTMerge/result/bloodmnist(1).md
bloodmnist,small,mobilenet,avg,c7_b0.01,7,0.01,0.083,program/MedMNISTMerge/result/bloodmnist(1).md
bloodmnist,small,mobilenet,avg,c7_b0.1,7,0.1,0.1824,program/MedMNISTMerge/result/bloodmnist(1).md
bloodmnist,small,mobilenet,ties,c3_b0,3,0.0,0.0713,program/MedMNISTMerge/result/bloodmnist(1).md
bloodmnist,small,mobilenet,ties,c3_b0.01,3,0.01,0.1766,program/MedMNISTMerge/result/bloodmnist(1).md
bloodmnist,small,mobilenet,ties,c3_b0.1,3,0.1,0.2496,program/MedMNISTMerge/result/bloodmnist(1).md
bloodmnist,small,mobilenet,ties,c5_b0,5,0.0,0.083,program/MedMNISTMerge/result/bloodmnist(1).md
bloodmnist,small,mobilenet,ties,c5_b0.01,5,0.01,0.0944,program/MedMNISTMerge/result/bloodmnist(1).md
bloodmnist,small,mobilenet,ties,c5_b0.1,5,0.1,0.0713,program/MedMNISTMerge/result/bloodmnist(1).md
bloodmnist,small,mobilenet,ties,c7_b0,7,0.0,0.0015,program/MedMNISTMerge/result/bloodmnist(1).md
bloodmnist,small,mobilenet,ties,c7_b0.01,7,0.01,0.2008,program/MedMNISTMerge/result/bloodmnist(1).md
bloodmnist,small,mobilenet,ties,c7_b0.1,7,0.1,0.1824,program/MedMNISTMerge/result/bloodmnist(1).md
bloodmnist,small,mobilenet,dare_linear,c3_b0,3,0.0,0.0713,program/MedMNISTMerge/result/bloodmnist(1).md
bloodmnist,small,mobilenet,dare_linear,c3_b0.01,3,0.01,0.0713,program/MedMNISTMerge/result/bloodmnist(1).md
bloodmnist,small,mobilenet,dare_linear,c3_b0.1,3,0.1,0.1947,program/MedMNISTMerge/result/bloodmnist(1).md
bloodmnist,small,mobilenet,dare_linear,c5_b0,5,0.0,0.0713,program/MedMNISTMerge/result/bloodmnist(1).md
bloodmnist,small,mobilenet,dare_linear,c5_b0.01,5,0.01,0.0713,program/MedMNISTMerge/result/bloodmnist(1).md
bloodmnist,small,mobilenet,dare_linear,c5_b0.1,5,0.1,0.1824,program/MedMNISTMerge/result/bloodmnist(1).md
bloodmnist,small,mobilenet,dare_linear,c7_b0,7,0.0,0.0713,program/MedMNISTMerge/result/bloodmnist(1).md
bloodmnist,small,mobilenet,dare_linear,c7_b0.01,7,0.01,0.0713,program/MedMNISTMerge/result/bloodmnist(1).md
bloodmnist,small,mobilenet,dare_linear,c7_b0.1,7,0.1,0.0713,program/MedMNISTMerge/result/bloodmnist(1).md
bloodmnist,small,mobilenet,dare_ties,c3_b0,3,0.0,0.0909,program/MedMNISTMerge/result/bloodmnist(1).md
bloodmnist,small,mobilenet,dare_ties,c3_b0.01,3,0.01,0.0713,program/MedMNISTMerge/result/bloodmnist(1).md
bloodmnist,small,mobilenet,dare_ties,c3_b0.1,3,0.1,0.0693,program/MedMNISTMerge/result/bloodmnist(1).md
bloodmnist,small,mobilenet,dare_ties,c5_b0,5,0.0,0.0713,program/MedMNISTMerge/result/bloodmnist(1).md
bloodmnist,small,mobilenet,dare_ties,c5_b0.01,5,0.01,0.0713,program/MedMNISTMerge/result/bloodmnist(1).md
bloodmnist,small,mobilenet,dare_ties,c5_b0.1,5,0.1,0.0716,program/MedMNISTMerge/result/bloodmnist(1).md
bloodmnist,small,mobilenet,dare_ties,c7_b0,7,0.0,0.1032,program/MedMNISTMerge/result/bloodmnist(1).md
bloodmnist,small,mobilenet,dare_ties,c7_b0.01,7,0.01,0.0713,program/MedMNISTMerge/result/bloodmnist(1).md
bloodmnist,small,mobilenet,dare_ties,c7_b0.1,7,0.1,0.0713,program/MedMNISTMerge/result/bloodmnist(1).md
bloodmnist,small,mobilenet,regmean,c3_b0,3,0.0,0.1374,program/MedMNISTMerge/result/bloodmnist(1).md
bloodmnist,small,mobilenet,regmean,c3_b0.01,3,0.01,0.0909,program/MedMNISTMerge/result/bloodmnist(1).md
bloodmnist,small,mobilenet,regmean,c3_b0.1,3,0.1,0.1947,program/MedMNISTMerge/result/bloodmnist(1).md
bloodmnist,small,mobilenet,regmean,c5_b0,5,0.0,0.2052,program/MedMNISTMerge/result/bloodmnist(1).md
bloodmnist,small,mobilenet,regmean,c5_b0.01,5,0.01,0.1692,program/MedMNISTMerge/result/bloodmnist(1).md
bloodmnist,small,mobilenet,regmean,c5_b0.1,5,0.1,0.1374,program/MedMNISTMerge/result/bloodmnist(1).md
bloodmnist,small,mobilenet,regmean,c7_b0,7,0.0,0.1158,program/MedMNISTMerge/result/bloodmnist(1).md
bloodmnist,small,mobilenet,regmean,c7_b0.01,7,0.01,0.1374,program/MedMNISTMerge/result/bloodmnist(1).md
bloodmnist,small,mobilenet,regmean,c7_b0.1,7,0.1,0.1374,program/MedMNISTMerge/result/bloodmnist(1).md
bloodmnist,small,mobilenet,fisher,c3_b0,3,0.0,0.0713,program/MedMNISTMerge/result/bloodmnist(1).md
bloodmnist,small,mobilenet,fisher,c3_b0.01,3,0.01,0.1596,program/MedMNISTMerge/result/bloodmnist(1).md
bloodmnist,small,mobilenet,fisher,c3_b0.1,3,0.1,0.1947,program/MedMNISTMerge/result/bloodmnist(1).md
bloodmnist,small,mobilenet,fisher,c5_b0,5,0.0,0.1947,program/MedMNISTMerge/result/bloodmnist(1).md
bloodmnist,small,mobilenet,fisher,c5_b0.01,5,0.01,0.0909,program/MedMNISTMerge/result/bloodmnist(1).md
bloodmnist,small,mobilenet,fisher,c5_b0.1,5,0.1,0.0713,program/MedMNISTMerge/result/bloodmnist(1).md
bloodmnist,small,mobilenet,fisher,c7_b0,7,0.0,0.083,program/MedMNISTMerge/result/bloodmnist(1).md
bloodmnist,small,mobilenet,fisher,c7_b0.01,7,0.01,0.0713,program/MedMNISTMerge/result/bloodmnist(1).md
bloodmnist,small,mobilenet,fisher,c7_b0.1,7,0.1,0.0713,program/MedMNISTMerge/result/bloodmnist(1).md
bloodmnist,small,mobilenet,breadcrumbs,c3_b0,3,0.0,0.0713,program/MedMNISTMerge/result/bloodmnist(1).md
bloodmnist,small,mobilenet,breadcrumbs,c3_b0.01,3,0.01,0.0713,program/MedMNISTMerge/result/bloodmnist(1).md
bloodmnist,small,mobilenet,breadcrumbs,c3_b0.1,3,0.1,0.0713,program/MedMNISTMerge/result/bloodmnist(1).md
bloodmnist,small,mobilenet,breadcrumbs,c5_b0,5,0.0,0.0713,program/MedMNISTMerge/result/bloodmnist(1).md
bloodmnist,small,mobilenet,breadcrumbs,c5_b0.01,5,0.01,0.0713,program/MedMNISTMerge/result/bloodmnist(1).md
bloodmnist,small,mobilenet,breadcrumbs,c5_b0.1,5,0.1,0.0713,program/MedMNISTMerge/result/bloodmnist(1).md
bloodmnist,small,mobilenet,breadcrumbs,c7_b0,7,0.0,0.0713,program/MedMNISTMerge/result/bloodmnist(1).md
bloodmnist,small,mobilenet,breadcrumbs,c7_b0.01,7,0.01,0.0713,program/MedMNISTMerge/result/bloodmnist(1).md
bloodmnist,small,mobilenet,breadcrumbs,c7_b0.1,7,0.1,0.0713,program/MedMNISTMerge/result/bloodmnist(1).md
bloodmnist,small,mobilenet,model_stock,c3_b0,3,0.0,0.0713,program/MedMNISTMerge/result/bloodmnist(1).md
bloodmnist,small,mobilenet,model_stock,c3_b0.01,3,0.01,0.0713,program/MedMNISTMerge/result/bloodmnist(1).md
bloodmnist,small,mobilenet,model_stock,c3_b0.1,3,0.1,0.1824,program/MedMNISTMerge/result/bloodmnist(1).md
bloodmnist,small,mobilenet,model_stock,c5_b0,5,0.0,0.0713,program/MedMNISTMerge/result/bloodmnist(1).md
bloodmnist,small,mobilenet,model_stock,c5_b0.01,5,0.01,0.0713,program/MedMNISTMerge/result/bloodmnist(1).md
bloodmnist,small,mobilenet,model_stock,c5_b0.1,5,0.1,0.1824,program/MedMNISTMerge/result/bloodmnist(1).md
bloodmnist,small,mobilenet,model_stock,c7_b0,7,0.0,0.0716,program/MedMNISTMerge/result/bloodmnist(1).md
bloodmnist,small,mobilenet,model_stock,c7_b0.01,7,0.01,0.0935,program/MedMNISTMerge/result/bloodmnist(1).md
bloodmnist,small,mobilenet,model_stock,c7_b0.1,7,0.1,0.1824,program/MedMNISTMerge/result/bloodmnist(1).md
bloodmnist,small,mobilenet,from,c3_b0,3,0.0,0.1374,program/MedMNISTMerge/result/bloodmnist(1).md
bloodmnist,small,mobilenet,from,c3_b0.01,3,0.01,0.0909,program/MedMNISTMerge/result/bloodmnist(1).md
bloodmnist,small,mobilenet,from,c3_b0.1,3,0.1,0.1947,program/MedMNISTMerge/result/bloodmnist(1).md
bloodmnist,small,mobilenet,from,c5_b0,5,0.0,0.1374,program/MedMNISTMerge/result/bloodmnist(1).md
bloodmnist,small,mobilenet,from,c5_b0.01,5,0.01,0.1692,program/MedMNISTMerge/result/bloodmnist(1).md
bloodmnist,small,mobilenet,from,c5_b0.1,5,0.1,0.1374,program/MedMNISTMerge/result/bloodmnist(1).md
bloodmnist,small,mobilenet,from,c7_b0,7,0.0,0.1666,program/MedMNISTMerge/result/bloodmnist(1).md
bloodmnist,small,mobilenet,from,c7_b0.01,7,0.01,0.1117,program/MedMNISTMerge/result/bloodmnist(1).md
bloodmnist,small,mobilenet,from,c7_b0.1,7,0.1,0.1824,program/MedMNISTMerge/result/bloodmnist(1).md
bloodmnist,small,mobilenet,iso_c,c3_b0,3,0.0,0.1374,program/MedMNISTMerge/result/bloodmnist(1).md
bloodmnist,small,mobilenet,iso_c,c3_b0.01,3,0.01,0.0713,program/MedMNISTMerge/result/bloodmnist(1).md
bloodmnist,small,mobilenet,iso_c,c3_b0.1,3,0.1,0.083,program/MedMNISTMerge/result/bloodmnist(1).md
bloodmnist,small,mobilenet,iso_c,c5_b0,5,0.0,0.0713,program/MedMNISTMerge/result/bloodmnist(1).md
bloodmnist,small,mobilenet,iso_c,c5_b0.01,5,0.01,0.071,program/MedMNISTMerge/result/bloodmnist(1).md
bloodmnist,small,mobilenet,iso_c,c5_b0.1,5,0.1,0.1824,program/MedMNISTMerge/result/bloodmnist(1).md
bloodmnist,small,mobilenet,iso_c,c7_b0,7,0.0,0.1386,program/MedMNISTMerge/result/bloodmnist(1).md
bloodmnist,small,mobilenet,iso_c,c7_b0.01,7,0.01,0.083,program/MedMNISTMerge/result/bloodmnist(1).md
bloodmnist,small,mobilenet,iso_c,c7_b0.1,7,0.1,0.1824,program/MedMNISTMerge/result/bloodmnist(1).md
bloodmnist,small,mobilenet,free_merge,c3_b0,3,0.0,0.1374,program/MedMNISTMerge/result/bloodmnist(1).md
bloodmnist,small,mobilenet,free_merge,c3_b0.01,3,0.01,0.0713,program/MedMNISTMerge/result/bloodmnist(1).md
bloodmnist,small,mobilenet,free_merge,c3_b0.1,3,0.1,0.1529,program/MedMNISTMerge/result/bloodmnist(1).md
bloodmnist,small,mobilenet,free_merge,c5_b0,5,0.0,0.0713,program/MedMNISTMerge/result/bloodmnist(1).md
bloodmnist,small,mobilenet,free_merge,c5_b0.01,5,0.01,0.071,program/MedMNISTMerge/result/bloodmnist(1).md
bloodmnist,small,mobilenet,free_merge,c5_b0.1,5,0.1,0.1824,program/MedMNISTMerge/result/bloodmnist(1).md
bloodmnist,small,mobilenet,free_merge,c7_b0,7,0.0,0.1418,program/MedMNISTMerge/result/bloodmnist(1).md
bloodmnist,small,mobilenet,free_merge,c7_b0.01,7,0.01,0.083,program/MedMNISTMerge/result/bloodmnist(1).md
bloodmnist,small,mobilenet,free_merge,c7_b0.1,7,0.1,0.1824,program/MedMNISTMerge/result/bloodmnist(1).md
bloodmnist,small,mobilenet,robustmerge,c3_b0,3,0.0,0.1374,program/MedMNISTMerge/result/bloodmnist(1).md
bloodmnist,small,mobilenet,robustmerge,c3_b0.01,3,0.01,0.0713,program/MedMNISTMerge/result/bloodmnist(1).md
bloodmnist,small,mobilenet,robustmerge,c3_b0.1,3,0.1,0.1824,program/MedMNISTMerge/result/bloodmnist(1).md
bloodmnist,small,mobilenet,robustmerge,c5_b0,5,0.0,0.0713,program/MedMNISTMerge/result/bloodmnist(1).md
bloodmnist,small,mobilenet,robustmerge,c5_b0.01,5,0.01,0.1824,program/MedMNISTMerge/result/bloodmnist(1).md
bloodmnist,small,mobilenet,robustmerge,c5_b0.1,5,0.1,0.1824,program/MedMNISTMerge/result/bloodmnist(1).md
bloodmnist,small,mobilenet,robustmerge,c7_b0,7,0.0,0.1406,program/MedMNISTMerge/result/bloodmnist(1).md
bloodmnist,small,mobilenet,robustmerge,c7_b0.01,7,0.01,0.0713,program/MedMNISTMerge/result/bloodmnist(1).md
bloodmnist,small,mobilenet,robustmerge,c7_b0.1,7,0.1,0.0713,program/MedMNISTMerge/result/bloodmnist(1).md
bloodmnist,small,resnet34,avg,c3_b0,3,0.0,0.3581,program/MedMNISTMerge/result/bloodmnist(1).md
bloodmnist,small,resnet34,avg,c3_b0.01,3,0.01,0.2526,program/MedMNISTMerge/result/bloodmnist(1).md
bloodmnist,small,resnet34,avg,c3_b0.1,3,0.1,0.318,program/MedMNISTMerge/result/bloodmnist(1).md
bloodmnist,small,resnet34,avg,c5_b0,5,0.0,0.1707,program/MedMNISTMerge/result/bloodmnist(1).md
bloodmnist,small,resnet34,avg,c5_b0.01,5,0.01,0.1947,program/MedMNISTMerge/result/bloodmnist(1).md
bloodmnist,small,resnet34,avg,c5_b0.1,5,0.1,0.1567,program/MedMNISTMerge/result/bloodmnist(1).md
bloodmnist,small,resnet34,avg,c7_b0,7,0.0,0.166,program/MedMNISTMerge/result/bloodmnist(1).md
bloodmnist,small,resnet34,avg,c7_b0.01,7,0.01,0.2154,program/MedMNISTMerge/result/bloodmnist(1).md
bloodmnist,small,resnet34,avg,c7_b0.1,7,0.1,0.1584,program/MedMNISTMerge/result/bloodmnist(1).md
bloodmnist,small,resnet34,ties,c3_b0,3,0.0,0.1967,program/MedMNISTMerge/result/bloodmnist(1).md
bloodmnist,small,resnet34,ties,c3_b0.01,3,0.01,0.349,program/MedMNISTMerge/result/bloodmnist(1).md
bloodmnist,small,resnet34,ties,c3_b0.1,3,0.1,0.6942,program/MedMNISTMerge/result/bloodmnist(1).md
bloodmnist,small,resnet34,ties,c5_b0,5,0.0,0.207,program/MedMNISTMerge/result/bloodmnist(1).md
bloodmnist,small,resnet34,ties,c5_b0.01,5,0.01,0.1947,program/MedMNISTMerge/result/bloodmnist(1).md
bloodmnist,small,resnet34,ties,c5_b0.1,5,0.1,0.3119,program/MedMNISTMerge/result/bloodmnist(1).md
bloodmnist,small,resnet34,ties,c7_b0,7,0.0,0.1874,program/MedMNISTMerge/result/bloodmnist(1).md
bloodmnist,small,resnet34,ties,c7_b0.01,7,0.01,0.2493,program/MedMNISTMerge/result/bloodmnist(1).md
bloodmnist,small,resnet34,ties,c7_b0.1,7,0.1,0.3306,program/MedMNISTMerge/result/bloodmnist(1).md
bloodmnist,small,resnet34,dare_linear,c3_b0,3,0.0,0.3543,program/MedMNISTMerge/result/bloodmnist(1).md
bloodmnist,small,resnet34,dare_linear,c3_b0.01,3,0.01,0.2178,program/MedMNISTMerge/result/bloodmnist(1).md
bloodmnist,small,resnet34,dare_linear,c3_b0.1,3,0.1,0.2955,program/MedMNISTMerge/result/bloodmnist(1).md
bloodmnist,small,resnet34,dare_linear,c5_b0,5,0.0,0.2318,program/MedMNISTMerge/result/bloodmnist(1).md
bloodmnist,small,resnet34,dare_linear,c5_b0.01,5,0.01,0.1964,program/MedMNISTMerge/result/bloodmnist(1).md
bloodmnist,small,resnet34,dare_linear,c5_b0.1,5,0.1,0.1844,program/MedMNISTMerge/result/bloodmnist(1).md
bloodmnist,small,resnet34,dare_linear,c7_b0,7,0.0,0.0935,program/MedMNISTMerge/result/bloodmnist(1).md
bloodmnist,small,resnet34,dare_linear,c7_b0.01,7,0.01,0.1842,program/MedMNISTMerge/result/bloodmnist(1).md
bloodmnist,small,resnet34,dare_linear,c7_b0.1,7,0.1,0.2894,program/MedMNISTMerge/result/bloodmnist(1).md
bloodmnist,small,resnet34,dare_ties,c3_b0,3,0.0,0.3198,program/MedMNISTMerge/result/bloodmnist(1).md
bloodmnist,small,resnet34,dare_ties,c3_b0.01,3,0.01,0.2841,program/MedMNISTMerge/result/bloodmnist(1).md
bloodmnist,small,resnet34,dare_ties,c3_b0.1,3,0.1,0.6329,program/MedMNISTMerge/result/bloodmnist(1).md
bloodmnist,small,resnet34,dare_ties,c5_b0,5,0.0,0.1017,program/MedMNISTMerge/result/bloodmnist(1).md
bloodmnist,small,resnet34,dare_ties,c5_b0.01,5,0.01,0.1947,program/MedMNISTMerge/result/bloodmnist(1).md
bloodmnist,small,resnet34,dare_ties,c5_b0.1,5,0.1,0.2926,program/MedMNISTMerge/result/bloodmnist(1).md
bloodmnist,small,resnet34,dare_ties,c7_b0,7,0.0,0.071,program/MedMNISTMerge/result/bloodmnist(1).md
bloodmnist,small,resnet34,dare_ties,c7_b0.01,7,0.01,0.2923,program/MedMNISTMerge/result/bloodmnist(1).md
bloodmnist,small,resnet34,dare_ties,c7_b0.1,7,0.1,0.1906,program/MedMNISTMerge/result/bloodmnist(1).md
bloodmnist,small,resnet34,regmean,c3_b0,3,0.0,0.3604,program/MedMNISTMerge/result/bloodmnist(1).md
bloodmnist,small,resnet34,regmean,c3_b0.01,3,0.01,0.2318,program/MedMNISTMerge/result/bloodmnist(1).md
bloodmnist,small,resnet34,regmean,c3_b0.1,3,0.1,0.3104,program/MedMNISTMerge/result/bloodmnist(1).md
bloodmnist,small,resnet34,regmean,c5_b0,5,0.0,0.252,program/MedMNISTMerge/result/bloodmnist(1).md
bloodmnist,small,resnet34,regmean,c5_b0.01,5,0.01,0.2882,program/MedMNISTMerge/result/bloodmnist(1).md
bloodmnist,small,resnet34,regmean,c5_b0.1,5,0.1,0.2871,program/MedMNISTMerge/result/bloodmnist(1).md
bloodmnist,small,resnet34,regmean,c7_b0,7,0.0,0.2002,program/MedMNISTMerge/result/bloodmnist(1).md
bloodmnist,small,resnet34,regmean,c7_b0.01,7,0.01,0.2809,program/MedMNISTMerge/result/bloodmnist(1).md
bloodmnist,small,resnet34,regmean,c7_b0.1,7,0.1,0.2549,program/MedMNISTMerge/result/bloodmnist(1).md
bloodmnist,small,resnet34,fisher,c3_b0,3,0.0,0.4057,program/MedMNISTMerge/result/bloodmnist(1).md
bloodmnist,small,resnet34,fisher,c3_b0.01,3,0.01,0.2806,program/MedMNISTMerge/result/bloodmnist(1).md
bloodmnist,small,resnet34,fisher,c3_b0.1,3,0.1,0.2666,program/MedMNISTMerge/result/bloodmnist(1).md
bloodmnist,small,resnet34,fisher,c5_b0,5,0.0,0.1602,program/MedMNISTMerge/result/bloodmnist(1).md
bloodmnist,small,resnet34,fisher,c5_b0.01,5,0.01,0.1947,program/MedMNISTMerge/result/bloodmnist(1).md
bloodmnist,small,resnet34,fisher,c5_b0.1,5,0.1,0.4341,program/MedMNISTMerge/result/bloodmnist(1).md
bloodmnist,small,resnet34,fisher,c7_b0,7,0.0,0.2461,program/MedMNISTMerge/result/bloodmnist(1).md
bloodmnist,small,resnet34,fisher,c7_b0.01,7,0.01,0.2178,program/MedMNISTMerge/result/bloodmnist(1).md
bloodmnist,small,resnet34,fisher,c7_b0.1,7,0.1,0.4168,program/MedMNISTMerge/result/bloodmnist(1).md
bloodmnist,small,resnet34,breadcrumbs,c3_b0,3,0.0,0.0859,program/MedMNISTMerge/result/bloodmnist(1).md
bloodmnist,small,resnet34,breadcrumbs,c3_b0.01,3,0.01,0.1201,program/MedMNISTMerge/result/bloodmnist(1).md
bloodmnist,small,resnet34,breadcrumbs,c3_b0.1,3,0.1,0.2023,program/MedMNISTMerge/result/bloodmnist(1).md
bloodmnist,small,resnet34,breadcrumbs,c5_b0,5,0.0,0.1947,program/MedMNISTMerge/result/bloodmnist(1).md
bloodmnist,small,resnet34,breadcrumbs,c5_b0.01,5,0.01,0.1789,program/MedMNISTMerge/result/bloodmnist(1).md
bloodmnist,small,resnet34,breadcrumbs,c5_b0.1,5,0.1,0.1804,program/MedMNISTMerge/result/bloodmnist(1).md
bloodmnist,small,resnet34,breadcrumbs,c7_b0,7,0.0,0.2108,program/MedMNISTMerge/result/bloodmnist(1).md
bloodmnist,small,resnet34,breadcrumbs,c7_b0.01,7,0.01,0.1719,program/MedMNISTMerge/result/bloodmnist(1).md
bloodmnist,small,resnet34,breadcrumbs,c7_b0.1,7,0.1,0.2175,program/MedMNISTMerge/result/bloodmnist(1).md
bloodmnist,small,resnet34,model_stock,c3_b0,3,0.0,0.2529,program/MedMNISTMerge/result/bloodmnist(1).md
bloodmnist,small,resnet34,model_stock,c3_b0.01,3,0.01,0.2379,program/MedMNISTMerge/result/bloodmnist(1).md
bloodmnist,small,resnet34,model_stock,c3_b0.1,3,0.1,0.2277,program/MedMNISTMerge/result/bloodmnist(1).md
bloodmnist,small,resnet34,model_stock,c5_b0,5,0.0,0.2163,program/MedMNISTMerge/result/bloodmnist(1).md
bloodmnist,small,resnet34,model_stock,c5_b0.01,5,0.01,0.1947,program/MedMNISTMerge/result/bloodmnist(1).md
bloodmnist,small,resnet34,model_stock,c5_b0.1,5,0.1,0.2666,program/MedMNISTMerge/result/bloodmnist(1).md
bloodmnist,small,resnet34,model_stock,c7_b0,7,0.0,0.1485,program/MedMNISTMerge/result/bloodmnist(1).md
bloodmnist,small,resnet34,model_stock,c7_b0.01,7,0.01,0.223,program/MedMNISTMerge/result/bloodmnist(1).md
bloodmnist,small,resnet34,model_stock,c7_b0.1,7,0.1,0.1152,program/MedMNISTMerge/result/bloodmnist(1).md
bloodmnist,small,resnet34,from,c3_b0,3,0.0,0.3546,program/MedMNISTMerge/result/bloodmnist(1).md
bloodmnist,small,resnet34,from,c3_b0.01,3,0.01,0.2353,program/MedMNISTMerge/result/bloodmnist(1).md
bloodmnist,small,resnet34,from,c3_b0.1,3,0.1,0.3034,program/MedMNISTMerge/result/bloodmnist(1).md
bloodmnist,small,resnet34,from,c5_b0,5,0.0,0.1956,program/MedMNISTMerge/result/bloodmnist(1).md
bloodmnist,small,resnet34,from,c5_b0.01,5,0.01,0.1947,program/MedMNISTMerge/result/bloodmnist(1).md
bloodmnist,small,resnet34,from,c5_b0.1,5,0.1,0.342,program/MedMNISTMerge/result/bloodmnist(1).md
bloodmnist,small,resnet34,from,c7_b0,7,0.0,0.1915,program/MedMNISTMerge/result/bloodmnist(1).md
bloodmnist,small,resnet34,from,c7_b0.01,7,0.01,0.242,program/MedMNISTMerge/result/bloodmnist(1).md
bloodmnist,small,resnet34,from,c7_b0.1,7,0.1,0.2599,program/MedMNISTMerge/result/bloodmnist(1).md
bloodmnist,small,resnet34,iso_c,c3_b0,3,0.0,0.3493,program/MedMNISTMerge/result/bloodmnist(1).md
bloodmnist,small,resnet34,iso_c,c3_b0.01,3,0.01,0.3046,program/MedMNISTMerge/result/bloodmnist(1).md
bloodmnist,small,resnet34,iso_c,c3_b0.1,3,0.1,0.3148,program/MedMNISTMerge/result/bloodmnist(1).md
bloodmnist,small,resnet34,iso_c,c5_b0,5,0.0,0.166,program/MedMNISTMerge/result/bloodmnist(1).md
bloodmnist,small,resnet34,iso_c,c5_b0.01,5,0.01,0.1947,program/MedMNISTMerge/result/bloodmnist(1).md
bloodmnist,small,resnet34,iso_c,c5_b0.1,5,0.1,0.2105,program/MedMNISTMerge/result/bloodmnist(1).md
bloodmnist,small,resnet34,iso_c,c7_b0,7,0.0,0.1131,program/MedMNISTMerge/result/bloodmnist(1).md
bloodmnist,small,resnet34,iso_c,c7_b0.01,7,0.01,0.1973,program/MedMNISTMerge/result/bloodmnist(1).md
bloodmnist,small,resnet34,iso_c,c7_b0.1,7,0.1,0.4353,program/MedMNISTMerge/result/bloodmnist(1).md
bloodmnist,small,resnet34,free_merge,c3_b0,3,0.0,0.3581,program/MedMNISTMerge/result/bloodmnist(1).md
bloodmnist,small,resnet34,free_merge,c3_b0.01,3,0.01,0.2523,program/MedMNISTMerge/result/bloodmnist(1).md
bloodmnist,small,resnet34,free_merge,c3_b0.1,3,0.1,0.318,program/MedMNISTMerge/result/bloodmnist(1).md
bloodmnist,small,resnet34,free_merge,c5_b0,5,0.0,0.171,program/MedMNISTMerge/result/bloodmnist(1).md
bloodmnist,small,resnet34,free_merge,c5_b0.01,5,0.01,0.1947,program/MedMNISTMerge/result/bloodmnist(1).md
bloodmnist,small,resnet34,free_merge,c5_b0.1,5,0.1,0.1567,program/MedMNISTMerge/result/bloodmnist(1).md
bloodmnist,small,resnet34,free_merge,c7_b0,7,0.0,0.166,program/MedMNISTMerge/result/bloodmnist(1).md
bloodmnist,small,resnet34,free_merge,c7_b0.01,7,0.01,0.2157,program/MedMNISTMerge/result/bloodmnist(1).md
bloodmnist,small,resnet34,free_merge,c7_b0.1,7,0.1,0.1584,program/MedMNISTMerge/result/bloodmnist(1).md
bloodmnist,small,resnet34,robustmerge,c3_b0,3,0.0,0.3391,program/MedMNISTMerge/result/bloodmnist(1).md
bloodmnist,small,resnet34,robustmerge,c3_b0.01,3,0.01,0.273,program/MedMNISTMerge/result/bloodmnist(1).md
bloodmnist,small,resnet34,robustmerge,c3_b0.1,3,0.1,0.3423,program/MedMNISTMerge/result/bloodmnist(1).md
bloodmnist,small,resnet34,robustmerge,c5_b0,5,0.0,0.1976,program/MedMNISTMerge/result/bloodmnist(1).md
bloodmnist,small,resnet34,robustmerge,c5_b0.01,5,0.01,0.2385,program/MedMNISTMerge/result/bloodmnist(1).md
bloodmnist,small,resnet34,robustmerge,c5_b0.1,5,0.1,0.1763,program/MedMNISTMerge/result/bloodmnist(1).md
bloodmnist,small,resnet34,robustmerge,c7_b0,7,0.0,0.1804,program/MedMNISTMerge/result/bloodmnist(1).md
bloodmnist,small,resnet34,robustmerge,c7_b0.01,7,0.01,0.2219,program/MedMNISTMerge/result/bloodmnist(1).md
bloodmnist,small,resnet34,robustmerge,c7_b0.1,7,0.1,0.2046,program/MedMNISTMerge/result/bloodmnist(1).md
bloodmnist,vlm,openai/clip-vit-base-patch32,avg,c3_b0,3,0.0,0.1842,program/MedMNISTMerge/result/bloodmnist(1).md
bloodmnist,vlm,openai/clip-vit-base-patch32,avg,c3_b0.01,3,0.01,0.1692,program/MedMNISTMerge/result/bloodmnist(1).md
bloodmnist,vlm,openai/clip-vit-base-patch32,avg,c3_b0.1,3,0.1,0.2037,program/MedMNISTMerge/result/bloodmnist(1).md
bloodmnist,vlm,openai/clip-vit-base-patch32,avg,c5_b0,5,0.0,0.0821,program/MedMNISTMerge/result/bloodmnist(1).md
bloodmnist,vlm,openai/clip-vit-base-patch32,avg,c5_b0.01,5,0.01,0.1947,program/MedMNISTMerge/result/bloodmnist(1).md
bloodmnist,vlm,openai/clip-vit-base-patch32,avg,c5_b0.1,5,0.1,0.083,program/MedMNISTMerge/result/bloodmnist(1).md
bloodmnist,vlm,openai/clip-vit-base-patch32,avg,c7_b0,7,0.0,0.1947,program/MedMNISTMerge/result/bloodmnist(1).md
bloodmnist,vlm,openai/clip-vit-base-patch32,avg,c7_b0.01,7,0.01,0.1947,program/MedMNISTMerge/result/bloodmnist(1).md
bloodmnist,vlm,openai/clip-vit-base-patch32,avg,c7_b0.1,7,0.1,0.1695,program/MedMNISTMerge/result/bloodmnist(1).md
bloodmnist,vlm,openai/clip-vit-base-patch32,ties,c3_b0,3,0.0,0.2581,program/MedMNISTMerge/result/bloodmnist(1).md
bloodmnist,vlm,openai/clip-vit-base-patch32,ties,c3_b0.01,3,0.01,0.3066,program/MedMNISTMerge/result/bloodmnist(1).md
bloodmnist,vlm,openai/clip-vit-base-patch32,ties,c3_b0.1,3,0.1,0.1768,program/MedMNISTMerge/result/bloodmnist(1).md
bloodmnist,vlm,openai/clip-vit-base-patch32,ties,c5_b0,5,0.0,0.259,program/MedMNISTMerge/result/bloodmnist(1).md
bloodmnist,vlm,openai/clip-vit-base-patch32,ties,c5_b0.01,5,0.01,0.3438,program/MedMNISTMerge/result/bloodmnist(1).md
bloodmnist,vlm,openai/clip-vit-base-patch32,ties,c5_b0.1,5,0.1,0.083,program/MedMNISTMerge/result/bloodmnist(1).md
bloodmnist,vlm,openai/clip-vit-base-patch32,ties,c7_b0,7,0.0,0.1888,program/MedMNISTMerge/result/bloodmnist(1).md
bloodmnist,vlm,openai/clip-vit-base-patch32,ties,c7_b0.01,7,0.01,0.1964,program/MedMNISTMerge/result/bloodmnist(1).md
bloodmnist,vlm,openai/clip-vit-base-patch32,ties,c7_b0.1,7,0.1,0.188,program/MedMNISTMerge/result/bloodmnist(1).md
bloodmnist,vlm,openai/clip-vit-base-patch32,dare_linear,c3_b0,3,0.0,0.1368,program/MedMNISTMerge/result/bloodmnist(1).md
bloodmnist,vlm,openai/clip-vit-base-patch32,dare_linear,c3_b0.01,3,0.01,0.1692,program/MedMNISTMerge/result/bloodmnist(1).md
bloodmnist,vlm,openai/clip-vit-base-patch32,dare_linear,c3_b0.1,3,0.1,0.2084,program/MedMNISTMerge/result/bloodmnist(1).md
bloodmnist,vlm,openai/clip-vit-base-patch32,dare_linear,c5_b0,5,0.0,0.083,program/MedMNISTMerge/result/bloodmnist(1).md
bloodmnist,vlm,openai/clip-vit-base-patch32,dare_linear,c5_b0.01,5,0.01,0.1947,program/MedMNISTMerge/result/bloodmnist(1).md
bloodmnist,vlm,openai/clip-vit-base-patch32,dare_linear,c5_b0.1,5,0.1,0.083,program/MedMNISTMerge/result/bloodmnist(1).md
bloodmnist,vlm,openai/clip-vit-base-patch32,dare_linear,c7_b0,7,0.0,0.1947,program/MedMNISTMerge/result/bloodmnist(1).md
bloodmnist,vlm,openai/clip-vit-base-patch32,dare_linear,c7_b0.01,7,0.01,0.1947,program/MedMNISTMerge/result/bloodmnist(1).md
bloodmnist,vlm,openai/clip-vit-base-patch32,dare_linear,c7_b0.1,7,0.1,0.1426,program/MedMNISTMerge/result/bloodmnist(1).md
bloodmnist,vlm,openai/clip-vit-base-patch32,dare_ties,c3_b0,3,0.0,0.2572,program/MedMNISTMerge/result/bloodmnist(1).md
bloodmnist,vlm,openai/clip-vit-base-patch32,dare_ties,c3_b0.01,3,0.01,0.2514,program/MedMNISTMerge/result/bloodmnist(1).md
bloodmnist,vlm,openai/clip-vit-base-patch32,dare_ties,c3_b0.1,3,0.1,0.2678,program/MedMNISTMerge/result/bloodmnist(1).md
bloodmnist,vlm,openai/clip-vit-base-patch32,dare_ties,c5_b0,5,0.0,0.2219,program/MedMNISTMerge/result/bloodmnist(1).md
bloodmnist,vlm,openai/clip-vit-base-patch32,dare_ties,c5_b0.01,5,0.01,0.387,program/MedMNISTMerge/result/bloodmnist(1).md
bloodmnist,vlm,openai/clip-vit-base-patch32,dare_ties,c5_b0.1,5,0.1,0.083,program/MedMNISTMerge/result/bloodmnist(1).md
bloodmnist,vlm,openai/clip-vit-base-patch32,dare_ties,c7_b0,7,0.0,0.152,program/MedMNISTMerge/result/bloodmnist(1).md
bloodmnist,vlm,openai/clip-vit-base-patch32,dare_ties,c7_b0.01,7,0.01,0.195,program/MedMNISTMerge/result/bloodmnist(1).md
bloodmnist,vlm,openai/clip-vit-base-patch32,dare_ties,c7_b0.1,7,0.1,0.1377,program/MedMNISTMerge/result/bloodmnist(1).md
bloodmnist,vlm,openai/clip-vit-base-patch32,regmean,c3_b0,3,0.0,0.2955,program/MedMNISTMerge/result/bloodmnist(1).md
bloodmnist,vlm,openai/clip-vit-base-patch32,regmean,c3_b0.01,3,0.01,0.3005,program/MedMNISTMerge/result/bloodmnist(1).md
bloodmnist,vlm,openai/clip-vit-base-patch32,regmean,c3_b0.1,3,0.1,0.226,program/MedMNISTMerge/result/bloodmnist(1).md
bloodmnist,vlm,openai/clip-vit-base-patch32,regmean,c5_b0,5,0.0,0.1692,program/MedMNISTMerge/result/bloodmnist(1).md
bloodmnist,vlm,openai/clip-vit-base-patch32,regmean,c5_b0.01,5,0.01,0.3587,program/MedMNISTMerge/result/bloodmnist(1).md
bloodmnist,vlm,openai/clip-vit-base-patch32,regmean,c5_b0.1,5,0.1,0.0851,program/MedMNISTMerge/result/bloodmnist(1).md
bloodmnist,vlm,openai/clip-vit-base-patch32,regmean,c7_b0,7,0.0,0.1923,program/MedMNISTMerge/result/bloodmnist(1).md
bloodmnist,vlm,openai/clip-vit-base-patch32,regmean,c7_b0.01,7,0.01,0.1947,program/MedMNISTMerge/result/bloodmnist(1).md
bloodmnist,vlm,openai/clip-vit-base-patch32,regmean,c7_b0.1,7,0.1,0.185,program/MedMNISTMerge/result/bloodmnist(1).md
bloodmnist,vlm,openai/clip-vit-base-patch32,fisher,c3_b0,3,0.0,0.252,program/MedMNISTMerge/result/bloodmnist(1).md
bloodmnist,vlm,openai/clip-vit-base-patch32,fisher,c3_b0.01,3,0.01,0.2087,program/MedMNISTMerge/result/bloodmnist(1).md
bloodmnist,vlm,openai/clip-vit-base-patch32,fisher,c3_b0.1,3,0.1,0.0851,program/MedMNISTMerge/result/bloodmnist(1).md
bloodmnist,vlm,openai/clip-vit-base-patch32,fisher,c5_b0,5,0.0,0.1374,program/MedMNISTMerge/result/bloodmnist(1).md
bloodmnist,vlm,openai/clip-vit-base-patch32,fisher,c5_b0.01,5,0.01,0.1947,program/MedMNISTMerge/result/bloodmnist(1).md
bloodmnist,vlm,openai/clip-vit-base-patch32,fisher,c5_b0.1,5,0.1,0.083,program/MedMNISTMerge/result/bloodmnist(1).md
bloodmnist,vlm,openai/clip-vit-base-patch32,fisher,c7_b0,7,0.0,0.0909,program/MedMNISTMerge/result/bloodmnist(1).md
bloodmnist,vlm,openai/clip-vit-base-patch32,fisher,c7_b0.01,7,0.01,0.1947,program/MedMNISTMerge/result/bloodmnist(1).md
bloodmnist,vlm,openai/clip-vit-base-patch32,fisher,c7_b0.1,7,0.1,0.1956,program/MedMNISTMerge/result/bloodmnist(1).md
bloodmnist,vlm,openai/clip-vit-base-patch32,breadcrumbs,c3_b0,3,0.0,0.1853,program/MedMNISTMerge/result/bloodmnist(1).md
bloodmnist,vlm,openai/clip-vit-base-patch32,breadcrumbs,c3_b0.01,3,0.01,0.083,program/MedMNISTMerge/result/bloodmnist(1).md
bloodmnist,vlm,openai/clip-vit-base-patch32,breadcrumbs,c3_b0.1,3,0.1,0.1692,program/MedMNISTMerge/result/bloodmnist(1).md
bloodmnist,vlm,openai/clip-vit-base-patch32,breadcrumbs,c5_b0,5,0.0,0.083,program/MedMNISTMerge/result/bloodmnist(1).md
bloodmnist,vlm,openai/clip-vit-base-patch32,breadcrumbs,c5_b0.01,5,0.01,0.1947,program/MedMNISTMerge/result/bloodmnist(1).md
bloodmnist,vlm,openai/clip-vit-base-patch32,breadcrumbs,c5_b0.1,5,0.1,0.083,program/MedMNISTMerge/result/bloodmnist(1).md
bloodmnist,vlm,openai/clip-vit-base-patch32,breadcrumbs,c7_b0,7,0.0,0.0742,program/MedMNISTMerge/result/bloodmnist(1).md
bloodmnist,vlm,openai/clip-vit-base-patch32,breadcrumbs,c7_b0.01,7,0.01,0.1938,program/MedMNISTMerge/result/bloodmnist(1).md
bloodmnist,vlm,openai/clip-vit-base-patch32,breadcrumbs,c7_b0.1,7,0.1,0.083,program/MedMNISTMerge/result/bloodmnist(1).md
bloodmnist,vlm,openai/clip-vit-base-patch32,model_stock,c3_b0,3,0.0,0.1947,program/MedMNISTMerge/result/bloodmnist(1).md
bloodmnist,vlm,openai/clip-vit-base-patch32,model_stock,c3_b0.01,3,0.01,0.1692,program/MedMNISTMerge/result/bloodmnist(1).md
bloodmnist,vlm,openai/clip-vit-base-patch32,model_stock,c3_b0.1,3,0.1,0.1426,program/MedMNISTMerge/result/bloodmnist(1).md
bloodmnist,vlm,openai/clip-vit-base-patch32,model_stock,c5_b0,5,0.0,0.0713,program/MedMNISTMerge/result/bloodmnist(1).md
bloodmnist,vlm,openai/clip-vit-base-patch32,model_stock,c5_b0.01,5,0.01,0.1947,program/MedMNISTMerge/result/bloodmnist(1).md
bloodmnist,vlm,openai/clip-vit-base-patch32,model_stock,c5_b0.1,5,0.1,0.083,program/MedMNISTMerge/result/bloodmnist(1).md
bloodmnist,vlm,openai/clip-vit-base-patch32,model_stock,c7_b0,7,0.0,0.1947,program/MedMNISTMerge/result/bloodmnist(1).md
bloodmnist,vlm,openai/clip-vit-base-patch32,model_stock,c7_b0.01,7,0.01,0.1947,program/MedMNISTMerge/result/bloodmnist(1).md
bloodmnist,vlm,openai/clip-vit-base-patch32,model_stock,c7_b0.1,7,0.1,0.1947,program/MedMNISTMerge/result/bloodmnist(1).md
bloodmnist,vlm,openai/clip-vit-base-patch32,from,c3_b0,3,0.0,0.3116,program/MedMNISTMerge/result/bloodmnist(1).md
bloodmnist,vlm,openai/clip-vit-base-patch32,from,c3_b0.01,3,0.01,0.2081,program/MedMNISTMerge/result/bloodmnist(1).md
bloodmnist,vlm,openai/clip-vit-base-patch32,from,c3_b0.1,3,0.1,0.2985,program/MedMNISTMerge/result/bloodmnist(1).md
bloodmnist,vlm,openai/clip-vit-base-patch32,from,c5_b0,5,0.0,0.083,program/MedMNISTMerge/result/bloodmnist(1).md
bloodmnist,vlm,openai/clip-vit-base-patch32,from,c5_b0.01,5,0.01,0.3195,program/MedMNISTMerge/result/bloodmnist(1).md
bloodmnist,vlm,openai/clip-vit-base-patch32,from,c5_b0.1,5,0.1,0.083,program/MedMNISTMerge/result/bloodmnist(1).md
bloodmnist,vlm,openai/clip-vit-base-patch32,from,c7_b0,7,0.0,0.1692,program/MedMNISTMerge/result/bloodmnist(1).md
bloodmnist,vlm,openai/clip-vit-base-patch32,from,c7_b0.01,7,0.01,0.1979,program/MedMNISTMerge/result/bloodmnist(1).md
bloodmnist,vlm,openai/clip-vit-base-patch32,from,c7_b0.1,7,0.1,0.2154,program/MedMNISTMerge/result/bloodmnist(1).md
bloodmnist,vlm,openai/clip-vit-base-patch32,iso_c,c3_b0,3,0.0,0.0713,program/MedMNISTMerge/result/bloodmnist(1).md
bloodmnist,vlm,openai/clip-vit-base-patch32,iso_c,c3_b0.01,3,0.01,0.154,program/MedMNISTMerge/result/bloodmnist(1).md
bloodmnist,vlm,openai/clip-vit-base-patch32,iso_c,c3_b0.1,3,0.1,0.1412,program/MedMNISTMerge/result/bloodmnist(1).md
bloodmnist,vlm,openai/clip-vit-base-patch32,iso_c,c5_b0,5,0.0,0.071,program/MedMNISTMerge/result/bloodmnist(1).md
bloodmnist,vlm,openai/clip-vit-base-patch32,iso_c,c5_b0.01,5,0.01,0.1824,program/MedMNISTMerge/result/bloodmnist(1).md
bloodmnist,vlm,openai/clip-vit-base-patch32,iso_c,c5_b0.1,5,0.1,0.1374,program/MedMNISTMerge/result/bloodmnist(1).md
bloodmnist,vlm,openai/clip-vit-base-patch32,iso_c,c7_b0,7,0.0,0.0713,program/MedMNISTMerge/result/bloodmnist(1).md
bloodmnist,vlm,openai/clip-vit-base-patch32,iso_c,c7_b0.01,7,0.01,0.0713,program/MedMNISTMerge/result/bloodmnist(1).md
bloodmnist,vlm,openai/clip-vit-base-patch32,iso_c,c7_b0.1,7,0.1,0.1985,program/MedMNISTMerge/result/bloodmnist(1).md
bloodmnist,vlm,openai/clip-vit-base-patch32,free_merge,c3_b0,3,0.0,0.2929,program/MedMNISTMerge/result/bloodmnist(1).md
bloodmnist,vlm,openai/clip-vit-base-patch32,free_merge,c3_b0.01,3,0.01,0.1692,program/MedMNISTMerge/result/bloodmnist(1).md
bloodmnist,vlm,openai/clip-vit-base-patch32,free_merge,c3_b0.1,3,0.1,0.1812,program/MedMNISTMerge/result/bloodmnist(1).md
bloodmnist,vlm,openai/clip-vit-base-patch32,free_merge,c5_b0,5,0.0,0.0646,program/MedMNISTMerge/result/bloodmnist(1).md
bloodmnist,vlm,openai/clip-vit-base-patch32,free_merge,c5_b0.01,5,0.01,0.1947,program/MedMNISTMerge/result/bloodmnist(1).md
bloodmnist,vlm,openai/clip-vit-base-patch32,free_merge,c5_b0.1,5,0.1,0.083,program/MedMNISTMerge/result/bloodmnist(1).md
bloodmnist,vlm,openai/clip-vit-base-patch32,free_merge,c7_b0,7,0.0,0.1947,program/MedMNISTMerge/result/bloodmnist(1).md
bloodmnist,vlm,openai/clip-vit-base-patch32,free_merge,c7_b0.01,7,0.01,0.1947,program/MedMNISTMerge/result/bloodmnist(1).md
bloodmnist,vlm,openai/clip-vit-base-patch32,free_merge,c7_b0.1,7,0.1,0.3154,program/MedMNISTMerge/result/bloodmnist(1).md
bloodmnist,vlm,openai/clip-vit-base-patch32,robustmerge,c3_b0,3,0.0,0.1824,program/MedMNISTMerge/result/bloodmnist(1).md
bloodmnist,vlm,openai/clip-vit-base-patch32,robustmerge,c3_b0.01,3,0.01,0.1692,program/MedMNISTMerge/result/bloodmnist(1).md
bloodmnist,vlm,openai/clip-vit-base-patch32,robustmerge,c3_b0.1,3,0.1,0.1523,program/MedMNISTMerge/result/bloodmnist(1).md
bloodmnist,vlm,openai/clip-vit-base-patch32,robustmerge,c5_b0,5,0.0,0.1947,program/MedMNISTMerge/result/bloodmnist(1).md
bloodmnist,vlm,openai/clip-vit-base-patch32,robustmerge,c5_b0.01,5,0.01,0.1947,program/MedMNISTMerge/result/bloodmnist(1).md
bloodmnist,vlm,openai/clip-vit-base-patch32,robustmerge,c5_b0.1,5,0.1,0.083,program/MedMNISTMerge/result/bloodmnist(1).md
bloodmnist,vlm,openai/clip-vit-base-patch32,robustmerge,c7_b0,7,0.0,0.1947,program/MedMNISTMerge/result/bloodmnist(1).md
bloodmnist,vlm,openai/clip-vit-base-patch32,robustmerge,c7_b0.01,7,0.01,0.1947,program/MedMNISTMerge/result/bloodmnist(1).md
bloodmnist,vlm,openai/clip-vit-base-patch32,robustmerge,c7_b0.1,7,0.1,0.1947,program/MedMNISTMerge/result/bloodmnist(1).md
chaoshengmnist,small,resnet,avg,c3_b0,3,0.0,0.2552,program/MedMNISTMerge/result/chaoshengmnist(1).md
chaoshengmnist,small,resnet,avg,c3_b0.01,3,0.01,0.301,program/MedMNISTMerge/result/chaoshengmnist(1).md
chaoshengmnist,small,resnet,avg,c3_b0.1,3,0.1,0.1743,program/MedMNISTMerge/result/chaoshengmnist(1).md
chaoshengmnist,small,resnet,avg,c5_b0,5,0.0,0.1545,program/MedMNISTMerge/result/chaoshengmnist(1).md
chaoshengmnist,small,resnet,avg,c5_b0.01,5,0.01,0.1536,program/MedMNISTMerge/result/chaoshengmnist(1).md
chaoshengmnist,small,resnet,avg,c5_b0.1,5,0.1,0.1662,program/MedMNISTMerge/result/chaoshengmnist(1).md
chaoshengmnist,small,resnet,avg,c7_b0,7,0.0,0.1689,program/MedMNISTMerge/result/chaoshengmnist(1).md
chaoshengmnist,small,resnet,avg,c7_b0.01,7,0.01,0.1321,program/MedMNISTMerge/result/chaoshengmnist(1).md
chaoshengmnist,small,resnet,avg,c7_b0.1,7,0.1,0.1617,program/MedMNISTMerge/result/chaoshengmnist(1).md
chaoshengmnist,small,resnet,ties,c3_b0,3,0.0,0.1923,program/MedMNISTMerge/result/chaoshengmnist(1).md
chaoshengmnist,small,resnet,ties,c3_b0.01,3,0.01,0.3827,program/MedMNISTMerge/result/chaoshengmnist(1).md
chaoshengmnist,small,resnet,ties,c3_b0.1,3,0.1,0.4681,program/MedMNISTMerge/result/chaoshengmnist(1).md
chaoshengmnist,small,resnet,ties,c5_b0,5,0.0,0.1231,program/MedMNISTMerge/result/chaoshengmnist(1).md
chaoshengmnist,small,resnet,ties,c5_b0.01,5,0.01,0.3468,program/MedMNISTMerge/result/chaoshengmnist(1).md
chaoshengmnist,small,resnet,ties,c5_b0.1,5,0.1,0.1267,program/MedMNISTMerge/result/chaoshengmnist(1).md
chaoshengmnist,small,resnet,ties,c7_b0,7,0.0,0.1051,program/MedMNISTMerge/result/chaoshengmnist(1).md
chaoshengmnist,small,resnet,ties,c7_b0.01,7,0.01,0.2893,program/MedMNISTMerge/result/chaoshengmnist(1).md
chaoshengmnist,small,resnet,ties,c7_b0.1,7,0.1,0.1617,program/MedMNISTMerge/result/chaoshengmnist(1).md
chaoshengmnist,small,resnet,dare_linear,c3_b0,3,0.0,0.2111,program/MedMNISTMerge/result/chaoshengmnist(1).md
chaoshengmnist,small,resnet,dare_linear,c3_b0.01,3,0.01,0.2642,program/MedMNISTMerge/result/chaoshengmnist(1).md
chaoshengmnist,small,resnet,dare_linear,c3_b0.1,3,0.1,0.1734,program/MedMNISTMerge/result/chaoshengmnist(1).md
chaoshengmnist,small,resnet,dare_linear,c5_b0,5,0.0,0.1572,program/MedMNISTMerge/result/chaoshengmnist(1).md
chaoshengmnist,small,resnet,dare_linear,c5_b0.01,5,0.01,0.1671,program/MedMNISTMerge/result/chaoshengmnist(1).md
chaoshengmnist,small,resnet,dare_linear,c5_b0.1,5,0.1,0.1941,program/MedMNISTMerge/result/chaoshengmnist(1).md
chaoshengmnist,small,resnet,dare_linear,c7_b0,7,0.0,0.168,program/MedMNISTMerge/result/chaoshengmnist(1).md
chaoshengmnist,small,resnet,dare_linear,c7_b0.01,7,0.01,0.15,program/MedMNISTMerge/result/chaoshengmnist(1).md
chaoshengmnist,small,resnet,dare_linear,c7_b0.1,7,0.1,0.1644,program/MedMNISTMerge/result/chaoshengmnist(1).md
chaoshengmnist,small,resnet,dare_ties,c3_b0,3,0.0,0.1249,program/MedMNISTMerge/result/chaoshengmnist(1).md
chaoshengmnist,small,resnet,dare_ties,c3_b0.01,3,0.01,0.4115,program/MedMNISTMerge/result/chaoshengmnist(1).md
chaoshengmnist,small,resnet,dare_ties,c3_b0.1,3,0.1,0.3432,program/MedMNISTMerge/result/chaoshengmnist(1).md
chaoshengmnist,small,resnet,dare_ties,c5_b0,5,0.0,0.159,program/MedMNISTMerge/result/chaoshengmnist(1).md
chaoshengmnist,small,resnet,dare_ties,c5_b0.01,5,0.01,0.2049,program/MedMNISTMerge/result/chaoshengmnist(1).md
chaoshengmnist,small,resnet,dare_ties,c5_b0.1,5,0.1,0.1267,program/MedMNISTMerge/result/chaoshengmnist(1).md
chaoshengmnist,small,resnet,dare_ties,c7_b0,7,0.0,0.1303,program/MedMNISTMerge/result/chaoshengmnist(1).md
chaoshengmnist,small,resnet,dare_ties,c7_b0.01,7,0.01,0.2749,program/MedMNISTMerge/result/chaoshengmnist(1).md
chaoshengmnist,small,resnet,dare_ties,c7_b0.1,7,0.1,0.1617,program/MedMNISTMerge/result/chaoshengmnist(1).md
chaoshengmnist,small,resnet,regmean,c3_b0,3,0.0,0.1572,program/MedMNISTMerge/result/chaoshengmnist(1).md
chaoshengmnist,small,resnet,regmean,c3_b0.01,3,0.01,0.1932,program/MedMNISTMerge/result/chaoshengmnist(1).md
chaoshengmnist,small,resnet,regmean,c3_b0.1,3,0.1,0.3324,program/MedMNISTMerge/result/chaoshengmnist(1).md
chaoshengmnist,small,resnet,regmean,c5_b0,5,0.0,0.1384,program/MedMNISTMerge/result/chaoshengmnist(1).md
chaoshengmnist,small,resnet,regmean,c5_b0.01,5,0.01,0.1959,program/MedMNISTMerge/result/chaoshengmnist(1).md
chaoshengmnist,small,resnet,regmean,c5_b0.1,5,0.1,0.1743,program/MedMNISTMerge/result/chaoshengmnist(1).md
chaoshengmnist,small,resnet,regmean,c7_b0,7,0.0,0.1078,program/MedMNISTMerge/result/chaoshengmnist(1).md
chaoshengmnist,small,resnet,regmean,c7_b0.01,7,0.01,0.115,program/MedMNISTMerge/result/chaoshengmnist(1).md
chaoshengmnist,small,resnet,regmean,c7_b0.1,7,0.1,0.1725,program/MedMNISTMerge/result/chaoshengmnist(1).md
chaoshengmnist,small,resnet,fisher,c3_b0,3,0.0,0.1815,program/MedMNISTMerge/result/chaoshengmnist(1).md
chaoshengmnist,small,resnet,fisher,c3_b0.01,3,0.01,0.1563,program/MedMNISTMerge/result/chaoshengmnist(1).md
chaoshengmnist,small,resnet,fisher,c3_b0.1,3,0.1,0.3621,program/MedMNISTMerge/result/chaoshengmnist(1).md
chaoshengmnist,small,resnet,fisher,c5_b0,5,0.0,0.1806,program/MedMNISTMerge/result/chaoshengmnist(1).md
chaoshengmnist,small,resnet,fisher,c5_b0.01,5,0.01,0.2174,program/MedMNISTMerge/result/chaoshengmnist(1).md
chaoshengmnist,small,resnet,fisher,c5_b0.1,5,0.1,0.1599,program/MedMNISTMerge/result/chaoshengmnist(1).md
chaoshengmnist,small,resnet,fisher,c7_b0,7,0.0,0.239,program/MedMNISTMerge/result/chaoshengmnist(1).md
chaoshengmnist,small,resnet,fisher,c7_b0.01,7,0.01,0.2579,program/MedMNISTMerge/result/chaoshengmnist(1).md
chaoshengmnist,small,resnet,fisher,c7_b0.1,7,0.1,0.257,program/MedMNISTMerge/result/chaoshengmnist(1).md
chaoshengmnist,small,resnet,breadcrumbs,c3_b0,3,0.0,0.1294,program/MedMNISTMerge/result/chaoshengmnist(1).md
chaoshengmnist,small,resnet,breadcrumbs,c3_b0.01,3,0.01,0.1285,program/MedMNISTMerge/result/chaoshengmnist(1).md
chaoshengmnist,small,resnet,breadcrumbs,c3_b0.1,3,0.1,0.1096,program/MedMNISTMerge/result/chaoshengmnist(1).md
chaoshengmnist,small,resnet,breadcrumbs,c5_b0,5,0.0,0.1087,program/MedMNISTMerge/result/chaoshengmnist(1).md
chaoshengmnist,small,resnet,breadcrumbs,c5_b0.01,5,0.01,0.1105,program/MedMNISTMerge/result/chaoshengmnist(1).md
chaoshengmnist,small,resnet,breadcrumbs,c5_b0.1,5,0.1,0.1626,program/MedMNISTMerge/result/chaoshengmnist(1).md
chaoshengmnist,small,resnet,breadcrumbs,c7_b0,7,0.0,0.1168,program/MedMNISTMerge/result/chaoshengmnist(1).md
chaoshengmnist,small,resnet,breadcrumbs,c7_b0.01,7,0.01,0.0916,program/MedMNISTMerge/result/chaoshengmnist(1).md
chaoshengmnist,small,resnet,breadcrumbs,c7_b0.1,7,0.1,0.0979,program/MedMNISTMerge/result/chaoshengmnist(1).md
chaoshengmnist,small,resnet,model_stock,c3_b0,3,0.0,0.1662,program/MedMNISTMerge/result/chaoshengmnist(1).md
chaoshengmnist,small,resnet,model_stock,c3_b0.01,3,0.01,0.1878,program/MedMNISTMerge/result/chaoshengmnist(1).md
chaoshengmnist,small,resnet,model_stock,c3_b0.1,3,0.1,0.1833,program/MedMNISTMerge/result/chaoshengmnist(1).md
chaoshengmnist,small,resnet,model_stock,c5_b0,5,0.0,0.1249,program/MedMNISTMerge/result/chaoshengmnist(1).md
chaoshengmnist,small,resnet,model_stock,c5_b0.01,5,0.01,0.1366,program/MedMNISTMerge/result/chaoshengmnist(1).md
chaoshengmnist,small,resnet,model_stock,c5_b0.1,5,0.1,0.1348,program/MedMNISTMerge/result/chaoshengmnist(1).md
chaoshengmnist,small,resnet,model_stock,c7_b0,7,0.0,0.1689,program/MedMNISTMerge/result/chaoshengmnist(1).md
chaoshengmnist,small,resnet,model_stock,c7_b0.01,7,0.01,0.1402,program/MedMNISTMerge/result/chaoshengmnist(1).md
chaoshengmnist,small,resnet,model_stock,c7_b0.1,7,0.1,0.1644,program/MedMNISTMerge/result/chaoshengmnist(1).md
chaoshengmnist,small,resnet,from,c3_b0,3,0.0,0.2588,program/MedMNISTMerge/result/chaoshengmnist(1).md
chaoshengmnist,small,resnet,from,c3_b0.01,3,0.01,0.2543,program/MedMNISTMerge/result/chaoshengmnist(1).md
chaoshengmnist,small,resnet,from,c3_b0.1,3,0.1,0.1797,program/MedMNISTMerge/result/chaoshengmnist(1).md
chaoshengmnist,small,resnet,from,c5_b0,5,0.0,0.1482,program/MedMNISTMerge/result/chaoshengmnist(1).md
chaoshengmnist,small,resnet,from,c5_b0.01,5,0.01,0.1725,program/MedMNISTMerge/result/chaoshengmnist(1).md
chaoshengmnist,small,resnet,from,c5_b0.1,5,0.1,0.1312,program/MedMNISTMerge/result/chaoshengmnist(1).md
chaoshengmnist,small,resnet,from,c7_b0,7,0.0,0.2444,program/MedMNISTMerge/result/chaoshengmnist(1).md
chaoshengmnist,small,resnet,from,c7_b0.01,7,0.01,0.2129,program/MedMNISTMerge/result/chaoshengmnist(1).md
chaoshengmnist,small,resnet,from,c7_b0.1,7,0.1,0.1617,program/MedMNISTMerge/result/chaoshengmnist(1).md
chaoshengmnist,small,resnet,iso_c,c3_b0,3,0.0,0.2624,program/MedMNISTMerge/result/chaoshengmnist(1).md
chaoshengmnist,small,resnet,iso_c,c3_b0.01,3,0.01,0.301,program/MedMNISTMerge/result/chaoshengmnist(1).md
chaoshengmnist,small,resnet,iso_c,c3_b0.1,3,0.1,0.221,program/MedMNISTMerge/result/chaoshengmnist(1).md
chaoshengmnist,small,resnet,iso_c,c5_b0,5,0.0,0.1554,program/MedMNISTMerge/result/chaoshengmnist(1).md
chaoshengmnist,small,resnet,iso_c,c5_b0.01,5,0.01,0.1626,program/MedMNISTMerge/result/chaoshengmnist(1).md
chaoshengmnist,small,resnet,iso_c,c5_b0.1,5,0.1,0.1914,program/MedMNISTMerge/result/chaoshengmnist(1).md
chaoshengmnist,small,resnet,iso_c,c7_b0,7,0.0,0.1662,program/MedMNISTMerge/result/chaoshengmnist(1).md
chaoshengmnist,small,resnet,iso_c,c7_b0.01,7,0.01,0.1195,program/MedMNISTMerge/result/chaoshengmnist(1).md
chaoshengmnist,small,resnet,iso_c,c7_b0.1,7,0.1,0.1806,program/MedMNISTMerge/result/chaoshengmnist(1).md
chaoshengmnist,small,resnet,free_merge,c3_b0,3,0.0,0.2552,program/MedMNISTMerge/result/chaoshengmnist(1).md
chaoshengmnist,small,resnet,free_merge,c3_b0.01,3,0.01,0.301,program/MedMNISTMerge/result/chaoshengmnist(1).md
chaoshengmnist,small,resnet,free_merge,c3_b0.1,3,0.1,0.1743,program/MedMNISTMerge/result/chaoshengmnist(1).md
chaoshengmnist,small,resnet,free_merge,c5_b0,5,0.0,0.1545,program/MedMNISTMerge/result/chaoshengmnist(1).md
chaoshengmnist,small,resnet,free_merge,c5_b0.01,5,0.01,0.1536,program/MedMNISTMerge/result/chaoshengmnist(1).md
chaoshengmnist,small,resnet,free_merge,c5_b0.1,5,0.1,0.1662,program/MedMNISTMerge/result/chaoshengmnist(1).md
chaoshengmnist,small,resnet,free_merge,c7_b0,7,0.0,0.1689,program/MedMNISTMerge/result/chaoshengmnist(1).md
chaoshengmnist,small,resnet,free_merge,c7_b0.01,7,0.01,0.133,program/MedMNISTMerge/result/chaoshengmnist(1).md
chaoshengmnist,small,resnet,free_merge,c7_b0.1,7,0.1,0.1617,program/MedMNISTMerge/result/chaoshengmnist(1).md
chaoshengmnist,small,resnet,robustmerge,c3_b0,3,0.0,0.2659,program/MedMNISTMerge/result/chaoshengmnist(1).md
chaoshengmnist,small,resnet,robustmerge,c3_b0.01,3,0.01,0.1473,program/MedMNISTMerge/result/chaoshengmnist(1).md
chaoshengmnist,small,resnet,robustmerge,c3_b0.1,3,0.1,0.2435,program/MedMNISTMerge/result/chaoshengmnist(1).md
chaoshengmnist,small,resnet,robustmerge,c5_b0,5,0.0,0.2264,program/MedMNISTMerge/result/chaoshengmnist(1).md
chaoshengmnist,small,resnet,robustmerge,c5_b0.01,5,0.01,0.1878,program/MedMNISTMerge/result/chaoshengmnist(1).md
chaoshengmnist,small,resnet,robustmerge,c5_b0.1,5,0.1,0.2552,program/MedMNISTMerge/result/chaoshengmnist(1).md
chaoshengmnist,small,resnet,robustmerge,c7_b0,7,0.0,0.1914,program/MedMNISTMerge/result/chaoshengmnist(1).md
chaoshengmnist,small,resnet,robustmerge,c7_b0.01,7,0.01,0.1276,program/MedMNISTMerge/result/chaoshengmnist(1).md
chaoshengmnist,small,resnet,robustmerge,c7_b0.1,7,0.1,0.1932,program/MedMNISTMerge/result/chaoshengmnist(1).md
chaoshengmnist,small,convnext,avg,c3_b0,3,0.0,0.1051,program/MedMNISTMerge/result/chaoshengmnist(1).md
chaoshengmnist,small,convnext,avg,c3_b0.01,3,0.01,0.1734,program/MedMNISTMerge/result/chaoshengmnist(1).md
chaoshengmnist,small,convnext,avg,c3_b0.1,3,0.1,0.1734,program/MedMNISTMerge/result/chaoshengmnist(1).md
chaoshengmnist,small,convnext,avg,c5_b0,5,0.0,0.1734,program/MedMNISTMerge/result/chaoshengmnist(1).md
chaoshengmnist,small,convnext,avg,c5_b0.01,5,0.01,0.1051,program/MedMNISTMerge/result/chaoshengmnist(1).md
chaoshengmnist,small,convnext,avg,c5_b0.1,5,0.1,0.1734,program/MedMNISTMerge/result/chaoshengmnist(1).md
chaoshengmnist,small,convnext,avg,c7_b0,7,0.0,0.1087,program/MedMNISTMerge/result/chaoshengmnist(1).md
chaoshengmnist,small,convnext,avg,c7_b0.01,7,0.01,0.1051,program/MedMNISTMerge/result/chaoshengmnist(1).md
chaoshengmnist,small,convnext,avg,c7_b0.1,7,0.1,0.1617,program/MedMNISTMerge/result/chaoshengmnist(1).md
chaoshengmnist,small,convnext,ties,c3_b0,3,0.0,0.1087,program/MedMNISTMerge/result/chaoshengmnist(1).md
chaoshengmnist,small,convnext,ties,c3_b0.01,3,0.01,0.1734,program/MedMNISTMerge/result/chaoshengmnist(1).md
chaoshengmnist,small,convnext,ties,c3_b0.1,3,0.1,0.1734,program/MedMNISTMerge/result/chaoshengmnist(1).md
chaoshengmnist,small,convnext,ties,c5_b0,5,0.0,0.0898,program/MedMNISTMerge/result/chaoshengmnist(1).md
chaoshengmnist,small,convnext,ties,c5_b0.01,5,0.01,0.1734,program/MedMNISTMerge/result/chaoshengmnist(1).md
chaoshengmnist,small,convnext,ties,c5_b0.1,5,0.1,0.1734,program/MedMNISTMerge/result/chaoshengmnist(1).md
chaoshengmnist,small,convnext,ties,c7_b0,7,0.0,0.1734,program/MedMNISTMerge/result/chaoshengmnist(1).md
chaoshengmnist,small,convnext,ties,c7_b0.01,7,0.01,0.1051,program/MedMNISTMerge/result/chaoshengmnist(1).md
chaoshengmnist,small,convnext,ties,c7_b0.1,7,0.1,0.1087,program/MedMNISTMerge/result/chaoshengmnist(1).md
chaoshengmnist,small,convnext,dare_linear,c3_b0,3,0.0,0.1258,program/MedMNISTMerge/result/chaoshengmnist(1).md
chaoshengmnist,small,convnext,dare_linear,c3_b0.01,3,0.01,0.1734,program/MedMNISTMerge/result/chaoshengmnist(1).md
chaoshengmnist,small,convnext,dare_linear,c3_b0.1,3,0.1,0.1734,program/MedMNISTMerge/result/chaoshengmnist(1).md
chaoshengmnist,small,convnext,dare_linear,c5_b0,5,0.0,0.1734,program/MedMNISTMerge/result/chaoshengmnist(1).md
chaoshengmnist,small,convnext,dare_linear,c5_b0.01,5,0.01,0.1258,program/MedMNISTMerge/result/chaoshengmnist(1).md
chaoshengmnist,small,convnext,dare_linear,c5_b0.1,5,0.1,0.1734,program/MedMNISTMerge/result/chaoshengmnist(1).md
chaoshengmnist,small,convnext,dare_linear,c7_b0,7,0.0,0.1087,program/MedMNISTMerge/result/chaoshengmnist(1).md
chaoshengmnist,small,convnext,dare_linear,c7_b0.01,7,0.01,0.1087,program/MedMNISTMerge/result/chaoshengmnist(1).md
chaoshengmnist,small,convnext,dare_linear,c7_b0.1,7,0.1,0.1617,program/MedMNISTMerge/result/chaoshengmnist(1).md
chaoshengmnist,small,convnext,dare_ties,c3_b0,3,0.0,0.0898,program/MedMNISTMerge/result/chaoshengmnist(1).md
chaoshengmnist,small,convnext,dare_ties,c3_b0.01,3,0.01,0.1734,program/MedMNISTMerge/result/chaoshengmnist(1).md
chaoshengmnist,small,convnext,dare_ties,c3_b0.1,3,0.1,0.1734,program/MedMNISTMerge/result/chaoshengmnist(1).md
chaoshengmnist,small,convnext,dare_ties,c5_b0,5,0.0,0.0898,program/MedMNISTMerge/result/chaoshengmnist(1).md
chaoshengmnist,small,convnext,dare_ties,c5_b0.01,5,0.01,0.1258,program/MedMNISTMerge/result/chaoshengmnist(1).md
chaoshengmnist,small,convnext,dare_ties,c5_b0.1,5,0.1,0.1734,program/MedMNISTMerge/result/chaoshengmnist(1).md
chaoshengmnist,small,convnext,dare_ties,c7_b0,7,0.0,0.1267,program/MedMNISTMerge/result/chaoshengmnist(1).md
chaoshengmnist,small,convnext,dare_ties,c7_b0.01,7,0.01,0.1617,program/MedMNISTMerge/result/chaoshengmnist(1).md
chaoshengmnist,small,convnext,dare_ties,c7_b0.1,7,0.1,0.1617,program/MedMNISTMerge/result/chaoshengmnist(1).md
chaoshengmnist,small,convnext,regmean,c3_b0,3,0.0,0.1258,program/MedMNISTMerge/result/chaoshengmnist(1).md
chaoshengmnist,small,convnext,regmean,c3_b0.01,3,0.01,0.1734,program/MedMNISTMerge/result/chaoshengmnist(1).md
chaoshengmnist,small,convnext,regmean,c3_b0.1,3,0.1,0.1734,program/MedMNISTMerge/result/chaoshengmnist(1).md
chaoshengmnist,small,convnext,regmean,c5_b0,5,0.0,0.1267,program/MedMNISTMerge/result/chaoshengmnist(1).md
chaoshengmnist,small,convnext,regmean,c5_b0.01,5,0.01,0.1617,program/MedMNISTMerge/result/chaoshengmnist(1).md
chaoshengmnist,small,convnext,regmean,c5_b0.1,5,0.1,0.1734,program/MedMNISTMerge/result/chaoshengmnist(1).md
chaoshengmnist,small,convnext,regmean,c7_b0,7,0.0,0.1617,program/MedMNISTMerge/result/chaoshengmnist(1).md
chaoshengmnist,small,convnext,regmean,c7_b0.01,7,0.01,0.1617,program/MedMNISTMerge/result/chaoshengmnist(1).md
chaoshengmnist,small,convnext,regmean,c7_b0.1,7,0.1,0.1267,program/MedMNISTMerge/result/chaoshengmnist(1).md
chaoshengmnist,small,convnext,fisher,c3_b0,3,0.0,0.1617,program/MedMNISTMerge/result/chaoshengmnist(1).md
chaoshengmnist,small,convnext,fisher,c3_b0.01,3,0.01,0.1734,program/MedMNISTMerge/result/chaoshengmnist(1).md
chaoshengmnist,small,convnext,fisher,c3_b0.1,3,0.1,0.1734,program/MedMNISTMerge/result/chaoshengmnist(1).md
chaoshengmnist,small,convnext,fisher,c5_b0,5,0.0,0.1258,program/MedMNISTMerge/result/chaoshengmnist(1).md
chaoshengmnist,small,convnext,fisher,c5_b0.01,5,0.01,0.1734,program/MedMNISTMerge/result/chaoshengmnist(1).md
chaoshengmnist,small,convnext,fisher,c5_b0.1,5,0.1,0.1087,program/MedMNISTMerge/result/chaoshengmnist(1).md
chaoshengmnist,small,convnext,fisher,c7_b0,7,0.0,0.0898,program/MedMNISTMerge/result/chaoshengmnist(1).md
chaoshengmnist,small,convnext,fisher,c7_b0.01,7,0.01,0.1734,program/MedMNISTMerge/result/chaoshengmnist(1).md
chaoshengmnist,small,convnext,fisher,c7_b0.1,7,0.1,0.1734,program/MedMNISTMerge/result/chaoshengmnist(1).md
chaoshengmnist,small,convnext,breadcrumbs,c3_b0,3,0.0,0.1267,program/MedMNISTMerge/result/chaoshengmnist(1).md
chaoshengmnist,small,convnext,breadcrumbs,c3_b0.01,3,0.01,0.1267,program/MedMNISTMerge/result/chaoshengmnist(1).md
chaoshengmnist,small,convnext,breadcrumbs,c3_b0.1,3,0.1,0.1617,program/MedMNISTMerge/result/chaoshengmnist(1).md
chaoshengmnist,small,convnext,breadcrumbs,c5_b0,5,0.0,0.1087,program/MedMNISTMerge/result/chaoshengmnist(1).md
chaoshengmnist,small,convnext,breadcrumbs,c5_b0.01,5,0.01,0.1267,program/MedMNISTMerge/result/chaoshengmnist(1).md
chaoshengmnist,small,convnext,breadcrumbs,c5_b0.1,5,0.1,0.1734,program/MedMNISTMerge/result/chaoshengmnist(1).md
chaoshengmnist,small,convnext,breadcrumbs,c7_b0,7,0.0,0.1087,program/MedMNISTMerge/result/chaoshengmnist(1).md
chaoshengmnist,small,convnext,breadcrumbs,c7_b0.01,7,0.01,0.1734,program/MedMNISTMerge/result/chaoshengmnist(1).md
chaoshengmnist,small,convnext,breadcrumbs,c7_b0.1,7,0.1,0.1267,program/MedMNISTMerge/result/chaoshengmnist(1).md
chaoshengmnist,small,convnext,model_stock,c3_b0,3,0.0,0.1258,program/MedMNISTMerge/result/chaoshengmnist(1).md
chaoshengmnist,small,convnext,model_stock,c3_b0.01,3,0.01,0.1734,program/MedMNISTMerge/result/chaoshengmnist(1).md
chaoshengmnist,small,convnext,model_stock,c3_b0.1,3,0.1,0.1734,program/MedMNISTMerge/result/chaoshengmnist(1).md
chaoshengmnist,small,convnext,model_stock,c5_b0,5,0.0,0.1087,program/MedMNISTMerge/result/chaoshengmnist(1).md
chaoshengmnist,small,convnext,model_stock,c5_b0.01,5,0.01,0.1051,program/MedMNISTMerge/result/chaoshengmnist(1).md
chaoshengmnist,small,convnext,model_stock,c5_b0.1,5,0.1,0.1734,program/MedMNISTMerge/result/chaoshengmnist(1).md
chaoshengmnist,small,convnext,model_stock,c7_b0,7,0.0,0.1087,program/MedMNISTMerge/result/chaoshengmnist(1).md
chaoshengmnist,small,convnext,model_stock,c7_b0.01,7,0.01,0.1734,program/MedMNISTMerge/result/chaoshengmnist(1).md
chaoshengmnist,small,convnext,model_stock,c7_b0.1,7,0.1,0.1617,program/MedMNISTMerge/result/chaoshengmnist(1).md
chaoshengmnist,small,convnext,from,c3_b0,3,0.0,0.1258,program/MedMNISTMerge/result/chaoshengmnist(1).md
chaoshengmnist,small,convnext,from,c3_b0.01,3,0.01,0.1734,program/MedMNISTMerge/result/chaoshengmnist(1).md
chaoshengmnist,small,convnext,from,c3_b0.1,3,0.1,0.1734,program/MedMNISTMerge/result/chaoshengmnist(1).md
chaoshengmnist,small,convnext,from,c5_b0,5,0.0,0.1267,program/MedMNISTMerge/result/chaoshengmnist(1).md
chaoshengmnist,small,convnext,from,c5_b0.01,5,0.01,0.1734,program/MedMNISTMerge/result/chaoshengmnist(1).md
chaoshengmnist,small,convnext,from,c5_b0.1,5,0.1,0.1734,program/MedMNISTMerge/result/chaoshengmnist(1).md
chaoshengmnist,small,convnext,from,c7_b0,7,0.0,0.1087,program/MedMNISTMerge/result/chaoshengmnist(1).md
chaoshengmnist,small,convnext,from,c7_b0.01,7,0.01,0.1087,program/MedMNISTMerge/result/chaoshengmnist(1).md
chaoshengmnist,small,convnext,from,c7_b0.1,7,0.1,0.1087,program/MedMNISTMerge/result/chaoshengmnist(1).md
chaoshengmnist,small,convnext,iso_c,c3_b0,3,0.0,0.1087,program/MedMNISTMerge/result/chaoshengmnist(1).md
chaoshengmnist,small,convnext,iso_c,c3_b0.01,3,0.01,0.1734,program/MedMNISTMerge/result/chaoshengmnist(1).md
chaoshengmnist,small,convnext,iso_c,c3_b0.1,3,0.1,0.1734,program/MedMNISTMerge/result/chaoshengmnist(1).md
chaoshengmnist,small,convnext,iso_c,c5_b0,5,0.0,0.1087,program/MedMNISTMerge/result/chaoshengmnist(1).md
chaoshengmnist,small,convnext,iso_c,c5_b0.01,5,0.01,0.1051,program/MedMNISTMerge/result/chaoshengmnist(1).md
chaoshengmnist,small,convnext,iso_c,c5_b0.1,5,0.1,0.1734,program/MedMNISTMerge/result/chaoshengmnist(1).md
chaoshengmnist,small,convnext,iso_c,c7_b0,7,0.0,0.1581,program/MedMNISTMerge/result/chaoshengmnist(1).md
chaoshengmnist,small,convnext,iso_c,c7_b0.01,7,0.01,0.1617,program/MedMNISTMerge/result/chaoshengmnist(1).md
chaoshengmnist,small,convnext,iso_c,c7_b0.1,7,0.1,0.1617,program/MedMNISTMerge/result/chaoshengmnist(1).md
chaoshengmnist,small,convnext,free_merge,c3_b0,3,0.0,0.1051,program/MedMNISTMerge/result/chaoshengmnist(1).md
chaoshengmnist,small,convnext,free_merge,c3_b0.01,3,0.01,0.1734,program/MedMNISTMerge/result/chaoshengmnist(1).md
chaoshengmnist,small,convnext,free_merge,c3_b0.1,3,0.1,0.1734,program/MedMNISTMerge/result/chaoshengmnist(1).md
chaoshengmnist,small,convnext,free_merge,c5_b0,5,0.0,0.1087,program/MedMNISTMerge/result/chaoshengmnist(1).md
chaoshengmnist,small,convnext,free_merge,c5_b0.01,5,0.01,0.1051,program/MedMNISTMerge/result/chaoshengmnist(1).md
chaoshengmnist,small,convnext,free_merge,c5_b0.1,5,0.1,0.1734,program/MedMNISTMerge/result/chaoshengmnist(1).md
chaoshengmnist,small,convnext,free_merge,c7_b0,7,0.0,0.1734,program/MedMNISTMerge/result/chaoshengmnist(1).md
chaoshengmnist,small,convnext,free_merge,c7_b0.01,7,0.01,0.1734,program/MedMNISTMerge/result/chaoshengmnist(1).md
chaoshengmnist,small,convnext,free_merge,c7_b0.1,7,0.1,0.1617,program/MedMNISTMerge/result/chaoshengmnist(1).md
chaoshengmnist,small,convnext,robustmerge,c3_b0,3,0.0,0.1267,program/MedMNISTMerge/result/chaoshengmnist(1).md
chaoshengmnist,small,convnext,robustmerge,c3_b0.01,3,0.01,0.0898,program/MedMNISTMerge/result/chaoshengmnist(1).md
chaoshengmnist,small,convnext,robustmerge,c3_b0.1,3,0.1,0.1734,program/MedMNISTMerge/result/chaoshengmnist(1).md
chaoshengmnist,small,convnext,robustmerge,c5_b0,5,0.0,0.1087,program/MedMNISTMerge/result/chaoshengmnist(1).md
chaoshengmnist,small,convnext,robustmerge,c5_b0.01,5,0.01,0.1051,program/MedMNISTMerge/result/chaoshengmnist(1).md
chaoshengmnist,small,convnext,robustmerge,c5_b0.1,5,0.1,0.1267,program/MedMNISTMerge/result/chaoshengmnist(1).md
chaoshengmnist,small,convnext,robustmerge,c7_b0,7,0.0,0.1087,program/MedMNISTMerge/result/chaoshengmnist(1).md
chaoshengmnist,small,convnext,robustmerge,c7_b0.01,7,0.01,0.1734,program/MedMNISTMerge/result/chaoshengmnist(1).md
chaoshengmnist,small,convnext,robustmerge,c7_b0.1,7,0.1,0.1267,program/MedMNISTMerge/result/chaoshengmnist(1).md
chaoshengmnist,small,vit_t,avg,c3_b0,3,0.0,0.1339,program/MedMNISTMerge/result/chaoshengmnist(1).md
chaoshengmnist,small,vit_t,avg,c3_b0.01,3,0.01,0.1743,program/MedMNISTMerge/result/chaoshengmnist(1).md
chaoshengmnist,small,vit_t,avg,c3_b0.1,3,0.1,0.1267,program/MedMNISTMerge/result/chaoshengmnist(1).md
chaoshengmnist,small,vit_t,avg,c5_b0,5,0.0,0.1258,program/MedMNISTMerge/result/chaoshengmnist(1).md
chaoshengmnist,small,vit_t,avg,c5_b0.01,5,0.01,0.0988,program/MedMNISTMerge/result/chaoshengmnist(1).md
chaoshengmnist,small,vit_t,avg,c5_b0.1,5,0.1,0.1734,program/MedMNISTMerge/result/chaoshengmnist(1).md
chaoshengmnist,small,vit_t,avg,c7_b0,7,0.0,0.1087,program/MedMNISTMerge/result/chaoshengmnist(1).md
chaoshengmnist,small,vit_t,avg,c7_b0.01,7,0.01,0.2228,program/MedMNISTMerge/result/chaoshengmnist(1).md
chaoshengmnist,small,vit_t,avg,c7_b0.1,7,0.1,0.2336,program/MedMNISTMerge/result/chaoshengmnist(1).md
chaoshengmnist,small,vit_t,ties,c3_b0,3,0.0,0.1725,program/MedMNISTMerge/result/chaoshengmnist(1).md
chaoshengmnist,small,vit_t,ties,c3_b0.01,3,0.01,0.301,program/MedMNISTMerge/result/chaoshengmnist(1).md
chaoshengmnist,small,vit_t,ties,c3_b0.1,3,0.1,0.1267,program/MedMNISTMerge/result/chaoshengmnist(1).md
chaoshengmnist,small,vit_t,ties,c5_b0,5,0.0,0.0845,program/MedMNISTMerge/result/chaoshengmnist(1).md
chaoshengmnist,small,vit_t,ties,c5_b0.01,5,0.01,0.1303,program/MedMNISTMerge/result/chaoshengmnist(1).md
chaoshengmnist,small,vit_t,ties,c5_b0.1,5,0.1,0.177,program/MedMNISTMerge/result/chaoshengmnist(1).md
chaoshengmnist,small,vit_t,ties,c7_b0,7,0.0,0.1096,program/MedMNISTMerge/result/chaoshengmnist(1).md
chaoshengmnist,small,vit_t,ties,c7_b0.01,7,0.01,0.106,program/MedMNISTMerge/result/chaoshengmnist(1).md
chaoshengmnist,small,vit_t,ties,c7_b0.1,7,0.1,0.0898,program/MedMNISTMerge/result/chaoshengmnist(1).md
chaoshengmnist,small,vit_t,dare_linear,c3_b0,3,0.0,0.1473,program/MedMNISTMerge/result/chaoshengmnist(1).md
chaoshengmnist,small,vit_t,dare_linear,c3_b0.01,3,0.01,0.1725,program/MedMNISTMerge/result/chaoshengmnist(1).md
chaoshengmnist,small,vit_t,dare_linear,c3_b0.1,3,0.1,0.0898,program/MedMNISTMerge/result/chaoshengmnist(1).md
chaoshengmnist,small,vit_t,dare_linear,c5_b0,5,0.0,0.1051,program/MedMNISTMerge/result/chaoshengmnist(1).md
chaoshengmnist,small,vit_t,dare_linear,c5_b0.01,5,0.01,0.1051,program/MedMNISTMerge/result/chaoshengmnist(1).md
chaoshengmnist,small,vit_t,dare_linear,c5_b0.1,5,0.1,0.1051,program/MedMNISTMerge/result/chaoshengmnist(1).md
chaoshengmnist,small,vit_t,dare_linear,c7_b0,7,0.0,0.1087,program/MedMNISTMerge/result/chaoshengmnist(1).md
chaoshengmnist,small,vit_t,dare_linear,c7_b0.01,7,0.01,0.159,program/MedMNISTMerge/result/chaoshengmnist(1).md
chaoshengmnist,small,vit_t,dare_linear,c7_b0.1,7,0.1,0.1626,program/MedMNISTMerge/result/chaoshengmnist(1).md
chaoshengmnist,small,vit_t,dare_ties,c3_b0,3,0.0,0.1743,program/MedMNISTMerge/result/chaoshengmnist(1).md
chaoshengmnist,small,vit_t,dare_ties,c3_b0.01,3,0.01,0.1321,program/MedMNISTMerge/result/chaoshengmnist(1).md
chaoshengmnist,small,vit_t,dare_ties,c3_b0.1,3,0.1,0.1276,program/MedMNISTMerge/result/chaoshengmnist(1).md
chaoshengmnist,small,vit_t,dare_ties,c5_b0,5,0.0,0.1051,program/MedMNISTMerge/result/chaoshengmnist(1).md
chaoshengmnist,small,vit_t,dare_ties,c5_b0.01,5,0.01,0.1141,program/MedMNISTMerge/result/chaoshengmnist(1).md
chaoshengmnist,small,vit_t,dare_ties,c5_b0.1,5,0.1,0.1168,program/MedMNISTMerge/result/chaoshengmnist(1).md
chaoshengmnist,small,vit_t,dare_ties,c7_b0,7,0.0,0.1051,program/MedMNISTMerge/result/chaoshengmnist(1).md
chaoshengmnist,small,vit_t,dare_ties,c7_b0.01,7,0.01,0.1177,program/MedMNISTMerge/result/chaoshengmnist(1).md
chaoshengmnist,small,vit_t,dare_ties,c7_b0.1,7,0.1,0.0898,program/MedMNISTMerge/result/chaoshengmnist(1).md
chaoshengmnist,small,vit_t,regmean,c3_b0,3,0.0,0.1752,program/MedMNISTMerge/result/chaoshengmnist(1).md
chaoshengmnist,small,vit_t,regmean,c3_b0.01,3,0.01,0.1518,program/MedMNISTMerge/result/chaoshengmnist(1).md
chaoshengmnist,small,vit_t,regmean,c3_b0.1,3,0.1,0.1204,program/MedMNISTMerge/result/chaoshengmnist(1).md
chaoshengmnist,small,vit_t,regmean,c5_b0,5,0.0,0.1087,program/MedMNISTMerge/result/chaoshengmnist(1).md
chaoshengmnist,small,vit_t,regmean,c5_b0.01,5,0.01,0.1258,program/MedMNISTMerge/result/chaoshengmnist(1).md
chaoshengmnist,small,vit_t,regmean,c5_b0.1,5,0.1,0.1806,program/MedMNISTMerge/result/chaoshengmnist(1).md
chaoshengmnist,small,vit_t,regmean,c7_b0,7,0.0,0.1114,program/MedMNISTMerge/result/chaoshengmnist(1).md
chaoshengmnist,small,vit_t,regmean,c7_b0.01,7,0.01,0.1051,program/MedMNISTMerge/result/chaoshengmnist(1).md
chaoshengmnist,small,vit_t,regmean,c7_b0.1,7,0.1,0.1267,program/MedMNISTMerge/result/chaoshengmnist(1).md
chaoshengmnist,small,vit_t,fisher,c3_b0,3,0.0,0.1671,program/MedMNISTMerge/result/chaoshengmnist(1).md
chaoshengmnist,small,vit_t,fisher,c3_b0.01,3,0.01,0.1932,program/MedMNISTMerge/result/chaoshengmnist(1).md
chaoshengmnist,small,vit_t,fisher,c3_b0.1,3,0.1,0.1231,program/MedMNISTMerge/result/chaoshengmnist(1).md
chaoshengmnist,small,vit_t,fisher,c5_b0,5,0.0,0.1617,program/MedMNISTMerge/result/chaoshengmnist(1).md
chaoshengmnist,small,vit_t,fisher,c5_b0.01,5,0.01,0.1231,program/MedMNISTMerge/result/chaoshengmnist(1).md
chaoshengmnist,small,vit_t,fisher,c5_b0.1,5,0.1,0.1096,program/MedMNISTMerge/result/chaoshengmnist(1).md
chaoshengmnist,small,vit_t,fisher,c7_b0,7,0.0,0.1258,program/MedMNISTMerge/result/chaoshengmnist(1).md
chaoshengmnist,small,vit_t,fisher,c7_b0.01,7,0.01,0.1734,program/MedMNISTMerge/result/chaoshengmnist(1).md
chaoshengmnist,small,vit_t,fisher,c7_b0.1,7,0.1,0.1267,program/MedMNISTMerge/result/chaoshengmnist(1).md
chaoshengmnist,small,vit_t,breadcrumbs,c3_b0,3,0.0,0.1914,program/MedMNISTMerge/result/chaoshengmnist(1).md
chaoshengmnist,small,vit_t,breadcrumbs,c3_b0.01,3,0.01,0.1267,program/MedMNISTMerge/result/chaoshengmnist(1).md
chaoshengmnist,small,vit_t,breadcrumbs,c3_b0.1,3,0.1,0.0898,program/MedMNISTMerge/result/chaoshengmnist(1).md
chaoshengmnist,small,vit_t,breadcrumbs,c5_b0,5,0.0,0.1105,program/MedMNISTMerge/result/chaoshengmnist(1).md
chaoshengmnist,small,vit_t,breadcrumbs,c5_b0.01,5,0.01,0.1267,program/MedMNISTMerge/result/chaoshengmnist(1).md
chaoshengmnist,small,vit_t,breadcrumbs,c5_b0.1,5,0.1,0.1051,program/MedMNISTMerge/result/chaoshengmnist(1).md
chaoshengmnist,small,vit_t,breadcrumbs,c7_b0,7,0.0,0.1608,program/MedMNISTMerge/result/chaoshengmnist(1).md
chaoshengmnist,small,vit_t,breadcrumbs,c7_b0.01,7,0.01,0.1707,program/MedMNISTMerge/result/chaoshengmnist(1).md
chaoshengmnist,small,vit_t,breadcrumbs,c7_b0.1,7,0.1,0.1258,program/MedMNISTMerge/result/chaoshengmnist(1).md
chaoshengmnist,small,vit_t,model_stock,c3_b0,3,0.0,0.1779,program/MedMNISTMerge/result/chaoshengmnist(1).md
chaoshengmnist,small,vit_t,model_stock,c3_b0.01,3,0.01,0.1752,program/MedMNISTMerge/result/chaoshengmnist(1).md
chaoshengmnist,small,vit_t,model_stock,c3_b0.1,3,0.1,0.1267,program/MedMNISTMerge/result/chaoshengmnist(1).md
chaoshengmnist,small,vit_t,model_stock,c5_b0,5,0.0,0.2363,program/MedMNISTMerge/result/chaoshengmnist(1).md
chaoshengmnist,small,vit_t,model_stock,c5_b0.01,5,0.01,0.133,program/MedMNISTMerge/result/chaoshengmnist(1).md
chaoshengmnist,small,vit_t,model_stock,c5_b0.1,5,0.1,0.1734,program/MedMNISTMerge/result/chaoshengmnist(1).md
chaoshengmnist,small,vit_t,model_stock,c7_b0,7,0.0,0.1617,program/MedMNISTMerge/result/chaoshengmnist(1).md
chaoshengmnist,small,vit_t,model_stock,c7_b0.01,7,0.01,0.1662,program/MedMNISTMerge/result/chaoshengmnist(1).md
chaoshengmnist,small,vit_t,model_stock,c7_b0.1,7,0.1,0.1644,program/MedMNISTMerge/result/chaoshengmnist(1).md
chaoshengmnist,small,vit_t,from,c3_b0,3,0.0,0.1393,program/MedMNISTMerge/result/chaoshengmnist(1).md
chaoshengmnist,small,vit_t,from,c3_b0.01,3,0.01,0.2848,program/MedMNISTMerge/result/chaoshengmnist(1).md
chaoshengmnist,small,vit_t,from,c3_b0.1,3,0.1,0.1267,program/MedMNISTMerge/result/chaoshengmnist(1).md
chaoshengmnist,small,vit_t,from,c5_b0,5,0.0,0.1321,program/MedMNISTMerge/result/chaoshengmnist(1).md
chaoshengmnist,small,vit_t,from,c5_b0.01,5,0.01,0.1267,program/MedMNISTMerge/result/chaoshengmnist(1).md
chaoshengmnist,small,vit_t,from,c5_b0.1,5,0.1,0.2642,program/MedMNISTMerge/result/chaoshengmnist(1).md
chaoshengmnist,small,vit_t,from,c7_b0,7,0.0,0.1456,program/MedMNISTMerge/result/chaoshengmnist(1).md
chaoshengmnist,small,vit_t,from,c7_b0.01,7,0.01,0.2606,program/MedMNISTMerge/result/chaoshengmnist(1).md
chaoshengmnist,small,vit_t,from,c7_b0.1,7,0.1,0.1267,program/MedMNISTMerge/result/chaoshengmnist(1).md
chaoshengmnist,small,vit_t,iso_c,c3_b0,3,0.0,0.159,program/MedMNISTMerge/result/chaoshengmnist(1).md
chaoshengmnist,small,vit_t,iso_c,c3_b0.01,3,0.01,0.1393,program/MedMNISTMerge/result/chaoshengmnist(1).md
chaoshengmnist,small,vit_t,iso_c,c3_b0.1,3,0.1,0.1267,program/MedMNISTMerge/result/chaoshengmnist(1).md
chaoshengmnist,small,vit_t,iso_c,c5_b0,5,0.0,0.1779,program/MedMNISTMerge/result/chaoshengmnist(1).md
chaoshengmnist,small,vit_t,iso_c,c5_b0.01,5,0.01,0.1069,program/MedMNISTMerge/result/chaoshengmnist(1).md
chaoshengmnist,small,vit_t,iso_c,c5_b0.1,5,0.1,0.1734,program/MedMNISTMerge/result/chaoshengmnist(1).md
chaoshengmnist,small,vit_t,iso_c,c7_b0,7,0.0,0.2237,program/MedMNISTMerge/result/chaoshengmnist(1).md
chaoshengmnist,small,vit_t,iso_c,c7_b0.01,7,0.01,0.1231,program/MedMNISTMerge/result/chaoshengmnist(1).md
chaoshengmnist,small,vit_t,iso_c,c7_b0.1,7,0.1,0.2138,program/MedMNISTMerge/result/chaoshengmnist(1).md
chaoshengmnist,small,vit_t,free_merge,c3_b0,3,0.0,0.1213,program/MedMNISTMerge/result/chaoshengmnist(1).md
chaoshengmnist,small,vit_t,free_merge,c3_b0.01,3,0.01,0.1734,program/MedMNISTMerge/result/chaoshengmnist(1).md
chaoshengmnist,small,vit_t,free_merge,c3_b0.1,3,0.1,0.1267,program/MedMNISTMerge/result/chaoshengmnist(1).md
chaoshengmnist,small,vit_t,free_merge,c5_b0,5,0.0,0.1959,program/MedMNISTMerge/result/chaoshengmnist(1).md
chaoshengmnist,small,vit_t,free_merge,c5_b0.01,5,0.01,0.1087,program/MedMNISTMerge/result/chaoshengmnist(1).md
chaoshengmnist,small,vit_t,free_merge,c5_b0.1,5,0.1,0.1734,program/MedMNISTMerge/result/chaoshengmnist(1).md
chaoshengmnist,small,vit_t,free_merge,c7_b0,7,0.0,0.1752,program/MedMNISTMerge/result/chaoshengmnist(1).md
chaoshengmnist,small,vit_t,free_merge,c7_b0.01,7,0.01,0.1572,program/MedMNISTMerge/result/chaoshengmnist(1).md
chaoshengmnist,small,vit_t,free_merge,c7_b0.1,7,0.1,0.1617,program/MedMNISTMerge/result/chaoshengmnist(1).md
chaoshengmnist,small,vit_t,robustmerge,c3_b0,3,0.0,0.2354,program/MedMNISTMerge/result/chaoshengmnist(1).md
chaoshengmnist,small,vit_t,robustmerge,c3_b0.01,3,0.01,0.1258,program/MedMNISTMerge/result/chaoshengmnist(1).md
chaoshengmnist,small,vit_t,robustmerge,c3_b0.1,3,0.1,0.1482,program/MedMNISTMerge/result/chaoshengmnist(1).md
chaoshengmnist,small,vit_t,robustmerge,c5_b0,5,0.0,0.1339,program/MedMNISTMerge/result/chaoshengmnist(1).md
chaoshengmnist,small,vit_t,robustmerge,c5_b0.01,5,0.01,0.1267,program/MedMNISTMerge/result/chaoshengmnist(1).md
chaoshengmnist,small,vit_t,robustmerge,c5_b0.1,5,0.1,0.2956,program/MedMNISTMerge/result/chaoshengmnist(1).md
chaoshengmnist,small,vit_t,robustmerge,c7_b0,7,0.0,0.1617,program/MedMNISTMerge/result/chaoshengmnist(1).md
chaoshengmnist,small,vit_t,robustmerge,c7_b0.01,7,0.01,0.1456,program/MedMNISTMerge/result/chaoshengmnist(1).md
chaoshengmnist,small,vit_t,robustmerge,c7_b0.1,7,0.1,0.1617,program/MedMNISTMerge/result/chaoshengmnist(1).md
chaoshengmnist,small,swin_tiny,avg,c3_b0,3,0.0,0.1087,program/MedMNISTMerge/result/chaoshengmnist(1).md
chaoshengmnist,small,swin_tiny,avg,c3_b0.01,3,0.01,0.1734,program/MedMNISTMerge/result/chaoshengmnist(1).md
chaoshengmnist,small,swin_tiny,avg,c3_b0.1,3,0.1,0.1761,program/MedMNISTMerge/result/chaoshengmnist(1).md
chaoshengmnist,small,swin_tiny,avg,c5_b0,5,0.0,0.1096,program/MedMNISTMerge/result/chaoshengmnist(1).md
chaoshengmnist,small,swin_tiny,avg,c5_b0.01,5,0.01,0.1051,program/MedMNISTMerge/result/chaoshengmnist(1).md
chaoshengmnist,small,swin_tiny,avg,c5_b0.1,5,0.1,0.1734,program/MedMNISTMerge/result/chaoshengmnist(1).md
chaoshengmnist,small,swin_tiny,avg,c7_b0,7,0.0,0.1734,program/MedMNISTMerge/result/chaoshengmnist(1).md
chaoshengmnist,small,swin_tiny,avg,c7_b0.01,7,0.01,0.1563,program/MedMNISTMerge/result/chaoshengmnist(1).md
chaoshengmnist,small,swin_tiny,avg,c7_b0.1,7,0.1,0.1096,program/MedMNISTMerge/result/chaoshengmnist(1).md
chaoshengmnist,small,swin_tiny,ties,c3_b0,3,0.0,0.0898,program/MedMNISTMerge/result/chaoshengmnist(1).md
chaoshengmnist,small,swin_tiny,ties,c3_b0.01,3,0.01,0.2156,program/MedMNISTMerge/result/chaoshengmnist(1).md
chaoshengmnist,small,swin_tiny,ties,c3_b0.1,3,0.1,0.2031,program/MedMNISTMerge/result/chaoshengmnist(1).md
chaoshengmnist,small,swin_tiny,ties,c5_b0,5,0.0,0.1087,program/MedMNISTMerge/result/chaoshengmnist(1).md
chaoshengmnist,small,swin_tiny,ties,c5_b0.01,5,0.01,0.1734,program/MedMNISTMerge/result/chaoshengmnist(1).md
chaoshengmnist,small,swin_tiny,ties,c5_b0.1,5,0.1,0.1087,program/MedMNISTMerge/result/chaoshengmnist(1).md
chaoshengmnist,small,swin_tiny,ties,c7_b0,7,0.0,0.1114,program/MedMNISTMerge/result/chaoshengmnist(1).md
chaoshengmnist,small,swin_tiny,ties,c7_b0.01,7,0.01,0.1051,program/MedMNISTMerge/result/chaoshengmnist(1).md
chaoshengmnist,small,swin_tiny,ties,c7_b0.1,7,0.1,0.1617,program/MedMNISTMerge/result/chaoshengmnist(1).md
chaoshengmnist,small,swin_tiny,dare_linear,c3_b0,3,0.0,0.1734,program/MedMNISTMerge/result/chaoshengmnist(1).md
chaoshengmnist,small,swin_tiny,dare_linear,c3_b0.01,3,0.01,0.1734,program/MedMNISTMerge/result/chaoshengmnist(1).md
chaoshengmnist,small,swin_tiny,dare_linear,c3_b0.1,3,0.1,0.1761,program/MedMNISTMerge/result/chaoshengmnist(1).md
chaoshengmnist,small,swin_tiny,dare_linear,c5_b0,5,0.0,0.1824,program/MedMNISTMerge/result/chaoshengmnist(1).md
chaoshengmnist,small,swin_tiny,dare_linear,c5_b0.01,5,0.01,0.1051,program/MedMNISTMerge/result/chaoshengmnist(1).md
chaoshengmnist,small,swin_tiny,dare_linear,c5_b0.1,5,0.1,0.1734,program/MedMNISTMerge/result/chaoshengmnist(1).md
chaoshengmnist,small,swin_tiny,dare_linear,c7_b0,7,0.0,0.1285,program/MedMNISTMerge/result/chaoshengmnist(1).md
chaoshengmnist,small,swin_tiny,dare_linear,c7_b0.01,7,0.01,0.159,program/MedMNISTMerge/result/chaoshengmnist(1).md
chaoshengmnist,small,swin_tiny,dare_linear,c7_b0.1,7,0.1,0.1617,program/MedMNISTMerge/result/chaoshengmnist(1).md
chaoshengmnist,small,swin_tiny,dare_ties,c3_b0,3,0.0,0.1734,program/MedMNISTMerge/result/chaoshengmnist(1).md
chaoshengmnist,small,swin_tiny,dare_ties,c3_b0.01,3,0.01,0.1851,program/MedMNISTMerge/result/chaoshengmnist(1).md
chaoshengmnist,small,swin_tiny,dare_ties,c3_b0.1,3,0.1,0.1788,program/MedMNISTMerge/result/chaoshengmnist(1).md
chaoshengmnist,small,swin_tiny,dare_ties,c5_b0,5,0.0,0.1051,program/MedMNISTMerge/result/chaoshengmnist(1).md
chaoshengmnist,small,swin_tiny,dare_ties,c5_b0.01,5,0.01,0.1734,program/MedMNISTMerge/result/chaoshengmnist(1).md
chaoshengmnist,small,swin_tiny,dare_ties,c5_b0.1,5,0.1,0.1267,program/MedMNISTMerge/result/chaoshengmnist(1).md
chaoshengmnist,small,swin_tiny,dare_ties,c7_b0,7,0.0,0.1231,program/MedMNISTMerge/result/chaoshengmnist(1).md
chaoshengmnist,small,swin_tiny,dare_ties,c7_b0.01,7,0.01,0.1051,program/MedMNISTMerge/result/chaoshengmnist(1).md
chaoshengmnist,small,swin_tiny,dare_ties,c7_b0.1,7,0.1,0.1617,program/MedMNISTMerge/result/chaoshengmnist(1).md
chaoshengmnist,small,swin_tiny,regmean,c3_b0,3,0.0,0.0898,program/MedMNISTMerge/result/chaoshengmnist(1).md
chaoshengmnist,small,swin_tiny,regmean,c3_b0.01,3,0.01,0.1761,program/MedMNISTMerge/result/chaoshengmnist(1).md
chaoshengmnist,small,swin_tiny,regmean,c3_b0.1,3,0.1,0.1734,program/MedMNISTMerge/result/chaoshengmnist(1).md
chaoshengmnist,small,swin_tiny,regmean,c5_b0,5,0.0,0.1204,program/MedMNISTMerge/result/chaoshengmnist(1).md
chaoshengmnist,small,swin_tiny,regmean,c5_b0.01,5,0.01,0.1051,program/MedMNISTMerge/result/chaoshengmnist(1).md
chaoshengmnist,small,swin_tiny,regmean,c5_b0.1,5,0.1,0.106,program/MedMNISTMerge/result/chaoshengmnist(1).md
chaoshengmnist,small,swin_tiny,regmean,c7_b0,7,0.0,0.2471,program/MedMNISTMerge/result/chaoshengmnist(1).md
chaoshengmnist,small,swin_tiny,regmean,c7_b0.01,7,0.01,0.1051,program/MedMNISTMerge/result/chaoshengmnist(1).md
chaoshengmnist,small,swin_tiny,regmean,c7_b0.1,7,0.1,0.1815,program/MedMNISTMerge/result/chaoshengmnist(1).md
chaoshengmnist,small,swin_tiny,fisher,c3_b0,3,0.0,0.0898,program/MedMNISTMerge/result/chaoshengmnist(1).md
chaoshengmnist,small,swin_tiny,fisher,c3_b0.01,3,0.01,0.3082,program/MedMNISTMerge/result/chaoshengmnist(1).md
chaoshengmnist,small,swin_tiny,fisher,c3_b0.1,3,0.1,0.1258,program/MedMNISTMerge/result/chaoshengmnist(1).md
chaoshengmnist,small,swin_tiny,fisher,c5_b0,5,0.0,0.1258,program/MedMNISTMerge/result/chaoshengmnist(1).md
chaoshengmnist,small,swin_tiny,fisher,c5_b0.01,5,0.01,0.115,program/MedMNISTMerge/result/chaoshengmnist(1).md
chaoshengmnist,small,swin_tiny,fisher,c5_b0.1,5,0.1,0.1087,program/MedMNISTMerge/result/chaoshengmnist(1).md
chaoshengmnist,small,swin_tiny,fisher,c7_b0,7,0.0,0.1797,program/MedMNISTMerge/result/chaoshengmnist(1).md
chaoshengmnist,small,swin_tiny,fisher,c7_b0.01,7,0.01,0.1734,program/MedMNISTMerge/result/chaoshengmnist(1).md
chaoshengmnist,small,swin_tiny,fisher,c7_b0.1,7,0.1,0.1734,program/MedMNISTMerge/result/chaoshengmnist(1).md
chaoshengmnist,small,swin_tiny,breadcrumbs,c3_b0,3,0.0,0.1995,program/MedMNISTMerge/result/chaoshengmnist(1).md
chaoshengmnist,small,swin_tiny,breadcrumbs,c3_b0.01,3,0.01,0.1267,program/MedMNISTMerge/result/chaoshengmnist(1).md
chaoshengmnist,small,swin_tiny,breadcrumbs,c3_b0.1,3,0.1,0.1087,program/MedMNISTMerge/result/chaoshengmnist(1).md
chaoshengmnist,small,swin_tiny,breadcrumbs,c5_b0,5,0.0,0.1617,program/MedMNISTMerge/result/chaoshengmnist(1).md
chaoshengmnist,small,swin_tiny,breadcrumbs,c5_b0.01,5,0.01,0.1267,program/MedMNISTMerge/result/chaoshengmnist(1).md
chaoshengmnist,small,swin_tiny,breadcrumbs,c5_b0.1,5,0.1,0.1051,program/MedMNISTMerge/result/chaoshengmnist(1).md
chaoshengmnist,small,swin_tiny,breadcrumbs,c7_b0,7,0.0,0.1968,program/MedMNISTMerge/result/chaoshengmnist(1).md
chaoshengmnist,small,swin_tiny,breadcrumbs,c7_b0.01,7,0.01,0.1734,program/MedMNISTMerge/result/chaoshengmnist(1).md
chaoshengmnist,small,swin_tiny,breadcrumbs,c7_b0.1,7,0.1,0.1258,program/MedMNISTMerge/result/chaoshengmnist(1).md
chaoshengmnist,small,swin_tiny,model_stock,c3_b0,3,0.0,0.1132,program/MedMNISTMerge/result/chaoshengmnist(1).md
chaoshengmnist,small,swin_tiny,model_stock,c3_b0.01,3,0.01,0.1734,program/MedMNISTMerge/result/chaoshengmnist(1).md
chaoshengmnist,small,swin_tiny,model_stock,c3_b0.1,3,0.1,0.1752,program/MedMNISTMerge/result/chaoshengmnist(1).md
chaoshengmnist,small,swin_tiny,model_stock,c5_b0,5,0.0,0.1617,program/MedMNISTMerge/result/chaoshengmnist(1).md
chaoshengmnist,small,swin_tiny,model_stock,c5_b0.01,5,0.01,0.1069,program/MedMNISTMerge/result/chaoshengmnist(1).md
chaoshengmnist,small,swin_tiny,model_stock,c5_b0.1,5,0.1,0.1132,program/MedMNISTMerge/result/chaoshengmnist(1).md
chaoshengmnist,small,swin_tiny,model_stock,c7_b0,7,0.0,0.1995,program/MedMNISTMerge/result/chaoshengmnist(1).md
chaoshengmnist,small,swin_tiny,model_stock,c7_b0.01,7,0.01,0.1995,program/MedMNISTMerge/result/chaoshengmnist(1).md
chaoshengmnist,small,swin_tiny,model_stock,c7_b0.1,7,0.1,0.1617,program/MedMNISTMerge/result/chaoshengmnist(1).md
chaoshengmnist,small,swin_tiny,from,c3_b0,3,0.0,0.1087,program/MedMNISTMerge/result/chaoshengmnist(1).md
chaoshengmnist,small,swin_tiny,from,c3_b0.01,3,0.01,0.1752,program/MedMNISTMerge/result/chaoshengmnist(1).md
chaoshengmnist,small,swin_tiny,from,c3_b0.1,3,0.1,0.1779,program/MedMNISTMerge/result/chaoshengmnist(1).md
chaoshengmnist,small,swin_tiny,from,c5_b0,5,0.0,0.1087,program/MedMNISTMerge/result/chaoshengmnist(1).md
chaoshengmnist,small,swin_tiny,from,c5_b0.01,5,0.01,0.1051,program/MedMNISTMerge/result/chaoshengmnist(1).md
chaoshengmnist,small,swin_tiny,from,c5_b0.1,5,0.1,0.1617,program/MedMNISTMerge/result/chaoshengmnist(1).md
chaoshengmnist,small,swin_tiny,from,c7_b0,7,0.0,0.2049,program/MedMNISTMerge/result/chaoshengmnist(1).md
chaoshengmnist,small,swin_tiny,from,c7_b0.01,7,0.01,0.1051,program/MedMNISTMerge/result/chaoshengmnist(1).md
chaoshengmnist,small,swin_tiny,from,c7_b0.1,7,0.1,0.133,program/MedMNISTMerge/result/chaoshengmnist(1).md
chaoshengmnist,small,swin_tiny,iso_c,c3_b0,3,0.0,0.1752,program/MedMNISTMerge/result/chaoshengmnist(1).md
chaoshengmnist,small,swin_tiny,iso_c,c3_b0.01,3,0.01,0.1743,program/MedMNISTMerge/result/chaoshengmnist(1).md
chaoshengmnist,small,swin_tiny,iso_c,c3_b0.1,3,0.1,0.177,program/MedMNISTMerge/result/chaoshengmnist(1).md
chaoshengmnist,small,swin_tiny,iso_c,c5_b0,5,0.0,0.1617,program/MedMNISTMerge/result/chaoshengmnist(1).md
chaoshengmnist,small,swin_tiny,iso_c,c5_b0.01,5,0.01,0.1294,program/MedMNISTMerge/result/chaoshengmnist(1).md
chaoshengmnist,small,swin_tiny,iso_c,c5_b0.1,5,0.1,0.2282,program/MedMNISTMerge/result/chaoshengmnist(1).md
chaoshengmnist,small,swin_tiny,iso_c,c7_b0,7,0.0,0.2093,program/MedMNISTMerge/result/chaoshengmnist(1).md
chaoshengmnist,small,swin_tiny,iso_c,c7_b0.01,7,0.01,0.1626,program/MedMNISTMerge/result/chaoshengmnist(1).md
chaoshengmnist,small,swin_tiny,iso_c,c7_b0.1,7,0.1,0.1653,program/MedMNISTMerge/result/chaoshengmnist(1).md
chaoshengmnist,small,swin_tiny,free_merge,c3_b0,3,0.0,0.1087,program/MedMNISTMerge/result/chaoshengmnist(1).md
chaoshengmnist,small,swin_tiny,free_merge,c3_b0.01,3,0.01,0.1734,program/MedMNISTMerge/result/chaoshengmnist(1).md
chaoshengmnist,small,swin_tiny,free_merge,c3_b0.1,3,0.1,0.1734,program/MedMNISTMerge/result/chaoshengmnist(1).md
chaoshengmnist,small,swin_tiny,free_merge,c5_b0,5,0.0,0.1941,program/MedMNISTMerge/result/chaoshengmnist(1).md
chaoshengmnist,small,swin_tiny,free_merge,c5_b0.01,5,0.01,0.1051,program/MedMNISTMerge/result/chaoshengmnist(1).md
chaoshengmnist,small,swin_tiny,free_merge,c5_b0.1,5,0.1,0.1734,program/MedMNISTMerge/result/chaoshengmnist(1).md
chaoshengmnist,small,swin_tiny,free_merge,c7_b0,7,0.0,0.1716,program/MedMNISTMerge/result/chaoshengmnist(1).md
chaoshengmnist,small,swin_tiny,free_merge,c7_b0.01,7,0.01,0.1599,program/MedMNISTMerge/result/chaoshengmnist(1).md
chaoshengmnist,small,swin_tiny,free_merge,c7_b0.1,7,0.1,0.1482,program/MedMNISTMerge/result/chaoshengmnist(1).md
chaoshengmnist,small,swin_tiny,robustmerge,c3_b0,3,0.0,0.2246,program/MedMNISTMerge/result/chaoshengmnist(1).md
chaoshengmnist,small,swin_tiny,robustmerge,c3_b0.01,3,0.01,0.1267,program/MedMNISTMerge/result/chaoshengmnist(1).md
chaoshengmnist,small,swin_tiny,robustmerge,c3_b0.1,3,0.1,0.177,program/MedMNISTMerge/result/chaoshengmnist(1).md
chaoshengmnist,small,swin_tiny,robustmerge,c5_b0,5,0.0,0.1626,program/MedMNISTMerge/result/chaoshengmnist(1).md
chaoshengmnist,small,swin_tiny,robustmerge,c5_b0.01,5,0.01,0.1267,program/MedMNISTMerge/result/chaoshengmnist(1).md
chaoshengmnist,small,swin_tiny,robustmerge,c5_b0.1,5,0.1,0.1051,program/MedMNISTMerge/result/chaoshengmnist(1).md
chaoshengmnist,small,swin_tiny,robustmerge,c7_b0,7,0.0,0.1276,program/MedMNISTMerge/result/chaoshengmnist(1).md
chaoshengmnist,small,swin_tiny,robustmerge,c7_b0.01,7,0.01,0.1995,program/MedMNISTMerge/result/chaoshengmnist(1).md
chaoshengmnist,small,swin_tiny,robustmerge,c7_b0.1,7,0.1,0.1617,program/MedMNISTMerge/result/chaoshengmnist(1).md
chaoshengmnist,small,densenet,avg,c3_b0,3,0.0,0.1617,program/MedMNISTMerge/result/chaoshengmnist(1).md
chaoshengmnist,small,densenet,avg,c3_b0.01,3,0.01,0.1815,program/MedMNISTMerge/result/chaoshengmnist(1).md
chaoshengmnist,small,densenet,avg,c3_b0.1,3,0.1,0.1923,program/MedMNISTMerge/result/chaoshengmnist(1).md
chaoshengmnist,small,densenet,avg,c5_b0,5,0.0,0.1276,program/MedMNISTMerge/result/chaoshengmnist(1).md
chaoshengmnist,small,densenet,avg,c5_b0.01,5,0.01,0.1617,program/MedMNISTMerge/result/chaoshengmnist(1).md
chaoshengmnist,small,densenet,avg,c5_b0.1,5,0.1,0.1312,program/MedMNISTMerge/result/chaoshengmnist(1).md
chaoshengmnist,small,densenet,avg,c7_b0,7,0.0,0.265,program/MedMNISTMerge/result/chaoshengmnist(1).md
chaoshengmnist,small,densenet,avg,c7_b0.01,7,0.01,0.1995,program/MedMNISTMerge/result/chaoshengmnist(1).md
chaoshengmnist,small,densenet,avg,c7_b0.1,7,0.1,0.2399,program/MedMNISTMerge/result/chaoshengmnist(1).md
chaoshengmnist,small,densenet,ties,c3_b0,3,0.0,0.1968,program/MedMNISTMerge/result/chaoshengmnist(1).md
chaoshengmnist,small,densenet,ties,c3_b0.01,3,0.01,0.3899,program/MedMNISTMerge/result/chaoshengmnist(1).md
chaoshengmnist,small,densenet,ties,c3_b0.1,3,0.1,0.354,program/MedMNISTMerge/result/chaoshengmnist(1).md
chaoshengmnist,small,densenet,ties,c5_b0,5,0.0,0.1294,program/MedMNISTMerge/result/chaoshengmnist(1).md
chaoshengmnist,small,densenet,ties,c5_b0.01,5,0.01,0.1986,program/MedMNISTMerge/result/chaoshengmnist(1).md
chaoshengmnist,small,densenet,ties,c5_b0.1,5,0.1,0.1482,program/MedMNISTMerge/result/chaoshengmnist(1).md
chaoshengmnist,small,densenet,ties,c7_b0,7,0.0,0.1626,program/MedMNISTMerge/result/chaoshengmnist(1).md
chaoshengmnist,small,densenet,ties,c7_b0.01,7,0.01,0.3495,program/MedMNISTMerge/result/chaoshengmnist(1).md
chaoshengmnist,small,densenet,ties,c7_b0.1,7,0.1,0.1797,program/MedMNISTMerge/result/chaoshengmnist(1).md
chaoshengmnist,small,densenet,dare_linear,c3_b0,3,0.0,0.0979,program/MedMNISTMerge/result/chaoshengmnist(1).md
chaoshengmnist,small,densenet,dare_linear,c3_b0.01,3,0.01,0.283,program/MedMNISTMerge/result/chaoshengmnist(1).md
chaoshengmnist,small,densenet,dare_linear,c3_b0.1,3,0.1,0.1213,program/MedMNISTMerge/result/chaoshengmnist(1).md
chaoshengmnist,small,densenet,dare_linear,c5_b0,5,0.0,0.1294,program/MedMNISTMerge/result/chaoshengmnist(1).md
chaoshengmnist,small,densenet,dare_linear,c5_b0.01,5,0.01,0.1348,program/MedMNISTMerge/result/chaoshengmnist(1).md
chaoshengmnist,small,densenet,dare_linear,c5_b0.1,5,0.1,0.1662,program/MedMNISTMerge/result/chaoshengmnist(1).md
chaoshengmnist,small,densenet,dare_linear,c7_b0,7,0.0,0.1617,program/MedMNISTMerge/result/chaoshengmnist(1).md
chaoshengmnist,small,densenet,dare_linear,c7_b0.01,7,0.01,0.1536,program/MedMNISTMerge/result/chaoshengmnist(1).md
chaoshengmnist,small,densenet,dare_linear,c7_b0.1,7,0.1,0.1743,program/MedMNISTMerge/result/chaoshengmnist(1).md
chaoshengmnist,small,densenet,dare_ties,c3_b0,3,0.0,0.1815,program/MedMNISTMerge/result/chaoshengmnist(1).md
chaoshengmnist,small,densenet,dare_ties,c3_b0.01,3,0.01,0.1833,program/MedMNISTMerge/result/chaoshengmnist(1).md
chaoshengmnist,small,densenet,dare_ties,c3_b0.1,3,0.1,0.1267,program/MedMNISTMerge/result/chaoshengmnist(1).md
chaoshengmnist,small,densenet,dare_ties,c5_b0,5,0.0,0.1177,program/MedMNISTMerge/result/chaoshengmnist(1).md
chaoshengmnist,small,densenet,dare_ties,c5_b0.01,5,0.01,0.1366,program/MedMNISTMerge/result/chaoshengmnist(1).md
chaoshengmnist,small,densenet,dare_ties,c5_b0.1,5,0.1,0.1267,program/MedMNISTMerge/result/chaoshengmnist(1).md
chaoshengmnist,small,densenet,dare_ties,c7_b0,7,0.0,0.1725,program/MedMNISTMerge/result/chaoshengmnist(1).md
chaoshengmnist,small,densenet,dare_ties,c7_b0.01,7,0.01,0.2219,program/MedMNISTMerge/result/chaoshengmnist(1).md
chaoshengmnist,small,densenet,dare_ties,c7_b0.1,7,0.1,0.1788,program/MedMNISTMerge/result/chaoshengmnist(1).md
chaoshengmnist,small,densenet,regmean,c3_b0,3,0.0,0.1267,program/MedMNISTMerge/result/chaoshengmnist(1).md
chaoshengmnist,small,densenet,regmean,c3_b0.01,3,0.01,0.1707,program/MedMNISTMerge/result/chaoshengmnist(1).md
chaoshengmnist,small,densenet,regmean,c3_b0.1,3,0.1,0.1123,program/MedMNISTMerge/result/chaoshengmnist(1).md
chaoshengmnist,small,densenet,regmean,c5_b0,5,0.0,0.1267,program/MedMNISTMerge/result/chaoshengmnist(1).md
chaoshengmnist,small,densenet,regmean,c5_b0.01,5,0.01,0.1617,program/MedMNISTMerge/result/chaoshengmnist(1).md
chaoshengmnist,small,densenet,regmean,c5_b0.1,5,0.1,0.1204,program/MedMNISTMerge/result/chaoshengmnist(1).md
chaoshengmnist,small,densenet,regmean,c7_b0,7,0.0,0.1276,program/MedMNISTMerge/result/chaoshengmnist(1).md
chaoshengmnist,small,densenet,regmean,c7_b0.01,7,0.01,0.1222,program/MedMNISTMerge/result/chaoshengmnist(1).md
chaoshengmnist,small,densenet,regmean,c7_b0.1,7,0.1,0.1159,program/MedMNISTMerge/result/chaoshengmnist(1).md
chaoshengmnist,small,densenet,fisher,c3_b0,3,0.0,0.2291,program/MedMNISTMerge/result/chaoshengmnist(1).md
chaoshengmnist,small,densenet,fisher,c3_b0.01,3,0.01,0.3702,program/MedMNISTMerge/result/chaoshengmnist(1).md
chaoshengmnist,small,densenet,fisher,c3_b0.1,3,0.1,0.3235,program/MedMNISTMerge/result/chaoshengmnist(1).md
chaoshengmnist,small,densenet,fisher,c5_b0,5,0.0,0.1914,program/MedMNISTMerge/result/chaoshengmnist(1).md
chaoshengmnist,small,densenet,fisher,c5_b0.01,5,0.01,0.133,program/MedMNISTMerge/result/chaoshengmnist(1).md
chaoshengmnist,small,densenet,fisher,c5_b0.1,5,0.1,0.3396,program/MedMNISTMerge/result/chaoshengmnist(1).md
chaoshengmnist,small,densenet,fisher,c7_b0,7,0.0,0.1725,program/MedMNISTMerge/result/chaoshengmnist(1).md
chaoshengmnist,small,densenet,fisher,c7_b0.01,7,0.01,0.1734,program/MedMNISTMerge/result/chaoshengmnist(1).md
chaoshengmnist,small,densenet,fisher,c7_b0.1,7,0.1,0.4052,program/MedMNISTMerge/result/chaoshengmnist(1).md
chaoshengmnist,small,densenet,breadcrumbs,c3_b0,3,0.0,0.1249,program/MedMNISTMerge/result/chaoshengmnist(1).md
chaoshengmnist,small,densenet,breadcrumbs,c3_b0.01,3,0.01,0.1276,program/MedMNISTMerge/result/chaoshengmnist(1).md
chaoshengmnist,small,densenet,breadcrumbs,c3_b0.1,3,0.1,0.1348,program/MedMNISTMerge/result/chaoshengmnist(1).md
chaoshengmnist,small,densenet,breadcrumbs,c5_b0,5,0.0,0.1114,program/MedMNISTMerge/result/chaoshengmnist(1).md
chaoshengmnist,small,densenet,breadcrumbs,c5_b0.01,5,0.01,0.1195,program/MedMNISTMerge/result/chaoshengmnist(1).md
chaoshengmnist,small,densenet,breadcrumbs,c5_b0.1,5,0.1,0.1285,program/MedMNISTMerge/result/chaoshengmnist(1).md
chaoshengmnist,small,densenet,breadcrumbs,c7_b0,7,0.0,0.1366,program/MedMNISTMerge/result/chaoshengmnist(1).md
chaoshengmnist,small,densenet,breadcrumbs,c7_b0.01,7,0.01,0.115,program/MedMNISTMerge/result/chaoshengmnist(1).md
chaoshengmnist,small,densenet,breadcrumbs,c7_b0.1,7,0.1,0.1132,program/MedMNISTMerge/result/chaoshengmnist(1).md
chaoshengmnist,small,densenet,model_stock,c3_b0,3,0.0,0.1222,program/MedMNISTMerge/result/chaoshengmnist(1).md
chaoshengmnist,small,densenet,model_stock,c3_b0.01,3,0.01,0.1258,program/MedMNISTMerge/result/chaoshengmnist(1).md
chaoshengmnist,small,densenet,model_stock,c3_b0.1,3,0.1,0.1366,program/MedMNISTMerge/result/chaoshengmnist(1).md
chaoshengmnist,small,densenet,model_stock,c5_b0,5,0.0,0.142,program/MedMNISTMerge/result/chaoshengmnist(1).md
chaoshengmnist,small,densenet,model_stock,c5_b0.01,5,0.01,0.1204,program/MedMNISTMerge/result/chaoshengmnist(1).md
chaoshengmnist,small,densenet,model_stock,c5_b0.1,5,0.1,0.1734,program/MedMNISTMerge/result/chaoshengmnist(1).md
chaoshengmnist,small,densenet,model_stock,c7_b0,7,0.0,0.1968,program/MedMNISTMerge/result/chaoshengmnist(1).md
chaoshengmnist,small,densenet,model_stock,c7_b0.01,7,0.01,0.1438,program/MedMNISTMerge/result/chaoshengmnist(1).md
chaoshengmnist,small,densenet,model_stock,c7_b0.1,7,0.1,0.1662,program/MedMNISTMerge/result/chaoshengmnist(1).md
chaoshengmnist,small,densenet,from,c3_b0,3,0.0,0.1707,program/MedMNISTMerge/result/chaoshengmnist(1).md
chaoshengmnist,small,densenet,from,c3_b0.01,3,0.01,0.2534,program/MedMNISTMerge/result/chaoshengmnist(1).md
chaoshengmnist,small,densenet,from,c3_b0.1,3,0.1,0.1465,program/MedMNISTMerge/result/chaoshengmnist(1).md
chaoshengmnist,small,densenet,from,c5_b0,5,0.0,0.1258,program/MedMNISTMerge/result/chaoshengmnist(1).md
chaoshengmnist,small,densenet,from,c5_b0.01,5,0.01,0.1114,program/MedMNISTMerge/result/chaoshengmnist(1).md
chaoshengmnist,small,densenet,from,c5_b0.1,5,0.1,0.1491,program/MedMNISTMerge/result/chaoshengmnist(1).md
chaoshengmnist,small,densenet,from,c7_b0,7,0.0,0.2588,program/MedMNISTMerge/result/chaoshengmnist(1).md
chaoshengmnist,small,densenet,from,c7_b0.01,7,0.01,0.1662,program/MedMNISTMerge/result/chaoshengmnist(1).md
chaoshengmnist,small,densenet,from,c7_b0.1,7,0.1,0.2857,program/MedMNISTMerge/result/chaoshengmnist(1).md
chaoshengmnist,small,densenet,iso_c,c3_b0,3,0.0,0.1527,program/MedMNISTMerge/result/chaoshengmnist(1).md
chaoshengmnist,small,densenet,iso_c,c3_b0.01,3,0.01,0.1671,program/MedMNISTMerge/result/chaoshengmnist(1).md
chaoshengmnist,small,densenet,iso_c,c3_b0.1,3,0.1,0.1752,program/MedMNISTMerge/result/chaoshengmnist(1).md
chaoshengmnist,small,densenet,iso_c,c5_b0,5,0.0,0.1141,program/MedMNISTMerge/result/chaoshengmnist(1).md
chaoshengmnist,small,densenet,iso_c,c5_b0.01,5,0.01,0.1923,program/MedMNISTMerge/result/chaoshengmnist(1).md
chaoshengmnist,small,densenet,iso_c,c5_b0.1,5,0.1,0.1312,program/MedMNISTMerge/result/chaoshengmnist(1).md
chaoshengmnist,small,densenet,iso_c,c7_b0,7,0.0,0.2471,program/MedMNISTMerge/result/chaoshengmnist(1).md
chaoshengmnist,small,densenet,iso_c,c7_b0.01,7,0.01,0.1914,program/MedMNISTMerge/result/chaoshengmnist(1).md
chaoshengmnist,small,densenet,iso_c,c7_b0.1,7,0.1,0.2938,program/MedMNISTMerge/result/chaoshengmnist(1).md
chaoshengmnist,small,densenet,free_merge,c3_b0,3,0.0,0.1617,program/MedMNISTMerge/result/chaoshengmnist(1).md
chaoshengmnist,small,densenet,free_merge,c3_b0.01,3,0.01,0.1815,program/MedMNISTMerge/result/chaoshengmnist(1).md
chaoshengmnist,small,densenet,free_merge,c3_b0.1,3,0.1,0.1923,program/MedMNISTMerge/result/chaoshengmnist(1).md
chaoshengmnist,small,densenet,free_merge,c5_b0,5,0.0,0.1276,program/MedMNISTMerge/result/chaoshengmnist(1).md
chaoshengmnist,small,densenet,free_merge,c5_b0.01,5,0.01,0.1617,program/MedMNISTMerge/result/chaoshengmnist(1).md
chaoshengmnist,small,densenet,free_merge,c5_b0.1,5,0.1,0.1312,program/MedMNISTMerge/result/chaoshengmnist(1).md
chaoshengmnist,small,densenet,free_merge,c7_b0,7,0.0,0.265,program/MedMNISTMerge/result/chaoshengmnist(1).md
chaoshengmnist,small,densenet,free_merge,c7_b0.01,7,0.01,0.1986,program/MedMNISTMerge/result/chaoshengmnist(1).md
chaoshengmnist,small,densenet,free_merge,c7_b0.1,7,0.1,0.2399,program/MedMNISTMerge/result/chaoshengmnist(1).md
chaoshengmnist,small,densenet,robustmerge,c3_b0,3,0.0,0.1635,program/MedMNISTMerge/result/chaoshengmnist(1).md
chaoshengmnist,small,densenet,robustmerge,c3_b0.01,3,0.01,0.1743,program/MedMNISTMerge/result/chaoshengmnist(1).md
chaoshengmnist,small,densenet,robustmerge,c3_b0.1,3,0.1,0.1114,program/MedMNISTMerge/result/chaoshengmnist(1).md
chaoshengmnist,small,densenet,robustmerge,c5_b0,5,0.0,0.1249,program/MedMNISTMerge/result/chaoshengmnist(1).md
chaoshengmnist,small,densenet,robustmerge,c5_b0.01,5,0.01,0.1599,program/MedMNISTMerge/result/chaoshengmnist(1).md
chaoshengmnist,small,densenet,robustmerge,c5_b0.1,5,0.1,0.2713,program/MedMNISTMerge/result/chaoshengmnist(1).md
chaoshengmnist,small,densenet,robustmerge,c7_b0,7,0.0,0.2579,program/MedMNISTMerge/result/chaoshengmnist(1).md
chaoshengmnist,small,densenet,robustmerge,c7_b0.01,7,0.01,0.1276,program/MedMNISTMerge/result/chaoshengmnist(1).md
chaoshengmnist,small,densenet,robustmerge,c7_b0.1,7,0.1,0.0898,program/MedMNISTMerge/result/chaoshengmnist(1).md
chaoshengmnist,small,efficientnet,avg,c3_b0,3,0.0,0.2408,program/MedMNISTMerge/result/chaoshengmnist(1).md
chaoshengmnist,small,efficientnet,avg,c3_b0.01,3,0.01,0.4079,program/MedMNISTMerge/result/chaoshengmnist(1).md
chaoshengmnist,small,efficientnet,avg,c3_b0.1,3,0.1,0.3279,program/MedMNISTMerge/result/chaoshengmnist(1).md
chaoshengmnist,small,efficientnet,avg,c5_b0,5,0.0,0.1851,program/MedMNISTMerge/result/chaoshengmnist(1).md
chaoshengmnist,small,efficientnet,avg,c5_b0.01,5,0.01,0.1006,program/MedMNISTMerge/result/chaoshengmnist(1).md
chaoshengmnist,small,efficientnet,avg,c5_b0.1,5,0.1,0.1447,program/MedMNISTMerge/result/chaoshengmnist(1).md
chaoshengmnist,small,efficientnet,avg,c7_b0,7,0.0,0.124,program/MedMNISTMerge/result/chaoshengmnist(1).md
chaoshengmnist,small,efficientnet,avg,c7_b0.01,7,0.01,0.1572,program/MedMNISTMerge/result/chaoshengmnist(1).md
chaoshengmnist,small,efficientnet,avg,c7_b0.1,7,0.1,0.2354,program/MedMNISTMerge/result/chaoshengmnist(1).md
chaoshengmnist,small,efficientnet,ties,c3_b0,3,0.0,0.1815,program/MedMNISTMerge/result/chaoshengmnist(1).md
chaoshengmnist,small,efficientnet,ties,c3_b0.01,3,0.01,0.4474,program/MedMNISTMerge/result/chaoshengmnist(1).md
chaoshengmnist,small,efficientnet,ties,c3_b0.1,3,0.1,0.2345,program/MedMNISTMerge/result/chaoshengmnist(1).md
chaoshengmnist,small,efficientnet,ties,c5_b0,5,0.0,0.1429,program/MedMNISTMerge/result/chaoshengmnist(1).md
chaoshengmnist,small,efficientnet,ties,c5_b0.01,5,0.01,0.2893,program/MedMNISTMerge/result/chaoshengmnist(1).md
chaoshengmnist,small,efficientnet,ties,c5_b0.1,5,0.1,0.2156,program/MedMNISTMerge/result/chaoshengmnist(1).md
chaoshengmnist,small,efficientnet,ties,c7_b0,7,0.0,0.0701,program/MedMNISTMerge/result/chaoshengmnist(1).md
chaoshengmnist,small,efficientnet,ties,c7_b0.01,7,0.01,0.1968,program/MedMNISTMerge/result/chaoshengmnist(1).md
chaoshengmnist,small,efficientnet,ties,c7_b0.1,7,0.1,0.2677,program/MedMNISTMerge/result/chaoshengmnist(1).md
chaoshengmnist,small,efficientnet,dare_linear,c3_b0,3,0.0,0.2318,program/MedMNISTMerge/result/chaoshengmnist(1).md
chaoshengmnist,small,efficientnet,dare_linear,c3_b0.01,3,0.01,0.1941,program/MedMNISTMerge/result/chaoshengmnist(1).md
chaoshengmnist,small,efficientnet,dare_linear,c3_b0.1,3,0.1,0.2336,program/MedMNISTMerge/result/chaoshengmnist(1).md
chaoshengmnist,small,efficientnet,dare_linear,c5_b0,5,0.0,0.1905,program/MedMNISTMerge/result/chaoshengmnist(1).md
chaoshengmnist,small,efficientnet,dare_linear,c5_b0.01,5,0.01,0.1465,program/MedMNISTMerge/result/chaoshengmnist(1).md
chaoshengmnist,small,efficientnet,dare_linear,c5_b0.1,5,0.1,0.1527,program/MedMNISTMerge/result/chaoshengmnist(1).md
chaoshengmnist,small,efficientnet,dare_linear,c7_b0,7,0.0,0.1429,program/MedMNISTMerge/result/chaoshengmnist(1).md
chaoshengmnist,small,efficientnet,dare_linear,c7_b0.01,7,0.01,0.1716,program/MedMNISTMerge/result/chaoshengmnist(1).md
chaoshengmnist,small,efficientnet,dare_linear,c7_b0.1,7,0.1,0.1788,program/MedMNISTMerge/result/chaoshengmnist(1).md
chaoshengmnist,small,efficientnet,dare_ties,c3_b0,3,0.0,0.1204,program/MedMNISTMerge/result/chaoshengmnist(1).md
chaoshengmnist,small,efficientnet,dare_ties,c3_b0.01,3,0.01,0.2713,program/MedMNISTMerge/result/chaoshengmnist(1).md
chaoshengmnist,small,efficientnet,dare_ties,c3_b0.1,3,0.1,0.3082,program/MedMNISTMerge/result/chaoshengmnist(1).md
chaoshengmnist,small,efficientnet,dare_ties,c5_b0,5,0.0,0.1177,program/MedMNISTMerge/result/chaoshengmnist(1).md
chaoshengmnist,small,efficientnet,dare_ties,c5_b0.01,5,0.01,0.15,program/MedMNISTMerge/result/chaoshengmnist(1).md
chaoshengmnist,small,efficientnet,dare_ties,c5_b0.1,5,0.1,0.2606,program/MedMNISTMerge/result/chaoshengmnist(1).md
chaoshengmnist,small,efficientnet,dare_ties,c7_b0,7,0.0,0.0961,program/MedMNISTMerge/result/chaoshengmnist(1).md
chaoshengmnist,small,efficientnet,dare_ties,c7_b0.01,7,0.01,0.1177,program/MedMNISTMerge/result/chaoshengmnist(1).md
chaoshengmnist,small,efficientnet,dare_ties,c7_b0.1,7,0.1,0.2399,program/MedMNISTMerge/result/chaoshengmnist(1).md
chaoshengmnist,small,efficientnet,regmean,c3_b0,3,0.0,0.2408,program/MedMNISTMerge/result/chaoshengmnist(1).md
chaoshengmnist,small,efficientnet,regmean,c3_b0.01,3,0.01,0.4079,program/MedMNISTMerge/result/chaoshengmnist(1).md
chaoshengmnist,small,efficientnet,regmean,c3_b0.1,3,0.1,0.3279,program/MedMNISTMerge/result/chaoshengmnist(1).md
chaoshengmnist,small,efficientnet,regmean,c5_b0,5,0.0,0.1851,program/MedMNISTMerge/result/chaoshengmnist(1).md
chaoshengmnist,small,efficientnet,regmean,c5_b0.01,5,0.01,0.1006,program/MedMNISTMerge/result/chaoshengmnist(1).md
chaoshengmnist,small,efficientnet,regmean,c5_b0.1,5,0.1,0.1447,program/MedMNISTMerge/result/chaoshengmnist(1).md
chaoshengmnist,small,efficientnet,regmean,c7_b0,7,0.0,0.124,program/MedMNISTMerge/result/chaoshengmnist(1).md
chaoshengmnist,small,efficientnet,regmean,c7_b0.01,7,0.01,0.1572,program/MedMNISTMerge/result/chaoshengmnist(1).md
chaoshengmnist,small,efficientnet,regmean,c7_b0.1,7,0.1,0.2354,program/MedMNISTMerge/result/chaoshengmnist(1).md
chaoshengmnist,small,efficientnet,fisher,c3_b0,3,0.0,0.2318,program/MedMNISTMerge/result/chaoshengmnist(1).md
chaoshengmnist,small,efficientnet,fisher,c3_b0.01,3,0.01,0.1159,program/MedMNISTMerge/result/chaoshengmnist(1).md
chaoshengmnist,small,efficientnet,fisher,c3_b0.1,3,0.1,0.46,program/MedMNISTMerge/result/chaoshengmnist(1).md
chaoshengmnist,small,efficientnet,fisher,c5_b0,5,0.0,0.1734,program/MedMNISTMerge/result/chaoshengmnist(1).md
chaoshengmnist,small,efficientnet,fisher,c5_b0.01,5,0.01,0.1186,program/MedMNISTMerge/result/chaoshengmnist(1).md
chaoshengmnist,small,efficientnet,fisher,c5_b0.1,5,0.1,0.1518,program/MedMNISTMerge/result/chaoshengmnist(1).md
chaoshengmnist,small,efficientnet,fisher,c7_b0,7,0.0,0.1429,program/MedMNISTMerge/result/chaoshengmnist(1).md
chaoshengmnist,small,efficientnet,fisher,c7_b0.01,7,0.01,0.1734,program/MedMNISTMerge/result/chaoshengmnist(1).md
chaoshengmnist,small,efficientnet,fisher,c7_b0.1,7,0.1,0.1429,program/MedMNISTMerge/result/chaoshengmnist(1).md
chaoshengmnist,small,efficientnet,breadcrumbs,c3_b0,3,0.0,0.1429,program/MedMNISTMerge/result/chaoshengmnist(1).md
chaoshengmnist,small,efficientnet,breadcrumbs,c3_b0.01,3,0.01,0.1734,program/MedMNISTMerge/result/chaoshengmnist(1).md
chaoshengmnist,small,efficientnet,breadcrumbs,c3_b0.1,3,0.1,0.124,program/MedMNISTMerge/result/chaoshengmnist(1).md
chaoshengmnist,small,efficientnet,breadcrumbs,c5_b0,5,0.0,0.1078,program/MedMNISTMerge/result/chaoshengmnist(1).md
chaoshengmnist,small,efficientnet,breadcrumbs,c5_b0.01,5,0.01,0.1635,program/MedMNISTMerge/result/chaoshengmnist(1).md
chaoshengmnist,small,efficientnet,breadcrumbs,c5_b0.1,5,0.1,0.1725,program/MedMNISTMerge/result/chaoshengmnist(1).md
chaoshengmnist,small,efficientnet,breadcrumbs,c7_b0,7,0.0,0.1509,program/MedMNISTMerge/result/chaoshengmnist(1).md
chaoshengmnist,small,efficientnet,breadcrumbs,c7_b0.01,7,0.01,0.1411,program/MedMNISTMerge/result/chaoshengmnist(1).md
chaoshengmnist,small,efficientnet,breadcrumbs,c7_b0.1,7,0.1,0.1438,program/MedMNISTMerge/result/chaoshengmnist(1).md
chaoshengmnist,small,efficientnet,model_stock,c3_b0,3,0.0,0.2192,program/MedMNISTMerge/result/chaoshengmnist(1).md
chaoshengmnist,small,efficientnet,model_stock,c3_b0.01,3,0.01,0.2498,program/MedMNISTMerge/result/chaoshengmnist(1).md
chaoshengmnist,small,efficientnet,model_stock,c3_b0.1,3,0.1,0.2228,program/MedMNISTMerge/result/chaoshengmnist(1).md
chaoshengmnist,small,efficientnet,model_stock,c5_b0,5,0.0,0.1626,program/MedMNISTMerge/result/chaoshengmnist(1).md
chaoshengmnist,small,efficientnet,model_stock,c5_b0.01,5,0.01,0.1087,program/MedMNISTMerge/result/chaoshengmnist(1).md
chaoshengmnist,small,efficientnet,model_stock,c5_b0.1,5,0.1,0.1222,program/MedMNISTMerge/result/chaoshengmnist(1).md
chaoshengmnist,small,efficientnet,model_stock,c7_b0,7,0.0,0.1447,program/MedMNISTMerge/result/chaoshengmnist(1).md
chaoshengmnist,small,efficientnet,model_stock,c7_b0.01,7,0.01,0.1357,program/MedMNISTMerge/result/chaoshengmnist(1).md
chaoshengmnist,small,efficientnet,model_stock,c7_b0.1,7,0.1,0.1339,program/MedMNISTMerge/result/chaoshengmnist(1).md
chaoshengmnist,small,efficientnet,from,c3_b0,3,0.0,0.2624,program/MedMNISTMerge/result/chaoshengmnist(1).md
chaoshengmnist,small,efficientnet,from,c3_b0.01,3,0.01,0.4717,program/MedMNISTMerge/result/chaoshengmnist(1).md
chaoshengmnist,small,efficientnet,from,c3_b0.1,3,0.1,0.3567,program/MedMNISTMerge/result/chaoshengmnist(1).md
chaoshengmnist,small,efficientnet,from,c5_b0,5,0.0,0.2138,program/MedMNISTMerge/result/chaoshengmnist(1).md
chaoshengmnist,small,efficientnet,from,c5_b0.01,5,0.01,0.2022,program/MedMNISTMerge/result/chaoshengmnist(1).md
chaoshengmnist,small,efficientnet,from,c5_b0.1,5,0.1,0.1303,program/MedMNISTMerge/result/chaoshengmnist(1).md
chaoshengmnist,small,efficientnet,from,c7_b0,7,0.0,0.2066,program/MedMNISTMerge/result/chaoshengmnist(1).md
chaoshengmnist,small,efficientnet,from,c7_b0.01,7,0.01,0.2704,program/MedMNISTMerge/result/chaoshengmnist(1).md
chaoshengmnist,small,efficientnet,from,c7_b0.1,7,0.1,0.2282,program/MedMNISTMerge/result/chaoshengmnist(1).md
chaoshengmnist,small,efficientnet,iso_c,c3_b0,3,0.0,0.2489,program/MedMNISTMerge/result/chaoshengmnist(1).md
chaoshengmnist,small,efficientnet,iso_c,c3_b0.01,3,0.01,0.3648,program/MedMNISTMerge/result/chaoshengmnist(1).md
chaoshengmnist,small,efficientnet,iso_c,c3_b0.1,3,0.1,0.3324,program/MedMNISTMerge/result/chaoshengmnist(1).md
chaoshengmnist,small,efficientnet,iso_c,c5_b0,5,0.0,0.177,program/MedMNISTMerge/result/chaoshengmnist(1).md
chaoshengmnist,small,efficientnet,iso_c,c5_b0.01,5,0.01,0.1132,program/MedMNISTMerge/result/chaoshengmnist(1).md
chaoshengmnist,small,efficientnet,iso_c,c5_b0.1,5,0.1,0.1635,program/MedMNISTMerge/result/chaoshengmnist(1).md
chaoshengmnist,small,efficientnet,iso_c,c7_b0,7,0.0,0.133,program/MedMNISTMerge/result/chaoshengmnist(1).md
chaoshengmnist,small,efficientnet,iso_c,c7_b0.01,7,0.01,0.1554,program/MedMNISTMerge/result/chaoshengmnist(1).md
chaoshengmnist,small,efficientnet,iso_c,c7_b0.1,7,0.1,0.2444,program/MedMNISTMerge/result/chaoshengmnist(1).md
chaoshengmnist,small,efficientnet,free_merge,c3_b0,3,0.0,0.2408,program/MedMNISTMerge/result/chaoshengmnist(1).md
chaoshengmnist,small,efficientnet,free_merge,c3_b0.01,3,0.01,0.4079,program/MedMNISTMerge/result/chaoshengmnist(1).md
chaoshengmnist,small,efficientnet,free_merge,c3_b0.1,3,0.1,0.3279,program/MedMNISTMerge/result/chaoshengmnist(1).md
chaoshengmnist,small,efficientnet,free_merge,c5_b0,5,0.0,0.186,program/MedMNISTMerge/result/chaoshengmnist(1).md
chaoshengmnist,small,efficientnet,free_merge,c5_b0.01,5,0.01,0.1006,program/MedMNISTMerge/result/chaoshengmnist(1).md
chaoshengmnist,small,efficientnet,free_merge,c5_b0.1,5,0.1,0.1456,program/MedMNISTMerge/result/chaoshengmnist(1).md
chaoshengmnist,small,efficientnet,free_merge,c7_b0,7,0.0,0.1249,program/MedMNISTMerge/result/chaoshengmnist(1).md
chaoshengmnist,small,efficientnet,free_merge,c7_b0.01,7,0.01,0.1563,program/MedMNISTMerge/result/chaoshengmnist(1).md
chaoshengmnist,small,efficientnet,free_merge,c7_b0.1,7,0.1,0.2336,program/MedMNISTMerge/result/chaoshengmnist(1).md
chaoshengmnist,small,efficientnet,robustmerge,c3_b0,3,0.0,0.2147,program/MedMNISTMerge/result/chaoshengmnist(1).md
chaoshengmnist,small,efficientnet,robustmerge,c3_b0.01,3,0.01,0.2237,program/MedMNISTMerge/result/chaoshengmnist(1).md
chaoshengmnist,small,efficientnet,robustmerge,c3_b0.1,3,0.1,0.221,program/MedMNISTMerge/result/chaoshengmnist(1).md
chaoshengmnist,small,efficientnet,robustmerge,c5_b0,5,0.0,0.2129,program/MedMNISTMerge/result/chaoshengmnist(1).md
chaoshengmnist,small,efficientnet,robustmerge,c5_b0.01,5,0.01,0.2273,program/MedMNISTMerge/result/chaoshengmnist(1).md
chaoshengmnist,small,efficientnet,robustmerge,c5_b0.1,5,0.1,0.265,program/MedMNISTMerge/result/chaoshengmnist(1).md
chaoshengmnist,small,efficientnet,robustmerge,c7_b0,7,0.0,0.2031,program/MedMNISTMerge/result/chaoshengmnist(1).md
chaoshengmnist,small,efficientnet,robustmerge,c7_b0.01,7,0.01,0.1644,program/MedMNISTMerge/result/chaoshengmnist(1).md
chaoshengmnist,small,efficientnet,robustmerge,c7_b0.1,7,0.1,0.1581,program/MedMNISTMerge/result/chaoshengmnist(1).md
chaoshengmnist,small,mobilenet,avg,c3_b0,3,0.0,0.1267,program/MedMNISTMerge/result/chaoshengmnist(1).md
chaoshengmnist,small,mobilenet,avg,c3_b0.01,3,0.01,0.1258,program/MedMNISTMerge/result/chaoshengmnist(1).md
chaoshengmnist,small,mobilenet,avg,c3_b0.1,3,0.1,0.1258,program/MedMNISTMerge/result/chaoshengmnist(1).md
chaoshengmnist,small,mobilenet,avg,c5_b0,5,0.0,0.1087,program/MedMNISTMerge/result/chaoshengmnist(1).md
chaoshengmnist,small,mobilenet,avg,c5_b0.01,5,0.01,0.1267,program/MedMNISTMerge/result/chaoshengmnist(1).md
chaoshengmnist,small,mobilenet,avg,c5_b0.1,5,0.1,0.1051,program/MedMNISTMerge/result/chaoshengmnist(1).md
chaoshengmnist,small,mobilenet,avg,c7_b0,7,0.0,0.1267,program/MedMNISTMerge/result/chaoshengmnist(1).md
chaoshengmnist,small,mobilenet,avg,c7_b0.01,7,0.01,0.1617,program/MedMNISTMerge/result/chaoshengmnist(1).md
chaoshengmnist,small,mobilenet,avg,c7_b0.1,7,0.1,0.1267,program/MedMNISTMerge/result/chaoshengmnist(1).md
chaoshengmnist,small,mobilenet,ties,c3_b0,3,0.0,0.1051,program/MedMNISTMerge/result/chaoshengmnist(1).md
chaoshengmnist,small,mobilenet,ties,c3_b0.01,3,0.01,0.1384,program/MedMNISTMerge/result/chaoshengmnist(1).md
chaoshengmnist,small,mobilenet,ties,c3_b0.1,3,0.1,0.1078,program/MedMNISTMerge/result/chaoshengmnist(1).md
chaoshengmnist,small,mobilenet,ties,c5_b0,5,0.0,0.1321,program/MedMNISTMerge/result/chaoshengmnist(1).md
chaoshengmnist,small,mobilenet,ties,c5_b0.01,5,0.01,0.1752,program/MedMNISTMerge/result/chaoshengmnist(1).md
chaoshengmnist,small,mobilenet,ties,c5_b0.1,5,0.1,0.1033,program/MedMNISTMerge/result/chaoshengmnist(1).md
chaoshengmnist,small,mobilenet,ties,c7_b0,7,0.0,0.1051,program/MedMNISTMerge/result/chaoshengmnist(1).md
chaoshengmnist,small,mobilenet,ties,c7_b0.01,7,0.01,0.1105,program/MedMNISTMerge/result/chaoshengmnist(1).md
chaoshengmnist,small,mobilenet,ties,c7_b0.1,7,0.1,0.1087,program/MedMNISTMerge/result/chaoshengmnist(1).md
chaoshengmnist,small,mobilenet,dare_linear,c3_b0,3,0.0,0.1087,program/MedMNISTMerge/result/chaoshengmnist(1).md
chaoshengmnist,small,mobilenet,dare_linear,c3_b0.01,3,0.01,0.1087,program/MedMNISTMerge/result/chaoshengmnist(1).md
chaoshengmnist,small,mobilenet,dare_linear,c3_b0.1,3,0.1,0.1087,program/MedMNISTMerge/result/chaoshengmnist(1).md
chaoshengmnist,small,mobilenet,dare_linear,c5_b0,5,0.0,0.1258,program/MedMNISTMerge/result/chaoshengmnist(1).md
chaoshengmnist,small,mobilenet,dare_linear,c5_b0.01,5,0.01,0.1267,program/MedMNISTMerge/result/chaoshengmnist(1).md
chaoshengmnist,small,mobilenet,dare_linear,c5_b0.1,5,0.1,0.1267,program/MedMNISTMerge/result/chaoshengmnist(1).md
chaoshengmnist,small,mobilenet,dare_linear,c7_b0,7,0.0,0.1078,program/MedMNISTMerge/result/chaoshengmnist(1).md
chaoshengmnist,small,mobilenet,dare_linear,c7_b0.01,7,0.01,0.1087,program/MedMNISTMerge/result/chaoshengmnist(1).md
chaoshengmnist,small,mobilenet,dare_linear,c7_b0.1,7,0.1,0.1087,program/MedMNISTMerge/result/chaoshengmnist(1).md
chaoshengmnist,small,mobilenet,dare_ties,c3_b0,3,0.0,0.1087,program/MedMNISTMerge/result/chaoshengmnist(1).md
chaoshengmnist,small,mobilenet,dare_ties,c3_b0.01,3,0.01,0.1087,program/MedMNISTMerge/result/chaoshengmnist(1).md
chaoshengmnist,small,mobilenet,dare_ties,c3_b0.1,3,0.1,0.1087,program/MedMNISTMerge/result/chaoshengmnist(1).md
chaoshengmnist,small,mobilenet,dare_ties,c5_b0,5,0.0,0.1267,program/MedMNISTMerge/result/chaoshengmnist(1).md
chaoshengmnist,small,mobilenet,dare_ties,c5_b0.01,5,0.01,0.1087,program/MedMNISTMerge/result/chaoshengmnist(1).md
chaoshengmnist,small,mobilenet,dare_ties,c5_b0.1,5,0.1,0.1042,program/MedMNISTMerge/result/chaoshengmnist(1).md
chaoshengmnist,small,mobilenet,dare_ties,c7_b0,7,0.0,0.1087,program/MedMNISTMerge/result/chaoshengmnist(1).md
chaoshengmnist,small,mobilenet,dare_ties,c7_b0.01,7,0.01,0.106,program/MedMNISTMerge/result/chaoshengmnist(1).md
chaoshengmnist,small,mobilenet,dare_ties,c7_b0.1,7,0.1,0.1465,program/MedMNISTMerge/result/chaoshengmnist(1).md
chaoshengmnist,small,mobilenet,regmean,c3_b0,3,0.0,0.1267,program/MedMNISTMerge/result/chaoshengmnist(1).md
chaoshengmnist,small,mobilenet,regmean,c3_b0.01,3,0.01,0.0898,program/MedMNISTMerge/result/chaoshengmnist(1).md
chaoshengmnist,small,mobilenet,regmean,c3_b0.1,3,0.1,0.1258,program/MedMNISTMerge/result/chaoshengmnist(1).md
chaoshengmnist,small,mobilenet,regmean,c5_b0,5,0.0,0.1087,program/MedMNISTMerge/result/chaoshengmnist(1).md
chaoshengmnist,small,mobilenet,regmean,c5_b0.01,5,0.01,0.1267,program/MedMNISTMerge/result/chaoshengmnist(1).md
chaoshengmnist,small,mobilenet,regmean,c5_b0.1,5,0.1,0.1141,program/MedMNISTMerge/result/chaoshengmnist(1).md
chaoshengmnist,small,mobilenet,regmean,c7_b0,7,0.0,0.1447,program/MedMNISTMerge/result/chaoshengmnist(1).md
chaoshengmnist,small,mobilenet,regmean,c7_b0.01,7,0.01,0.1267,program/MedMNISTMerge/result/chaoshengmnist(1).md
chaoshengmnist,small,mobilenet,regmean,c7_b0.1,7,0.1,0.1087,program/MedMNISTMerge/result/chaoshengmnist(1).md
chaoshengmnist,small,mobilenet,fisher,c3_b0,3,0.0,0.1258,program/MedMNISTMerge/result/chaoshengmnist(1).md
chaoshengmnist,small,mobilenet,fisher,c3_b0.01,3,0.01,0.1258,program/MedMNISTMerge/result/chaoshengmnist(1).md
chaoshengmnist,small,mobilenet,fisher,c3_b0.1,3,0.1,0.1357,program/MedMNISTMerge/result/chaoshengmnist(1).md
chaoshengmnist,small,mobilenet,fisher,c5_b0,5,0.0,0.1087,program/MedMNISTMerge/result/chaoshengmnist(1).md
chaoshengmnist,small,mobilenet,fisher,c5_b0.01,5,0.01,0.1087,program/MedMNISTMerge/result/chaoshengmnist(1).md
chaoshengmnist,small,mobilenet,fisher,c5_b0.1,5,0.1,0.1087,program/MedMNISTMerge/result/chaoshengmnist(1).md
chaoshengmnist,small,mobilenet,fisher,c7_b0,7,0.0,0.1087,program/MedMNISTMerge/result/chaoshengmnist(1).md
chaoshengmnist,small,mobilenet,fisher,c7_b0.01,7,0.01,0.1087,program/MedMNISTMerge/result/chaoshengmnist(1).md
chaoshengmnist,small,mobilenet,fisher,c7_b0.1,7,0.1,0.0898,program/MedMNISTMerge/result/chaoshengmnist(1).md
chaoshengmnist,small,mobilenet,breadcrumbs,c3_b0,3,0.0,0.1087,program/MedMNISTMerge/result/chaoshengmnist(1).md
chaoshengmnist,small,mobilenet,breadcrumbs,c3_b0.01,3,0.01,0.1087,program/MedMNISTMerge/result/chaoshengmnist(1).md
chaoshengmnist,small,mobilenet,breadcrumbs,c3_b0.1,3,0.1,0.1087,program/MedMNISTMerge/result/chaoshengmnist(1).md
chaoshengmnist,small,mobilenet,breadcrumbs,c5_b0,5,0.0,0.1087,program/MedMNISTMerge/result/chaoshengmnist(1).md
chaoshengmnist,small,mobilenet,breadcrumbs,c5_b0.01,5,0.01,0.1087,program/MedMNISTMerge/result/chaoshengmnist(1).md
chaoshengmnist,small,mobilenet,breadcrumbs,c5_b0.1,5,0.1,0.1087,program/MedMNISTMerge/result/chaoshengmnist(1).md
chaoshengmnist,small,mobilenet,breadcrumbs,c7_b0,7,0.0,0.1105,program/MedMNISTMerge/result/chaoshengmnist(1).md
chaoshengmnist,small,mobilenet,breadcrumbs,c7_b0.01,7,0.01,0.1087,program/MedMNISTMerge/result/chaoshengmnist(1).md
chaoshengmnist,small,mobilenet,breadcrumbs,c7_b0.1,7,0.1,0.1087,program/MedMNISTMerge/result/chaoshengmnist(1).md
chaoshengmnist,small,mobilenet,model_stock,c3_b0,3,0.0,0.1267,program/MedMNISTMerge/result/chaoshengmnist(1).md
chaoshengmnist,small,mobilenet,model_stock,c3_b0.01,3,0.01,0.1087,program/MedMNISTMerge/result/chaoshengmnist(1).md
chaoshengmnist,small,mobilenet,model_stock,c3_b0.1,3,0.1,0.1258,program/MedMNISTMerge/result/chaoshengmnist(1).md
chaoshengmnist,small,mobilenet,model_stock,c5_b0,5,0.0,0.1087,program/MedMNISTMerge/result/chaoshengmnist(1).md
chaoshengmnist,small,mobilenet,model_stock,c5_b0.01,5,0.01,0.1087,program/MedMNISTMerge/result/chaoshengmnist(1).md
chaoshengmnist,small,mobilenet,model_stock,c5_b0.1,5,0.1,0.1051,program/MedMNISTMerge/result/chaoshengmnist(1).md
chaoshengmnist,small,mobilenet,model_stock,c7_b0,7,0.0,0.1159,program/MedMNISTMerge/result/chaoshengmnist(1).md
chaoshengmnist,small,mobilenet,model_stock,c7_b0.01,7,0.01,0.1096,program/MedMNISTMerge/result/chaoshengmnist(1).md
chaoshengmnist,small,mobilenet,model_stock,c7_b0.1,7,0.1,0.1105,program/MedMNISTMerge/result/chaoshengmnist(1).md
chaoshengmnist,small,mobilenet,from,c3_b0,3,0.0,0.1267,program/MedMNISTMerge/result/chaoshengmnist(1).md
chaoshengmnist,small,mobilenet,from,c3_b0.01,3,0.01,0.1258,program/MedMNISTMerge/result/chaoshengmnist(1).md
chaoshengmnist,small,mobilenet,from,c3_b0.1,3,0.1,0.1087,program/MedMNISTMerge/result/chaoshengmnist(1).md
chaoshengmnist,small,mobilenet,from,c5_b0,5,0.0,0.1258,program/MedMNISTMerge/result/chaoshengmnist(1).md
chaoshengmnist,small,mobilenet,from,c5_b0.01,5,0.01,0.1267,program/MedMNISTMerge/result/chaoshengmnist(1).md
chaoshengmnist,small,mobilenet,from,c5_b0.1,5,0.1,0.1051,program/MedMNISTMerge/result/chaoshengmnist(1).md
chaoshengmnist,small,mobilenet,from,c7_b0,7,0.0,0.1132,program/MedMNISTMerge/result/chaoshengmnist(1).md
chaoshengmnist,small,mobilenet,from,c7_b0.01,7,0.01,0.106,program/MedMNISTMerge/result/chaoshengmnist(1).md
chaoshengmnist,small,mobilenet,from,c7_b0.1,7,0.1,0.1087,program/MedMNISTMerge/result/chaoshengmnist(1).md
chaoshengmnist,small,mobilenet,iso_c,c3_b0,3,0.0,0.1267,program/MedMNISTMerge/result/chaoshengmnist(1).md
chaoshengmnist,small,mobilenet,iso_c,c3_b0.01,3,0.01,0.1258,program/MedMNISTMerge/result/chaoshengmnist(1).md
chaoshengmnist,small,mobilenet,iso_c,c3_b0.1,3,0.1,0.1258,program/MedMNISTMerge/result/chaoshengmnist(1).md
chaoshengmnist,small,mobilenet,iso_c,c5_b0,5,0.0,0.1087,program/MedMNISTMerge/result/chaoshengmnist(1).md
chaoshengmnist,small,mobilenet,iso_c,c5_b0.01,5,0.01,0.1267,program/MedMNISTMerge/result/chaoshengmnist(1).md
chaoshengmnist,small,mobilenet,iso_c,c5_b0.1,5,0.1,0.1051,program/MedMNISTMerge/result/chaoshengmnist(1).md
chaoshengmnist,small,mobilenet,iso_c,c7_b0,7,0.0,0.1267,program/MedMNISTMerge/result/chaoshengmnist(1).md
chaoshengmnist,small,mobilenet,iso_c,c7_b0.01,7,0.01,0.15,program/MedMNISTMerge/result/chaoshengmnist(1).md
chaoshengmnist,small,mobilenet,iso_c,c7_b0.1,7,0.1,0.1267,program/MedMNISTMerge/result/chaoshengmnist(1).md
chaoshengmnist,small,mobilenet,free_merge,c3_b0,3,0.0,0.1267,program/MedMNISTMerge/result/chaoshengmnist(1).md
chaoshengmnist,small,mobilenet,free_merge,c3_b0.01,3,0.01,0.1258,program/MedMNISTMerge/result/chaoshengmnist(1).md
chaoshengmnist,small,mobilenet,free_merge,c3_b0.1,3,0.1,0.1258,program/MedMNISTMerge/result/chaoshengmnist(1).md
chaoshengmnist,small,mobilenet,free_merge,c5_b0,5,0.0,0.1087,program/MedMNISTMerge/result/chaoshengmnist(1).md
chaoshengmnist,small,mobilenet,free_merge,c5_b0.01,5,0.01,0.1267,program/MedMNISTMerge/result/chaoshengmnist(1).md
chaoshengmnist,small,mobilenet,free_merge,c5_b0.1,5,0.1,0.1051,program/MedMNISTMerge/result/chaoshengmnist(1).md
chaoshengmnist,small,mobilenet,free_merge,c7_b0,7,0.0,0.1267,program/MedMNISTMerge/result/chaoshengmnist(1).md
chaoshengmnist,small,mobilenet,free_merge,c7_b0.01,7,0.01,0.1635,program/MedMNISTMerge/result/chaoshengmnist(1).md
chaoshengmnist,small,mobilenet,free_merge,c7_b0.1,7,0.1,0.1267,program/MedMNISTMerge/result/chaoshengmnist(1).md
chaoshengmnist,small,mobilenet,robustmerge,c3_b0,3,0.0,0.1258,program/MedMNISTMerge/result/chaoshengmnist(1).md
chaoshengmnist,small,mobilenet,robustmerge,c3_b0.01,3,0.01,0.1087,program/MedMNISTMerge/result/chaoshengmnist(1).md
chaoshengmnist,small,mobilenet,robustmerge,c3_b0.1,3,0.1,0.1617,program/MedMNISTMerge/result/chaoshengmnist(1).md
chaoshengmnist,small,mobilenet,robustmerge,c5_b0,5,0.0,0.1087,program/MedMNISTMerge/result/chaoshengmnist(1).md
chaoshengmnist,small,mobilenet,robustmerge,c5_b0.01,5,0.01,0.1087,program/MedMNISTMerge/result/chaoshengmnist(1).md
chaoshengmnist,small,mobilenet,robustmerge,c5_b0.1,5,0.1,0.1087,program/MedMNISTMerge/result/chaoshengmnist(1).md
chaoshengmnist,small,mobilenet,robustmerge,c7_b0,7,0.0,0.1779,program/MedMNISTMerge/result/chaoshengmnist(1).md
chaoshengmnist,small,mobilenet,robustmerge,c7_b0.01,7,0.01,0.1123,program/MedMNISTMerge/result/chaoshengmnist(1).md
chaoshengmnist,small,mobilenet,robustmerge,c7_b0.1,7,0.1,0.1087,program/MedMNISTMerge/result/chaoshengmnist(1).md
chaoshengmnist,small,resnet34,avg,c3_b0,3,0.0,0.3792,program/MedMNISTMerge/result/chaoshengmnist(1).md
chaoshengmnist,small,resnet34,avg,c3_b0.01,3,0.01,0.2453,program/MedMNISTMerge/result/chaoshengmnist(1).md
chaoshengmnist,small,resnet34,avg,c3_b0.1,3,0.1,0.1734,program/MedMNISTMerge/result/chaoshengmnist(1).md
chaoshengmnist,small,resnet34,avg,c5_b0,5,0.0,0.1366,program/MedMNISTMerge/result/chaoshengmnist(1).md
chaoshengmnist,small,resnet34,avg,c5_b0.01,5,0.01,0.1815,program/MedMNISTMerge/result/chaoshengmnist(1).md
chaoshengmnist,small,resnet34,avg,c5_b0.1,5,0.1,0.3181,program/MedMNISTMerge/result/chaoshengmnist(1).md
chaoshengmnist,small,resnet34,avg,c7_b0,7,0.0,0.1653,program/MedMNISTMerge/result/chaoshengmnist(1).md
chaoshengmnist,small,resnet34,avg,c7_b0.01,7,0.01,0.2246,program/MedMNISTMerge/result/chaoshengmnist(1).md
chaoshengmnist,small,resnet34,avg,c7_b0.1,7,0.1,0.1743,program/MedMNISTMerge/result/chaoshengmnist(1).md
chaoshengmnist,small,resnet34,ties,c3_b0,3,0.0,0.2677,program/MedMNISTMerge/result/chaoshengmnist(1).md
chaoshengmnist,small,resnet34,ties,c3_b0.01,3,0.01,0.4834,program/MedMNISTMerge/result/chaoshengmnist(1).md
chaoshengmnist,small,resnet34,ties,c3_b0.1,3,0.1,0.3872,program/MedMNISTMerge/result/chaoshengmnist(1).md
chaoshengmnist,small,resnet34,ties,c5_b0,5,0.0,0.1824,program/MedMNISTMerge/result/chaoshengmnist(1).md
chaoshengmnist,small,resnet34,ties,c5_b0.01,5,0.01,0.2129,program/MedMNISTMerge/result/chaoshengmnist(1).md
chaoshengmnist,small,resnet34,ties,c5_b0.1,5,0.1,0.2165,program/MedMNISTMerge/result/chaoshengmnist(1).md
chaoshengmnist,small,resnet34,ties,c7_b0,7,0.0,0.1617,program/MedMNISTMerge/result/chaoshengmnist(1).md
chaoshengmnist,small,resnet34,ties,c7_b0.01,7,0.01,0.3243,program/MedMNISTMerge/result/chaoshengmnist(1).md
chaoshengmnist,small,resnet34,ties,c7_b0.1,7,0.1,0.1626,program/MedMNISTMerge/result/chaoshengmnist(1).md
chaoshengmnist,small,resnet34,dare_linear,c3_b0,3,0.0,0.3037,program/MedMNISTMerge/result/chaoshengmnist(1).md
chaoshengmnist,small,resnet34,dare_linear,c3_b0.01,3,0.01,0.239,program/MedMNISTMerge/result/chaoshengmnist(1).md
chaoshengmnist,small,resnet34,dare_linear,c3_b0.1,3,0.1,0.1788,program/MedMNISTMerge/result/chaoshengmnist(1).md
chaoshengmnist,small,resnet34,dare_linear,c5_b0,5,0.0,0.1258,program/MedMNISTMerge/result/chaoshengmnist(1).md
chaoshengmnist,small,resnet34,dare_linear,c5_b0.01,5,0.01,0.1357,program/MedMNISTMerge/result/chaoshengmnist(1).md
chaoshengmnist,small,resnet34,dare_linear,c5_b0.1,5,0.1,0.2677,program/MedMNISTMerge/result/chaoshengmnist(1).md
chaoshengmnist,small,resnet34,dare_linear,c7_b0,7,0.0,0.1482,program/MedMNISTMerge/result/chaoshengmnist(1).md
chaoshengmnist,small,resnet34,dare_linear,c7_b0.01,7,0.01,0.2282,program/MedMNISTMerge/result/chaoshengmnist(1).md
chaoshengmnist,small,resnet34,dare_linear,c7_b0.1,7,0.1,0.1941,program/MedMNISTMerge/result/chaoshengmnist(1).md
chaoshengmnist,small,resnet34,dare_ties,c3_b0,3,0.0,0.1995,program/MedMNISTMerge/result/chaoshengmnist(1).md
chaoshengmnist,small,resnet34,dare_ties,c3_b0.01,3,0.01,0.4088,program/MedMNISTMerge/result/chaoshengmnist(1).md
chaoshengmnist,small,resnet34,dare_ties,c3_b0.1,3,0.1,0.3522,program/MedMNISTMerge/result/chaoshengmnist(1).md
chaoshengmnist,small,resnet34,dare_ties,c5_b0,5,0.0,0.1788,program/MedMNISTMerge/result/chaoshengmnist(1).md
chaoshengmnist,small,resnet34,dare_ties,c5_b0.01,5,0.01,0.186,program/MedMNISTMerge/result/chaoshengmnist(1).md
chaoshengmnist,small,resnet34,dare_ties,c5_b0.1,5,0.1,0.2435,program/MedMNISTMerge/result/chaoshengmnist(1).md
chaoshengmnist,small,resnet34,dare_ties,c7_b0,7,0.0,0.1177,program/MedMNISTMerge/result/chaoshengmnist(1).md
chaoshengmnist,small,resnet34,dare_ties,c7_b0.01,7,0.01,0.2597,program/MedMNISTMerge/result/chaoshengmnist(1).md
chaoshengmnist,small,resnet34,dare_ties,c7_b0.1,7,0.1,0.1617,program/MedMNISTMerge/result/chaoshengmnist(1).md
chaoshengmnist,small,resnet34,regmean,c3_b0,3,0.0,0.2201,program/MedMNISTMerge/result/chaoshengmnist(1).md
chaoshengmnist,small,resnet34,regmean,c3_b0.01,3,0.01,0.2282,program/MedMNISTMerge/result/chaoshengmnist(1).md
chaoshengmnist,small,resnet34,regmean,c3_b0.1,3,0.1,0.265,program/MedMNISTMerge/result/chaoshengmnist(1).md
chaoshengmnist,small,resnet34,regmean,c5_b0,5,0.0,0.1527,program/MedMNISTMerge/result/chaoshengmnist(1).md
chaoshengmnist,small,resnet34,regmean,c5_b0.01,5,0.01,0.2453,program/MedMNISTMerge/result/chaoshengmnist(1).md
chaoshengmnist,small,resnet34,regmean,c5_b0.1,5,0.1,0.1833,program/MedMNISTMerge/result/chaoshengmnist(1).md
chaoshengmnist,small,resnet34,regmean,c7_b0,7,0.0,0.1312,program/MedMNISTMerge/result/chaoshengmnist(1).md
chaoshengmnist,small,resnet34,regmean,c7_b0.01,7,0.01,0.1554,program/MedMNISTMerge/result/chaoshengmnist(1).md
chaoshengmnist,small,resnet34,regmean,c7_b0.1,7,0.1,0.2282,program/MedMNISTMerge/result/chaoshengmnist(1).md
chaoshengmnist,small,resnet34,fisher,c3_b0,3,0.0,0.2677,program/MedMNISTMerge/result/chaoshengmnist(1).md
chaoshengmnist,small,resnet34,fisher,c3_b0.01,3,0.01,0.2219,program/MedMNISTMerge/result/chaoshengmnist(1).md
chaoshengmnist,small,resnet34,fisher,c3_b0.1,3,0.1,0.4492,program/MedMNISTMerge/result/chaoshengmnist(1).md
chaoshengmnist,small,resnet34,fisher,c5_b0,5,0.0,0.1509,program/MedMNISTMerge/result/chaoshengmnist(1).md
chaoshengmnist,small,resnet34,fisher,c5_b0.01,5,0.01,0.1105,program/MedMNISTMerge/result/chaoshengmnist(1).md
chaoshengmnist,small,resnet34,fisher,c5_b0.1,5,0.1,0.1734,program/MedMNISTMerge/result/chaoshengmnist(1).md
chaoshengmnist,small,resnet34,fisher,c7_b0,7,0.0,0.2129,program/MedMNISTMerge/result/chaoshengmnist(1).md
chaoshengmnist,small,resnet34,fisher,c7_b0.01,7,0.01,0.3369,program/MedMNISTMerge/result/chaoshengmnist(1).md
chaoshengmnist,small,resnet34,fisher,c7_b0.1,7,0.1,0.3756,program/MedMNISTMerge/result/chaoshengmnist(1).md
chaoshengmnist,small,resnet34,breadcrumbs,c3_b0,3,0.0,0.1114,program/MedMNISTMerge/result/chaoshengmnist(1).md
chaoshengmnist,small,resnet34,breadcrumbs,c3_b0.01,3,0.01,0.1743,program/MedMNISTMerge/result/chaoshengmnist(1).md
chaoshengmnist,small,resnet34,breadcrumbs,c3_b0.1,3,0.1,0.1456,program/MedMNISTMerge/result/chaoshengmnist(1).md
chaoshengmnist,small,resnet34,breadcrumbs,c5_b0,5,0.0,0.124,program/MedMNISTMerge/result/chaoshengmnist(1).md
chaoshengmnist,small,resnet34,breadcrumbs,c5_b0.01,5,0.01,0.1168,program/MedMNISTMerge/result/chaoshengmnist(1).md
chaoshengmnist,small,resnet34,breadcrumbs,c5_b0.1,5,0.1,0.1536,program/MedMNISTMerge/result/chaoshengmnist(1).md
chaoshengmnist,small,resnet34,breadcrumbs,c7_b0,7,0.0,0.1411,program/MedMNISTMerge/result/chaoshengmnist(1).md
chaoshengmnist,small,resnet34,breadcrumbs,c7_b0.01,7,0.01,0.1653,program/MedMNISTMerge/result/chaoshengmnist(1).md
chaoshengmnist,small,resnet34,breadcrumbs,c7_b0.1,7,0.1,0.1644,program/MedMNISTMerge/result/chaoshengmnist(1).md
chaoshengmnist,small,resnet34,model_stock,c3_b0,3,0.0,0.2444,program/MedMNISTMerge/result/chaoshengmnist(1).md
chaoshengmnist,small,resnet34,model_stock,c3_b0.01,3,0.01,0.2264,program/MedMNISTMerge/result/chaoshengmnist(1).md
chaoshengmnist,small,resnet34,model_stock,c3_b0.1,3,0.1,0.1734,program/MedMNISTMerge/result/chaoshengmnist(1).md
chaoshengmnist,small,resnet34,model_stock,c5_b0,5,0.0,0.1312,program/MedMNISTMerge/result/chaoshengmnist(1).md
chaoshengmnist,small,resnet34,model_stock,c5_b0.01,5,0.01,0.1114,program/MedMNISTMerge/result/chaoshengmnist(1).md
chaoshengmnist,small,resnet34,model_stock,c5_b0.1,5,0.1,0.2507,program/MedMNISTMerge/result/chaoshengmnist(1).md
chaoshengmnist,small,resnet34,model_stock,c7_b0,7,0.0,0.177,program/MedMNISTMerge/result/chaoshengmnist(1).md
chaoshengmnist,small,resnet34,model_stock,c7_b0.01,7,0.01,0.1869,program/MedMNISTMerge/result/chaoshengmnist(1).md
chaoshengmnist,small,resnet34,model_stock,c7_b0.1,7,0.1,0.1662,program/MedMNISTMerge/result/chaoshengmnist(1).md
chaoshengmnist,small,resnet34,from,c3_b0,3,0.0,0.3872,program/MedMNISTMerge/result/chaoshengmnist(1).md
chaoshengmnist,small,resnet34,from,c3_b0.01,3,0.01,0.2552,program/MedMNISTMerge/result/chaoshengmnist(1).md
chaoshengmnist,small,resnet34,from,c3_b0.1,3,0.1,0.1734,program/MedMNISTMerge/result/chaoshengmnist(1).md
chaoshengmnist,small,resnet34,from,c5_b0,5,0.0,0.1429,program/MedMNISTMerge/result/chaoshengmnist(1).md
chaoshengmnist,small,resnet34,from,c5_b0.01,5,0.01,0.1294,program/MedMNISTMerge/result/chaoshengmnist(1).md
chaoshengmnist,small,resnet34,from,c5_b0.1,5,0.1,0.2749,program/MedMNISTMerge/result/chaoshengmnist(1).md
chaoshengmnist,small,resnet34,from,c7_b0,7,0.0,0.2075,program/MedMNISTMerge/result/chaoshengmnist(1).md
chaoshengmnist,small,resnet34,from,c7_b0.01,7,0.01,0.2929,program/MedMNISTMerge/result/chaoshengmnist(1).md
chaoshengmnist,small,resnet34,from,c7_b0.1,7,0.1,0.1662,program/MedMNISTMerge/result/chaoshengmnist(1).md
chaoshengmnist,small,resnet34,iso_c,c3_b0,3,0.0,0.3935,program/MedMNISTMerge/result/chaoshengmnist(1).md
chaoshengmnist,small,resnet34,iso_c,c3_b0.01,3,0.01,0.2704,program/MedMNISTMerge/result/chaoshengmnist(1).md
chaoshengmnist,small,resnet34,iso_c,c3_b0.1,3,0.1,0.2111,program/MedMNISTMerge/result/chaoshengmnist(1).md
chaoshengmnist,small,resnet34,iso_c,c5_b0,5,0.0,0.1815,program/MedMNISTMerge/result/chaoshengmnist(1).md
chaoshengmnist,small,resnet34,iso_c,c5_b0.01,5,0.01,0.204,program/MedMNISTMerge/result/chaoshengmnist(1).md
chaoshengmnist,small,resnet34,iso_c,c5_b0.1,5,0.1,0.3504,program/MedMNISTMerge/result/chaoshengmnist(1).md
chaoshengmnist,small,resnet34,iso_c,c7_b0,7,0.0,0.1707,program/MedMNISTMerge/result/chaoshengmnist(1).md
chaoshengmnist,small,resnet34,iso_c,c7_b0.01,7,0.01,0.2165,program/MedMNISTMerge/result/chaoshengmnist(1).md
chaoshengmnist,small,resnet34,iso_c,c7_b0.1,7,0.1,0.2552,program/MedMNISTMerge/result/chaoshengmnist(1).md
chaoshengmnist,small,resnet34,free_merge,c3_b0,3,0.0,0.3801,program/MedMNISTMerge/result/chaoshengmnist(1).md
chaoshengmnist,small,resnet34,free_merge,c3_b0.01,3,0.01,0.2453,program/MedMNISTMerge/result/chaoshengmnist(1).md
chaoshengmnist,small,resnet34,free_merge,c3_b0.1,3,0.1,0.1734,program/MedMNISTMerge/result/chaoshengmnist(1).md
chaoshengmnist,small,resnet34,free_merge,c5_b0,5,0.0,0.1366,program/MedMNISTMerge/result/chaoshengmnist(1).md
chaoshengmnist,small,resnet34,free_merge,c5_b0.01,5,0.01,0.1815,program/MedMNISTMerge/result/chaoshengmnist(1).md
chaoshengmnist,small,resnet34,free_merge,c5_b0.1,5,0.1,0.3181,program/MedMNISTMerge/result/chaoshengmnist(1).md
chaoshengmnist,small,resnet34,free_merge,c7_b0,7,0.0,0.1653,program/MedMNISTMerge/result/chaoshengmnist(1).md
chaoshengmnist,small,resnet34,free_merge,c7_b0.01,7,0.01,0.2246,program/MedMNISTMerge/result/chaoshengmnist(1).md
chaoshengmnist,small,resnet34,free_merge,c7_b0.1,7,0.1,0.1743,program/MedMNISTMerge/result/chaoshengmnist(1).md
chaoshengmnist,small,resnet34,robustmerge,c3_b0,3,0.0,0.2794,program/MedMNISTMerge/result/chaoshengmnist(1).md
chaoshengmnist,small,resnet34,robustmerge,c3_b0.01,3,0.01,0.2084,program/MedMNISTMerge/result/chaoshengmnist(1).md
chaoshengmnist,small,resnet34,robustmerge,c3_b0.1,3,0.1,0.2237,program/MedMNISTMerge/result/chaoshengmnist(1).md
chaoshengmnist,small,resnet34,robustmerge,c5_b0,5,0.0,0.2282,program/MedMNISTMerge/result/chaoshengmnist(1).md
chaoshengmnist,small,resnet34,robustmerge,c5_b0.01,5,0.01,0.2147,program/MedMNISTMerge/result/chaoshengmnist(1).md
chaoshengmnist,small,resnet34,robustmerge,c5_b0.1,5,0.1,0.2785,program/MedMNISTMerge/result/chaoshengmnist(1).md
chaoshengmnist,small,resnet34,robustmerge,c7_b0,7,0.0,0.2201,program/MedMNISTMerge/result/chaoshengmnist(1).md
chaoshengmnist,small,resnet34,robustmerge,c7_b0.01,7,0.01,0.1932,program/MedMNISTMerge/result/chaoshengmnist(1).md
chaoshengmnist,small,resnet34,robustmerge,c7_b0.1,7,0.1,0.2174,program/MedMNISTMerge/result/chaoshengmnist(1).md
chaoshengmnist,vlm,openai/clip-vit-base-patch32,avg,c3_b0,3,0.0,0.1734,program/MedMNISTMerge/result/chaoshengmnist(1).md
chaoshengmnist,vlm,openai/clip-vit-base-patch32,avg,c3_b0.01,3,0.01,0.1734,program/MedMNISTMerge/result/chaoshengmnist(1).md
chaoshengmnist,vlm,openai/clip-vit-base-patch32,avg,c3_b0.1,3,0.1,0.1339,program/MedMNISTMerge/result/chaoshengmnist(1).md
chaoshengmnist,vlm,openai/clip-vit-base-patch32,avg,c5_b0,5,0.0,0.1321,program/MedMNISTMerge/result/chaoshengmnist(1).md
chaoshengmnist,vlm,openai/clip-vit-base-patch32,avg,c5_b0.01,5,0.01,0.1276,program/MedMNISTMerge/result/chaoshengmnist(1).md
chaoshengmnist,vlm,openai/clip-vit-base-patch32,avg,c5_b0.1,5,0.1,0.1249,program/MedMNISTMerge/result/chaoshengmnist(1).md
chaoshengmnist,vlm,openai/clip-vit-base-patch32,avg,c7_b0,7,0.0,0.1087,program/MedMNISTMerge/result/chaoshengmnist(1).md
chaoshengmnist,vlm,openai/clip-vit-base-patch32,avg,c7_b0.01,7,0.01,0.1087,program/MedMNISTMerge/result/chaoshengmnist(1).md
chaoshengmnist,vlm,openai/clip-vit-base-patch32,avg,c7_b0.1,7,0.1,0.1087,program/MedMNISTMerge/result/chaoshengmnist(1).md
chaoshengmnist,vlm,openai/clip-vit-base-patch32,ties,c3_b0,3,0.0,0.1734,program/MedMNISTMerge/result/chaoshengmnist(1).md
chaoshengmnist,vlm,openai/clip-vit-base-patch32,ties,c3_b0.01,3,0.01,0.1563,program/MedMNISTMerge/result/chaoshengmnist(1).md
chaoshengmnist,vlm,openai/clip-vit-base-patch32,ties,c3_b0.1,3,0.1,0.1707,program/MedMNISTMerge/result/chaoshengmnist(1).md
chaoshengmnist,vlm,openai/clip-vit-base-patch32,ties,c5_b0,5,0.0,0.1267,program/MedMNISTMerge/result/chaoshengmnist(1).md
chaoshengmnist,vlm,openai/clip-vit-base-patch32,ties,c5_b0.01,5,0.01,0.1087,program/MedMNISTMerge/result/chaoshengmnist(1).md
chaoshengmnist,vlm,openai/clip-vit-base-patch32,ties,c5_b0.1,5,0.1,0.1258,program/MedMNISTMerge/result/chaoshengmnist(1).md
chaoshengmnist,vlm,openai/clip-vit-base-patch32,ties,c7_b0,7,0.0,0.1617,program/MedMNISTMerge/result/chaoshengmnist(1).md
chaoshengmnist,vlm,openai/clip-vit-base-patch32,ties,c7_b0.01,7,0.01,0.1087,program/MedMNISTMerge/result/chaoshengmnist(1).md
chaoshengmnist,vlm,openai/clip-vit-base-patch32,ties,c7_b0.1,7,0.1,0.1087,program/MedMNISTMerge/result/chaoshengmnist(1).md
chaoshengmnist,vlm,openai/clip-vit-base-patch32,dare_linear,c3_b0,3,0.0,0.1734,program/MedMNISTMerge/result/chaoshengmnist(1).md
chaoshengmnist,vlm,openai/clip-vit-base-patch32,dare_linear,c3_b0.01,3,0.01,0.1734,program/MedMNISTMerge/result/chaoshengmnist(1).md
chaoshengmnist,vlm,openai/clip-vit-base-patch32,dare_linear,c3_b0.1,3,0.1,0.1087,program/MedMNISTMerge/result/chaoshengmnist(1).md
chaoshengmnist,vlm,openai/clip-vit-base-patch32,dare_linear,c5_b0,5,0.0,0.1267,program/MedMNISTMerge/result/chaoshengmnist(1).md
chaoshengmnist,vlm,openai/clip-vit-base-patch32,dare_linear,c5_b0.01,5,0.01,0.1411,program/MedMNISTMerge/result/chaoshengmnist(1).md
chaoshengmnist,vlm,openai/clip-vit-base-patch32,dare_linear,c5_b0.1,5,0.1,0.1258,program/MedMNISTMerge/result/chaoshengmnist(1).md
chaoshengmnist,vlm,openai/clip-vit-base-patch32,dare_linear,c7_b0,7,0.0,0.1087,program/MedMNISTMerge/result/chaoshengmnist(1).md
chaoshengmnist,vlm,openai/clip-vit-base-patch32,dare_linear,c7_b0.01,7,0.01,0.1105,program/MedMNISTMerge/result/chaoshengmnist(1).md
chaoshengmnist,vlm,openai/clip-vit-base-patch32,dare_linear,c7_b0.1,7,0.1,0.1087,program/MedMNISTMerge/result/chaoshengmnist(1).md
chaoshengmnist,vlm,openai/clip-vit-base-patch32,dare_ties,c3_b0,3,0.0,0.1734,program/MedMNISTMerge/result/chaoshengmnist(1).md
chaoshengmnist,vlm,openai/clip-vit-base-patch32,dare_ties,c3_b0.01,3,0.01,0.1734,program/MedMNISTMerge/result/chaoshengmnist(1).md
chaoshengmnist,vlm,openai/clip-vit-base-patch32,dare_ties,c3_b0.1,3,0.1,0.1788,program/MedMNISTMerge/result/chaoshengmnist(1).md
chaoshengmnist,vlm,openai/clip-vit-base-patch32,dare_ties,c5_b0,5,0.0,0.1267,program/MedMNISTMerge/result/chaoshengmnist(1).md
chaoshengmnist,vlm,openai/clip-vit-base-patch32,dare_ties,c5_b0.01,5,0.01,0.1087,program/MedMNISTMerge/result/chaoshengmnist(1).md
chaoshengmnist,vlm,openai/clip-vit-base-patch32,dare_ties,c5_b0.1,5,0.1,0.1258,program/MedMNISTMerge/result/chaoshengmnist(1).md
chaoshengmnist,vlm,openai/clip-vit-base-patch32,dare_ties,c7_b0,7,0.0,0.1617,program/MedMNISTMerge/result/chaoshengmnist(1).md
chaoshengmnist,vlm,openai/clip-vit-base-patch32,dare_ties,c7_b0.01,7,0.01,0.1617,program/MedMNISTMerge/result/chaoshengmnist(1).md
chaoshengmnist,vlm,openai/clip-vit-base-patch32,dare_ties,c7_b0.1,7,0.1,0.1087,program/MedMNISTMerge/result/chaoshengmnist(1).md
chaoshengmnist,vlm,openai/clip-vit-base-patch32,regmean,c3_b0,3,0.0,0.1716,program/MedMNISTMerge/result/chaoshengmnist(1).md
chaoshengmnist,vlm,openai/clip-vit-base-patch32,regmean,c3_b0.01,3,0.01,0.1734,program/MedMNISTMerge/result/chaoshengmnist(1).md
chaoshengmnist,vlm,openai/clip-vit-base-patch32,regmean,c3_b0.1,3,0.1,0.1069,program/MedMNISTMerge/result/chaoshengmnist(1).md
chaoshengmnist,vlm,openai/clip-vit-base-patch32,regmean,c5_b0,5,0.0,0.1267,program/MedMNISTMerge/result/chaoshengmnist(1).md
chaoshengmnist,vlm,openai/clip-vit-base-patch32,regmean,c5_b0.01,5,0.01,0.1267,program/MedMNISTMerge/result/chaoshengmnist(1).md
chaoshengmnist,vlm,openai/clip-vit-base-patch32,regmean,c5_b0.1,5,0.1,0.1734,program/MedMNISTMerge/result/chaoshengmnist(1).md
chaoshengmnist,vlm,openai/clip-vit-base-patch32,regmean,c7_b0,7,0.0,0.1087,program/MedMNISTMerge/result/chaoshengmnist(1).md
chaoshengmnist,vlm,openai/clip-vit-base-patch32,regmean,c7_b0.01,7,0.01,0.1087,program/MedMNISTMerge/result/chaoshengmnist(1).md
chaoshengmnist,vlm,openai/clip-vit-base-patch32,regmean,c7_b0.1,7,0.1,0.1087,program/MedMNISTMerge/result/chaoshengmnist(1).md
chaoshengmnist,vlm,openai/clip-vit-base-patch32,fisher,c3_b0,3,0.0,0.124,program/MedMNISTMerge/result/chaoshengmnist(1).md
chaoshengmnist,vlm,openai/clip-vit-base-patch32,fisher,c3_b0.01,3,0.01,0.1267,program/MedMNISTMerge/result/chaoshengmnist(1).md
chaoshengmnist,vlm,openai/clip-vit-base-patch32,fisher,c3_b0.1,3,0.1,0.1653,program/MedMNISTMerge/result/chaoshengmnist(1).md
chaoshengmnist,vlm,openai/clip-vit-base-patch32,fisher,c5_b0,5,0.0,0.1087,program/MedMNISTMerge/result/chaoshengmnist(1).md
chaoshengmnist,vlm,openai/clip-vit-base-patch32,fisher,c5_b0.01,5,0.01,0.1087,program/MedMNISTMerge/result/chaoshengmnist(1).md
chaoshengmnist,vlm,openai/clip-vit-base-patch32,fisher,c5_b0.1,5,0.1,0.1087,program/MedMNISTMerge/result/chaoshengmnist(1).md
chaoshengmnist,vlm,openai/clip-vit-base-patch32,fisher,c7_b0,7,0.0,0.1141,program/MedMNISTMerge/result/chaoshengmnist(1).md
chaoshengmnist,vlm,openai/clip-vit-base-patch32,fisher,c7_b0.01,7,0.01,0.0988,program/MedMNISTMerge/result/chaoshengmnist(1).md
chaoshengmnist,vlm,openai/clip-vit-base-patch32,fisher,c7_b0.1,7,0.1,0.1734,program/MedMNISTMerge/result/chaoshengmnist(1).md
chaoshengmnist,vlm,openai/clip-vit-base-patch32,breadcrumbs,c3_b0,3,0.0,0.1087,program/MedMNISTMerge/result/chaoshengmnist(1).md
chaoshengmnist,vlm,openai/clip-vit-base-patch32,breadcrumbs,c3_b0.01,3,0.01,0.1267,program/MedMNISTMerge/result/chaoshengmnist(1).md
chaoshengmnist,vlm,openai/clip-vit-base-patch32,breadcrumbs,c3_b0.1,3,0.1,0.1267,program/MedMNISTMerge/result/chaoshengmnist(1).md
chaoshengmnist,vlm,openai/clip-vit-base-patch32,breadcrumbs,c5_b0,5,0.0,0.0979,program/MedMNISTMerge/result/chaoshengmnist(1).md
chaoshengmnist,vlm,openai/clip-vit-base-patch32,breadcrumbs,c5_b0.01,5,0.01,0.1267,program/MedMNISTMerge/result/chaoshengmnist(1).md
chaoshengmnist,vlm,openai/clip-vit-base-patch32,breadcrumbs,c5_b0.1,5,0.1,0.1743,program/MedMNISTMerge/result/chaoshengmnist(1).md
chaoshengmnist,vlm,openai/clip-vit-base-patch32,breadcrumbs,c7_b0,7,0.0,0.1581,program/MedMNISTMerge/result/chaoshengmnist(1).md
chaoshengmnist,vlm,openai/clip-vit-base-patch32,breadcrumbs,c7_b0.01,7,0.01,0.1734,program/MedMNISTMerge/result/chaoshengmnist(1).md
chaoshengmnist,vlm,openai/clip-vit-base-patch32,breadcrumbs,c7_b0.1,7,0.1,0.1878,program/MedMNISTMerge/result/chaoshengmnist(1).md
chaoshengmnist,vlm,openai/clip-vit-base-patch32,model_stock,c3_b0,3,0.0,0.1734,program/MedMNISTMerge/result/chaoshengmnist(1).md
chaoshengmnist,vlm,openai/clip-vit-base-patch32,model_stock,c3_b0.01,3,0.01,0.1267,program/MedMNISTMerge/result/chaoshengmnist(1).md
chaoshengmnist,vlm,openai/clip-vit-base-patch32,model_stock,c3_b0.1,3,0.1,0.1617,program/MedMNISTMerge/result/chaoshengmnist(1).md
chaoshengmnist,vlm,openai/clip-vit-base-patch32,model_stock,c5_b0,5,0.0,0.1563,program/MedMNISTMerge/result/chaoshengmnist(1).md
chaoshengmnist,vlm,openai/clip-vit-base-patch32,model_stock,c5_b0.01,5,0.01,0.1267,program/MedMNISTMerge/result/chaoshengmnist(1).md
chaoshengmnist,vlm,openai/clip-vit-base-patch32,model_stock,c5_b0.1,5,0.1,0.1258,program/MedMNISTMerge/result/chaoshengmnist(1).md
chaoshengmnist,vlm,openai/clip-vit-base-patch32,model_stock,c7_b0,7,0.0,0.1285,program/MedMNISTMerge/result/chaoshengmnist(1).md
chaoshengmnist,vlm,openai/clip-vit-base-patch32,model_stock,c7_b0.01,7,0.01,0.1734,program/MedMNISTMerge/result/chaoshengmnist(1).md
chaoshengmnist,vlm,openai/clip-vit-base-patch32,model_stock,c7_b0.1,7,0.1,0.2066,program/MedMNISTMerge/result/chaoshengmnist(1).md
chaoshengmnist,vlm,openai/clip-vit-base-patch32,from,c3_b0,3,0.0,0.1734,program/MedMNISTMerge/result/chaoshengmnist(1).md
chaoshengmnist,vlm,openai/clip-vit-base-patch32,from,c3_b0.01,3,0.01,0.1734,program/MedMNISTMerge/result/chaoshengmnist(1).md
chaoshengmnist,vlm,openai/clip-vit-base-patch32,from,c3_b0.1,3,0.1,0.1806,program/MedMNISTMerge/result/chaoshengmnist(1).md
chaoshengmnist,vlm,openai/clip-vit-base-patch32,from,c5_b0,5,0.0,0.1087,program/MedMNISTMerge/result/chaoshengmnist(1).md
chaoshengmnist,vlm,openai/clip-vit-base-patch32,from,c5_b0.01,5,0.01,0.1734,program/MedMNISTMerge/result/chaoshengmnist(1).md
chaoshengmnist,vlm,openai/clip-vit-base-patch32,from,c5_b0.1,5,0.1,0.1258,program/MedMNISTMerge/result/chaoshengmnist(1).md
chaoshengmnist,vlm,openai/clip-vit-base-patch32,from,c7_b0,7,0.0,0.1617,program/MedMNISTMerge/result/chaoshengmnist(1).md
chaoshengmnist,vlm,openai/clip-vit-base-patch32,from,c7_b0.01,7,0.01,0.1087,program/MedMNISTMerge/result/chaoshengmnist(1).md
chaoshengmnist,vlm,openai/clip-vit-base-patch32,from,c7_b0.1,7,0.1,0.1087,program/MedMNISTMerge/result/chaoshengmnist(1).md
chaoshengmnist,vlm,openai/clip-vit-base-patch32,iso_c,c3_b0,3,0.0,0.1087,program/MedMNISTMerge/result/chaoshengmnist(1).md
chaoshengmnist,vlm,openai/clip-vit-base-patch32,iso_c,c3_b0.01,3,0.01,0.1465,program/MedMNISTMerge/result/chaoshengmnist(1).md
chaoshengmnist,vlm,openai/clip-vit-base-patch32,iso_c,c3_b0.1,3,0.1,0.1213,program/MedMNISTMerge/result/chaoshengmnist(1).md
chaoshengmnist,vlm,openai/clip-vit-base-patch32,iso_c,c5_b0,5,0.0,0.1851,program/MedMNISTMerge/result/chaoshengmnist(1).md
chaoshengmnist,vlm,openai/clip-vit-base-patch32,iso_c,c5_b0.01,5,0.01,0.1267,program/MedMNISTMerge/result/chaoshengmnist(1).md
chaoshengmnist,vlm,openai/clip-vit-base-patch32,iso_c,c5_b0.1,5,0.1,0.1321,program/MedMNISTMerge/result/chaoshengmnist(1).md
chaoshengmnist,vlm,openai/clip-vit-base-patch32,iso_c,c7_b0,7,0.0,0.1384,program/MedMNISTMerge/result/chaoshengmnist(1).md
chaoshengmnist,vlm,openai/clip-vit-base-patch32,iso_c,c7_b0.01,7,0.01,0.1644,program/MedMNISTMerge/result/chaoshengmnist(1).md
chaoshengmnist,vlm,openai/clip-vit-base-patch32,iso_c,c7_b0.1,7,0.1,0.2049,program/MedMNISTMerge/result/chaoshengmnist(1).md
chaoshengmnist,vlm,openai/clip-vit-base-patch32,free_merge,c3_b0,3,0.0,0.1734,program/MedMNISTMerge/result/chaoshengmnist(1).md
chaoshengmnist,vlm,openai/clip-vit-base-patch32,free_merge,c3_b0.01,3,0.01,0.1258,program/MedMNISTMerge/result/chaoshengmnist(1).md
chaoshengmnist,vlm,openai/clip-vit-base-patch32,free_merge,c3_b0.1,3,0.1,0.1473,program/MedMNISTMerge/result/chaoshengmnist(1).md
chaoshengmnist,vlm,openai/clip-vit-base-patch32,free_merge,c5_b0,5,0.0,0.1267,program/MedMNISTMerge/result/chaoshengmnist(1).md
chaoshengmnist,vlm,openai/clip-vit-base-patch32,free_merge,c5_b0.01,5,0.01,0.1267,program/MedMNISTMerge/result/chaoshengmnist(1).md
chaoshengmnist,vlm,openai/clip-vit-base-patch32,free_merge,c5_b0.1,5,0.1,0.1698,program/MedMNISTMerge/result/chaoshengmnist(1).md
chaoshengmnist,vlm,openai/clip-vit-base-patch32,free_merge,c7_b0,7,0.0,0.1087,program/MedMNISTMerge/result/chaoshengmnist(1).md
chaoshengmnist,vlm,openai/clip-vit-base-patch32,free_merge,c7_b0.01,7,0.01,0.1384,program/MedMNISTMerge/result/chaoshengmnist(1).md
chaoshengmnist,vlm,openai/clip-vit-base-patch32,free_merge,c7_b0.1,7,0.1,0.1087,program/MedMNISTMerge/result/chaoshengmnist(1).md
chaoshengmnist,vlm,openai/clip-vit-base-patch32,robustmerge,c3_b0,3,0.0,0.1842,program/MedMNISTMerge/result/chaoshengmnist(1).md
chaoshengmnist,vlm,openai/clip-vit-base-patch32,robustmerge,c3_b0.01,3,0.01,0.1267,program/MedMNISTMerge/result/chaoshengmnist(1).md
chaoshengmnist,vlm,openai/clip-vit-base-patch32,robustmerge,c3_b0.1,3,0.1,0.1617,program/MedMNISTMerge/result/chaoshengmnist(1).md
chaoshengmnist,vlm,openai/clip-vit-base-patch32,robustmerge,c5_b0,5,0.0,0.1267,program/MedMNISTMerge/result/chaoshengmnist(1).md
chaoshengmnist,vlm,openai/clip-vit-base-patch32,robustmerge,c5_b0.01,5,0.01,0.1132,program/MedMNISTMerge/result/chaoshengmnist(1).md
chaoshengmnist,vlm,openai/clip-vit-base-patch32,robustmerge,c5_b0.1,5,0.1,0.1707,program/MedMNISTMerge/result/chaoshengmnist(1).md
chaoshengmnist,vlm,openai/clip-vit-base-patch32,robustmerge,c7_b0,7,0.0,0.1258,program/MedMNISTMerge/result/chaoshengmnist(1).md
chaoshengmnist,vlm,openai/clip-vit-base-patch32,robustmerge,c7_b0.01,7,0.01,0.1752,program/MedMNISTMerge/result/chaoshengmnist(1).md
chaoshengmnist,vlm,openai/clip-vit-base-patch32,robustmerge,c7_b0.1,7,0.1,0.1608,program/MedMNISTMerge/result/chaoshengmnist(1).md
dermamnist,small,resnet,avg,c3_b0,3,0.0,0.6688,program/MedMNISTMerge/result/dermamnist(1).md
dermamnist,small,resnet,avg,c3_b0.01,3,0.01,0.5461,program/MedMNISTMerge/result/dermamnist(1).md
dermamnist,small,resnet,avg,c3_b0.1,3,0.1,0.6723,program/MedMNISTMerge/result/dermamnist(1).md
dermamnist,small,resnet,avg,c5_b0,5,0.0,0.5776,program/MedMNISTMerge/result/dermamnist(1).md
dermamnist,small,resnet,avg,c5_b0.01,5,0.01,0.6499,program/MedMNISTMerge/result/dermamnist(1).md
dermamnist,small,resnet,avg,c5_b0.1,5,0.1,0.1825,program/MedMNISTMerge/result/dermamnist(1).md
dermamnist,small,resnet,avg,c7_b0,7,0.0,0.6713,program/MedMNISTMerge/result/dermamnist(1).md
dermamnist,small,resnet,avg,c7_b0.01,7,0.01,0.6688,program/MedMNISTMerge/result/dermamnist(1).md
dermamnist,small,resnet,avg,c7_b0.1,7,0.1,0.5332,program/MedMNISTMerge/result/dermamnist(1).md
dermamnist,small,resnet,ties,c3_b0,3,0.0,0.5626,program/MedMNISTMerge/result/dermamnist(1).md
dermamnist,small,resnet,ties,c3_b0.01,3,0.01,0.5711,program/MedMNISTMerge/result/dermamnist(1).md
dermamnist,small,resnet,ties,c3_b0.1,3,0.1,0.6648,program/MedMNISTMerge/result/dermamnist(1).md
dermamnist,small,resnet,ties,c5_b0,5,0.0,0.1097,program/MedMNISTMerge/result/dermamnist(1).md
dermamnist,small,resnet,ties,c5_b0.01,5,0.01,0.6688,program/MedMNISTMerge/result/dermamnist(1).md
dermamnist,small,resnet,ties,c5_b0.1,5,0.1,0.6738,program/MedMNISTMerge/result/dermamnist(1).md
dermamnist,small,resnet,ties,c7_b0,7,0.0,0.6075,program/MedMNISTMerge/result/dermamnist(1).md
dermamnist,small,resnet,ties,c7_b0.01,7,0.01,0.6688,program/MedMNISTMerge/result/dermamnist(1).md
dermamnist,small,resnet,ties,c7_b0.1,7,0.1,0.6688,program/MedMNISTMerge/result/dermamnist(1).md
dermamnist,small,resnet,dare_linear,c3_b0,3,0.0,0.6678,program/MedMNISTMerge/result/dermamnist(1).md
dermamnist,small,resnet,dare_linear,c3_b0.01,3,0.01,0.5666,program/MedMNISTMerge/result/dermamnist(1).md
dermamnist,small,resnet,dare_linear,c3_b0.1,3,0.1,0.6728,program/MedMNISTMerge/result/dermamnist(1).md
dermamnist,small,resnet,dare_linear,c5_b0,5,0.0,0.5726,program/MedMNISTMerge/result/dermamnist(1).md
dermamnist,small,resnet,dare_linear,c5_b0.01,5,0.01,0.6584,program/MedMNISTMerge/result/dermamnist(1).md
dermamnist,small,resnet,dare_linear,c5_b0.1,5,0.1,0.2214,program/MedMNISTMerge/result/dermamnist(1).md
dermamnist,small,resnet,dare_linear,c7_b0,7,0.0,0.594,program/MedMNISTMerge/result/dermamnist(1).md
dermamnist,small,resnet,dare_linear,c7_b0.01,7,0.01,0.6688,program/MedMNISTMerge/result/dermamnist(1).md
dermamnist,small,resnet,dare_linear,c7_b0.1,7,0.1,0.6234,program/MedMNISTMerge/result/dermamnist(1).md
dermamnist,small,resnet,dare_ties,c3_b0,3,0.0,0.2843,program/MedMNISTMerge/result/dermamnist(1).md
dermamnist,small,resnet,dare_ties,c3_b0.01,3,0.01,0.6579,program/MedMNISTMerge/result/dermamnist(1).md
dermamnist,small,resnet,dare_ties,c3_b0.1,3,0.1,0.6703,program/MedMNISTMerge/result/dermamnist(1).md
dermamnist,small,resnet,dare_ties,c5_b0,5,0.0,0.1097,program/MedMNISTMerge/result/dermamnist(1).md
dermamnist,small,resnet,dare_ties,c5_b0.01,5,0.01,0.6688,program/MedMNISTMerge/result/dermamnist(1).md
dermamnist,small,resnet,dare_ties,c5_b0.1,5,0.1,0.6688,program/MedMNISTMerge/result/dermamnist(1).md
dermamnist,small,resnet,dare_ties,c7_b0,7,0.0,0.3297,program/MedMNISTMerge/result/dermamnist(1).md
dermamnist,small,resnet,dare_ties,c7_b0.01,7,0.01,0.6688,program/MedMNISTMerge/result/dermamnist(1).md
dermamnist,small,resnet,dare_ties,c7_b0.1,7,0.1,0.6688,program/MedMNISTMerge/result/dermamnist(1).md
dermamnist,small,resnet,regmean,c3_b0,3,0.0,0.5875,program/MedMNISTMerge/result/dermamnist(1).md
dermamnist,small,resnet,regmean,c3_b0.01,3,0.01,0.4753,program/MedMNISTMerge/result/dermamnist(1).md
dermamnist,small,resnet,regmean,c3_b0.1,3,0.1,0.6808,program/MedMNISTMerge/result/dermamnist(1).md
dermamnist,small,resnet,regmean,c5_b0,5,0.0,0.1636,program/MedMNISTMerge/result/dermamnist(1).md
dermamnist,small,resnet,regmean,c5_b0.01,5,0.01,0.2723,program/MedMNISTMerge/result/dermamnist(1).md
dermamnist,small,resnet,regmean,c5_b0.1,5,0.1,0.417,program/MedMNISTMerge/result/dermamnist(1).md
dermamnist,small,resnet,regmean,c7_b0,7,0.0,0.5691,program/MedMNISTMerge/result/dermamnist(1).md
dermamnist,small,resnet,regmean,c7_b0.01,7,0.01,0.613,program/MedMNISTMerge/result/dermamnist(1).md
dermamnist,small,resnet,regmean,c7_b0.1,7,0.1,0.3247,program/MedMNISTMerge/result/dermamnist(1).md
dermamnist,small,resnet,fisher,c3_b0,3,0.0,0.6718,program/MedMNISTMerge/result/dermamnist(1).md
dermamnist,small,resnet,fisher,c3_b0.01,3,0.01,0.6708,program/MedMNISTMerge/result/dermamnist(1).md
dermamnist,small,resnet,fisher,c3_b0.1,3,0.1,0.6693,program/MedMNISTMerge/result/dermamnist(1).md
dermamnist,small,resnet,fisher,c5_b0,5,0.0,0.6693,program/MedMNISTMerge/result/dermamnist(1).md
dermamnist,small,resnet,fisher,c5_b0.01,5,0.01,0.6688,program/MedMNISTMerge/result/dermamnist(1).md
dermamnist,small,resnet,fisher,c5_b0.1,5,0.1,0.6723,program/MedMNISTMerge/result/dermamnist(1).md
dermamnist,small,resnet,fisher,c7_b0,7,0.0,0.6688,program/MedMNISTMerge/result/dermamnist(1).md
dermamnist,small,resnet,fisher,c7_b0.01,7,0.01,0.6688,program/MedMNISTMerge/result/dermamnist(1).md
dermamnist,small,resnet,fisher,c7_b0.1,7,0.1,0.6693,program/MedMNISTMerge/result/dermamnist(1).md
dermamnist,small,resnet,breadcrumbs,c3_b0,3,0.0,0.013,program/MedMNISTMerge/result/dermamnist(1).md
dermamnist,small,resnet,breadcrumbs,c3_b0.01,3,0.01,0.0115,program/MedMNISTMerge/result/dermamnist(1).md
dermamnist,small,resnet,breadcrumbs,c3_b0.1,3,0.1,0.1242,program/MedMNISTMerge/result/dermamnist(1).md
dermamnist,small,resnet,breadcrumbs,c5_b0,5,0.0,0.1217,program/MedMNISTMerge/result/dermamnist(1).md
dermamnist,small,resnet,breadcrumbs,c5_b0.01,5,0.01,0.6434,program/MedMNISTMerge/result/dermamnist(1).md
dermamnist,small,resnet,breadcrumbs,c5_b0.1,5,0.1,0.1087,program/MedMNISTMerge/result/dermamnist(1).md
dermamnist,small,resnet,breadcrumbs,c7_b0,7,0.0,0.0564,program/MedMNISTMerge/result/dermamnist(1).md
dermamnist,small,resnet,breadcrumbs,c7_b0.01,7,0.01,0.0424,program/MedMNISTMerge/result/dermamnist(1).md
dermamnist,small,resnet,breadcrumbs,c7_b0.1,7,0.1,0.4175,program/MedMNISTMerge/result/dermamnist(1).md
dermamnist,small,resnet,model_stock,c3_b0,3,0.0,0.6698,program/MedMNISTMerge/result/dermamnist(1).md
dermamnist,small,resnet,model_stock,c3_b0.01,3,0.01,0.5312,program/MedMNISTMerge/result/dermamnist(1).md
dermamnist,small,resnet,model_stock,c3_b0.1,3,0.1,0.6638,program/MedMNISTMerge/result/dermamnist(1).md
dermamnist,small,resnet,model_stock,c5_b0,5,0.0,0.589,program/MedMNISTMerge/result/dermamnist(1).md
dermamnist,small,resnet,model_stock,c5_b0.01,5,0.01,0.5611,program/MedMNISTMerge/result/dermamnist(1).md
dermamnist,small,resnet,model_stock,c5_b0.1,5,0.1,0.1431,program/MedMNISTMerge/result/dermamnist(1).md
dermamnist,small,resnet,model_stock,c7_b0,7,0.0,0.6419,program/MedMNISTMerge/result/dermamnist(1).md
dermamnist,small,resnet,model_stock,c7_b0.01,7,0.01,0.6688,program/MedMNISTMerge/result/dermamnist(1).md
dermamnist,small,resnet,model_stock,c7_b0.1,7,0.1,0.4055,program/MedMNISTMerge/result/dermamnist(1).md
dermamnist,small,resnet,from,c3_b0,3,0.0,0.6688,program/MedMNISTMerge/result/dermamnist(1).md
dermamnist,small,resnet,from,c3_b0.01,3,0.01,0.6703,program/MedMNISTMerge/result/dermamnist(1).md
dermamnist,small,resnet,from,c3_b0.1,3,0.1,0.6748,program/MedMNISTMerge/result/dermamnist(1).md
dermamnist,small,resnet,from,c5_b0,5,0.0,0.6688,program/MedMNISTMerge/result/dermamnist(1).md
dermamnist,small,resnet,from,c5_b0.01,5,0.01,0.3721,program/MedMNISTMerge/result/dermamnist(1).md
dermamnist,small,resnet,from,c5_b0.1,5,0.1,0.2698,program/MedMNISTMerge/result/dermamnist(1).md
dermamnist,small,resnet,from,c7_b0,7,0.0,0.6688,program/MedMNISTMerge/result/dermamnist(1).md
dermamnist,small,resnet,from,c7_b0.01,7,0.01,0.6688,program/MedMNISTMerge/result/dermamnist(1).md
dermamnist,small,resnet,from,c7_b0.1,7,0.1,0.6364,program/MedMNISTMerge/result/dermamnist(1).md
dermamnist,small,resnet,iso_c,c3_b0,3,0.0,0.6364,program/MedMNISTMerge/result/dermamnist(1).md
dermamnist,small,resnet,iso_c,c3_b0.01,3,0.01,0.2254,program/MedMNISTMerge/result/dermamnist(1).md
dermamnist,small,resnet,iso_c,c3_b0.1,3,0.1,0.6529,program/MedMNISTMerge/result/dermamnist(1).md
dermamnist,small,resnet,iso_c,c5_b0,5,0.0,0.5686,program/MedMNISTMerge/result/dermamnist(1).md
dermamnist,small,resnet,iso_c,c5_b0.01,5,0.01,0.3267,program/MedMNISTMerge/result/dermamnist(1).md
dermamnist,small,resnet,iso_c,c5_b0.1,5,0.1,0.4314,program/MedMNISTMerge/result/dermamnist(1).md
dermamnist,small,resnet,iso_c,c7_b0,7,0.0,0.6693,program/MedMNISTMerge/result/dermamnist(1).md
dermamnist,small,resnet,iso_c,c7_b0.01,7,0.01,0.6688,program/MedMNISTMerge/result/dermamnist(1).md
dermamnist,small,resnet,iso_c,c7_b0.1,7,0.1,0.5865,program/MedMNISTMerge/result/dermamnist(1).md
dermamnist,small,resnet,free_merge,c3_b0,3,0.0,0.6688,program/MedMNISTMerge/result/dermamnist(1).md
dermamnist,small,resnet,free_merge,c3_b0.01,3,0.01,0.5461,program/MedMNISTMerge/result/dermamnist(1).md
dermamnist,small,resnet,free_merge,c3_b0.1,3,0.1,0.6723,program/MedMNISTMerge/result/dermamnist(1).md
dermamnist,small,resnet,free_merge,c5_b0,5,0.0,0.5776,program/MedMNISTMerge/result/dermamnist(1).md
dermamnist,small,resnet,free_merge,c5_b0.01,5,0.01,0.6499,program/MedMNISTMerge/result/dermamnist(1).md
dermamnist,small,resnet,free_merge,c5_b0.1,5,0.1,0.1825,program/MedMNISTMerge/result/dermamnist(1).md
dermamnist,small,resnet,free_merge,c7_b0,7,0.0,0.6718,program/MedMNISTMerge/result/dermamnist(1).md
dermamnist,small,resnet,free_merge,c7_b0.01,7,0.01,0.6688,program/MedMNISTMerge/result/dermamnist(1).md
dermamnist,small,resnet,free_merge,c7_b0.1,7,0.1,0.5332,program/MedMNISTMerge/result/dermamnist(1).md
dermamnist,small,resnet,robustmerge,c3_b0,3,0.0,0.1576,program/MedMNISTMerge/result/dermamnist(1).md
dermamnist,small,resnet,robustmerge,c3_b0.01,3,0.01,0.0499,program/MedMNISTMerge/result/dermamnist(1).md
dermamnist,small,resnet,robustmerge,c3_b0.1,3,0.1,0.6793,program/MedMNISTMerge/result/dermamnist(1).md
dermamnist,small,resnet,robustmerge,c5_b0,5,0.0,0.1067,program/MedMNISTMerge/result/dermamnist(1).md
dermamnist,small,resnet,robustmerge,c5_b0.01,5,0.01,0.3426,program/MedMNISTMerge/result/dermamnist(1).md
dermamnist,small,resnet,robustmerge,c5_b0.1,5,0.1,0.1761,program/MedMNISTMerge/result/dermamnist(1).md
dermamnist,small,resnet,robustmerge,c7_b0,7,0.0,0.2329,program/MedMNISTMerge/result/dermamnist(1).md
dermamnist,small,resnet,robustmerge,c7_b0.01,7,0.01,0.6384,program/MedMNISTMerge/result/dermamnist(1).md
dermamnist,small,resnet,robustmerge,c7_b0.1,7,0.1,0.3112,program/MedMNISTMerge/result/dermamnist(1).md
dermamnist,small,convnext,avg,c3_b0,3,0.0,0.1112,program/MedMNISTMerge/result/dermamnist(1).md
dermamnist,small,convnext,avg,c3_b0.01,3,0.01,0.1097,program/MedMNISTMerge/result/dermamnist(1).md
dermamnist,small,convnext,avg,c3_b0.1,3,0.1,0.6688,program/MedMNISTMerge/result/dermamnist(1).md
dermamnist,small,convnext,avg,c5_b0,5,0.0,0.6688,program/MedMNISTMerge/result/dermamnist(1).md
dermamnist,small,convnext,avg,c5_b0.01,5,0.01,0.1112,program/MedMNISTMerge/result/dermamnist(1).md
dermamnist,small,convnext,avg,c5_b0.1,5,0.1,0.6688,program/MedMNISTMerge/result/dermamnist(1).md
dermamnist,small,convnext,avg,c7_b0,7,0.0,0.6688,program/MedMNISTMerge/result/dermamnist(1).md
dermamnist,small,convnext,avg,c7_b0.01,7,0.01,0.6688,program/MedMNISTMerge/result/dermamnist(1).md
dermamnist,small,convnext,avg,c7_b0.1,7,0.1,0.6688,program/MedMNISTMerge/result/dermamnist(1).md
dermamnist,small,convnext,ties,c3_b0,3,0.0,0.6688,program/MedMNISTMerge/result/dermamnist(1).md
dermamnist,small,convnext,ties,c3_b0.01,3,0.01,0.1097,program/MedMNISTMerge/result/dermamnist(1).md
dermamnist,small,convnext,ties,c3_b0.1,3,0.1,0.1112,program/MedMNISTMerge/result/dermamnist(1).md
dermamnist,small,convnext,ties,c5_b0,5,0.0,0.1097,program/MedMNISTMerge/result/dermamnist(1).md
dermamnist,small,convnext,ties,c5_b0.01,5,0.01,0.0115,program/MedMNISTMerge/result/dermamnist(1).md
dermamnist,small,convnext,ties,c5_b0.1,5,0.1,0.418,program/MedMNISTMerge/result/dermamnist(1).md
dermamnist,small,convnext,ties,c7_b0,7,0.0,0.1112,program/MedMNISTMerge/result/dermamnist(1).md
dermamnist,small,convnext,ties,c7_b0.01,7,0.01,0.6688,program/MedMNISTMerge/result/dermamnist(1).md
dermamnist,small,convnext,ties,c7_b0.1,7,0.1,0.0339,program/MedMNISTMerge/result/dermamnist(1).md
dermamnist,small,convnext,dare_linear,c3_b0,3,0.0,0.0329,program/MedMNISTMerge/result/dermamnist(1).md
dermamnist,small,convnext,dare_linear,c3_b0.01,3,0.01,0.1097,program/MedMNISTMerge/result/dermamnist(1).md
dermamnist,small,convnext,dare_linear,c3_b0.1,3,0.1,0.6688,program/MedMNISTMerge/result/dermamnist(1).md
dermamnist,small,convnext,dare_linear,c5_b0,5,0.0,0.6688,program/MedMNISTMerge/result/dermamnist(1).md
dermamnist,small,convnext,dare_linear,c5_b0.01,5,0.01,0.1112,program/MedMNISTMerge/result/dermamnist(1).md
dermamnist,small,convnext,dare_linear,c5_b0.1,5,0.1,0.6688,program/MedMNISTMerge/result/dermamnist(1).md
dermamnist,small,convnext,dare_linear,c7_b0,7,0.0,0.1112,program/MedMNISTMerge/result/dermamnist(1).md
dermamnist,small,convnext,dare_linear,c7_b0.01,7,0.01,0.6688,program/MedMNISTMerge/result/dermamnist(1).md
dermamnist,small,convnext,dare_linear,c7_b0.1,7,0.1,0.6688,program/MedMNISTMerge/result/dermamnist(1).md
dermamnist,small,convnext,dare_ties,c3_b0,3,0.0,0.0514,program/MedMNISTMerge/result/dermamnist(1).md
dermamnist,small,convnext,dare_ties,c3_b0.01,3,0.01,0.1097,program/MedMNISTMerge/result/dermamnist(1).md
dermamnist,small,convnext,dare_ties,c3_b0.1,3,0.1,0.1112,program/MedMNISTMerge/result/dermamnist(1).md
dermamnist,small,convnext,dare_ties,c5_b0,5,0.0,0.1097,program/MedMNISTMerge/result/dermamnist(1).md
dermamnist,small,convnext,dare_ties,c5_b0.01,5,0.01,0.1112,program/MedMNISTMerge/result/dermamnist(1).md
dermamnist,small,convnext,dare_ties,c5_b0.1,5,0.1,0.6185,program/MedMNISTMerge/result/dermamnist(1).md
dermamnist,small,convnext,dare_ties,c7_b0,7,0.0,0.0329,program/MedMNISTMerge/result/dermamnist(1).md
dermamnist,small,convnext,dare_ties,c7_b0.01,7,0.01,0.6688,program/MedMNISTMerge/result/dermamnist(1).md
dermamnist,small,convnext,dare_ties,c7_b0.1,7,0.1,0.0334,program/MedMNISTMerge/result/dermamnist(1).md
dermamnist,small,convnext,regmean,c3_b0,3,0.0,0.0115,program/MedMNISTMerge/result/dermamnist(1).md
dermamnist,small,convnext,regmean,c3_b0.01,3,0.01,0.1097,program/MedMNISTMerge/result/dermamnist(1).md
dermamnist,small,convnext,regmean,c3_b0.1,3,0.1,0.6688,program/MedMNISTMerge/result/dermamnist(1).md
dermamnist,small,convnext,regmean,c5_b0,5,0.0,0.1097,program/MedMNISTMerge/result/dermamnist(1).md
dermamnist,small,convnext,regmean,c5_b0.01,5,0.01,0.0115,program/MedMNISTMerge/result/dermamnist(1).md
dermamnist,small,convnext,regmean,c5_b0.1,5,0.1,0.1107,program/MedMNISTMerge/result/dermamnist(1).md
dermamnist,small,convnext,regmean,c7_b0,7,0.0,0.1112,program/MedMNISTMerge/result/dermamnist(1).md
dermamnist,small,convnext,regmean,c7_b0.01,7,0.01,0.6688,program/MedMNISTMerge/result/dermamnist(1).md
dermamnist,small,convnext,regmean,c7_b0.1,7,0.1,0.0359,program/MedMNISTMerge/result/dermamnist(1).md
dermamnist,small,convnext,fisher,c3_b0,3,0.0,0.1097,program/MedMNISTMerge/result/dermamnist(1).md
dermamnist,small,convnext,fisher,c3_b0.01,3,0.01,0.6688,program/MedMNISTMerge/result/dermamnist(1).md
dermamnist,small,convnext,fisher,c3_b0.1,3,0.1,0.6688,program/MedMNISTMerge/result/dermamnist(1).md
dermamnist,small,convnext,fisher,c5_b0,5,0.0,0.1112,program/MedMNISTMerge/result/dermamnist(1).md
dermamnist,small,convnext,fisher,c5_b0.01,5,0.01,0.0115,program/MedMNISTMerge/result/dermamnist(1).md
dermamnist,small,convnext,fisher,c5_b0.1,5,0.1,0.6688,program/MedMNISTMerge/result/dermamnist(1).md
dermamnist,small,convnext,fisher,c7_b0,7,0.0,0.1112,program/MedMNISTMerge/result/dermamnist(1).md
dermamnist,small,convnext,fisher,c7_b0.01,7,0.01,0.1112,program/MedMNISTMerge/result/dermamnist(1).md
dermamnist,small,convnext,fisher,c7_b0.1,7,0.1,0.6688,program/MedMNISTMerge/result/dermamnist(1).md
dermamnist,small,convnext,breadcrumbs,c3_b0,3,0.0,0.0329,program/MedMNISTMerge/result/dermamnist(1).md
dermamnist,small,convnext,breadcrumbs,c3_b0.01,3,0.01,0.0145,program/MedMNISTMerge/result/dermamnist(1).md
dermamnist,small,convnext,breadcrumbs,c3_b0.1,3,0.1,0.1097,program/MedMNISTMerge/result/dermamnist(1).md
dermamnist,small,convnext,breadcrumbs,c5_b0,5,0.0,0.6688,program/MedMNISTMerge/result/dermamnist(1).md
dermamnist,small,convnext,breadcrumbs,c5_b0.01,5,0.01,0.0514,program/MedMNISTMerge/result/dermamnist(1).md
dermamnist,small,convnext,breadcrumbs,c5_b0.1,5,0.1,0.1097,program/MedMNISTMerge/result/dermamnist(1).md
dermamnist,small,convnext,breadcrumbs,c7_b0,7,0.0,0.6688,program/MedMNISTMerge/result/dermamnist(1).md
dermamnist,small,convnext,breadcrumbs,c7_b0.01,7,0.01,0.6688,program/MedMNISTMerge/result/dermamnist(1).md
dermamnist,small,convnext,breadcrumbs,c7_b0.1,7,0.1,0.0514,program/MedMNISTMerge/result/dermamnist(1).md
dermamnist,small,convnext,model_stock,c3_b0,3,0.0,0.1112,program/MedMNISTMerge/result/dermamnist(1).md
dermamnist,small,convnext,model_stock,c3_b0.01,3,0.01,0.1097,program/MedMNISTMerge/result/dermamnist(1).md
dermamnist,small,convnext,model_stock,c3_b0.1,3,0.1,0.6688,program/MedMNISTMerge/result/dermamnist(1).md
dermamnist,small,convnext,model_stock,c5_b0,5,0.0,0.6688,program/MedMNISTMerge/result/dermamnist(1).md
dermamnist,small,convnext,model_stock,c5_b0.01,5,0.01,0.1112,program/MedMNISTMerge/result/dermamnist(1).md
dermamnist,small,convnext,model_stock,c5_b0.1,5,0.1,0.6688,program/MedMNISTMerge/result/dermamnist(1).md
dermamnist,small,convnext,model_stock,c7_b0,7,0.0,0.6688,program/MedMNISTMerge/result/dermamnist(1).md
dermamnist,small,convnext,model_stock,c7_b0.01,7,0.01,0.6688,program/MedMNISTMerge/result/dermamnist(1).md
dermamnist,small,convnext,model_stock,c7_b0.1,7,0.1,0.6688,program/MedMNISTMerge/result/dermamnist(1).md
dermamnist,small,convnext,from,c3_b0,3,0.0,0.1112,program/MedMNISTMerge/result/dermamnist(1).md
dermamnist,small,convnext,from,c3_b0.01,3,0.01,0.1097,program/MedMNISTMerge/result/dermamnist(1).md
dermamnist,small,convnext,from,c3_b0.1,3,0.1,0.6688,program/MedMNISTMerge/result/dermamnist(1).md
dermamnist,small,convnext,from,c5_b0,5,0.0,0.6688,program/MedMNISTMerge/result/dermamnist(1).md
dermamnist,small,convnext,from,c5_b0.01,5,0.01,0.1112,program/MedMNISTMerge/result/dermamnist(1).md
dermamnist,small,convnext,from,c5_b0.1,5,0.1,0.2419,program/MedMNISTMerge/result/dermamnist(1).md
dermamnist,small,convnext,from,c7_b0,7,0.0,0.6688,program/MedMNISTMerge/result/dermamnist(1).md
dermamnist,small,convnext,from,c7_b0.01,7,0.01,0.6688,program/MedMNISTMerge/result/dermamnist(1).md
dermamnist,small,convnext,from,c7_b0.1,7,0.1,0.0329,program/MedMNISTMerge/result/dermamnist(1).md
dermamnist,small,convnext,iso_c,c3_b0,3,0.0,0.1112,program/MedMNISTMerge/result/dermamnist(1).md
dermamnist,small,convnext,iso_c,c3_b0.01,3,0.01,0.1112,program/MedMNISTMerge/result/dermamnist(1).md
dermamnist,small,convnext,iso_c,c3_b0.1,3,0.1,0.6688,program/MedMNISTMerge/result/dermamnist(1).md
dermamnist,small,convnext,iso_c,c5_b0,5,0.0,0.6688,program/MedMNISTMerge/result/dermamnist(1).md
dermamnist,small,convnext,iso_c,c5_b0.01,5,0.01,0.1112,program/MedMNISTMerge/result/dermamnist(1).md
dermamnist,small,convnext,iso_c,c5_b0.1,5,0.1,0.6688,program/MedMNISTMerge/result/dermamnist(1).md
dermamnist,small,convnext,iso_c,c7_b0,7,0.0,0.6688,program/MedMNISTMerge/result/dermamnist(1).md
dermamnist,small,convnext,iso_c,c7_b0.01,7,0.01,0.6688,program/MedMNISTMerge/result/dermamnist(1).md
dermamnist,small,convnext,iso_c,c7_b0.1,7,0.1,0.6688,program/MedMNISTMerge/result/dermamnist(1).md
dermamnist,small,convnext,free_merge,c3_b0,3,0.0,0.1112,program/MedMNISTMerge/result/dermamnist(1).md
dermamnist,small,convnext,free_merge,c3_b0.01,3,0.01,0.1112,program/MedMNISTMerge/result/dermamnist(1).md
dermamnist,small,convnext,free_merge,c3_b0.1,3,0.1,0.6688,program/MedMNISTMerge/result/dermamnist(1).md
dermamnist,small,convnext,free_merge,c5_b0,5,0.0,0.6688,program/MedMNISTMerge/result/dermamnist(1).md
dermamnist,small,convnext,free_merge,c5_b0.01,5,0.01,0.1112,program/MedMNISTMerge/result/dermamnist(1).md
dermamnist,small,convnext,free_merge,c5_b0.1,5,0.1,0.6688,program/MedMNISTMerge/result/dermamnist(1).md
dermamnist,small,convnext,free_merge,c7_b0,7,0.0,0.6688,program/MedMNISTMerge/result/dermamnist(1).md
dermamnist,small,convnext,free_merge,c7_b0.01,7,0.01,0.6688,program/MedMNISTMerge/result/dermamnist(1).md
dermamnist,small,convnext,free_merge,c7_b0.1,7,0.1,0.6688,program/MedMNISTMerge/result/dermamnist(1).md
dermamnist,small,convnext,robustmerge,c3_b0,3,0.0,0.1112,program/MedMNISTMerge/result/dermamnist(1).md
dermamnist,small,convnext,robustmerge,c3_b0.01,3,0.01,0.1097,program/MedMNISTMerge/result/dermamnist(1).md
dermamnist,small,convnext,robustmerge,c3_b0.1,3,0.1,0.0514,program/MedMNISTMerge/result/dermamnist(1).md
dermamnist,small,convnext,robustmerge,c5_b0,5,0.0,0.6688,program/MedMNISTMerge/result/dermamnist(1).md
dermamnist,small,convnext,robustmerge,c5_b0.01,5,0.01,0.0145,program/MedMNISTMerge/result/dermamnist(1).md
dermamnist,small,convnext,robustmerge,c5_b0.1,5,0.1,0.6688,program/MedMNISTMerge/result/dermamnist(1).md
dermamnist,small,convnext,robustmerge,c7_b0,7,0.0,0.6688,program/MedMNISTMerge/result/dermamnist(1).md
dermamnist,small,convnext,robustmerge,c7_b0.01,7,0.01,0.6688,program/MedMNISTMerge/result/dermamnist(1).md
dermamnist,small,convnext,robustmerge,c7_b0.1,7,0.1,0.1112,program/MedMNISTMerge/result/dermamnist(1).md
dermamnist,small,vit_t,avg,c3_b0,3,0.0,0.6688,program/MedMNISTMerge/result/dermamnist(1).md
dermamnist,small,vit_t,avg,c3_b0.01,3,0.01,0.6688,program/MedMNISTMerge/result/dermamnist(1).md
dermamnist,small,vit_t,avg,c3_b0.1,3,0.1,0.0539,program/MedMNISTMerge/result/dermamnist(1).md
dermamnist,small,vit_t,avg,c5_b0,5,0.0,0.6509,program/MedMNISTMerge/result/dermamnist(1).md
dermamnist,small,vit_t,avg,c5_b0.01,5,0.01,0.5501,program/MedMNISTMerge/result/dermamnist(1).md
dermamnist,small,vit_t,avg,c5_b0.1,5,0.1,0.1097,program/MedMNISTMerge/result/dermamnist(1).md
dermamnist,small,vit_t,avg,c7_b0,7,0.0,0.6608,program/MedMNISTMerge/result/dermamnist(1).md
dermamnist,small,vit_t,avg,c7_b0.01,7,0.01,0.3367,program/MedMNISTMerge/result/dermamnist(1).md
dermamnist,small,vit_t,avg,c7_b0.1,7,0.1,0.1112,program/MedMNISTMerge/result/dermamnist(1).md
dermamnist,small,vit_t,ties,c3_b0,3,0.0,0.6688,program/MedMNISTMerge/result/dermamnist(1).md
dermamnist,small,vit_t,ties,c3_b0.01,3,0.01,0.6688,program/MedMNISTMerge/result/dermamnist(1).md
dermamnist,small,vit_t,ties,c3_b0.1,3,0.1,0.0963,program/MedMNISTMerge/result/dermamnist(1).md
dermamnist,small,vit_t,ties,c5_b0,5,0.0,0.1097,program/MedMNISTMerge/result/dermamnist(1).md
dermamnist,small,vit_t,ties,c5_b0.01,5,0.01,0.3007,program/MedMNISTMerge/result/dermamnist(1).md
dermamnist,small,vit_t,ties,c5_b0.1,5,0.1,0.6389,program/MedMNISTMerge/result/dermamnist(1).md
dermamnist,small,vit_t,ties,c7_b0,7,0.0,0.1112,program/MedMNISTMerge/result/dermamnist(1).md
dermamnist,small,vit_t,ties,c7_b0.01,7,0.01,0.6688,program/MedMNISTMerge/result/dermamnist(1).md
dermamnist,small,vit_t,ties,c7_b0.1,7,0.1,0.6045,program/MedMNISTMerge/result/dermamnist(1).md
dermamnist,small,vit_t,dare_linear,c3_b0,3,0.0,0.6618,program/MedMNISTMerge/result/dermamnist(1).md
dermamnist,small,vit_t,dare_linear,c3_b0.01,3,0.01,0.1416,program/MedMNISTMerge/result/dermamnist(1).md
dermamnist,small,vit_t,dare_linear,c3_b0.1,3,0.1,0.0514,program/MedMNISTMerge/result/dermamnist(1).md
dermamnist,small,vit_t,dare_linear,c5_b0,5,0.0,0.0808,program/MedMNISTMerge/result/dermamnist(1).md
dermamnist,small,vit_t,dare_linear,c5_b0.01,5,0.01,0.1102,program/MedMNISTMerge/result/dermamnist(1).md
dermamnist,small,vit_t,dare_linear,c5_b0.1,5,0.1,0.1097,program/MedMNISTMerge/result/dermamnist(1).md
dermamnist,small,vit_t,dare_linear,c7_b0,7,0.0,0.0968,program/MedMNISTMerge/result/dermamnist(1).md
dermamnist,small,vit_t,dare_linear,c7_b0.01,7,0.01,0.1117,program/MedMNISTMerge/result/dermamnist(1).md
dermamnist,small,vit_t,dare_linear,c7_b0.1,7,0.1,0.1526,program/MedMNISTMerge/result/dermamnist(1).md
dermamnist,small,vit_t,dare_ties,c3_b0,3,0.0,0.6688,program/MedMNISTMerge/result/dermamnist(1).md
dermamnist,small,vit_t,dare_ties,c3_b0.01,3,0.01,0.0723,program/MedMNISTMerge/result/dermamnist(1).md
dermamnist,small,vit_t,dare_ties,c3_b0.1,3,0.1,0.0793,program/MedMNISTMerge/result/dermamnist(1).md
dermamnist,small,vit_t,dare_ties,c5_b0,5,0.0,0.1097,program/MedMNISTMerge/result/dermamnist(1).md
dermamnist,small,vit_t,dare_ties,c5_b0.01,5,0.01,0.5975,program/MedMNISTMerge/result/dermamnist(1).md
dermamnist,small,vit_t,dare_ties,c5_b0.1,5,0.1,0.6434,program/MedMNISTMerge/result/dermamnist(1).md
dermamnist,small,vit_t,dare_ties,c7_b0,7,0.0,0.0339,program/MedMNISTMerge/result/dermamnist(1).md
dermamnist,small,vit_t,dare_ties,c7_b0.01,7,0.01,0.3676,program/MedMNISTMerge/result/dermamnist(1).md
dermamnist,small,vit_t,dare_ties,c7_b0.1,7,0.1,0.6569,program/MedMNISTMerge/result/dermamnist(1).md
dermamnist,small,vit_t,regmean,c3_b0,3,0.0,0.6688,program/MedMNISTMerge/result/dermamnist(1).md
dermamnist,small,vit_t,regmean,c3_b0.01,3,0.01,0.6688,program/MedMNISTMerge/result/dermamnist(1).md
dermamnist,small,vit_t,regmean,c3_b0.1,3,0.1,0.1965,program/MedMNISTMerge/result/dermamnist(1).md
dermamnist,small,vit_t,regmean,c5_b0,5,0.0,0.1382,program/MedMNISTMerge/result/dermamnist(1).md
dermamnist,small,vit_t,regmean,c5_b0.01,5,0.01,0.2983,program/MedMNISTMerge/result/dermamnist(1).md
dermamnist,small,vit_t,regmean,c5_b0.1,5,0.1,0.6638,program/MedMNISTMerge/result/dermamnist(1).md
dermamnist,small,vit_t,regmean,c7_b0,7,0.0,0.6599,program/MedMNISTMerge/result/dermamnist(1).md
dermamnist,small,vit_t,regmean,c7_b0.01,7,0.01,0.6688,program/MedMNISTMerge/result/dermamnist(1).md
dermamnist,small,vit_t,regmean,c7_b0.1,7,0.1,0.6688,program/MedMNISTMerge/result/dermamnist(1).md
dermamnist,small,vit_t,fisher,c3_b0,3,0.0,0.6688,program/MedMNISTMerge/result/dermamnist(1).md
dermamnist,small,vit_t,fisher,c3_b0.01,3,0.01,0.6688,program/MedMNISTMerge/result/dermamnist(1).md
dermamnist,small,vit_t,fisher,c3_b0.1,3,0.1,0.0963,program/MedMNISTMerge/result/dermamnist(1).md
dermamnist,small,vit_t,fisher,c5_b0,5,0.0,0.1112,program/MedMNISTMerge/result/dermamnist(1).md
dermamnist,small,vit_t,fisher,c5_b0.01,5,0.01,0.0484,program/MedMNISTMerge/result/dermamnist(1).md
dermamnist,small,vit_t,fisher,c5_b0.1,5,0.1,0.4529,program/MedMNISTMerge/result/dermamnist(1).md
dermamnist,small,vit_t,fisher,c7_b0,7,0.0,0.6658,program/MedMNISTMerge/result/dermamnist(1).md
dermamnist,small,vit_t,fisher,c7_b0.01,7,0.01,0.1112,program/MedMNISTMerge/result/dermamnist(1).md
dermamnist,small,vit_t,fisher,c7_b0.1,7,0.1,0.6688,program/MedMNISTMerge/result/dermamnist(1).md
dermamnist,small,vit_t,breadcrumbs,c3_b0,3,0.0,0.0439,program/MedMNISTMerge/result/dermamnist(1).md
dermamnist,small,vit_t,breadcrumbs,c3_b0.01,3,0.01,0.0514,program/MedMNISTMerge/result/dermamnist(1).md
dermamnist,small,vit_t,breadcrumbs,c3_b0.1,3,0.1,0.0514,program/MedMNISTMerge/result/dermamnist(1).md
dermamnist,small,vit_t,breadcrumbs,c5_b0,5,0.0,0.6688,program/MedMNISTMerge/result/dermamnist(1).md
dermamnist,small,vit_t,breadcrumbs,c5_b0.01,5,0.01,0.0514,program/MedMNISTMerge/result/dermamnist(1).md
dermamnist,small,vit_t,breadcrumbs,c5_b0.1,5,0.1,0.0514,program/MedMNISTMerge/result/dermamnist(1).md
dermamnist,small,vit_t,breadcrumbs,c7_b0,7,0.0,0.0444,program/MedMNISTMerge/result/dermamnist(1).md
dermamnist,small,vit_t,breadcrumbs,c7_b0.01,7,0.01,0.0908,program/MedMNISTMerge/result/dermamnist(1).md
dermamnist,small,vit_t,breadcrumbs,c7_b0.1,7,0.1,0.0469,program/MedMNISTMerge/result/dermamnist(1).md
dermamnist,small,vit_t,model_stock,c3_b0,3,0.0,0.6554,program/MedMNISTMerge/result/dermamnist(1).md
dermamnist,small,vit_t,model_stock,c3_b0.01,3,0.01,0.4349,program/MedMNISTMerge/result/dermamnist(1).md
dermamnist,small,vit_t,model_stock,c3_b0.1,3,0.1,0.0514,program/MedMNISTMerge/result/dermamnist(1).md
dermamnist,small,vit_t,model_stock,c5_b0,5,0.0,0.6688,program/MedMNISTMerge/result/dermamnist(1).md
dermamnist,small,vit_t,model_stock,c5_b0.01,5,0.01,0.1451,program/MedMNISTMerge/result/dermamnist(1).md
dermamnist,small,vit_t,model_stock,c5_b0.1,5,0.1,0.1097,program/MedMNISTMerge/result/dermamnist(1).md
dermamnist,small,vit_t,model_stock,c7_b0,7,0.0,0.6229,program/MedMNISTMerge/result/dermamnist(1).md
dermamnist,small,vit_t,model_stock,c7_b0.01,7,0.01,0.0863,program/MedMNISTMerge/result/dermamnist(1).md
dermamnist,small,vit_t,model_stock,c7_b0.1,7,0.1,0.1112,program/MedMNISTMerge/result/dermamnist(1).md
dermamnist,small,vit_t,from,c3_b0,3,0.0,0.6688,program/MedMNISTMerge/result/dermamnist(1).md
dermamnist,small,vit_t,from,c3_b0.01,3,0.01,0.6708,program/MedMNISTMerge/result/dermamnist(1).md
dermamnist,small,vit_t,from,c3_b0.1,3,0.1,0.0688,program/MedMNISTMerge/result/dermamnist(1).md
dermamnist,small,vit_t,from,c5_b0,5,0.0,0.6683,program/MedMNISTMerge/result/dermamnist(1).md
dermamnist,small,vit_t,from,c5_b0.01,5,0.01,0.609,program/MedMNISTMerge/result/dermamnist(1).md
dermamnist,small,vit_t,from,c5_b0.1,5,0.1,0.2589,program/MedMNISTMerge/result/dermamnist(1).md
dermamnist,small,vit_t,from,c7_b0,7,0.0,0.6688,program/MedMNISTMerge/result/dermamnist(1).md
dermamnist,small,vit_t,from,c7_b0.01,7,0.01,0.6688,program/MedMNISTMerge/result/dermamnist(1).md
dermamnist,small,vit_t,from,c7_b0.1,7,0.1,0.6688,program/MedMNISTMerge/result/dermamnist(1).md
dermamnist,small,vit_t,iso_c,c3_b0,3,0.0,0.39,program/MedMNISTMerge/result/dermamnist(1).md
dermamnist,small,vit_t,iso_c,c3_b0.01,3,0.01,0.6539,program/MedMNISTMerge/result/dermamnist(1).md
dermamnist,small,vit_t,iso_c,c3_b0.1,3,0.1,0.6688,program/MedMNISTMerge/result/dermamnist(1).md
dermamnist,small,vit_t,iso_c,c5_b0,5,0.0,0.5845,program/MedMNISTMerge/result/dermamnist(1).md
dermamnist,small,vit_t,iso_c,c5_b0.01,5,0.01,0.1052,program/MedMNISTMerge/result/dermamnist(1).md
dermamnist,small,vit_t,iso_c,c5_b0.1,5,0.1,0.6688,program/MedMNISTMerge/result/dermamnist(1).md
dermamnist,small,vit_t,iso_c,c7_b0,7,0.0,0.2209,program/MedMNISTMerge/result/dermamnist(1).md
dermamnist,small,vit_t,iso_c,c7_b0.01,7,0.01,0.3566,program/MedMNISTMerge/result/dermamnist(1).md
dermamnist,small,vit_t,iso_c,c7_b0.1,7,0.1,0.1142,program/MedMNISTMerge/result/dermamnist(1).md
dermamnist,small,vit_t,free_merge,c3_b0,3,0.0,0.6688,program/MedMNISTMerge/result/dermamnist(1).md
dermamnist,small,vit_t,free_merge,c3_b0.01,3,0.01,0.6688,program/MedMNISTMerge/result/dermamnist(1).md
dermamnist,small,vit_t,free_merge,c3_b0.1,3,0.1,0.0514,program/MedMNISTMerge/result/dermamnist(1).md
dermamnist,small,vit_t,free_merge,c5_b0,5,0.0,0.6524,program/MedMNISTMerge/result/dermamnist(1).md
dermamnist,small,vit_t,free_merge,c5_b0.01,5,0.01,0.6688,program/MedMNISTMerge/result/dermamnist(1).md
dermamnist,small,vit_t,free_merge,c5_b0.1,5,0.1,0.1097,program/MedMNISTMerge/result/dermamnist(1).md
dermamnist,small,vit_t,free_merge,c7_b0,7,0.0,0.381,program/MedMNISTMerge/result/dermamnist(1).md
dermamnist,small,vit_t,free_merge,c7_b0.01,7,0.01,0.6643,program/MedMNISTMerge/result/dermamnist(1).md
dermamnist,small,vit_t,free_merge,c7_b0.1,7,0.1,0.1112,program/MedMNISTMerge/result/dermamnist(1).md
dermamnist,small,vit_t,robustmerge,c3_b0,3,0.0,0.0334,program/MedMNISTMerge/result/dermamnist(1).md
dermamnist,small,vit_t,robustmerge,c3_b0.01,3,0.01,0.0135,program/MedMNISTMerge/result/dermamnist(1).md
dermamnist,small,vit_t,robustmerge,c3_b0.1,3,0.1,0.0574,program/MedMNISTMerge/result/dermamnist(1).md
dermamnist,small,vit_t,robustmerge,c5_b0,5,0.0,0.6688,program/MedMNISTMerge/result/dermamnist(1).md
dermamnist,small,vit_t,robustmerge,c5_b0.01,5,0.01,0.1097,program/MedMNISTMerge/result/dermamnist(1).md
dermamnist,small,vit_t,robustmerge,c5_b0.1,5,0.1,0.0519,program/MedMNISTMerge/result/dermamnist(1).md
dermamnist,small,vit_t,robustmerge,c7_b0,7,0.0,0.2648,program/MedMNISTMerge/result/dermamnist(1).md
dermamnist,small,vit_t,robustmerge,c7_b0.01,7,0.01,0.1187,program/MedMNISTMerge/result/dermamnist(1).md
dermamnist,small,vit_t,robustmerge,c7_b0.1,7,0.1,0.1337,program/MedMNISTMerge/result/dermamnist(1).md
dermamnist,small,swin_tiny,avg,c3_b0,3,0.0,0.0329,program/MedMNISTMerge/result/dermamnist(1).md
dermamnist,small,swin_tiny,avg,c3_b0.01,3,0.01,0.6688,program/MedMNISTMerge/result/dermamnist(1).md
dermamnist,small,swin_tiny,avg,c3_b0.1,3,0.1,0.6688,program/MedMNISTMerge/result/dermamnist(1).md
dermamnist,small,swin_tiny,avg,c5_b0,5,0.0,0.6688,program/MedMNISTMerge/result/dermamnist(1).md
dermamnist,small,swin_tiny,avg,c5_b0.01,5,0.01,0.6688,program/MedMNISTMerge/result/dermamnist(1).md
dermamnist,small,swin_tiny,avg,c5_b0.1,5,0.1,0.1112,program/MedMNISTMerge/result/dermamnist(1).md
dermamnist,small,swin_tiny,avg,c7_b0,7,0.0,0.6688,program/MedMNISTMerge/result/dermamnist(1).md
dermamnist,small,swin_tiny,avg,c7_b0.01,7,0.01,0.6688,program/MedMNISTMerge/result/dermamnist(1).md
dermamnist,small,swin_tiny,avg,c7_b0.1,7,0.1,0.6688,program/MedMNISTMerge/result/dermamnist(1).md
dermamnist,small,swin_tiny,ties,c3_b0,3,0.0,0.1097,program/MedMNISTMerge/result/dermamnist(1).md
dermamnist,small,swin_tiny,ties,c3_b0.01,3,0.01,0.1097,program/MedMNISTMerge/result/dermamnist(1).md
dermamnist,small,swin_tiny,ties,c3_b0.1,3,0.1,0.0329,program/MedMNISTMerge/result/dermamnist(1).md
dermamnist,small,swin_tiny,ties,c5_b0,5,0.0,0.1112,program/MedMNISTMerge/result/dermamnist(1).md
dermamnist,small,swin_tiny,ties,c5_b0.01,5,0.01,0.0115,program/MedMNISTMerge/result/dermamnist(1).md
dermamnist,small,swin_tiny,ties,c5_b0.1,5,0.1,0.1112,program/MedMNISTMerge/result/dermamnist(1).md
dermamnist,small,swin_tiny,ties,c7_b0,7,0.0,0.6688,program/MedMNISTMerge/result/dermamnist(1).md
dermamnist,small,swin_tiny,ties,c7_b0.01,7,0.01,0.6688,program/MedMNISTMerge/result/dermamnist(1).md
dermamnist,small,swin_tiny,ties,c7_b0.1,7,0.1,0.6688,program/MedMNISTMerge/result/dermamnist(1).md
dermamnist,small,swin_tiny,dare_linear,c3_b0,3,0.0,0.0329,program/MedMNISTMerge/result/dermamnist(1).md
dermamnist,small,swin_tiny,dare_linear,c3_b0.01,3,0.01,0.6688,program/MedMNISTMerge/result/dermamnist(1).md
dermamnist,small,swin_tiny,dare_linear,c3_b0.1,3,0.1,0.6688,program/MedMNISTMerge/result/dermamnist(1).md
dermamnist,small,swin_tiny,dare_linear,c5_b0,5,0.0,0.6688,program/MedMNISTMerge/result/dermamnist(1).md
dermamnist,small,swin_tiny,dare_linear,c5_b0.01,5,0.01,0.0514,program/MedMNISTMerge/result/dermamnist(1).md
dermamnist,small,swin_tiny,dare_linear,c5_b0.1,5,0.1,0.1112,program/MedMNISTMerge/result/dermamnist(1).md
dermamnist,small,swin_tiny,dare_linear,c7_b0,7,0.0,0.6688,program/MedMNISTMerge/result/dermamnist(1).md
dermamnist,small,swin_tiny,dare_linear,c7_b0.01,7,0.01,0.6688,program/MedMNISTMerge/result/dermamnist(1).md
dermamnist,small,swin_tiny,dare_linear,c7_b0.1,7,0.1,0.0514,program/MedMNISTMerge/result/dermamnist(1).md
dermamnist,small,swin_tiny,dare_ties,c3_b0,3,0.0,0.1097,program/MedMNISTMerge/result/dermamnist(1).md
dermamnist,small,swin_tiny,dare_ties,c3_b0.01,3,0.01,0.1097,program/MedMNISTMerge/result/dermamnist(1).md
dermamnist,small,swin_tiny,dare_ties,c3_b0.1,3,0.1,0.6688,program/MedMNISTMerge/result/dermamnist(1).md
dermamnist,small,swin_tiny,dare_ties,c5_b0,5,0.0,0.1112,program/MedMNISTMerge/result/dermamnist(1).md
dermamnist,small,swin_tiny,dare_ties,c5_b0.01,5,0.01,0.0115,program/MedMNISTMerge/result/dermamnist(1).md
dermamnist,small,swin_tiny,dare_ties,c5_b0.1,5,0.1,0.6688,program/MedMNISTMerge/result/dermamnist(1).md
dermamnist,small,swin_tiny,dare_ties,c7_b0,7,0.0,0.6688,program/MedMNISTMerge/result/dermamnist(1).md
dermamnist,small,swin_tiny,dare_ties,c7_b0.01,7,0.01,0.6688,program/MedMNISTMerge/result/dermamnist(1).md
dermamnist,small,swin_tiny,dare_ties,c7_b0.1,7,0.1,0.6688,program/MedMNISTMerge/result/dermamnist(1).md
dermamnist,small,swin_tiny,regmean,c3_b0,3,0.0,0.0329,program/MedMNISTMerge/result/dermamnist(1).md
dermamnist,small,swin_tiny,regmean,c3_b0.01,3,0.01,0.1097,program/MedMNISTMerge/result/dermamnist(1).md
dermamnist,small,swin_tiny,regmean,c3_b0.1,3,0.1,0.6688,program/MedMNISTMerge/result/dermamnist(1).md
dermamnist,small,swin_tiny,regmean,c5_b0,5,0.0,0.6688,program/MedMNISTMerge/result/dermamnist(1).md
dermamnist,small,swin_tiny,regmean,c5_b0.01,5,0.01,0.6688,program/MedMNISTMerge/result/dermamnist(1).md
dermamnist,small,swin_tiny,regmean,c5_b0.1,5,0.1,0.0514,program/MedMNISTMerge/result/dermamnist(1).md
dermamnist,small,swin_tiny,regmean,c7_b0,7,0.0,0.6688,program/MedMNISTMerge/result/dermamnist(1).md
dermamnist,small,swin_tiny,regmean,c7_b0.01,7,0.01,0.0329,program/MedMNISTMerge/result/dermamnist(1).md
dermamnist,small,swin_tiny,regmean,c7_b0.1,7,0.1,0.6688,program/MedMNISTMerge/result/dermamnist(1).md
dermamnist,small,swin_tiny,fisher,c3_b0,3,0.0,0.0369,program/MedMNISTMerge/result/dermamnist(1).md
dermamnist,small,swin_tiny,fisher,c3_b0.01,3,0.01,0.6688,program/MedMNISTMerge/result/dermamnist(1).md
dermamnist,small,swin_tiny,fisher,c3_b0.1,3,0.1,0.6688,program/MedMNISTMerge/result/dermamnist(1).md
dermamnist,small,swin_tiny,fisher,c5_b0,5,0.0,0.1112,program/MedMNISTMerge/result/dermamnist(1).md
dermamnist,small,swin_tiny,fisher,c5_b0.01,5,0.01,0.0329,program/MedMNISTMerge/result/dermamnist(1).md
dermamnist,small,swin_tiny,fisher,c5_b0.1,5,0.1,0.0514,program/MedMNISTMerge/result/dermamnist(1).md
dermamnist,small,swin_tiny,fisher,c7_b0,7,0.0,0.6688,program/MedMNISTMerge/result/dermamnist(1).md
dermamnist,small,swin_tiny,fisher,c7_b0.01,7,0.01,0.1112,program/MedMNISTMerge/result/dermamnist(1).md
dermamnist,small,swin_tiny,fisher,c7_b0.1,7,0.1,0.6354,program/MedMNISTMerge/result/dermamnist(1).md
dermamnist,small,swin_tiny,breadcrumbs,c3_b0,3,0.0,0.0329,program/MedMNISTMerge/result/dermamnist(1).md
dermamnist,small,swin_tiny,breadcrumbs,c3_b0.01,3,0.01,0.0514,program/MedMNISTMerge/result/dermamnist(1).md
dermamnist,small,swin_tiny,breadcrumbs,c3_b0.1,3,0.1,0.1097,program/MedMNISTMerge/result/dermamnist(1).md
dermamnist,small,swin_tiny,breadcrumbs,c5_b0,5,0.0,0.6688,program/MedMNISTMerge/result/dermamnist(1).md
dermamnist,small,swin_tiny,breadcrumbs,c5_b0.01,5,0.01,0.0514,program/MedMNISTMerge/result/dermamnist(1).md
dermamnist,small,swin_tiny,breadcrumbs,c5_b0.1,5,0.1,0.1112,program/MedMNISTMerge/result/dermamnist(1).md
dermamnist,small,swin_tiny,breadcrumbs,c7_b0,7,0.0,0.0843,program/MedMNISTMerge/result/dermamnist(1).md
dermamnist,small,swin_tiny,breadcrumbs,c7_b0.01,7,0.01,0.019,program/MedMNISTMerge/result/dermamnist(1).md
dermamnist,small,swin_tiny,breadcrumbs,c7_b0.1,7,0.1,0.1112,program/MedMNISTMerge/result/dermamnist(1).md
dermamnist,small,swin_tiny,model_stock,c3_b0,3,0.0,0.0329,program/MedMNISTMerge/result/dermamnist(1).md
dermamnist,small,swin_tiny,model_stock,c3_b0.01,3,0.01,0.6688,program/MedMNISTMerge/result/dermamnist(1).md
dermamnist,small,swin_tiny,model_stock,c3_b0.1,3,0.1,0.6688,program/MedMNISTMerge/result/dermamnist(1).md
dermamnist,small,swin_tiny,model_stock,c5_b0,5,0.0,0.6688,program/MedMNISTMerge/result/dermamnist(1).md
dermamnist,small,swin_tiny,model_stock,c5_b0.01,5,0.01,0.0514,program/MedMNISTMerge/result/dermamnist(1).md
dermamnist,small,swin_tiny,model_stock,c5_b0.1,5,0.1,0.1112,program/MedMNISTMerge/result/dermamnist(1).md
dermamnist,small,swin_tiny,model_stock,c7_b0,7,0.0,0.6673,program/MedMNISTMerge/result/dermamnist(1).md
dermamnist,small,swin_tiny,model_stock,c7_b0.01,7,0.01,0.6688,program/MedMNISTMerge/result/dermamnist(1).md
dermamnist,small,swin_tiny,model_stock,c7_b0.1,7,0.1,0.1112,program/MedMNISTMerge/result/dermamnist(1).md
dermamnist,small,swin_tiny,from,c3_b0,3,0.0,0.0329,program/MedMNISTMerge/result/dermamnist(1).md
dermamnist,small,swin_tiny,from,c3_b0.01,3,0.01,0.6688,program/MedMNISTMerge/result/dermamnist(1).md
dermamnist,small,swin_tiny,from,c3_b0.1,3,0.1,0.6688,program/MedMNISTMerge/result/dermamnist(1).md
dermamnist,small,swin_tiny,from,c5_b0,5,0.0,0.6688,program/MedMNISTMerge/result/dermamnist(1).md
dermamnist,small,swin_tiny,from,c5_b0.01,5,0.01,0.1112,program/MedMNISTMerge/result/dermamnist(1).md
dermamnist,small,swin_tiny,from,c5_b0.1,5,0.1,0.1112,program/MedMNISTMerge/result/dermamnist(1).md
dermamnist,small,swin_tiny,from,c7_b0,7,0.0,0.6688,program/MedMNISTMerge/result/dermamnist(1).md
dermamnist,small,swin_tiny,from,c7_b0.01,7,0.01,0.6688,program/MedMNISTMerge/result/dermamnist(1).md
dermamnist,small,swin_tiny,from,c7_b0.1,7,0.1,0.6688,program/MedMNISTMerge/result/dermamnist(1).md
dermamnist,small,swin_tiny,iso_c,c3_b0,3,0.0,0.0973,program/MedMNISTMerge/result/dermamnist(1).md
dermamnist,small,swin_tiny,iso_c,c3_b0.01,3,0.01,0.1636,program/MedMNISTMerge/result/dermamnist(1).md
dermamnist,small,swin_tiny,iso_c,c3_b0.1,3,0.1,0.6688,program/MedMNISTMerge/result/dermamnist(1).md
dermamnist,small,swin_tiny,iso_c,c5_b0,5,0.0,0.6279,program/MedMNISTMerge/result/dermamnist(1).md
dermamnist,small,swin_tiny,iso_c,c5_b0.01,5,0.01,0.1127,program/MedMNISTMerge/result/dermamnist(1).md
dermamnist,small,swin_tiny,iso_c,c5_b0.1,5,0.1,0.1112,program/MedMNISTMerge/result/dermamnist(1).md
dermamnist,small,swin_tiny,iso_c,c7_b0,7,0.0,0.6678,program/MedMNISTMerge/result/dermamnist(1).md
dermamnist,small,swin_tiny,iso_c,c7_b0.01,7,0.01,0.6474,program/MedMNISTMerge/result/dermamnist(1).md
dermamnist,small,swin_tiny,iso_c,c7_b0.1,7,0.1,0.2369,program/MedMNISTMerge/result/dermamnist(1).md
dermamnist,small,swin_tiny,free_merge,c3_b0,3,0.0,0.0329,program/MedMNISTMerge/result/dermamnist(1).md
dermamnist,small,swin_tiny,free_merge,c3_b0.01,3,0.01,0.6688,program/MedMNISTMerge/result/dermamnist(1).md
dermamnist,small,swin_tiny,free_merge,c3_b0.1,3,0.1,0.6688,program/MedMNISTMerge/result/dermamnist(1).md
dermamnist,small,swin_tiny,free_merge,c5_b0,5,0.0,0.6688,program/MedMNISTMerge/result/dermamnist(1).md
dermamnist,small,swin_tiny,free_merge,c5_b0.01,5,0.01,0.6688,program/MedMNISTMerge/result/dermamnist(1).md
dermamnist,small,swin_tiny,free_merge,c5_b0.1,5,0.1,0.1112,program/MedMNISTMerge/result/dermamnist(1).md
dermamnist,small,swin_tiny,free_merge,c7_b0,7,0.0,0.6688,program/MedMNISTMerge/result/dermamnist(1).md
dermamnist,small,swin_tiny,free_merge,c7_b0.01,7,0.01,0.6688,program/MedMNISTMerge/result/dermamnist(1).md
dermamnist,small,swin_tiny,free_merge,c7_b0.1,7,0.1,0.6688,program/MedMNISTMerge/result/dermamnist(1).md
dermamnist,small,swin_tiny,robustmerge,c3_b0,3,0.0,0.0329,program/MedMNISTMerge/result/dermamnist(1).md
dermamnist,small,swin_tiny,robustmerge,c3_b0.01,3,0.01,0.0115,program/MedMNISTMerge/result/dermamnist(1).md
dermamnist,small,swin_tiny,robustmerge,c3_b0.1,3,0.1,0.6688,program/MedMNISTMerge/result/dermamnist(1).md
dermamnist,small,swin_tiny,robustmerge,c5_b0,5,0.0,0.6688,program/MedMNISTMerge/result/dermamnist(1).md
dermamnist,small,swin_tiny,robustmerge,c5_b0.01,5,0.01,0.0514,program/MedMNISTMerge/result/dermamnist(1).md
dermamnist,small,swin_tiny,robustmerge,c5_b0.1,5,0.1,0.1112,program/MedMNISTMerge/result/dermamnist(1).md
dermamnist,small,swin_tiny,robustmerge,c7_b0,7,0.0,0.0254,program/MedMNISTMerge/result/dermamnist(1).md
dermamnist,small,swin_tiny,robustmerge,c7_b0.01,7,0.01,0.0145,program/MedMNISTMerge/result/dermamnist(1).md
dermamnist,small,swin_tiny,robustmerge,c7_b0.1,7,0.1,0.1112,program/MedMNISTMerge/result/dermamnist(1).md
dermamnist,small,densenet,avg,c3_b0,3,0.0,0.6688,program/MedMNISTMerge/result/dermamnist(1).md
dermamnist,small,densenet,avg,c3_b0.01,3,0.01,0.1097,program/MedMNISTMerge/result/dermamnist(1).md
dermamnist,small,densenet,avg,c3_b0.1,3,0.1,0.6688,program/MedMNISTMerge/result/dermamnist(1).md
dermamnist,small,densenet,avg,c5_b0,5,0.0,0.6688,program/MedMNISTMerge/result/dermamnist(1).md
dermamnist,small,densenet,avg,c5_b0.01,5,0.01,0.6693,program/MedMNISTMerge/result/dermamnist(1).md
dermamnist,small,densenet,avg,c5_b0.1,5,0.1,0.2693,program/MedMNISTMerge/result/dermamnist(1).md
dermamnist,small,densenet,avg,c7_b0,7,0.0,0.5431,program/MedMNISTMerge/result/dermamnist(1).md
dermamnist,small,densenet,avg,c7_b0.01,7,0.01,0.6688,program/MedMNISTMerge/result/dermamnist(1).md
dermamnist,small,densenet,avg,c7_b0.1,7,0.1,0.6424,program/MedMNISTMerge/result/dermamnist(1).md
dermamnist,small,densenet,ties,c3_b0,3,0.0,0.6688,program/MedMNISTMerge/result/dermamnist(1).md
dermamnist,small,densenet,ties,c3_b0.01,3,0.01,0.2963,program/MedMNISTMerge/result/dermamnist(1).md
dermamnist,small,densenet,ties,c3_b0.1,3,0.1,0.6688,program/MedMNISTMerge/result/dermamnist(1).md
dermamnist,small,densenet,ties,c5_b0,5,0.0,0.1177,program/MedMNISTMerge/result/dermamnist(1).md
dermamnist,small,densenet,ties,c5_b0.01,5,0.01,0.6688,program/MedMNISTMerge/result/dermamnist(1).md
dermamnist,small,densenet,ties,c5_b0.1,5,0.1,0.6708,program/MedMNISTMerge/result/dermamnist(1).md
dermamnist,small,densenet,ties,c7_b0,7,0.0,0.5431,program/MedMNISTMerge/result/dermamnist(1).md
dermamnist,small,densenet,ties,c7_b0.01,7,0.01,0.6688,program/MedMNISTMerge/result/dermamnist(1).md
dermamnist,small,densenet,ties,c7_b0.1,7,0.1,0.6688,program/MedMNISTMerge/result/dermamnist(1).md
dermamnist,small,densenet,dare_linear,c3_b0,3,0.0,0.6688,program/MedMNISTMerge/result/dermamnist(1).md
dermamnist,small,densenet,dare_linear,c3_b0.01,3,0.01,0.4429,program/MedMNISTMerge/result/dermamnist(1).md
dermamnist,small,densenet,dare_linear,c3_b0.1,3,0.1,0.6688,program/MedMNISTMerge/result/dermamnist(1).md
dermamnist,small,densenet,dare_linear,c5_b0,5,0.0,0.6688,program/MedMNISTMerge/result/dermamnist(1).md
dermamnist,small,densenet,dare_linear,c5_b0.01,5,0.01,0.6683,program/MedMNISTMerge/result/dermamnist(1).md
dermamnist,small,densenet,dare_linear,c5_b0.1,5,0.1,0.193,program/MedMNISTMerge/result/dermamnist(1).md
dermamnist,small,densenet,dare_linear,c7_b0,7,0.0,0.3531,program/MedMNISTMerge/result/dermamnist(1).md
dermamnist,small,densenet,dare_linear,c7_b0.01,7,0.01,0.6284,program/MedMNISTMerge/result/dermamnist(1).md
dermamnist,small,densenet,dare_linear,c7_b0.1,7,0.1,0.1097,program/MedMNISTMerge/result/dermamnist(1).md
dermamnist,small,densenet,dare_ties,c3_b0,3,0.0,0.6549,program/MedMNISTMerge/result/dermamnist(1).md
dermamnist,small,densenet,dare_ties,c3_b0.01,3,0.01,0.6643,program/MedMNISTMerge/result/dermamnist(1).md
dermamnist,small,densenet,dare_ties,c3_b0.1,3,0.1,0.6688,program/MedMNISTMerge/result/dermamnist(1).md
dermamnist,small,densenet,dare_ties,c5_b0,5,0.0,0.1771,program/MedMNISTMerge/result/dermamnist(1).md
dermamnist,small,densenet,dare_ties,c5_b0.01,5,0.01,0.6274,program/MedMNISTMerge/result/dermamnist(1).md
dermamnist,small,densenet,dare_ties,c5_b0.1,5,0.1,0.5172,program/MedMNISTMerge/result/dermamnist(1).md
dermamnist,small,densenet,dare_ties,c7_b0,7,0.0,0.6035,program/MedMNISTMerge/result/dermamnist(1).md
dermamnist,small,densenet,dare_ties,c7_b0.01,7,0.01,0.6688,program/MedMNISTMerge/result/dermamnist(1).md
dermamnist,small,densenet,dare_ties,c7_b0.1,7,0.1,0.6688,program/MedMNISTMerge/result/dermamnist(1).md
dermamnist,small,densenet,regmean,c3_b0,3,0.0,0.6688,program/MedMNISTMerge/result/dermamnist(1).md
dermamnist,small,densenet,regmean,c3_b0.01,3,0.01,0.1097,program/MedMNISTMerge/result/dermamnist(1).md
dermamnist,small,densenet,regmean,c3_b0.1,3,0.1,0.6688,program/MedMNISTMerge/result/dermamnist(1).md
dermamnist,small,densenet,regmean,c5_b0,5,0.0,0.1177,program/MedMNISTMerge/result/dermamnist(1).md
dermamnist,small,densenet,regmean,c5_b0.01,5,0.01,0.1172,program/MedMNISTMerge/result/dermamnist(1).md
dermamnist,small,densenet,regmean,c5_b0.1,5,0.1,0.1207,program/MedMNISTMerge/result/dermamnist(1).md
dermamnist,small,densenet,regmean,c7_b0,7,0.0,0.6633,program/MedMNISTMerge/result/dermamnist(1).md
dermamnist,small,densenet,regmean,c7_b0.01,7,0.01,0.6688,program/MedMNISTMerge/result/dermamnist(1).md
dermamnist,small,densenet,regmean,c7_b0.1,7,0.1,0.0903,program/MedMNISTMerge/result/dermamnist(1).md
dermamnist,small,densenet,fisher,c3_b0,3,0.0,0.6688,program/MedMNISTMerge/result/dermamnist(1).md
dermamnist,small,densenet,fisher,c3_b0.01,3,0.01,0.1137,program/MedMNISTMerge/result/dermamnist(1).md
dermamnist,small,densenet,fisher,c3_b0.1,3,0.1,0.6733,program/MedMNISTMerge/result/dermamnist(1).md
dermamnist,small,densenet,fisher,c5_b0,5,0.0,0.0135,program/MedMNISTMerge/result/dermamnist(1).md
dermamnist,small,densenet,fisher,c5_b0.01,5,0.01,0.1586,program/MedMNISTMerge/result/dermamnist(1).md
dermamnist,small,densenet,fisher,c5_b0.1,5,0.1,0.6693,program/MedMNISTMerge/result/dermamnist(1).md
dermamnist,small,densenet,fisher,c7_b0,7,0.0,0.6688,program/MedMNISTMerge/result/dermamnist(1).md
dermamnist,small,densenet,fisher,c7_b0.01,7,0.01,0.6688,program/MedMNISTMerge/result/dermamnist(1).md
dermamnist,small,densenet,fisher,c7_b0.1,7,0.1,0.6693,program/MedMNISTMerge/result/dermamnist(1).md
dermamnist,small,densenet,breadcrumbs,c3_b0,3,0.0,0.0329,program/MedMNISTMerge/result/dermamnist(1).md
dermamnist,small,densenet,breadcrumbs,c3_b0.01,3,0.01,0.0524,program/MedMNISTMerge/result/dermamnist(1).md
dermamnist,small,densenet,breadcrumbs,c3_b0.1,3,0.1,0.6204,program/MedMNISTMerge/result/dermamnist(1).md
dermamnist,small,densenet,breadcrumbs,c5_b0,5,0.0,0.1112,program/MedMNISTMerge/result/dermamnist(1).md
dermamnist,small,densenet,breadcrumbs,c5_b0.01,5,0.01,0.0564,program/MedMNISTMerge/result/dermamnist(1).md
dermamnist,small,densenet,breadcrumbs,c5_b0.1,5,0.1,0.0344,program/MedMNISTMerge/result/dermamnist(1).md
dermamnist,small,densenet,breadcrumbs,c7_b0,7,0.0,0.0439,program/MedMNISTMerge/result/dermamnist(1).md
dermamnist,small,densenet,breadcrumbs,c7_b0.01,7,0.01,0.0509,program/MedMNISTMerge/result/dermamnist(1).md
dermamnist,small,densenet,breadcrumbs,c7_b0.1,7,0.1,0.0329,program/MedMNISTMerge/result/dermamnist(1).md
dermamnist,small,densenet,model_stock,c3_b0,3,0.0,0.6688,program/MedMNISTMerge/result/dermamnist(1).md
dermamnist,small,densenet,model_stock,c3_b0.01,3,0.01,0.1097,program/MedMNISTMerge/result/dermamnist(1).md
dermamnist,small,densenet,model_stock,c3_b0.1,3,0.1,0.6688,program/MedMNISTMerge/result/dermamnist(1).md
dermamnist,small,densenet,model_stock,c5_b0,5,0.0,0.6688,program/MedMNISTMerge/result/dermamnist(1).md
dermamnist,small,densenet,model_stock,c5_b0.01,5,0.01,0.6519,program/MedMNISTMerge/result/dermamnist(1).md
dermamnist,small,densenet,model_stock,c5_b0.1,5,0.1,0.1147,program/MedMNISTMerge/result/dermamnist(1).md
dermamnist,small,densenet,model_stock,c7_b0,7,0.0,0.1626,program/MedMNISTMerge/result/dermamnist(1).md
dermamnist,small,densenet,model_stock,c7_b0.01,7,0.01,0.0514,program/MedMNISTMerge/result/dermamnist(1).md
dermamnist,small,densenet,model_stock,c7_b0.1,7,0.1,0.4085,program/MedMNISTMerge/result/dermamnist(1).md
dermamnist,small,densenet,from,c3_b0,3,0.0,0.6688,program/MedMNISTMerge/result/dermamnist(1).md
dermamnist,small,densenet,from,c3_b0.01,3,0.01,0.6718,program/MedMNISTMerge/result/dermamnist(1).md
dermamnist,small,densenet,from,c3_b0.1,3,0.1,0.6688,program/MedMNISTMerge/result/dermamnist(1).md
dermamnist,small,densenet,from,c5_b0,5,0.0,0.6688,program/MedMNISTMerge/result/dermamnist(1).md
dermamnist,small,densenet,from,c5_b0.01,5,0.01,0.6613,program/MedMNISTMerge/result/dermamnist(1).md
dermamnist,small,densenet,from,c5_b0.1,5,0.1,0.6718,program/MedMNISTMerge/result/dermamnist(1).md
dermamnist,small,densenet,from,c7_b0,7,0.0,0.6688,program/MedMNISTMerge/result/dermamnist(1).md
dermamnist,small,densenet,from,c7_b0.01,7,0.01,0.6688,program/MedMNISTMerge/result/dermamnist(1).md
dermamnist,small,densenet,from,c7_b0.1,7,0.1,0.1147,program/MedMNISTMerge/result/dermamnist(1).md
dermamnist,small,densenet,iso_c,c3_b0,3,0.0,0.6688,program/MedMNISTMerge/result/dermamnist(1).md
dermamnist,small,densenet,iso_c,c3_b0.01,3,0.01,0.1097,program/MedMNISTMerge/result/dermamnist(1).md
dermamnist,small,densenet,iso_c,c3_b0.1,3,0.1,0.6718,program/MedMNISTMerge/result/dermamnist(1).md
dermamnist,small,densenet,iso_c,c5_b0,5,0.0,0.6688,program/MedMNISTMerge/result/dermamnist(1).md
dermamnist,small,densenet,iso_c,c5_b0.01,5,0.01,0.6653,program/MedMNISTMerge/result/dermamnist(1).md
dermamnist,small,densenet,iso_c,c5_b0.1,5,0.1,0.4135,program/MedMNISTMerge/result/dermamnist(1).md
dermamnist,small,densenet,iso_c,c7_b0,7,0.0,0.4848,program/MedMNISTMerge/result/dermamnist(1).md
dermamnist,small,densenet,iso_c,c7_b0.01,7,0.01,0.6688,program/MedMNISTMerge/result/dermamnist(1).md
dermamnist,small,densenet,iso_c,c7_b0.1,7,0.1,0.1352,program/MedMNISTMerge/result/dermamnist(1).md
dermamnist,small,densenet,free_merge,c3_b0,3,0.0,0.6688,program/MedMNISTMerge/result/dermamnist(1).md
dermamnist,small,densenet,free_merge,c3_b0.01,3,0.01,0.1097,program/MedMNISTMerge/result/dermamnist(1).md
dermamnist,small,densenet,free_merge,c3_b0.1,3,0.1,0.6688,program/MedMNISTMerge/result/dermamnist(1).md
dermamnist,small,densenet,free_merge,c5_b0,5,0.0,0.6688,program/MedMNISTMerge/result/dermamnist(1).md
dermamnist,small,densenet,free_merge,c5_b0.01,5,0.01,0.6693,program/MedMNISTMerge/result/dermamnist(1).md
dermamnist,small,densenet,free_merge,c5_b0.1,5,0.1,0.2698,program/MedMNISTMerge/result/dermamnist(1).md
dermamnist,small,densenet,free_merge,c7_b0,7,0.0,0.5426,program/MedMNISTMerge/result/dermamnist(1).md
dermamnist,small,densenet,free_merge,c7_b0.01,7,0.01,0.6688,program/MedMNISTMerge/result/dermamnist(1).md
dermamnist,small,densenet,free_merge,c7_b0.1,7,0.1,0.6424,program/MedMNISTMerge/result/dermamnist(1).md
dermamnist,small,densenet,robustmerge,c3_b0,3,0.0,0.0369,program/MedMNISTMerge/result/dermamnist(1).md
dermamnist,small,densenet,robustmerge,c3_b0.01,3,0.01,0.0374,program/MedMNISTMerge/result/dermamnist(1).md
dermamnist,small,densenet,robustmerge,c3_b0.1,3,0.1,0.6718,program/MedMNISTMerge/result/dermamnist(1).md
dermamnist,small,densenet,robustmerge,c5_b0,5,0.0,0.6688,program/MedMNISTMerge/result/dermamnist(1).md
dermamnist,small,densenet,robustmerge,c5_b0.01,5,0.01,0.0504,program/MedMNISTMerge/result/dermamnist(1).md
dermamnist,small,densenet,robustmerge,c5_b0.1,5,0.1,0.1282,program/MedMNISTMerge/result/dermamnist(1).md
dermamnist,small,densenet,robustmerge,c7_b0,7,0.0,0.0599,program/MedMNISTMerge/result/dermamnist(1).md
dermamnist,small,densenet,robustmerge,c7_b0.01,7,0.01,0.0514,program/MedMNISTMerge/result/dermamnist(1).md
dermamnist,small,densenet,robustmerge,c7_b0.1,7,0.1,0.1092,program/MedMNISTMerge/result/dermamnist(1).md
dermamnist,small,efficientnet,avg,c3_b0,3,0.0,0.0165,program/MedMNISTMerge/result/dermamnist(1).md
dermamnist,small,efficientnet,avg,c3_b0.01,3,0.01,0.0145,program/MedMNISTMerge/result/dermamnist(1).md
dermamnist,small,efficientnet,avg,c3_b0.1,3,0.1,0.5411,program/MedMNISTMerge/result/dermamnist(1).md
dermamnist,small,efficientnet,avg,c5_b0,5,0.0,0.2404,program/MedMNISTMerge/result/dermamnist(1).md
dermamnist,small,efficientnet,avg,c5_b0.01,5,0.01,0.6479,program/MedMNISTMerge/result/dermamnist(1).md
dermamnist,small,efficientnet,avg,c5_b0.1,5,0.1,0.4594,program/MedMNISTMerge/result/dermamnist(1).md
dermamnist,small,efficientnet,avg,c7_b0,7,0.0,0.0589,program/MedMNISTMerge/result/dermamnist(1).md
dermamnist,small,efficientnet,avg,c7_b0.01,7,0.01,0.0429,program/MedMNISTMerge/result/dermamnist(1).md
dermamnist,small,efficientnet,avg,c7_b0.1,7,0.1,0.0808,program/MedMNISTMerge/result/dermamnist(1).md
dermamnist,small,efficientnet,ties,c3_b0,3,0.0,0.1172,program/MedMNISTMerge/result/dermamnist(1).md
dermamnist,small,efficientnet,ties,c3_b0.01,3,0.01,0.214,program/MedMNISTMerge/result/dermamnist(1).md
dermamnist,small,efficientnet,ties,c3_b0.1,3,0.1,0.6683,program/MedMNISTMerge/result/dermamnist(1).md
dermamnist,small,efficientnet,ties,c5_b0,5,0.0,0.0848,program/MedMNISTMerge/result/dermamnist(1).md
dermamnist,small,efficientnet,ties,c5_b0.01,5,0.01,0.2534,program/MedMNISTMerge/result/dermamnist(1).md
dermamnist,small,efficientnet,ties,c5_b0.1,5,0.1,0.204,program/MedMNISTMerge/result/dermamnist(1).md
dermamnist,small,efficientnet,ties,c7_b0,7,0.0,0.0115,program/MedMNISTMerge/result/dermamnist(1).md
dermamnist,small,efficientnet,ties,c7_b0.01,7,0.01,0.3057,program/MedMNISTMerge/result/dermamnist(1).md
dermamnist,small,efficientnet,ties,c7_b0.1,7,0.1,0.1192,program/MedMNISTMerge/result/dermamnist(1).md
dermamnist,small,efficientnet,dare_linear,c3_b0,3,0.0,0.009,program/MedMNISTMerge/result/dermamnist(1).md
dermamnist,small,efficientnet,dare_linear,c3_b0.01,3,0.01,0.0324,program/MedMNISTMerge/result/dermamnist(1).md
dermamnist,small,efficientnet,dare_linear,c3_b0.1,3,0.1,0.6219,program/MedMNISTMerge/result/dermamnist(1).md
dermamnist,small,efficientnet,dare_linear,c5_b0,5,0.0,0.4404,program/MedMNISTMerge/result/dermamnist(1).md
dermamnist,small,efficientnet,dare_linear,c5_b0.01,5,0.01,0.6688,program/MedMNISTMerge/result/dermamnist(1).md
dermamnist,small,efficientnet,dare_linear,c5_b0.1,5,0.1,0.4868,program/MedMNISTMerge/result/dermamnist(1).md
dermamnist,small,efficientnet,dare_linear,c7_b0,7,0.0,0.0698,program/MedMNISTMerge/result/dermamnist(1).md
dermamnist,small,efficientnet,dare_linear,c7_b0.01,7,0.01,0.0494,program/MedMNISTMerge/result/dermamnist(1).md
dermamnist,small,efficientnet,dare_linear,c7_b0.1,7,0.1,0.0788,program/MedMNISTMerge/result/dermamnist(1).md
dermamnist,small,efficientnet,dare_ties,c3_b0,3,0.0,0.1307,program/MedMNISTMerge/result/dermamnist(1).md
dermamnist,small,efficientnet,dare_ties,c3_b0.01,3,0.01,0.1835,program/MedMNISTMerge/result/dermamnist(1).md
dermamnist,small,efficientnet,dare_ties,c3_b0.1,3,0.1,0.6065,program/MedMNISTMerge/result/dermamnist(1).md
dermamnist,small,efficientnet,dare_ties,c5_b0,5,0.0,0.1137,program/MedMNISTMerge/result/dermamnist(1).md
dermamnist,small,efficientnet,dare_ties,c5_b0.01,5,0.01,0.1222,program/MedMNISTMerge/result/dermamnist(1).md
dermamnist,small,efficientnet,dare_ties,c5_b0.1,5,0.1,0.1571,program/MedMNISTMerge/result/dermamnist(1).md
dermamnist,small,efficientnet,dare_ties,c7_b0,7,0.0,0.0135,program/MedMNISTMerge/result/dermamnist(1).md
dermamnist,small,efficientnet,dare_ties,c7_b0.01,7,0.01,0.1227,program/MedMNISTMerge/result/dermamnist(1).md
dermamnist,small,efficientnet,dare_ties,c7_b0.1,7,0.1,0.1252,program/MedMNISTMerge/result/dermamnist(1).md
dermamnist,small,efficientnet,regmean,c3_b0,3,0.0,0.0165,program/MedMNISTMerge/result/dermamnist(1).md
dermamnist,small,efficientnet,regmean,c3_b0.01,3,0.01,0.0145,program/MedMNISTMerge/result/dermamnist(1).md
dermamnist,small,efficientnet,regmean,c3_b0.1,3,0.1,0.5411,program/MedMNISTMerge/result/dermamnist(1).md
dermamnist,small,efficientnet,regmean,c5_b0,5,0.0,0.2404,program/MedMNISTMerge/result/dermamnist(1).md
dermamnist,small,efficientnet,regmean,c5_b0.01,5,0.01,0.6479,program/MedMNISTMerge/result/dermamnist(1).md
dermamnist,small,efficientnet,regmean,c5_b0.1,5,0.1,0.4594,program/MedMNISTMerge/result/dermamnist(1).md
dermamnist,small,efficientnet,regmean,c7_b0,7,0.0,0.0589,program/MedMNISTMerge/result/dermamnist(1).md
dermamnist,small,efficientnet,regmean,c7_b0.01,7,0.01,0.0429,program/MedMNISTMerge/result/dermamnist(1).md
dermamnist,small,efficientnet,regmean,c7_b0.1,7,0.1,0.0808,program/MedMNISTMerge/result/dermamnist(1).md
dermamnist,small,efficientnet,fisher,c3_b0,3,0.0,0.1736,program/MedMNISTMerge/result/dermamnist(1).md
dermamnist,small,efficientnet,fisher,c3_b0.01,3,0.01,0.0145,program/MedMNISTMerge/result/dermamnist(1).md
dermamnist,small,efficientnet,fisher,c3_b0.1,3,0.1,0.0878,program/MedMNISTMerge/result/dermamnist(1).md
dermamnist,small,efficientnet,fisher,c5_b0,5,0.0,0.5641,program/MedMNISTMerge/result/dermamnist(1).md
dermamnist,small,efficientnet,fisher,c5_b0.01,5,0.01,0.6688,program/MedMNISTMerge/result/dermamnist(1).md
dermamnist,small,efficientnet,fisher,c5_b0.1,5,0.1,0.6688,program/MedMNISTMerge/result/dermamnist(1).md
dermamnist,small,efficientnet,fisher,c7_b0,7,0.0,0.0733,program/MedMNISTMerge/result/dermamnist(1).md
dermamnist,small,efficientnet,fisher,c7_b0.01,7,0.01,0.6688,program/MedMNISTMerge/result/dermamnist(1).md
dermamnist,small,efficientnet,fisher,c7_b0.1,7,0.1,0.6564,program/MedMNISTMerge/result/dermamnist(1).md
dermamnist,small,efficientnet,breadcrumbs,c3_b0,3,0.0,0.012,program/MedMNISTMerge/result/dermamnist(1).md
dermamnist,small,efficientnet,breadcrumbs,c3_b0.01,3,0.01,0.0544,program/MedMNISTMerge/result/dermamnist(1).md
dermamnist,small,efficientnet,breadcrumbs,c3_b0.1,3,0.1,0.0863,program/MedMNISTMerge/result/dermamnist(1).md
dermamnist,small,efficientnet,breadcrumbs,c5_b0,5,0.0,0.606,program/MedMNISTMerge/result/dermamnist(1).md
dermamnist,small,efficientnet,breadcrumbs,c5_b0.01,5,0.01,0.0514,program/MedMNISTMerge/result/dermamnist(1).md
dermamnist,small,efficientnet,breadcrumbs,c5_b0.1,5,0.1,0.403,program/MedMNISTMerge/result/dermamnist(1).md
dermamnist,small,efficientnet,breadcrumbs,c7_b0,7,0.0,0.2529,program/MedMNISTMerge/result/dermamnist(1).md
dermamnist,small,efficientnet,breadcrumbs,c7_b0.01,7,0.01,0.1247,program/MedMNISTMerge/result/dermamnist(1).md
dermamnist,small,efficientnet,breadcrumbs,c7_b0.1,7,0.1,0.0529,program/MedMNISTMerge/result/dermamnist(1).md
dermamnist,small,efficientnet,model_stock,c3_b0,3,0.0,0.016,program/MedMNISTMerge/result/dermamnist(1).md
dermamnist,small,efficientnet,model_stock,c3_b0.01,3,0.01,0.015,program/MedMNISTMerge/result/dermamnist(1).md
dermamnist,small,efficientnet,model_stock,c3_b0.1,3,0.1,0.4973,program/MedMNISTMerge/result/dermamnist(1).md
dermamnist,small,efficientnet,model_stock,c5_b0,5,0.0,0.2354,program/MedMNISTMerge/result/dermamnist(1).md
dermamnist,small,efficientnet,model_stock,c5_b0.01,5,0.01,0.0329,program/MedMNISTMerge/result/dermamnist(1).md
dermamnist,small,efficientnet,model_stock,c5_b0.1,5,0.1,0.5187,program/MedMNISTMerge/result/dermamnist(1).md
dermamnist,small,efficientnet,model_stock,c7_b0,7,0.0,0.0663,program/MedMNISTMerge/result/dermamnist(1).md
dermamnist,small,efficientnet,model_stock,c7_b0.01,7,0.01,0.0474,program/MedMNISTMerge/result/dermamnist(1).md
dermamnist,small,efficientnet,model_stock,c7_b0.1,7,0.1,0.0893,program/MedMNISTMerge/result/dermamnist(1).md
dermamnist,small,efficientnet,from,c3_b0,3,0.0,0.5581,program/MedMNISTMerge/result/dermamnist(1).md
dermamnist,small,efficientnet,from,c3_b0.01,3,0.01,0.6768,program/MedMNISTMerge/result/dermamnist(1).md
dermamnist,small,efficientnet,from,c3_b0.1,3,0.1,0.5307,program/MedMNISTMerge/result/dermamnist(1).md
dermamnist,small,efficientnet,from,c5_b0,5,0.0,0.1406,program/MedMNISTMerge/result/dermamnist(1).md
dermamnist,small,efficientnet,from,c5_b0.01,5,0.01,0.6823,program/MedMNISTMerge/result/dermamnist(1).md
dermamnist,small,efficientnet,from,c5_b0.1,5,0.1,0.2618,program/MedMNISTMerge/result/dermamnist(1).md
dermamnist,small,efficientnet,from,c7_b0,7,0.0,0.0608,program/MedMNISTMerge/result/dermamnist(1).md
dermamnist,small,efficientnet,from,c7_b0.01,7,0.01,0.0608,program/MedMNISTMerge/result/dermamnist(1).md
dermamnist,small,efficientnet,from,c7_b0.1,7,0.1,0.2718,program/MedMNISTMerge/result/dermamnist(1).md
dermamnist,small,efficientnet,iso_c,c3_b0,3,0.0,0.0165,program/MedMNISTMerge/result/dermamnist(1).md
dermamnist,small,efficientnet,iso_c,c3_b0.01,3,0.01,0.015,program/MedMNISTMerge/result/dermamnist(1).md
dermamnist,small,efficientnet,iso_c,c3_b0.1,3,0.1,0.4733,program/MedMNISTMerge/result/dermamnist(1).md
dermamnist,small,efficientnet,iso_c,c5_b0,5,0.0,0.2279,program/MedMNISTMerge/result/dermamnist(1).md
dermamnist,small,efficientnet,iso_c,c5_b0.01,5,0.01,0.6434,program/MedMNISTMerge/result/dermamnist(1).md
dermamnist,small,efficientnet,iso_c,c5_b0.1,5,0.1,0.409,program/MedMNISTMerge/result/dermamnist(1).md
dermamnist,small,efficientnet,iso_c,c7_b0,7,0.0,0.0589,program/MedMNISTMerge/result/dermamnist(1).md
dermamnist,small,efficientnet,iso_c,c7_b0.01,7,0.01,0.0384,program/MedMNISTMerge/result/dermamnist(1).md
dermamnist,small,efficientnet,iso_c,c7_b0.1,7,0.1,0.0763,program/MedMNISTMerge/result/dermamnist(1).md
dermamnist,small,efficientnet,free_merge,c3_b0,3,0.0,0.0165,program/MedMNISTMerge/result/dermamnist(1).md
dermamnist,small,efficientnet,free_merge,c3_b0.01,3,0.01,0.0145,program/MedMNISTMerge/result/dermamnist(1).md
dermamnist,small,efficientnet,free_merge,c3_b0.1,3,0.1,0.5416,program/MedMNISTMerge/result/dermamnist(1).md
dermamnist,small,efficientnet,free_merge,c5_b0,5,0.0,0.2414,program/MedMNISTMerge/result/dermamnist(1).md
dermamnist,small,efficientnet,free_merge,c5_b0.01,5,0.01,0.6479,program/MedMNISTMerge/result/dermamnist(1).md
dermamnist,small,efficientnet,free_merge,c5_b0.1,5,0.1,0.4594,program/MedMNISTMerge/result/dermamnist(1).md
dermamnist,small,efficientnet,free_merge,c7_b0,7,0.0,0.0589,program/MedMNISTMerge/result/dermamnist(1).md
dermamnist,small,efficientnet,free_merge,c7_b0.01,7,0.01,0.0429,program/MedMNISTMerge/result/dermamnist(1).md
dermamnist,small,efficientnet,free_merge,c7_b0.1,7,0.1,0.0803,program/MedMNISTMerge/result/dermamnist(1).md
dermamnist,small,efficientnet,robustmerge,c3_b0,3,0.0,0.015,program/MedMNISTMerge/result/dermamnist(1).md
dermamnist,small,efficientnet,robustmerge,c3_b0.01,3,0.01,0.0195,program/MedMNISTMerge/result/dermamnist(1).md
dermamnist,small,efficientnet,robustmerge,c3_b0.1,3,0.1,0.6145,program/MedMNISTMerge/result/dermamnist(1).md
dermamnist,small,efficientnet,robustmerge,c5_b0,5,0.0,0.5551,program/MedMNISTMerge/result/dermamnist(1).md
dermamnist,small,efficientnet,robustmerge,c5_b0.01,5,0.01,0.0544,program/MedMNISTMerge/result/dermamnist(1).md
dermamnist,small,efficientnet,robustmerge,c5_b0.1,5,0.1,0.4539,program/MedMNISTMerge/result/dermamnist(1).md
dermamnist,small,efficientnet,robustmerge,c7_b0,7,0.0,0.1646,program/MedMNISTMerge/result/dermamnist(1).md
dermamnist,small,efficientnet,robustmerge,c7_b0.01,7,0.01,0.0668,program/MedMNISTMerge/result/dermamnist(1).md
dermamnist,small,efficientnet,robustmerge,c7_b0.1,7,0.1,0.185,program/MedMNISTMerge/result/dermamnist(1).md
dermamnist,small,mobilenet,avg,c3_b0,3,0.0,0.1097,program/MedMNISTMerge/result/dermamnist(1).md
dermamnist,small,mobilenet,avg,c3_b0.01,3,0.01,0.0514,program/MedMNISTMerge/result/dermamnist(1).md
dermamnist,small,mobilenet,avg,c3_b0.1,3,0.1,0.6688,program/MedMNISTMerge/result/dermamnist(1).md
dermamnist,small,mobilenet,avg,c5_b0,5,0.0,0.6688,program/MedMNISTMerge/result/dermamnist(1).md
dermamnist,small,mobilenet,avg,c5_b0.01,5,0.01,0.6504,program/MedMNISTMerge/result/dermamnist(1).md
dermamnist,small,mobilenet,avg,c5_b0.1,5,0.1,0.6688,program/MedMNISTMerge/result/dermamnist(1).md
dermamnist,small,mobilenet,avg,c7_b0,7,0.0,0.6559,program/MedMNISTMerge/result/dermamnist(1).md
dermamnist,small,mobilenet,avg,c7_b0.01,7,0.01,0.6688,program/MedMNISTMerge/result/dermamnist(1).md
dermamnist,small,mobilenet,avg,c7_b0.1,7,0.1,0.1097,program/MedMNISTMerge/result/dermamnist(1).md
dermamnist,small,mobilenet,ties,c3_b0,3,0.0,0.017,program/MedMNISTMerge/result/dermamnist(1).md
dermamnist,small,mobilenet,ties,c3_b0.01,3,0.01,0.6683,program/MedMNISTMerge/result/dermamnist(1).md
dermamnist,small,mobilenet,ties,c3_b0.1,3,0.1,0.6688,program/MedMNISTMerge/result/dermamnist(1).md
dermamnist,small,mobilenet,ties,c5_b0,5,0.0,0.0329,program/MedMNISTMerge/result/dermamnist(1).md
dermamnist,small,mobilenet,ties,c5_b0.01,5,0.01,0.1102,program/MedMNISTMerge/result/dermamnist(1).md
dermamnist,small,mobilenet,ties,c5_b0.1,5,0.1,0.0329,program/MedMNISTMerge/result/dermamnist(1).md
dermamnist,small,mobilenet,ties,c7_b0,7,0.0,0.1362,program/MedMNISTMerge/result/dermamnist(1).md
dermamnist,small,mobilenet,ties,c7_b0.01,7,0.01,0.0953,program/MedMNISTMerge/result/dermamnist(1).md
dermamnist,small,mobilenet,ties,c7_b0.1,7,0.1,0.6688,program/MedMNISTMerge/result/dermamnist(1).md
dermamnist,small,mobilenet,dare_linear,c3_b0,3,0.0,0.0115,program/MedMNISTMerge/result/dermamnist(1).md
dermamnist,small,mobilenet,dare_linear,c3_b0.01,3,0.01,0.0514,program/MedMNISTMerge/result/dermamnist(1).md
dermamnist,small,mobilenet,dare_linear,c3_b0.1,3,0.1,0.0514,program/MedMNISTMerge/result/dermamnist(1).md
dermamnist,small,mobilenet,dare_linear,c5_b0,5,0.0,0.0115,program/MedMNISTMerge/result/dermamnist(1).md
dermamnist,small,mobilenet,dare_linear,c5_b0.01,5,0.01,0.6688,program/MedMNISTMerge/result/dermamnist(1).md
dermamnist,small,mobilenet,dare_linear,c5_b0.1,5,0.1,0.0778,program/MedMNISTMerge/result/dermamnist(1).md
dermamnist,small,mobilenet,dare_linear,c7_b0,7,0.0,0.6678,program/MedMNISTMerge/result/dermamnist(1).md
dermamnist,small,mobilenet,dare_linear,c7_b0.01,7,0.01,0.0514,program/MedMNISTMerge/result/dermamnist(1).md
dermamnist,small,mobilenet,dare_linear,c7_b0.1,7,0.1,0.0514,program/MedMNISTMerge/result/dermamnist(1).md
dermamnist,small,mobilenet,dare_ties,c3_b0,3,0.0,0.0389,program/MedMNISTMerge/result/dermamnist(1).md
dermamnist,small,mobilenet,dare_ties,c3_b0.01,3,0.01,0.0329,program/MedMNISTMerge/result/dermamnist(1).md
dermamnist,small,mobilenet,dare_ties,c3_b0.1,3,0.1,0.0329,program/MedMNISTMerge/result/dermamnist(1).md
dermamnist,small,mobilenet,dare_ties,c5_b0,5,0.0,0.0329,program/MedMNISTMerge/result/dermamnist(1).md
dermamnist,small,mobilenet,dare_ties,c5_b0.01,5,0.01,0.0309,program/MedMNISTMerge/result/dermamnist(1).md
dermamnist,small,mobilenet,dare_ties,c5_b0.1,5,0.1,0.0329,program/MedMNISTMerge/result/dermamnist(1).md
dermamnist,small,mobilenet,dare_ties,c7_b0,7,0.0,0.1107,program/MedMNISTMerge/result/dermamnist(1).md
dermamnist,small,mobilenet,dare_ties,c7_b0.01,7,0.01,0.0329,program/MedMNISTMerge/result/dermamnist(1).md
dermamnist,small,mobilenet,dare_ties,c7_b0.1,7,0.1,0.0324,program/MedMNISTMerge/result/dermamnist(1).md
dermamnist,small,mobilenet,regmean,c3_b0,3,0.0,0.0115,program/MedMNISTMerge/result/dermamnist(1).md
dermamnist,small,mobilenet,regmean,c3_b0.01,3,0.01,0.0514,program/MedMNISTMerge/result/dermamnist(1).md
dermamnist,small,mobilenet,regmean,c3_b0.1,3,0.1,0.6688,program/MedMNISTMerge/result/dermamnist(1).md
dermamnist,small,mobilenet,regmean,c5_b0,5,0.0,0.6688,program/MedMNISTMerge/result/dermamnist(1).md
dermamnist,small,mobilenet,regmean,c5_b0.01,5,0.01,0.1097,program/MedMNISTMerge/result/dermamnist(1).md
dermamnist,small,mobilenet,regmean,c5_b0.1,5,0.1,0.0514,program/MedMNISTMerge/result/dermamnist(1).md
dermamnist,small,mobilenet,regmean,c7_b0,7,0.0,0.1352,program/MedMNISTMerge/result/dermamnist(1).md
dermamnist,small,mobilenet,regmean,c7_b0.01,7,0.01,0.0115,program/MedMNISTMerge/result/dermamnist(1).md
dermamnist,small,mobilenet,regmean,c7_b0.1,7,0.1,0.1097,program/MedMNISTMerge/result/dermamnist(1).md
dermamnist,small,mobilenet,fisher,c3_b0,3,0.0,0.0145,program/MedMNISTMerge/result/dermamnist(1).md
dermamnist,small,mobilenet,fisher,c3_b0.01,3,0.01,0.6688,program/MedMNISTMerge/result/dermamnist(1).md
dermamnist,small,mobilenet,fisher,c3_b0.1,3,0.1,0.6688,program/MedMNISTMerge/result/dermamnist(1).md
dermamnist,small,mobilenet,fisher,c5_b0,5,0.0,0.6688,program/MedMNISTMerge/result/dermamnist(1).md
dermamnist,small,mobilenet,fisher,c5_b0.01,5,0.01,0.6688,program/MedMNISTMerge/result/dermamnist(1).md
dermamnist,small,mobilenet,fisher,c5_b0.1,5,0.1,0.6688,program/MedMNISTMerge/result/dermamnist(1).md
dermamnist,small,mobilenet,fisher,c7_b0,7,0.0,0.6688,program/MedMNISTMerge/result/dermamnist(1).md
dermamnist,small,mobilenet,fisher,c7_b0.01,7,0.01,0.0115,program/MedMNISTMerge/result/dermamnist(1).md
dermamnist,small,mobilenet,fisher,c7_b0.1,7,0.1,0.6688,program/MedMNISTMerge/result/dermamnist(1).md
dermamnist,small,mobilenet,breadcrumbs,c3_b0,3,0.0,0.1097,program/MedMNISTMerge/result/dermamnist(1).md
dermamnist,small,mobilenet,breadcrumbs,c3_b0.01,3,0.01,0.1097,program/MedMNISTMerge/result/dermamnist(1).md
dermamnist,small,mobilenet,breadcrumbs,c3_b0.1,3,0.1,0.0329,program/MedMNISTMerge/result/dermamnist(1).md
dermamnist,small,mobilenet,breadcrumbs,c5_b0,5,0.0,0.0329,program/MedMNISTMerge/result/dermamnist(1).md
dermamnist,small,mobilenet,breadcrumbs,c5_b0.01,5,0.01,0.0329,program/MedMNISTMerge/result/dermamnist(1).md
dermamnist,small,mobilenet,breadcrumbs,c5_b0.1,5,0.1,0.1097,program/MedMNISTMerge/result/dermamnist(1).md
dermamnist,small,mobilenet,breadcrumbs,c7_b0,7,0.0,0.0329,program/MedMNISTMerge/result/dermamnist(1).md
dermamnist,small,mobilenet,breadcrumbs,c7_b0.01,7,0.01,0.1097,program/MedMNISTMerge/result/dermamnist(1).md
dermamnist,small,mobilenet,breadcrumbs,c7_b0.1,7,0.1,0.0329,program/MedMNISTMerge/result/dermamnist(1).md
dermamnist,small,mobilenet,model_stock,c3_b0,3,0.0,0.1097,program/MedMNISTMerge/result/dermamnist(1).md
dermamnist,small,mobilenet,model_stock,c3_b0.01,3,0.01,0.0329,program/MedMNISTMerge/result/dermamnist(1).md
dermamnist,small,mobilenet,model_stock,c3_b0.1,3,0.1,0.0514,program/MedMNISTMerge/result/dermamnist(1).md
dermamnist,small,mobilenet,model_stock,c5_b0,5,0.0,0.0329,program/MedMNISTMerge/result/dermamnist(1).md
dermamnist,small,mobilenet,model_stock,c5_b0.01,5,0.01,0.1097,program/MedMNISTMerge/result/dermamnist(1).md
dermamnist,small,mobilenet,model_stock,c5_b0.1,5,0.1,0.0329,program/MedMNISTMerge/result/dermamnist(1).md
dermamnist,small,mobilenet,model_stock,c7_b0,7,0.0,0.6613,program/MedMNISTMerge/result/dermamnist(1).md
dermamnist,small,mobilenet,model_stock,c7_b0.01,7,0.01,0.0329,program/MedMNISTMerge/result/dermamnist(1).md
dermamnist,small,mobilenet,model_stock,c7_b0.1,7,0.1,0.1097,program/MedMNISTMerge/result/dermamnist(1).md
dermamnist,small,mobilenet,from,c3_b0,3,0.0,0.0209,program/MedMNISTMerge/result/dermamnist(1).md
dermamnist,small,mobilenet,from,c3_b0.01,3,0.01,0.0514,program/MedMNISTMerge/result/dermamnist(1).md
dermamnist,small,mobilenet,from,c3_b0.1,3,0.1,0.6688,program/MedMNISTMerge/result/dermamnist(1).md
dermamnist,small,mobilenet,from,c5_b0,5,0.0,0.6688,program/MedMNISTMerge/result/dermamnist(1).md
dermamnist,small,mobilenet,from,c5_b0.01,5,0.01,0.1097,program/MedMNISTMerge/result/dermamnist(1).md
dermamnist,small,mobilenet,from,c5_b0.1,5,0.1,0.6688,program/MedMNISTMerge/result/dermamnist(1).md
dermamnist,small,mobilenet,from,c7_b0,7,0.0,0.6688,program/MedMNISTMerge/result/dermamnist(1).md
dermamnist,small,mobilenet,from,c7_b0.01,7,0.01,0.1147,program/MedMNISTMerge/result/dermamnist(1).md
dermamnist,small,mobilenet,from,c7_b0.1,7,0.1,0.1097,program/MedMNISTMerge/result/dermamnist(1).md
dermamnist,small,mobilenet,iso_c,c3_b0,3,0.0,0.1097,program/MedMNISTMerge/result/dermamnist(1).md
dermamnist,small,mobilenet,iso_c,c3_b0.01,3,0.01,0.0514,program/MedMNISTMerge/result/dermamnist(1).md
dermamnist,small,mobilenet,iso_c,c3_b0.1,3,0.1,0.6688,program/MedMNISTMerge/result/dermamnist(1).md
dermamnist,small,mobilenet,iso_c,c5_b0,5,0.0,0.6688,program/MedMNISTMerge/result/dermamnist(1).md
dermamnist,small,mobilenet,iso_c,c5_b0.01,5,0.01,0.6524,program/MedMNISTMerge/result/dermamnist(1).md
dermamnist,small,mobilenet,iso_c,c5_b0.1,5,0.1,0.6688,program/MedMNISTMerge/result/dermamnist(1).md
dermamnist,small,mobilenet,iso_c,c7_b0,7,0.0,0.6494,program/MedMNISTMerge/result/dermamnist(1).md
dermamnist,small,mobilenet,iso_c,c7_b0.01,7,0.01,0.6688,program/MedMNISTMerge/result/dermamnist(1).md
dermamnist,small,mobilenet,iso_c,c7_b0.1,7,0.1,0.1097,program/MedMNISTMerge/result/dermamnist(1).md
dermamnist,small,mobilenet,free_merge,c3_b0,3,0.0,0.1097,program/MedMNISTMerge/result/dermamnist(1).md
dermamnist,small,mobilenet,free_merge,c3_b0.01,3,0.01,0.0514,program/MedMNISTMerge/result/dermamnist(1).md
dermamnist,small,mobilenet,free_merge,c3_b0.1,3,0.1,0.6688,program/MedMNISTMerge/result/dermamnist(1).md
dermamnist,small,mobilenet,free_merge,c5_b0,5,0.0,0.6688,program/MedMNISTMerge/result/dermamnist(1).md
dermamnist,small,mobilenet,free_merge,c5_b0.01,5,0.01,0.6509,program/MedMNISTMerge/result/dermamnist(1).md
dermamnist,small,mobilenet,free_merge,c5_b0.1,5,0.1,0.6688,program/MedMNISTMerge/result/dermamnist(1).md
dermamnist,small,mobilenet,free_merge,c7_b0,7,0.0,0.6559,program/MedMNISTMerge/result/dermamnist(1).md
dermamnist,small,mobilenet,free_merge,c7_b0.01,7,0.01,0.6688,program/MedMNISTMerge/result/dermamnist(1).md
dermamnist,small,mobilenet,free_merge,c7_b0.1,7,0.1,0.1097,program/MedMNISTMerge/result/dermamnist(1).md
dermamnist,small,mobilenet,robustmerge,c3_b0,3,0.0,0.1097,program/MedMNISTMerge/result/dermamnist(1).md
dermamnist,small,mobilenet,robustmerge,c3_b0.01,3,0.01,0.1097,program/MedMNISTMerge/result/dermamnist(1).md
dermamnist,small,mobilenet,robustmerge,c3_b0.1,3,0.1,0.0514,program/MedMNISTMerge/result/dermamnist(1).md
dermamnist,small,mobilenet,robustmerge,c5_b0,5,0.0,0.1097,program/MedMNISTMerge/result/dermamnist(1).md
dermamnist,small,mobilenet,robustmerge,c5_b0.01,5,0.01,0.1097,program/MedMNISTMerge/result/dermamnist(1).md
dermamnist,small,mobilenet,robustmerge,c5_b0.1,5,0.1,0.1097,program/MedMNISTMerge/result/dermamnist(1).md
dermamnist,small,mobilenet,robustmerge,c7_b0,7,0.0,0.1815,program/MedMNISTMerge/result/dermamnist(1).md
dermamnist,small,mobilenet,robustmerge,c7_b0.01,7,0.01,0.1097,program/MedMNISTMerge/result/dermamnist(1).md
dermamnist,small,mobilenet,robustmerge,c7_b0.1,7,0.1,0.1097,program/MedMNISTMerge/result/dermamnist(1).md
dermamnist,small,resnet34,avg,c3_b0,3,0.0,0.6698,program/MedMNISTMerge/result/dermamnist(1).md
dermamnist,small,resnet34,avg,c3_b0.01,3,0.01,0.5766,program/MedMNISTMerge/result/dermamnist(1).md
dermamnist,small,resnet34,avg,c3_b0.1,3,0.1,0.6688,program/MedMNISTMerge/result/dermamnist(1).md
dermamnist,small,resnet34,avg,c5_b0,5,0.0,0.6678,program/MedMNISTMerge/result/dermamnist(1).md
dermamnist,small,resnet34,avg,c5_b0.01,5,0.01,0.6728,program/MedMNISTMerge/result/dermamnist(1).md
dermamnist,small,resnet34,avg,c5_b0.1,5,0.1,0.1791,program/MedMNISTMerge/result/dermamnist(1).md
dermamnist,small,resnet34,avg,c7_b0,7,0.0,0.588,program/MedMNISTMerge/result/dermamnist(1).md
dermamnist,small,resnet34,avg,c7_b0.01,7,0.01,0.6688,program/MedMNISTMerge/result/dermamnist(1).md
dermamnist,small,resnet34,avg,c7_b0.1,7,0.1,0.6509,program/MedMNISTMerge/result/dermamnist(1).md
dermamnist,small,resnet34,ties,c3_b0,3,0.0,0.6688,program/MedMNISTMerge/result/dermamnist(1).md
dermamnist,small,resnet34,ties,c3_b0.01,3,0.01,0.593,program/MedMNISTMerge/result/dermamnist(1).md
dermamnist,small,resnet34,ties,c3_b0.1,3,0.1,0.6688,program/MedMNISTMerge/result/dermamnist(1).md
dermamnist,small,resnet34,ties,c5_b0,5,0.0,0.0903,program/MedMNISTMerge/result/dermamnist(1).md
dermamnist,small,resnet34,ties,c5_b0.01,5,0.01,0.6688,program/MedMNISTMerge/result/dermamnist(1).md
dermamnist,small,resnet34,ties,c5_b0.1,5,0.1,0.6708,program/MedMNISTMerge/result/dermamnist(1).md
dermamnist,small,resnet34,ties,c7_b0,7,0.0,0.6688,program/MedMNISTMerge/result/dermamnist(1).md
dermamnist,small,resnet34,ties,c7_b0.01,7,0.01,0.6688,program/MedMNISTMerge/result/dermamnist(1).md
dermamnist,small,resnet34,ties,c7_b0.1,7,0.1,0.6688,program/MedMNISTMerge/result/dermamnist(1).md
dermamnist,small,resnet34,dare_linear,c3_b0,3,0.0,0.6693,program/MedMNISTMerge/result/dermamnist(1).md
dermamnist,small,resnet34,dare_linear,c3_b0.01,3,0.01,0.6753,program/MedMNISTMerge/result/dermamnist(1).md
dermamnist,small,resnet34,dare_linear,c3_b0.1,3,0.1,0.6688,program/MedMNISTMerge/result/dermamnist(1).md
dermamnist,small,resnet34,dare_linear,c5_b0,5,0.0,0.6683,program/MedMNISTMerge/result/dermamnist(1).md
dermamnist,small,resnet34,dare_linear,c5_b0.01,5,0.01,0.6703,program/MedMNISTMerge/result/dermamnist(1).md
dermamnist,small,resnet34,dare_linear,c5_b0.1,5,0.1,0.2723,program/MedMNISTMerge/result/dermamnist(1).md
dermamnist,small,resnet34,dare_linear,c7_b0,7,0.0,0.616,program/MedMNISTMerge/result/dermamnist(1).md
dermamnist,small,resnet34,dare_linear,c7_b0.01,7,0.01,0.6688,program/MedMNISTMerge/result/dermamnist(1).md
dermamnist,small,resnet34,dare_linear,c7_b0.1,7,0.1,0.6703,program/MedMNISTMerge/result/dermamnist(1).md
dermamnist,small,resnet34,dare_ties,c3_b0,3,0.0,0.6544,program/MedMNISTMerge/result/dermamnist(1).md
dermamnist,small,resnet34,dare_ties,c3_b0.01,3,0.01,0.6599,program/MedMNISTMerge/result/dermamnist(1).md
dermamnist,small,resnet34,dare_ties,c3_b0.1,3,0.1,0.6688,program/MedMNISTMerge/result/dermamnist(1).md
dermamnist,small,resnet34,dare_ties,c5_b0,5,0.0,0.1047,program/MedMNISTMerge/result/dermamnist(1).md
dermamnist,small,resnet34,dare_ties,c5_b0.01,5,0.01,0.6688,program/MedMNISTMerge/result/dermamnist(1).md
dermamnist,small,resnet34,dare_ties,c5_b0.1,5,0.1,0.6708,program/MedMNISTMerge/result/dermamnist(1).md
dermamnist,small,resnet34,dare_ties,c7_b0,7,0.0,0.6688,program/MedMNISTMerge/result/dermamnist(1).md
dermamnist,small,resnet34,dare_ties,c7_b0.01,7,0.01,0.6688,program/MedMNISTMerge/result/dermamnist(1).md
dermamnist,small,resnet34,dare_ties,c7_b0.1,7,0.1,0.6688,program/MedMNISTMerge/result/dermamnist(1).md
dermamnist,small,resnet34,regmean,c3_b0,3,0.0,0.403,program/MedMNISTMerge/result/dermamnist(1).md
dermamnist,small,resnet34,regmean,c3_b0.01,3,0.01,0.6145,program/MedMNISTMerge/result/dermamnist(1).md
dermamnist,small,resnet34,regmean,c3_b0.1,3,0.1,0.6778,program/MedMNISTMerge/result/dermamnist(1).md
dermamnist,small,resnet34,regmean,c5_b0,5,0.0,0.4993,program/MedMNISTMerge/result/dermamnist(1).md
dermamnist,small,resnet34,regmean,c5_b0.01,5,0.01,0.6748,program/MedMNISTMerge/result/dermamnist(1).md
dermamnist,small,resnet34,regmean,c5_b0.1,5,0.1,0.2653,program/MedMNISTMerge/result/dermamnist(1).md
dermamnist,small,resnet34,regmean,c7_b0,7,0.0,0.3716,program/MedMNISTMerge/result/dermamnist(1).md
dermamnist,small,resnet34,regmean,c7_b0.01,7,0.01,0.1651,program/MedMNISTMerge/result/dermamnist(1).md
dermamnist,small,resnet34,regmean,c7_b0.1,7,0.1,0.589,program/MedMNISTMerge/result/dermamnist(1).md
dermamnist,small,resnet34,fisher,c3_b0,3,0.0,0.6713,program/MedMNISTMerge/result/dermamnist(1).md
dermamnist,small,resnet34,fisher,c3_b0.01,3,0.01,0.6668,program/MedMNISTMerge/result/dermamnist(1).md
dermamnist,small,resnet34,fisher,c3_b0.1,3,0.1,0.6698,program/MedMNISTMerge/result/dermamnist(1).md
dermamnist,small,resnet34,fisher,c5_b0,5,0.0,0.6688,program/MedMNISTMerge/result/dermamnist(1).md
dermamnist,small,resnet34,fisher,c5_b0.01,5,0.01,0.6693,program/MedMNISTMerge/result/dermamnist(1).md
dermamnist,small,resnet34,fisher,c5_b0.1,5,0.1,0.6414,program/MedMNISTMerge/result/dermamnist(1).md
dermamnist,small,resnet34,fisher,c7_b0,7,0.0,0.6688,program/MedMNISTMerge/result/dermamnist(1).md
dermamnist,small,resnet34,fisher,c7_b0.01,7,0.01,0.2444,program/MedMNISTMerge/result/dermamnist(1).md
dermamnist,small,resnet34,fisher,c7_b0.1,7,0.1,0.6688,program/MedMNISTMerge/result/dermamnist(1).md
dermamnist,small,resnet34,breadcrumbs,c3_b0,3,0.0,0.0279,program/MedMNISTMerge/result/dermamnist(1).md
dermamnist,small,resnet34,breadcrumbs,c3_b0.01,3,0.01,0.0115,program/MedMNISTMerge/result/dermamnist(1).md
dermamnist,small,resnet34,breadcrumbs,c3_b0.1,3,0.1,0.2509,program/MedMNISTMerge/result/dermamnist(1).md
dermamnist,small,resnet34,breadcrumbs,c5_b0,5,0.0,0.014,program/MedMNISTMerge/result/dermamnist(1).md
dermamnist,small,resnet34,breadcrumbs,c5_b0.01,5,0.01,0.0494,program/MedMNISTMerge/result/dermamnist(1).md
dermamnist,small,resnet34,breadcrumbs,c5_b0.1,5,0.1,0.0998,program/MedMNISTMerge/result/dermamnist(1).md
dermamnist,small,resnet34,breadcrumbs,c7_b0,7,0.0,0.0424,program/MedMNISTMerge/result/dermamnist(1).md
dermamnist,small,resnet34,breadcrumbs,c7_b0.01,7,0.01,0.0185,program/MedMNISTMerge/result/dermamnist(1).md
dermamnist,small,resnet34,breadcrumbs,c7_b0.1,7,0.1,0.0579,program/MedMNISTMerge/result/dermamnist(1).md
dermamnist,small,resnet34,model_stock,c3_b0,3,0.0,0.6369,program/MedMNISTMerge/result/dermamnist(1).md
dermamnist,small,resnet34,model_stock,c3_b0.01,3,0.01,0.4369,program/MedMNISTMerge/result/dermamnist(1).md
dermamnist,small,resnet34,model_stock,c3_b0.1,3,0.1,0.6738,program/MedMNISTMerge/result/dermamnist(1).md
dermamnist,small,resnet34,model_stock,c5_b0,5,0.0,0.6439,program/MedMNISTMerge/result/dermamnist(1).md
dermamnist,small,resnet34,model_stock,c5_b0.01,5,0.01,0.6145,program/MedMNISTMerge/result/dermamnist(1).md
dermamnist,small,resnet34,model_stock,c5_b0.1,5,0.1,0.2005,program/MedMNISTMerge/result/dermamnist(1).md
dermamnist,small,resnet34,model_stock,c7_b0,7,0.0,0.5771,program/MedMNISTMerge/result/dermamnist(1).md
dermamnist,small,resnet34,model_stock,c7_b0.01,7,0.01,0.6688,program/MedMNISTMerge/result/dermamnist(1).md
dermamnist,small,resnet34,model_stock,c7_b0.1,7,0.1,0.5636,program/MedMNISTMerge/result/dermamnist(1).md
dermamnist,small,resnet34,from,c3_b0,3,0.0,0.6688,program/MedMNISTMerge/result/dermamnist(1).md
dermamnist,small,resnet34,from,c3_b0.01,3,0.01,0.6783,program/MedMNISTMerge/result/dermamnist(1).md
dermamnist,small,resnet34,from,c3_b0.1,3,0.1,0.6688,program/MedMNISTMerge/result/dermamnist(1).md
dermamnist,small,resnet34,from,c5_b0,5,0.0,0.6688,program/MedMNISTMerge/result/dermamnist(1).md
dermamnist,small,resnet34,from,c5_b0.01,5,0.01,0.6918,program/MedMNISTMerge/result/dermamnist(1).md
dermamnist,small,resnet34,from,c5_b0.1,5,0.1,0.5461,program/MedMNISTMerge/result/dermamnist(1).md
dermamnist,small,resnet34,from,c7_b0,7,0.0,0.6688,program/MedMNISTMerge/result/dermamnist(1).md
dermamnist,small,resnet34,from,c7_b0.01,7,0.01,0.6688,program/MedMNISTMerge/result/dermamnist(1).md
dermamnist,small,resnet34,from,c7_b0.1,7,0.1,0.6688,program/MedMNISTMerge/result/dermamnist(1).md
dermamnist,small,resnet34,iso_c,c3_b0,3,0.0,0.182,program/MedMNISTMerge/result/dermamnist(1).md
dermamnist,small,resnet34,iso_c,c3_b0.01,3,0.01,0.3596,program/MedMNISTMerge/result/dermamnist(1).md
dermamnist,small,resnet34,iso_c,c3_b0.1,3,0.1,0.6838,program/MedMNISTMerge/result/dermamnist(1).md
dermamnist,small,resnet34,iso_c,c5_b0,5,0.0,0.6229,program/MedMNISTMerge/result/dermamnist(1).md
dermamnist,small,resnet34,iso_c,c5_b0.01,5,0.01,0.613,program/MedMNISTMerge/result/dermamnist(1).md
dermamnist,small,resnet34,iso_c,c5_b0.1,5,0.1,0.386,program/MedMNISTMerge/result/dermamnist(1).md
dermamnist,small,resnet34,iso_c,c7_b0,7,0.0,0.2993,program/MedMNISTMerge/result/dermamnist(1).md
dermamnist,small,resnet34,iso_c,c7_b0.01,7,0.01,0.6693,program/MedMNISTMerge/result/dermamnist(1).md
dermamnist,small,resnet34,iso_c,c7_b0.1,7,0.1,0.5631,program/MedMNISTMerge/result/dermamnist(1).md
dermamnist,small,resnet34,free_merge,c3_b0,3,0.0,0.6698,program/MedMNISTMerge/result/dermamnist(1).md
dermamnist,small,resnet34,free_merge,c3_b0.01,3,0.01,0.5766,program/MedMNISTMerge/result/dermamnist(1).md
dermamnist,small,resnet34,free_merge,c3_b0.1,3,0.1,0.6688,program/MedMNISTMerge/result/dermamnist(1).md
dermamnist,small,resnet34,free_merge,c5_b0,5,0.0,0.6678,program/MedMNISTMerge/result/dermamnist(1).md
dermamnist,small,resnet34,free_merge,c5_b0.01,5,0.01,0.6728,program/MedMNISTMerge/result/dermamnist(1).md
dermamnist,small,resnet34,free_merge,c5_b0.1,5,0.1,0.1791,program/MedMNISTMerge/result/dermamnist(1).md
dermamnist,small,resnet34,free_merge,c7_b0,7,0.0,0.588,program/MedMNISTMerge/result/dermamnist(1).md
dermamnist,small,resnet34,free_merge,c7_b0.01,7,0.01,0.6688,program/MedMNISTMerge/result/dermamnist(1).md
dermamnist,small,resnet34,free_merge,c7_b0.1,7,0.1,0.6504,program/MedMNISTMerge/result/dermamnist(1).md
dermamnist,small,resnet34,robustmerge,c3_b0,3,0.0,0.1147,program/MedMNISTMerge/result/dermamnist(1).md
dermamnist,small,resnet34,robustmerge,c3_b0.01,3,0.01,0.0514,program/MedMNISTMerge/result/dermamnist(1).md
dermamnist,small,resnet34,robustmerge,c3_b0.1,3,0.1,0.6783,program/MedMNISTMerge/result/dermamnist(1).md
dermamnist,small,resnet34,robustmerge,c5_b0,5,0.0,0.1117,program/MedMNISTMerge/result/dermamnist(1).md
dermamnist,small,resnet34,robustmerge,c5_b0.01,5,0.01,0.0718,program/MedMNISTMerge/result/dermamnist(1).md
dermamnist,small,resnet34,robustmerge,c5_b0.1,5,0.1,0.2065,program/MedMNISTMerge/result/dermamnist(1).md
dermamnist,small,resnet34,robustmerge,c7_b0,7,0.0,0.1117,program/MedMNISTMerge/result/dermamnist(1).md
dermamnist,small,resnet34,robustmerge,c7_b0.01,7,0.01,0.593,program/MedMNISTMerge/result/dermamnist(1).md
dermamnist,small,resnet34,robustmerge,c7_b0.1,7,0.1,0.6474,program/MedMNISTMerge/result/dermamnist(1).md
dermamnist,vlm,openai/clip-vit-base-patch32,avg,c3_b0,3,0.0,0.6688,program/MedMNISTMerge/result/dermamnist(1).md
dermamnist,vlm,openai/clip-vit-base-patch32,avg,c3_b0.01,3,0.01,0.6688,program/MedMNISTMerge/result/dermamnist(1).md
dermamnist,vlm,openai/clip-vit-base-patch32,avg,c3_b0.1,3,0.1,0.6688,program/MedMNISTMerge/result/dermamnist(1).md
dermamnist,vlm,openai/clip-vit-base-patch32,avg,c5_b0,5,0.0,0.6688,program/MedMNISTMerge/result/dermamnist(1).md
dermamnist,vlm,openai/clip-vit-base-patch32,avg,c5_b0.01,5,0.01,0.6688,program/MedMNISTMerge/result/dermamnist(1).md
dermamnist,vlm,openai/clip-vit-base-patch32,avg,c5_b0.1,5,0.1,0.6688,program/MedMNISTMerge/result/dermamnist(1).md
dermamnist,vlm,openai/clip-vit-base-patch32,avg,c7_b0,7,0.0,0.6688,program/MedMNISTMerge/result/dermamnist(1).md
dermamnist,vlm,openai/clip-vit-base-patch32,avg,c7_b0.01,7,0.01,0.6688,program/MedMNISTMerge/result/dermamnist(1).md
dermamnist,vlm,openai/clip-vit-base-patch32,avg,c7_b0.1,7,0.1,0.3671,program/MedMNISTMerge/result/dermamnist(1).md
dermamnist,vlm,openai/clip-vit-base-patch32,ties,c3_b0,3,0.0,0.6658,program/MedMNISTMerge/result/dermamnist(1).md
dermamnist,vlm,openai/clip-vit-base-patch32,ties,c3_b0.01,3,0.01,0.6668,program/MedMNISTMerge/result/dermamnist(1).md
dermamnist,vlm,openai/clip-vit-base-patch32,ties,c3_b0.1,3,0.1,0.6703,program/MedMNISTMerge/result/dermamnist(1).md
dermamnist,vlm,openai/clip-vit-base-patch32,ties,c5_b0,5,0.0,0.6688,program/MedMNISTMerge/result/dermamnist(1).md
dermamnist,vlm,openai/clip-vit-base-patch32,ties,c5_b0.01,5,0.01,0.6778,program/MedMNISTMerge/result/dermamnist(1).md
dermamnist,vlm,openai/clip-vit-base-patch32,ties,c5_b0.1,5,0.1,0.6813,program/MedMNISTMerge/result/dermamnist(1).md
dermamnist,vlm,openai/clip-vit-base-patch32,ties,c7_b0,7,0.0,0.6688,program/MedMNISTMerge/result/dermamnist(1).md
dermamnist,vlm,openai/clip-vit-base-patch32,ties,c7_b0.01,7,0.01,0.6688,program/MedMNISTMerge/result/dermamnist(1).md
dermamnist,vlm,openai/clip-vit-base-patch32,ties,c7_b0.1,7,0.1,0.1342,program/MedMNISTMerge/result/dermamnist(1).md
dermamnist,vlm,openai/clip-vit-base-patch32,dare_linear,c3_b0,3,0.0,0.6688,program/MedMNISTMerge/result/dermamnist(1).md
dermamnist,vlm,openai/clip-vit-base-patch32,dare_linear,c3_b0.01,3,0.01,0.6688,program/MedMNISTMerge/result/dermamnist(1).md
dermamnist,vlm,openai/clip-vit-base-patch32,dare_linear,c3_b0.1,3,0.1,0.6688,program/MedMNISTMerge/result/dermamnist(1).md
dermamnist,vlm,openai/clip-vit-base-patch32,dare_linear,c5_b0,5,0.0,0.6688,program/MedMNISTMerge/result/dermamnist(1).md
dermamnist,vlm,openai/clip-vit-base-patch32,dare_linear,c5_b0.01,5,0.01,0.6688,program/MedMNISTMerge/result/dermamnist(1).md
dermamnist,vlm,openai/clip-vit-base-patch32,dare_linear,c5_b0.1,5,0.1,0.6688,program/MedMNISTMerge/result/dermamnist(1).md
dermamnist,vlm,openai/clip-vit-base-patch32,dare_linear,c7_b0,7,0.0,0.6688,program/MedMNISTMerge/result/dermamnist(1).md
dermamnist,vlm,openai/clip-vit-base-patch32,dare_linear,c7_b0.01,7,0.01,0.6688,program/MedMNISTMerge/result/dermamnist(1).md
dermamnist,vlm,openai/clip-vit-base-patch32,dare_linear,c7_b0.1,7,0.1,0.3556,program/MedMNISTMerge/result/dermamnist(1).md
dermamnist,vlm,openai/clip-vit-base-patch32,dare_ties,c3_b0,3,0.0,0.6748,program/MedMNISTMerge/result/dermamnist(1).md
dermamnist,vlm,openai/clip-vit-base-patch32,dare_ties,c3_b0.01,3,0.01,0.6698,program/MedMNISTMerge/result/dermamnist(1).md
dermamnist,vlm,openai/clip-vit-base-patch32,dare_ties,c3_b0.1,3,0.1,0.6703,program/MedMNISTMerge/result/dermamnist(1).md
dermamnist,vlm,openai/clip-vit-base-patch32,dare_ties,c5_b0,5,0.0,0.6688,program/MedMNISTMerge/result/dermamnist(1).md
dermamnist,vlm,openai/clip-vit-base-patch32,dare_ties,c5_b0.01,5,0.01,0.6773,program/MedMNISTMerge/result/dermamnist(1).md
dermamnist,vlm,openai/clip-vit-base-patch32,dare_ties,c5_b0.1,5,0.1,0.6808,program/MedMNISTMerge/result/dermamnist(1).md
dermamnist,vlm,openai/clip-vit-base-patch32,dare_ties,c7_b0,7,0.0,0.6688,program/MedMNISTMerge/result/dermamnist(1).md
dermamnist,vlm,openai/clip-vit-base-patch32,dare_ties,c7_b0.01,7,0.01,0.6688,program/MedMNISTMerge/result/dermamnist(1).md
dermamnist,vlm,openai/clip-vit-base-patch32,dare_ties,c7_b0.1,7,0.1,0.1426,program/MedMNISTMerge/result/dermamnist(1).md
dermamnist,vlm,openai/clip-vit-base-patch32,regmean,c3_b0,3,0.0,0.6683,program/MedMNISTMerge/result/dermamnist(1).md
dermamnist,vlm,openai/clip-vit-base-patch32,regmean,c3_b0.01,3,0.01,0.6653,program/MedMNISTMerge/result/dermamnist(1).md
dermamnist,vlm,openai/clip-vit-base-patch32,regmean,c3_b0.1,3,0.1,0.6793,program/MedMNISTMerge/result/dermamnist(1).md
dermamnist,vlm,openai/clip-vit-base-patch32,regmean,c5_b0,5,0.0,0.6688,program/MedMNISTMerge/result/dermamnist(1).md
dermamnist,vlm,openai/clip-vit-base-patch32,regmean,c5_b0.01,5,0.01,0.587,program/MedMNISTMerge/result/dermamnist(1).md
dermamnist,vlm,openai/clip-vit-base-patch32,regmean,c5_b0.1,5,0.1,0.4,program/MedMNISTMerge/result/dermamnist(1).md
dermamnist,vlm,openai/clip-vit-base-patch32,regmean,c7_b0,7,0.0,0.6688,program/MedMNISTMerge/result/dermamnist(1).md
dermamnist,vlm,openai/clip-vit-base-patch32,regmean,c7_b0.01,7,0.01,0.6688,program/MedMNISTMerge/result/dermamnist(1).md
dermamnist,vlm,openai/clip-vit-base-patch32,regmean,c7_b0.1,7,0.1,0.1935,program/MedMNISTMerge/result/dermamnist(1).md
dermamnist,vlm,openai/clip-vit-base-patch32,fisher,c3_b0,3,0.0,0.6733,program/MedMNISTMerge/result/dermamnist(1).md
dermamnist,vlm,openai/clip-vit-base-patch32,fisher,c3_b0.01,3,0.01,0.6713,program/MedMNISTMerge/result/dermamnist(1).md
dermamnist,vlm,openai/clip-vit-base-patch32,fisher,c3_b0.1,3,0.1,0.6698,program/MedMNISTMerge/result/dermamnist(1).md
dermamnist,vlm,openai/clip-vit-base-patch32,fisher,c5_b0,5,0.0,0.6688,program/MedMNISTMerge/result/dermamnist(1).md
dermamnist,vlm,openai/clip-vit-base-patch32,fisher,c5_b0.01,5,0.01,0.1112,program/MedMNISTMerge/result/dermamnist(1).md
dermamnist,vlm,openai/clip-vit-base-patch32,fisher,c5_b0.1,5,0.1,0.6688,program/MedMNISTMerge/result/dermamnist(1).md
dermamnist,vlm,openai/clip-vit-base-patch32,fisher,c7_b0,7,0.0,0.6688,program/MedMNISTMerge/result/dermamnist(1).md
dermamnist,vlm,openai/clip-vit-base-patch32,fisher,c7_b0.01,7,0.01,0.6688,program/MedMNISTMerge/result/dermamnist(1).md
dermamnist,vlm,openai/clip-vit-base-patch32,fisher,c7_b0.1,7,0.1,0.1107,program/MedMNISTMerge/result/dermamnist(1).md
dermamnist,vlm,openai/clip-vit-base-patch32,breadcrumbs,c3_b0,3,0.0,0.6688,program/MedMNISTMerge/result/dermamnist(1).md
dermamnist,vlm,openai/clip-vit-base-patch32,breadcrumbs,c3_b0.01,3,0.01,0.6688,program/MedMNISTMerge/result/dermamnist(1).md
dermamnist,vlm,openai/clip-vit-base-patch32,breadcrumbs,c3_b0.1,3,0.1,0.6688,program/MedMNISTMerge/result/dermamnist(1).md
dermamnist,vlm,openai/clip-vit-base-patch32,breadcrumbs,c5_b0,5,0.0,0.6688,program/MedMNISTMerge/result/dermamnist(1).md
dermamnist,vlm,openai/clip-vit-base-patch32,breadcrumbs,c5_b0.01,5,0.01,0.6688,program/MedMNISTMerge/result/dermamnist(1).md
dermamnist,vlm,openai/clip-vit-base-patch32,breadcrumbs,c5_b0.1,5,0.1,0.6594,program/MedMNISTMerge/result/dermamnist(1).md
dermamnist,vlm,openai/clip-vit-base-patch32,breadcrumbs,c7_b0,7,0.0,0.6688,program/MedMNISTMerge/result/dermamnist(1).md
dermamnist,vlm,openai/clip-vit-base-patch32,breadcrumbs,c7_b0.01,7,0.01,0.6688,program/MedMNISTMerge/result/dermamnist(1).md
dermamnist,vlm,openai/clip-vit-base-patch32,breadcrumbs,c7_b0.1,7,0.1,0.1307,program/MedMNISTMerge/result/dermamnist(1).md
dermamnist,vlm,openai/clip-vit-base-patch32,model_stock,c3_b0,3,0.0,0.6688,program/MedMNISTMerge/result/dermamnist(1).md
dermamnist,vlm,openai/clip-vit-base-patch32,model_stock,c3_b0.01,3,0.01,0.6688,program/MedMNISTMerge/result/dermamnist(1).md
dermamnist,vlm,openai/clip-vit-base-patch32,model_stock,c3_b0.1,3,0.1,0.6688,program/MedMNISTMerge/result/dermamnist(1).md
dermamnist,vlm,openai/clip-vit-base-patch32,model_stock,c5_b0,5,0.0,0.6688,program/MedMNISTMerge/result/dermamnist(1).md
dermamnist,vlm,openai/clip-vit-base-patch32,model_stock,c5_b0.01,5,0.01,0.6688,program/MedMNISTMerge/result/dermamnist(1).md
dermamnist,vlm,openai/clip-vit-base-patch32,model_stock,c5_b0.1,5,0.1,0.6683,program/MedMNISTMerge/result/dermamnist(1).md
dermamnist,vlm,openai/clip-vit-base-patch32,model_stock,c7_b0,7,0.0,0.6688,program/MedMNISTMerge/result/dermamnist(1).md
dermamnist,vlm,openai/clip-vit-base-patch32,model_stock,c7_b0.01,7,0.01,0.6688,program/MedMNISTMerge/result/dermamnist(1).md
dermamnist,vlm,openai/clip-vit-base-patch32,model_stock,c7_b0.1,7,0.1,0.2738,program/MedMNISTMerge/result/dermamnist(1).md
dermamnist,vlm,openai/clip-vit-base-patch32,from,c3_b0,3,0.0,0.6703,program/MedMNISTMerge/result/dermamnist(1).md
dermamnist,vlm,openai/clip-vit-base-patch32,from,c3_b0.01,3,0.01,0.6753,program/MedMNISTMerge/result/dermamnist(1).md
dermamnist,vlm,openai/clip-vit-base-patch32,from,c3_b0.1,3,0.1,0.6688,program/MedMNISTMerge/result/dermamnist(1).md
dermamnist,vlm,openai/clip-vit-base-patch32,from,c5_b0,5,0.0,0.6688,program/MedMNISTMerge/result/dermamnist(1).md
dermamnist,vlm,openai/clip-vit-base-patch32,from,c5_b0.01,5,0.01,0.6728,program/MedMNISTMerge/result/dermamnist(1).md
dermamnist,vlm,openai/clip-vit-base-patch32,from,c5_b0.1,5,0.1,0.6923,program/MedMNISTMerge/result/dermamnist(1).md
dermamnist,vlm,openai/clip-vit-base-patch32,from,c7_b0,7,0.0,0.6688,program/MedMNISTMerge/result/dermamnist(1).md
dermamnist,vlm,openai/clip-vit-base-patch32,from,c7_b0.01,7,0.01,0.6688,program/MedMNISTMerge/result/dermamnist(1).md
dermamnist,vlm,openai/clip-vit-base-patch32,from,c7_b0.1,7,0.1,0.582,program/MedMNISTMerge/result/dermamnist(1).md
dermamnist,vlm,openai/clip-vit-base-patch32,iso_c,c3_b0,3,0.0,0.6693,program/MedMNISTMerge/result/dermamnist(1).md
dermamnist,vlm,openai/clip-vit-base-patch32,iso_c,c3_b0.01,3,0.01,0.5731,program/MedMNISTMerge/result/dermamnist(1).md
dermamnist,vlm,openai/clip-vit-base-patch32,iso_c,c3_b0.1,3,0.1,0.6683,program/MedMNISTMerge/result/dermamnist(1).md
dermamnist,vlm,openai/clip-vit-base-patch32,iso_c,c5_b0,5,0.0,0.5406,program/MedMNISTMerge/result/dermamnist(1).md
dermamnist,vlm,openai/clip-vit-base-patch32,iso_c,c5_b0.01,5,0.01,0.0494,program/MedMNISTMerge/result/dermamnist(1).md
dermamnist,vlm,openai/clip-vit-base-patch32,iso_c,c5_b0.1,5,0.1,0.0454,program/MedMNISTMerge/result/dermamnist(1).md
dermamnist,vlm,openai/clip-vit-base-patch32,iso_c,c7_b0,7,0.0,0.6579,program/MedMNISTMerge/result/dermamnist(1).md
dermamnist,vlm,openai/clip-vit-base-patch32,iso_c,c7_b0.01,7,0.01,0.62,program/MedMNISTMerge/result/dermamnist(1).md
dermamnist,vlm,openai/clip-vit-base-patch32,iso_c,c7_b0.1,7,0.1,0.1317,program/MedMNISTMerge/result/dermamnist(1).md
dermamnist,vlm,openai/clip-vit-base-patch32,free_merge,c3_b0,3,0.0,0.6688,program/MedMNISTMerge/result/dermamnist(1).md
dermamnist,vlm,openai/clip-vit-base-patch32,free_merge,c3_b0.01,3,0.01,0.6688,program/MedMNISTMerge/result/dermamnist(1).md
dermamnist,vlm,openai/clip-vit-base-patch32,free_merge,c3_b0.1,3,0.1,0.6688,program/MedMNISTMerge/result/dermamnist(1).md
dermamnist,vlm,openai/clip-vit-base-patch32,free_merge,c5_b0,5,0.0,0.6688,program/MedMNISTMerge/result/dermamnist(1).md
dermamnist,vlm,openai/clip-vit-base-patch32,free_merge,c5_b0.01,5,0.01,0.6688,program/MedMNISTMerge/result/dermamnist(1).md
dermamnist,vlm,openai/clip-vit-base-patch32,free_merge,c5_b0.1,5,0.1,0.6673,program/MedMNISTMerge/result/dermamnist(1).md
dermamnist,vlm,openai/clip-vit-base-patch32,free_merge,c7_b0,7,0.0,0.6688,program/MedMNISTMerge/result/dermamnist(1).md
dermamnist,vlm,openai/clip-vit-base-patch32,free_merge,c7_b0.01,7,0.01,0.6688,program/MedMNISTMerge/result/dermamnist(1).md
dermamnist,vlm,openai/clip-vit-base-patch32,free_merge,c7_b0.1,7,0.1,0.3491,program/MedMNISTMerge/result/dermamnist(1).md
dermamnist,vlm,openai/clip-vit-base-patch32,robustmerge,c3_b0,3,0.0,0.6688,program/MedMNISTMerge/result/dermamnist(1).md
dermamnist,vlm,openai/clip-vit-base-patch32,robustmerge,c3_b0.01,3,0.01,0.6688,program/MedMNISTMerge/result/dermamnist(1).md
dermamnist,vlm,openai/clip-vit-base-patch32,robustmerge,c3_b0.1,3,0.1,0.6688,program/MedMNISTMerge/result/dermamnist(1).md
dermamnist,vlm,openai/clip-vit-base-patch32,robustmerge,c5_b0,5,0.0,0.6688,program/MedMNISTMerge/result/dermamnist(1).md
dermamnist,vlm,openai/clip-vit-base-patch32,robustmerge,c5_b0.01,5,0.01,0.6688,program/MedMNISTMerge/result/dermamnist(1).md
dermamnist,vlm,openai/clip-vit-base-patch32,robustmerge,c5_b0.1,5,0.1,0.6663,program/MedMNISTMerge/result/dermamnist(1).md
dermamnist,vlm,openai/clip-vit-base-patch32,robustmerge,c7_b0,7,0.0,0.6688,program/MedMNISTMerge/result/dermamnist(1).md
dermamnist,vlm,openai/clip-vit-base-patch32,robustmerge,c7_b0.01,7,0.01,0.6688,program/MedMNISTMerge/result/dermamnist(1).md
dermamnist,vlm,openai/clip-vit-base-patch32,robustmerge,c7_b0.1,7,0.1,0.1387,program/MedMNISTMerge/result/dermamnist(1).md
organamnist,small,resnet,avg,c3_b0,3,0.0,0.1839,program/MedMNISTMerge/result/organamnist(1).md
organamnist,small,resnet,avg,c3_b0.01,3,0.01,0.2344,program/MedMNISTMerge/result/organamnist(1).md
organamnist,small,resnet,avg,c3_b0.1,3,0.1,0.3926,program/MedMNISTMerge/result/organamnist(1).md
organamnist,small,resnet,avg,c5_b0,5,0.0,0.2938,program/MedMNISTMerge/result/organamnist(1).md
organamnist,small,resnet,avg,c5_b0.01,5,0.01,0.1198,program/MedMNISTMerge/result/organamnist(1).md
organamnist,small,resnet,avg,c5_b0.1,5,0.1,0.3358,program/MedMNISTMerge/result/organamnist(1).md
organamnist,small,resnet,avg,c7_b0,7,0.0,0.1946,program/MedMNISTMerge/result/organamnist(1).md
organamnist,small,resnet,avg,c7_b0.01,7,0.01,0.204,program/MedMNISTMerge/result/organamnist(1).md
organamnist,small,resnet,avg,c7_b0.1,7,0.1,0.3836,program/MedMNISTMerge/result/organamnist(1).md
organamnist,small,resnet,ties,c3_b0,3,0.0,0.0646,program/MedMNISTMerge/result/organamnist(1).md
organamnist,small,resnet,ties,c3_b0.01,3,0.01,0.3763,program/MedMNISTMerge/result/organamnist(1).md
organamnist,small,resnet,ties,c3_b0.1,3,0.1,0.4299,program/MedMNISTMerge/result/organamnist(1).md
organamnist,small,resnet,ties,c5_b0,5,0.0,0.1062,program/MedMNISTMerge/result/organamnist(1).md
organamnist,small,resnet,ties,c5_b0.01,5,0.01,0.1312,program/MedMNISTMerge/result/organamnist(1).md
organamnist,small,resnet,ties,c5_b0.1,5,0.1,0.1848,program/MedMNISTMerge/result/organamnist(1).md
organamnist,small,resnet,ties,c7_b0,7,0.0,0.0674,program/MedMNISTMerge/result/organamnist(1).md
organamnist,small,resnet,ties,c7_b0.01,7,0.01,0.0774,program/MedMNISTMerge/result/organamnist(1).md
organamnist,small,resnet,ties,c7_b0.1,7,0.1,0.3574,program/MedMNISTMerge/result/organamnist(1).md
organamnist,small,resnet,dare_linear,c3_b0,3,0.0,0.1792,program/MedMNISTMerge/result/organamnist(1).md
organamnist,small,resnet,dare_linear,c3_b0.01,3,0.01,0.2141,program/MedMNISTMerge/result/organamnist(1).md
organamnist,small,resnet,dare_linear,c3_b0.1,3,0.1,0.3626,program/MedMNISTMerge/result/organamnist(1).md
organamnist,small,resnet,dare_linear,c5_b0,5,0.0,0.2032,program/MedMNISTMerge/result/organamnist(1).md
organamnist,small,resnet,dare_linear,c5_b0.01,5,0.01,0.0887,program/MedMNISTMerge/result/organamnist(1).md
organamnist,small,resnet,dare_linear,c5_b0.1,5,0.1,0.2518,program/MedMNISTMerge/result/organamnist(1).md
organamnist,small,resnet,dare_linear,c7_b0,7,0.0,0.1897,program/MedMNISTMerge/result/organamnist(1).md
organamnist,small,resnet,dare_linear,c7_b0.01,7,0.01,0.1694,program/MedMNISTMerge/result/organamnist(1).md
organamnist,small,resnet,dare_linear,c7_b0.1,7,0.1,0.339,program/MedMNISTMerge/result/organamnist(1).md
organamnist,small,resnet,dare_ties,c3_b0,3,0.0,0.1156,program/MedMNISTMerge/result/organamnist(1).md
organamnist,small,resnet,dare_ties,c3_b0.01,3,0.01,0.3203,program/MedMNISTMerge/result/organamnist(1).md
organamnist,small,resnet,dare_ties,c3_b0.1,3,0.1,0.3059,program/MedMNISTMerge/result/organamnist(1).md
organamnist,small,resnet,dare_ties,c5_b0,5,0.0,0.106,program/MedMNISTMerge/result/organamnist(1).md
organamnist,small,resnet,dare_ties,c5_b0.01,5,0.01,0.1078,program/MedMNISTMerge/result/organamnist(1).md
organamnist,small,resnet,dare_ties,c5_b0.1,5,0.1,0.1848,program/MedMNISTMerge/result/organamnist(1).md
organamnist,small,resnet,dare_ties,c7_b0,7,0.0,0.1105,program/MedMNISTMerge/result/organamnist(1).md
organamnist,small,resnet,dare_ties,c7_b0.01,7,0.01,0.0784,program/MedMNISTMerge/result/organamnist(1).md
organamnist,small,resnet,dare_ties,c7_b0.1,7,0.1,0.256,program/MedMNISTMerge/result/organamnist(1).md
organamnist,small,resnet,regmean,c3_b0,3,0.0,0.1705,program/MedMNISTMerge/result/organamnist(1).md
organamnist,small,resnet,regmean,c3_b0.01,3,0.01,0.243,program/MedMNISTMerge/result/organamnist(1).md
organamnist,small,resnet,regmean,c3_b0.1,3,0.1,0.4111,program/MedMNISTMerge/result/organamnist(1).md
organamnist,small,resnet,regmean,c5_b0,5,0.0,0.2033,program/MedMNISTMerge/result/organamnist(1).md
organamnist,small,resnet,regmean,c5_b0.01,5,0.01,0.1529,program/MedMNISTMerge/result/organamnist(1).md
organamnist,small,resnet,regmean,c5_b0.1,5,0.1,0.4205,program/MedMNISTMerge/result/organamnist(1).md
organamnist,small,resnet,regmean,c7_b0,7,0.0,0.026,program/MedMNISTMerge/result/organamnist(1).md
organamnist,small,resnet,regmean,c7_b0.01,7,0.01,0.1051,program/MedMNISTMerge/result/organamnist(1).md
organamnist,small,resnet,regmean,c7_b0.1,7,0.1,0.3875,program/MedMNISTMerge/result/organamnist(1).md
organamnist,small,resnet,fisher,c3_b0,3,0.0,0.2021,program/MedMNISTMerge/result/organamnist(1).md
organamnist,small,resnet,fisher,c3_b0.01,3,0.01,0.3385,program/MedMNISTMerge/result/organamnist(1).md
organamnist,small,resnet,fisher,c3_b0.1,3,0.1,0.4598,program/MedMNISTMerge/result/organamnist(1).md
organamnist,small,resnet,fisher,c5_b0,5,0.0,0.2559,program/MedMNISTMerge/result/organamnist(1).md
organamnist,small,resnet,fisher,c5_b0.01,5,0.01,0.1262,program/MedMNISTMerge/result/organamnist(1).md
organamnist,small,resnet,fisher,c5_b0.1,5,0.1,0.3144,program/MedMNISTMerge/result/organamnist(1).md
organamnist,small,resnet,fisher,c7_b0,7,0.0,0.1852,program/MedMNISTMerge/result/organamnist(1).md
organamnist,small,resnet,fisher,c7_b0.01,7,0.01,0.1336,program/MedMNISTMerge/result/organamnist(1).md
organamnist,small,resnet,fisher,c7_b0.1,7,0.1,0.2757,program/MedMNISTMerge/result/organamnist(1).md
organamnist,small,resnet,breadcrumbs,c3_b0,3,0.0,0.0625,program/MedMNISTMerge/result/organamnist(1).md
organamnist,small,resnet,breadcrumbs,c3_b0.01,3,0.01,0.0928,program/MedMNISTMerge/result/organamnist(1).md
organamnist,small,resnet,breadcrumbs,c3_b0.1,3,0.1,0.1041,program/MedMNISTMerge/result/organamnist(1).md
organamnist,small,resnet,breadcrumbs,c5_b0,5,0.0,0.1848,program/MedMNISTMerge/result/organamnist(1).md
organamnist,small,resnet,breadcrumbs,c5_b0.01,5,0.01,0.0295,program/MedMNISTMerge/result/organamnist(1).md
organamnist,small,resnet,breadcrumbs,c5_b0.1,5,0.1,0.1873,program/MedMNISTMerge/result/organamnist(1).md
organamnist,small,resnet,breadcrumbs,c7_b0,7,0.0,0.0605,program/MedMNISTMerge/result/organamnist(1).md
organamnist,small,resnet,breadcrumbs,c7_b0.01,7,0.01,0.0229,program/MedMNISTMerge/result/organamnist(1).md
organamnist,small,resnet,breadcrumbs,c7_b0.1,7,0.1,0.0241,program/MedMNISTMerge/result/organamnist(1).md
organamnist,small,resnet,model_stock,c3_b0,3,0.0,0.1375,program/MedMNISTMerge/result/organamnist(1).md
organamnist,small,resnet,model_stock,c3_b0.01,3,0.01,0.187,program/MedMNISTMerge/result/organamnist(1).md
organamnist,small,resnet,model_stock,c3_b0.1,3,0.1,0.2876,program/MedMNISTMerge/result/organamnist(1).md
organamnist,small,resnet,model_stock,c5_b0,5,0.0,0.2465,program/MedMNISTMerge/result/organamnist(1).md
organamnist,small,resnet,model_stock,c5_b0.01,5,0.01,0.0915,program/MedMNISTMerge/result/organamnist(1).md
organamnist,small,resnet,model_stock,c5_b0.1,5,0.1,0.2019,program/MedMNISTMerge/result/organamnist(1).md
organamnist,small,resnet,model_stock,c7_b0,7,0.0,0.1544,program/MedMNISTMerge/result/organamnist(1).md
organamnist,small,resnet,model_stock,c7_b0.01,7,0.01,0.1992,program/MedMNISTMerge/result/organamnist(1).md
organamnist,small,resnet,model_stock,c7_b0.1,7,0.1,0.181,program/MedMNISTMerge/result/organamnist(1).md
organamnist,small,resnet,from,c3_b0,3,0.0,0.1765,program/MedMNISTMerge/result/organamnist(1).md
organamnist,small,resnet,from,c3_b0.01,3,0.01,0.2798,program/MedMNISTMerge/result/organamnist(1).md
organamnist,small,resnet,from,c3_b0.1,3,0.1,0.4612,program/MedMNISTMerge/result/organamnist(1).md
organamnist,small,resnet,from,c5_b0,5,0.0,0.1763,program/MedMNISTMerge/result/organamnist(1).md
organamnist,small,resnet,from,c5_b0.01,5,0.01,0.2067,program/MedMNISTMerge/result/organamnist(1).md
organamnist,small,resnet,from,c5_b0.1,5,0.1,0.3743,program/MedMNISTMerge/result/organamnist(1).md
organamnist,small,resnet,from,c7_b0,7,0.0,0.1046,program/MedMNISTMerge/result/organamnist(1).md
organamnist,small,resnet,from,c7_b0.01,7,0.01,0.1323,program/MedMNISTMerge/result/organamnist(1).md
organamnist,small,resnet,from,c7_b0.1,7,0.1,0.3864,program/MedMNISTMerge/result/organamnist(1).md
organamnist,small,resnet,iso_c,c3_b0,3,0.0,0.3165,program/MedMNISTMerge/result/organamnist(1).md
organamnist,small,resnet,iso_c,c3_b0.01,3,0.01,0.1726,program/MedMNISTMerge/result/organamnist(1).md
organamnist,small,resnet,iso_c,c3_b0.1,3,0.1,0.4931,program/MedMNISTMerge/result/organamnist(1).md
organamnist,small,resnet,iso_c,c5_b0,5,0.0,0.2934,program/MedMNISTMerge/result/organamnist(1).md
organamnist,small,resnet,iso_c,c5_b0.01,5,0.01,0.1162,program/MedMNISTMerge/result/organamnist(1).md
organamnist,small,resnet,iso_c,c5_b0.1,5,0.1,0.3594,program/MedMNISTMerge/result/organamnist(1).md
organamnist,small,resnet,iso_c,c7_b0,7,0.0,0.2254,program/MedMNISTMerge/result/organamnist(1).md
organamnist,small,resnet,iso_c,c7_b0.01,7,0.01,0.1893,program/MedMNISTMerge/result/organamnist(1).md
organamnist,small,resnet,iso_c,c7_b0.1,7,0.1,0.4025,program/MedMNISTMerge/result/organamnist(1).md
organamnist,small,resnet,free_merge,c3_b0,3,0.0,0.1838,program/MedMNISTMerge/result/organamnist(1).md
organamnist,small,resnet,free_merge,c3_b0.01,3,0.01,0.2344,program/MedMNISTMerge/result/organamnist(1).md
organamnist,small,resnet,free_merge,c3_b0.1,3,0.1,0.3926,program/MedMNISTMerge/result/organamnist(1).md
organamnist,small,resnet,free_merge,c5_b0,5,0.0,0.2938,program/MedMNISTMerge/result/organamnist(1).md
organamnist,small,resnet,free_merge,c5_b0.01,5,0.01,0.1201,program/MedMNISTMerge/result/organamnist(1).md
organamnist,small,resnet,free_merge,c5_b0.1,5,0.1,0.3358,program/MedMNISTMerge/result/organamnist(1).md
organamnist,small,resnet,free_merge,c7_b0,7,0.0,0.1948,program/MedMNISTMerge/result/organamnist(1).md
organamnist,small,resnet,free_merge,c7_b0.01,7,0.01,0.204,program/MedMNISTMerge/result/organamnist(1).md
organamnist,small,resnet,free_merge,c7_b0.1,7,0.1,0.3835,program/MedMNISTMerge/result/organamnist(1).md
organamnist,small,resnet,robustmerge,c3_b0,3,0.0,0.3473,program/MedMNISTMerge/result/organamnist(1).md
organamnist,small,resnet,robustmerge,c3_b0.01,3,0.01,0.2736,program/MedMNISTMerge/result/organamnist(1).md
organamnist,small,resnet,robustmerge,c3_b0.1,3,0.1,0.4621,program/MedMNISTMerge/result/organamnist(1).md
organamnist,small,resnet,robustmerge,c5_b0,5,0.0,0.2546,program/MedMNISTMerge/result/organamnist(1).md
organamnist,small,resnet,robustmerge,c5_b0.01,5,0.01,0.1537,program/MedMNISTMerge/result/organamnist(1).md
organamnist,small,resnet,robustmerge,c5_b0.1,5,0.1,0.3363,program/MedMNISTMerge/result/organamnist(1).md
organamnist,small,resnet,robustmerge,c7_b0,7,0.0,0.2117,program/MedMNISTMerge/result/organamnist(1).md
organamnist,small,resnet,robustmerge,c7_b0.01,7,0.01,0.1154,program/MedMNISTMerge/result/organamnist(1).md
organamnist,small,resnet,robustmerge,c7_b0.1,7,0.1,0.3364,program/MedMNISTMerge/result/organamnist(1).md
organamnist,small,convnext,avg,c3_b0,3,0.0,0.1105,program/MedMNISTMerge/result/organamnist(1).md
organamnist,small,convnext,avg,c3_b0.01,3,0.01,0.0441,program/MedMNISTMerge/result/organamnist(1).md
organamnist,small,convnext,avg,c3_b0.1,3,0.1,0.115,program/MedMNISTMerge/result/organamnist(1).md
organamnist,small,convnext,avg,c5_b0,5,0.0,0.1105,program/MedMNISTMerge/result/organamnist(1).md
organamnist,small,convnext,avg,c5_b0.01,5,0.01,0.0912,program/MedMNISTMerge/result/organamnist(1).md
organamnist,small,convnext,avg,c5_b0.1,5,0.1,0.0912,program/MedMNISTMerge/result/organamnist(1).md
organamnist,small,convnext,avg,c7_b0,7,0.0,0.102,program/MedMNISTMerge/result/organamnist(1).md
organamnist,small,convnext,avg,c7_b0.01,7,0.01,0.1161,program/MedMNISTMerge/result/organamnist(1).md
organamnist,small,convnext,avg,c7_b0.1,7,0.1,0.1161,program/MedMNISTMerge/result/organamnist(1).md
organamnist,small,convnext,ties,c3_b0,3,0.0,0.1214,program/MedMNISTMerge/result/organamnist(1).md
organamnist,small,convnext,ties,c3_b0.01,3,0.01,0.0444,program/MedMNISTMerge/result/organamnist(1).md
organamnist,small,convnext,ties,c3_b0.1,3,0.1,0.0694,program/MedMNISTMerge/result/organamnist(1).md
organamnist,small,convnext,ties,c5_b0,5,0.0,0.102,program/MedMNISTMerge/result/organamnist(1).md
organamnist,small,convnext,ties,c5_b0.01,5,0.01,0.1068,program/MedMNISTMerge/result/organamnist(1).md
organamnist,small,convnext,ties,c5_b0.1,5,0.1,0.1286,program/MedMNISTMerge/result/organamnist(1).md
organamnist,small,convnext,ties,c7_b0,7,0.0,0.106,program/MedMNISTMerge/result/organamnist(1).md
organamnist,small,convnext,ties,c7_b0.01,7,0.01,0.0913,program/MedMNISTMerge/result/organamnist(1).md
organamnist,small,convnext,ties,c7_b0.1,7,0.1,0.0543,program/MedMNISTMerge/result/organamnist(1).md
organamnist,small,convnext,dare_linear,c3_b0,3,0.0,0.1105,program/MedMNISTMerge/result/organamnist(1).md
organamnist,small,convnext,dare_linear,c3_b0.01,3,0.01,0.0441,program/MedMNISTMerge/result/organamnist(1).md
organamnist,small,convnext,dare_linear,c3_b0.1,3,0.1,0.1158,program/MedMNISTMerge/result/organamnist(1).md
organamnist,small,convnext,dare_linear,c5_b0,5,0.0,0.102,program/MedMNISTMerge/result/organamnist(1).md
organamnist,small,convnext,dare_linear,c5_b0.01,5,0.01,0.0912,program/MedMNISTMerge/result/organamnist(1).md
organamnist,small,convnext,dare_linear,c5_b0.1,5,0.1,0.1122,program/MedMNISTMerge/result/organamnist(1).md
organamnist,small,convnext,dare_linear,c7_b0,7,0.0,0.102,program/MedMNISTMerge/result/organamnist(1).md
organamnist,small,convnext,dare_linear,c7_b0.01,7,0.01,0.0746,program/MedMNISTMerge/result/organamnist(1).md
organamnist,small,convnext,dare_linear,c7_b0.1,7,0.1,0.1161,program/MedMNISTMerge/result/organamnist(1).md
organamnist,small,convnext,dare_ties,c3_b0,3,0.0,0.1829,program/MedMNISTMerge/result/organamnist(1).md
organamnist,small,convnext,dare_ties,c3_b0.01,3,0.01,0.1259,program/MedMNISTMerge/result/organamnist(1).md
organamnist,small,convnext,dare_ties,c3_b0.1,3,0.1,0.039,program/MedMNISTMerge/result/organamnist(1).md
organamnist,small,convnext,dare_ties,c5_b0,5,0.0,0.102,program/MedMNISTMerge/result/organamnist(1).md
organamnist,small,convnext,dare_ties,c5_b0.01,5,0.01,0.092,program/MedMNISTMerge/result/organamnist(1).md
organamnist,small,convnext,dare_ties,c5_b0.1,5,0.1,0.1161,program/MedMNISTMerge/result/organamnist(1).md
organamnist,small,convnext,dare_ties,c7_b0,7,0.0,0.0441,program/MedMNISTMerge/result/organamnist(1).md
organamnist,small,convnext,dare_ties,c7_b0.01,7,0.01,0.1144,program/MedMNISTMerge/result/organamnist(1).md
organamnist,small,convnext,dare_ties,c7_b0.1,7,0.1,0.0446,program/MedMNISTMerge/result/organamnist(1).md
organamnist,small,convnext,regmean,c3_b0,3,0.0,0.109,program/MedMNISTMerge/result/organamnist(1).md
organamnist,small,convnext,regmean,c3_b0.01,3,0.01,0.1666,program/MedMNISTMerge/result/organamnist(1).md
organamnist,small,convnext,regmean,c3_b0.1,3,0.1,0.0476,program/MedMNISTMerge/result/organamnist(1).md
organamnist,small,convnext,regmean,c5_b0,5,0.0,0.1629,program/MedMNISTMerge/result/organamnist(1).md
organamnist,small,convnext,regmean,c5_b0.01,5,0.01,0.1711,program/MedMNISTMerge/result/organamnist(1).md
organamnist,small,convnext,regmean,c5_b0.1,5,0.1,0.1819,program/MedMNISTMerge/result/organamnist(1).md
organamnist,small,convnext,regmean,c7_b0,7,0.0,0.0441,program/MedMNISTMerge/result/organamnist(1).md
organamnist,small,convnext,regmean,c7_b0.01,7,0.01,0.0547,program/MedMNISTMerge/result/organamnist(1).md
organamnist,small,convnext,regmean,c7_b0.1,7,0.1,0.2035,program/MedMNISTMerge/result/organamnist(1).md
organamnist,small,convnext,fisher,c3_b0,3,0.0,0.1152,program/MedMNISTMerge/result/organamnist(1).md
organamnist,small,convnext,fisher,c3_b0.01,3,0.01,0.0434,program/MedMNISTMerge/result/organamnist(1).md
organamnist,small,convnext,fisher,c3_b0.1,3,0.1,0.0912,program/MedMNISTMerge/result/organamnist(1).md
organamnist,small,convnext,fisher,c5_b0,5,0.0,0.106,program/MedMNISTMerge/result/organamnist(1).md
organamnist,small,convnext,fisher,c5_b0.01,5,0.01,0.1009,program/MedMNISTMerge/result/organamnist(1).md
organamnist,small,convnext,fisher,c5_b0.1,5,0.1,0.1123,program/MedMNISTMerge/result/organamnist(1).md
organamnist,small,convnext,fisher,c7_b0,7,0.0,0.1273,program/MedMNISTMerge/result/organamnist(1).md
organamnist,small,convnext,fisher,c7_b0.01,7,0.01,0.1105,program/MedMNISTMerge/result/organamnist(1).md
organamnist,small,convnext,fisher,c7_b0.1,7,0.1,0.1315,program/MedMNISTMerge/result/organamnist(1).md
organamnist,small,convnext,breadcrumbs,c3_b0,3,0.0,0.106,program/MedMNISTMerge/result/organamnist(1).md
organamnist,small,convnext,breadcrumbs,c3_b0.01,3,0.01,0.0583,program/MedMNISTMerge/result/organamnist(1).md
organamnist,small,convnext,breadcrumbs,c3_b0.1,3,0.1,0.0983,program/MedMNISTMerge/result/organamnist(1).md
organamnist,small,convnext,breadcrumbs,c5_b0,5,0.0,0.102,program/MedMNISTMerge/result/organamnist(1).md
organamnist,small,convnext,breadcrumbs,c5_b0.01,5,0.01,0.0446,program/MedMNISTMerge/result/organamnist(1).md
organamnist,small,convnext,breadcrumbs,c5_b0.1,5,0.1,0.1161,program/MedMNISTMerge/result/organamnist(1).md
organamnist,small,convnext,breadcrumbs,c7_b0,7,0.0,0.1848,program/MedMNISTMerge/result/organamnist(1).md
organamnist,small,convnext,breadcrumbs,c7_b0.01,7,0.01,0.1105,program/MedMNISTMerge/result/organamnist(1).md
organamnist,small,convnext,breadcrumbs,c7_b0.1,7,0.1,0.106,program/MedMNISTMerge/result/organamnist(1).md
organamnist,small,convnext,model_stock,c3_b0,3,0.0,0.1105,program/MedMNISTMerge/result/organamnist(1).md
organamnist,small,convnext,model_stock,c3_b0.01,3,0.01,0.0441,program/MedMNISTMerge/result/organamnist(1).md
organamnist,small,convnext,model_stock,c3_b0.1,3,0.1,0.044,program/MedMNISTMerge/result/organamnist(1).md
organamnist,small,convnext,model_stock,c5_b0,5,0.0,0.1886,program/MedMNISTMerge/result/organamnist(1).md
organamnist,small,convnext,model_stock,c5_b0.01,5,0.01,0.0912,program/MedMNISTMerge/result/organamnist(1).md
organamnist,small,convnext,model_stock,c5_b0.1,5,0.1,0.0912,program/MedMNISTMerge/result/organamnist(1).md
organamnist,small,convnext,model_stock,c7_b0,7,0.0,0.1848,program/MedMNISTMerge/result/organamnist(1).md
organamnist,small,convnext,model_stock,c7_b0.01,7,0.01,0.1105,program/MedMNISTMerge/result/organamnist(1).md
organamnist,small,convnext,model_stock,c7_b0.1,7,0.1,0.1161,program/MedMNISTMerge/result/organamnist(1).md
organamnist,small,convnext,from,c3_b0,3,0.0,0.1133,program/MedMNISTMerge/result/organamnist(1).md
organamnist,small,convnext,from,c3_b0.01,3,0.01,0.0587,program/MedMNISTMerge/result/organamnist(1).md
organamnist,small,convnext,from,c3_b0.1,3,0.1,0.0603,program/MedMNISTMerge/result/organamnist(1).md
organamnist,small,convnext,from,c5_b0,5,0.0,0.1105,program/MedMNISTMerge/result/organamnist(1).md
organamnist,small,convnext,from,c5_b0.01,5,0.01,0.0912,program/MedMNISTMerge/result/organamnist(1).md
organamnist,small,convnext,from,c5_b0.1,5,0.1,0.1313,program/MedMNISTMerge/result/organamnist(1).md
organamnist,small,convnext,from,c7_b0,7,0.0,0.102,program/MedMNISTMerge/result/organamnist(1).md
organamnist,small,convnext,from,c7_b0.01,7,0.01,0.0426,program/MedMNISTMerge/result/organamnist(1).md
organamnist,small,convnext,from,c7_b0.1,7,0.1,0.1161,program/MedMNISTMerge/result/organamnist(1).md
organamnist,small,convnext,iso_c,c3_b0,3,0.0,0.1105,program/MedMNISTMerge/result/organamnist(1).md
organamnist,small,convnext,iso_c,c3_b0.01,3,0.01,0.0441,program/MedMNISTMerge/result/organamnist(1).md
organamnist,small,convnext,iso_c,c3_b0.1,3,0.1,0.0463,program/MedMNISTMerge/result/organamnist(1).md
organamnist,small,convnext,iso_c,c5_b0,5,0.0,0.0442,program/MedMNISTMerge/result/organamnist(1).md
organamnist,small,convnext,iso_c,c5_b0.01,5,0.01,0.0912,program/MedMNISTMerge/result/organamnist(1).md
organamnist,small,convnext,iso_c,c5_b0.1,5,0.1,0.0912,program/MedMNISTMerge/result/organamnist(1).md
organamnist,small,convnext,iso_c,c7_b0,7,0.0,0.102,program/MedMNISTMerge/result/organamnist(1).md
organamnist,small,convnext,iso_c,c7_b0.01,7,0.01,0.1161,program/MedMNISTMerge/result/organamnist(1).md
organamnist,small,convnext,iso_c,c7_b0.1,7,0.1,0.1161,program/MedMNISTMerge/result/organamnist(1).md
organamnist,small,convnext,free_merge,c3_b0,3,0.0,0.1105,program/MedMNISTMerge/result/organamnist(1).md
organamnist,small,convnext,free_merge,c3_b0.01,3,0.01,0.0441,program/MedMNISTMerge/result/organamnist(1).md
organamnist,small,convnext,free_merge,c3_b0.1,3,0.1,0.1146,program/MedMNISTMerge/result/organamnist(1).md
organamnist,small,convnext,free_merge,c5_b0,5,0.0,0.0442,program/MedMNISTMerge/result/organamnist(1).md
organamnist,small,convnext,free_merge,c5_b0.01,5,0.01,0.0912,program/MedMNISTMerge/result/organamnist(1).md
organamnist,small,convnext,free_merge,c5_b0.1,5,0.1,0.0912,program/MedMNISTMerge/result/organamnist(1).md
organamnist,small,convnext,free_merge,c7_b0,7,0.0,0.102,program/MedMNISTMerge/result/organamnist(1).md
organamnist,small,convnext,free_merge,c7_b0.01,7,0.01,0.1161,program/MedMNISTMerge/result/organamnist(1).md
organamnist,small,convnext,free_merge,c7_b0.1,7,0.1,0.1161,program/MedMNISTMerge/result/organamnist(1).md
organamnist,small,convnext,robustmerge,c3_b0,3,0.0,0.2001,program/MedMNISTMerge/result/organamnist(1).md
organamnist,small,convnext,robustmerge,c3_b0.01,3,0.01,0.0441,program/MedMNISTMerge/result/organamnist(1).md
organamnist,small,convnext,robustmerge,c3_b0.1,3,0.1,0.0439,program/MedMNISTMerge/result/organamnist(1).md
organamnist,small,convnext,robustmerge,c5_b0,5,0.0,0.1105,program/MedMNISTMerge/result/organamnist(1).md
organamnist,small,convnext,robustmerge,c5_b0.01,5,0.01,0.0912,program/MedMNISTMerge/result/organamnist(1).md
organamnist,small,convnext,robustmerge,c5_b0.1,5,0.1,0.1057,program/MedMNISTMerge/result/organamnist(1).md
organamnist,small,convnext,robustmerge,c7_b0,7,0.0,0.1848,program/MedMNISTMerge/result/organamnist(1).md
organamnist,small,convnext,robustmerge,c7_b0.01,7,0.01,0.1105,program/MedMNISTMerge/result/organamnist(1).md
organamnist,small,convnext,robustmerge,c7_b0.1,7,0.1,0.1161,program/MedMNISTMerge/result/organamnist(1).md
organamnist,small,vit_t,avg,c3_b0,3,0.0,0.0601,program/MedMNISTMerge/result/organamnist(1).md
organamnist,small,vit_t,avg,c3_b0.01,3,0.01,0.1879,program/MedMNISTMerge/result/organamnist(1).md
organamnist,small,vit_t,avg,c3_b0.1,3,0.1,0.1357,program/MedMNISTMerge/result/organamnist(1).md
organamnist,small,vit_t,avg,c5_b0,5,0.0,0.0466,program/MedMNISTMerge/result/organamnist(1).md
organamnist,small,vit_t,avg,c5_b0.01,5,0.01,0.1227,program/MedMNISTMerge/result/organamnist(1).md
organamnist,small,vit_t,avg,c5_b0.1,5,0.1,0.1885,program/MedMNISTMerge/result/organamnist(1).md
organamnist,small,vit_t,avg,c7_b0,7,0.0,0.0058,program/MedMNISTMerge/result/organamnist(1).md
organamnist,small,vit_t,avg,c7_b0.01,7,0.01,0.1161,program/MedMNISTMerge/result/organamnist(1).md
organamnist,small,vit_t,avg,c7_b0.1,7,0.1,0.1172,program/MedMNISTMerge/result/organamnist(1).md
organamnist,small,vit_t,ties,c3_b0,3,0.0,0.1948,program/MedMNISTMerge/result/organamnist(1).md
organamnist,small,vit_t,ties,c3_b0.01,3,0.01,0.1491,program/MedMNISTMerge/result/organamnist(1).md
organamnist,small,vit_t,ties,c3_b0.1,3,0.1,0.0592,program/MedMNISTMerge/result/organamnist(1).md
organamnist,small,vit_t,ties,c5_b0,5,0.0,0.0983,program/MedMNISTMerge/result/organamnist(1).md
organamnist,small,vit_t,ties,c5_b0.01,5,0.01,0.168,program/MedMNISTMerge/result/organamnist(1).md
organamnist,small,vit_t,ties,c5_b0.1,5,0.1,0.1693,program/MedMNISTMerge/result/organamnist(1).md
organamnist,small,vit_t,ties,c7_b0,7,0.0,0.0589,program/MedMNISTMerge/result/organamnist(1).md
organamnist,small,vit_t,ties,c7_b0.01,7,0.01,0.0971,program/MedMNISTMerge/result/organamnist(1).md
organamnist,small,vit_t,ties,c7_b0.1,7,0.1,0.1653,program/MedMNISTMerge/result/organamnist(1).md
organamnist,small,vit_t,dare_linear,c3_b0,3,0.0,0.0598,program/MedMNISTMerge/result/organamnist(1).md
organamnist,small,vit_t,dare_linear,c3_b0.01,3,0.01,0.1295,program/MedMNISTMerge/result/organamnist(1).md
organamnist,small,vit_t,dare_linear,c3_b0.1,3,0.1,0.1368,program/MedMNISTMerge/result/organamnist(1).md
organamnist,small,vit_t,dare_linear,c5_b0,5,0.0,0.044,program/MedMNISTMerge/result/organamnist(1).md
organamnist,small,vit_t,dare_linear,c5_b0.01,5,0.01,0.0442,program/MedMNISTMerge/result/organamnist(1).md
organamnist,small,vit_t,dare_linear,c5_b0.1,5,0.1,0.1543,program/MedMNISTMerge/result/organamnist(1).md
organamnist,small,vit_t,dare_linear,c7_b0,7,0.0,0.0352,program/MedMNISTMerge/result/organamnist(1).md
organamnist,small,vit_t,dare_linear,c7_b0.01,7,0.01,0.1161,program/MedMNISTMerge/result/organamnist(1).md
organamnist,small,vit_t,dare_linear,c7_b0.1,7,0.1,0.1443,program/MedMNISTMerge/result/organamnist(1).md
organamnist,small,vit_t,dare_ties,c3_b0,3,0.0,0.0991,program/MedMNISTMerge/result/organamnist(1).md
organamnist,small,vit_t,dare_ties,c3_b0.01,3,0.01,0.1115,program/MedMNISTMerge/result/organamnist(1).md
organamnist,small,vit_t,dare_ties,c3_b0.1,3,0.1,0.0522,program/MedMNISTMerge/result/organamnist(1).md
organamnist,small,vit_t,dare_ties,c5_b0,5,0.0,0.0242,program/MedMNISTMerge/result/organamnist(1).md
organamnist,small,vit_t,dare_ties,c5_b0.01,5,0.01,0.1988,program/MedMNISTMerge/result/organamnist(1).md
organamnist,small,vit_t,dare_ties,c5_b0.1,5,0.1,0.0791,program/MedMNISTMerge/result/organamnist(1).md
organamnist,small,vit_t,dare_ties,c7_b0,7,0.0,0.0442,program/MedMNISTMerge/result/organamnist(1).md
organamnist,small,vit_t,dare_ties,c7_b0.01,7,0.01,0.0973,program/MedMNISTMerge/result/organamnist(1).md
organamnist,small,vit_t,dare_ties,c7_b0.1,7,0.1,0.2076,program/MedMNISTMerge/result/organamnist(1).md
organamnist,small,vit_t,regmean,c3_b0,3,0.0,0.1059,program/MedMNISTMerge/result/organamnist(1).md
organamnist,small,vit_t,regmean,c3_b0.01,3,0.01,0.1159,program/MedMNISTMerge/result/organamnist(1).md
organamnist,small,vit_t,regmean,c3_b0.1,3,0.1,0.1151,program/MedMNISTMerge/result/organamnist(1).md
organamnist,small,vit_t,regmean,c5_b0,5,0.0,0.1109,program/MedMNISTMerge/result/organamnist(1).md
organamnist,small,vit_t,regmean,c5_b0.01,5,0.01,0.1754,program/MedMNISTMerge/result/organamnist(1).md
organamnist,small,vit_t,regmean,c5_b0.1,5,0.1,0.2256,program/MedMNISTMerge/result/organamnist(1).md
organamnist,small,vit_t,regmean,c7_b0,7,0.0,0.1198,program/MedMNISTMerge/result/organamnist(1).md
organamnist,small,vit_t,regmean,c7_b0.01,7,0.01,0.116,program/MedMNISTMerge/result/organamnist(1).md
organamnist,small,vit_t,regmean,c7_b0.1,7,0.1,0.2329,program/MedMNISTMerge/result/organamnist(1).md
organamnist,small,vit_t,fisher,c3_b0,3,0.0,0.0486,program/MedMNISTMerge/result/organamnist(1).md
organamnist,small,vit_t,fisher,c3_b0.01,3,0.01,0.1146,program/MedMNISTMerge/result/organamnist(1).md
organamnist,small,vit_t,fisher,c3_b0.1,3,0.1,0.0485,program/MedMNISTMerge/result/organamnist(1).md
organamnist,small,vit_t,fisher,c5_b0,5,0.0,0.2054,program/MedMNISTMerge/result/organamnist(1).md
organamnist,small,vit_t,fisher,c5_b0.01,5,0.01,0.0583,program/MedMNISTMerge/result/organamnist(1).md
organamnist,small,vit_t,fisher,c5_b0.1,5,0.1,0.18,program/MedMNISTMerge/result/organamnist(1).md
organamnist,small,vit_t,fisher,c7_b0,7,0.0,0.0833,program/MedMNISTMerge/result/organamnist(1).md
organamnist,small,vit_t,fisher,c7_b0.01,7,0.01,0.1105,program/MedMNISTMerge/result/organamnist(1).md
organamnist,small,vit_t,fisher,c7_b0.1,7,0.1,0.1728,program/MedMNISTMerge/result/organamnist(1).md
organamnist,small,vit_t,breadcrumbs,c3_b0,3,0.0,0.0441,program/MedMNISTMerge/result/organamnist(1).md
organamnist,small,vit_t,breadcrumbs,c3_b0.01,3,0.01,0.0988,program/MedMNISTMerge/result/organamnist(1).md
organamnist,small,vit_t,breadcrumbs,c3_b0.1,3,0.1,0.0794,program/MedMNISTMerge/result/organamnist(1).md
organamnist,small,vit_t,breadcrumbs,c5_b0,5,0.0,0.2974,program/MedMNISTMerge/result/organamnist(1).md
organamnist,small,vit_t,breadcrumbs,c5_b0.01,5,0.01,0.1428,program/MedMNISTMerge/result/organamnist(1).md
organamnist,small,vit_t,breadcrumbs,c5_b0.1,5,0.1,0.2663,program/MedMNISTMerge/result/organamnist(1).md
organamnist,small,vit_t,breadcrumbs,c7_b0,7,0.0,0.2263,program/MedMNISTMerge/result/organamnist(1).md
organamnist,small,vit_t,breadcrumbs,c7_b0.01,7,0.01,0.1109,program/MedMNISTMerge/result/organamnist(1).md
organamnist,small,vit_t,breadcrumbs,c7_b0.1,7,0.1,0.0442,program/MedMNISTMerge/result/organamnist(1).md
organamnist,small,vit_t,model_stock,c3_b0,3,0.0,0.0473,program/MedMNISTMerge/result/organamnist(1).md
organamnist,small,vit_t,model_stock,c3_b0.01,3,0.01,0.1852,program/MedMNISTMerge/result/organamnist(1).md
organamnist,small,vit_t,model_stock,c3_b0.1,3,0.1,0.1372,program/MedMNISTMerge/result/organamnist(1).md
organamnist,small,vit_t,model_stock,c5_b0,5,0.0,0.0636,program/MedMNISTMerge/result/organamnist(1).md
organamnist,small,vit_t,model_stock,c5_b0.01,5,0.01,0.1786,program/MedMNISTMerge/result/organamnist(1).md
organamnist,small,vit_t,model_stock,c5_b0.1,5,0.1,0.1963,program/MedMNISTMerge/result/organamnist(1).md
organamnist,small,vit_t,model_stock,c7_b0,7,0.0,0.0524,program/MedMNISTMerge/result/organamnist(1).md
organamnist,small,vit_t,model_stock,c7_b0.01,7,0.01,0.1162,program/MedMNISTMerge/result/organamnist(1).md
organamnist,small,vit_t,model_stock,c7_b0.1,7,0.1,0.1172,program/MedMNISTMerge/result/organamnist(1).md
organamnist,small,vit_t,from,c3_b0,3,0.0,0.1114,program/MedMNISTMerge/result/organamnist(1).md
organamnist,small,vit_t,from,c3_b0.01,3,0.01,0.1711,program/MedMNISTMerge/result/organamnist(1).md
organamnist,small,vit_t,from,c3_b0.1,3,0.1,0.1194,program/MedMNISTMerge/result/organamnist(1).md
organamnist,small,vit_t,from,c5_b0,5,0.0,0.3034,program/MedMNISTMerge/result/organamnist(1).md
organamnist,small,vit_t,from,c5_b0.01,5,0.01,0.1514,program/MedMNISTMerge/result/organamnist(1).md
organamnist,small,vit_t,from,c5_b0.1,5,0.1,0.2047,program/MedMNISTMerge/result/organamnist(1).md
organamnist,small,vit_t,from,c7_b0,7,0.0,0.1054,program/MedMNISTMerge/result/organamnist(1).md
organamnist,small,vit_t,from,c7_b0.01,7,0.01,0.1399,program/MedMNISTMerge/result/organamnist(1).md
organamnist,small,vit_t,from,c7_b0.1,7,0.1,0.1527,program/MedMNISTMerge/result/organamnist(1).md
organamnist,small,vit_t,iso_c,c3_b0,3,0.0,0.0441,program/MedMNISTMerge/result/organamnist(1).md
organamnist,small,vit_t,iso_c,c3_b0.01,3,0.01,0.0761,program/MedMNISTMerge/result/organamnist(1).md
organamnist,small,vit_t,iso_c,c3_b0.1,3,0.1,0.0433,program/MedMNISTMerge/result/organamnist(1).md
organamnist,small,vit_t,iso_c,c5_b0,5,0.0,0.0438,program/MedMNISTMerge/result/organamnist(1).md
organamnist,small,vit_t,iso_c,c5_b0.01,5,0.01,0.0443,program/MedMNISTMerge/result/organamnist(1).md
organamnist,small,vit_t,iso_c,c5_b0.1,5,0.1,0.241,program/MedMNISTMerge/result/organamnist(1).md
organamnist,small,vit_t,iso_c,c7_b0,7,0.0,0.1143,program/MedMNISTMerge/result/organamnist(1).md
organamnist,small,vit_t,iso_c,c7_b0.01,7,0.01,0.1443,program/MedMNISTMerge/result/organamnist(1).md
organamnist,small,vit_t,iso_c,c7_b0.1,7,0.1,0.1694,program/MedMNISTMerge/result/organamnist(1).md
organamnist,small,vit_t,free_merge,c3_b0,3,0.0,0.0441,program/MedMNISTMerge/result/organamnist(1).md
organamnist,small,vit_t,free_merge,c3_b0.01,3,0.01,0.0898,program/MedMNISTMerge/result/organamnist(1).md
organamnist,small,vit_t,free_merge,c3_b0.1,3,0.1,0.1133,program/MedMNISTMerge/result/organamnist(1).md
organamnist,small,vit_t,free_merge,c5_b0,5,0.0,0.0798,program/MedMNISTMerge/result/organamnist(1).md
organamnist,small,vit_t,free_merge,c5_b0.01,5,0.01,0.1205,program/MedMNISTMerge/result/organamnist(1).md
organamnist,small,vit_t,free_merge,c5_b0.1,5,0.1,0.1435,program/MedMNISTMerge/result/organamnist(1).md
organamnist,small,vit_t,free_merge,c7_b0,7,0.0,0.029,program/MedMNISTMerge/result/organamnist(1).md
organamnist,small,vit_t,free_merge,c7_b0.01,7,0.01,0.1161,program/MedMNISTMerge/result/organamnist(1).md
organamnist,small,vit_t,free_merge,c7_b0.1,7,0.1,0.1161,program/MedMNISTMerge/result/organamnist(1).md
organamnist,small,vit_t,robustmerge,c3_b0,3,0.0,0.0448,program/MedMNISTMerge/result/organamnist(1).md
organamnist,small,vit_t,robustmerge,c3_b0.01,3,0.01,0.1229,program/MedMNISTMerge/result/organamnist(1).md
organamnist,small,vit_t,robustmerge,c3_b0.1,3,0.1,0.134,program/MedMNISTMerge/result/organamnist(1).md
organamnist,small,vit_t,robustmerge,c5_b0,5,0.0,0.1146,program/MedMNISTMerge/result/organamnist(1).md
organamnist,small,vit_t,robustmerge,c5_b0.01,5,0.01,0.0441,program/MedMNISTMerge/result/organamnist(1).md
organamnist,small,vit_t,robustmerge,c5_b0.1,5,0.1,0.2689,program/MedMNISTMerge/result/organamnist(1).md
organamnist,small,vit_t,robustmerge,c7_b0,7,0.0,0.0677,program/MedMNISTMerge/result/organamnist(1).md
organamnist,small,vit_t,robustmerge,c7_b0.01,7,0.01,0.1307,program/MedMNISTMerge/result/organamnist(1).md
organamnist,small,vit_t,robustmerge,c7_b0.1,7,0.1,0.1165,program/MedMNISTMerge/result/organamnist(1).md
organamnist,small,swin_tiny,avg,c3_b0,3,0.0,0.1106,program/MedMNISTMerge/result/organamnist(1).md
organamnist,small,swin_tiny,avg,c3_b0.01,3,0.01,0.133,program/MedMNISTMerge/result/organamnist(1).md
organamnist,small,swin_tiny,avg,c3_b0.1,3,0.1,0.106,program/MedMNISTMerge/result/organamnist(1).md
organamnist,small,swin_tiny,avg,c5_b0,5,0.0,0.0912,program/MedMNISTMerge/result/organamnist(1).md
organamnist,small,swin_tiny,avg,c5_b0.01,5,0.01,0.0442,program/MedMNISTMerge/result/organamnist(1).md
organamnist,small,swin_tiny,avg,c5_b0.1,5,0.1,0.1695,program/MedMNISTMerge/result/organamnist(1).md
organamnist,small,swin_tiny,avg,c7_b0,7,0.0,0.0912,program/MedMNISTMerge/result/organamnist(1).md
organamnist,small,swin_tiny,avg,c7_b0.01,7,0.01,0.1074,program/MedMNISTMerge/result/organamnist(1).md
organamnist,small,swin_tiny,avg,c7_b0.1,7,0.1,0.106,program/MedMNISTMerge/result/organamnist(1).md
organamnist,small,swin_tiny,ties,c3_b0,3,0.0,0.1278,program/MedMNISTMerge/result/organamnist(1).md
organamnist,small,swin_tiny,ties,c3_b0.01,3,0.01,0.0511,program/MedMNISTMerge/result/organamnist(1).md
organamnist,small,swin_tiny,ties,c3_b0.1,3,0.1,0.0493,program/MedMNISTMerge/result/organamnist(1).md
organamnist,small,swin_tiny,ties,c5_b0,5,0.0,0.0912,program/MedMNISTMerge/result/organamnist(1).md
organamnist,small,swin_tiny,ties,c5_b0.01,5,0.01,0.0396,program/MedMNISTMerge/result/organamnist(1).md
organamnist,small,swin_tiny,ties,c5_b0.1,5,0.1,0.1593,program/MedMNISTMerge/result/organamnist(1).md
organamnist,small,swin_tiny,ties,c7_b0,7,0.0,0.106,program/MedMNISTMerge/result/organamnist(1).md
organamnist,small,swin_tiny,ties,c7_b0.01,7,0.01,0.1161,program/MedMNISTMerge/result/organamnist(1).md
organamnist,small,swin_tiny,ties,c7_b0.1,7,0.1,0.1161,program/MedMNISTMerge/result/organamnist(1).md
organamnist,small,swin_tiny,dare_linear,c3_b0,3,0.0,0.1105,program/MedMNISTMerge/result/organamnist(1).md
organamnist,small,swin_tiny,dare_linear,c3_b0.01,3,0.01,0.045,program/MedMNISTMerge/result/organamnist(1).md
organamnist,small,swin_tiny,dare_linear,c3_b0.1,3,0.1,0.106,program/MedMNISTMerge/result/organamnist(1).md
organamnist,small,swin_tiny,dare_linear,c5_b0,5,0.0,0.0912,program/MedMNISTMerge/result/organamnist(1).md
organamnist,small,swin_tiny,dare_linear,c5_b0.01,5,0.01,0.0529,program/MedMNISTMerge/result/organamnist(1).md
organamnist,small,swin_tiny,dare_linear,c5_b0.1,5,0.1,0.0912,program/MedMNISTMerge/result/organamnist(1).md
organamnist,small,swin_tiny,dare_linear,c7_b0,7,0.0,0.2167,program/MedMNISTMerge/result/organamnist(1).md
organamnist,small,swin_tiny,dare_linear,c7_b0.01,7,0.01,0.1902,program/MedMNISTMerge/result/organamnist(1).md
organamnist,small,swin_tiny,dare_linear,c7_b0.1,7,0.1,0.106,program/MedMNISTMerge/result/organamnist(1).md
organamnist,small,swin_tiny,dare_ties,c3_b0,3,0.0,0.1218,program/MedMNISTMerge/result/organamnist(1).md
organamnist,small,swin_tiny,dare_ties,c3_b0.01,3,0.01,0.0487,program/MedMNISTMerge/result/organamnist(1).md
organamnist,small,swin_tiny,dare_ties,c3_b0.1,3,0.1,0.106,program/MedMNISTMerge/result/organamnist(1).md
organamnist,small,swin_tiny,dare_ties,c5_b0,5,0.0,0.0946,program/MedMNISTMerge/result/organamnist(1).md
organamnist,small,swin_tiny,dare_ties,c5_b0.01,5,0.01,0.1006,program/MedMNISTMerge/result/organamnist(1).md
organamnist,small,swin_tiny,dare_ties,c5_b0.1,5,0.1,0.166,program/MedMNISTMerge/result/organamnist(1).md
organamnist,small,swin_tiny,dare_ties,c7_b0,7,0.0,0.106,program/MedMNISTMerge/result/organamnist(1).md
organamnist,small,swin_tiny,dare_ties,c7_b0.01,7,0.01,0.1161,program/MedMNISTMerge/result/organamnist(1).md
organamnist,small,swin_tiny,dare_ties,c7_b0.1,7,0.1,0.1045,program/MedMNISTMerge/result/organamnist(1).md
organamnist,small,swin_tiny,regmean,c3_b0,3,0.0,0.0582,program/MedMNISTMerge/result/organamnist(1).md
organamnist,small,swin_tiny,regmean,c3_b0.01,3,0.01,0.0771,program/MedMNISTMerge/result/organamnist(1).md
organamnist,small,swin_tiny,regmean,c3_b0.1,3,0.1,0.0441,program/MedMNISTMerge/result/organamnist(1).md
organamnist,small,swin_tiny,regmean,c5_b0,5,0.0,0.0915,program/MedMNISTMerge/result/organamnist(1).md
organamnist,small,swin_tiny,regmean,c5_b0.01,5,0.01,0.102,program/MedMNISTMerge/result/organamnist(1).md
organamnist,small,swin_tiny,regmean,c5_b0.1,5,0.1,0.241,program/MedMNISTMerge/result/organamnist(1).md
organamnist,small,swin_tiny,regmean,c7_b0,7,0.0,0.106,program/MedMNISTMerge/result/organamnist(1).md
organamnist,small,swin_tiny,regmean,c7_b0.01,7,0.01,0.1309,program/MedMNISTMerge/result/organamnist(1).md
organamnist,small,swin_tiny,regmean,c7_b0.1,7,0.1,0.106,program/MedMNISTMerge/result/organamnist(1).md
organamnist,small,swin_tiny,fisher,c3_b0,3,0.0,0.1178,program/MedMNISTMerge/result/organamnist(1).md
organamnist,small,swin_tiny,fisher,c3_b0.01,3,0.01,0.0875,program/MedMNISTMerge/result/organamnist(1).md
organamnist,small,swin_tiny,fisher,c3_b0.1,3,0.1,0.0782,program/MedMNISTMerge/result/organamnist(1).md
organamnist,small,swin_tiny,fisher,c5_b0,5,0.0,0.1788,program/MedMNISTMerge/result/organamnist(1).md
organamnist,small,swin_tiny,fisher,c5_b0.01,5,0.01,0.0583,program/MedMNISTMerge/result/organamnist(1).md
organamnist,small,swin_tiny,fisher,c5_b0.1,5,0.1,0.0584,program/MedMNISTMerge/result/organamnist(1).md
organamnist,small,swin_tiny,fisher,c7_b0,7,0.0,0.0446,program/MedMNISTMerge/result/organamnist(1).md
organamnist,small,swin_tiny,fisher,c7_b0.01,7,0.01,0.1105,program/MedMNISTMerge/result/organamnist(1).md
organamnist,small,swin_tiny,fisher,c7_b0.1,7,0.1,0.0591,program/MedMNISTMerge/result/organamnist(1).md
organamnist,small,swin_tiny,breadcrumbs,c3_b0,3,0.0,0.0691,program/MedMNISTMerge/result/organamnist(1).md
organamnist,small,swin_tiny,breadcrumbs,c3_b0.01,3,0.01,0.0983,program/MedMNISTMerge/result/organamnist(1).md
organamnist,small,swin_tiny,breadcrumbs,c3_b0.1,3,0.1,0.115,program/MedMNISTMerge/result/organamnist(1).md
organamnist,small,swin_tiny,breadcrumbs,c5_b0,5,0.0,0.2214,program/MedMNISTMerge/result/organamnist(1).md
organamnist,small,swin_tiny,breadcrumbs,c5_b0.01,5,0.01,0.0927,program/MedMNISTMerge/result/organamnist(1).md
organamnist,small,swin_tiny,breadcrumbs,c5_b0.1,5,0.1,0.1848,program/MedMNISTMerge/result/organamnist(1).md
organamnist,small,swin_tiny,breadcrumbs,c7_b0,7,0.0,0.1848,program/MedMNISTMerge/result/organamnist(1).md
organamnist,small,swin_tiny,breadcrumbs,c7_b0.01,7,0.01,0.1105,program/MedMNISTMerge/result/organamnist(1).md
organamnist,small,swin_tiny,breadcrumbs,c7_b0.1,7,0.1,0.0442,program/MedMNISTMerge/result/organamnist(1).md
organamnist,small,swin_tiny,model_stock,c3_b0,3,0.0,0.1063,program/MedMNISTMerge/result/organamnist(1).md
organamnist,small,swin_tiny,model_stock,c3_b0.01,3,0.01,0.0449,program/MedMNISTMerge/result/organamnist(1).md
organamnist,small,swin_tiny,model_stock,c3_b0.1,3,0.1,0.106,program/MedMNISTMerge/result/organamnist(1).md
organamnist,small,swin_tiny,model_stock,c5_b0,5,0.0,0.0912,program/MedMNISTMerge/result/organamnist(1).md
organamnist,small,swin_tiny,model_stock,c5_b0.01,5,0.01,0.0446,program/MedMNISTMerge/result/organamnist(1).md
organamnist,small,swin_tiny,model_stock,c5_b0.1,5,0.1,0.1614,program/MedMNISTMerge/result/organamnist(1).md
organamnist,small,swin_tiny,model_stock,c7_b0,7,0.0,0.1848,program/MedMNISTMerge/result/organamnist(1).md
organamnist,small,swin_tiny,model_stock,c7_b0.01,7,0.01,0.1105,program/MedMNISTMerge/result/organamnist(1).md
organamnist,small,swin_tiny,model_stock,c7_b0.1,7,0.1,0.106,program/MedMNISTMerge/result/organamnist(1).md
organamnist,small,swin_tiny,from,c3_b0,3,0.0,0.1133,program/MedMNISTMerge/result/organamnist(1).md
organamnist,small,swin_tiny,from,c3_b0.01,3,0.01,0.0539,program/MedMNISTMerge/result/organamnist(1).md
organamnist,small,swin_tiny,from,c3_b0.1,3,0.1,0.1024,program/MedMNISTMerge/result/organamnist(1).md
organamnist,small,swin_tiny,from,c5_b0,5,0.0,0.0912,program/MedMNISTMerge/result/organamnist(1).md
organamnist,small,swin_tiny,from,c5_b0.01,5,0.01,0.0403,program/MedMNISTMerge/result/organamnist(1).md
organamnist,small,swin_tiny,from,c5_b0.1,5,0.1,0.1434,program/MedMNISTMerge/result/organamnist(1).md
organamnist,small,swin_tiny,from,c7_b0,7,0.0,0.0912,program/MedMNISTMerge/result/organamnist(1).md
organamnist,small,swin_tiny,from,c7_b0.01,7,0.01,0.1238,program/MedMNISTMerge/result/organamnist(1).md
organamnist,small,swin_tiny,from,c7_b0.1,7,0.1,0.106,program/MedMNISTMerge/result/organamnist(1).md
organamnist,small,swin_tiny,iso_c,c3_b0,3,0.0,0.1347,program/MedMNISTMerge/result/organamnist(1).md
organamnist,small,swin_tiny,iso_c,c3_b0.01,3,0.01,0.2061,program/MedMNISTMerge/result/organamnist(1).md
organamnist,small,swin_tiny,iso_c,c3_b0.1,3,0.1,0.106,program/MedMNISTMerge/result/organamnist(1).md
organamnist,small,swin_tiny,iso_c,c5_b0,5,0.0,0.3845,program/MedMNISTMerge/result/organamnist(1).md
organamnist,small,swin_tiny,iso_c,c5_b0.01,5,0.01,0.2002,program/MedMNISTMerge/result/organamnist(1).md
organamnist,small,swin_tiny,iso_c,c5_b0.1,5,0.1,0.1878,program/MedMNISTMerge/result/organamnist(1).md
organamnist,small,swin_tiny,iso_c,c7_b0,7,0.0,0.2864,program/MedMNISTMerge/result/organamnist(1).md
organamnist,small,swin_tiny,iso_c,c7_b0.01,7,0.01,0.2765,program/MedMNISTMerge/result/organamnist(1).md
organamnist,small,swin_tiny,iso_c,c7_b0.1,7,0.1,0.2544,program/MedMNISTMerge/result/organamnist(1).md
organamnist,small,swin_tiny,free_merge,c3_b0,3,0.0,0.0583,program/MedMNISTMerge/result/organamnist(1).md
organamnist,small,swin_tiny,free_merge,c3_b0.01,3,0.01,0.117,program/MedMNISTMerge/result/organamnist(1).md
organamnist,small,swin_tiny,free_merge,c3_b0.1,3,0.1,0.106,program/MedMNISTMerge/result/organamnist(1).md
organamnist,small,swin_tiny,free_merge,c5_b0,5,0.0,0.0912,program/MedMNISTMerge/result/organamnist(1).md
organamnist,small,swin_tiny,free_merge,c5_b0.01,5,0.01,0.0442,program/MedMNISTMerge/result/organamnist(1).md
organamnist,small,swin_tiny,free_merge,c5_b0.1,5,0.1,0.1341,program/MedMNISTMerge/result/organamnist(1).md
organamnist,small,swin_tiny,free_merge,c7_b0,7,0.0,0.0912,program/MedMNISTMerge/result/organamnist(1).md
organamnist,small,swin_tiny,free_merge,c7_b0.01,7,0.01,0.1061,program/MedMNISTMerge/result/organamnist(1).md
organamnist,small,swin_tiny,free_merge,c7_b0.1,7,0.1,0.106,program/MedMNISTMerge/result/organamnist(1).md
organamnist,small,swin_tiny,robustmerge,c3_b0,3,0.0,0.1948,program/MedMNISTMerge/result/organamnist(1).md
organamnist,small,swin_tiny,robustmerge,c3_b0.01,3,0.01,0.1691,program/MedMNISTMerge/result/organamnist(1).md
organamnist,small,swin_tiny,robustmerge,c3_b0.1,3,0.1,0.1105,program/MedMNISTMerge/result/organamnist(1).md
organamnist,small,swin_tiny,robustmerge,c5_b0,5,0.0,0.1848,program/MedMNISTMerge/result/organamnist(1).md
organamnist,small,swin_tiny,robustmerge,c5_b0.01,5,0.01,0.0446,program/MedMNISTMerge/result/organamnist(1).md
organamnist,small,swin_tiny,robustmerge,c5_b0.1,5,0.1,0.197,program/MedMNISTMerge/result/organamnist(1).md
organamnist,small,swin_tiny,robustmerge,c7_b0,7,0.0,0.1848,program/MedMNISTMerge/result/organamnist(1).md
organamnist,small,swin_tiny,robustmerge,c7_b0.01,7,0.01,0.1161,program/MedMNISTMerge/result/organamnist(1).md
organamnist,small,swin_tiny,robustmerge,c7_b0.1,7,0.1,0.106,program/MedMNISTMerge/result/organamnist(1).md
organamnist,small,densenet,avg,c3_b0,3,0.0,0.1105,program/MedMNISTMerge/result/organamnist(1).md
organamnist,small,densenet,avg,c3_b0.01,3,0.01,0.0441,program/MedMNISTMerge/result/organamnist(1).md
organamnist,small,densenet,avg,c3_b0.1,3,0.1,0.0441,program/MedMNISTMerge/result/organamnist(1).md
organamnist,small,densenet,avg,c5_b0,5,0.0,0.1169,program/MedMNISTMerge/result/organamnist(1).md
organamnist,small,densenet,avg,c5_b0.01,5,0.01,0.106,program/MedMNISTMerge/result/organamnist(1).md
organamnist,small,densenet,avg,c5_b0.1,5,0.1,0.0921,program/MedMNISTMerge/result/organamnist(1).md
organamnist,small,densenet,avg,c7_b0,7,0.0,0.2105,program/MedMNISTMerge/result/organamnist(1).md
organamnist,small,densenet,avg,c7_b0.01,7,0.01,0.2154,program/MedMNISTMerge/result/organamnist(1).md
organamnist,small,densenet,avg,c7_b0.1,7,0.1,0.0446,program/MedMNISTMerge/result/organamnist(1).md
organamnist,small,densenet,ties,c3_b0,3,0.0,0.1783,program/MedMNISTMerge/result/organamnist(1).md
organamnist,small,densenet,ties,c3_b0.01,3,0.01,0.3769,program/MedMNISTMerge/result/organamnist(1).md
organamnist,small,densenet,ties,c3_b0.1,3,0.1,0.112,program/MedMNISTMerge/result/organamnist(1).md
organamnist,small,densenet,ties,c5_b0,5,0.0,0.1079,program/MedMNISTMerge/result/organamnist(1).md
organamnist,small,densenet,ties,c5_b0.01,5,0.01,0.1837,program/MedMNISTMerge/result/organamnist(1).md
organamnist,small,densenet,ties,c5_b0.1,5,0.1,0.3759,program/MedMNISTMerge/result/organamnist(1).md
organamnist,small,densenet,ties,c7_b0,7,0.0,0.1191,program/MedMNISTMerge/result/organamnist(1).md
organamnist,small,densenet,ties,c7_b0.01,7,0.01,0.2826,program/MedMNISTMerge/result/organamnist(1).md
organamnist,small,densenet,ties,c7_b0.1,7,0.1,0.2592,program/MedMNISTMerge/result/organamnist(1).md
organamnist,small,densenet,dare_linear,c3_b0,3,0.0,0.1105,program/MedMNISTMerge/result/organamnist(1).md
organamnist,small,densenet,dare_linear,c3_b0.01,3,0.01,0.0457,program/MedMNISTMerge/result/organamnist(1).md
organamnist,small,densenet,dare_linear,c3_b0.1,3,0.1,0.0441,program/MedMNISTMerge/result/organamnist(1).md
organamnist,small,densenet,dare_linear,c5_b0,5,0.0,0.0912,program/MedMNISTMerge/result/organamnist(1).md
organamnist,small,densenet,dare_linear,c5_b0.01,5,0.01,0.106,program/MedMNISTMerge/result/organamnist(1).md
organamnist,small,densenet,dare_linear,c5_b0.1,5,0.1,0.0964,program/MedMNISTMerge/result/organamnist(1).md
organamnist,small,densenet,dare_linear,c7_b0,7,0.0,0.1527,program/MedMNISTMerge/result/organamnist(1).md
organamnist,small,densenet,dare_linear,c7_b0.01,7,0.01,0.0925,program/MedMNISTMerge/result/organamnist(1).md
organamnist,small,densenet,dare_linear,c7_b0.1,7,0.1,0.106,program/MedMNISTMerge/result/organamnist(1).md
organamnist,small,densenet,dare_ties,c3_b0,3,0.0,0.1553,program/MedMNISTMerge/result/organamnist(1).md
organamnist,small,densenet,dare_ties,c3_b0.01,3,0.01,0.3179,program/MedMNISTMerge/result/organamnist(1).md
organamnist,small,densenet,dare_ties,c3_b0.1,3,0.1,0.1108,program/MedMNISTMerge/result/organamnist(1).md
organamnist,small,densenet,dare_ties,c5_b0,5,0.0,0.0944,program/MedMNISTMerge/result/organamnist(1).md
organamnist,small,densenet,dare_ties,c5_b0.01,5,0.01,0.1636,program/MedMNISTMerge/result/organamnist(1).md
organamnist,small,densenet,dare_ties,c5_b0.1,5,0.1,0.3125,program/MedMNISTMerge/result/organamnist(1).md
organamnist,small,densenet,dare_ties,c7_b0,7,0.0,0.098,program/MedMNISTMerge/result/organamnist(1).md
organamnist,small,densenet,dare_ties,c7_b0.01,7,0.01,0.1966,program/MedMNISTMerge/result/organamnist(1).md
organamnist,small,densenet,dare_ties,c7_b0.1,7,0.1,0.1617,program/MedMNISTMerge/result/organamnist(1).md
organamnist,small,densenet,regmean,c3_b0,3,0.0,0.1105,program/MedMNISTMerge/result/organamnist(1).md
organamnist,small,densenet,regmean,c3_b0.01,3,0.01,0.0441,program/MedMNISTMerge/result/organamnist(1).md
organamnist,small,densenet,regmean,c3_b0.1,3,0.1,0.0446,program/MedMNISTMerge/result/organamnist(1).md
organamnist,small,densenet,regmean,c5_b0,5,0.0,0.0983,program/MedMNISTMerge/result/organamnist(1).md
organamnist,small,densenet,regmean,c5_b0.01,5,0.01,0.106,program/MedMNISTMerge/result/organamnist(1).md
organamnist,small,densenet,regmean,c5_b0.1,5,0.1,0.0441,program/MedMNISTMerge/result/organamnist(1).md
organamnist,small,densenet,regmean,c7_b0,7,0.0,0.0651,program/MedMNISTMerge/result/organamnist(1).md
organamnist,small,densenet,regmean,c7_b0.01,7,0.01,0.1297,program/MedMNISTMerge/result/organamnist(1).md
organamnist,small,densenet,regmean,c7_b0.1,7,0.1,0.0447,program/MedMNISTMerge/result/organamnist(1).md
organamnist,small,densenet,fisher,c3_b0,3,0.0,0.1171,program/MedMNISTMerge/result/organamnist(1).md
organamnist,small,densenet,fisher,c3_b0.01,3,0.01,0.1306,program/MedMNISTMerge/result/organamnist(1).md
organamnist,small,densenet,fisher,c3_b0.1,3,0.1,0.0936,program/MedMNISTMerge/result/organamnist(1).md
organamnist,small,densenet,fisher,c5_b0,5,0.0,0.1135,program/MedMNISTMerge/result/organamnist(1).md
organamnist,small,densenet,fisher,c5_b0.01,5,0.01,0.1348,program/MedMNISTMerge/result/organamnist(1).md
organamnist,small,densenet,fisher,c5_b0.1,5,0.1,0.1547,program/MedMNISTMerge/result/organamnist(1).md
organamnist,small,densenet,fisher,c7_b0,7,0.0,0.2846,program/MedMNISTMerge/result/organamnist(1).md
organamnist,small,densenet,fisher,c7_b0.01,7,0.01,0.0971,program/MedMNISTMerge/result/organamnist(1).md
organamnist,small,densenet,fisher,c7_b0.1,7,0.1,0.1105,program/MedMNISTMerge/result/organamnist(1).md
organamnist,small,densenet,breadcrumbs,c3_b0,3,0.0,0.2886,program/MedMNISTMerge/result/organamnist(1).md
organamnist,small,densenet,breadcrumbs,c3_b0.01,3,0.01,0.1848,program/MedMNISTMerge/result/organamnist(1).md
organamnist,small,densenet,breadcrumbs,c3_b0.1,3,0.1,0.1105,program/MedMNISTMerge/result/organamnist(1).md
organamnist,small,densenet,breadcrumbs,c5_b0,5,0.0,0.0997,program/MedMNISTMerge/result/organamnist(1).md
organamnist,small,densenet,breadcrumbs,c5_b0.01,5,0.01,0.1161,program/MedMNISTMerge/result/organamnist(1).md
organamnist,small,densenet,breadcrumbs,c5_b0.1,5,0.1,0.0912,program/MedMNISTMerge/result/organamnist(1).md
organamnist,small,densenet,breadcrumbs,c7_b0,7,0.0,0.1096,program/MedMNISTMerge/result/organamnist(1).md
organamnist,small,densenet,breadcrumbs,c7_b0.01,7,0.01,0.1094,program/MedMNISTMerge/result/organamnist(1).md
organamnist,small,densenet,breadcrumbs,c7_b0.1,7,0.1,0.0446,program/MedMNISTMerge/result/organamnist(1).md
organamnist,small,densenet,model_stock,c3_b0,3,0.0,0.1105,program/MedMNISTMerge/result/organamnist(1).md
organamnist,small,densenet,model_stock,c3_b0.01,3,0.01,0.0441,program/MedMNISTMerge/result/organamnist(1).md
organamnist,small,densenet,model_stock,c3_b0.1,3,0.1,0.0441,program/MedMNISTMerge/result/organamnist(1).md
organamnist,small,densenet,model_stock,c5_b0,5,0.0,0.1164,program/MedMNISTMerge/result/organamnist(1).md
organamnist,small,densenet,model_stock,c5_b0.01,5,0.01,0.1327,program/MedMNISTMerge/result/organamnist(1).md
organamnist,small,densenet,model_stock,c5_b0.1,5,0.1,0.0446,program/MedMNISTMerge/result/organamnist(1).md
organamnist,small,densenet,model_stock,c7_b0,7,0.0,0.1937,program/MedMNISTMerge/result/organamnist(1).md
organamnist,small,densenet,model_stock,c7_b0.01,7,0.01,0.2316,program/MedMNISTMerge/result/organamnist(1).md
organamnist,small,densenet,model_stock,c7_b0.1,7,0.1,0.0446,program/MedMNISTMerge/result/organamnist(1).md
organamnist,small,densenet,from,c3_b0,3,0.0,0.1105,program/MedMNISTMerge/result/organamnist(1).md
organamnist,small,densenet,from,c3_b0.01,3,0.01,0.0572,program/MedMNISTMerge/result/organamnist(1).md
organamnist,small,densenet,from,c3_b0.1,3,0.1,0.0441,program/MedMNISTMerge/result/organamnist(1).md
organamnist,small,densenet,from,c5_b0,5,0.0,0.1342,program/MedMNISTMerge/result/organamnist(1).md
organamnist,small,densenet,from,c5_b0.01,5,0.01,0.106,program/MedMNISTMerge/result/organamnist(1).md
organamnist,small,densenet,from,c5_b0.1,5,0.1,0.0583,program/MedMNISTMerge/result/organamnist(1).md
organamnist,small,densenet,from,c7_b0,7,0.0,0.2195,program/MedMNISTMerge/result/organamnist(1).md
organamnist,small,densenet,from,c7_b0.01,7,0.01,0.1175,program/MedMNISTMerge/result/organamnist(1).md
organamnist,small,densenet,from,c7_b0.1,7,0.1,0.0446,program/MedMNISTMerge/result/organamnist(1).md
organamnist,small,densenet,iso_c,c3_b0,3,0.0,0.1105,program/MedMNISTMerge/result/organamnist(1).md
organamnist,small,densenet,iso_c,c3_b0.01,3,0.01,0.0441,program/MedMNISTMerge/result/organamnist(1).md
organamnist,small,densenet,iso_c,c3_b0.1,3,0.1,0.0441,program/MedMNISTMerge/result/organamnist(1).md
organamnist,small,densenet,iso_c,c5_b0,5,0.0,0.1168,program/MedMNISTMerge/result/organamnist(1).md
organamnist,small,densenet,iso_c,c5_b0.01,5,0.01,0.106,program/MedMNISTMerge/result/organamnist(1).md
organamnist,small,densenet,iso_c,c5_b0.1,5,0.1,0.0677,program/MedMNISTMerge/result/organamnist(1).md
organamnist,small,densenet,iso_c,c7_b0,7,0.0,0.2156,program/MedMNISTMerge/result/organamnist(1).md
organamnist,small,densenet,iso_c,c7_b0.01,7,0.01,0.1973,program/MedMNISTMerge/result/organamnist(1).md
organamnist,small,densenet,iso_c,c7_b0.1,7,0.1,0.0446,program/MedMNISTMerge/result/organamnist(1).md
organamnist,small,densenet,free_merge,c3_b0,3,0.0,0.1105,program/MedMNISTMerge/result/organamnist(1).md
organamnist,small,densenet,free_merge,c3_b0.01,3,0.01,0.0441,program/MedMNISTMerge/result/organamnist(1).md
organamnist,small,densenet,free_merge,c3_b0.1,3,0.1,0.0441,program/MedMNISTMerge/result/organamnist(1).md
organamnist,small,densenet,free_merge,c5_b0,5,0.0,0.1169,program/MedMNISTMerge/result/organamnist(1).md
organamnist,small,densenet,free_merge,c5_b0.01,5,0.01,0.106,program/MedMNISTMerge/result/organamnist(1).md
organamnist,small,densenet,free_merge,c5_b0.1,5,0.1,0.0921,program/MedMNISTMerge/result/organamnist(1).md
organamnist,small,densenet,free_merge,c7_b0,7,0.0,0.2106,program/MedMNISTMerge/result/organamnist(1).md
organamnist,small,densenet,free_merge,c7_b0.01,7,0.01,0.2154,program/MedMNISTMerge/result/organamnist(1).md
organamnist,small,densenet,free_merge,c7_b0.1,7,0.1,0.0446,program/MedMNISTMerge/result/organamnist(1).md
organamnist,small,densenet,robustmerge,c3_b0,3,0.0,0.0593,program/MedMNISTMerge/result/organamnist(1).md
organamnist,small,densenet,robustmerge,c3_b0.01,3,0.01,0.0441,program/MedMNISTMerge/result/organamnist(1).md
organamnist,small,densenet,robustmerge,c3_b0.1,3,0.1,0.0429,program/MedMNISTMerge/result/organamnist(1).md
organamnist,small,densenet,robustmerge,c5_b0,5,0.0,0.09,program/MedMNISTMerge/result/organamnist(1).md
organamnist,small,densenet,robustmerge,c5_b0.01,5,0.01,0.0435,program/MedMNISTMerge/result/organamnist(1).md
organamnist,small,densenet,robustmerge,c5_b0.1,5,0.1,0.0435,program/MedMNISTMerge/result/organamnist(1).md
organamnist,small,densenet,robustmerge,c7_b0,7,0.0,0.2827,program/MedMNISTMerge/result/organamnist(1).md
organamnist,small,densenet,robustmerge,c7_b0.01,7,0.01,0.2377,program/MedMNISTMerge/result/organamnist(1).md
organamnist,small,densenet,robustmerge,c7_b0.1,7,0.1,0.0446,program/MedMNISTMerge/result/organamnist(1).md
organamnist,small,efficientnet,avg,c3_b0,3,0.0,0.1161,program/MedMNISTMerge/result/organamnist(1).md
organamnist,small,efficientnet,avg,c3_b0.01,3,0.01,0.0912,program/MedMNISTMerge/result/organamnist(1).md
organamnist,small,efficientnet,avg,c3_b0.1,3,0.1,0.1348,program/MedMNISTMerge/result/organamnist(1).md
organamnist,small,efficientnet,avg,c5_b0,5,0.0,0.0485,program/MedMNISTMerge/result/organamnist(1).md
organamnist,small,efficientnet,avg,c5_b0.01,5,0.01,0.1116,program/MedMNISTMerge/result/organamnist(1).md
organamnist,small,efficientnet,avg,c5_b0.1,5,0.1,0.1161,program/MedMNISTMerge/result/organamnist(1).md
organamnist,small,efficientnet,avg,c7_b0,7,0.0,0.1555,program/MedMNISTMerge/result/organamnist(1).md
organamnist,small,efficientnet,avg,c7_b0.01,7,0.01,0.0983,program/MedMNISTMerge/result/organamnist(1).md
organamnist,small,efficientnet,avg,c7_b0.1,7,0.1,0.1161,program/MedMNISTMerge/result/organamnist(1).md
organamnist,small,efficientnet,ties,c3_b0,3,0.0,0.3015,program/MedMNISTMerge/result/organamnist(1).md
organamnist,small,efficientnet,ties,c3_b0.01,3,0.01,0.4621,program/MedMNISTMerge/result/organamnist(1).md
organamnist,small,efficientnet,ties,c3_b0.1,3,0.1,0.2341,program/MedMNISTMerge/result/organamnist(1).md
organamnist,small,efficientnet,ties,c5_b0,5,0.0,0.0839,program/MedMNISTMerge/result/organamnist(1).md
organamnist,small,efficientnet,ties,c5_b0.01,5,0.01,0.1099,program/MedMNISTMerge/result/organamnist(1).md
organamnist,small,efficientnet,ties,c5_b0.1,5,0.1,0.2471,program/MedMNISTMerge/result/organamnist(1).md
organamnist,small,efficientnet,ties,c7_b0,7,0.0,0.1875,program/MedMNISTMerge/result/organamnist(1).md
organamnist,small,efficientnet,ties,c7_b0.01,7,0.01,0.1914,program/MedMNISTMerge/result/organamnist(1).md
organamnist,small,efficientnet,ties,c7_b0.1,7,0.1,0.3868,program/MedMNISTMerge/result/organamnist(1).md
organamnist,small,efficientnet,dare_linear,c3_b0,3,0.0,0.116,program/MedMNISTMerge/result/organamnist(1).md
organamnist,small,efficientnet,dare_linear,c3_b0.01,3,0.01,0.0912,program/MedMNISTMerge/result/organamnist(1).md
organamnist,small,efficientnet,dare_linear,c3_b0.1,3,0.1,0.0583,program/MedMNISTMerge/result/organamnist(1).md
organamnist,small,efficientnet,dare_linear,c5_b0,5,0.0,0.102,program/MedMNISTMerge/result/organamnist(1).md
organamnist,small,efficientnet,dare_linear,c5_b0.01,5,0.01,0.1417,program/MedMNISTMerge/result/organamnist(1).md
organamnist,small,efficientnet,dare_linear,c5_b0.1,5,0.1,0.1161,program/MedMNISTMerge/result/organamnist(1).md
organamnist,small,efficientnet,dare_linear,c7_b0,7,0.0,0.0954,program/MedMNISTMerge/result/organamnist(1).md
organamnist,small,efficientnet,dare_linear,c7_b0.01,7,0.01,0.1145,program/MedMNISTMerge/result/organamnist(1).md
organamnist,small,efficientnet,dare_linear,c7_b0.1,7,0.1,0.1161,program/MedMNISTMerge/result/organamnist(1).md
organamnist,small,efficientnet,dare_ties,c3_b0,3,0.0,0.2083,program/MedMNISTMerge/result/organamnist(1).md
organamnist,small,efficientnet,dare_ties,c3_b0.01,3,0.01,0.063,program/MedMNISTMerge/result/organamnist(1).md
organamnist,small,efficientnet,dare_ties,c3_b0.1,3,0.1,0.1432,program/MedMNISTMerge/result/organamnist(1).md
organamnist,small,efficientnet,dare_ties,c5_b0,5,0.0,0.1471,program/MedMNISTMerge/result/organamnist(1).md
organamnist,small,efficientnet,dare_ties,c5_b0.01,5,0.01,0.1817,program/MedMNISTMerge/result/organamnist(1).md
organamnist,small,efficientnet,dare_ties,c5_b0.1,5,0.1,0.1022,program/MedMNISTMerge/result/organamnist(1).md
organamnist,small,efficientnet,dare_ties,c7_b0,7,0.0,0.0574,program/MedMNISTMerge/result/organamnist(1).md
organamnist,small,efficientnet,dare_ties,c7_b0.01,7,0.01,0.0426,program/MedMNISTMerge/result/organamnist(1).md
organamnist,small,efficientnet,dare_ties,c7_b0.1,7,0.1,0.0971,program/MedMNISTMerge/result/organamnist(1).md
organamnist,small,efficientnet,regmean,c3_b0,3,0.0,0.1161,program/MedMNISTMerge/result/organamnist(1).md
organamnist,small,efficientnet,regmean,c3_b0.01,3,0.01,0.0912,program/MedMNISTMerge/result/organamnist(1).md
organamnist,small,efficientnet,regmean,c3_b0.1,3,0.1,0.1348,program/MedMNISTMerge/result/organamnist(1).md
organamnist,small,efficientnet,regmean,c5_b0,5,0.0,0.0485,program/MedMNISTMerge/result/organamnist(1).md
organamnist,small,efficientnet,regmean,c5_b0.01,5,0.01,0.1116,program/MedMNISTMerge/result/organamnist(1).md
organamnist,small,efficientnet,regmean,c5_b0.1,5,0.1,0.1161,program/MedMNISTMerge/result/organamnist(1).md
organamnist,small,efficientnet,regmean,c7_b0,7,0.0,0.1555,program/MedMNISTMerge/result/organamnist(1).md
organamnist,small,efficientnet,regmean,c7_b0.01,7,0.01,0.0983,program/MedMNISTMerge/result/organamnist(1).md
organamnist,small,efficientnet,regmean,c7_b0.1,7,0.1,0.1161,program/MedMNISTMerge/result/organamnist(1).md
organamnist,small,efficientnet,fisher,c3_b0,3,0.0,0.1163,program/MedMNISTMerge/result/organamnist(1).md
organamnist,small,efficientnet,fisher,c3_b0.01,3,0.01,0.1161,program/MedMNISTMerge/result/organamnist(1).md
organamnist,small,efficientnet,fisher,c3_b0.1,3,0.1,0.0447,program/MedMNISTMerge/result/organamnist(1).md
organamnist,small,efficientnet,fisher,c5_b0,5,0.0,0.0665,program/MedMNISTMerge/result/organamnist(1).md
organamnist,small,efficientnet,fisher,c5_b0.01,5,0.01,0.1309,program/MedMNISTMerge/result/organamnist(1).md
organamnist,small,efficientnet,fisher,c5_b0.1,5,0.1,0.0547,program/MedMNISTMerge/result/organamnist(1).md
organamnist,small,efficientnet,fisher,c7_b0,7,0.0,0.1567,program/MedMNISTMerge/result/organamnist(1).md
organamnist,small,efficientnet,fisher,c7_b0.01,7,0.01,0.0983,program/MedMNISTMerge/result/organamnist(1).md
organamnist,small,efficientnet,fisher,c7_b0.1,7,0.1,0.0441,program/MedMNISTMerge/result/organamnist(1).md
organamnist,small,efficientnet,breadcrumbs,c3_b0,3,0.0,0.0912,program/MedMNISTMerge/result/organamnist(1).md
organamnist,small,efficientnet,breadcrumbs,c3_b0.01,3,0.01,0.0912,program/MedMNISTMerge/result/organamnist(1).md
organamnist,small,efficientnet,breadcrumbs,c3_b0.1,3,0.1,0.1161,program/MedMNISTMerge/result/organamnist(1).md
organamnist,small,efficientnet,breadcrumbs,c5_b0,5,0.0,0.0912,program/MedMNISTMerge/result/organamnist(1).md
organamnist,small,efficientnet,breadcrumbs,c5_b0.01,5,0.01,0.0912,program/MedMNISTMerge/result/organamnist(1).md
organamnist,small,efficientnet,breadcrumbs,c5_b0.1,5,0.1,0.0912,program/MedMNISTMerge/result/organamnist(1).md
organamnist,small,efficientnet,breadcrumbs,c7_b0,7,0.0,0.0912,program/MedMNISTMerge/result/organamnist(1).md
organamnist,small,efficientnet,breadcrumbs,c7_b0.01,7,0.01,0.0912,program/MedMNISTMerge/result/organamnist(1).md
organamnist,small,efficientnet,breadcrumbs,c7_b0.1,7,0.1,0.0912,program/MedMNISTMerge/result/organamnist(1).md
organamnist,small,efficientnet,model_stock,c3_b0,3,0.0,0.1161,program/MedMNISTMerge/result/organamnist(1).md
organamnist,small,efficientnet,model_stock,c3_b0.01,3,0.01,0.0912,program/MedMNISTMerge/result/organamnist(1).md
organamnist,small,efficientnet,model_stock,c3_b0.1,3,0.1,0.1161,program/MedMNISTMerge/result/organamnist(1).md
organamnist,small,efficientnet,model_stock,c5_b0,5,0.0,0.1105,program/MedMNISTMerge/result/organamnist(1).md
organamnist,small,efficientnet,model_stock,c5_b0.01,5,0.01,0.0992,program/MedMNISTMerge/result/organamnist(1).md
organamnist,small,efficientnet,model_stock,c5_b0.1,5,0.1,0.1161,program/MedMNISTMerge/result/organamnist(1).md
organamnist,small,efficientnet,model_stock,c7_b0,7,0.0,0.0656,program/MedMNISTMerge/result/organamnist(1).md
organamnist,small,efficientnet,model_stock,c7_b0.01,7,0.01,0.0997,program/MedMNISTMerge/result/organamnist(1).md
organamnist,small,efficientnet,model_stock,c7_b0.1,7,0.1,0.1161,program/MedMNISTMerge/result/organamnist(1).md
organamnist,small,efficientnet,from,c3_b0,3,0.0,0.1161,program/MedMNISTMerge/result/organamnist(1).md
organamnist,small,efficientnet,from,c3_b0.01,3,0.01,0.0441,program/MedMNISTMerge/result/organamnist(1).md
organamnist,small,efficientnet,from,c3_b0.1,3,0.1,0.0441,program/MedMNISTMerge/result/organamnist(1).md
organamnist,small,efficientnet,from,c5_b0,5,0.0,0.2555,program/MedMNISTMerge/result/organamnist(1).md
organamnist,small,efficientnet,from,c5_b0.01,5,0.01,0.1074,program/MedMNISTMerge/result/organamnist(1).md
organamnist,small,efficientnet,from,c5_b0.1,5,0.1,0.1161,program/MedMNISTMerge/result/organamnist(1).md
organamnist,small,efficientnet,from,c7_b0,7,0.0,0.1605,program/MedMNISTMerge/result/organamnist(1).md
organamnist,small,efficientnet,from,c7_b0.01,7,0.01,0.0983,program/MedMNISTMerge/result/organamnist(1).md
organamnist,small,efficientnet,from,c7_b0.1,7,0.1,0.1161,program/MedMNISTMerge/result/organamnist(1).md
organamnist,small,efficientnet,iso_c,c3_b0,3,0.0,0.1161,program/MedMNISTMerge/result/organamnist(1).md
organamnist,small,efficientnet,iso_c,c3_b0.01,3,0.01,0.0912,program/MedMNISTMerge/result/organamnist(1).md
organamnist,small,efficientnet,iso_c,c3_b0.1,3,0.1,0.106,program/MedMNISTMerge/result/organamnist(1).md
organamnist,small,efficientnet,iso_c,c5_b0,5,0.0,0.0623,program/MedMNISTMerge/result/organamnist(1).md
organamnist,small,efficientnet,iso_c,c5_b0.01,5,0.01,0.1158,program/MedMNISTMerge/result/organamnist(1).md
organamnist,small,efficientnet,iso_c,c5_b0.1,5,0.1,0.1161,program/MedMNISTMerge/result/organamnist(1).md
organamnist,small,efficientnet,iso_c,c7_b0,7,0.0,0.1474,program/MedMNISTMerge/result/organamnist(1).md
organamnist,small,efficientnet,iso_c,c7_b0.01,7,0.01,0.0983,program/MedMNISTMerge/result/organamnist(1).md
organamnist,small,efficientnet,iso_c,c7_b0.1,7,0.1,0.1161,program/MedMNISTMerge/result/organamnist(1).md
organamnist,small,efficientnet,free_merge,c3_b0,3,0.0,0.1161,program/MedMNISTMerge/result/organamnist(1).md
organamnist,small,efficientnet,free_merge,c3_b0.01,3,0.01,0.0912,program/MedMNISTMerge/result/organamnist(1).md
organamnist,small,efficientnet,free_merge,c3_b0.1,3,0.1,0.135,program/MedMNISTMerge/result/organamnist(1).md
organamnist,small,efficientnet,free_merge,c5_b0,5,0.0,0.0487,program/MedMNISTMerge/result/organamnist(1).md
organamnist,small,efficientnet,free_merge,c5_b0.01,5,0.01,0.1115,program/MedMNISTMerge/result/organamnist(1).md
organamnist,small,efficientnet,free_merge,c5_b0.1,5,0.1,0.1161,program/MedMNISTMerge/result/organamnist(1).md
organamnist,small,efficientnet,free_merge,c7_b0,7,0.0,0.1558,program/MedMNISTMerge/result/organamnist(1).md
organamnist,small,efficientnet,free_merge,c7_b0.01,7,0.01,0.0983,program/MedMNISTMerge/result/organamnist(1).md
organamnist,small,efficientnet,free_merge,c7_b0.1,7,0.1,0.1161,program/MedMNISTMerge/result/organamnist(1).md
organamnist,small,efficientnet,robustmerge,c3_b0,3,0.0,0.1161,program/MedMNISTMerge/result/organamnist(1).md
organamnist,small,efficientnet,robustmerge,c3_b0.01,3,0.01,0.1161,program/MedMNISTMerge/result/organamnist(1).md
organamnist,small,efficientnet,robustmerge,c3_b0.1,3,0.1,0.1105,program/MedMNISTMerge/result/organamnist(1).md
organamnist,small,efficientnet,robustmerge,c5_b0,5,0.0,0.1105,program/MedMNISTMerge/result/organamnist(1).md
organamnist,small,efficientnet,robustmerge,c5_b0.01,5,0.01,0.1109,program/MedMNISTMerge/result/organamnist(1).md
organamnist,small,efficientnet,robustmerge,c5_b0.1,5,0.1,0.1161,program/MedMNISTMerge/result/organamnist(1).md
organamnist,small,efficientnet,robustmerge,c7_b0,7,0.0,0.1087,program/MedMNISTMerge/result/organamnist(1).md
organamnist,small,efficientnet,robustmerge,c7_b0.01,7,0.01,0.1087,program/MedMNISTMerge/result/organamnist(1).md
organamnist,small,efficientnet,robustmerge,c7_b0.1,7,0.1,0.1161,program/MedMNISTMerge/result/organamnist(1).md
organamnist,small,mobilenet,avg,c3_b0,3,0.0,0.1161,program/MedMNISTMerge/result/organamnist(1).md
organamnist,small,mobilenet,avg,c3_b0.01,3,0.01,0.1161,program/MedMNISTMerge/result/organamnist(1).md
organamnist,small,mobilenet,avg,c3_b0.1,3,0.1,0.1105,program/MedMNISTMerge/result/organamnist(1).md
organamnist,small,mobilenet,avg,c5_b0,5,0.0,0.1105,program/MedMNISTMerge/result/organamnist(1).md
organamnist,small,mobilenet,avg,c5_b0.01,5,0.01,0.1105,program/MedMNISTMerge/result/organamnist(1).md
organamnist,small,mobilenet,avg,c5_b0.1,5,0.1,0.0912,program/MedMNISTMerge/result/organamnist(1).md
organamnist,small,mobilenet,avg,c7_b0,7,0.0,0.106,program/MedMNISTMerge/result/organamnist(1).md
organamnist,small,mobilenet,avg,c7_b0.01,7,0.01,0.1105,program/MedMNISTMerge/result/organamnist(1).md
organamnist,small,mobilenet,avg,c7_b0.1,7,0.1,0.1161,program/MedMNISTMerge/result/organamnist(1).md
organamnist,small,mobilenet,ties,c3_b0,3,0.0,0.0596,program/MedMNISTMerge/result/organamnist(1).md
organamnist,small,mobilenet,ties,c3_b0.01,3,0.01,0.0583,program/MedMNISTMerge/result/organamnist(1).md
organamnist,small,mobilenet,ties,c3_b0.1,3,0.1,0.1147,program/MedMNISTMerge/result/organamnist(1).md
organamnist,small,mobilenet,ties,c5_b0,5,0.0,0.0441,program/MedMNISTMerge/result/organamnist(1).md
organamnist,small,mobilenet,ties,c5_b0.01,5,0.01,0.0583,program/MedMNISTMerge/result/organamnist(1).md
organamnist,small,mobilenet,ties,c5_b0.1,5,0.1,0.0441,program/MedMNISTMerge/result/organamnist(1).md
organamnist,small,mobilenet,ties,c7_b0,7,0.0,0.0583,program/MedMNISTMerge/result/organamnist(1).md
organamnist,small,mobilenet,ties,c7_b0.01,7,0.01,0.0983,program/MedMNISTMerge/result/organamnist(1).md
organamnist,small,mobilenet,ties,c7_b0.1,7,0.1,0.0999,program/MedMNISTMerge/result/organamnist(1).md
organamnist,small,mobilenet,dare_linear,c3_b0,3,0.0,0.106,program/MedMNISTMerge/result/organamnist(1).md
organamnist,small,mobilenet,dare_linear,c3_b0.01,3,0.01,0.1161,program/MedMNISTMerge/result/organamnist(1).md
organamnist,small,mobilenet,dare_linear,c3_b0.1,3,0.1,0.1105,program/MedMNISTMerge/result/organamnist(1).md
organamnist,small,mobilenet,dare_linear,c5_b0,5,0.0,0.106,program/MedMNISTMerge/result/organamnist(1).md
organamnist,small,mobilenet,dare_linear,c5_b0.01,5,0.01,0.106,program/MedMNISTMerge/result/organamnist(1).md
organamnist,small,mobilenet,dare_linear,c5_b0.1,5,0.1,0.106,program/MedMNISTMerge/result/organamnist(1).md
organamnist,small,mobilenet,dare_linear,c7_b0,7,0.0,0.106,program/MedMNISTMerge/result/organamnist(1).md
organamnist,small,mobilenet,dare_linear,c7_b0.01,7,0.01,0.1105,program/MedMNISTMerge/result/organamnist(1).md
organamnist,small,mobilenet,dare_linear,c7_b0.1,7,0.1,0.1161,program/MedMNISTMerge/result/organamnist(1).md
organamnist,small,mobilenet,dare_ties,c3_b0,3,0.0,0.0583,program/MedMNISTMerge/result/organamnist(1).md
organamnist,small,mobilenet,dare_ties,c3_b0.01,3,0.01,0.0583,program/MedMNISTMerge/result/organamnist(1).md
organamnist,small,mobilenet,dare_ties,c3_b0.1,3,0.1,0.0583,program/MedMNISTMerge/result/organamnist(1).md
organamnist,small,mobilenet,dare_ties,c5_b0,5,0.0,0.1028,program/MedMNISTMerge/result/organamnist(1).md
organamnist,small,mobilenet,dare_ties,c5_b0.01,5,0.01,0.0583,program/MedMNISTMerge/result/organamnist(1).md
organamnist,small,mobilenet,dare_ties,c5_b0.1,5,0.1,0.0583,program/MedMNISTMerge/result/organamnist(1).md
organamnist,small,mobilenet,dare_ties,c7_b0,7,0.0,0.0583,program/MedMNISTMerge/result/organamnist(1).md
organamnist,small,mobilenet,dare_ties,c7_b0.01,7,0.01,0.0583,program/MedMNISTMerge/result/organamnist(1).md
organamnist,small,mobilenet,dare_ties,c7_b0.1,7,0.1,0.0583,program/MedMNISTMerge/result/organamnist(1).md
organamnist,small,mobilenet,regmean,c3_b0,3,0.0,0.1161,program/MedMNISTMerge/result/organamnist(1).md
organamnist,small,mobilenet,regmean,c3_b0.01,3,0.01,0.1161,program/MedMNISTMerge/result/organamnist(1).md
organamnist,small,mobilenet,regmean,c3_b0.1,3,0.1,0.0583,program/MedMNISTMerge/result/organamnist(1).md
organamnist,small,mobilenet,regmean,c5_b0,5,0.0,0.1105,program/MedMNISTMerge/result/organamnist(1).md
organamnist,small,mobilenet,regmean,c5_b0.01,5,0.01,0.1105,program/MedMNISTMerge/result/organamnist(1).md
organamnist,small,mobilenet,regmean,c5_b0.1,5,0.1,0.0442,program/MedMNISTMerge/result/organamnist(1).md
organamnist,small,mobilenet,regmean,c7_b0,7,0.0,0.106,program/MedMNISTMerge/result/organamnist(1).md
organamnist,small,mobilenet,regmean,c7_b0.01,7,0.01,0.0442,program/MedMNISTMerge/result/organamnist(1).md
organamnist,small,mobilenet,regmean,c7_b0.1,7,0.1,0.0446,program/MedMNISTMerge/result/organamnist(1).md
organamnist,small,mobilenet,fisher,c3_b0,3,0.0,0.1185,program/MedMNISTMerge/result/organamnist(1).md
organamnist,small,mobilenet,fisher,c3_b0.01,3,0.01,0.0583,program/MedMNISTMerge/result/organamnist(1).md
organamnist,small,mobilenet,fisher,c3_b0.1,3,0.1,0.1159,program/MedMNISTMerge/result/organamnist(1).md
organamnist,small,mobilenet,fisher,c5_b0,5,0.0,0.1105,program/MedMNISTMerge/result/organamnist(1).md
organamnist,small,mobilenet,fisher,c5_b0.01,5,0.01,0.1161,program/MedMNISTMerge/result/organamnist(1).md
organamnist,small,mobilenet,fisher,c5_b0.1,5,0.1,0.0446,program/MedMNISTMerge/result/organamnist(1).md
organamnist,small,mobilenet,fisher,c7_b0,7,0.0,0.0441,program/MedMNISTMerge/result/organamnist(1).md
organamnist,small,mobilenet,fisher,c7_b0.01,7,0.01,0.0522,program/MedMNISTMerge/result/organamnist(1).md
organamnist,small,mobilenet,fisher,c7_b0.1,7,0.1,0.1161,program/MedMNISTMerge/result/organamnist(1).md
organamnist,small,mobilenet,breadcrumbs,c3_b0,3,0.0,0.0442,program/MedMNISTMerge/result/organamnist(1).md
organamnist,small,mobilenet,breadcrumbs,c3_b0.01,3,0.01,0.0442,program/MedMNISTMerge/result/organamnist(1).md
organamnist,small,mobilenet,breadcrumbs,c3_b0.1,3,0.1,0.0442,program/MedMNISTMerge/result/organamnist(1).md
organamnist,small,mobilenet,breadcrumbs,c5_b0,5,0.0,0.0442,program/MedMNISTMerge/result/organamnist(1).md
organamnist,small,mobilenet,breadcrumbs,c5_b0.01,5,0.01,0.0442,program/MedMNISTMerge/result/organamnist(1).md
organamnist,small,mobilenet,breadcrumbs,c5_b0.1,5,0.1,0.0442,program/MedMNISTMerge/result/organamnist(1).md
organamnist,small,mobilenet,breadcrumbs,c7_b0,7,0.0,0.0442,program/MedMNISTMerge/result/organamnist(1).md
organamnist,small,mobilenet,breadcrumbs,c7_b0.01,7,0.01,0.0442,program/MedMNISTMerge/result/organamnist(1).md
organamnist,small,mobilenet,breadcrumbs,c7_b0.1,7,0.1,0.0442,program/MedMNISTMerge/result/organamnist(1).md
organamnist,small,mobilenet,model_stock,c3_b0,3,0.0,0.0442,program/MedMNISTMerge/result/organamnist(1).md
organamnist,small,mobilenet,model_stock,c3_b0.01,3,0.01,0.0583,program/MedMNISTMerge/result/organamnist(1).md
organamnist,small,mobilenet,model_stock,c3_b0.1,3,0.1,0.1105,program/MedMNISTMerge/result/organamnist(1).md
organamnist,small,mobilenet,model_stock,c5_b0,5,0.0,0.0442,program/MedMNISTMerge/result/organamnist(1).md
organamnist,small,mobilenet,model_stock,c5_b0.01,5,0.01,0.0442,program/MedMNISTMerge/result/organamnist(1).md
organamnist,small,mobilenet,model_stock,c5_b0.1,5,0.1,0.1161,program/MedMNISTMerge/result/organamnist(1).md
organamnist,small,mobilenet,model_stock,c7_b0,7,0.0,0.0583,program/MedMNISTMerge/result/organamnist(1).md
organamnist,small,mobilenet,model_stock,c7_b0.01,7,0.01,0.0442,program/MedMNISTMerge/result/organamnist(1).md
organamnist,small,mobilenet,model_stock,c7_b0.1,7,0.1,0.1105,program/MedMNISTMerge/result/organamnist(1).md
organamnist,small,mobilenet,from,c3_b0,3,0.0,0.1161,program/MedMNISTMerge/result/organamnist(1).md
organamnist,small,mobilenet,from,c3_b0.01,3,0.01,0.1547,program/MedMNISTMerge/result/organamnist(1).md
organamnist,small,mobilenet,from,c3_b0.1,3,0.1,0.0846,program/MedMNISTMerge/result/organamnist(1).md
organamnist,small,mobilenet,from,c5_b0,5,0.0,0.1105,program/MedMNISTMerge/result/organamnist(1).md
organamnist,small,mobilenet,from,c5_b0.01,5,0.01,0.1105,program/MedMNISTMerge/result/organamnist(1).md
organamnist,small,mobilenet,from,c5_b0.1,5,0.1,0.0912,program/MedMNISTMerge/result/organamnist(1).md
organamnist,small,mobilenet,from,c7_b0,7,0.0,0.102,program/MedMNISTMerge/result/organamnist(1).md
organamnist,small,mobilenet,from,c7_b0.01,7,0.01,0.1105,program/MedMNISTMerge/result/organamnist(1).md
organamnist,small,mobilenet,from,c7_b0.1,7,0.1,0.1161,program/MedMNISTMerge/result/organamnist(1).md
organamnist,small,mobilenet,iso_c,c3_b0,3,0.0,0.0442,program/MedMNISTMerge/result/organamnist(1).md
organamnist,small,mobilenet,iso_c,c3_b0.01,3,0.01,0.1161,program/MedMNISTMerge/result/organamnist(1).md
organamnist,small,mobilenet,iso_c,c3_b0.1,3,0.1,0.1105,program/MedMNISTMerge/result/organamnist(1).md
organamnist,small,mobilenet,iso_c,c5_b0,5,0.0,0.1105,program/MedMNISTMerge/result/organamnist(1).md
organamnist,small,mobilenet,iso_c,c5_b0.01,5,0.01,0.1105,program/MedMNISTMerge/result/organamnist(1).md
organamnist,small,mobilenet,iso_c,c5_b0.1,5,0.1,0.0912,program/MedMNISTMerge/result/organamnist(1).md
organamnist,small,mobilenet,iso_c,c7_b0,7,0.0,0.106,program/MedMNISTMerge/result/organamnist(1).md
organamnist,small,mobilenet,iso_c,c7_b0.01,7,0.01,0.1105,program/MedMNISTMerge/result/organamnist(1).md
organamnist,small,mobilenet,iso_c,c7_b0.1,7,0.1,0.1105,program/MedMNISTMerge/result/organamnist(1).md
organamnist,small,mobilenet,free_merge,c3_b0,3,0.0,0.1161,program/MedMNISTMerge/result/organamnist(1).md
organamnist,small,mobilenet,free_merge,c3_b0.01,3,0.01,0.1161,program/MedMNISTMerge/result/organamnist(1).md
organamnist,small,mobilenet,free_merge,c3_b0.1,3,0.1,0.1105,program/MedMNISTMerge/result/organamnist(1).md
organamnist,small,mobilenet,free_merge,c5_b0,5,0.0,0.1105,program/MedMNISTMerge/result/organamnist(1).md
organamnist,small,mobilenet,free_merge,c5_b0.01,5,0.01,0.1105,program/MedMNISTMerge/result/organamnist(1).md
organamnist,small,mobilenet,free_merge,c5_b0.1,5,0.1,0.0912,program/MedMNISTMerge/result/organamnist(1).md
organamnist,small,mobilenet,free_merge,c7_b0,7,0.0,0.106,program/MedMNISTMerge/result/organamnist(1).md
organamnist,small,mobilenet,free_merge,c7_b0.01,7,0.01,0.1105,program/MedMNISTMerge/result/organamnist(1).md
organamnist,small,mobilenet,free_merge,c7_b0.1,7,0.1,0.1161,program/MedMNISTMerge/result/organamnist(1).md
organamnist,small,mobilenet,robustmerge,c3_b0,3,0.0,0.0442,program/MedMNISTMerge/result/organamnist(1).md
organamnist,small,mobilenet,robustmerge,c3_b0.01,3,0.01,0.0441,program/MedMNISTMerge/result/organamnist(1).md
organamnist,small,mobilenet,robustmerge,c3_b0.1,3,0.1,0.1105,program/MedMNISTMerge/result/organamnist(1).md
organamnist,small,mobilenet,robustmerge,c5_b0,5,0.0,0.0442,program/MedMNISTMerge/result/organamnist(1).md
organamnist,small,mobilenet,robustmerge,c5_b0.01,5,0.01,0.0442,program/MedMNISTMerge/result/organamnist(1).md
organamnist,small,mobilenet,robustmerge,c5_b0.1,5,0.1,0.0442,program/MedMNISTMerge/result/organamnist(1).md
organamnist,small,mobilenet,robustmerge,c7_b0,7,0.0,0.106,program/MedMNISTMerge/result/organamnist(1).md
organamnist,small,mobilenet,robustmerge,c7_b0.01,7,0.01,0.0442,program/MedMNISTMerge/result/organamnist(1).md
organamnist,small,mobilenet,robustmerge,c7_b0.1,7,0.1,0.1105,program/MedMNISTMerge/result/organamnist(1).md
organamnist,small,resnet34,avg,c3_b0,3,0.0,0.2114,program/MedMNISTMerge/result/organamnist(1).md
organamnist,small,resnet34,avg,c3_b0.01,3,0.01,0.3315,program/MedMNISTMerge/result/organamnist(1).md
organamnist,small,resnet34,avg,c3_b0.1,3,0.1,0.3952,program/MedMNISTMerge/result/organamnist(1).md
organamnist,small,resnet34,avg,c5_b0,5,0.0,0.3005,program/MedMNISTMerge/result/organamnist(1).md
organamnist,small,resnet34,avg,c5_b0.01,5,0.01,0.1212,program/MedMNISTMerge/result/organamnist(1).md
organamnist,small,resnet34,avg,c5_b0.1,5,0.1,0.309,program/MedMNISTMerge/result/organamnist(1).md
organamnist,small,resnet34,avg,c7_b0,7,0.0,0.1641,program/MedMNISTMerge/result/organamnist(1).md
organamnist,small,resnet34,avg,c7_b0.01,7,0.01,0.1848,program/MedMNISTMerge/result/organamnist(1).md
organamnist,small,resnet34,avg,c7_b0.1,7,0.1,0.317,program/MedMNISTMerge/result/organamnist(1).md
organamnist,small,resnet34,ties,c3_b0,3,0.0,0.1706,program/MedMNISTMerge/result/organamnist(1).md
organamnist,small,resnet34,ties,c3_b0.01,3,0.01,0.5166,program/MedMNISTMerge/result/organamnist(1).md
organamnist,small,resnet34,ties,c3_b0.1,3,0.1,0.4371,program/MedMNISTMerge/result/organamnist(1).md
organamnist,small,resnet34,ties,c5_b0,5,0.0,0.1643,program/MedMNISTMerge/result/organamnist(1).md
organamnist,small,resnet34,ties,c5_b0.01,5,0.01,0.1051,program/MedMNISTMerge/result/organamnist(1).md
organamnist,small,resnet34,ties,c5_b0.1,5,0.1,0.4288,program/MedMNISTMerge/result/organamnist(1).md
organamnist,small,resnet34,ties,c7_b0,7,0.0,0.1072,program/MedMNISTMerge/result/organamnist(1).md
organamnist,small,resnet34,ties,c7_b0.01,7,0.01,0.1848,program/MedMNISTMerge/result/organamnist(1).md
organamnist,small,resnet34,ties,c7_b0.1,7,0.1,0.4231,program/MedMNISTMerge/result/organamnist(1).md
organamnist,small,resnet34,dare_linear,c3_b0,3,0.0,0.2941,program/MedMNISTMerge/result/organamnist(1).md
organamnist,small,resnet34,dare_linear,c3_b0.01,3,0.01,0.2542,program/MedMNISTMerge/result/organamnist(1).md
organamnist,small,resnet34,dare_linear,c3_b0.1,3,0.1,0.3574,program/MedMNISTMerge/result/organamnist(1).md
organamnist,small,resnet34,dare_linear,c5_b0,5,0.0,0.3532,program/MedMNISTMerge/result/organamnist(1).md
organamnist,small,resnet34,dare_linear,c5_b0.01,5,0.01,0.1772,program/MedMNISTMerge/result/organamnist(1).md
organamnist,small,resnet34,dare_linear,c5_b0.1,5,0.1,0.2903,program/MedMNISTMerge/result/organamnist(1).md
organamnist,small,resnet34,dare_linear,c7_b0,7,0.0,0.1887,program/MedMNISTMerge/result/organamnist(1).md
organamnist,small,resnet34,dare_linear,c7_b0.01,7,0.01,0.1874,program/MedMNISTMerge/result/organamnist(1).md
organamnist,small,resnet34,dare_linear,c7_b0.1,7,0.1,0.3017,program/MedMNISTMerge/result/organamnist(1).md
organamnist,small,resnet34,dare_ties,c3_b0,3,0.0,0.1271,program/MedMNISTMerge/result/organamnist(1).md
organamnist,small,resnet34,dare_ties,c3_b0.01,3,0.01,0.4862,program/MedMNISTMerge/result/organamnist(1).md
organamnist,small,resnet34,dare_ties,c3_b0.1,3,0.1,0.2955,program/MedMNISTMerge/result/organamnist(1).md
organamnist,small,resnet34,dare_ties,c5_b0,5,0.0,0.3826,program/MedMNISTMerge/result/organamnist(1).md
organamnist,small,resnet34,dare_ties,c5_b0.01,5,0.01,0.1249,program/MedMNISTMerge/result/organamnist(1).md
organamnist,small,resnet34,dare_ties,c5_b0.1,5,0.1,0.3558,program/MedMNISTMerge/result/organamnist(1).md
organamnist,small,resnet34,dare_ties,c7_b0,7,0.0,0.1374,program/MedMNISTMerge/result/organamnist(1).md
organamnist,small,resnet34,dare_ties,c7_b0.01,7,0.01,0.1838,program/MedMNISTMerge/result/organamnist(1).md
organamnist,small,resnet34,dare_ties,c7_b0.1,7,0.1,0.2955,program/MedMNISTMerge/result/organamnist(1).md
organamnist,small,resnet34,regmean,c3_b0,3,0.0,0.2875,program/MedMNISTMerge/result/organamnist(1).md
organamnist,small,resnet34,regmean,c3_b0.01,3,0.01,0.2108,program/MedMNISTMerge/result/organamnist(1).md
organamnist,small,resnet34,regmean,c3_b0.1,3,0.1,0.1983,program/MedMNISTMerge/result/organamnist(1).md
organamnist,small,resnet34,regmean,c5_b0,5,0.0,0.3167,program/MedMNISTMerge/result/organamnist(1).md
organamnist,small,resnet34,regmean,c5_b0.01,5,0.01,0.2603,program/MedMNISTMerge/result/organamnist(1).md
organamnist,small,resnet34,regmean,c5_b0.1,5,0.1,0.3469,program/MedMNISTMerge/result/organamnist(1).md
organamnist,small,resnet34,regmean,c7_b0,7,0.0,0.1185,program/MedMNISTMerge/result/organamnist(1).md
organamnist,small,resnet34,regmean,c7_b0.01,7,0.01,0.1104,program/MedMNISTMerge/result/organamnist(1).md
organamnist,small,resnet34,regmean,c7_b0.1,7,0.1,0.406,program/MedMNISTMerge/result/organamnist(1).md
organamnist,small,resnet34,fisher,c3_b0,3,0.0,0.2535,program/MedMNISTMerge/result/organamnist(1).md
organamnist,small,resnet34,fisher,c3_b0.01,3,0.01,0.546,program/MedMNISTMerge/result/organamnist(1).md
organamnist,small,resnet34,fisher,c3_b0.1,3,0.1,0.388,program/MedMNISTMerge/result/organamnist(1).md
organamnist,small,resnet34,fisher,c5_b0,5,0.0,0.3403,program/MedMNISTMerge/result/organamnist(1).md
organamnist,small,resnet34,fisher,c5_b0.01,5,0.01,0.1971,program/MedMNISTMerge/result/organamnist(1).md
organamnist,small,resnet34,fisher,c5_b0.1,5,0.1,0.399,program/MedMNISTMerge/result/organamnist(1).md
organamnist,small,resnet34,fisher,c7_b0,7,0.0,0.1974,program/MedMNISTMerge/result/organamnist(1).md
organamnist,small,resnet34,fisher,c7_b0.01,7,0.01,0.2454,program/MedMNISTMerge/result/organamnist(1).md
organamnist,small,resnet34,fisher,c7_b0.1,7,0.1,0.533,program/MedMNISTMerge/result/organamnist(1).md
organamnist,small,resnet34,breadcrumbs,c3_b0,3,0.0,0.0299,program/MedMNISTMerge/result/organamnist(1).md
organamnist,small,resnet34,breadcrumbs,c3_b0.01,3,0.01,0.0583,program/MedMNISTMerge/result/organamnist(1).md
organamnist,small,resnet34,breadcrumbs,c3_b0.1,3,0.1,0.0441,program/MedMNISTMerge/result/organamnist(1).md
organamnist,small,resnet34,breadcrumbs,c5_b0,5,0.0,0.1647,program/MedMNISTMerge/result/organamnist(1).md
organamnist,small,resnet34,breadcrumbs,c5_b0.01,5,0.01,0.074,program/MedMNISTMerge/result/organamnist(1).md
organamnist,small,resnet34,breadcrumbs,c5_b0.1,5,0.1,0.1006,program/MedMNISTMerge/result/organamnist(1).md
organamnist,small,resnet34,breadcrumbs,c7_b0,7,0.0,0.1101,program/MedMNISTMerge/result/organamnist(1).md
organamnist,small,resnet34,breadcrumbs,c7_b0.01,7,0.01,0.1132,program/MedMNISTMerge/result/organamnist(1).md
organamnist,small,resnet34,breadcrumbs,c7_b0.1,7,0.1,0.038,program/MedMNISTMerge/result/organamnist(1).md
organamnist,small,resnet34,model_stock,c3_b0,3,0.0,0.3579,program/MedMNISTMerge/result/organamnist(1).md
organamnist,small,resnet34,model_stock,c3_b0.01,3,0.01,0.3201,program/MedMNISTMerge/result/organamnist(1).md
organamnist,small,resnet34,model_stock,c3_b0.1,3,0.1,0.1833,program/MedMNISTMerge/result/organamnist(1).md
organamnist,small,resnet34,model_stock,c5_b0,5,0.0,0.3324,program/MedMNISTMerge/result/organamnist(1).md
organamnist,small,resnet34,model_stock,c5_b0.01,5,0.01,0.1133,program/MedMNISTMerge/result/organamnist(1).md
organamnist,small,resnet34,model_stock,c5_b0.1,5,0.1,0.2778,program/MedMNISTMerge/result/organamnist(1).md
organamnist,small,resnet34,model_stock,c7_b0,7,0.0,0.132,program/MedMNISTMerge/result/organamnist(1).md
organamnist,small,resnet34,model_stock,c7_b0.01,7,0.01,0.1848,program/MedMNISTMerge/result/organamnist(1).md
organamnist,small,resnet34,model_stock,c7_b0.1,7,0.1,0.2158,program/MedMNISTMerge/result/organamnist(1).md
organamnist,small,resnet34,from,c3_b0,3,0.0,0.1898,program/MedMNISTMerge/result/organamnist(1).md
organamnist,small,resnet34,from,c3_b0.01,3,0.01,0.4807,program/MedMNISTMerge/result/organamnist(1).md
organamnist,small,resnet34,from,c3_b0.1,3,0.1,0.3,program/MedMNISTMerge/result/organamnist(1).md
organamnist,small,resnet34,from,c5_b0,5,0.0,0.2792,program/MedMNISTMerge/result/organamnist(1).md
organamnist,small,resnet34,from,c5_b0.01,5,0.01,0.1747,program/MedMNISTMerge/result/organamnist(1).md
organamnist,small,resnet34,from,c5_b0.1,5,0.1,0.3778,program/MedMNISTMerge/result/organamnist(1).md
organamnist,small,resnet34,from,c7_b0,7,0.0,0.2058,program/MedMNISTMerge/result/organamnist(1).md
organamnist,small,resnet34,from,c7_b0.01,7,0.01,0.1848,program/MedMNISTMerge/result/organamnist(1).md
organamnist,small,resnet34,from,c7_b0.1,7,0.1,0.3966,program/MedMNISTMerge/result/organamnist(1).md
organamnist,small,resnet34,iso_c,c3_b0,3,0.0,0.5098,program/MedMNISTMerge/result/organamnist(1).md
organamnist,small,resnet34,iso_c,c3_b0.01,3,0.01,0.3247,program/MedMNISTMerge/result/organamnist(1).md
organamnist,small,resnet34,iso_c,c3_b0.1,3,0.1,0.2748,program/MedMNISTMerge/result/organamnist(1).md
organamnist,small,resnet34,iso_c,c5_b0,5,0.0,0.2801,program/MedMNISTMerge/result/organamnist(1).md
organamnist,small,resnet34,iso_c,c5_b0.01,5,0.01,0.1595,program/MedMNISTMerge/result/organamnist(1).md
organamnist,small,resnet34,iso_c,c5_b0.1,5,0.1,0.3423,program/MedMNISTMerge/result/organamnist(1).md
organamnist,small,resnet34,iso_c,c7_b0,7,0.0,0.2345,program/MedMNISTMerge/result/organamnist(1).md
organamnist,small,resnet34,iso_c,c7_b0.01,7,0.01,0.1848,program/MedMNISTMerge/result/organamnist(1).md
organamnist,small,resnet34,iso_c,c7_b0.1,7,0.1,0.3328,program/MedMNISTMerge/result/organamnist(1).md
organamnist,small,resnet34,free_merge,c3_b0,3,0.0,0.2114,program/MedMNISTMerge/result/organamnist(1).md
organamnist,small,resnet34,free_merge,c3_b0.01,3,0.01,0.3315,program/MedMNISTMerge/result/organamnist(1).md
organamnist,small,resnet34,free_merge,c3_b0.1,3,0.1,0.3951,program/MedMNISTMerge/result/organamnist(1).md
organamnist,small,resnet34,free_merge,c5_b0,5,0.0,0.3005,program/MedMNISTMerge/result/organamnist(1).md
organamnist,small,resnet34,free_merge,c5_b0.01,5,0.01,0.1212,program/MedMNISTMerge/result/organamnist(1).md
organamnist,small,resnet34,free_merge,c5_b0.1,5,0.1,0.3089,program/MedMNISTMerge/result/organamnist(1).md
organamnist,small,resnet34,free_merge,c7_b0,7,0.0,0.1641,program/MedMNISTMerge/result/organamnist(1).md
organamnist,small,resnet34,free_merge,c7_b0.01,7,0.01,0.1848,program/MedMNISTMerge/result/organamnist(1).md
organamnist,small,resnet34,free_merge,c7_b0.1,7,0.1,0.317,program/MedMNISTMerge/result/organamnist(1).md
organamnist,small,resnet34,robustmerge,c3_b0,3,0.0,0.3887,program/MedMNISTMerge/result/organamnist(1).md
organamnist,small,resnet34,robustmerge,c3_b0.01,3,0.01,0.2969,program/MedMNISTMerge/result/organamnist(1).md
organamnist,small,resnet34,robustmerge,c3_b0.1,3,0.1,0.3337,program/MedMNISTMerge/result/organamnist(1).md
organamnist,small,resnet34,robustmerge,c5_b0,5,0.0,0.2908,program/MedMNISTMerge/result/organamnist(1).md
organamnist,small,resnet34,robustmerge,c5_b0.01,5,0.01,0.2337,program/MedMNISTMerge/result/organamnist(1).md
organamnist,small,resnet34,robustmerge,c5_b0.1,5,0.1,0.385,program/MedMNISTMerge/result/organamnist(1).md
organamnist,small,resnet34,robustmerge,c7_b0,7,0.0,0.2482,program/MedMNISTMerge/result/organamnist(1).md
organamnist,small,resnet34,robustmerge,c7_b0.01,7,0.01,0.2209,program/MedMNISTMerge/result/organamnist(1).md
organamnist,small,resnet34,robustmerge,c7_b0.1,7,0.1,0.3923,program/MedMNISTMerge/result/organamnist(1).md
organamnist,vlm,openai/clip-vit-base-patch32,avg,c3_b0,3,0.0,0.1087,program/MedMNISTMerge/result/organamnist(1).md
organamnist,vlm,openai/clip-vit-base-patch32,avg,c3_b0.01,3,0.01,0.2706,program/MedMNISTMerge/result/organamnist(1).md
organamnist,vlm,openai/clip-vit-base-patch32,avg,c3_b0.1,3,0.1,0.3932,program/MedMNISTMerge/result/organamnist(1).md
organamnist,vlm,openai/clip-vit-base-patch32,avg,c5_b0,5,0.0,0.0983,program/MedMNISTMerge/result/organamnist(1).md
organamnist,vlm,openai/clip-vit-base-patch32,avg,c5_b0.01,5,0.01,0.0817,program/MedMNISTMerge/result/organamnist(1).md
organamnist,vlm,openai/clip-vit-base-patch32,avg,c5_b0.1,5,0.1,0.1714,program/MedMNISTMerge/result/organamnist(1).md
organamnist,vlm,openai/clip-vit-base-patch32,avg,c7_b0,7,0.0,0.1549,program/MedMNISTMerge/result/organamnist(1).md
organamnist,vlm,openai/clip-vit-base-patch32,avg,c7_b0.01,7,0.01,0.0987,program/MedMNISTMerge/result/organamnist(1).md
organamnist,vlm,openai/clip-vit-base-patch32,avg,c7_b0.1,7,0.1,0.1204,program/MedMNISTMerge/result/organamnist(1).md
organamnist,vlm,openai/clip-vit-base-patch32,ties,c3_b0,3,0.0,0.0832,program/MedMNISTMerge/result/organamnist(1).md
organamnist,vlm,openai/clip-vit-base-patch32,ties,c3_b0.01,3,0.01,0.2418,program/MedMNISTMerge/result/organamnist(1).md
organamnist,vlm,openai/clip-vit-base-patch32,ties,c3_b0.1,3,0.1,0.4188,program/MedMNISTMerge/result/organamnist(1).md
organamnist,vlm,openai/clip-vit-base-patch32,ties,c5_b0,5,0.0,0.0983,program/MedMNISTMerge/result/organamnist(1).md
organamnist,vlm,openai/clip-vit-base-patch32,ties,c5_b0.01,5,0.01,0.1327,program/MedMNISTMerge/result/organamnist(1).md
organamnist,vlm,openai/clip-vit-base-patch32,ties,c5_b0.1,5,0.1,0.3286,program/MedMNISTMerge/result/organamnist(1).md
organamnist,vlm,openai/clip-vit-base-patch32,ties,c7_b0,7,0.0,0.2195,program/MedMNISTMerge/result/organamnist(1).md
organamnist,vlm,openai/clip-vit-base-patch32,ties,c7_b0.01,7,0.01,0.192,program/MedMNISTMerge/result/organamnist(1).md
organamnist,vlm,openai/clip-vit-base-patch32,ties,c7_b0.1,7,0.1,0.497,program/MedMNISTMerge/result/organamnist(1).md
organamnist,vlm,openai/clip-vit-base-patch32,dare_linear,c3_b0,3,0.0,0.0875,program/MedMNISTMerge/result/organamnist(1).md
organamnist,vlm,openai/clip-vit-base-patch32,dare_linear,c3_b0.01,3,0.01,0.2725,program/MedMNISTMerge/result/organamnist(1).md
organamnist,vlm,openai/clip-vit-base-patch32,dare_linear,c3_b0.1,3,0.1,0.3818,program/MedMNISTMerge/result/organamnist(1).md
organamnist,vlm,openai/clip-vit-base-patch32,dare_linear,c5_b0,5,0.0,0.0983,program/MedMNISTMerge/result/organamnist(1).md
organamnist,vlm,openai/clip-vit-base-patch32,dare_linear,c5_b0.01,5,0.01,0.105,program/MedMNISTMerge/result/organamnist(1).md
organamnist,vlm,openai/clip-vit-base-patch32,dare_linear,c5_b0.1,5,0.1,0.175,program/MedMNISTMerge/result/organamnist(1).md
organamnist,vlm,openai/clip-vit-base-patch32,dare_linear,c7_b0,7,0.0,0.1223,program/MedMNISTMerge/result/organamnist(1).md
organamnist,vlm,openai/clip-vit-base-patch32,dare_linear,c7_b0.01,7,0.01,0.1017,program/MedMNISTMerge/result/organamnist(1).md
organamnist,vlm,openai/clip-vit-base-patch32,dare_linear,c7_b0.1,7,0.1,0.1333,program/MedMNISTMerge/result/organamnist(1).md
organamnist,vlm,openai/clip-vit-base-patch32,dare_ties,c3_b0,3,0.0,0.1095,program/MedMNISTMerge/result/organamnist(1).md
organamnist,vlm,openai/clip-vit-base-patch32,dare_ties,c3_b0.01,3,0.01,0.2648,program/MedMNISTMerge/result/organamnist(1).md
organamnist,vlm,openai/clip-vit-base-patch32,dare_ties,c3_b0.1,3,0.1,0.4227,program/MedMNISTMerge/result/organamnist(1).md
organamnist,vlm,openai/clip-vit-base-patch32,dare_ties,c5_b0,5,0.0,0.0983,program/MedMNISTMerge/result/organamnist(1).md
organamnist,vlm,openai/clip-vit-base-patch32,dare_ties,c5_b0.01,5,0.01,0.1243,program/MedMNISTMerge/result/organamnist(1).md
organamnist,vlm,openai/clip-vit-base-patch32,dare_ties,c5_b0.1,5,0.1,0.2345,program/MedMNISTMerge/result/organamnist(1).md
organamnist,vlm,openai/clip-vit-base-patch32,dare_ties,c7_b0,7,0.0,0.2103,program/MedMNISTMerge/result/organamnist(1).md
organamnist,vlm,openai/clip-vit-base-patch32,dare_ties,c7_b0.01,7,0.01,0.1893,program/MedMNISTMerge/result/organamnist(1).md
organamnist,vlm,openai/clip-vit-base-patch32,dare_ties,c7_b0.1,7,0.1,0.3601,program/MedMNISTMerge/result/organamnist(1).md
organamnist,vlm,openai/clip-vit-base-patch32,regmean,c3_b0,3,0.0,0.2233,program/MedMNISTMerge/result/organamnist(1).md
organamnist,vlm,openai/clip-vit-base-patch32,regmean,c3_b0.01,3,0.01,0.3284,program/MedMNISTMerge/result/organamnist(1).md
organamnist,vlm,openai/clip-vit-base-patch32,regmean,c3_b0.1,3,0.1,0.5209,program/MedMNISTMerge/result/organamnist(1).md
organamnist,vlm,openai/clip-vit-base-patch32,regmean,c5_b0,5,0.0,0.0983,program/MedMNISTMerge/result/organamnist(1).md
organamnist,vlm,openai/clip-vit-base-patch32,regmean,c5_b0.01,5,0.01,0.1105,program/MedMNISTMerge/result/organamnist(1).md
organamnist,vlm,openai/clip-vit-base-patch32,regmean,c5_b0.1,5,0.1,0.4021,program/MedMNISTMerge/result/organamnist(1).md
organamnist,vlm,openai/clip-vit-base-patch32,regmean,c7_b0,7,0.0,0.2413,program/MedMNISTMerge/result/organamnist(1).md
organamnist,vlm,openai/clip-vit-base-patch32,regmean,c7_b0.01,7,0.01,0.0846,program/MedMNISTMerge/result/organamnist(1).md
organamnist,vlm,openai/clip-vit-base-patch32,regmean,c7_b0.1,7,0.1,0.4228,program/MedMNISTMerge/result/organamnist(1).md
organamnist,vlm,openai/clip-vit-base-patch32,fisher,c3_b0,3,0.0,0.1465,program/MedMNISTMerge/result/organamnist(1).md
organamnist,vlm,openai/clip-vit-base-patch32,fisher,c3_b0.01,3,0.01,0.2724,program/MedMNISTMerge/result/organamnist(1).md
organamnist,vlm,openai/clip-vit-base-patch32,fisher,c3_b0.1,3,0.1,0.116,program/MedMNISTMerge/result/organamnist(1).md
organamnist,vlm,openai/clip-vit-base-patch32,fisher,c5_b0,5,0.0,0.1411,program/MedMNISTMerge/result/organamnist(1).md
organamnist,vlm,openai/clip-vit-base-patch32,fisher,c5_b0.01,5,0.01,0.0987,program/MedMNISTMerge/result/organamnist(1).md
organamnist,vlm,openai/clip-vit-base-patch32,fisher,c5_b0.1,5,0.1,0.0948,program/MedMNISTMerge/result/organamnist(1).md
organamnist,vlm,openai/clip-vit-base-patch32,fisher,c7_b0,7,0.0,0.0446,program/MedMNISTMerge/result/organamnist(1).md
organamnist,vlm,openai/clip-vit-base-patch32,fisher,c7_b0.01,7,0.01,0.0609,program/MedMNISTMerge/result/organamnist(1).md
organamnist,vlm,openai/clip-vit-base-patch32,fisher,c7_b0.1,7,0.1,0.2741,program/MedMNISTMerge/result/organamnist(1).md
organamnist,vlm,openai/clip-vit-base-patch32,breadcrumbs,c3_b0,3,0.0,0.1298,program/MedMNISTMerge/result/organamnist(1).md
organamnist,vlm,openai/clip-vit-base-patch32,breadcrumbs,c3_b0.01,3,0.01,0.1092,program/MedMNISTMerge/result/organamnist(1).md
organamnist,vlm,openai/clip-vit-base-patch32,breadcrumbs,c3_b0.1,3,0.1,0.0916,program/MedMNISTMerge/result/organamnist(1).md
organamnist,vlm,openai/clip-vit-base-patch32,breadcrumbs,c5_b0,5,0.0,0.0757,program/MedMNISTMerge/result/organamnist(1).md
organamnist,vlm,openai/clip-vit-base-patch32,breadcrumbs,c5_b0.01,5,0.01,0.0489,program/MedMNISTMerge/result/organamnist(1).md
organamnist,vlm,openai/clip-vit-base-patch32,breadcrumbs,c5_b0.1,5,0.1,0.1463,program/MedMNISTMerge/result/organamnist(1).md
organamnist,vlm,openai/clip-vit-base-patch32,breadcrumbs,c7_b0,7,0.0,0.1105,program/MedMNISTMerge/result/organamnist(1).md
organamnist,vlm,openai/clip-vit-base-patch32,breadcrumbs,c7_b0.01,7,0.01,0.1058,program/MedMNISTMerge/result/organamnist(1).md
organamnist,vlm,openai/clip-vit-base-patch32,breadcrumbs,c7_b0.1,7,0.1,0.0983,program/MedMNISTMerge/result/organamnist(1).md
organamnist,vlm,openai/clip-vit-base-patch32,model_stock,c3_b0,3,0.0,0.2353,program/MedMNISTMerge/result/organamnist(1).md
organamnist,vlm,openai/clip-vit-base-patch32,model_stock,c3_b0.01,3,0.01,0.2036,program/MedMNISTMerge/result/organamnist(1).md
organamnist,vlm,openai/clip-vit-base-patch32,model_stock,c3_b0.1,3,0.1,0.3776,program/MedMNISTMerge/result/organamnist(1).md
organamnist,vlm,openai/clip-vit-base-patch32,model_stock,c5_b0,5,0.0,0.0983,program/MedMNISTMerge/result/organamnist(1).md
organamnist,vlm,openai/clip-vit-base-patch32,model_stock,c5_b0.01,5,0.01,0.0583,program/MedMNISTMerge/result/organamnist(1).md
organamnist,vlm,openai/clip-vit-base-patch32,model_stock,c5_b0.1,5,0.1,0.1343,program/MedMNISTMerge/result/organamnist(1).md
organamnist,vlm,openai/clip-vit-base-patch32,model_stock,c7_b0,7,0.0,0.0946,program/MedMNISTMerge/result/organamnist(1).md
organamnist,vlm,openai/clip-vit-base-patch32,model_stock,c7_b0.01,7,0.01,0.1101,program/MedMNISTMerge/result/organamnist(1).md
organamnist,vlm,openai/clip-vit-base-patch32,model_stock,c7_b0.1,7,0.1,0.0982,program/MedMNISTMerge/result/organamnist(1).md
organamnist,vlm,openai/clip-vit-base-patch32,from,c3_b0,3,0.0,0.0697,program/MedMNISTMerge/result/organamnist(1).md
organamnist,vlm,openai/clip-vit-base-patch32,from,c3_b0.01,3,0.01,0.309,program/MedMNISTMerge/result/organamnist(1).md
organamnist,vlm,openai/clip-vit-base-patch32,from,c3_b0.1,3,0.1,0.3732,program/MedMNISTMerge/result/organamnist(1).md
organamnist,vlm,openai/clip-vit-base-patch32,from,c5_b0,5,0.0,0.1244,program/MedMNISTMerge/result/organamnist(1).md
organamnist,vlm,openai/clip-vit-base-patch32,from,c5_b0.01,5,0.01,0.1207,program/MedMNISTMerge/result/organamnist(1).md
organamnist,vlm,openai/clip-vit-base-patch32,from,c5_b0.1,5,0.1,0.2245,program/MedMNISTMerge/result/organamnist(1).md
organamnist,vlm,openai/clip-vit-base-patch32,from,c7_b0,7,0.0,0.2434,program/MedMNISTMerge/result/organamnist(1).md
organamnist,vlm,openai/clip-vit-base-patch32,from,c7_b0.01,7,0.01,0.1061,program/MedMNISTMerge/result/organamnist(1).md
organamnist,vlm,openai/clip-vit-base-patch32,from,c7_b0.1,7,0.1,0.3583,program/MedMNISTMerge/result/organamnist(1).md
organamnist,vlm,openai/clip-vit-base-patch32,iso_c,c3_b0,3,0.0,0.0556,program/MedMNISTMerge/result/organamnist(1).md
organamnist,vlm,openai/clip-vit-base-patch32,iso_c,c3_b0.01,3,0.01,0.1546,program/MedMNISTMerge/result/organamnist(1).md
organamnist,vlm,openai/clip-vit-base-patch32,iso_c,c3_b0.1,3,0.1,0.1036,program/MedMNISTMerge/result/organamnist(1).md
organamnist,vlm,openai/clip-vit-base-patch32,iso_c,c5_b0,5,0.0,0.0745,program/MedMNISTMerge/result/organamnist(1).md
organamnist,vlm,openai/clip-vit-base-patch32,iso_c,c5_b0.01,5,0.01,0.0606,program/MedMNISTMerge/result/organamnist(1).md
organamnist,vlm,openai/clip-vit-base-patch32,iso_c,c5_b0.1,5,0.1,0.0153,program/MedMNISTMerge/result/organamnist(1).md
organamnist,vlm,openai/clip-vit-base-patch32,iso_c,c7_b0,7,0.0,0.057,program/MedMNISTMerge/result/organamnist(1).md
organamnist,vlm,openai/clip-vit-base-patch32,iso_c,c7_b0.01,7,0.01,0.0831,program/MedMNISTMerge/result/organamnist(1).md
organamnist,vlm,openai/clip-vit-base-patch32,iso_c,c7_b0.1,7,0.1,0.1635,program/MedMNISTMerge/result/organamnist(1).md
organamnist,vlm,openai/clip-vit-base-patch32,free_merge,c3_b0,3,0.0,0.0646,program/MedMNISTMerge/result/organamnist(1).md
organamnist,vlm,openai/clip-vit-base-patch32,free_merge,c3_b0.01,3,0.01,0.3302,program/MedMNISTMerge/result/organamnist(1).md
organamnist,vlm,openai/clip-vit-base-patch32,free_merge,c3_b0.1,3,0.1,0.3444,program/MedMNISTMerge/result/organamnist(1).md
organamnist,vlm,openai/clip-vit-base-patch32,free_merge,c5_b0,5,0.0,0.0983,program/MedMNISTMerge/result/organamnist(1).md
organamnist,vlm,openai/clip-vit-base-patch32,free_merge,c5_b0.01,5,0.01,0.0592,program/MedMNISTMerge/result/organamnist(1).md
organamnist,vlm,openai/clip-vit-base-patch32,free_merge,c5_b0.1,5,0.1,0.1271,program/MedMNISTMerge/result/organamnist(1).md
organamnist,vlm,openai/clip-vit-base-patch32,free_merge,c7_b0,7,0.0,0.048,program/MedMNISTMerge/result/organamnist(1).md
organamnist,vlm,openai/clip-vit-base-patch32,free_merge,c7_b0.01,7,0.01,0.1843,program/MedMNISTMerge/result/organamnist(1).md
organamnist,vlm,openai/clip-vit-base-patch32,free_merge,c7_b0.1,7,0.1,0.0835,program/MedMNISTMerge/result/organamnist(1).md
organamnist,vlm,openai/clip-vit-base-patch32,robustmerge,c3_b0,3,0.0,0.1414,program/MedMNISTMerge/result/organamnist(1).md
organamnist,vlm,openai/clip-vit-base-patch32,robustmerge,c3_b0.01,3,0.01,0.2432,program/MedMNISTMerge/result/organamnist(1).md
organamnist,vlm,openai/clip-vit-base-patch32,robustmerge,c3_b0.1,3,0.1,0.1346,program/MedMNISTMerge/result/organamnist(1).md
organamnist,vlm,openai/clip-vit-base-patch32,robustmerge,c5_b0,5,0.0,0.0446,program/MedMNISTMerge/result/organamnist(1).md
organamnist,vlm,openai/clip-vit-base-patch32,robustmerge,c5_b0.01,5,0.01,0.052,program/MedMNISTMerge/result/organamnist(1).md
organamnist,vlm,openai/clip-vit-base-patch32,robustmerge,c5_b0.1,5,0.1,0.0918,program/MedMNISTMerge/result/organamnist(1).md
organamnist,vlm,openai/clip-vit-base-patch32,robustmerge,c7_b0,7,0.0,0.0652,program/MedMNISTMerge/result/organamnist(1).md
organamnist,vlm,openai/clip-vit-base-patch32,robustmerge,c7_b0.01,7,0.01,0.1915,program/MedMNISTMerge/result/organamnist(1).md
organamnist,vlm,openai/clip-vit-base-patch32,robustmerge,c7_b0.1,7,0.1,0.1499,program/MedMNISTMerge/result/organamnist(1).md
organcmnist,small,resnet,avg,c3_b0,3,0.0,0.3213,program/MedMNISTMerge/result/organcmnist(1).md
organcmnist,small,resnet,avg,c3_b0.01,3,0.01,0.1439,program/MedMNISTMerge/result/organcmnist(1).md
organcmnist,small,resnet,avg,c3_b0.1,3,0.1,0.2132,program/MedMNISTMerge/result/organcmnist(1).md
organcmnist,small,resnet,avg,c5_b0,5,0.0,0.1304,program/MedMNISTMerge/result/organcmnist(1).md
organcmnist,small,resnet,avg,c5_b0.01,5,0.01,0.1526,program/MedMNISTMerge/result/organcmnist(1).md
organcmnist,small,resnet,avg,c5_b0.1,5,0.1,0.2485,program/MedMNISTMerge/result/organcmnist(1).md
organcmnist,small,resnet,avg,c7_b0,7,0.0,0.1131,program/MedMNISTMerge/result/organcmnist(1).md
organcmnist,small,resnet,avg,c7_b0.01,7,0.01,0.114,program/MedMNISTMerge/result/organcmnist(1).md
organcmnist,small,resnet,avg,c7_b0.1,7,0.1,0.1918,program/MedMNISTMerge/result/organcmnist(1).md
organcmnist,small,resnet,ties,c3_b0,3,0.0,0.1809,program/MedMNISTMerge/result/organcmnist(1).md
organcmnist,small,resnet,ties,c3_b0.01,3,0.01,0.1504,program/MedMNISTMerge/result/organcmnist(1).md
organcmnist,small,resnet,ties,c3_b0.1,3,0.1,0.4637,program/MedMNISTMerge/result/organcmnist(1).md
organcmnist,small,resnet,ties,c5_b0,5,0.0,0.1355,program/MedMNISTMerge/result/organcmnist(1).md
organcmnist,small,resnet,ties,c5_b0.01,5,0.01,0.2165,program/MedMNISTMerge/result/organcmnist(1).md
organcmnist,small,resnet,ties,c5_b0.1,5,0.1,0.1531,program/MedMNISTMerge/result/organcmnist(1).md
organcmnist,small,resnet,ties,c7_b0,7,0.0,0.1788,program/MedMNISTMerge/result/organcmnist(1).md
organcmnist,small,resnet,ties,c7_b0.01,7,0.01,0.0724,program/MedMNISTMerge/result/organcmnist(1).md
organcmnist,small,resnet,ties,c7_b0.1,7,0.1,0.3841,program/MedMNISTMerge/result/organcmnist(1).md
organcmnist,small,resnet,dare_linear,c3_b0,3,0.0,0.3071,program/MedMNISTMerge/result/organcmnist(1).md
organcmnist,small,resnet,dare_linear,c3_b0.01,3,0.01,0.0944,program/MedMNISTMerge/result/organcmnist(1).md
organcmnist,small,resnet,dare_linear,c3_b0.1,3,0.1,0.2039,program/MedMNISTMerge/result/organcmnist(1).md
organcmnist,small,resnet,dare_linear,c5_b0,5,0.0,0.2764,program/MedMNISTMerge/result/organcmnist(1).md
organcmnist,small,resnet,dare_linear,c5_b0.01,5,0.01,0.2009,program/MedMNISTMerge/result/organcmnist(1).md
organcmnist,small,resnet,dare_linear,c5_b0.1,5,0.1,0.2991,program/MedMNISTMerge/result/organcmnist(1).md
organcmnist,small,resnet,dare_linear,c7_b0,7,0.0,0.1288,program/MedMNISTMerge/result/organcmnist(1).md
organcmnist,small,resnet,dare_linear,c7_b0.01,7,0.01,0.1924,program/MedMNISTMerge/result/organcmnist(1).md
organcmnist,small,resnet,dare_linear,c7_b0.1,7,0.1,0.1738,program/MedMNISTMerge/result/organcmnist(1).md
organcmnist,small,resnet,dare_ties,c3_b0,3,0.0,0.1284,program/MedMNISTMerge/result/organcmnist(1).md
organcmnist,small,resnet,dare_ties,c3_b0.01,3,0.01,0.0895,program/MedMNISTMerge/result/organcmnist(1).md
organcmnist,small,resnet,dare_ties,c3_b0.1,3,0.1,0.3374,program/MedMNISTMerge/result/organcmnist(1).md
organcmnist,small,resnet,dare_ties,c5_b0,5,0.0,0.1291,program/MedMNISTMerge/result/organcmnist(1).md
organcmnist,small,resnet,dare_ties,c5_b0.01,5,0.01,0.2064,program/MedMNISTMerge/result/organcmnist(1).md
organcmnist,small,resnet,dare_ties,c5_b0.1,5,0.1,0.1189,program/MedMNISTMerge/result/organcmnist(1).md
organcmnist,small,resnet,dare_ties,c7_b0,7,0.0,0.1786,program/MedMNISTMerge/result/organcmnist(1).md
organcmnist,small,resnet,dare_ties,c7_b0.01,7,0.01,0.0768,program/MedMNISTMerge/result/organcmnist(1).md
organcmnist,small,resnet,dare_ties,c7_b0.1,7,0.1,0.3023,program/MedMNISTMerge/result/organcmnist(1).md
organcmnist,small,resnet,regmean,c3_b0,3,0.0,0.3576,program/MedMNISTMerge/result/organcmnist(1).md
organcmnist,small,resnet,regmean,c3_b0.01,3,0.01,0.1081,program/MedMNISTMerge/result/organcmnist(1).md
organcmnist,small,resnet,regmean,c3_b0.1,3,0.1,0.2557,program/MedMNISTMerge/result/organcmnist(1).md
organcmnist,small,resnet,regmean,c5_b0,5,0.0,0.0701,program/MedMNISTMerge/result/organcmnist(1).md
organcmnist,small,resnet,regmean,c5_b0.01,5,0.01,0.1375,program/MedMNISTMerge/result/organcmnist(1).md
organcmnist,small,resnet,regmean,c5_b0.1,5,0.1,0.1944,program/MedMNISTMerge/result/organcmnist(1).md
organcmnist,small,resnet,regmean,c7_b0,7,0.0,0.0491,program/MedMNISTMerge/result/organcmnist(1).md
organcmnist,small,resnet,regmean,c7_b0.01,7,0.01,0.2153,program/MedMNISTMerge/result/organcmnist(1).md
organcmnist,small,resnet,regmean,c7_b0.1,7,0.1,0.1521,program/MedMNISTMerge/result/organcmnist(1).md
organcmnist,small,resnet,fisher,c3_b0,3,0.0,0.2024,program/MedMNISTMerge/result/organcmnist(1).md
organcmnist,small,resnet,fisher,c3_b0.01,3,0.01,0.2657,program/MedMNISTMerge/result/organcmnist(1).md
organcmnist,small,resnet,fisher,c3_b0.1,3,0.1,0.4238,program/MedMNISTMerge/result/organcmnist(1).md
organcmnist,small,resnet,fisher,c5_b0,5,0.0,0.1204,program/MedMNISTMerge/result/organcmnist(1).md
organcmnist,small,resnet,fisher,c5_b0.01,5,0.01,0.1685,program/MedMNISTMerge/result/organcmnist(1).md
organcmnist,small,resnet,fisher,c5_b0.1,5,0.1,0.2336,program/MedMNISTMerge/result/organcmnist(1).md
organcmnist,small,resnet,fisher,c7_b0,7,0.0,0.1256,program/MedMNISTMerge/result/organcmnist(1).md
organcmnist,small,resnet,fisher,c7_b0.01,7,0.01,0.1344,program/MedMNISTMerge/result/organcmnist(1).md
organcmnist,small,resnet,fisher,c7_b0.1,7,0.1,0.2835,program/MedMNISTMerge/result/organcmnist(1).md
organcmnist,small,resnet,breadcrumbs,c3_b0,3,0.0,0.0576,program/MedMNISTMerge/result/organcmnist(1).md
organcmnist,small,resnet,breadcrumbs,c3_b0.01,3,0.01,0.1008,program/MedMNISTMerge/result/organcmnist(1).md
organcmnist,small,resnet,breadcrumbs,c3_b0.1,3,0.1,0.0713,program/MedMNISTMerge/result/organcmnist(1).md
organcmnist,small,resnet,breadcrumbs,c5_b0,5,0.0,0.0836,program/MedMNISTMerge/result/organcmnist(1).md
organcmnist,small,resnet,breadcrumbs,c5_b0.01,5,0.01,0.0371,program/MedMNISTMerge/result/organcmnist(1).md
organcmnist,small,resnet,breadcrumbs,c5_b0.1,5,0.1,0.0822,program/MedMNISTMerge/result/organcmnist(1).md
organcmnist,small,resnet,breadcrumbs,c7_b0,7,0.0,0.029,program/MedMNISTMerge/result/organcmnist(1).md
organcmnist,small,resnet,breadcrumbs,c7_b0.01,7,0.01,0.094,program/MedMNISTMerge/result/organcmnist(1).md
organcmnist,small,resnet,breadcrumbs,c7_b0.1,7,0.1,0.0826,program/MedMNISTMerge/result/organcmnist(1).md
organcmnist,small,resnet,model_stock,c3_b0,3,0.0,0.1218,program/MedMNISTMerge/result/organcmnist(1).md
organcmnist,small,resnet,model_stock,c3_b0.01,3,0.01,0.1099,program/MedMNISTMerge/result/organcmnist(1).md
organcmnist,small,resnet,model_stock,c3_b0.1,3,0.1,0.1358,program/MedMNISTMerge/result/organcmnist(1).md
organcmnist,small,resnet,model_stock,c5_b0,5,0.0,0.1317,program/MedMNISTMerge/result/organcmnist(1).md
organcmnist,small,resnet,model_stock,c5_b0.01,5,0.01,0.1277,program/MedMNISTMerge/result/organcmnist(1).md
organcmnist,small,resnet,model_stock,c5_b0.1,5,0.1,0.1227,program/MedMNISTMerge/result/organcmnist(1).md
organcmnist,small,resnet,model_stock,c7_b0,7,0.0,0.1128,program/MedMNISTMerge/result/organcmnist(1).md
organcmnist,small,resnet,model_stock,c7_b0.01,7,0.01,0.1032,program/MedMNISTMerge/result/organcmnist(1).md
organcmnist,small,resnet,model_stock,c7_b0.1,7,0.1,0.1394,program/MedMNISTMerge/result/organcmnist(1).md
organcmnist,small,resnet,from,c3_b0,3,0.0,0.3594,program/MedMNISTMerge/result/organcmnist(1).md
organcmnist,small,resnet,from,c3_b0.01,3,0.01,0.1182,program/MedMNISTMerge/result/organcmnist(1).md
organcmnist,small,resnet,from,c3_b0.1,3,0.1,0.2274,program/MedMNISTMerge/result/organcmnist(1).md
organcmnist,small,resnet,from,c5_b0,5,0.0,0.1241,program/MedMNISTMerge/result/organcmnist(1).md
organcmnist,small,resnet,from,c5_b0.01,5,0.01,0.1636,program/MedMNISTMerge/result/organcmnist(1).md
organcmnist,small,resnet,from,c5_b0.1,5,0.1,0.1801,program/MedMNISTMerge/result/organcmnist(1).md
organcmnist,small,resnet,from,c7_b0,7,0.0,0.1218,program/MedMNISTMerge/result/organcmnist(1).md
organcmnist,small,resnet,from,c7_b0.01,7,0.01,0.0622,program/MedMNISTMerge/result/organcmnist(1).md
organcmnist,small,resnet,from,c7_b0.1,7,0.1,0.272,program/MedMNISTMerge/result/organcmnist(1).md
organcmnist,small,resnet,iso_c,c3_b0,3,0.0,0.3574,program/MedMNISTMerge/result/organcmnist(1).md
organcmnist,small,resnet,iso_c,c3_b0.01,3,0.01,0.1543,program/MedMNISTMerge/result/organcmnist(1).md
organcmnist,small,resnet,iso_c,c3_b0.1,3,0.1,0.1877,program/MedMNISTMerge/result/organcmnist(1).md
organcmnist,small,resnet,iso_c,c5_b0,5,0.0,0.1301,program/MedMNISTMerge/result/organcmnist(1).md
organcmnist,small,resnet,iso_c,c5_b0.01,5,0.01,0.1638,program/MedMNISTMerge/result/organcmnist(1).md
organcmnist,small,resnet,iso_c,c5_b0.1,5,0.1,0.1949,program/MedMNISTMerge/result/organcmnist(1).md
organcmnist,small,resnet,iso_c,c7_b0,7,0.0,0.1102,program/MedMNISTMerge/result/organcmnist(1).md
organcmnist,small,resnet,iso_c,c7_b0.01,7,0.01,0.1102,program/MedMNISTMerge/result/organcmnist(1).md
organcmnist,small,resnet,iso_c,c7_b0.1,7,0.1,0.1947,program/MedMNISTMerge/result/organcmnist(1).md
organcmnist,small,resnet,free_merge,c3_b0,3,0.0,0.3213,program/MedMNISTMerge/result/organcmnist(1).md
organcmnist,small,resnet,free_merge,c3_b0.01,3,0.01,0.1439,program/MedMNISTMerge/result/organcmnist(1).md
organcmnist,small,resnet,free_merge,c3_b0.1,3,0.1,0.2132,program/MedMNISTMerge/result/organcmnist(1).md
organcmnist,small,resnet,free_merge,c5_b0,5,0.0,0.1304,program/MedMNISTMerge/result/organcmnist(1).md
organcmnist,small,resnet,free_merge,c5_b0.01,5,0.01,0.1525,program/MedMNISTMerge/result/organcmnist(1).md
organcmnist,small,resnet,free_merge,c5_b0.1,5,0.1,0.2485,program/MedMNISTMerge/result/organcmnist(1).md
organcmnist,small,resnet,free_merge,c7_b0,7,0.0,0.113,program/MedMNISTMerge/result/organcmnist(1).md
organcmnist,small,resnet,free_merge,c7_b0.01,7,0.01,0.1139,program/MedMNISTMerge/result/organcmnist(1).md
organcmnist,small,resnet,free_merge,c7_b0.1,7,0.1,0.1918,program/MedMNISTMerge/result/organcmnist(1).md
organcmnist,small,resnet,robustmerge,c3_b0,3,0.0,0.3824,program/MedMNISTMerge/result/organcmnist(1).md
organcmnist,small,resnet,robustmerge,c3_b0.01,3,0.01,0.1377,program/MedMNISTMerge/result/organcmnist(1).md
organcmnist,small,resnet,robustmerge,c3_b0.1,3,0.1,0.2174,program/MedMNISTMerge/result/organcmnist(1).md
organcmnist,small,resnet,robustmerge,c5_b0,5,0.0,0.2638,program/MedMNISTMerge/result/organcmnist(1).md
organcmnist,small,resnet,robustmerge,c5_b0.01,5,0.01,0.122,program/MedMNISTMerge/result/organcmnist(1).md
organcmnist,small,resnet,robustmerge,c5_b0.1,5,0.1,0.1434,program/MedMNISTMerge/result/organcmnist(1).md
organcmnist,small,resnet,robustmerge,c7_b0,7,0.0,0.2354,program/MedMNISTMerge/result/organcmnist(1).md
organcmnist,small,resnet,robustmerge,c7_b0.01,7,0.01,0.0972,program/MedMNISTMerge/result/organcmnist(1).md
organcmnist,small,resnet,robustmerge,c7_b0.1,7,0.1,0.1633,program/MedMNISTMerge/result/organcmnist(1).md
organcmnist,small,convnext,avg,c3_b0,3,0.0,0.1102,program/MedMNISTMerge/result/organcmnist(1).md
organcmnist,small,convnext,avg,c3_b0.01,3,0.01,0.1095,program/MedMNISTMerge/result/organcmnist(1).md
organcmnist,small,convnext,avg,c3_b0.1,3,0.1,0.0913,program/MedMNISTMerge/result/organcmnist(1).md
organcmnist,small,convnext,avg,c5_b0,5,0.0,0.2233,program/MedMNISTMerge/result/organcmnist(1).md
organcmnist,small,convnext,avg,c5_b0.01,5,0.01,0.0525,program/MedMNISTMerge/result/organcmnist(1).md
organcmnist,small,convnext,avg,c5_b0.1,5,0.1,0.0895,program/MedMNISTMerge/result/organcmnist(1).md
organcmnist,small,convnext,avg,c7_b0,7,0.0,0.0913,program/MedMNISTMerge/result/organcmnist(1).md
organcmnist,small,convnext,avg,c7_b0.01,7,0.01,0.1008,program/MedMNISTMerge/result/organcmnist(1).md
organcmnist,small,convnext,avg,c7_b0.1,7,0.1,0.0913,program/MedMNISTMerge/result/organcmnist(1).md
organcmnist,small,convnext,ties,c3_b0,3,0.0,0.1014,program/MedMNISTMerge/result/organcmnist(1).md
organcmnist,small,convnext,ties,c3_b0.01,3,0.01,0.137,program/MedMNISTMerge/result/organcmnist(1).md
organcmnist,small,convnext,ties,c3_b0.1,3,0.1,0.1266,program/MedMNISTMerge/result/organcmnist(1).md
organcmnist,small,convnext,ties,c5_b0,5,0.0,0.0512,program/MedMNISTMerge/result/organcmnist(1).md
organcmnist,small,convnext,ties,c5_b0.01,5,0.01,0.0913,program/MedMNISTMerge/result/organcmnist(1).md
organcmnist,small,convnext,ties,c5_b0.1,5,0.1,0.0934,program/MedMNISTMerge/result/organcmnist(1).md
organcmnist,small,convnext,ties,c7_b0,7,0.0,0.0678,program/MedMNISTMerge/result/organcmnist(1).md
organcmnist,small,convnext,ties,c7_b0.01,7,0.01,0.1015,program/MedMNISTMerge/result/organcmnist(1).md
organcmnist,small,convnext,ties,c7_b0.1,7,0.1,0.0455,program/MedMNISTMerge/result/organcmnist(1).md
organcmnist,small,convnext,dare_linear,c3_b0,3,0.0,0.089,program/MedMNISTMerge/result/organcmnist(1).md
organcmnist,small,convnext,dare_linear,c3_b0.01,3,0.01,0.1301,program/MedMNISTMerge/result/organcmnist(1).md
organcmnist,small,convnext,dare_linear,c3_b0.1,3,0.1,0.0913,program/MedMNISTMerge/result/organcmnist(1).md
organcmnist,small,convnext,dare_linear,c5_b0,5,0.0,0.0678,program/MedMNISTMerge/result/organcmnist(1).md
organcmnist,small,convnext,dare_linear,c5_b0.01,5,0.01,0.0525,program/MedMNISTMerge/result/organcmnist(1).md
organcmnist,small,convnext,dare_linear,c5_b0.1,5,0.1,0.0895,program/MedMNISTMerge/result/organcmnist(1).md
organcmnist,small,convnext,dare_linear,c7_b0,7,0.0,0.1171,program/MedMNISTMerge/result/organcmnist(1).md
organcmnist,small,convnext,dare_linear,c7_b0.01,7,0.01,0.1171,program/MedMNISTMerge/result/organcmnist(1).md
organcmnist,small,convnext,dare_linear,c7_b0.1,7,0.1,0.0913,program/MedMNISTMerge/result/organcmnist(1).md
organcmnist,small,convnext,dare_ties,c3_b0,3,0.0,0.0902,program/MedMNISTMerge/result/organcmnist(1).md
organcmnist,small,convnext,dare_ties,c3_b0.01,3,0.01,0.0931,program/MedMNISTMerge/result/organcmnist(1).md
organcmnist,small,convnext,dare_ties,c3_b0.1,3,0.1,0.2081,program/MedMNISTMerge/result/organcmnist(1).md
organcmnist,small,convnext,dare_ties,c5_b0,5,0.0,0.0678,program/MedMNISTMerge/result/organcmnist(1).md
organcmnist,small,convnext,dare_ties,c5_b0.01,5,0.01,0.2355,program/MedMNISTMerge/result/organcmnist(1).md
organcmnist,small,convnext,dare_ties,c5_b0.1,5,0.1,0.1005,program/MedMNISTMerge/result/organcmnist(1).md
organcmnist,small,convnext,dare_ties,c7_b0,7,0.0,0.0525,program/MedMNISTMerge/result/organcmnist(1).md
organcmnist,small,convnext,dare_ties,c7_b0.01,7,0.01,0.0891,program/MedMNISTMerge/result/organcmnist(1).md
organcmnist,small,convnext,dare_ties,c7_b0.1,7,0.1,0.0895,program/MedMNISTMerge/result/organcmnist(1).md
organcmnist,small,convnext,regmean,c3_b0,3,0.0,0.0895,program/MedMNISTMerge/result/organcmnist(1).md
organcmnist,small,convnext,regmean,c3_b0.01,3,0.01,0.1951,program/MedMNISTMerge/result/organcmnist(1).md
organcmnist,small,convnext,regmean,c3_b0.1,3,0.1,0.0583,program/MedMNISTMerge/result/organcmnist(1).md
organcmnist,small,convnext,regmean,c5_b0,5,0.0,0.0885,program/MedMNISTMerge/result/organcmnist(1).md
organcmnist,small,convnext,regmean,c5_b0.01,5,0.01,0.1269,program/MedMNISTMerge/result/organcmnist(1).md
organcmnist,small,convnext,regmean,c5_b0.1,5,0.1,0.0897,program/MedMNISTMerge/result/organcmnist(1).md
organcmnist,small,convnext,regmean,c7_b0,7,0.0,0.0913,program/MedMNISTMerge/result/organcmnist(1).md
organcmnist,small,convnext,regmean,c7_b0.01,7,0.01,0.0525,program/MedMNISTMerge/result/organcmnist(1).md
organcmnist,small,convnext,regmean,c7_b0.1,7,0.1,0.0867,program/MedMNISTMerge/result/organcmnist(1).md
organcmnist,small,convnext,fisher,c3_b0,3,0.0,0.0772,program/MedMNISTMerge/result/organcmnist(1).md
organcmnist,small,convnext,fisher,c3_b0.01,3,0.01,0.1558,program/MedMNISTMerge/result/organcmnist(1).md
organcmnist,small,convnext,fisher,c3_b0.1,3,0.1,0.0678,program/MedMNISTMerge/result/organcmnist(1).md
organcmnist,small,convnext,fisher,c5_b0,5,0.0,0.087,program/MedMNISTMerge/result/organcmnist(1).md
organcmnist,small,convnext,fisher,c5_b0.01,5,0.01,0.0622,program/MedMNISTMerge/result/organcmnist(1).md
organcmnist,small,convnext,fisher,c5_b0.1,5,0.1,0.1429,program/MedMNISTMerge/result/organcmnist(1).md
organcmnist,small,convnext,fisher,c7_b0,7,0.0,0.0895,program/MedMNISTMerge/result/organcmnist(1).md
organcmnist,small,convnext,fisher,c7_b0.01,7,0.01,0.1171,program/MedMNISTMerge/result/organcmnist(1).md
organcmnist,small,convnext,fisher,c7_b0.1,7,0.1,0.0679,program/MedMNISTMerge/result/organcmnist(1).md
organcmnist,small,convnext,breadcrumbs,c3_b0,3,0.0,0.1171,program/MedMNISTMerge/result/organcmnist(1).md
organcmnist,small,convnext,breadcrumbs,c3_b0.01,3,0.01,0.1008,program/MedMNISTMerge/result/organcmnist(1).md
organcmnist,small,convnext,breadcrumbs,c3_b0.1,3,0.1,0.0913,program/MedMNISTMerge/result/organcmnist(1).md
organcmnist,small,convnext,breadcrumbs,c5_b0,5,0.0,0.2233,program/MedMNISTMerge/result/organcmnist(1).md
organcmnist,small,convnext,breadcrumbs,c5_b0.01,5,0.01,0.1171,program/MedMNISTMerge/result/organcmnist(1).md
organcmnist,small,convnext,breadcrumbs,c5_b0.1,5,0.1,0.0927,program/MedMNISTMerge/result/organcmnist(1).md
organcmnist,small,convnext,breadcrumbs,c7_b0,7,0.0,0.181,program/MedMNISTMerge/result/organcmnist(1).md
organcmnist,small,convnext,breadcrumbs,c7_b0.01,7,0.01,0.2233,program/MedMNISTMerge/result/organcmnist(1).md
organcmnist,small,convnext,breadcrumbs,c7_b0.1,7,0.1,0.0678,program/MedMNISTMerge/result/organcmnist(1).md
organcmnist,small,convnext,model_stock,c3_b0,3,0.0,0.1648,program/MedMNISTMerge/result/organcmnist(1).md
organcmnist,small,convnext,model_stock,c3_b0.01,3,0.01,0.1267,program/MedMNISTMerge/result/organcmnist(1).md
organcmnist,small,convnext,model_stock,c3_b0.1,3,0.1,0.0913,program/MedMNISTMerge/result/organcmnist(1).md
organcmnist,small,convnext,model_stock,c5_b0,5,0.0,0.2233,program/MedMNISTMerge/result/organcmnist(1).md
organcmnist,small,convnext,model_stock,c5_b0.01,5,0.01,0.0525,program/MedMNISTMerge/result/organcmnist(1).md
organcmnist,small,convnext,model_stock,c5_b0.1,5,0.1,0.0895,program/MedMNISTMerge/result/organcmnist(1).md
organcmnist,small,convnext,model_stock,c7_b0,7,0.0,0.2233,program/MedMNISTMerge/result/organcmnist(1).md
organcmnist,small,convnext,model_stock,c7_b0.01,7,0.01,0.1008,program/MedMNISTMerge/result/organcmnist(1).md
organcmnist,small,convnext,model_stock,c7_b0.1,7,0.1,0.0913,program/MedMNISTMerge/result/organcmnist(1).md
organcmnist,small,convnext,from,c3_b0,3,0.0,0.0893,program/MedMNISTMerge/result/organcmnist(1).md
organcmnist,small,convnext,from,c3_b0.01,3,0.01,0.167,program/MedMNISTMerge/result/organcmnist(1).md
organcmnist,small,convnext,from,c3_b0.1,3,0.1,0.1132,program/MedMNISTMerge/result/organcmnist(1).md
organcmnist,small,convnext,from,c5_b0,5,0.0,0.2233,program/MedMNISTMerge/result/organcmnist(1).md
organcmnist,small,convnext,from,c5_b0.01,5,0.01,0.0525,program/MedMNISTMerge/result/organcmnist(1).md
organcmnist,small,convnext,from,c5_b0.1,5,0.1,0.0913,program/MedMNISTMerge/result/organcmnist(1).md
organcmnist,small,convnext,from,c7_b0,7,0.0,0.0913,program/MedMNISTMerge/result/organcmnist(1).md
organcmnist,small,convnext,from,c7_b0.01,7,0.01,0.0525,program/MedMNISTMerge/result/organcmnist(1).md
organcmnist,small,convnext,from,c7_b0.1,7,0.1,0.0512,program/MedMNISTMerge/result/organcmnist(1).md
organcmnist,small,convnext,iso_c,c3_b0,3,0.0,0.105,program/MedMNISTMerge/result/organcmnist(1).md
organcmnist,small,convnext,iso_c,c3_b0.01,3,0.01,0.1008,program/MedMNISTMerge/result/organcmnist(1).md
organcmnist,small,convnext,iso_c,c3_b0.1,3,0.1,0.0914,program/MedMNISTMerge/result/organcmnist(1).md
organcmnist,small,convnext,iso_c,c5_b0,5,0.0,0.0678,program/MedMNISTMerge/result/organcmnist(1).md
organcmnist,small,convnext,iso_c,c5_b0.01,5,0.01,0.0525,program/MedMNISTMerge/result/organcmnist(1).md
organcmnist,small,convnext,iso_c,c5_b0.1,5,0.1,0.0895,program/MedMNISTMerge/result/organcmnist(1).md
organcmnist,small,convnext,iso_c,c7_b0,7,0.0,0.0913,program/MedMNISTMerge/result/organcmnist(1).md
organcmnist,small,convnext,iso_c,c7_b0.01,7,0.01,0.101,program/MedMNISTMerge/result/organcmnist(1).md
organcmnist,small,convnext,iso_c,c7_b0.1,7,0.1,0.0913,program/MedMNISTMerge/result/organcmnist(1).md
organcmnist,small,convnext,free_merge,c3_b0,3,0.0,0.0919,program/MedMNISTMerge/result/organcmnist(1).md
organcmnist,small,convnext,free_merge,c3_b0.01,3,0.01,0.0885,program/MedMNISTMerge/result/organcmnist(1).md
organcmnist,small,convnext,free_merge,c3_b0.1,3,0.1,0.0913,program/MedMNISTMerge/result/organcmnist(1).md
organcmnist,small,convnext,free_merge,c5_b0,5,0.0,0.2233,program/MedMNISTMerge/result/organcmnist(1).md
organcmnist,small,convnext,free_merge,c5_b0.01,5,0.01,0.0525,program/MedMNISTMerge/result/organcmnist(1).md
organcmnist,small,convnext,free_merge,c5_b0.1,5,0.1,0.0895,program/MedMNISTMerge/result/organcmnist(1).md
organcmnist,small,convnext,free_merge,c7_b0,7,0.0,0.2233,program/MedMNISTMerge/result/organcmnist(1).md
organcmnist,small,convnext,free_merge,c7_b0.01,7,0.01,0.1008,program/MedMNISTMerge/result/organcmnist(1).md
organcmnist,small,convnext,free_merge,c7_b0.1,7,0.1,0.0913,program/MedMNISTMerge/result/organcmnist(1).md
organcmnist,small,convnext,robustmerge,c3_b0,3,0.0,0.2233,program/MedMNISTMerge/result/organcmnist(1).md
organcmnist,small,convnext,robustmerge,c3_b0.01,3,0.01,0.1036,program/MedMNISTMerge/result/organcmnist(1).md
organcmnist,small,convnext,robustmerge,c3_b0.1,3,0.1,0.0913,program/MedMNISTMerge/result/organcmnist(1).md
organcmnist,small,convnext,robustmerge,c5_b0,5,0.0,0.2233,program/MedMNISTMerge/result/organcmnist(1).md
organcmnist,small,convnext,robustmerge,c5_b0.01,5,0.01,0.0525,program/MedMNISTMerge/result/organcmnist(1).md
organcmnist,small,convnext,robustmerge,c5_b0.1,5,0.1,0.0895,program/MedMNISTMerge/result/organcmnist(1).md
organcmnist,small,convnext,robustmerge,c7_b0,7,0.0,0.2233,program/MedMNISTMerge/result/organcmnist(1).md
organcmnist,small,convnext,robustmerge,c7_b0.01,7,0.01,0.2233,program/MedMNISTMerge/result/organcmnist(1).md
organcmnist,small,convnext,robustmerge,c7_b0.1,7,0.1,0.0913,program/MedMNISTMerge/result/organcmnist(1).md
organcmnist,small,vit_t,avg,c3_b0,3,0.0,0.161,program/MedMNISTMerge/result/organcmnist(1).md
organcmnist,small,vit_t,avg,c3_b0.01,3,0.01,0.1506,program/MedMNISTMerge/result/organcmnist(1).md
organcmnist,small,vit_t,avg,c3_b0.1,3,0.1,0.1855,program/MedMNISTMerge/result/organcmnist(1).md
organcmnist,small,vit_t,avg,c5_b0,5,0.0,0.0525,program/MedMNISTMerge/result/organcmnist(1).md
organcmnist,small,vit_t,avg,c5_b0.01,5,0.01,0.0921,program/MedMNISTMerge/result/organcmnist(1).md
organcmnist,small,vit_t,avg,c5_b0.1,5,0.1,0.1683,program/MedMNISTMerge/result/organcmnist(1).md
organcmnist,small,vit_t,avg,c7_b0,7,0.0,0.1254,program/MedMNISTMerge/result/organcmnist(1).md
organcmnist,small,vit_t,avg,c7_b0.01,7,0.01,0.0613,program/MedMNISTMerge/result/organcmnist(1).md
organcmnist,small,vit_t,avg,c7_b0.1,7,0.1,0.0988,program/MedMNISTMerge/result/organcmnist(1).md
organcmnist,small,vit_t,ties,c3_b0,3,0.0,0.125,program/MedMNISTMerge/result/organcmnist(1).md
organcmnist,small,vit_t,ties,c3_b0.01,3,0.01,0.1528,program/MedMNISTMerge/result/organcmnist(1).md
organcmnist,small,vit_t,ties,c3_b0.1,3,0.1,0.1245,program/MedMNISTMerge/result/organcmnist(1).md
organcmnist,small,vit_t,ties,c5_b0,5,0.0,0.1246,program/MedMNISTMerge/result/organcmnist(1).md
organcmnist,small,vit_t,ties,c5_b0.01,5,0.01,0.1196,program/MedMNISTMerge/result/organcmnist(1).md
organcmnist,small,vit_t,ties,c5_b0.1,5,0.1,0.1226,program/MedMNISTMerge/result/organcmnist(1).md
organcmnist,small,vit_t,ties,c7_b0,7,0.0,0.1398,program/MedMNISTMerge/result/organcmnist(1).md
organcmnist,small,vit_t,ties,c7_b0.01,7,0.01,0.0525,program/MedMNISTMerge/result/organcmnist(1).md
organcmnist,small,vit_t,ties,c7_b0.1,7,0.1,0.0936,program/MedMNISTMerge/result/organcmnist(1).md
organcmnist,small,vit_t,dare_linear,c3_b0,3,0.0,0.0879,program/MedMNISTMerge/result/organcmnist(1).md
organcmnist,small,vit_t,dare_linear,c3_b0.01,3,0.01,0.1839,program/MedMNISTMerge/result/organcmnist(1).md
organcmnist,small,vit_t,dare_linear,c3_b0.1,3,0.1,0.1884,program/MedMNISTMerge/result/organcmnist(1).md
organcmnist,small,vit_t,dare_linear,c5_b0,5,0.0,0.0584,program/MedMNISTMerge/result/organcmnist(1).md
organcmnist,small,vit_t,dare_linear,c5_b0.01,5,0.01,0.0525,program/MedMNISTMerge/result/organcmnist(1).md
organcmnist,small,vit_t,dare_linear,c5_b0.1,5,0.1,0.1728,program/MedMNISTMerge/result/organcmnist(1).md
organcmnist,small,vit_t,dare_linear,c7_b0,7,0.0,0.0376,program/MedMNISTMerge/result/organcmnist(1).md
organcmnist,small,vit_t,dare_linear,c7_b0.01,7,0.01,0.0744,program/MedMNISTMerge/result/organcmnist(1).md
organcmnist,small,vit_t,dare_linear,c7_b0.1,7,0.1,0.0992,program/MedMNISTMerge/result/organcmnist(1).md
organcmnist,small,vit_t,dare_ties,c3_b0,3,0.0,0.1328,program/MedMNISTMerge/result/organcmnist(1).md
organcmnist,small,vit_t,dare_ties,c3_b0.01,3,0.01,0.1279,program/MedMNISTMerge/result/organcmnist(1).md
organcmnist,small,vit_t,dare_ties,c3_b0.1,3,0.1,0.1148,program/MedMNISTMerge/result/organcmnist(1).md
organcmnist,small,vit_t,dare_ties,c5_b0,5,0.0,0.0512,program/MedMNISTMerge/result/organcmnist(1).md
organcmnist,small,vit_t,dare_ties,c5_b0.01,5,0.01,0.12,program/MedMNISTMerge/result/organcmnist(1).md
organcmnist,small,vit_t,dare_ties,c5_b0.1,5,0.1,0.0997,program/MedMNISTMerge/result/organcmnist(1).md
organcmnist,small,vit_t,dare_ties,c7_b0,7,0.0,0.0512,program/MedMNISTMerge/result/organcmnist(1).md
organcmnist,small,vit_t,dare_ties,c7_b0.01,7,0.01,0.1663,program/MedMNISTMerge/result/organcmnist(1).md
organcmnist,small,vit_t,dare_ties,c7_b0.1,7,0.1,0.0923,program/MedMNISTMerge/result/organcmnist(1).md
organcmnist,small,vit_t,regmean,c3_b0,3,0.0,0.0992,program/MedMNISTMerge/result/organcmnist(1).md
organcmnist,small,vit_t,regmean,c3_b0.01,3,0.01,0.1335,program/MedMNISTMerge/result/organcmnist(1).md
organcmnist,small,vit_t,regmean,c3_b0.1,3,0.1,0.1423,program/MedMNISTMerge/result/organcmnist(1).md
organcmnist,small,vit_t,regmean,c5_b0,5,0.0,0.1041,program/MedMNISTMerge/result/organcmnist(1).md
organcmnist,small,vit_t,regmean,c5_b0.01,5,0.01,0.0982,program/MedMNISTMerge/result/organcmnist(1).md
organcmnist,small,vit_t,regmean,c5_b0.1,5,0.1,0.0869,program/MedMNISTMerge/result/organcmnist(1).md
organcmnist,small,vit_t,regmean,c7_b0,7,0.0,0.1565,program/MedMNISTMerge/result/organcmnist(1).md
organcmnist,small,vit_t,regmean,c7_b0.01,7,0.01,0.0593,program/MedMNISTMerge/result/organcmnist(1).md
organcmnist,small,vit_t,regmean,c7_b0.1,7,0.1,0.079,program/MedMNISTMerge/result/organcmnist(1).md
organcmnist,small,vit_t,fisher,c3_b0,3,0.0,0.0787,program/MedMNISTMerge/result/organcmnist(1).md
organcmnist,small,vit_t,fisher,c3_b0.01,3,0.01,0.093,program/MedMNISTMerge/result/organcmnist(1).md
organcmnist,small,vit_t,fisher,c3_b0.1,3,0.1,0.0679,program/MedMNISTMerge/result/organcmnist(1).md
organcmnist,small,vit_t,fisher,c5_b0,5,0.0,0.117,program/MedMNISTMerge/result/organcmnist(1).md
organcmnist,small,vit_t,fisher,c5_b0.01,5,0.01,0.1123,program/MedMNISTMerge/result/organcmnist(1).md
organcmnist,small,vit_t,fisher,c5_b0.1,5,0.1,0.0924,program/MedMNISTMerge/result/organcmnist(1).md
organcmnist,small,vit_t,fisher,c7_b0,7,0.0,0.121,program/MedMNISTMerge/result/organcmnist(1).md
organcmnist,small,vit_t,fisher,c7_b0.01,7,0.01,0.2438,program/MedMNISTMerge/result/organcmnist(1).md
organcmnist,small,vit_t,fisher,c7_b0.1,7,0.1,0.0623,program/MedMNISTMerge/result/organcmnist(1).md
organcmnist,small,vit_t,breadcrumbs,c3_b0,3,0.0,0.0529,program/MedMNISTMerge/result/organcmnist(1).md
organcmnist,small,vit_t,breadcrumbs,c3_b0.01,3,0.01,0.1212,program/MedMNISTMerge/result/organcmnist(1).md
organcmnist,small,vit_t,breadcrumbs,c3_b0.1,3,0.1,0.0578,program/MedMNISTMerge/result/organcmnist(1).md
organcmnist,small,vit_t,breadcrumbs,c5_b0,5,0.0,0.1708,program/MedMNISTMerge/result/organcmnist(1).md
organcmnist,small,vit_t,breadcrumbs,c5_b0.01,5,0.01,0.027,program/MedMNISTMerge/result/organcmnist(1).md
organcmnist,small,vit_t,breadcrumbs,c5_b0.1,5,0.1,0.1024,program/MedMNISTMerge/result/organcmnist(1).md
organcmnist,small,vit_t,breadcrumbs,c7_b0,7,0.0,0.2089,program/MedMNISTMerge/result/organcmnist(1).md
organcmnist,small,vit_t,breadcrumbs,c7_b0.01,7,0.01,0.2261,program/MedMNISTMerge/result/organcmnist(1).md
organcmnist,small,vit_t,breadcrumbs,c7_b0.1,7,0.1,0.0581,program/MedMNISTMerge/result/organcmnist(1).md
organcmnist,small,vit_t,model_stock,c3_b0,3,0.0,0.0969,program/MedMNISTMerge/result/organcmnist(1).md
organcmnist,small,vit_t,model_stock,c3_b0.01,3,0.01,0.1508,program/MedMNISTMerge/result/organcmnist(1).md
organcmnist,small,vit_t,model_stock,c3_b0.1,3,0.1,0.1988,program/MedMNISTMerge/result/organcmnist(1).md
organcmnist,small,vit_t,model_stock,c5_b0,5,0.0,0.0935,program/MedMNISTMerge/result/organcmnist(1).md
organcmnist,small,vit_t,model_stock,c5_b0.01,5,0.01,0.0914,program/MedMNISTMerge/result/organcmnist(1).md
organcmnist,small,vit_t,model_stock,c5_b0.1,5,0.1,0.1833,program/MedMNISTMerge/result/organcmnist(1).md
organcmnist,small,vit_t,model_stock,c7_b0,7,0.0,0.1771,program/MedMNISTMerge/result/organcmnist(1).md
organcmnist,small,vit_t,model_stock,c7_b0.01,7,0.01,0.0959,program/MedMNISTMerge/result/organcmnist(1).md
organcmnist,small,vit_t,model_stock,c7_b0.1,7,0.1,0.0915,program/MedMNISTMerge/result/organcmnist(1).md
organcmnist,small,vit_t,from,c3_b0,3,0.0,0.1743,program/MedMNISTMerge/result/organcmnist(1).md
organcmnist,small,vit_t,from,c3_b0.01,3,0.01,0.2653,program/MedMNISTMerge/result/organcmnist(1).md
organcmnist,small,vit_t,from,c3_b0.1,3,0.1,0.2048,program/MedMNISTMerge/result/organcmnist(1).md
organcmnist,small,vit_t,from,c5_b0,5,0.0,0.1248,program/MedMNISTMerge/result/organcmnist(1).md
organcmnist,small,vit_t,from,c5_b0.01,5,0.01,0.0979,program/MedMNISTMerge/result/organcmnist(1).md
organcmnist,small,vit_t,from,c5_b0.1,5,0.1,0.1676,program/MedMNISTMerge/result/organcmnist(1).md
organcmnist,small,vit_t,from,c7_b0,7,0.0,0.1164,program/MedMNISTMerge/result/organcmnist(1).md
organcmnist,small,vit_t,from,c7_b0.01,7,0.01,0.0566,program/MedMNISTMerge/result/organcmnist(1).md
organcmnist,small,vit_t,from,c7_b0.1,7,0.1,0.1187,program/MedMNISTMerge/result/organcmnist(1).md
organcmnist,small,vit_t,iso_c,c3_b0,3,0.0,0.0522,program/MedMNISTMerge/result/organcmnist(1).md
organcmnist,small,vit_t,iso_c,c3_b0.01,3,0.01,0.1256,program/MedMNISTMerge/result/organcmnist(1).md
organcmnist,small,vit_t,iso_c,c3_b0.1,3,0.1,0.1473,program/MedMNISTMerge/result/organcmnist(1).md
organcmnist,small,vit_t,iso_c,c5_b0,5,0.0,0.0574,program/MedMNISTMerge/result/organcmnist(1).md
organcmnist,small,vit_t,iso_c,c5_b0.01,5,0.01,0.0576,program/MedMNISTMerge/result/organcmnist(1).md
organcmnist,small,vit_t,iso_c,c5_b0.1,5,0.1,0.0551,program/MedMNISTMerge/result/organcmnist(1).md
organcmnist,small,vit_t,iso_c,c7_b0,7,0.0,0.0539,program/MedMNISTMerge/result/organcmnist(1).md
organcmnist,small,vit_t,iso_c,c7_b0.01,7,0.01,0.1207,program/MedMNISTMerge/result/organcmnist(1).md
organcmnist,small,vit_t,iso_c,c7_b0.1,7,0.1,0.0943,program/MedMNISTMerge/result/organcmnist(1).md
organcmnist,small,vit_t,free_merge,c3_b0,3,0.0,0.1748,program/MedMNISTMerge/result/organcmnist(1).md
organcmnist,small,vit_t,free_merge,c3_b0.01,3,0.01,0.1064,program/MedMNISTMerge/result/organcmnist(1).md
organcmnist,small,vit_t,free_merge,c3_b0.1,3,0.1,0.1463,program/MedMNISTMerge/result/organcmnist(1).md
organcmnist,small,vit_t,free_merge,c5_b0,5,0.0,0.0525,program/MedMNISTMerge/result/organcmnist(1).md
organcmnist,small,vit_t,free_merge,c5_b0.01,5,0.01,0.0936,program/MedMNISTMerge/result/organcmnist(1).md
organcmnist,small,vit_t,free_merge,c5_b0.1,5,0.1,0.1479,program/MedMNISTMerge/result/organcmnist(1).md
organcmnist,small,vit_t,free_merge,c7_b0,7,0.0,0.0779,program/MedMNISTMerge/result/organcmnist(1).md
organcmnist,small,vit_t,free_merge,c7_b0.01,7,0.01,0.0582,program/MedMNISTMerge/result/organcmnist(1).md
organcmnist,small,vit_t,free_merge,c7_b0.1,7,0.1,0.0917,program/MedMNISTMerge/result/organcmnist(1).md
organcmnist,small,vit_t,robustmerge,c3_b0,3,0.0,0.0528,program/MedMNISTMerge/result/organcmnist(1).md
organcmnist,small,vit_t,robustmerge,c3_b0.01,3,0.01,0.125,program/MedMNISTMerge/result/organcmnist(1).md
organcmnist,small,vit_t,robustmerge,c3_b0.1,3,0.1,0.1083,program/MedMNISTMerge/result/organcmnist(1).md
organcmnist,small,vit_t,robustmerge,c5_b0,5,0.0,0.0755,program/MedMNISTMerge/result/organcmnist(1).md
organcmnist,small,vit_t,robustmerge,c5_b0.01,5,0.01,0.0571,program/MedMNISTMerge/result/organcmnist(1).md
organcmnist,small,vit_t,robustmerge,c5_b0.1,5,0.1,0.0525,program/MedMNISTMerge/result/organcmnist(1).md
organcmnist,small,vit_t,robustmerge,c7_b0,7,0.0,0.1178,program/MedMNISTMerge/result/organcmnist(1).md
organcmnist,small,vit_t,robustmerge,c7_b0.01,7,0.01,0.2225,program/MedMNISTMerge/result/organcmnist(1).md
organcmnist,small,vit_t,robustmerge,c7_b0.1,7,0.1,0.0912,program/MedMNISTMerge/result/organcmnist(1).md
organcmnist,small,swin_tiny,avg,c3_b0,3,0.0,0.0885,program/MedMNISTMerge/result/organcmnist(1).md
organcmnist,small,swin_tiny,avg,c3_b0.01,3,0.01,0.1807,program/MedMNISTMerge/result/organcmnist(1).md
organcmnist,small,swin_tiny,avg,c3_b0.1,3,0.1,0.0512,program/MedMNISTMerge/result/organcmnist(1).md
organcmnist,small,swin_tiny,avg,c5_b0,5,0.0,0.2291,program/MedMNISTMerge/result/organcmnist(1).md
organcmnist,small,swin_tiny,avg,c5_b0.01,5,0.01,0.0678,program/MedMNISTMerge/result/organcmnist(1).md
organcmnist,small,swin_tiny,avg,c5_b0.1,5,0.1,0.0913,program/MedMNISTMerge/result/organcmnist(1).md
organcmnist,small,swin_tiny,avg,c7_b0,7,0.0,0.0895,program/MedMNISTMerge/result/organcmnist(1).md
organcmnist,small,swin_tiny,avg,c7_b0.01,7,0.01,0.0555,program/MedMNISTMerge/result/organcmnist(1).md
organcmnist,small,swin_tiny,avg,c7_b0.1,7,0.1,0.0913,program/MedMNISTMerge/result/organcmnist(1).md
organcmnist,small,swin_tiny,ties,c3_b0,3,0.0,0.0885,program/MedMNISTMerge/result/organcmnist(1).md
organcmnist,small,swin_tiny,ties,c3_b0.01,3,0.01,0.2036,program/MedMNISTMerge/result/organcmnist(1).md
organcmnist,small,swin_tiny,ties,c3_b0.1,3,0.1,0.056,program/MedMNISTMerge/result/organcmnist(1).md
organcmnist,small,swin_tiny,ties,c5_b0,5,0.0,0.0678,program/MedMNISTMerge/result/organcmnist(1).md
organcmnist,small,swin_tiny,ties,c5_b0.01,5,0.01,0.0533,program/MedMNISTMerge/result/organcmnist(1).md
organcmnist,small,swin_tiny,ties,c5_b0.1,5,0.1,0.0895,program/MedMNISTMerge/result/organcmnist(1).md
organcmnist,small,swin_tiny,ties,c7_b0,7,0.0,0.0913,program/MedMNISTMerge/result/organcmnist(1).md
organcmnist,small,swin_tiny,ties,c7_b0.01,7,0.01,0.0977,program/MedMNISTMerge/result/organcmnist(1).md
organcmnist,small,swin_tiny,ties,c7_b0.1,7,0.1,0.0913,program/MedMNISTMerge/result/organcmnist(1).md
organcmnist,small,swin_tiny,dare_linear,c3_b0,3,0.0,0.0885,program/MedMNISTMerge/result/organcmnist(1).md
organcmnist,small,swin_tiny,dare_linear,c3_b0.01,3,0.01,0.2069,program/MedMNISTMerge/result/organcmnist(1).md
organcmnist,small,swin_tiny,dare_linear,c3_b0.1,3,0.1,0.0512,program/MedMNISTMerge/result/organcmnist(1).md
organcmnist,small,swin_tiny,dare_linear,c5_b0,5,0.0,0.2233,program/MedMNISTMerge/result/organcmnist(1).md
organcmnist,small,swin_tiny,dare_linear,c5_b0.01,5,0.01,0.0668,program/MedMNISTMerge/result/organcmnist(1).md
organcmnist,small,swin_tiny,dare_linear,c5_b0.1,5,0.1,0.0913,program/MedMNISTMerge/result/organcmnist(1).md
organcmnist,small,swin_tiny,dare_linear,c7_b0,7,0.0,0.0895,program/MedMNISTMerge/result/organcmnist(1).md
organcmnist,small,swin_tiny,dare_linear,c7_b0.01,7,0.01,0.0521,program/MedMNISTMerge/result/organcmnist(1).md
organcmnist,small,swin_tiny,dare_linear,c7_b0.1,7,0.1,0.0913,program/MedMNISTMerge/result/organcmnist(1).md
organcmnist,small,swin_tiny,dare_ties,c3_b0,3,0.0,0.0885,program/MedMNISTMerge/result/organcmnist(1).md
organcmnist,small,swin_tiny,dare_ties,c3_b0.01,3,0.01,0.244,program/MedMNISTMerge/result/organcmnist(1).md
organcmnist,small,swin_tiny,dare_ties,c3_b0.1,3,0.1,0.0503,program/MedMNISTMerge/result/organcmnist(1).md
organcmnist,small,swin_tiny,dare_ties,c5_b0,5,0.0,0.0885,program/MedMNISTMerge/result/organcmnist(1).md
organcmnist,small,swin_tiny,dare_ties,c5_b0.01,5,0.01,0.0525,program/MedMNISTMerge/result/organcmnist(1).md
organcmnist,small,swin_tiny,dare_ties,c5_b0.1,5,0.1,0.0913,program/MedMNISTMerge/result/organcmnist(1).md
organcmnist,small,swin_tiny,dare_ties,c7_b0,7,0.0,0.1318,program/MedMNISTMerge/result/organcmnist(1).md
organcmnist,small,swin_tiny,dare_ties,c7_b0.01,7,0.01,0.1022,program/MedMNISTMerge/result/organcmnist(1).md
organcmnist,small,swin_tiny,dare_ties,c7_b0.1,7,0.1,0.1008,program/MedMNISTMerge/result/organcmnist(1).md
organcmnist,small,swin_tiny,regmean,c3_b0,3,0.0,0.0885,program/MedMNISTMerge/result/organcmnist(1).md
organcmnist,small,swin_tiny,regmean,c3_b0.01,3,0.01,0.221,program/MedMNISTMerge/result/organcmnist(1).md
organcmnist,small,swin_tiny,regmean,c3_b0.1,3,0.1,0.1137,program/MedMNISTMerge/result/organcmnist(1).md
organcmnist,small,swin_tiny,regmean,c5_b0,5,0.0,0.0895,program/MedMNISTMerge/result/organcmnist(1).md
organcmnist,small,swin_tiny,regmean,c5_b0.01,5,0.01,0.0512,program/MedMNISTMerge/result/organcmnist(1).md
organcmnist,small,swin_tiny,regmean,c5_b0.1,5,0.1,0.0913,program/MedMNISTMerge/result/organcmnist(1).md
organcmnist,small,swin_tiny,regmean,c7_b0,7,0.0,0.0913,program/MedMNISTMerge/result/organcmnist(1).md
organcmnist,small,swin_tiny,regmean,c7_b0.01,7,0.01,0.1008,program/MedMNISTMerge/result/organcmnist(1).md
organcmnist,small,swin_tiny,regmean,c7_b0.1,7,0.1,0.0512,program/MedMNISTMerge/result/organcmnist(1).md
organcmnist,small,swin_tiny,fisher,c3_b0,3,0.0,0.1014,program/MedMNISTMerge/result/organcmnist(1).md
organcmnist,small,swin_tiny,fisher,c3_b0.01,3,0.01,0.0915,program/MedMNISTMerge/result/organcmnist(1).md
organcmnist,small,swin_tiny,fisher,c3_b0.1,3,0.1,0.0512,program/MedMNISTMerge/result/organcmnist(1).md
organcmnist,small,swin_tiny,fisher,c5_b0,5,0.0,0.1171,program/MedMNISTMerge/result/organcmnist(1).md
organcmnist,small,swin_tiny,fisher,c5_b0.01,5,0.01,0.0525,program/MedMNISTMerge/result/organcmnist(1).md
organcmnist,small,swin_tiny,fisher,c5_b0.1,5,0.1,0.1003,program/MedMNISTMerge/result/organcmnist(1).md
organcmnist,small,swin_tiny,fisher,c7_b0,7,0.0,0.0895,program/MedMNISTMerge/result/organcmnist(1).md
organcmnist,small,swin_tiny,fisher,c7_b0.01,7,0.01,0.1171,program/MedMNISTMerge/result/organcmnist(1).md
organcmnist,small,swin_tiny,fisher,c7_b0.1,7,0.1,0.0868,program/MedMNISTMerge/result/organcmnist(1).md
organcmnist,small,swin_tiny,breadcrumbs,c3_b0,3,0.0,0.2483,program/MedMNISTMerge/result/organcmnist(1).md
organcmnist,small,swin_tiny,breadcrumbs,c3_b0.01,3,0.01,0.134,program/MedMNISTMerge/result/organcmnist(1).md
organcmnist,small,swin_tiny,breadcrumbs,c3_b0.1,3,0.1,0.0512,program/MedMNISTMerge/result/organcmnist(1).md
organcmnist,small,swin_tiny,breadcrumbs,c5_b0,5,0.0,0.2233,program/MedMNISTMerge/result/organcmnist(1).md
organcmnist,small,swin_tiny,breadcrumbs,c5_b0.01,5,0.01,0.0882,program/MedMNISTMerge/result/organcmnist(1).md
organcmnist,small,swin_tiny,breadcrumbs,c5_b0.1,5,0.1,0.2233,program/MedMNISTMerge/result/organcmnist(1).md
organcmnist,small,swin_tiny,breadcrumbs,c7_b0,7,0.0,0.2233,program/MedMNISTMerge/result/organcmnist(1).md
organcmnist,small,swin_tiny,breadcrumbs,c7_b0.01,7,0.01,0.2233,program/MedMNISTMerge/result/organcmnist(1).md
organcmnist,small,swin_tiny,breadcrumbs,c7_b0.1,7,0.1,0.0512,program/MedMNISTMerge/result/organcmnist(1).md
organcmnist,small,swin_tiny,model_stock,c3_b0,3,0.0,0.1171,program/MedMNISTMerge/result/organcmnist(1).md
organcmnist,small,swin_tiny,model_stock,c3_b0.01,3,0.01,0.1646,program/MedMNISTMerge/result/organcmnist(1).md
organcmnist,small,swin_tiny,model_stock,c3_b0.1,3,0.1,0.0512,program/MedMNISTMerge/result/organcmnist(1).md
organcmnist,small,swin_tiny,model_stock,c5_b0,5,0.0,0.0731,program/MedMNISTMerge/result/organcmnist(1).md
organcmnist,small,swin_tiny,model_stock,c5_b0.01,5,0.01,0.0668,program/MedMNISTMerge/result/organcmnist(1).md
organcmnist,small,swin_tiny,model_stock,c5_b0.1,5,0.1,0.0913,program/MedMNISTMerge/result/organcmnist(1).md
organcmnist,small,swin_tiny,model_stock,c7_b0,7,0.0,0.2233,program/MedMNISTMerge/result/organcmnist(1).md
organcmnist,small,swin_tiny,model_stock,c7_b0.01,7,0.01,0.1065,program/MedMNISTMerge/result/organcmnist(1).md
organcmnist,small,swin_tiny,model_stock,c7_b0.1,7,0.1,0.0913,program/MedMNISTMerge/result/organcmnist(1).md
organcmnist,small,swin_tiny,from,c3_b0,3,0.0,0.0885,program/MedMNISTMerge/result/organcmnist(1).md
organcmnist,small,swin_tiny,from,c3_b0.01,3,0.01,0.2112,program/MedMNISTMerge/result/organcmnist(1).md
organcmnist,small,swin_tiny,from,c3_b0.1,3,0.1,0.0525,program/MedMNISTMerge/result/organcmnist(1).md
organcmnist,small,swin_tiny,from,c5_b0,5,0.0,0.2233,program/MedMNISTMerge/result/organcmnist(1).md
organcmnist,small,swin_tiny,from,c5_b0.01,5,0.01,0.0512,program/MedMNISTMerge/result/organcmnist(1).md
organcmnist,small,swin_tiny,from,c5_b0.1,5,0.1,0.0913,program/MedMNISTMerge/result/organcmnist(1).md
organcmnist,small,swin_tiny,from,c7_b0,7,0.0,0.0913,program/MedMNISTMerge/result/organcmnist(1).md
organcmnist,small,swin_tiny,from,c7_b0.01,7,0.01,0.1328,program/MedMNISTMerge/result/organcmnist(1).md
organcmnist,small,swin_tiny,from,c7_b0.1,7,0.1,0.0913,program/MedMNISTMerge/result/organcmnist(1).md
organcmnist,small,swin_tiny,iso_c,c3_b0,3,0.0,0.0847,program/MedMNISTMerge/result/organcmnist(1).md
organcmnist,small,swin_tiny,iso_c,c3_b0.01,3,0.01,0.1807,program/MedMNISTMerge/result/organcmnist(1).md
organcmnist,small,swin_tiny,iso_c,c3_b0.1,3,0.1,0.1251,program/MedMNISTMerge/result/organcmnist(1).md
organcmnist,small,swin_tiny,iso_c,c5_b0,5,0.0,0.2005,program/MedMNISTMerge/result/organcmnist(1).md
organcmnist,small,swin_tiny,iso_c,c5_b0.01,5,0.01,0.1065,program/MedMNISTMerge/result/organcmnist(1).md
organcmnist,small,swin_tiny,iso_c,c5_b0.1,5,0.1,0.0913,program/MedMNISTMerge/result/organcmnist(1).md
organcmnist,small,swin_tiny,iso_c,c7_b0,7,0.0,0.2405,program/MedMNISTMerge/result/organcmnist(1).md
organcmnist,small,swin_tiny,iso_c,c7_b0.01,7,0.01,0.1042,program/MedMNISTMerge/result/organcmnist(1).md
organcmnist,small,swin_tiny,iso_c,c7_b0.1,7,0.1,0.0959,program/MedMNISTMerge/result/organcmnist(1).md
organcmnist,small,swin_tiny,free_merge,c3_b0,3,0.0,0.1008,program/MedMNISTMerge/result/organcmnist(1).md
organcmnist,small,swin_tiny,free_merge,c3_b0.01,3,0.01,0.1357,program/MedMNISTMerge/result/organcmnist(1).md
organcmnist,small,swin_tiny,free_merge,c3_b0.1,3,0.1,0.0512,program/MedMNISTMerge/result/organcmnist(1).md
organcmnist,small,swin_tiny,free_merge,c5_b0,5,0.0,0.254,program/MedMNISTMerge/result/organcmnist(1).md
organcmnist,small,swin_tiny,free_merge,c5_b0.01,5,0.01,0.0678,program/MedMNISTMerge/result/organcmnist(1).md
organcmnist,small,swin_tiny,free_merge,c5_b0.1,5,0.1,0.0913,program/MedMNISTMerge/result/organcmnist(1).md
organcmnist,small,swin_tiny,free_merge,c7_b0,7,0.0,0.0895,program/MedMNISTMerge/result/organcmnist(1).md
organcmnist,small,swin_tiny,free_merge,c7_b0.01,7,0.01,0.0863,program/MedMNISTMerge/result/organcmnist(1).md
organcmnist,small,swin_tiny,free_merge,c7_b0.1,7,0.1,0.0913,program/MedMNISTMerge/result/organcmnist(1).md
organcmnist,small,swin_tiny,robustmerge,c3_b0,3,0.0,0.2248,program/MedMNISTMerge/result/organcmnist(1).md
organcmnist,small,swin_tiny,robustmerge,c3_b0.01,3,0.01,0.2041,program/MedMNISTMerge/result/organcmnist(1).md
organcmnist,small,swin_tiny,robustmerge,c3_b0.1,3,0.1,0.0512,program/MedMNISTMerge/result/organcmnist(1).md
organcmnist,small,swin_tiny,robustmerge,c5_b0,5,0.0,0.2233,program/MedMNISTMerge/result/organcmnist(1).md
organcmnist,small,swin_tiny,robustmerge,c5_b0.01,5,0.01,0.1179,program/MedMNISTMerge/result/organcmnist(1).md
organcmnist,small,swin_tiny,robustmerge,c5_b0.1,5,0.1,0.0913,program/MedMNISTMerge/result/organcmnist(1).md
organcmnist,small,swin_tiny,robustmerge,c7_b0,7,0.0,0.2233,program/MedMNISTMerge/result/organcmnist(1).md
organcmnist,small,swin_tiny,robustmerge,c7_b0.01,7,0.01,0.2735,program/MedMNISTMerge/result/organcmnist(1).md
organcmnist,small,swin_tiny,robustmerge,c7_b0.1,7,0.1,0.0913,program/MedMNISTMerge/result/organcmnist(1).md
organcmnist,small,densenet,avg,c3_b0,3,0.0,0.0892,program/MedMNISTMerge/result/organcmnist(1).md
organcmnist,small,densenet,avg,c3_b0.01,3,0.01,0.0895,program/MedMNISTMerge/result/organcmnist(1).md
organcmnist,small,densenet,avg,c3_b0.1,3,0.1,0.1003,program/MedMNISTMerge/result/organcmnist(1).md
organcmnist,small,densenet,avg,c5_b0,5,0.0,0.1008,program/MedMNISTMerge/result/organcmnist(1).md
organcmnist,small,densenet,avg,c5_b0.01,5,0.01,0.0525,program/MedMNISTMerge/result/organcmnist(1).md
organcmnist,small,densenet,avg,c5_b0.1,5,0.1,0.0959,program/MedMNISTMerge/result/organcmnist(1).md
organcmnist,small,densenet,avg,c7_b0,7,0.0,0.1971,program/MedMNISTMerge/result/organcmnist(1).md
organcmnist,small,densenet,avg,c7_b0.01,7,0.01,0.0526,program/MedMNISTMerge/result/organcmnist(1).md
organcmnist,small,densenet,avg,c7_b0.1,7,0.1,0.1231,program/MedMNISTMerge/result/organcmnist(1).md
organcmnist,small,densenet,ties,c3_b0,3,0.0,0.0889,program/MedMNISTMerge/result/organcmnist(1).md
organcmnist,small,densenet,ties,c3_b0.01,3,0.01,0.0895,program/MedMNISTMerge/result/organcmnist(1).md
organcmnist,small,densenet,ties,c3_b0.1,3,0.1,0.4468,program/MedMNISTMerge/result/organcmnist(1).md
organcmnist,small,densenet,ties,c5_b0,5,0.0,0.1277,program/MedMNISTMerge/result/organcmnist(1).md
organcmnist,small,densenet,ties,c5_b0.01,5,0.01,0.1949,program/MedMNISTMerge/result/organcmnist(1).md
organcmnist,small,densenet,ties,c5_b0.1,5,0.1,0.2633,program/MedMNISTMerge/result/organcmnist(1).md
organcmnist,small,densenet,ties,c7_b0,7,0.0,0.1009,program/MedMNISTMerge/result/organcmnist(1).md
organcmnist,small,densenet,ties,c7_b0.01,7,0.01,0.1403,program/MedMNISTMerge/result/organcmnist(1).md
organcmnist,small,densenet,ties,c7_b0.1,7,0.1,0.1027,program/MedMNISTMerge/result/organcmnist(1).md
organcmnist,small,densenet,dare_linear,c3_b0,3,0.0,0.1205,program/MedMNISTMerge/result/organcmnist(1).md
organcmnist,small,densenet,dare_linear,c3_b0.01,3,0.01,0.0895,program/MedMNISTMerge/result/organcmnist(1).md
organcmnist,small,densenet,dare_linear,c3_b0.1,3,0.1,0.092,program/MedMNISTMerge/result/organcmnist(1).md
organcmnist,small,densenet,dare_linear,c5_b0,5,0.0,0.1061,program/MedMNISTMerge/result/organcmnist(1).md
organcmnist,small,densenet,dare_linear,c5_b0.01,5,0.01,0.0525,program/MedMNISTMerge/result/organcmnist(1).md
organcmnist,small,densenet,dare_linear,c5_b0.1,5,0.1,0.1249,program/MedMNISTMerge/result/organcmnist(1).md
organcmnist,small,densenet,dare_linear,c7_b0,7,0.0,0.2203,program/MedMNISTMerge/result/organcmnist(1).md
organcmnist,small,densenet,dare_linear,c7_b0.01,7,0.01,0.0525,program/MedMNISTMerge/result/organcmnist(1).md
organcmnist,small,densenet,dare_linear,c7_b0.1,7,0.1,0.1201,program/MedMNISTMerge/result/organcmnist(1).md
organcmnist,small,densenet,dare_ties,c3_b0,3,0.0,0.1054,program/MedMNISTMerge/result/organcmnist(1).md
organcmnist,small,densenet,dare_ties,c3_b0.01,3,0.01,0.0986,program/MedMNISTMerge/result/organcmnist(1).md
organcmnist,small,densenet,dare_ties,c3_b0.1,3,0.1,0.3093,program/MedMNISTMerge/result/organcmnist(1).md
organcmnist,small,densenet,dare_ties,c5_b0,5,0.0,0.129,program/MedMNISTMerge/result/organcmnist(1).md
organcmnist,small,densenet,dare_ties,c5_b0.01,5,0.01,0.242,program/MedMNISTMerge/result/organcmnist(1).md
organcmnist,small,densenet,dare_ties,c5_b0.1,5,0.1,0.3323,program/MedMNISTMerge/result/organcmnist(1).md
organcmnist,small,densenet,dare_ties,c7_b0,7,0.0,0.0624,program/MedMNISTMerge/result/organcmnist(1).md
organcmnist,small,densenet,dare_ties,c7_b0.01,7,0.01,0.1702,program/MedMNISTMerge/result/organcmnist(1).md
organcmnist,small,densenet,dare_ties,c7_b0.1,7,0.1,0.1095,program/MedMNISTMerge/result/organcmnist(1).md
organcmnist,small,densenet,regmean,c3_b0,3,0.0,0.0885,program/MedMNISTMerge/result/organcmnist(1).md
organcmnist,small,densenet,regmean,c3_b0.01,3,0.01,0.0895,program/MedMNISTMerge/result/organcmnist(1).md
organcmnist,small,densenet,regmean,c3_b0.1,3,0.1,0.1121,program/MedMNISTMerge/result/organcmnist(1).md
organcmnist,small,densenet,regmean,c5_b0,5,0.0,0.2255,program/MedMNISTMerge/result/organcmnist(1).md
organcmnist,small,densenet,regmean,c5_b0.01,5,0.01,0.0975,program/MedMNISTMerge/result/organcmnist(1).md
organcmnist,small,densenet,regmean,c5_b0.1,5,0.1,0.1161,program/MedMNISTMerge/result/organcmnist(1).md
organcmnist,small,densenet,regmean,c7_b0,7,0.0,0.0482,program/MedMNISTMerge/result/organcmnist(1).md
organcmnist,small,densenet,regmean,c7_b0.01,7,0.01,0.0553,program/MedMNISTMerge/result/organcmnist(1).md
organcmnist,small,densenet,regmean,c7_b0.1,7,0.1,0.1464,program/MedMNISTMerge/result/organcmnist(1).md
organcmnist,small,densenet,fisher,c3_b0,3,0.0,0.0885,program/MedMNISTMerge/result/organcmnist(1).md
organcmnist,small,densenet,fisher,c3_b0.01,3,0.01,0.1075,program/MedMNISTMerge/result/organcmnist(1).md
organcmnist,small,densenet,fisher,c3_b0.1,3,0.1,0.4583,program/MedMNISTMerge/result/organcmnist(1).md
organcmnist,small,densenet,fisher,c5_b0,5,0.0,0.1132,program/MedMNISTMerge/result/organcmnist(1).md
organcmnist,small,densenet,fisher,c5_b0.01,5,0.01,0.1243,program/MedMNISTMerge/result/organcmnist(1).md
organcmnist,small,densenet,fisher,c5_b0.1,5,0.1,0.1489,program/MedMNISTMerge/result/organcmnist(1).md
organcmnist,small,densenet,fisher,c7_b0,7,0.0,0.3262,program/MedMNISTMerge/result/organcmnist(1).md
organcmnist,small,densenet,fisher,c7_b0.01,7,0.01,0.1463,program/MedMNISTMerge/result/organcmnist(1).md
organcmnist,small,densenet,fisher,c7_b0.1,7,0.1,0.1265,program/MedMNISTMerge/result/organcmnist(1).md
organcmnist,small,densenet,breadcrumbs,c3_b0,3,0.0,0.08,program/MedMNISTMerge/result/organcmnist(1).md
organcmnist,small,densenet,breadcrumbs,c3_b0.01,3,0.01,0.1008,program/MedMNISTMerge/result/organcmnist(1).md
organcmnist,small,densenet,breadcrumbs,c3_b0.1,3,0.1,0.0895,program/MedMNISTMerge/result/organcmnist(1).md
organcmnist,small,densenet,breadcrumbs,c5_b0,5,0.0,0.0895,program/MedMNISTMerge/result/organcmnist(1).md
organcmnist,small,densenet,breadcrumbs,c5_b0.01,5,0.01,0.1022,program/MedMNISTMerge/result/organcmnist(1).md
organcmnist,small,densenet,breadcrumbs,c5_b0.1,5,0.1,0.0895,program/MedMNISTMerge/result/organcmnist(1).md
organcmnist,small,densenet,breadcrumbs,c7_b0,7,0.0,0.0986,program/MedMNISTMerge/result/organcmnist(1).md
organcmnist,small,densenet,breadcrumbs,c7_b0.01,7,0.01,0.0937,program/MedMNISTMerge/result/organcmnist(1).md
organcmnist,small,densenet,breadcrumbs,c7_b0.1,7,0.1,0.0865,program/MedMNISTMerge/result/organcmnist(1).md
organcmnist,small,densenet,model_stock,c3_b0,3,0.0,0.1009,program/MedMNISTMerge/result/organcmnist(1).md
organcmnist,small,densenet,model_stock,c3_b0.01,3,0.01,0.0895,program/MedMNISTMerge/result/organcmnist(1).md
organcmnist,small,densenet,model_stock,c3_b0.1,3,0.1,0.0895,program/MedMNISTMerge/result/organcmnist(1).md
organcmnist,small,densenet,model_stock,c5_b0,5,0.0,0.1294,program/MedMNISTMerge/result/organcmnist(1).md
organcmnist,small,densenet,model_stock,c5_b0.01,5,0.01,0.0868,program/MedMNISTMerge/result/organcmnist(1).md
organcmnist,small,densenet,model_stock,c5_b0.1,5,0.1,0.0895,program/MedMNISTMerge/result/organcmnist(1).md
organcmnist,small,densenet,model_stock,c7_b0,7,0.0,0.2296,program/MedMNISTMerge/result/organcmnist(1).md
organcmnist,small,densenet,model_stock,c7_b0.01,7,0.01,0.0566,program/MedMNISTMerge/result/organcmnist(1).md
organcmnist,small,densenet,model_stock,c7_b0.1,7,0.1,0.0512,program/MedMNISTMerge/result/organcmnist(1).md
organcmnist,small,densenet,from,c3_b0,3,0.0,0.0885,program/MedMNISTMerge/result/organcmnist(1).md
organcmnist,small,densenet,from,c3_b0.01,3,0.01,0.0895,program/MedMNISTMerge/result/organcmnist(1).md
organcmnist,small,densenet,from,c3_b0.1,3,0.1,0.1229,program/MedMNISTMerge/result/organcmnist(1).md
organcmnist,small,densenet,from,c5_b0,5,0.0,0.1008,program/MedMNISTMerge/result/organcmnist(1).md
organcmnist,small,densenet,from,c5_b0.01,5,0.01,0.0784,program/MedMNISTMerge/result/organcmnist(1).md
organcmnist,small,densenet,from,c5_b0.1,5,0.1,0.0721,program/MedMNISTMerge/result/organcmnist(1).md
organcmnist,small,densenet,from,c7_b0,7,0.0,0.2013,program/MedMNISTMerge/result/organcmnist(1).md
organcmnist,small,densenet,from,c7_b0.01,7,0.01,0.0609,program/MedMNISTMerge/result/organcmnist(1).md
organcmnist,small,densenet,from,c7_b0.1,7,0.1,0.1395,program/MedMNISTMerge/result/organcmnist(1).md
organcmnist,small,densenet,iso_c,c3_b0,3,0.0,0.0885,program/MedMNISTMerge/result/organcmnist(1).md
organcmnist,small,densenet,iso_c,c3_b0.01,3,0.01,0.0895,program/MedMNISTMerge/result/organcmnist(1).md
organcmnist,small,densenet,iso_c,c3_b0.1,3,0.1,0.1299,program/MedMNISTMerge/result/organcmnist(1).md
organcmnist,small,densenet,iso_c,c5_b0,5,0.0,0.1008,program/MedMNISTMerge/result/organcmnist(1).md
organcmnist,small,densenet,iso_c,c5_b0.01,5,0.01,0.0525,program/MedMNISTMerge/result/organcmnist(1).md
organcmnist,small,densenet,iso_c,c5_b0.1,5,0.1,0.0516,program/MedMNISTMerge/result/organcmnist(1).md
organcmnist,small,densenet,iso_c,c7_b0,7,0.0,0.1195,program/MedMNISTMerge/result/organcmnist(1).md
organcmnist,small,densenet,iso_c,c7_b0.01,7,0.01,0.0525,program/MedMNISTMerge/result/organcmnist(1).md
organcmnist,small,densenet,iso_c,c7_b0.1,7,0.1,0.0947,program/MedMNISTMerge/result/organcmnist(1).md
organcmnist,small,densenet,free_merge,c3_b0,3,0.0,0.0895,program/MedMNISTMerge/result/organcmnist(1).md
organcmnist,small,densenet,free_merge,c3_b0.01,3,0.01,0.0895,program/MedMNISTMerge/result/organcmnist(1).md
organcmnist,small,densenet,free_merge,c3_b0.1,3,0.1,0.1003,program/MedMNISTMerge/result/organcmnist(1).md
organcmnist,small,densenet,free_merge,c5_b0,5,0.0,0.1008,program/MedMNISTMerge/result/organcmnist(1).md
organcmnist,small,densenet,free_merge,c5_b0.01,5,0.01,0.0525,program/MedMNISTMerge/result/organcmnist(1).md
organcmnist,small,densenet,free_merge,c5_b0.1,5,0.1,0.0959,program/MedMNISTMerge/result/organcmnist(1).md
organcmnist,small,densenet,free_merge,c7_b0,7,0.0,0.1974,program/MedMNISTMerge/result/organcmnist(1).md
organcmnist,small,densenet,free_merge,c7_b0.01,7,0.01,0.0526,program/MedMNISTMerge/result/organcmnist(1).md
organcmnist,small,densenet,free_merge,c7_b0.1,7,0.1,0.1229,program/MedMNISTMerge/result/organcmnist(1).md
organcmnist,small,densenet,robustmerge,c3_b0,3,0.0,0.3306,program/MedMNISTMerge/result/organcmnist(1).md
organcmnist,small,densenet,robustmerge,c3_b0.01,3,0.01,0.1016,program/MedMNISTMerge/result/organcmnist(1).md
organcmnist,small,densenet,robustmerge,c3_b0.1,3,0.1,0.0974,program/MedMNISTMerge/result/organcmnist(1).md
organcmnist,small,densenet,robustmerge,c5_b0,5,0.0,0.2376,program/MedMNISTMerge/result/organcmnist(1).md
organcmnist,small,densenet,robustmerge,c5_b0.01,5,0.01,0.052,program/MedMNISTMerge/result/organcmnist(1).md
organcmnist,small,densenet,robustmerge,c5_b0.1,5,0.1,0.0873,program/MedMNISTMerge/result/organcmnist(1).md
organcmnist,small,densenet,robustmerge,c7_b0,7,0.0,0.2745,program/MedMNISTMerge/result/organcmnist(1).md
organcmnist,small,densenet,robustmerge,c7_b0.01,7,0.01,0.0609,program/MedMNISTMerge/result/organcmnist(1).md
organcmnist,small,densenet,robustmerge,c7_b0.1,7,0.1,0.066,program/MedMNISTMerge/result/organcmnist(1).md
organcmnist,small,efficientnet,avg,c3_b0,3,0.0,0.0885,program/MedMNISTMerge/result/organcmnist(1).md
organcmnist,small,efficientnet,avg,c3_b0.01,3,0.01,0.1008,program/MedMNISTMerge/result/organcmnist(1).md
organcmnist,small,efficientnet,avg,c3_b0.1,3,0.1,0.0946,program/MedMNISTMerge/result/organcmnist(1).md
organcmnist,small,efficientnet,avg,c5_b0,5,0.0,0.1178,program/MedMNISTMerge/result/organcmnist(1).md
organcmnist,small,efficientnet,avg,c5_b0.01,5,0.01,0.1392,program/MedMNISTMerge/result/organcmnist(1).md
organcmnist,small,efficientnet,avg,c5_b0.1,5,0.1,0.0913,program/MedMNISTMerge/result/organcmnist(1).md
organcmnist,small,efficientnet,avg,c7_b0,7,0.0,0.2134,program/MedMNISTMerge/result/organcmnist(1).md
organcmnist,small,efficientnet,avg,c7_b0.01,7,0.01,0.0781,program/MedMNISTMerge/result/organcmnist(1).md
organcmnist,small,efficientnet,avg,c7_b0.1,7,0.1,0.0913,program/MedMNISTMerge/result/organcmnist(1).md
organcmnist,small,efficientnet,ties,c3_b0,3,0.0,0.279,program/MedMNISTMerge/result/organcmnist(1).md
organcmnist,small,efficientnet,ties,c3_b0.01,3,0.01,0.1159,program/MedMNISTMerge/result/organcmnist(1).md
organcmnist,small,efficientnet,ties,c3_b0.1,3,0.1,0.4738,program/MedMNISTMerge/result/organcmnist(1).md
organcmnist,small,efficientnet,ties,c5_b0,5,0.0,0.0964,program/MedMNISTMerge/result/organcmnist(1).md
organcmnist,small,efficientnet,ties,c5_b0.01,5,0.01,0.1907,program/MedMNISTMerge/result/organcmnist(1).md
organcmnist,small,efficientnet,ties,c5_b0.1,5,0.1,0.2814,program/MedMNISTMerge/result/organcmnist(1).md
organcmnist,small,efficientnet,ties,c7_b0,7,0.0,0.1114,program/MedMNISTMerge/result/organcmnist(1).md
organcmnist,small,efficientnet,ties,c7_b0.01,7,0.01,0.1501,program/MedMNISTMerge/result/organcmnist(1).md
organcmnist,small,efficientnet,ties,c7_b0.1,7,0.1,0.0944,program/MedMNISTMerge/result/organcmnist(1).md
organcmnist,small,efficientnet,dare_linear,c3_b0,3,0.0,0.0678,program/MedMNISTMerge/result/organcmnist(1).md
organcmnist,small,efficientnet,dare_linear,c3_b0.01,3,0.01,0.1008,program/MedMNISTMerge/result/organcmnist(1).md
organcmnist,small,efficientnet,dare_linear,c3_b0.1,3,0.1,0.1304,program/MedMNISTMerge/result/organcmnist(1).md
organcmnist,small,efficientnet,dare_linear,c5_b0,5,0.0,0.0678,program/MedMNISTMerge/result/organcmnist(1).md
organcmnist,small,efficientnet,dare_linear,c5_b0.01,5,0.01,0.1295,program/MedMNISTMerge/result/organcmnist(1).md
organcmnist,small,efficientnet,dare_linear,c5_b0.1,5,0.1,0.0913,program/MedMNISTMerge/result/organcmnist(1).md
organcmnist,small,efficientnet,dare_linear,c7_b0,7,0.0,0.0807,program/MedMNISTMerge/result/organcmnist(1).md
organcmnist,small,efficientnet,dare_linear,c7_b0.01,7,0.01,0.0885,program/MedMNISTMerge/result/organcmnist(1).md
organcmnist,small,efficientnet,dare_linear,c7_b0.1,7,0.1,0.0913,program/MedMNISTMerge/result/organcmnist(1).md
organcmnist,small,efficientnet,dare_ties,c3_b0,3,0.0,0.2308,program/MedMNISTMerge/result/organcmnist(1).md
organcmnist,small,efficientnet,dare_ties,c3_b0.01,3,0.01,0.0134,program/MedMNISTMerge/result/organcmnist(1).md
organcmnist,small,efficientnet,dare_ties,c3_b0.1,3,0.1,0.3322,program/MedMNISTMerge/result/organcmnist(1).md
organcmnist,small,efficientnet,dare_ties,c5_b0,5,0.0,0.0929,program/MedMNISTMerge/result/organcmnist(1).md
organcmnist,small,efficientnet,dare_ties,c5_b0.01,5,0.01,0.1957,program/MedMNISTMerge/result/organcmnist(1).md
organcmnist,small,efficientnet,dare_ties,c5_b0.1,5,0.1,0.0562,program/MedMNISTMerge/result/organcmnist(1).md
organcmnist,small,efficientnet,dare_ties,c7_b0,7,0.0,0.1461,program/MedMNISTMerge/result/organcmnist(1).md
organcmnist,small,efficientnet,dare_ties,c7_b0.01,7,0.01,0.1452,program/MedMNISTMerge/result/organcmnist(1).md
organcmnist,small,efficientnet,dare_ties,c7_b0.1,7,0.1,0.115,program/MedMNISTMerge/result/organcmnist(1).md
organcmnist,small,efficientnet,regmean,c3_b0,3,0.0,0.0885,program/MedMNISTMerge/result/organcmnist(1).md
organcmnist,small,efficientnet,regmean,c3_b0.01,3,0.01,0.1008,program/MedMNISTMerge/result/organcmnist(1).md
organcmnist,small,efficientnet,regmean,c3_b0.1,3,0.1,0.0946,program/MedMNISTMerge/result/organcmnist(1).md
organcmnist,small,efficientnet,regmean,c5_b0,5,0.0,0.1178,program/MedMNISTMerge/result/organcmnist(1).md
organcmnist,small,efficientnet,regmean,c5_b0.01,5,0.01,0.1392,program/MedMNISTMerge/result/organcmnist(1).md
organcmnist,small,efficientnet,regmean,c5_b0.1,5,0.1,0.0913,program/MedMNISTMerge/result/organcmnist(1).md
organcmnist,small,efficientnet,regmean,c7_b0,7,0.0,0.2134,program/MedMNISTMerge/result/organcmnist(1).md
organcmnist,small,efficientnet,regmean,c7_b0.01,7,0.01,0.0781,program/MedMNISTMerge/result/organcmnist(1).md
organcmnist,small,efficientnet,regmean,c7_b0.1,7,0.1,0.0913,program/MedMNISTMerge/result/organcmnist(1).md
organcmnist,small,efficientnet,fisher,c3_b0,3,0.0,0.1133,program/MedMNISTMerge/result/organcmnist(1).md
organcmnist,small,efficientnet,fisher,c3_b0.01,3,0.01,0.1741,program/MedMNISTMerge/result/organcmnist(1).md
organcmnist,small,efficientnet,fisher,c3_b0.1,3,0.1,0.0885,program/MedMNISTMerge/result/organcmnist(1).md
organcmnist,small,efficientnet,fisher,c5_b0,5,0.0,0.1103,program/MedMNISTMerge/result/organcmnist(1).md
organcmnist,small,efficientnet,fisher,c5_b0.01,5,0.01,0.1293,program/MedMNISTMerge/result/organcmnist(1).md
organcmnist,small,efficientnet,fisher,c5_b0.1,5,0.1,0.0913,program/MedMNISTMerge/result/organcmnist(1).md
organcmnist,small,efficientnet,fisher,c7_b0,7,0.0,0.2177,program/MedMNISTMerge/result/organcmnist(1).md
organcmnist,small,efficientnet,fisher,c7_b0.01,7,0.01,0.1027,program/MedMNISTMerge/result/organcmnist(1).md
organcmnist,small,efficientnet,fisher,c7_b0.1,7,0.1,0.0895,program/MedMNISTMerge/result/organcmnist(1).md
organcmnist,small,efficientnet,breadcrumbs,c3_b0,3,0.0,0.0913,program/MedMNISTMerge/result/organcmnist(1).md
organcmnist,small,efficientnet,breadcrumbs,c3_b0.01,3,0.01,0.0913,program/MedMNISTMerge/result/organcmnist(1).md
organcmnist,small,efficientnet,breadcrumbs,c3_b0.1,3,0.1,0.0913,program/MedMNISTMerge/result/organcmnist(1).md
organcmnist,small,efficientnet,breadcrumbs,c5_b0,5,0.0,0.091,program/MedMNISTMerge/result/organcmnist(1).md
organcmnist,small,efficientnet,breadcrumbs,c5_b0.01,5,0.01,0.0913,program/MedMNISTMerge/result/organcmnist(1).md
organcmnist,small,efficientnet,breadcrumbs,c5_b0.1,5,0.1,0.0913,program/MedMNISTMerge/result/organcmnist(1).md
organcmnist,small,efficientnet,breadcrumbs,c7_b0,7,0.0,0.0913,program/MedMNISTMerge/result/organcmnist(1).md
organcmnist,small,efficientnet,breadcrumbs,c7_b0.01,7,0.01,0.0913,program/MedMNISTMerge/result/organcmnist(1).md
organcmnist,small,efficientnet,breadcrumbs,c7_b0.1,7,0.1,0.0913,program/MedMNISTMerge/result/organcmnist(1).md
organcmnist,small,efficientnet,model_stock,c3_b0,3,0.0,0.0852,program/MedMNISTMerge/result/organcmnist(1).md
organcmnist,small,efficientnet,model_stock,c3_b0.01,3,0.01,0.1551,program/MedMNISTMerge/result/organcmnist(1).md
organcmnist,small,efficientnet,model_stock,c3_b0.1,3,0.1,0.0913,program/MedMNISTMerge/result/organcmnist(1).md
organcmnist,small,efficientnet,model_stock,c5_b0,5,0.0,0.1021,program/MedMNISTMerge/result/organcmnist(1).md
organcmnist,small,efficientnet,model_stock,c5_b0.01,5,0.01,0.0823,program/MedMNISTMerge/result/organcmnist(1).md
organcmnist,small,efficientnet,model_stock,c5_b0.1,5,0.1,0.0913,program/MedMNISTMerge/result/organcmnist(1).md
organcmnist,small,efficientnet,model_stock,c7_b0,7,0.0,0.1013,program/MedMNISTMerge/result/organcmnist(1).md
organcmnist,small,efficientnet,model_stock,c7_b0.01,7,0.01,0.0555,program/MedMNISTMerge/result/organcmnist(1).md
organcmnist,small,efficientnet,model_stock,c7_b0.1,7,0.1,0.0913,program/MedMNISTMerge/result/organcmnist(1).md
organcmnist,small,efficientnet,from,c3_b0,3,0.0,0.0897,program/MedMNISTMerge/result/organcmnist(1).md
organcmnist,small,efficientnet,from,c3_b0.01,3,0.01,0.2843,program/MedMNISTMerge/result/organcmnist(1).md
organcmnist,small,efficientnet,from,c3_b0.1,3,0.1,0.0915,program/MedMNISTMerge/result/organcmnist(1).md
organcmnist,small,efficientnet,from,c5_b0,5,0.0,0.2498,program/MedMNISTMerge/result/organcmnist(1).md
organcmnist,small,efficientnet,from,c5_b0.01,5,0.01,0.1201,program/MedMNISTMerge/result/organcmnist(1).md
organcmnist,small,efficientnet,from,c5_b0.1,5,0.1,0.0913,program/MedMNISTMerge/result/organcmnist(1).md
organcmnist,small,efficientnet,from,c7_b0,7,0.0,0.142,program/MedMNISTMerge/result/organcmnist(1).md
organcmnist,small,efficientnet,from,c7_b0.01,7,0.01,0.096,program/MedMNISTMerge/result/organcmnist(1).md
organcmnist,small,efficientnet,from,c7_b0.1,7,0.1,0.1305,program/MedMNISTMerge/result/organcmnist(1).md
organcmnist,small,efficientnet,iso_c,c3_b0,3,0.0,0.0885,program/MedMNISTMerge/result/organcmnist(1).md
organcmnist,small,efficientnet,iso_c,c3_b0.01,3,0.01,0.1008,program/MedMNISTMerge/result/organcmnist(1).md
organcmnist,small,efficientnet,iso_c,c3_b0.1,3,0.1,0.0913,program/MedMNISTMerge/result/organcmnist(1).md
organcmnist,small,efficientnet,iso_c,c5_b0,5,0.0,0.1226,program/MedMNISTMerge/result/organcmnist(1).md
organcmnist,small,efficientnet,iso_c,c5_b0.01,5,0.01,0.0931,program/MedMNISTMerge/result/organcmnist(1).md
organcmnist,small,efficientnet,iso_c,c5_b0.1,5,0.1,0.0913,program/MedMNISTMerge/result/organcmnist(1).md
organcmnist,small,efficientnet,iso_c,c7_b0,7,0.0,0.1554,program/MedMNISTMerge/result/organcmnist(1).md
organcmnist,small,efficientnet,iso_c,c7_b0.01,7,0.01,0.0801,program/MedMNISTMerge/result/organcmnist(1).md
organcmnist,small,efficientnet,iso_c,c7_b0.1,7,0.1,0.0913,program/MedMNISTMerge/result/organcmnist(1).md
organcmnist,small,efficientnet,free_merge,c3_b0,3,0.0,0.0885,program/MedMNISTMerge/result/organcmnist(1).md
organcmnist,small,efficientnet,free_merge,c3_b0.01,3,0.01,0.1008,program/MedMNISTMerge/result/organcmnist(1).md
organcmnist,small,efficientnet,free_merge,c3_b0.1,3,0.1,0.0944,program/MedMNISTMerge/result/organcmnist(1).md
organcmnist,small,efficientnet,free_merge,c5_b0,5,0.0,0.1177,program/MedMNISTMerge/result/organcmnist(1).md
organcmnist,small,efficientnet,free_merge,c5_b0.01,5,0.01,0.1392,program/MedMNISTMerge/result/organcmnist(1).md
organcmnist,small,efficientnet,free_merge,c5_b0.1,5,0.1,0.0913,program/MedMNISTMerge/result/organcmnist(1).md
organcmnist,small,efficientnet,free_merge,c7_b0,7,0.0,0.2134,program/MedMNISTMerge/result/organcmnist(1).md
organcmnist,small,efficientnet,free_merge,c7_b0.01,7,0.01,0.0781,program/MedMNISTMerge/result/organcmnist(1).md
organcmnist,small,efficientnet,free_merge,c7_b0.1,7,0.1,0.0913,program/MedMNISTMerge/result/organcmnist(1).md
organcmnist,small,efficientnet,robustmerge,c3_b0,3,0.0,0.1002,program/MedMNISTMerge/result/organcmnist(1).md
organcmnist,small,efficientnet,robustmerge,c3_b0.01,3,0.01,0.0885,program/MedMNISTMerge/result/organcmnist(1).md
organcmnist,small,efficientnet,robustmerge,c3_b0.1,3,0.1,0.0913,program/MedMNISTMerge/result/organcmnist(1).md
organcmnist,small,efficientnet,robustmerge,c5_b0,5,0.0,0.0896,program/MedMNISTMerge/result/organcmnist(1).md
organcmnist,small,efficientnet,robustmerge,c5_b0.01,5,0.01,0.096,program/MedMNISTMerge/result/organcmnist(1).md
organcmnist,small,efficientnet,robustmerge,c5_b0.1,5,0.1,0.0895,program/MedMNISTMerge/result/organcmnist(1).md
organcmnist,small,efficientnet,robustmerge,c7_b0,7,0.0,0.0798,program/MedMNISTMerge/result/organcmnist(1).md
organcmnist,small,efficientnet,robustmerge,c7_b0.01,7,0.01,0.0895,program/MedMNISTMerge/result/organcmnist(1).md
organcmnist,small,efficientnet,robustmerge,c7_b0.1,7,0.1,0.0913,program/MedMNISTMerge/result/organcmnist(1).md
organcmnist,small,mobilenet,avg,c3_b0,3,0.0,0.0525,program/MedMNISTMerge/result/organcmnist(1).md
organcmnist,small,mobilenet,avg,c3_b0.01,3,0.01,0.0895,program/MedMNISTMerge/result/organcmnist(1).md
organcmnist,small,mobilenet,avg,c3_b0.1,3,0.1,0.0512,program/MedMNISTMerge/result/organcmnist(1).md
organcmnist,small,mobilenet,avg,c5_b0,5,0.0,0.0895,program/MedMNISTMerge/result/organcmnist(1).md
organcmnist,small,mobilenet,avg,c5_b0.01,5,0.01,0.0512,program/MedMNISTMerge/result/organcmnist(1).md
organcmnist,small,mobilenet,avg,c5_b0.1,5,0.1,0.0959,program/MedMNISTMerge/result/organcmnist(1).md
organcmnist,small,mobilenet,avg,c7_b0,7,0.0,0.0895,program/MedMNISTMerge/result/organcmnist(1).md
organcmnist,small,mobilenet,avg,c7_b0.01,7,0.01,0.0895,program/MedMNISTMerge/result/organcmnist(1).md
organcmnist,small,mobilenet,avg,c7_b0.1,7,0.1,0.0525,program/MedMNISTMerge/result/organcmnist(1).md
organcmnist,small,mobilenet,ties,c3_b0,3,0.0,0.0895,program/MedMNISTMerge/result/organcmnist(1).md
organcmnist,small,mobilenet,ties,c3_b0.01,3,0.01,0.0512,program/MedMNISTMerge/result/organcmnist(1).md
organcmnist,small,mobilenet,ties,c3_b0.1,3,0.1,0.0964,program/MedMNISTMerge/result/organcmnist(1).md
organcmnist,small,mobilenet,ties,c5_b0,5,0.0,0.0526,program/MedMNISTMerge/result/organcmnist(1).md
organcmnist,small,mobilenet,ties,c5_b0.01,5,0.01,0.0525,program/MedMNISTMerge/result/organcmnist(1).md
organcmnist,small,mobilenet,ties,c5_b0.1,5,0.1,0.0949,program/MedMNISTMerge/result/organcmnist(1).md
organcmnist,small,mobilenet,ties,c7_b0,7,0.0,0.0501,program/MedMNISTMerge/result/organcmnist(1).md
organcmnist,small,mobilenet,ties,c7_b0.01,7,0.01,0.0525,program/MedMNISTMerge/result/organcmnist(1).md
organcmnist,small,mobilenet,ties,c7_b0.1,7,0.1,0.1361,program/MedMNISTMerge/result/organcmnist(1).md
organcmnist,small,mobilenet,dare_linear,c3_b0,3,0.0,0.0525,program/MedMNISTMerge/result/organcmnist(1).md
organcmnist,small,mobilenet,dare_linear,c3_b0.01,3,0.01,0.0895,program/MedMNISTMerge/result/organcmnist(1).md
organcmnist,small,mobilenet,dare_linear,c3_b0.1,3,0.1,0.0895,program/MedMNISTMerge/result/organcmnist(1).md
organcmnist,small,mobilenet,dare_linear,c5_b0,5,0.0,0.0895,program/MedMNISTMerge/result/organcmnist(1).md
organcmnist,small,mobilenet,dare_linear,c5_b0.01,5,0.01,0.1171,program/MedMNISTMerge/result/organcmnist(1).md
organcmnist,small,mobilenet,dare_linear,c5_b0.1,5,0.1,0.1171,program/MedMNISTMerge/result/organcmnist(1).md
organcmnist,small,mobilenet,dare_linear,c7_b0,7,0.0,0.0895,program/MedMNISTMerge/result/organcmnist(1).md
organcmnist,small,mobilenet,dare_linear,c7_b0.01,7,0.01,0.0525,program/MedMNISTMerge/result/organcmnist(1).md
organcmnist,small,mobilenet,dare_linear,c7_b0.1,7,0.1,0.0525,program/MedMNISTMerge/result/organcmnist(1).md
organcmnist,small,mobilenet,dare_ties,c3_b0,3,0.0,0.1008,program/MedMNISTMerge/result/organcmnist(1).md
organcmnist,small,mobilenet,dare_ties,c3_b0.01,3,0.01,0.1008,program/MedMNISTMerge/result/organcmnist(1).md
organcmnist,small,mobilenet,dare_ties,c3_b0.1,3,0.1,0.1008,program/MedMNISTMerge/result/organcmnist(1).md
organcmnist,small,mobilenet,dare_ties,c5_b0,5,0.0,0.1109,program/MedMNISTMerge/result/organcmnist(1).md
organcmnist,small,mobilenet,dare_ties,c5_b0.01,5,0.01,0.1008,program/MedMNISTMerge/result/organcmnist(1).md
organcmnist,small,mobilenet,dare_ties,c5_b0.1,5,0.1,0.1008,program/MedMNISTMerge/result/organcmnist(1).md
organcmnist,small,mobilenet,dare_ties,c7_b0,7,0.0,0.1008,program/MedMNISTMerge/result/organcmnist(1).md
organcmnist,small,mobilenet,dare_ties,c7_b0.01,7,0.01,0.0835,program/MedMNISTMerge/result/organcmnist(1).md
organcmnist,small,mobilenet,dare_ties,c7_b0.1,7,0.1,0.0353,program/MedMNISTMerge/result/organcmnist(1).md
organcmnist,small,mobilenet,regmean,c3_b0,3,0.0,0.0512,program/MedMNISTMerge/result/organcmnist(1).md
organcmnist,small,mobilenet,regmean,c3_b0.01,3,0.01,0.0895,program/MedMNISTMerge/result/organcmnist(1).md
organcmnist,small,mobilenet,regmean,c3_b0.1,3,0.1,0.0512,program/MedMNISTMerge/result/organcmnist(1).md
organcmnist,small,mobilenet,regmean,c5_b0,5,0.0,0.0895,program/MedMNISTMerge/result/organcmnist(1).md
organcmnist,small,mobilenet,regmean,c5_b0.01,5,0.01,0.0913,program/MedMNISTMerge/result/organcmnist(1).md
organcmnist,small,mobilenet,regmean,c5_b0.1,5,0.1,0.0512,program/MedMNISTMerge/result/organcmnist(1).md
organcmnist,small,mobilenet,regmean,c7_b0,7,0.0,0.0512,program/MedMNISTMerge/result/organcmnist(1).md
organcmnist,small,mobilenet,regmean,c7_b0.01,7,0.01,0.2233,program/MedMNISTMerge/result/organcmnist(1).md
organcmnist,small,mobilenet,regmean,c7_b0.1,7,0.1,0.0525,program/MedMNISTMerge/result/organcmnist(1).md
organcmnist,small,mobilenet,fisher,c3_b0,3,0.0,0.0525,program/MedMNISTMerge/result/organcmnist(1).md
organcmnist,small,mobilenet,fisher,c3_b0.01,3,0.01,0.0895,program/MedMNISTMerge/result/organcmnist(1).md
organcmnist,small,mobilenet,fisher,c3_b0.1,3,0.1,0.0895,program/MedMNISTMerge/result/organcmnist(1).md
organcmnist,small,mobilenet,fisher,c5_b0,5,0.0,0.0525,program/MedMNISTMerge/result/organcmnist(1).md
organcmnist,small,mobilenet,fisher,c5_b0.01,5,0.01,0.0678,program/MedMNISTMerge/result/organcmnist(1).md
organcmnist,small,mobilenet,fisher,c5_b0.1,5,0.1,0.0895,program/MedMNISTMerge/result/organcmnist(1).md
organcmnist,small,mobilenet,fisher,c7_b0,7,0.0,0.0525,program/MedMNISTMerge/result/organcmnist(1).md
organcmnist,small,mobilenet,fisher,c7_b0.01,7,0.01,0.0885,program/MedMNISTMerge/result/organcmnist(1).md
organcmnist,small,mobilenet,fisher,c7_b0.1,7,0.1,0.0525,program/MedMNISTMerge/result/organcmnist(1).md
organcmnist,small,mobilenet,breadcrumbs,c3_b0,3,0.0,0.1171,program/MedMNISTMerge/result/organcmnist(1).md
organcmnist,small,mobilenet,breadcrumbs,c3_b0.01,3,0.01,0.0512,program/MedMNISTMerge/result/organcmnist(1).md
organcmnist,small,mobilenet,breadcrumbs,c3_b0.1,3,0.1,0.0512,program/MedMNISTMerge/result/organcmnist(1).md
organcmnist,small,mobilenet,breadcrumbs,c5_b0,5,0.0,0.0512,program/MedMNISTMerge/result/organcmnist(1).md
organcmnist,small,mobilenet,breadcrumbs,c5_b0.01,5,0.01,0.0512,program/MedMNISTMerge/result/organcmnist(1).md
organcmnist,small,mobilenet,breadcrumbs,c5_b0.1,5,0.1,0.0512,program/MedMNISTMerge/result/organcmnist(1).md
organcmnist,small,mobilenet,breadcrumbs,c7_b0,7,0.0,0.0512,program/MedMNISTMerge/result/organcmnist(1).md
organcmnist,small,mobilenet,breadcrumbs,c7_b0.01,7,0.01,0.0512,program/MedMNISTMerge/result/organcmnist(1).md
organcmnist,small,mobilenet,breadcrumbs,c7_b0.1,7,0.1,0.0512,program/MedMNISTMerge/result/organcmnist(1).md
organcmnist,small,mobilenet,model_stock,c3_b0,3,0.0,0.0525,program/MedMNISTMerge/result/organcmnist(1).md
organcmnist,small,mobilenet,model_stock,c3_b0.01,3,0.01,0.0895,program/MedMNISTMerge/result/organcmnist(1).md
organcmnist,small,mobilenet,model_stock,c3_b0.1,3,0.1,0.1008,program/MedMNISTMerge/result/organcmnist(1).md
organcmnist,small,mobilenet,model_stock,c5_b0,5,0.0,0.0512,program/MedMNISTMerge/result/organcmnist(1).md
organcmnist,small,mobilenet,model_stock,c5_b0.01,5,0.01,0.0512,program/MedMNISTMerge/result/organcmnist(1).md
organcmnist,small,mobilenet,model_stock,c5_b0.1,5,0.1,0.0895,program/MedMNISTMerge/result/organcmnist(1).md
organcmnist,small,mobilenet,model_stock,c7_b0,7,0.0,0.1008,program/MedMNISTMerge/result/organcmnist(1).md
organcmnist,small,mobilenet,model_stock,c7_b0.01,7,0.01,0.0512,program/MedMNISTMerge/result/organcmnist(1).md
organcmnist,small,mobilenet,model_stock,c7_b0.1,7,0.1,0.0525,program/MedMNISTMerge/result/organcmnist(1).md
organcmnist,small,mobilenet,from,c3_b0,3,0.0,0.0525,program/MedMNISTMerge/result/organcmnist(1).md
organcmnist,small,mobilenet,from,c3_b0.01,3,0.01,0.0895,program/MedMNISTMerge/result/organcmnist(1).md
organcmnist,small,mobilenet,from,c3_b0.1,3,0.1,0.0494,program/MedMNISTMerge/result/organcmnist(1).md
organcmnist,small,mobilenet,from,c5_b0,5,0.0,0.0895,program/MedMNISTMerge/result/organcmnist(1).md
organcmnist,small,mobilenet,from,c5_b0.01,5,0.01,0.0895,program/MedMNISTMerge/result/organcmnist(1).md
organcmnist,small,mobilenet,from,c5_b0.1,5,0.1,0.0895,program/MedMNISTMerge/result/organcmnist(1).md
organcmnist,small,mobilenet,from,c7_b0,7,0.0,0.1171,program/MedMNISTMerge/result/organcmnist(1).md
organcmnist,small,mobilenet,from,c7_b0.01,7,0.01,0.0525,program/MedMNISTMerge/result/organcmnist(1).md
organcmnist,small,mobilenet,from,c7_b0.1,7,0.1,0.0525,program/MedMNISTMerge/result/organcmnist(1).md
organcmnist,small,mobilenet,iso_c,c3_b0,3,0.0,0.0525,program/MedMNISTMerge/result/organcmnist(1).md
organcmnist,small,mobilenet,iso_c,c3_b0.01,3,0.01,0.0895,program/MedMNISTMerge/result/organcmnist(1).md
organcmnist,small,mobilenet,iso_c,c3_b0.1,3,0.1,0.0512,program/MedMNISTMerge/result/organcmnist(1).md
organcmnist,small,mobilenet,iso_c,c5_b0,5,0.0,0.0512,program/MedMNISTMerge/result/organcmnist(1).md
organcmnist,small,mobilenet,iso_c,c5_b0.01,5,0.01,0.0512,program/MedMNISTMerge/result/organcmnist(1).md
organcmnist,small,mobilenet,iso_c,c5_b0.1,5,0.1,0.0504,program/MedMNISTMerge/result/organcmnist(1).md
organcmnist,small,mobilenet,iso_c,c7_b0,7,0.0,0.0895,program/MedMNISTMerge/result/organcmnist(1).md
organcmnist,small,mobilenet,iso_c,c7_b0.01,7,0.01,0.0895,program/MedMNISTMerge/result/organcmnist(1).md
organcmnist,small,mobilenet,iso_c,c7_b0.1,7,0.1,0.0525,program/MedMNISTMerge/result/organcmnist(1).md
organcmnist,small,mobilenet,free_merge,c3_b0,3,0.0,0.0525,program/MedMNISTMerge/result/organcmnist(1).md
organcmnist,small,mobilenet,free_merge,c3_b0.01,3,0.01,0.0895,program/MedMNISTMerge/result/organcmnist(1).md
organcmnist,small,mobilenet,free_merge,c3_b0.1,3,0.1,0.0512,program/MedMNISTMerge/result/organcmnist(1).md
organcmnist,small,mobilenet,free_merge,c5_b0,5,0.0,0.0895,program/MedMNISTMerge/result/organcmnist(1).md
organcmnist,small,mobilenet,free_merge,c5_b0.01,5,0.01,0.0512,program/MedMNISTMerge/result/organcmnist(1).md
organcmnist,small,mobilenet,free_merge,c5_b0.1,5,0.1,0.0957,program/MedMNISTMerge/result/organcmnist(1).md
organcmnist,small,mobilenet,free_merge,c7_b0,7,0.0,0.0895,program/MedMNISTMerge/result/organcmnist(1).md
organcmnist,small,mobilenet,free_merge,c7_b0.01,7,0.01,0.0895,program/MedMNISTMerge/result/organcmnist(1).md
organcmnist,small,mobilenet,free_merge,c7_b0.1,7,0.1,0.0525,program/MedMNISTMerge/result/organcmnist(1).md
organcmnist,small,mobilenet,robustmerge,c3_b0,3,0.0,0.0895,program/MedMNISTMerge/result/organcmnist(1).md
organcmnist,small,mobilenet,robustmerge,c3_b0.01,3,0.01,0.0895,program/MedMNISTMerge/result/organcmnist(1).md
organcmnist,small,mobilenet,robustmerge,c3_b0.1,3,0.1,0.0895,program/MedMNISTMerge/result/organcmnist(1).md
organcmnist,small,mobilenet,robustmerge,c5_b0,5,0.0,0.0512,program/MedMNISTMerge/result/organcmnist(1).md
organcmnist,small,mobilenet,robustmerge,c5_b0.01,5,0.01,0.0512,program/MedMNISTMerge/result/organcmnist(1).md
organcmnist,small,mobilenet,robustmerge,c5_b0.1,5,0.1,0.0895,program/MedMNISTMerge/result/organcmnist(1).md
organcmnist,small,mobilenet,robustmerge,c7_b0,7,0.0,0.1139,program/MedMNISTMerge/result/organcmnist(1).md
organcmnist,small,mobilenet,robustmerge,c7_b0.01,7,0.01,0.1126,program/MedMNISTMerge/result/organcmnist(1).md
organcmnist,small,mobilenet,robustmerge,c7_b0.1,7,0.1,0.0525,program/MedMNISTMerge/result/organcmnist(1).md
organcmnist,small,resnet34,avg,c3_b0,3,0.0,0.2306,program/MedMNISTMerge/result/organcmnist(1).md
organcmnist,small,resnet34,avg,c3_b0.01,3,0.01,0.2321,program/MedMNISTMerge/result/organcmnist(1).md
organcmnist,small,resnet34,avg,c3_b0.1,3,0.1,0.3556,program/MedMNISTMerge/result/organcmnist(1).md
organcmnist,small,resnet34,avg,c5_b0,5,0.0,0.1694,program/MedMNISTMerge/result/organcmnist(1).md
organcmnist,small,resnet34,avg,c5_b0.01,5,0.01,0.137,program/MedMNISTMerge/result/organcmnist(1).md
organcmnist,small,resnet34,avg,c5_b0.1,5,0.1,0.282,program/MedMNISTMerge/result/organcmnist(1).md
organcmnist,small,resnet34,avg,c7_b0,7,0.0,0.2344,program/MedMNISTMerge/result/organcmnist(1).md
organcmnist,small,resnet34,avg,c7_b0.01,7,0.01,0.1162,program/MedMNISTMerge/result/organcmnist(1).md
organcmnist,small,resnet34,avg,c7_b0.1,7,0.1,0.1964,program/MedMNISTMerge/result/organcmnist(1).md
organcmnist,small,resnet34,ties,c3_b0,3,0.0,0.219,program/MedMNISTMerge/result/organcmnist(1).md
organcmnist,small,resnet34,ties,c3_b0.01,3,0.01,0.1682,program/MedMNISTMerge/result/organcmnist(1).md
organcmnist,small,resnet34,ties,c3_b0.1,3,0.1,0.4178,program/MedMNISTMerge/result/organcmnist(1).md
organcmnist,small,resnet34,ties,c5_b0,5,0.0,0.1401,program/MedMNISTMerge/result/organcmnist(1).md
organcmnist,small,resnet34,ties,c5_b0.01,5,0.01,0.2997,program/MedMNISTMerge/result/organcmnist(1).md
organcmnist,small,resnet34,ties,c5_b0.1,5,0.1,0.2235,program/MedMNISTMerge/result/organcmnist(1).md
organcmnist,small,resnet34,ties,c7_b0,7,0.0,0.1425,program/MedMNISTMerge/result/organcmnist(1).md
organcmnist,small,resnet34,ties,c7_b0.01,7,0.01,0.1524,program/MedMNISTMerge/result/organcmnist(1).md
organcmnist,small,resnet34,ties,c7_b0.1,7,0.1,0.3118,program/MedMNISTMerge/result/organcmnist(1).md
organcmnist,small,resnet34,dare_linear,c3_b0,3,0.0,0.2355,program/MedMNISTMerge/result/organcmnist(1).md
organcmnist,small,resnet34,dare_linear,c3_b0.01,3,0.01,0.3399,program/MedMNISTMerge/result/organcmnist(1).md
organcmnist,small,resnet34,dare_linear,c3_b0.1,3,0.1,0.3952,program/MedMNISTMerge/result/organcmnist(1).md
organcmnist,small,resnet34,dare_linear,c5_b0,5,0.0,0.1674,program/MedMNISTMerge/result/organcmnist(1).md
organcmnist,small,resnet34,dare_linear,c5_b0.01,5,0.01,0.0881,program/MedMNISTMerge/result/organcmnist(1).md
organcmnist,small,resnet34,dare_linear,c5_b0.1,5,0.1,0.3204,program/MedMNISTMerge/result/organcmnist(1).md
organcmnist,small,resnet34,dare_linear,c7_b0,7,0.0,0.2216,program/MedMNISTMerge/result/organcmnist(1).md
organcmnist,small,resnet34,dare_linear,c7_b0.01,7,0.01,0.0964,program/MedMNISTMerge/result/organcmnist(1).md
organcmnist,small,resnet34,dare_linear,c7_b0.1,7,0.1,0.2405,program/MedMNISTMerge/result/organcmnist(1).md
organcmnist,small,resnet34,dare_ties,c3_b0,3,0.0,0.091,program/MedMNISTMerge/result/organcmnist(1).md
organcmnist,small,resnet34,dare_ties,c3_b0.01,3,0.01,0.1894,program/MedMNISTMerge/result/organcmnist(1).md
organcmnist,small,resnet34,dare_ties,c3_b0.1,3,0.1,0.3476,program/MedMNISTMerge/result/organcmnist(1).md
organcmnist,small,resnet34,dare_ties,c5_b0,5,0.0,0.0887,program/MedMNISTMerge/result/organcmnist(1).md
organcmnist,small,resnet34,dare_ties,c5_b0.01,5,0.01,0.1767,program/MedMNISTMerge/result/organcmnist(1).md
organcmnist,small,resnet34,dare_ties,c5_b0.1,5,0.1,0.0725,program/MedMNISTMerge/result/organcmnist(1).md
organcmnist,small,resnet34,dare_ties,c7_b0,7,0.0,0.1234,program/MedMNISTMerge/result/organcmnist(1).md
organcmnist,small,resnet34,dare_ties,c7_b0.01,7,0.01,0.1396,program/MedMNISTMerge/result/organcmnist(1).md
organcmnist,small,resnet34,dare_ties,c7_b0.1,7,0.1,0.2296,program/MedMNISTMerge/result/organcmnist(1).md
organcmnist,small,resnet34,regmean,c3_b0,3,0.0,0.1288,program/MedMNISTMerge/result/organcmnist(1).md
organcmnist,small,resnet34,regmean,c3_b0.01,3,0.01,0.1764,program/MedMNISTMerge/result/organcmnist(1).md
organcmnist,small,resnet34,regmean,c3_b0.1,3,0.1,0.3178,program/MedMNISTMerge/result/organcmnist(1).md
organcmnist,small,resnet34,regmean,c5_b0,5,0.0,0.101,program/MedMNISTMerge/result/organcmnist(1).md
organcmnist,small,resnet34,regmean,c5_b0.01,5,0.01,0.1441,program/MedMNISTMerge/result/organcmnist(1).md
organcmnist,small,resnet34,regmean,c5_b0.1,5,0.1,0.2152,program/MedMNISTMerge/result/organcmnist(1).md
organcmnist,small,resnet34,regmean,c7_b0,7,0.0,0.1637,program/MedMNISTMerge/result/organcmnist(1).md
organcmnist,small,resnet34,regmean,c7_b0.01,7,0.01,0.1733,program/MedMNISTMerge/result/organcmnist(1).md
organcmnist,small,resnet34,regmean,c7_b0.1,7,0.1,0.134,program/MedMNISTMerge/result/organcmnist(1).md
organcmnist,small,resnet34,fisher,c3_b0,3,0.0,0.4303,program/MedMNISTMerge/result/organcmnist(1).md
organcmnist,small,resnet34,fisher,c3_b0.01,3,0.01,0.5068,program/MedMNISTMerge/result/organcmnist(1).md
organcmnist,small,resnet34,fisher,c3_b0.1,3,0.1,0.2919,program/MedMNISTMerge/result/organcmnist(1).md
organcmnist,small,resnet34,fisher,c5_b0,5,0.0,0.1704,program/MedMNISTMerge/result/organcmnist(1).md
organcmnist,small,resnet34,fisher,c5_b0.01,5,0.01,0.2529,program/MedMNISTMerge/result/organcmnist(1).md
organcmnist,small,resnet34,fisher,c5_b0.1,5,0.1,0.3813,program/MedMNISTMerge/result/organcmnist(1).md
organcmnist,small,resnet34,fisher,c7_b0,7,0.0,0.2919,program/MedMNISTMerge/result/organcmnist(1).md
organcmnist,small,resnet34,fisher,c7_b0.01,7,0.01,0.1407,program/MedMNISTMerge/result/organcmnist(1).md
organcmnist,small,resnet34,fisher,c7_b0.1,7,0.1,0.312,program/MedMNISTMerge/result/organcmnist(1).md
organcmnist,small,resnet34,breadcrumbs,c3_b0,3,0.0,0.0529,program/MedMNISTMerge/result/organcmnist(1).md
organcmnist,small,resnet34,breadcrumbs,c3_b0.01,3,0.01,0.1016,program/MedMNISTMerge/result/organcmnist(1).md
organcmnist,small,resnet34,breadcrumbs,c3_b0.1,3,0.1,0.0852,program/MedMNISTMerge/result/organcmnist(1).md
organcmnist,small,resnet34,breadcrumbs,c5_b0,5,0.0,0.1344,program/MedMNISTMerge/result/organcmnist(1).md
organcmnist,small,resnet34,breadcrumbs,c5_b0.01,5,0.01,0.1357,program/MedMNISTMerge/result/organcmnist(1).md
organcmnist,small,resnet34,breadcrumbs,c5_b0.1,5,0.1,0.1008,program/MedMNISTMerge/result/organcmnist(1).md
organcmnist,small,resnet34,breadcrumbs,c7_b0,7,0.0,0.0574,program/MedMNISTMerge/result/organcmnist(1).md
organcmnist,small,resnet34,breadcrumbs,c7_b0.01,7,0.01,0.121,program/MedMNISTMerge/result/organcmnist(1).md
organcmnist,small,resnet34,breadcrumbs,c7_b0.1,7,0.1,0.1035,program/MedMNISTMerge/result/organcmnist(1).md
organcmnist,small,resnet34,model_stock,c3_b0,3,0.0,0.1537,program/MedMNISTMerge/result/organcmnist(1).md
organcmnist,small,resnet34,model_stock,c3_b0.01,3,0.01,0.2126,program/MedMNISTMerge/result/organcmnist(1).md
organcmnist,small,resnet34,model_stock,c3_b0.1,3,0.1,0.3356,program/MedMNISTMerge/result/organcmnist(1).md
organcmnist,small,resnet34,model_stock,c5_b0,5,0.0,0.1726,program/MedMNISTMerge/result/organcmnist(1).md
organcmnist,small,resnet34,model_stock,c5_b0.01,5,0.01,0.0738,program/MedMNISTMerge/result/organcmnist(1).md
organcmnist,small,resnet34,model_stock,c5_b0.1,5,0.1,0.1754,program/MedMNISTMerge/result/organcmnist(1).md
organcmnist,small,resnet34,model_stock,c7_b0,7,0.0,0.2124,program/MedMNISTMerge/result/organcmnist(1).md
organcmnist,small,resnet34,model_stock,c7_b0.01,7,0.01,0.0991,program/MedMNISTMerge/result/organcmnist(1).md
organcmnist,small,resnet34,model_stock,c7_b0.1,7,0.1,0.1517,program/MedMNISTMerge/result/organcmnist(1).md
organcmnist,small,resnet34,from,c3_b0,3,0.0,0.2919,program/MedMNISTMerge/result/organcmnist(1).md
organcmnist,small,resnet34,from,c3_b0.01,3,0.01,0.2695,program/MedMNISTMerge/result/organcmnist(1).md
organcmnist,small,resnet34,from,c3_b0.1,3,0.1,0.4584,program/MedMNISTMerge/result/organcmnist(1).md
organcmnist,small,resnet34,from,c5_b0,5,0.0,0.2971,program/MedMNISTMerge/result/organcmnist(1).md
organcmnist,small,resnet34,from,c5_b0.01,5,0.01,0.3468,program/MedMNISTMerge/result/organcmnist(1).md
organcmnist,small,resnet34,from,c5_b0.1,5,0.1,0.3152,program/MedMNISTMerge/result/organcmnist(1).md
organcmnist,small,resnet34,from,c7_b0,7,0.0,0.2877,program/MedMNISTMerge/result/organcmnist(1).md
organcmnist,small,resnet34,from,c7_b0.01,7,0.01,0.1261,program/MedMNISTMerge/result/organcmnist(1).md
organcmnist,small,resnet34,from,c7_b0.1,7,0.1,0.2526,program/MedMNISTMerge/result/organcmnist(1).md
organcmnist,small,resnet34,iso_c,c3_b0,3,0.0,0.1467,program/MedMNISTMerge/result/organcmnist(1).md
organcmnist,small,resnet34,iso_c,c3_b0.01,3,0.01,0.4447,program/MedMNISTMerge/result/organcmnist(1).md
organcmnist,small,resnet34,iso_c,c3_b0.1,3,0.1,0.3358,program/MedMNISTMerge/result/organcmnist(1).md
organcmnist,small,resnet34,iso_c,c5_b0,5,0.0,0.1904,program/MedMNISTMerge/result/organcmnist(1).md
organcmnist,small,resnet34,iso_c,c5_b0.01,5,0.01,0.1747,program/MedMNISTMerge/result/organcmnist(1).md
organcmnist,small,resnet34,iso_c,c5_b0.1,5,0.1,0.2364,program/MedMNISTMerge/result/organcmnist(1).md
organcmnist,small,resnet34,iso_c,c7_b0,7,0.0,0.2552,program/MedMNISTMerge/result/organcmnist(1).md
organcmnist,small,resnet34,iso_c,c7_b0.01,7,0.01,0.0981,program/MedMNISTMerge/result/organcmnist(1).md
organcmnist,small,resnet34,iso_c,c7_b0.1,7,0.1,0.2184,program/MedMNISTMerge/result/organcmnist(1).md
organcmnist,small,resnet34,free_merge,c3_b0,3,0.0,0.2308,program/MedMNISTMerge/result/organcmnist(1).md
organcmnist,small,resnet34,free_merge,c3_b0.01,3,0.01,0.2321,program/MedMNISTMerge/result/organcmnist(1).md
organcmnist,small,resnet34,free_merge,c3_b0.1,3,0.1,0.3556,program/MedMNISTMerge/result/organcmnist(1).md
organcmnist,small,resnet34,free_merge,c5_b0,5,0.0,0.1697,program/MedMNISTMerge/result/organcmnist(1).md
organcmnist,small,resnet34,free_merge,c5_b0.01,5,0.01,0.137,program/MedMNISTMerge/result/organcmnist(1).md
organcmnist,small,resnet34,free_merge,c5_b0.1,5,0.1,0.282,program/MedMNISTMerge/result/organcmnist(1).md
organcmnist,small,resnet34,free_merge,c7_b0,7,0.0,0.2347,program/MedMNISTMerge/result/organcmnist(1).md
organcmnist,small,resnet34,free_merge,c7_b0.01,7,0.01,0.1161,program/MedMNISTMerge/result/organcmnist(1).md
organcmnist,small,resnet34,free_merge,c7_b0.1,7,0.1,0.1964,program/MedMNISTMerge/result/organcmnist(1).md
organcmnist,small,resnet34,robustmerge,c3_b0,3,0.0,0.2925,program/MedMNISTMerge/result/organcmnist(1).md
organcmnist,small,resnet34,robustmerge,c3_b0.01,3,0.01,0.404,program/MedMNISTMerge/result/organcmnist(1).md
organcmnist,small,resnet34,robustmerge,c3_b0.1,3,0.1,0.2717,program/MedMNISTMerge/result/organcmnist(1).md
organcmnist,small,resnet34,robustmerge,c5_b0,5,0.0,0.2935,program/MedMNISTMerge/result/organcmnist(1).md
organcmnist,small,resnet34,robustmerge,c5_b0.01,5,0.01,0.1927,program/MedMNISTMerge/result/organcmnist(1).md
organcmnist,small,resnet34,robustmerge,c5_b0.1,5,0.1,0.2881,program/MedMNISTMerge/result/organcmnist(1).md
organcmnist,small,resnet34,robustmerge,c7_b0,7,0.0,0.2613,program/MedMNISTMerge/result/organcmnist(1).md
organcmnist,small,resnet34,robustmerge,c7_b0.01,7,0.01,0.1128,program/MedMNISTMerge/result/organcmnist(1).md
organcmnist,small,resnet34,robustmerge,c7_b0.1,7,0.1,0.2291,program/MedMNISTMerge/result/organcmnist(1).md
organcmnist,vlm,openai/clip-vit-base-patch32,avg,c3_b0,3,0.0,0.1714,program/MedMNISTMerge/result/organcmnist(1).md
organcmnist,vlm,openai/clip-vit-base-patch32,avg,c3_b0.01,3,0.01,0.3244,program/MedMNISTMerge/result/organcmnist(1).md
organcmnist,vlm,openai/clip-vit-base-patch32,avg,c3_b0.1,3,0.1,0.2124,program/MedMNISTMerge/result/organcmnist(1).md
organcmnist,vlm,openai/clip-vit-base-patch32,avg,c5_b0,5,0.0,0.092,program/MedMNISTMerge/result/organcmnist(1).md
organcmnist,vlm,openai/clip-vit-base-patch32,avg,c5_b0.01,5,0.01,0.0719,program/MedMNISTMerge/result/organcmnist(1).md
organcmnist,vlm,openai/clip-vit-base-patch32,avg,c5_b0.1,5,0.1,0.2405,program/MedMNISTMerge/result/organcmnist(1).md
organcmnist,vlm,openai/clip-vit-base-patch32,avg,c7_b0,7,0.0,0.0493,program/MedMNISTMerge/result/organcmnist(1).md
organcmnist,vlm,openai/clip-vit-base-patch32,avg,c7_b0.01,7,0.01,0.0579,program/MedMNISTMerge/result/organcmnist(1).md
organcmnist,vlm,openai/clip-vit-base-patch32,avg,c7_b0.1,7,0.1,0.2605,program/MedMNISTMerge/result/organcmnist(1).md
organcmnist,vlm,openai/clip-vit-base-patch32,ties,c3_b0,3,0.0,0.0976,program/MedMNISTMerge/result/organcmnist(1).md
organcmnist,vlm,openai/clip-vit-base-patch32,ties,c3_b0.01,3,0.01,0.4539,program/MedMNISTMerge/result/organcmnist(1).md
organcmnist,vlm,openai/clip-vit-base-patch32,ties,c3_b0.1,3,0.1,0.3088,program/MedMNISTMerge/result/organcmnist(1).md
organcmnist,vlm,openai/clip-vit-base-patch32,ties,c5_b0,5,0.0,0.1153,program/MedMNISTMerge/result/organcmnist(1).md
organcmnist,vlm,openai/clip-vit-base-patch32,ties,c5_b0.01,5,0.01,0.1939,program/MedMNISTMerge/result/organcmnist(1).md
organcmnist,vlm,openai/clip-vit-base-patch32,ties,c5_b0.1,5,0.1,0.1954,program/MedMNISTMerge/result/organcmnist(1).md
organcmnist,vlm,openai/clip-vit-base-patch32,ties,c7_b0,7,0.0,0.1161,program/MedMNISTMerge/result/organcmnist(1).md
organcmnist,vlm,openai/clip-vit-base-patch32,ties,c7_b0.01,7,0.01,0.1267,program/MedMNISTMerge/result/organcmnist(1).md
organcmnist,vlm,openai/clip-vit-base-patch32,ties,c7_b0.1,7,0.1,0.2754,program/MedMNISTMerge/result/organcmnist(1).md
organcmnist,vlm,openai/clip-vit-base-patch32,dare_linear,c3_b0,3,0.0,0.1411,program/MedMNISTMerge/result/organcmnist(1).md
organcmnist,vlm,openai/clip-vit-base-patch32,dare_linear,c3_b0.01,3,0.01,0.3196,program/MedMNISTMerge/result/organcmnist(1).md
organcmnist,vlm,openai/clip-vit-base-patch32,dare_linear,c3_b0.1,3,0.1,0.2001,program/MedMNISTMerge/result/organcmnist(1).md
organcmnist,vlm,openai/clip-vit-base-patch32,dare_linear,c5_b0,5,0.0,0.0917,program/MedMNISTMerge/result/organcmnist(1).md
organcmnist,vlm,openai/clip-vit-base-patch32,dare_linear,c5_b0.01,5,0.01,0.0719,program/MedMNISTMerge/result/organcmnist(1).md
organcmnist,vlm,openai/clip-vit-base-patch32,dare_linear,c5_b0.1,5,0.1,0.239,program/MedMNISTMerge/result/organcmnist(1).md
organcmnist,vlm,openai/clip-vit-base-patch32,dare_linear,c7_b0,7,0.0,0.0617,program/MedMNISTMerge/result/organcmnist(1).md
organcmnist,vlm,openai/clip-vit-base-patch32,dare_linear,c7_b0.01,7,0.01,0.0584,program/MedMNISTMerge/result/organcmnist(1).md
organcmnist,vlm,openai/clip-vit-base-patch32,dare_linear,c7_b0.1,7,0.1,0.2656,program/MedMNISTMerge/result/organcmnist(1).md
organcmnist,vlm,openai/clip-vit-base-patch32,dare_ties,c3_b0,3,0.0,0.1222,program/MedMNISTMerge/result/organcmnist(1).md
organcmnist,vlm,openai/clip-vit-base-patch32,dare_ties,c3_b0.01,3,0.01,0.4234,program/MedMNISTMerge/result/organcmnist(1).md
organcmnist,vlm,openai/clip-vit-base-patch32,dare_ties,c3_b0.1,3,0.1,0.2037,program/MedMNISTMerge/result/organcmnist(1).md
organcmnist,vlm,openai/clip-vit-base-patch32,dare_ties,c5_b0,5,0.0,0.1373,program/MedMNISTMerge/result/organcmnist(1).md
organcmnist,vlm,openai/clip-vit-base-patch32,dare_ties,c5_b0.01,5,0.01,0.1524,program/MedMNISTMerge/result/organcmnist(1).md
organcmnist,vlm,openai/clip-vit-base-patch32,dare_ties,c5_b0.1,5,0.1,0.1956,program/MedMNISTMerge/result/organcmnist(1).md
organcmnist,vlm,openai/clip-vit-base-patch32,dare_ties,c7_b0,7,0.0,0.1245,program/MedMNISTMerge/result/organcmnist(1).md
organcmnist,vlm,openai/clip-vit-base-patch32,dare_ties,c7_b0.01,7,0.01,0.1485,program/MedMNISTMerge/result/organcmnist(1).md
organcmnist,vlm,openai/clip-vit-base-patch32,dare_ties,c7_b0.1,7,0.1,0.2028,program/MedMNISTMerge/result/organcmnist(1).md
organcmnist,vlm,openai/clip-vit-base-patch32,regmean,c3_b0,3,0.0,0.1644,program/MedMNISTMerge/result/organcmnist(1).md
organcmnist,vlm,openai/clip-vit-base-patch32,regmean,c3_b0.01,3,0.01,0.3479,program/MedMNISTMerge/result/organcmnist(1).md
organcmnist,vlm,openai/clip-vit-base-patch32,regmean,c3_b0.1,3,0.1,0.3168,program/MedMNISTMerge/result/organcmnist(1).md
organcmnist,vlm,openai/clip-vit-base-patch32,regmean,c5_b0,5,0.0,0.1307,program/MedMNISTMerge/result/organcmnist(1).md
organcmnist,vlm,openai/clip-vit-base-patch32,regmean,c5_b0.01,5,0.01,0.1714,program/MedMNISTMerge/result/organcmnist(1).md
organcmnist,vlm,openai/clip-vit-base-patch32,regmean,c5_b0.1,5,0.1,0.2751,program/MedMNISTMerge/result/organcmnist(1).md
organcmnist,vlm,openai/clip-vit-base-patch32,regmean,c7_b0,7,0.0,0.1021,program/MedMNISTMerge/result/organcmnist(1).md
organcmnist,vlm,openai/clip-vit-base-patch32,regmean,c7_b0.01,7,0.01,0.1784,program/MedMNISTMerge/result/organcmnist(1).md
organcmnist,vlm,openai/clip-vit-base-patch32,regmean,c7_b0.1,7,0.1,0.1377,program/MedMNISTMerge/result/organcmnist(1).md
organcmnist,vlm,openai/clip-vit-base-patch32,fisher,c3_b0,3,0.0,0.3176,program/MedMNISTMerge/result/organcmnist(1).md
organcmnist,vlm,openai/clip-vit-base-patch32,fisher,c3_b0.01,3,0.01,0.3378,program/MedMNISTMerge/result/organcmnist(1).md
organcmnist,vlm,openai/clip-vit-base-patch32,fisher,c3_b0.1,3,0.1,0.2177,program/MedMNISTMerge/result/organcmnist(1).md
organcmnist,vlm,openai/clip-vit-base-patch32,fisher,c5_b0,5,0.0,0.1021,program/MedMNISTMerge/result/organcmnist(1).md
organcmnist,vlm,openai/clip-vit-base-patch32,fisher,c5_b0.01,5,0.01,0.0667,program/MedMNISTMerge/result/organcmnist(1).md
organcmnist,vlm,openai/clip-vit-base-patch32,fisher,c5_b0.1,5,0.1,0.3571,program/MedMNISTMerge/result/organcmnist(1).md
organcmnist,vlm,openai/clip-vit-base-patch32,fisher,c7_b0,7,0.0,0.0895,program/MedMNISTMerge/result/organcmnist(1).md
organcmnist,vlm,openai/clip-vit-base-patch32,fisher,c7_b0.01,7,0.01,0.2489,program/MedMNISTMerge/result/organcmnist(1).md
organcmnist,vlm,openai/clip-vit-base-patch32,fisher,c7_b0.1,7,0.1,0.1007,program/MedMNISTMerge/result/organcmnist(1).md
organcmnist,vlm,openai/clip-vit-base-patch32,breadcrumbs,c3_b0,3,0.0,0.2233,program/MedMNISTMerge/result/organcmnist(1).md
organcmnist,vlm,openai/clip-vit-base-patch32,breadcrumbs,c3_b0.01,3,0.01,0.2237,program/MedMNISTMerge/result/organcmnist(1).md
organcmnist,vlm,openai/clip-vit-base-patch32,breadcrumbs,c3_b0.1,3,0.1,0.0977,program/MedMNISTMerge/result/organcmnist(1).md
organcmnist,vlm,openai/clip-vit-base-patch32,breadcrumbs,c5_b0,5,0.0,0.0525,program/MedMNISTMerge/result/organcmnist(1).md
organcmnist,vlm,openai/clip-vit-base-patch32,breadcrumbs,c5_b0.01,5,0.01,0.0949,program/MedMNISTMerge/result/organcmnist(1).md
organcmnist,vlm,openai/clip-vit-base-patch32,breadcrumbs,c5_b0.1,5,0.1,0.2233,program/MedMNISTMerge/result/organcmnist(1).md
organcmnist,vlm,openai/clip-vit-base-patch32,breadcrumbs,c7_b0,7,0.0,0.1019,program/MedMNISTMerge/result/organcmnist(1).md
organcmnist,vlm,openai/clip-vit-base-patch32,breadcrumbs,c7_b0.01,7,0.01,0.0716,program/MedMNISTMerge/result/organcmnist(1).md
organcmnist,vlm,openai/clip-vit-base-patch32,breadcrumbs,c7_b0.1,7,0.1,0.0562,program/MedMNISTMerge/result/organcmnist(1).md
organcmnist,vlm,openai/clip-vit-base-patch32,model_stock,c3_b0,3,0.0,0.2485,program/MedMNISTMerge/result/organcmnist(1).md
organcmnist,vlm,openai/clip-vit-base-patch32,model_stock,c3_b0.01,3,0.01,0.1215,program/MedMNISTMerge/result/organcmnist(1).md
organcmnist,vlm,openai/clip-vit-base-patch32,model_stock,c3_b0.1,3,0.1,0.2663,program/MedMNISTMerge/result/organcmnist(1).md
organcmnist,vlm,openai/clip-vit-base-patch32,model_stock,c5_b0,5,0.0,0.1239,program/MedMNISTMerge/result/organcmnist(1).md
organcmnist,vlm,openai/clip-vit-base-patch32,model_stock,c5_b0.01,5,0.01,0.2059,program/MedMNISTMerge/result/organcmnist(1).md
organcmnist,vlm,openai/clip-vit-base-patch32,model_stock,c5_b0.1,5,0.1,0.2233,program/MedMNISTMerge/result/organcmnist(1).md
organcmnist,vlm,openai/clip-vit-base-patch32,model_stock,c7_b0,7,0.0,0.0661,program/MedMNISTMerge/result/organcmnist(1).md
organcmnist,vlm,openai/clip-vit-base-patch32,model_stock,c7_b0.01,7,0.01,0.0607,program/MedMNISTMerge/result/organcmnist(1).md
organcmnist,vlm,openai/clip-vit-base-patch32,model_stock,c7_b0.1,7,0.1,0.0714,program/MedMNISTMerge/result/organcmnist(1).md
organcmnist,vlm,openai/clip-vit-base-patch32,from,c3_b0,3,0.0,0.1104,program/MedMNISTMerge/result/organcmnist(1).md
organcmnist,vlm,openai/clip-vit-base-patch32,from,c3_b0.01,3,0.01,0.4478,program/MedMNISTMerge/result/organcmnist(1).md
organcmnist,vlm,openai/clip-vit-base-patch32,from,c3_b0.1,3,0.1,0.1891,program/MedMNISTMerge/result/organcmnist(1).md
organcmnist,vlm,openai/clip-vit-base-patch32,from,c5_b0,5,0.0,0.0713,program/MedMNISTMerge/result/organcmnist(1).md
organcmnist,vlm,openai/clip-vit-base-patch32,from,c5_b0.01,5,0.01,0.1973,program/MedMNISTMerge/result/organcmnist(1).md
organcmnist,vlm,openai/clip-vit-base-patch32,from,c5_b0.1,5,0.1,0.281,program/MedMNISTMerge/result/organcmnist(1).md
organcmnist,vlm,openai/clip-vit-base-patch32,from,c7_b0,7,0.0,0.2233,program/MedMNISTMerge/result/organcmnist(1).md
organcmnist,vlm,openai/clip-vit-base-patch32,from,c7_b0.01,7,0.01,0.0512,program/MedMNISTMerge/result/organcmnist(1).md
organcmnist,vlm,openai/clip-vit-base-patch32,from,c7_b0.1,7,0.1,0.3084,program/MedMNISTMerge/result/organcmnist(1).md
organcmnist,vlm,openai/clip-vit-base-patch32,iso_c,c3_b0,3,0.0,0.0915,program/MedMNISTMerge/result/organcmnist(1).md
organcmnist,vlm,openai/clip-vit-base-patch32,iso_c,c3_b0.01,3,0.01,0.1647,program/MedMNISTMerge/result/organcmnist(1).md
organcmnist,vlm,openai/clip-vit-base-patch32,iso_c,c3_b0.1,3,0.1,0.0932,program/MedMNISTMerge/result/organcmnist(1).md
organcmnist,vlm,openai/clip-vit-base-patch32,iso_c,c5_b0,5,0.0,0.1008,program/MedMNISTMerge/result/organcmnist(1).md
organcmnist,vlm,openai/clip-vit-base-patch32,iso_c,c5_b0.01,5,0.01,0.1005,program/MedMNISTMerge/result/organcmnist(1).md
organcmnist,vlm,openai/clip-vit-base-patch32,iso_c,c5_b0.1,5,0.1,0.1138,program/MedMNISTMerge/result/organcmnist(1).md
organcmnist,vlm,openai/clip-vit-base-patch32,iso_c,c7_b0,7,0.0,0.0992,program/MedMNISTMerge/result/organcmnist(1).md
organcmnist,vlm,openai/clip-vit-base-patch32,iso_c,c7_b0.01,7,0.01,0.1007,program/MedMNISTMerge/result/organcmnist(1).md
organcmnist,vlm,openai/clip-vit-base-patch32,iso_c,c7_b0.1,7,0.1,0.1545,program/MedMNISTMerge/result/organcmnist(1).md
organcmnist,vlm,openai/clip-vit-base-patch32,free_merge,c3_b0,3,0.0,0.1215,program/MedMNISTMerge/result/organcmnist(1).md
organcmnist,vlm,openai/clip-vit-base-patch32,free_merge,c3_b0.01,3,0.01,0.1391,program/MedMNISTMerge/result/organcmnist(1).md
organcmnist,vlm,openai/clip-vit-base-patch32,free_merge,c3_b0.1,3,0.1,0.1896,program/MedMNISTMerge/result/organcmnist(1).md
organcmnist,vlm,openai/clip-vit-base-patch32,free_merge,c5_b0,5,0.0,0.0963,program/MedMNISTMerge/result/organcmnist(1).md
organcmnist,vlm,openai/clip-vit-base-patch32,free_merge,c5_b0.01,5,0.01,0.1003,program/MedMNISTMerge/result/organcmnist(1).md
organcmnist,vlm,openai/clip-vit-base-patch32,free_merge,c5_b0.1,5,0.1,0.2292,program/MedMNISTMerge/result/organcmnist(1).md
organcmnist,vlm,openai/clip-vit-base-patch32,free_merge,c7_b0,7,0.0,0.0915,program/MedMNISTMerge/result/organcmnist(1).md
organcmnist,vlm,openai/clip-vit-base-patch32,free_merge,c7_b0.01,7,0.01,0.0534,program/MedMNISTMerge/result/organcmnist(1).md
organcmnist,vlm,openai/clip-vit-base-patch32,free_merge,c7_b0.1,7,0.1,0.0999,program/MedMNISTMerge/result/organcmnist(1).md
organcmnist,vlm,openai/clip-vit-base-patch32,robustmerge,c3_b0,3,0.0,0.2449,program/MedMNISTMerge/result/organcmnist(1).md
organcmnist,vlm,openai/clip-vit-base-patch32,robustmerge,c3_b0.01,3,0.01,0.1676,program/MedMNISTMerge/result/organcmnist(1).md
organcmnist,vlm,openai/clip-vit-base-patch32,robustmerge,c3_b0.1,3,0.1,0.3335,program/MedMNISTMerge/result/organcmnist(1).md
organcmnist,vlm,openai/clip-vit-base-patch32,robustmerge,c5_b0,5,0.0,0.0511,program/MedMNISTMerge/result/organcmnist(1).md
organcmnist,vlm,openai/clip-vit-base-patch32,robustmerge,c5_b0.01,5,0.01,0.099,program/MedMNISTMerge/result/organcmnist(1).md
organcmnist,vlm,openai/clip-vit-base-patch32,robustmerge,c5_b0.1,5,0.1,0.2266,program/MedMNISTMerge/result/organcmnist(1).md
organcmnist,vlm,openai/clip-vit-base-patch32,robustmerge,c7_b0,7,0.0,0.1007,program/MedMNISTMerge/result/organcmnist(1).md
organcmnist,vlm,openai/clip-vit-base-patch32,robustmerge,c7_b0.01,7,0.01,0.0878,program/MedMNISTMerge/result/organcmnist(1).md
organcmnist,vlm,openai/clip-vit-base-patch32,robustmerge,c7_b0.1,7,0.1,0.1715,program/MedMNISTMerge/result/organcmnist(1).md
organsmnist,small,resnet,avg,c3_b0,3,0.0,0.1971,program/MedMNISTMerge/result/organsmnist(1).md
organsmnist,small,resnet,avg,c3_b0.01,3,0.01,0.3379,program/MedMNISTMerge/result/organsmnist(1).md
organsmnist,small,resnet,avg,c3_b0.1,3,0.1,0.324,program/MedMNISTMerge/result/organsmnist(1).md
organsmnist,small,resnet,avg,c5_b0,5,0.0,0.2761,program/MedMNISTMerge/result/organsmnist(1).md
organsmnist,small,resnet,avg,c5_b0.01,5,0.01,0.071,program/MedMNISTMerge/result/organsmnist(1).md
organsmnist,small,resnet,avg,c5_b0.1,5,0.1,0.1911,program/MedMNISTMerge/result/organsmnist(1).md
organsmnist,small,resnet,avg,c7_b0,7,0.0,0.1325,program/MedMNISTMerge/result/organsmnist(1).md
organsmnist,small,resnet,avg,c7_b0.01,7,0.01,0.2354,program/MedMNISTMerge/result/organsmnist(1).md
organsmnist,small,resnet,avg,c7_b0.1,7,0.1,0.3744,program/MedMNISTMerge/result/organsmnist(1).md
organsmnist,small,resnet,ties,c3_b0,3,0.0,0.1856,program/MedMNISTMerge/result/organsmnist(1).md
organsmnist,small,resnet,ties,c3_b0.01,3,0.01,0.1691,program/MedMNISTMerge/result/organsmnist(1).md
organsmnist,small,resnet,ties,c3_b0.1,3,0.1,0.2396,program/MedMNISTMerge/result/organsmnist(1).md
organsmnist,small,resnet,ties,c5_b0,5,0.0,0.1251,program/MedMNISTMerge/result/organsmnist(1).md
organsmnist,small,resnet,ties,c5_b0.01,5,0.01,0.2158,program/MedMNISTMerge/result/organsmnist(1).md
organsmnist,small,resnet,ties,c5_b0.1,5,0.1,0.2337,program/MedMNISTMerge/result/organsmnist(1).md
organsmnist,small,resnet,ties,c7_b0,7,0.0,0.1033,program/MedMNISTMerge/result/organsmnist(1).md
organsmnist,small,resnet,ties,c7_b0.01,7,0.01,0.1406,program/MedMNISTMerge/result/organsmnist(1).md
organsmnist,small,resnet,ties,c7_b0.1,7,0.1,0.3182,program/MedMNISTMerge/result/organsmnist(1).md
organsmnist,small,resnet,dare_linear,c3_b0,3,0.0,0.1183,program/MedMNISTMerge/result/organsmnist(1).md
organsmnist,small,resnet,dare_linear,c3_b0.01,3,0.01,0.3053,program/MedMNISTMerge/result/organsmnist(1).md
organsmnist,small,resnet,dare_linear,c3_b0.1,3,0.1,0.3399,program/MedMNISTMerge/result/organsmnist(1).md
organsmnist,small,resnet,dare_linear,c5_b0,5,0.0,0.232,program/MedMNISTMerge/result/organsmnist(1).md
organsmnist,small,resnet,dare_linear,c5_b0.01,5,0.01,0.1272,program/MedMNISTMerge/result/organsmnist(1).md
organsmnist,small,resnet,dare_linear,c5_b0.1,5,0.1,0.3143,program/MedMNISTMerge/result/organsmnist(1).md
organsmnist,small,resnet,dare_linear,c7_b0,7,0.0,0.1602,program/MedMNISTMerge/result/organsmnist(1).md
organsmnist,small,resnet,dare_linear,c7_b0.01,7,0.01,0.2353,program/MedMNISTMerge/result/organsmnist(1).md
organsmnist,small,resnet,dare_linear,c7_b0.1,7,0.1,0.3657,program/MedMNISTMerge/result/organsmnist(1).md
organsmnist,small,resnet,dare_ties,c3_b0,3,0.0,0.1586,program/MedMNISTMerge/result/organsmnist(1).md
organsmnist,small,resnet,dare_ties,c3_b0.01,3,0.01,0.1689,program/MedMNISTMerge/result/organsmnist(1).md
organsmnist,small,resnet,dare_ties,c3_b0.1,3,0.1,0.2096,program/MedMNISTMerge/result/organsmnist(1).md
organsmnist,small,resnet,dare_ties,c5_b0,5,0.0,0.1197,program/MedMNISTMerge/result/organsmnist(1).md
organsmnist,small,resnet,dare_ties,c5_b0.01,5,0.01,0.2168,program/MedMNISTMerge/result/organsmnist(1).md
organsmnist,small,resnet,dare_ties,c5_b0.1,5,0.1,0.069,program/MedMNISTMerge/result/organsmnist(1).md
organsmnist,small,resnet,dare_ties,c7_b0,7,0.0,0.1473,program/MedMNISTMerge/result/organsmnist(1).md
organsmnist,small,resnet,dare_ties,c7_b0.01,7,0.01,0.1066,program/MedMNISTMerge/result/organsmnist(1).md
organsmnist,small,resnet,dare_ties,c7_b0.1,7,0.1,0.2652,program/MedMNISTMerge/result/organsmnist(1).md
organsmnist,small,resnet,regmean,c3_b0,3,0.0,0.2189,program/MedMNISTMerge/result/organsmnist(1).md
organsmnist,small,resnet,regmean,c3_b0.01,3,0.01,0.1648,program/MedMNISTMerge/result/organsmnist(1).md
organsmnist,small,resnet,regmean,c3_b0.1,3,0.1,0.3676,program/MedMNISTMerge/result/organsmnist(1).md
organsmnist,small,resnet,regmean,c5_b0,5,0.0,0.1608,program/MedMNISTMerge/result/organsmnist(1).md
organsmnist,small,resnet,regmean,c5_b0.01,5,0.01,0.1458,program/MedMNISTMerge/result/organsmnist(1).md
organsmnist,small,resnet,regmean,c5_b0.1,5,0.1,0.1802,program/MedMNISTMerge/result/organsmnist(1).md
organsmnist,small,resnet,regmean,c7_b0,7,0.0,0.0514,program/MedMNISTMerge/result/organsmnist(1).md
organsmnist,small,resnet,regmean,c7_b0.01,7,0.01,0.0655,program/MedMNISTMerge/result/organsmnist(1).md
organsmnist,small,resnet,regmean,c7_b0.1,7,0.1,0.3309,program/MedMNISTMerge/result/organsmnist(1).md
organsmnist,small,resnet,fisher,c3_b0,3,0.0,0.0875,program/MedMNISTMerge/result/organsmnist(1).md
organsmnist,small,resnet,fisher,c3_b0.01,3,0.01,0.175,program/MedMNISTMerge/result/organsmnist(1).md
organsmnist,small,resnet,fisher,c3_b0.1,3,0.1,0.3404,program/MedMNISTMerge/result/organsmnist(1).md
organsmnist,small,resnet,fisher,c5_b0,5,0.0,0.3307,program/MedMNISTMerge/result/organsmnist(1).md
organsmnist,small,resnet,fisher,c5_b0.01,5,0.01,0.1717,program/MedMNISTMerge/result/organsmnist(1).md
organsmnist,small,resnet,fisher,c5_b0.1,5,0.1,0.3843,program/MedMNISTMerge/result/organsmnist(1).md
organsmnist,small,resnet,fisher,c7_b0,7,0.0,0.0885,program/MedMNISTMerge/result/organsmnist(1).md
organsmnist,small,resnet,fisher,c7_b0.01,7,0.01,0.2763,program/MedMNISTMerge/result/organsmnist(1).md
organsmnist,small,resnet,fisher,c7_b0.1,7,0.1,0.2242,program/MedMNISTMerge/result/organsmnist(1).md
organsmnist,small,resnet,breadcrumbs,c3_b0,3,0.0,0.1177,program/MedMNISTMerge/result/organsmnist(1).md
organsmnist,small,resnet,breadcrumbs,c3_b0.01,3,0.01,0.0358,program/MedMNISTMerge/result/organsmnist(1).md
organsmnist,small,resnet,breadcrumbs,c3_b0.1,3,0.1,0.0872,program/MedMNISTMerge/result/organsmnist(1).md
organsmnist,small,resnet,breadcrumbs,c5_b0,5,0.0,0.2045,program/MedMNISTMerge/result/organsmnist(1).md
organsmnist,small,resnet,breadcrumbs,c5_b0.01,5,0.01,0.0267,program/MedMNISTMerge/result/organsmnist(1).md
organsmnist,small,resnet,breadcrumbs,c5_b0.1,5,0.1,0.0531,program/MedMNISTMerge/result/organsmnist(1).md
organsmnist,small,resnet,breadcrumbs,c7_b0,7,0.0,0.0351,program/MedMNISTMerge/result/organsmnist(1).md
organsmnist,small,resnet,breadcrumbs,c7_b0.01,7,0.01,0.0363,program/MedMNISTMerge/result/organsmnist(1).md
organsmnist,small,resnet,breadcrumbs,c7_b0.1,7,0.1,0.1097,program/MedMNISTMerge/result/organsmnist(1).md
organsmnist,small,resnet,model_stock,c3_b0,3,0.0,0.1554,program/MedMNISTMerge/result/organsmnist(1).md
organsmnist,small,resnet,model_stock,c3_b0.01,3,0.01,0.3482,program/MedMNISTMerge/result/organsmnist(1).md
organsmnist,small,resnet,model_stock,c3_b0.1,3,0.1,0.319,program/MedMNISTMerge/result/organsmnist(1).md
organsmnist,small,resnet,model_stock,c5_b0,5,0.0,0.2129,program/MedMNISTMerge/result/organsmnist(1).md
organsmnist,small,resnet,model_stock,c5_b0.01,5,0.01,0.0766,program/MedMNISTMerge/result/organsmnist(1).md
organsmnist,small,resnet,model_stock,c5_b0.1,5,0.1,0.1841,program/MedMNISTMerge/result/organsmnist(1).md
organsmnist,small,resnet,model_stock,c7_b0,7,0.0,0.0988,program/MedMNISTMerge/result/organsmnist(1).md
organsmnist,small,resnet,model_stock,c7_b0.01,7,0.01,0.2418,program/MedMNISTMerge/result/organsmnist(1).md
organsmnist,small,resnet,model_stock,c7_b0.1,7,0.1,0.2629,program/MedMNISTMerge/result/organsmnist(1).md
organsmnist,small,resnet,from,c3_b0,3,0.0,0.1712,program/MedMNISTMerge/result/organsmnist(1).md
organsmnist,small,resnet,from,c3_b0.01,3,0.01,0.1798,program/MedMNISTMerge/result/organsmnist(1).md
organsmnist,small,resnet,from,c3_b0.1,3,0.1,0.3112,program/MedMNISTMerge/result/organsmnist(1).md
organsmnist,small,resnet,from,c5_b0,5,0.0,0.3207,program/MedMNISTMerge/result/organsmnist(1).md
organsmnist,small,resnet,from,c5_b0.01,5,0.01,0.0718,program/MedMNISTMerge/result/organsmnist(1).md
organsmnist,small,resnet,from,c5_b0.1,5,0.1,0.2336,program/MedMNISTMerge/result/organsmnist(1).md
organsmnist,small,resnet,from,c7_b0,7,0.0,0.1325,program/MedMNISTMerge/result/organsmnist(1).md
organsmnist,small,resnet,from,c7_b0.01,7,0.01,0.2354,program/MedMNISTMerge/result/organsmnist(1).md
organsmnist,small,resnet,from,c7_b0.1,7,0.1,0.375,program/MedMNISTMerge/result/organsmnist(1).md
organsmnist,small,resnet,iso_c,c3_b0,3,0.0,0.1332,program/MedMNISTMerge/result/organsmnist(1).md
organsmnist,small,resnet,iso_c,c3_b0.01,3,0.01,0.3123,program/MedMNISTMerge/result/organsmnist(1).md
organsmnist,small,resnet,iso_c,c3_b0.1,3,0.1,0.3753,program/MedMNISTMerge/result/organsmnist(1).md
organsmnist,small,resnet,iso_c,c5_b0,5,0.0,0.2191,program/MedMNISTMerge/result/organsmnist(1).md
organsmnist,small,resnet,iso_c,c5_b0.01,5,0.01,0.0884,program/MedMNISTMerge/result/organsmnist(1).md
organsmnist,small,resnet,iso_c,c5_b0.1,5,0.1,0.3279,program/MedMNISTMerge/result/organsmnist(1).md
organsmnist,small,resnet,iso_c,c7_b0,7,0.0,0.1268,program/MedMNISTMerge/result/organsmnist(1).md
organsmnist,small,resnet,iso_c,c7_b0.01,7,0.01,0.2542,program/MedMNISTMerge/result/organsmnist(1).md
organsmnist,small,resnet,iso_c,c7_b0.1,7,0.1,0.3548,program/MedMNISTMerge/result/organsmnist(1).md
organsmnist,small,resnet,free_merge,c3_b0,3,0.0,0.1969,program/MedMNISTMerge/result/organsmnist(1).md
organsmnist,small,resnet,free_merge,c3_b0.01,3,0.01,0.3379,program/MedMNISTMerge/result/organsmnist(1).md
organsmnist,small,resnet,free_merge,c3_b0.1,3,0.1,0.324,program/MedMNISTMerge/result/organsmnist(1).md
organsmnist,small,resnet,free_merge,c5_b0,5,0.0,0.2761,program/MedMNISTMerge/result/organsmnist(1).md
organsmnist,small,resnet,free_merge,c5_b0.01,5,0.01,0.0708,program/MedMNISTMerge/result/organsmnist(1).md
organsmnist,small,resnet,free_merge,c5_b0.1,5,0.1,0.1911,program/MedMNISTMerge/result/organsmnist(1).md
organsmnist,small,resnet,free_merge,c7_b0,7,0.0,0.1327,program/MedMNISTMerge/result/organsmnist(1).md
organsmnist,small,resnet,free_merge,c7_b0.01,7,0.01,0.2354,program/MedMNISTMerge/result/organsmnist(1).md
organsmnist,small,resnet,free_merge,c7_b0.1,7,0.1,0.3743,program/MedMNISTMerge/result/organsmnist(1).md
organsmnist,small,resnet,robustmerge,c3_b0,3,0.0,0.1588,program/MedMNISTMerge/result/organsmnist(1).md
organsmnist,small,resnet,robustmerge,c3_b0.01,3,0.01,0.3157,program/MedMNISTMerge/result/organsmnist(1).md
organsmnist,small,resnet,robustmerge,c3_b0.1,3,0.1,0.3296,program/MedMNISTMerge/result/organsmnist(1).md
organsmnist,small,resnet,robustmerge,c5_b0,5,0.0,0.2871,program/MedMNISTMerge/result/organsmnist(1).md
organsmnist,small,resnet,robustmerge,c5_b0.01,5,0.01,0.1158,program/MedMNISTMerge/result/organsmnist(1).md
organsmnist,small,resnet,robustmerge,c5_b0.1,5,0.1,0.2653,program/MedMNISTMerge/result/organsmnist(1).md
organsmnist,small,resnet,robustmerge,c7_b0,7,0.0,0.2294,program/MedMNISTMerge/result/organsmnist(1).md
organsmnist,small,resnet,robustmerge,c7_b0.01,7,0.01,0.1851,program/MedMNISTMerge/result/organsmnist(1).md
organsmnist,small,resnet,robustmerge,c7_b0.1,7,0.1,0.2757,program/MedMNISTMerge/result/organsmnist(1).md
organsmnist,small,convnext,avg,c3_b0,3,0.0,0.2354,program/MedMNISTMerge/result/organsmnist(1).md
organsmnist,small,convnext,avg,c3_b0.01,3,0.01,0.0785,program/MedMNISTMerge/result/organsmnist(1).md
organsmnist,small,convnext,avg,c3_b0.1,3,0.1,0.0785,program/MedMNISTMerge/result/organsmnist(1).md
organsmnist,small,convnext,avg,c5_b0,5,0.0,0.0785,program/MedMNISTMerge/result/organsmnist(1).md
organsmnist,small,convnext,avg,c5_b0.01,5,0.01,0.0798,program/MedMNISTMerge/result/organsmnist(1).md
organsmnist,small,convnext,avg,c5_b0.1,5,0.1,0.1521,program/MedMNISTMerge/result/organsmnist(1).md
organsmnist,small,convnext,avg,c7_b0,7,0.0,0.0798,program/MedMNISTMerge/result/organsmnist(1).md
organsmnist,small,convnext,avg,c7_b0.01,7,0.01,0.2354,program/MedMNISTMerge/result/organsmnist(1).md
organsmnist,small,convnext,avg,c7_b0.1,7,0.1,0.1097,program/MedMNISTMerge/result/organsmnist(1).md
organsmnist,small,convnext,ties,c3_b0,3,0.0,0.2047,program/MedMNISTMerge/result/organsmnist(1).md
organsmnist,small,convnext,ties,c3_b0.01,3,0.01,0.0496,program/MedMNISTMerge/result/organsmnist(1).md
organsmnist,small,convnext,ties,c3_b0.1,3,0.1,0.0826,program/MedMNISTMerge/result/organsmnist(1).md
organsmnist,small,convnext,ties,c5_b0,5,0.0,0.0919,program/MedMNISTMerge/result/organsmnist(1).md
organsmnist,small,convnext,ties,c5_b0.01,5,0.01,0.0895,program/MedMNISTMerge/result/organsmnist(1).md
organsmnist,small,convnext,ties,c5_b0.1,5,0.1,0.0468,program/MedMNISTMerge/result/organsmnist(1).md
organsmnist,small,convnext,ties,c7_b0,7,0.0,0.0497,program/MedMNISTMerge/result/organsmnist(1).md
organsmnist,small,convnext,ties,c7_b0.01,7,0.01,0.0798,program/MedMNISTMerge/result/organsmnist(1).md
organsmnist,small,convnext,ties,c7_b0.1,7,0.1,0.1094,program/MedMNISTMerge/result/organsmnist(1).md
organsmnist,small,convnext,dare_linear,c3_b0,3,0.0,0.2354,program/MedMNISTMerge/result/organsmnist(1).md
organsmnist,small,convnext,dare_linear,c3_b0.01,3,0.01,0.0707,program/MedMNISTMerge/result/organsmnist(1).md
organsmnist,small,convnext,dare_linear,c3_b0.1,3,0.1,0.0785,program/MedMNISTMerge/result/organsmnist(1).md
organsmnist,small,convnext,dare_linear,c5_b0,5,0.0,0.0785,program/MedMNISTMerge/result/organsmnist(1).md
organsmnist,small,convnext,dare_linear,c5_b0.01,5,0.01,0.0798,program/MedMNISTMerge/result/organsmnist(1).md
organsmnist,small,convnext,dare_linear,c5_b0.1,5,0.1,0.1521,program/MedMNISTMerge/result/organsmnist(1).md
organsmnist,small,convnext,dare_linear,c7_b0,7,0.0,0.0798,program/MedMNISTMerge/result/organsmnist(1).md
organsmnist,small,convnext,dare_linear,c7_b0.01,7,0.01,0.0497,program/MedMNISTMerge/result/organsmnist(1).md
organsmnist,small,convnext,dare_linear,c7_b0.1,7,0.1,0.1097,program/MedMNISTMerge/result/organsmnist(1).md
organsmnist,small,convnext,dare_ties,c3_b0,3,0.0,0.1843,program/MedMNISTMerge/result/organsmnist(1).md
organsmnist,small,convnext,dare_ties,c3_b0.01,3,0.01,0.1173,program/MedMNISTMerge/result/organsmnist(1).md
organsmnist,small,convnext,dare_ties,c3_b0.1,3,0.1,0.0273,program/MedMNISTMerge/result/organsmnist(1).md
organsmnist,small,convnext,dare_ties,c5_b0,5,0.0,0.0607,program/MedMNISTMerge/result/organsmnist(1).md
organsmnist,small,convnext,dare_ties,c5_b0.01,5,0.01,0.0709,program/MedMNISTMerge/result/organsmnist(1).md
organsmnist,small,convnext,dare_ties,c5_b0.1,5,0.1,0.1521,program/MedMNISTMerge/result/organsmnist(1).md
organsmnist,small,convnext,dare_ties,c7_b0,7,0.0,0.0497,program/MedMNISTMerge/result/organsmnist(1).md
organsmnist,small,convnext,dare_ties,c7_b0.01,7,0.01,0.0798,program/MedMNISTMerge/result/organsmnist(1).md
organsmnist,small,convnext,dare_ties,c7_b0.1,7,0.1,0.0832,program/MedMNISTMerge/result/organsmnist(1).md
organsmnist,small,convnext,regmean,c3_b0,3,0.0,0.0936,program/MedMNISTMerge/result/organsmnist(1).md
organsmnist,small,convnext,regmean,c3_b0.01,3,0.01,0.0489,program/MedMNISTMerge/result/organsmnist(1).md
organsmnist,small,convnext,regmean,c3_b0.1,3,0.1,0.1617,program/MedMNISTMerge/result/organsmnist(1).md
organsmnist,small,convnext,regmean,c5_b0,5,0.0,0.1521,program/MedMNISTMerge/result/organsmnist(1).md
organsmnist,small,convnext,regmean,c5_b0.01,5,0.01,0.1429,program/MedMNISTMerge/result/organsmnist(1).md
organsmnist,small,convnext,regmean,c5_b0.1,5,0.1,0.0828,program/MedMNISTMerge/result/organsmnist(1).md
organsmnist,small,convnext,regmean,c7_b0,7,0.0,0.0798,program/MedMNISTMerge/result/organsmnist(1).md
organsmnist,small,convnext,regmean,c7_b0.01,7,0.01,0.0798,program/MedMNISTMerge/result/organsmnist(1).md
organsmnist,small,convnext,regmean,c7_b0.1,7,0.1,0.1519,program/MedMNISTMerge/result/organsmnist(1).md
organsmnist,small,convnext,fisher,c3_b0,3,0.0,0.0815,program/MedMNISTMerge/result/organsmnist(1).md
organsmnist,small,convnext,fisher,c3_b0.01,3,0.01,0.0495,program/MedMNISTMerge/result/organsmnist(1).md
organsmnist,small,convnext,fisher,c3_b0.1,3,0.1,0.0502,program/MedMNISTMerge/result/organsmnist(1).md
organsmnist,small,convnext,fisher,c5_b0,5,0.0,0.045,program/MedMNISTMerge/result/organsmnist(1).md
organsmnist,small,convnext,fisher,c5_b0.01,5,0.01,0.0603,program/MedMNISTMerge/result/organsmnist(1).md
organsmnist,small,convnext,fisher,c5_b0.1,5,0.1,0.0497,program/MedMNISTMerge/result/organsmnist(1).md
organsmnist,small,convnext,fisher,c7_b0,7,0.0,0.1521,program/MedMNISTMerge/result/organsmnist(1).md
organsmnist,small,convnext,fisher,c7_b0.01,7,0.01,0.045,program/MedMNISTMerge/result/organsmnist(1).md
organsmnist,small,convnext,fisher,c7_b0.1,7,0.1,0.0557,program/MedMNISTMerge/result/organsmnist(1).md
organsmnist,small,convnext,breadcrumbs,c3_b0,3,0.0,0.2354,program/MedMNISTMerge/result/organsmnist(1).md
organsmnist,small,convnext,breadcrumbs,c3_b0.01,3,0.01,0.1097,program/MedMNISTMerge/result/organsmnist(1).md
organsmnist,small,convnext,breadcrumbs,c3_b0.1,3,0.1,0.1097,program/MedMNISTMerge/result/organsmnist(1).md
organsmnist,small,convnext,breadcrumbs,c5_b0,5,0.0,0.0785,program/MedMNISTMerge/result/organsmnist(1).md
organsmnist,small,convnext,breadcrumbs,c5_b0.01,5,0.01,0.1521,program/MedMNISTMerge/result/organsmnist(1).md
organsmnist,small,convnext,breadcrumbs,c5_b0.1,5,0.1,0.2354,program/MedMNISTMerge/result/organsmnist(1).md
organsmnist,small,convnext,breadcrumbs,c7_b0,7,0.0,0.2354,program/MedMNISTMerge/result/organsmnist(1).md
organsmnist,small,convnext,breadcrumbs,c7_b0.01,7,0.01,0.2354,program/MedMNISTMerge/result/organsmnist(1).md
organsmnist,small,convnext,breadcrumbs,c7_b0.1,7,0.1,0.1521,program/MedMNISTMerge/result/organsmnist(1).md
organsmnist,small,convnext,model_stock,c3_b0,3,0.0,0.2354,program/MedMNISTMerge/result/organsmnist(1).md
organsmnist,small,convnext,model_stock,c3_b0.01,3,0.01,0.0785,program/MedMNISTMerge/result/organsmnist(1).md
organsmnist,small,convnext,model_stock,c3_b0.1,3,0.1,0.0785,program/MedMNISTMerge/result/organsmnist(1).md
organsmnist,small,convnext,model_stock,c5_b0,5,0.0,0.0785,program/MedMNISTMerge/result/organsmnist(1).md
organsmnist,small,convnext,model_stock,c5_b0.01,5,0.01,0.0798,program/MedMNISTMerge/result/organsmnist(1).md
organsmnist,small,convnext,model_stock,c5_b0.1,5,0.1,0.1521,program/MedMNISTMerge/result/organsmnist(1).md
organsmnist,small,convnext,model_stock,c7_b0,7,0.0,0.2354,program/MedMNISTMerge/result/organsmnist(1).md
organsmnist,small,convnext,model_stock,c7_b0.01,7,0.01,0.2354,program/MedMNISTMerge/result/organsmnist(1).md
organsmnist,small,convnext,model_stock,c7_b0.1,7,0.1,0.1097,program/MedMNISTMerge/result/organsmnist(1).md
organsmnist,small,convnext,from,c3_b0,3,0.0,0.2054,program/MedMNISTMerge/result/organsmnist(1).md
organsmnist,small,convnext,from,c3_b0.01,3,0.01,0.0497,program/MedMNISTMerge/result/organsmnist(1).md
organsmnist,small,convnext,from,c3_b0.1,3,0.1,0.1422,program/MedMNISTMerge/result/organsmnist(1).md
organsmnist,small,convnext,from,c5_b0,5,0.0,0.0785,program/MedMNISTMerge/result/organsmnist(1).md
organsmnist,small,convnext,from,c5_b0.01,5,0.01,0.1007,program/MedMNISTMerge/result/organsmnist(1).md
organsmnist,small,convnext,from,c5_b0.1,5,0.1,0.1521,program/MedMNISTMerge/result/organsmnist(1).md
organsmnist,small,convnext,from,c7_b0,7,0.0,0.0798,program/MedMNISTMerge/result/organsmnist(1).md
organsmnist,small,convnext,from,c7_b0.01,7,0.01,0.0798,program/MedMNISTMerge/result/organsmnist(1).md
organsmnist,small,convnext,from,c7_b0.1,7,0.1,0.1097,program/MedMNISTMerge/result/organsmnist(1).md
organsmnist,small,convnext,iso_c,c3_b0,3,0.0,0.0798,program/MedMNISTMerge/result/organsmnist(1).md
organsmnist,small,convnext,iso_c,c3_b0.01,3,0.01,0.0785,program/MedMNISTMerge/result/organsmnist(1).md
organsmnist,small,convnext,iso_c,c3_b0.1,3,0.1,0.0785,program/MedMNISTMerge/result/organsmnist(1).md
organsmnist,small,convnext,iso_c,c5_b0,5,0.0,0.0556,program/MedMNISTMerge/result/organsmnist(1).md
organsmnist,small,convnext,iso_c,c5_b0.01,5,0.01,0.2354,program/MedMNISTMerge/result/organsmnist(1).md
organsmnist,small,convnext,iso_c,c5_b0.1,5,0.1,0.1521,program/MedMNISTMerge/result/organsmnist(1).md
organsmnist,small,convnext,iso_c,c7_b0,7,0.0,0.0798,program/MedMNISTMerge/result/organsmnist(1).md
organsmnist,small,convnext,iso_c,c7_b0.01,7,0.01,0.0706,program/MedMNISTMerge/result/organsmnist(1).md
organsmnist,small,convnext,iso_c,c7_b0.1,7,0.1,0.1097,program/MedMNISTMerge/result/organsmnist(1).md
organsmnist,small,convnext,free_merge,c3_b0,3,0.0,0.2354,program/MedMNISTMerge/result/organsmnist(1).md
organsmnist,small,convnext,free_merge,c3_b0.01,3,0.01,0.0785,program/MedMNISTMerge/result/organsmnist(1).md
organsmnist,small,convnext,free_merge,c3_b0.1,3,0.1,0.0785,program/MedMNISTMerge/result/organsmnist(1).md
organsmnist,small,convnext,free_merge,c5_b0,5,0.0,0.0785,program/MedMNISTMerge/result/organsmnist(1).md
organsmnist,small,convnext,free_merge,c5_b0.01,5,0.01,0.0798,program/MedMNISTMerge/result/organsmnist(1).md
organsmnist,small,convnext,free_merge,c5_b0.1,5,0.1,0.1521,program/MedMNISTMerge/result/organsmnist(1).md
organsmnist,small,convnext,free_merge,c7_b0,7,0.0,0.0798,program/MedMNISTMerge/result/organsmnist(1).md
organsmnist,small,convnext,free_merge,c7_b0.01,7,0.01,0.2354,program/MedMNISTMerge/result/organsmnist(1).md
organsmnist,small,convnext,free_merge,c7_b0.1,7,0.1,0.1097,program/MedMNISTMerge/result/organsmnist(1).md
organsmnist,small,convnext,robustmerge,c3_b0,3,0.0,0.2353,program/MedMNISTMerge/result/organsmnist(1).md
organsmnist,small,convnext,robustmerge,c3_b0.01,3,0.01,0.2354,program/MedMNISTMerge/result/organsmnist(1).md
organsmnist,small,convnext,robustmerge,c3_b0.1,3,0.1,0.2354,program/MedMNISTMerge/result/organsmnist(1).md
organsmnist,small,convnext,robustmerge,c5_b0,5,0.0,0.0785,program/MedMNISTMerge/result/organsmnist(1).md
organsmnist,small,convnext,robustmerge,c5_b0.01,5,0.01,0.0578,program/MedMNISTMerge/result/organsmnist(1).md
organsmnist,small,convnext,robustmerge,c5_b0.1,5,0.1,0.1521,program/MedMNISTMerge/result/organsmnist(1).md
organsmnist,small,convnext,robustmerge,c7_b0,7,0.0,0.2354,program/MedMNISTMerge/result/organsmnist(1).md
organsmnist,small,convnext,robustmerge,c7_b0.01,7,0.01,0.2354,program/MedMNISTMerge/result/organsmnist(1).md
organsmnist,small,convnext,robustmerge,c7_b0.1,7,0.1,0.1521,program/MedMNISTMerge/result/organsmnist(1).md
organsmnist,small,vit_t,avg,c3_b0,3,0.0,0.0983,program/MedMNISTMerge/result/organsmnist(1).md
organsmnist,small,vit_t,avg,c3_b0.01,3,0.01,0.0587,program/MedMNISTMerge/result/organsmnist(1).md
organsmnist,small,vit_t,avg,c3_b0.1,3,0.1,0.0963,program/MedMNISTMerge/result/organsmnist(1).md
organsmnist,small,vit_t,avg,c5_b0,5,0.0,0.0531,program/MedMNISTMerge/result/organsmnist(1).md
organsmnist,small,vit_t,avg,c5_b0.01,5,0.01,0.1426,program/MedMNISTMerge/result/organsmnist(1).md
organsmnist,small,vit_t,avg,c5_b0.1,5,0.1,0.0599,program/MedMNISTMerge/result/organsmnist(1).md
organsmnist,small,vit_t,avg,c7_b0,7,0.0,0.1274,program/MedMNISTMerge/result/organsmnist(1).md
organsmnist,small,vit_t,avg,c7_b0.01,7,0.01,0.2354,program/MedMNISTMerge/result/organsmnist(1).md
organsmnist,small,vit_t,avg,c7_b0.1,7,0.1,0.1501,program/MedMNISTMerge/result/organsmnist(1).md
organsmnist,small,vit_t,ties,c3_b0,3,0.0,0.1455,program/MedMNISTMerge/result/organsmnist(1).md
organsmnist,small,vit_t,ties,c3_b0.01,3,0.01,0.051,program/MedMNISTMerge/result/organsmnist(1).md
organsmnist,small,vit_t,ties,c3_b0.1,3,0.1,0.1612,program/MedMNISTMerge/result/organsmnist(1).md
organsmnist,small,vit_t,ties,c5_b0,5,0.0,0.1371,program/MedMNISTMerge/result/organsmnist(1).md
organsmnist,small,vit_t,ties,c5_b0.01,5,0.01,0.1133,program/MedMNISTMerge/result/organsmnist(1).md
organsmnist,small,vit_t,ties,c5_b0.1,5,0.1,0.0503,program/MedMNISTMerge/result/organsmnist(1).md
organsmnist,small,vit_t,ties,c7_b0,7,0.0,0.0497,program/MedMNISTMerge/result/organsmnist(1).md
organsmnist,small,vit_t,ties,c7_b0.01,7,0.01,0.2897,program/MedMNISTMerge/result/organsmnist(1).md
organsmnist,small,vit_t,ties,c7_b0.1,7,0.1,0.1396,program/MedMNISTMerge/result/organsmnist(1).md
organsmnist,small,vit_t,dare_linear,c3_b0,3,0.0,0.05,program/MedMNISTMerge/result/organsmnist(1).md
organsmnist,small,vit_t,dare_linear,c3_b0.01,3,0.01,0.0578,program/MedMNISTMerge/result/organsmnist(1).md
organsmnist,small,vit_t,dare_linear,c3_b0.1,3,0.1,0.1167,program/MedMNISTMerge/result/organsmnist(1).md
organsmnist,small,vit_t,dare_linear,c5_b0,5,0.0,0.0578,program/MedMNISTMerge/result/organsmnist(1).md
organsmnist,small,vit_t,dare_linear,c5_b0.01,5,0.01,0.0549,program/MedMNISTMerge/result/organsmnist(1).md
organsmnist,small,vit_t,dare_linear,c5_b0.1,5,0.1,0.052,program/MedMNISTMerge/result/organsmnist(1).md
organsmnist,small,vit_t,dare_linear,c7_b0,7,0.0,0.1126,program/MedMNISTMerge/result/organsmnist(1).md
organsmnist,small,vit_t,dare_linear,c7_b0.01,7,0.01,0.2354,program/MedMNISTMerge/result/organsmnist(1).md
organsmnist,small,vit_t,dare_linear,c7_b0.1,7,0.1,0.1352,program/MedMNISTMerge/result/organsmnist(1).md
organsmnist,small,vit_t,dare_ties,c3_b0,3,0.0,0.0487,program/MedMNISTMerge/result/organsmnist(1).md
organsmnist,small,vit_t,dare_ties,c3_b0.01,3,0.01,0.0505,program/MedMNISTMerge/result/organsmnist(1).md
organsmnist,small,vit_t,dare_ties,c3_b0.1,3,0.1,0.063,program/MedMNISTMerge/result/organsmnist(1).md
organsmnist,small,vit_t,dare_ties,c5_b0,5,0.0,0.1549,program/MedMNISTMerge/result/organsmnist(1).md
organsmnist,small,vit_t,dare_ties,c5_b0.01,5,0.01,0.0578,program/MedMNISTMerge/result/organsmnist(1).md
organsmnist,small,vit_t,dare_ties,c5_b0.1,5,0.1,0.0496,program/MedMNISTMerge/result/organsmnist(1).md
organsmnist,small,vit_t,dare_ties,c7_b0,7,0.0,0.0475,program/MedMNISTMerge/result/organsmnist(1).md
organsmnist,small,vit_t,dare_ties,c7_b0.01,7,0.01,0.0395,program/MedMNISTMerge/result/organsmnist(1).md
organsmnist,small,vit_t,dare_ties,c7_b0.1,7,0.1,0.0902,program/MedMNISTMerge/result/organsmnist(1).md
organsmnist,small,vit_t,regmean,c3_b0,3,0.0,0.1545,program/MedMNISTMerge/result/organsmnist(1).md
organsmnist,small,vit_t,regmean,c3_b0.01,3,0.01,0.0491,program/MedMNISTMerge/result/organsmnist(1).md
organsmnist,small,vit_t,regmean,c3_b0.1,3,0.1,0.1753,program/MedMNISTMerge/result/organsmnist(1).md
organsmnist,small,vit_t,regmean,c5_b0,5,0.0,0.0805,program/MedMNISTMerge/result/organsmnist(1).md
organsmnist,small,vit_t,regmean,c5_b0.01,5,0.01,0.0674,program/MedMNISTMerge/result/organsmnist(1).md
organsmnist,small,vit_t,regmean,c5_b0.1,5,0.1,0.0671,program/MedMNISTMerge/result/organsmnist(1).md
organsmnist,small,vit_t,regmean,c7_b0,7,0.0,0.0505,program/MedMNISTMerge/result/organsmnist(1).md
organsmnist,small,vit_t,regmean,c7_b0.01,7,0.01,0.1521,program/MedMNISTMerge/result/organsmnist(1).md
organsmnist,small,vit_t,regmean,c7_b0.1,7,0.1,0.1178,program/MedMNISTMerge/result/organsmnist(1).md
organsmnist,small,vit_t,fisher,c3_b0,3,0.0,0.1244,program/MedMNISTMerge/result/organsmnist(1).md
organsmnist,small,vit_t,fisher,c3_b0.01,3,0.01,0.0532,program/MedMNISTMerge/result/organsmnist(1).md
organsmnist,small,vit_t,fisher,c3_b0.1,3,0.1,0.0793,program/MedMNISTMerge/result/organsmnist(1).md
organsmnist,small,vit_t,fisher,c5_b0,5,0.0,0.2626,program/MedMNISTMerge/result/organsmnist(1).md
organsmnist,small,vit_t,fisher,c5_b0.01,5,0.01,0.0521,program/MedMNISTMerge/result/organsmnist(1).md
organsmnist,small,vit_t,fisher,c5_b0.1,5,0.1,0.0508,program/MedMNISTMerge/result/organsmnist(1).md
organsmnist,small,vit_t,fisher,c7_b0,7,0.0,0.1028,program/MedMNISTMerge/result/organsmnist(1).md
organsmnist,small,vit_t,fisher,c7_b0.01,7,0.01,0.2125,program/MedMNISTMerge/result/organsmnist(1).md
organsmnist,small,vit_t,fisher,c7_b0.1,7,0.1,0.0512,program/MedMNISTMerge/result/organsmnist(1).md
organsmnist,small,vit_t,breadcrumbs,c3_b0,3,0.0,0.0497,program/MedMNISTMerge/result/organsmnist(1).md
organsmnist,small,vit_t,breadcrumbs,c3_b0.01,3,0.01,0.2546,program/MedMNISTMerge/result/organsmnist(1).md
organsmnist,small,vit_t,breadcrumbs,c3_b0.1,3,0.1,0.0668,program/MedMNISTMerge/result/organsmnist(1).md
organsmnist,small,vit_t,breadcrumbs,c5_b0,5,0.0,0.0512,program/MedMNISTMerge/result/organsmnist(1).md
organsmnist,small,vit_t,breadcrumbs,c5_b0.01,5,0.01,0.0288,program/MedMNISTMerge/result/organsmnist(1).md
organsmnist,small,vit_t,breadcrumbs,c5_b0.1,5,0.1,0.0649,program/MedMNISTMerge/result/organsmnist(1).md
organsmnist,small,vit_t,breadcrumbs,c7_b0,7,0.0,0.0981,program/MedMNISTMerge/result/organsmnist(1).md
organsmnist,small,vit_t,breadcrumbs,c7_b0.01,7,0.01,0.2097,program/MedMNISTMerge/result/organsmnist(1).md
organsmnist,small,vit_t,breadcrumbs,c7_b0.1,7,0.1,0.0578,program/MedMNISTMerge/result/organsmnist(1).md
organsmnist,small,vit_t,model_stock,c3_b0,3,0.0,0.1076,program/MedMNISTMerge/result/organsmnist(1).md
organsmnist,small,vit_t,model_stock,c3_b0.01,3,0.01,0.0838,program/MedMNISTMerge/result/organsmnist(1).md
organsmnist,small,vit_t,model_stock,c3_b0.1,3,0.1,0.0764,program/MedMNISTMerge/result/organsmnist(1).md
organsmnist,small,vit_t,model_stock,c5_b0,5,0.0,0.0497,program/MedMNISTMerge/result/organsmnist(1).md
organsmnist,small,vit_t,model_stock,c5_b0.01,5,0.01,0.0653,program/MedMNISTMerge/result/organsmnist(1).md
organsmnist,small,vit_t,model_stock,c5_b0.1,5,0.1,0.1427,program/MedMNISTMerge/result/organsmnist(1).md
organsmnist,small,vit_t,model_stock,c7_b0,7,0.0,0.1503,program/MedMNISTMerge/result/organsmnist(1).md
organsmnist,small,vit_t,model_stock,c7_b0.01,7,0.01,0.2354,program/MedMNISTMerge/result/organsmnist(1).md
organsmnist,small,vit_t,model_stock,c7_b0.1,7,0.1,0.1742,program/MedMNISTMerge/result/organsmnist(1).md
organsmnist,small,vit_t,from,c3_b0,3,0.0,0.0694,program/MedMNISTMerge/result/organsmnist(1).md
organsmnist,small,vit_t,from,c3_b0.01,3,0.01,0.0565,program/MedMNISTMerge/result/organsmnist(1).md
organsmnist,small,vit_t,from,c3_b0.1,3,0.1,0.1057,program/MedMNISTMerge/result/organsmnist(1).md
organsmnist,small,vit_t,from,c5_b0,5,0.0,0.0785,program/MedMNISTMerge/result/organsmnist(1).md
organsmnist,small,vit_t,from,c5_b0.01,5,0.01,0.0912,program/MedMNISTMerge/result/organsmnist(1).md
organsmnist,small,vit_t,from,c5_b0.1,5,0.1,0.0696,program/MedMNISTMerge/result/organsmnist(1).md
organsmnist,small,vit_t,from,c7_b0,7,0.0,0.0758,program/MedMNISTMerge/result/organsmnist(1).md
organsmnist,small,vit_t,from,c7_b0.01,7,0.01,0.2291,program/MedMNISTMerge/result/organsmnist(1).md
organsmnist,small,vit_t,from,c7_b0.1,7,0.1,0.1406,program/MedMNISTMerge/result/organsmnist(1).md
organsmnist,small,vit_t,iso_c,c3_b0,3,0.0,0.0502,program/MedMNISTMerge/result/organsmnist(1).md
organsmnist,small,vit_t,iso_c,c3_b0.01,3,0.01,0.0552,program/MedMNISTMerge/result/organsmnist(1).md
organsmnist,small,vit_t,iso_c,c3_b0.1,3,0.1,0.0781,program/MedMNISTMerge/result/organsmnist(1).md
organsmnist,small,vit_t,iso_c,c5_b0,5,0.0,0.0543,program/MedMNISTMerge/result/organsmnist(1).md
organsmnist,small,vit_t,iso_c,c5_b0.01,5,0.01,0.0497,program/MedMNISTMerge/result/organsmnist(1).md
organsmnist,small,vit_t,iso_c,c5_b0.1,5,0.1,0.0554,program/MedMNISTMerge/result/organsmnist(1).md
organsmnist,small,vit_t,iso_c,c7_b0,7,0.0,0.0733,program/MedMNISTMerge/result/organsmnist(1).md
organsmnist,small,vit_t,iso_c,c7_b0.01,7,0.01,0.1196,program/MedMNISTMerge/result/organsmnist(1).md
organsmnist,small,vit_t,iso_c,c7_b0.1,7,0.1,0.1314,program/MedMNISTMerge/result/organsmnist(1).md
organsmnist,small,vit_t,free_merge,c3_b0,3,0.0,0.0625,program/MedMNISTMerge/result/organsmnist(1).md
organsmnist,small,vit_t,free_merge,c3_b0.01,3,0.01,0.0642,program/MedMNISTMerge/result/organsmnist(1).md
organsmnist,small,vit_t,free_merge,c3_b0.1,3,0.1,0.0912,program/MedMNISTMerge/result/organsmnist(1).md
organsmnist,small,vit_t,free_merge,c5_b0,5,0.0,0.0497,program/MedMNISTMerge/result/organsmnist(1).md
organsmnist,small,vit_t,free_merge,c5_b0.01,5,0.01,0.167,program/MedMNISTMerge/result/organsmnist(1).md
organsmnist,small,vit_t,free_merge,c5_b0.1,5,0.1,0.0574,program/MedMNISTMerge/result/organsmnist(1).md
organsmnist,small,vit_t,free_merge,c7_b0,7,0.0,0.1322,program/MedMNISTMerge/result/organsmnist(1).md
organsmnist,small,vit_t,free_merge,c7_b0.01,7,0.01,0.2354,program/MedMNISTMerge/result/organsmnist(1).md
organsmnist,small,vit_t,free_merge,c7_b0.1,7,0.1,0.1254,program/MedMNISTMerge/result/organsmnist(1).md
organsmnist,small,vit_t,robustmerge,c3_b0,3,0.0,0.0497,program/MedMNISTMerge/result/organsmnist(1).md
organsmnist,small,vit_t,robustmerge,c3_b0.01,3,0.01,0.2737,program/MedMNISTMerge/result/organsmnist(1).md
organsmnist,small,vit_t,robustmerge,c3_b0.1,3,0.1,0.0546,program/MedMNISTMerge/result/organsmnist(1).md
organsmnist,small,vit_t,robustmerge,c5_b0,5,0.0,0.0453,program/MedMNISTMerge/result/organsmnist(1).md
organsmnist,small,vit_t,robustmerge,c5_b0.01,5,0.01,0.0649,program/MedMNISTMerge/result/organsmnist(1).md
organsmnist,small,vit_t,robustmerge,c5_b0.1,5,0.1,0.1017,program/MedMNISTMerge/result/organsmnist(1).md
organsmnist,small,vit_t,robustmerge,c7_b0,7,0.0,0.0767,program/MedMNISTMerge/result/organsmnist(1).md
organsmnist,small,vit_t,robustmerge,c7_b0.01,7,0.01,0.2386,program/MedMNISTMerge/result/organsmnist(1).md
organsmnist,small,vit_t,robustmerge,c7_b0.1,7,0.1,0.0497,program/MedMNISTMerge/result/organsmnist(1).md
organsmnist,small,swin_tiny,avg,c3_b0,3,0.0,0.0578,program/MedMNISTMerge/result/organsmnist(1).md
organsmnist,small,swin_tiny,avg,c3_b0.01,3,0.01,0.0682,program/MedMNISTMerge/result/organsmnist(1).md
organsmnist,small,swin_tiny,avg,c3_b0.1,3,0.1,0.0785,program/MedMNISTMerge/result/organsmnist(1).md
organsmnist,small,swin_tiny,avg,c5_b0,5,0.0,0.06,program/MedMNISTMerge/result/organsmnist(1).md
organsmnist,small,swin_tiny,avg,c5_b0.01,5,0.01,0.0497,program/MedMNISTMerge/result/organsmnist(1).md
organsmnist,small,swin_tiny,avg,c5_b0.1,5,0.1,0.0715,program/MedMNISTMerge/result/organsmnist(1).md
organsmnist,small,swin_tiny,avg,c7_b0,7,0.0,0.1521,program/MedMNISTMerge/result/organsmnist(1).md
organsmnist,small,swin_tiny,avg,c7_b0.01,7,0.01,0.1526,program/MedMNISTMerge/result/organsmnist(1).md
organsmnist,small,swin_tiny,avg,c7_b0.1,7,0.1,0.1097,program/MedMNISTMerge/result/organsmnist(1).md
organsmnist,small,swin_tiny,ties,c3_b0,3,0.0,0.0998,program/MedMNISTMerge/result/organsmnist(1).md
organsmnist,small,swin_tiny,ties,c3_b0.01,3,0.01,0.0698,program/MedMNISTMerge/result/organsmnist(1).md
organsmnist,small,swin_tiny,ties,c3_b0.1,3,0.1,0.0508,program/MedMNISTMerge/result/organsmnist(1).md
organsmnist,small,swin_tiny,ties,c5_b0,5,0.0,0.0819,program/MedMNISTMerge/result/organsmnist(1).md
organsmnist,small,swin_tiny,ties,c5_b0.01,5,0.01,0.0497,program/MedMNISTMerge/result/organsmnist(1).md
organsmnist,small,swin_tiny,ties,c5_b0.1,5,0.1,0.0504,program/MedMNISTMerge/result/organsmnist(1).md
organsmnist,small,swin_tiny,ties,c7_b0,7,0.0,0.1097,program/MedMNISTMerge/result/organsmnist(1).md
organsmnist,small,swin_tiny,ties,c7_b0.01,7,0.01,0.1128,program/MedMNISTMerge/result/organsmnist(1).md
organsmnist,small,swin_tiny,ties,c7_b0.1,7,0.1,0.1097,program/MedMNISTMerge/result/organsmnist(1).md
organsmnist,small,swin_tiny,dare_linear,c3_b0,3,0.0,0.0578,program/MedMNISTMerge/result/organsmnist(1).md
organsmnist,small,swin_tiny,dare_linear,c3_b0.01,3,0.01,0.0559,program/MedMNISTMerge/result/organsmnist(1).md
organsmnist,small,swin_tiny,dare_linear,c3_b0.1,3,0.1,0.0785,program/MedMNISTMerge/result/organsmnist(1).md
organsmnist,small,swin_tiny,dare_linear,c5_b0,5,0.0,0.0877,program/MedMNISTMerge/result/organsmnist(1).md
organsmnist,small,swin_tiny,dare_linear,c5_b0.01,5,0.01,0.0497,program/MedMNISTMerge/result/organsmnist(1).md
organsmnist,small,swin_tiny,dare_linear,c5_b0.1,5,0.1,0.0785,program/MedMNISTMerge/result/organsmnist(1).md
organsmnist,small,swin_tiny,dare_linear,c7_b0,7,0.0,0.1521,program/MedMNISTMerge/result/organsmnist(1).md
organsmnist,small,swin_tiny,dare_linear,c7_b0.01,7,0.01,0.11,program/MedMNISTMerge/result/organsmnist(1).md
organsmnist,small,swin_tiny,dare_linear,c7_b0.1,7,0.1,0.1521,program/MedMNISTMerge/result/organsmnist(1).md
organsmnist,small,swin_tiny,dare_ties,c3_b0,3,0.0,0.0702,program/MedMNISTMerge/result/organsmnist(1).md
organsmnist,small,swin_tiny,dare_ties,c3_b0.01,3,0.01,0.1037,program/MedMNISTMerge/result/organsmnist(1).md
organsmnist,small,swin_tiny,dare_ties,c3_b0.1,3,0.1,0.1844,program/MedMNISTMerge/result/organsmnist(1).md
organsmnist,small,swin_tiny,dare_ties,c5_b0,5,0.0,0.0301,program/MedMNISTMerge/result/organsmnist(1).md
organsmnist,small,swin_tiny,dare_ties,c5_b0.01,5,0.01,0.0497,program/MedMNISTMerge/result/organsmnist(1).md
organsmnist,small,swin_tiny,dare_ties,c5_b0.1,5,0.1,0.0504,program/MedMNISTMerge/result/organsmnist(1).md
organsmnist,small,swin_tiny,dare_ties,c7_b0,7,0.0,0.1097,program/MedMNISTMerge/result/organsmnist(1).md
organsmnist,small,swin_tiny,dare_ties,c7_b0.01,7,0.01,0.1495,program/MedMNISTMerge/result/organsmnist(1).md
organsmnist,small,swin_tiny,dare_ties,c7_b0.1,7,0.1,0.1097,program/MedMNISTMerge/result/organsmnist(1).md
organsmnist,small,swin_tiny,regmean,c3_b0,3,0.0,0.0802,program/MedMNISTMerge/result/organsmnist(1).md
organsmnist,small,swin_tiny,regmean,c3_b0.01,3,0.01,0.1799,program/MedMNISTMerge/result/organsmnist(1).md
organsmnist,small,swin_tiny,regmean,c3_b0.1,3,0.1,0.1043,program/MedMNISTMerge/result/organsmnist(1).md
organsmnist,small,swin_tiny,regmean,c5_b0,5,0.0,0.146,program/MedMNISTMerge/result/organsmnist(1).md
organsmnist,small,swin_tiny,regmean,c5_b0.01,5,0.01,0.0497,program/MedMNISTMerge/result/organsmnist(1).md
organsmnist,small,swin_tiny,regmean,c5_b0.1,5,0.1,0.0504,program/MedMNISTMerge/result/organsmnist(1).md
organsmnist,small,swin_tiny,regmean,c7_b0,7,0.0,0.1097,program/MedMNISTMerge/result/organsmnist(1).md
organsmnist,small,swin_tiny,regmean,c7_b0.01,7,0.01,0.1184,program/MedMNISTMerge/result/organsmnist(1).md
organsmnist,small,swin_tiny,regmean,c7_b0.1,7,0.1,0.0497,program/MedMNISTMerge/result/organsmnist(1).md
organsmnist,small,swin_tiny,fisher,c3_b0,3,0.0,0.0933,program/MedMNISTMerge/result/organsmnist(1).md
organsmnist,small,swin_tiny,fisher,c3_b0.01,3,0.01,0.0523,program/MedMNISTMerge/result/organsmnist(1).md
organsmnist,small,swin_tiny,fisher,c3_b0.1,3,0.1,0.0497,program/MedMNISTMerge/result/organsmnist(1).md
organsmnist,small,swin_tiny,fisher,c5_b0,5,0.0,0.0939,program/MedMNISTMerge/result/organsmnist(1).md
organsmnist,small,swin_tiny,fisher,c5_b0.01,5,0.01,0.0478,program/MedMNISTMerge/result/organsmnist(1).md
organsmnist,small,swin_tiny,fisher,c5_b0.1,5,0.1,0.0532,program/MedMNISTMerge/result/organsmnist(1).md
organsmnist,small,swin_tiny,fisher,c7_b0,7,0.0,0.0578,program/MedMNISTMerge/result/organsmnist(1).md
organsmnist,small,swin_tiny,fisher,c7_b0.01,7,0.01,0.045,program/MedMNISTMerge/result/organsmnist(1).md
organsmnist,small,swin_tiny,fisher,c7_b0.1,7,0.1,0.225,program/MedMNISTMerge/result/organsmnist(1).md
organsmnist,small,swin_tiny,breadcrumbs,c3_b0,3,0.0,0.2354,program/MedMNISTMerge/result/organsmnist(1).md
organsmnist,small,swin_tiny,breadcrumbs,c3_b0.01,3,0.01,0.2354,program/MedMNISTMerge/result/organsmnist(1).md
organsmnist,small,swin_tiny,breadcrumbs,c3_b0.1,3,0.1,0.2354,program/MedMNISTMerge/result/organsmnist(1).md
organsmnist,small,swin_tiny,breadcrumbs,c5_b0,5,0.0,0.2354,program/MedMNISTMerge/result/organsmnist(1).md
organsmnist,small,swin_tiny,breadcrumbs,c5_b0.01,5,0.01,0.1521,program/MedMNISTMerge/result/organsmnist(1).md
organsmnist,small,swin_tiny,breadcrumbs,c5_b0.1,5,0.1,0.2354,program/MedMNISTMerge/result/organsmnist(1).md
organsmnist,small,swin_tiny,breadcrumbs,c7_b0,7,0.0,0.2458,program/MedMNISTMerge/result/organsmnist(1).md
organsmnist,small,swin_tiny,breadcrumbs,c7_b0.01,7,0.01,0.2354,program/MedMNISTMerge/result/organsmnist(1).md
organsmnist,small,swin_tiny,breadcrumbs,c7_b0.1,7,0.1,0.1521,program/MedMNISTMerge/result/organsmnist(1).md
organsmnist,small,swin_tiny,model_stock,c3_b0,3,0.0,0.0578,program/MedMNISTMerge/result/organsmnist(1).md
organsmnist,small,swin_tiny,model_stock,c3_b0.01,3,0.01,0.0647,program/MedMNISTMerge/result/organsmnist(1).md
organsmnist,small,swin_tiny,model_stock,c3_b0.1,3,0.1,0.0788,program/MedMNISTMerge/result/organsmnist(1).md
organsmnist,small,swin_tiny,model_stock,c5_b0,5,0.0,0.1295,program/MedMNISTMerge/result/organsmnist(1).md
organsmnist,small,swin_tiny,model_stock,c5_b0.01,5,0.01,0.1527,program/MedMNISTMerge/result/organsmnist(1).md
organsmnist,small,swin_tiny,model_stock,c5_b0.1,5,0.1,0.0497,program/MedMNISTMerge/result/organsmnist(1).md
organsmnist,small,swin_tiny,model_stock,c7_b0,7,0.0,0.2867,program/MedMNISTMerge/result/organsmnist(1).md
organsmnist,small,swin_tiny,model_stock,c7_b0.01,7,0.01,0.0544,program/MedMNISTMerge/result/organsmnist(1).md
organsmnist,small,swin_tiny,model_stock,c7_b0.1,7,0.1,0.173,program/MedMNISTMerge/result/organsmnist(1).md
organsmnist,small,swin_tiny,from,c3_b0,3,0.0,0.0884,program/MedMNISTMerge/result/organsmnist(1).md
organsmnist,small,swin_tiny,from,c3_b0.01,3,0.01,0.1421,program/MedMNISTMerge/result/organsmnist(1).md
organsmnist,small,swin_tiny,from,c3_b0.1,3,0.1,0.1093,program/MedMNISTMerge/result/organsmnist(1).md
organsmnist,small,swin_tiny,from,c5_b0,5,0.0,0.1765,program/MedMNISTMerge/result/organsmnist(1).md
organsmnist,small,swin_tiny,from,c5_b0.01,5,0.01,0.0497,program/MedMNISTMerge/result/organsmnist(1).md
organsmnist,small,swin_tiny,from,c5_b0.1,5,0.1,0.0785,program/MedMNISTMerge/result/organsmnist(1).md
organsmnist,small,swin_tiny,from,c7_b0,7,0.0,0.1097,program/MedMNISTMerge/result/organsmnist(1).md
organsmnist,small,swin_tiny,from,c7_b0.01,7,0.01,0.1521,program/MedMNISTMerge/result/organsmnist(1).md
organsmnist,small,swin_tiny,from,c7_b0.1,7,0.1,0.1521,program/MedMNISTMerge/result/organsmnist(1).md
organsmnist,small,swin_tiny,iso_c,c3_b0,3,0.0,0.0849,program/MedMNISTMerge/result/organsmnist(1).md
organsmnist,small,swin_tiny,iso_c,c3_b0.01,3,0.01,0.1813,program/MedMNISTMerge/result/organsmnist(1).md
organsmnist,small,swin_tiny,iso_c,c3_b0.1,3,0.1,0.1975,program/MedMNISTMerge/result/organsmnist(1).md
organsmnist,small,swin_tiny,iso_c,c5_b0,5,0.0,0.2862,program/MedMNISTMerge/result/organsmnist(1).md
organsmnist,small,swin_tiny,iso_c,c5_b0.01,5,0.01,0.0939,program/MedMNISTMerge/result/organsmnist(1).md
organsmnist,small,swin_tiny,iso_c,c5_b0.1,5,0.1,0.1379,program/MedMNISTMerge/result/organsmnist(1).md
organsmnist,small,swin_tiny,iso_c,c7_b0,7,0.0,0.265,program/MedMNISTMerge/result/organsmnist(1).md
organsmnist,small,swin_tiny,iso_c,c7_b0.01,7,0.01,0.1126,program/MedMNISTMerge/result/organsmnist(1).md
organsmnist,small,swin_tiny,iso_c,c7_b0.1,7,0.1,0.1865,program/MedMNISTMerge/result/organsmnist(1).md
organsmnist,small,swin_tiny,free_merge,c3_b0,3,0.0,0.0578,program/MedMNISTMerge/result/organsmnist(1).md
organsmnist,small,swin_tiny,free_merge,c3_b0.01,3,0.01,0.0682,program/MedMNISTMerge/result/organsmnist(1).md
organsmnist,small,swin_tiny,free_merge,c3_b0.1,3,0.1,0.0785,program/MedMNISTMerge/result/organsmnist(1).md
organsmnist,small,swin_tiny,free_merge,c5_b0,5,0.0,0.0497,program/MedMNISTMerge/result/organsmnist(1).md
organsmnist,small,swin_tiny,free_merge,c5_b0.01,5,0.01,0.0497,program/MedMNISTMerge/result/organsmnist(1).md
organsmnist,small,swin_tiny,free_merge,c5_b0.1,5,0.1,0.0497,program/MedMNISTMerge/result/organsmnist(1).md
organsmnist,small,swin_tiny,free_merge,c7_b0,7,0.0,0.1521,program/MedMNISTMerge/result/organsmnist(1).md
organsmnist,small,swin_tiny,free_merge,c7_b0.01,7,0.01,0.0568,program/MedMNISTMerge/result/organsmnist(1).md
organsmnist,small,swin_tiny,free_merge,c7_b0.1,7,0.1,0.1097,program/MedMNISTMerge/result/organsmnist(1).md
organsmnist,small,swin_tiny,robustmerge,c3_b0,3,0.0,0.0571,program/MedMNISTMerge/result/organsmnist(1).md
organsmnist,small,swin_tiny,robustmerge,c3_b0.01,3,0.01,0.2095,program/MedMNISTMerge/result/organsmnist(1).md
organsmnist,small,swin_tiny,robustmerge,c3_b0.1,3,0.1,0.2354,program/MedMNISTMerge/result/organsmnist(1).md
organsmnist,small,swin_tiny,robustmerge,c5_b0,5,0.0,0.1925,program/MedMNISTMerge/result/organsmnist(1).md
organsmnist,small,swin_tiny,robustmerge,c5_b0.01,5,0.01,0.0497,program/MedMNISTMerge/result/organsmnist(1).md
organsmnist,small,swin_tiny,robustmerge,c5_b0.1,5,0.1,0.103,program/MedMNISTMerge/result/organsmnist(1).md
organsmnist,small,swin_tiny,robustmerge,c7_b0,7,0.0,0.2354,program/MedMNISTMerge/result/organsmnist(1).md
organsmnist,small,swin_tiny,robustmerge,c7_b0.01,7,0.01,0.2354,program/MedMNISTMerge/result/organsmnist(1).md
organsmnist,small,swin_tiny,robustmerge,c7_b0.1,7,0.1,0.1521,program/MedMNISTMerge/result/organsmnist(1).md
organsmnist,small,densenet,avg,c3_b0,3,0.0,0.0497,program/MedMNISTMerge/result/organsmnist(1).md
organsmnist,small,densenet,avg,c3_b0.01,3,0.01,0.2767,program/MedMNISTMerge/result/organsmnist(1).md
organsmnist,small,densenet,avg,c3_b0.1,3,0.1,0.1151,program/MedMNISTMerge/result/organsmnist(1).md
organsmnist,small,densenet,avg,c5_b0,5,0.0,0.0785,program/MedMNISTMerge/result/organsmnist(1).md
organsmnist,small,densenet,avg,c5_b0.01,5,0.01,0.0506,program/MedMNISTMerge/result/organsmnist(1).md
organsmnist,small,densenet,avg,c5_b0.1,5,0.1,0.1144,program/MedMNISTMerge/result/organsmnist(1).md
organsmnist,small,densenet,avg,c7_b0,7,0.0,0.099,program/MedMNISTMerge/result/organsmnist(1).md
organsmnist,small,densenet,avg,c7_b0.01,7,0.01,0.1097,program/MedMNISTMerge/result/organsmnist(1).md
organsmnist,small,densenet,avg,c7_b0.1,7,0.1,0.0787,program/MedMNISTMerge/result/organsmnist(1).md
organsmnist,small,densenet,ties,c3_b0,3,0.0,0.054,program/MedMNISTMerge/result/organsmnist(1).md
organsmnist,small,densenet,ties,c3_b0.01,3,0.01,0.2088,program/MedMNISTMerge/result/organsmnist(1).md
organsmnist,small,densenet,ties,c3_b0.1,3,0.1,0.3411,program/MedMNISTMerge/result/organsmnist(1).md
organsmnist,small,densenet,ties,c5_b0,5,0.0,0.1122,program/MedMNISTMerge/result/organsmnist(1).md
organsmnist,small,densenet,ties,c5_b0.01,5,0.01,0.2294,program/MedMNISTMerge/result/organsmnist(1).md
organsmnist,small,densenet,ties,c5_b0.1,5,0.1,0.2538,program/MedMNISTMerge/result/organsmnist(1).md
organsmnist,small,densenet,ties,c7_b0,7,0.0,0.1099,program/MedMNISTMerge/result/organsmnist(1).md
organsmnist,small,densenet,ties,c7_b0.01,7,0.01,0.1531,program/MedMNISTMerge/result/organsmnist(1).md
organsmnist,small,densenet,ties,c7_b0.1,7,0.1,0.3697,program/MedMNISTMerge/result/organsmnist(1).md
organsmnist,small,densenet,dare_linear,c3_b0,3,0.0,0.0497,program/MedMNISTMerge/result/organsmnist(1).md
organsmnist,small,densenet,dare_linear,c3_b0.01,3,0.01,0.2048,program/MedMNISTMerge/result/organsmnist(1).md
organsmnist,small,densenet,dare_linear,c3_b0.1,3,0.1,0.1098,program/MedMNISTMerge/result/organsmnist(1).md
organsmnist,small,densenet,dare_linear,c5_b0,5,0.0,0.0798,program/MedMNISTMerge/result/organsmnist(1).md
organsmnist,small,densenet,dare_linear,c5_b0.01,5,0.01,0.05,program/MedMNISTMerge/result/organsmnist(1).md
organsmnist,small,densenet,dare_linear,c5_b0.1,5,0.1,0.0785,program/MedMNISTMerge/result/organsmnist(1).md
organsmnist,small,densenet,dare_linear,c7_b0,7,0.0,0.2107,program/MedMNISTMerge/result/organsmnist(1).md
organsmnist,small,densenet,dare_linear,c7_b0.01,7,0.01,0.1097,program/MedMNISTMerge/result/organsmnist(1).md
organsmnist,small,densenet,dare_linear,c7_b0.1,7,0.1,0.05,program/MedMNISTMerge/result/organsmnist(1).md
organsmnist,small,densenet,dare_ties,c3_b0,3,0.0,0.2705,program/MedMNISTMerge/result/organsmnist(1).md
organsmnist,small,densenet,dare_ties,c3_b0.01,3,0.01,0.2359,program/MedMNISTMerge/result/organsmnist(1).md
organsmnist,small,densenet,dare_ties,c3_b0.1,3,0.1,0.294,program/MedMNISTMerge/result/organsmnist(1).md
organsmnist,small,densenet,dare_ties,c5_b0,5,0.0,0.1418,program/MedMNISTMerge/result/organsmnist(1).md
organsmnist,small,densenet,dare_ties,c5_b0.01,5,0.01,0.1544,program/MedMNISTMerge/result/organsmnist(1).md
organsmnist,small,densenet,dare_ties,c5_b0.1,5,0.1,0.2767,program/MedMNISTMerge/result/organsmnist(1).md
organsmnist,small,densenet,dare_ties,c7_b0,7,0.0,0.1196,program/MedMNISTMerge/result/organsmnist(1).md
organsmnist,small,densenet,dare_ties,c7_b0.01,7,0.01,0.158,program/MedMNISTMerge/result/organsmnist(1).md
organsmnist,small,densenet,dare_ties,c7_b0.1,7,0.1,0.1468,program/MedMNISTMerge/result/organsmnist(1).md
organsmnist,small,densenet,regmean,c3_b0,3,0.0,0.0497,program/MedMNISTMerge/result/organsmnist(1).md
organsmnist,small,densenet,regmean,c3_b0.01,3,0.01,0.2853,program/MedMNISTMerge/result/organsmnist(1).md
organsmnist,small,densenet,regmean,c3_b0.1,3,0.1,0.0974,program/MedMNISTMerge/result/organsmnist(1).md
organsmnist,small,densenet,regmean,c5_b0,5,0.0,0.0785,program/MedMNISTMerge/result/organsmnist(1).md
organsmnist,small,densenet,regmean,c5_b0.01,5,0.01,0.0498,program/MedMNISTMerge/result/organsmnist(1).md
organsmnist,small,densenet,regmean,c5_b0.1,5,0.1,0.1211,program/MedMNISTMerge/result/organsmnist(1).md
organsmnist,small,densenet,regmean,c7_b0,7,0.0,0.0519,program/MedMNISTMerge/result/organsmnist(1).md
organsmnist,small,densenet,regmean,c7_b0.01,7,0.01,0.1097,program/MedMNISTMerge/result/organsmnist(1).md
organsmnist,small,densenet,regmean,c7_b0.1,7,0.1,0.0519,program/MedMNISTMerge/result/organsmnist(1).md
organsmnist,small,densenet,fisher,c3_b0,3,0.0,0.0802,program/MedMNISTMerge/result/organsmnist(1).md
organsmnist,small,densenet,fisher,c3_b0.01,3,0.01,0.2689,program/MedMNISTMerge/result/organsmnist(1).md
organsmnist,small,densenet,fisher,c3_b0.1,3,0.1,0.3326,program/MedMNISTMerge/result/organsmnist(1).md
organsmnist,small,densenet,fisher,c5_b0,5,0.0,0.0785,program/MedMNISTMerge/result/organsmnist(1).md
organsmnist,small,densenet,fisher,c5_b0.01,5,0.01,0.1259,program/MedMNISTMerge/result/organsmnist(1).md
organsmnist,small,densenet,fisher,c5_b0.1,5,0.1,0.3307,program/MedMNISTMerge/result/organsmnist(1).md
organsmnist,small,densenet,fisher,c7_b0,7,0.0,0.1416,program/MedMNISTMerge/result/organsmnist(1).md
organsmnist,small,densenet,fisher,c7_b0.01,7,0.01,0.1521,program/MedMNISTMerge/result/organsmnist(1).md
organsmnist,small,densenet,fisher,c7_b0.1,7,0.1,0.2235,program/MedMNISTMerge/result/organsmnist(1).md
organsmnist,small,densenet,breadcrumbs,c3_b0,3,0.0,0.1097,program/MedMNISTMerge/result/organsmnist(1).md
organsmnist,small,densenet,breadcrumbs,c3_b0.01,3,0.01,0.0988,program/MedMNISTMerge/result/organsmnist(1).md
organsmnist,small,densenet,breadcrumbs,c3_b0.1,3,0.1,0.0785,program/MedMNISTMerge/result/organsmnist(1).md
organsmnist,small,densenet,breadcrumbs,c5_b0,5,0.0,0.1097,program/MedMNISTMerge/result/organsmnist(1).md
organsmnist,small,densenet,breadcrumbs,c5_b0.01,5,0.01,0.0785,program/MedMNISTMerge/result/organsmnist(1).md
organsmnist,small,densenet,breadcrumbs,c5_b0.1,5,0.1,0.0785,program/MedMNISTMerge/result/organsmnist(1).md
organsmnist,small,densenet,breadcrumbs,c7_b0,7,0.0,0.0519,program/MedMNISTMerge/result/organsmnist(1).md
organsmnist,small,densenet,breadcrumbs,c7_b0.01,7,0.01,0.0785,program/MedMNISTMerge/result/organsmnist(1).md
organsmnist,small,densenet,breadcrumbs,c7_b0.1,7,0.1,0.0785,program/MedMNISTMerge/result/organsmnist(1).md
organsmnist,small,densenet,model_stock,c3_b0,3,0.0,0.0497,program/MedMNISTMerge/result/organsmnist(1).md
organsmnist,small,densenet,model_stock,c3_b0.01,3,0.01,0.2688,program/MedMNISTMerge/result/organsmnist(1).md
organsmnist,small,densenet,model_stock,c3_b0.1,3,0.1,0.0906,program/MedMNISTMerge/result/organsmnist(1).md
organsmnist,small,densenet,model_stock,c5_b0,5,0.0,0.2354,program/MedMNISTMerge/result/organsmnist(1).md
organsmnist,small,densenet,model_stock,c5_b0.01,5,0.01,0.0497,program/MedMNISTMerge/result/organsmnist(1).md
organsmnist,small,densenet,model_stock,c5_b0.1,5,0.1,0.0796,program/MedMNISTMerge/result/organsmnist(1).md
organsmnist,small,densenet,model_stock,c7_b0,7,0.0,0.126,program/MedMNISTMerge/result/organsmnist(1).md
organsmnist,small,densenet,model_stock,c7_b0.01,7,0.01,0.0801,program/MedMNISTMerge/result/organsmnist(1).md
organsmnist,small,densenet,model_stock,c7_b0.1,7,0.1,0.0504,program/MedMNISTMerge/result/organsmnist(1).md
organsmnist,small,densenet,from,c3_b0,3,0.0,0.0497,program/MedMNISTMerge/result/organsmnist(1).md
organsmnist,small,densenet,from,c3_b0.01,3,0.01,0.2846,program/MedMNISTMerge/result/organsmnist(1).md
organsmnist,small,densenet,from,c3_b0.1,3,0.1,0.1233,program/MedMNISTMerge/result/organsmnist(1).md
organsmnist,small,densenet,from,c5_b0,5,0.0,0.0785,program/MedMNISTMerge/result/organsmnist(1).md
organsmnist,small,densenet,from,c5_b0.01,5,0.01,0.0822,program/MedMNISTMerge/result/organsmnist(1).md
organsmnist,small,densenet,from,c5_b0.1,5,0.1,0.1156,program/MedMNISTMerge/result/organsmnist(1).md
organsmnist,small,densenet,from,c7_b0,7,0.0,0.0919,program/MedMNISTMerge/result/organsmnist(1).md
organsmnist,small,densenet,from,c7_b0.01,7,0.01,0.1109,program/MedMNISTMerge/result/organsmnist(1).md
organsmnist,small,densenet,from,c7_b0.1,7,0.1,0.0751,program/MedMNISTMerge/result/organsmnist(1).md
organsmnist,small,densenet,iso_c,c3_b0,3,0.0,0.0497,program/MedMNISTMerge/result/organsmnist(1).md
organsmnist,small,densenet,iso_c,c3_b0.01,3,0.01,0.0732,program/MedMNISTMerge/result/organsmnist(1).md
organsmnist,small,densenet,iso_c,c3_b0.1,3,0.1,0.1001,program/MedMNISTMerge/result/organsmnist(1).md
organsmnist,small,densenet,iso_c,c5_b0,5,0.0,0.0785,program/MedMNISTMerge/result/organsmnist(1).md
organsmnist,small,densenet,iso_c,c5_b0.01,5,0.01,0.0497,program/MedMNISTMerge/result/organsmnist(1).md
organsmnist,small,densenet,iso_c,c5_b0.1,5,0.1,0.1192,program/MedMNISTMerge/result/organsmnist(1).md
organsmnist,small,densenet,iso_c,c7_b0,7,0.0,0.0922,program/MedMNISTMerge/result/organsmnist(1).md
organsmnist,small,densenet,iso_c,c7_b0.01,7,0.01,0.1097,program/MedMNISTMerge/result/organsmnist(1).md
organsmnist,small,densenet,iso_c,c7_b0.1,7,0.1,0.0494,program/MedMNISTMerge/result/organsmnist(1).md
organsmnist,small,densenet,free_merge,c3_b0,3,0.0,0.0497,program/MedMNISTMerge/result/organsmnist(1).md
organsmnist,small,densenet,free_merge,c3_b0.01,3,0.01,0.2767,program/MedMNISTMerge/result/organsmnist(1).md
organsmnist,small,densenet,free_merge,c3_b0.1,3,0.1,0.1151,program/MedMNISTMerge/result/organsmnist(1).md
organsmnist,small,densenet,free_merge,c5_b0,5,0.0,0.0785,program/MedMNISTMerge/result/organsmnist(1).md
organsmnist,small,densenet,free_merge,c5_b0.01,5,0.01,0.0506,program/MedMNISTMerge/result/organsmnist(1).md
organsmnist,small,densenet,free_merge,c5_b0.1,5,0.1,0.1144,program/MedMNISTMerge/result/organsmnist(1).md
organsmnist,small,densenet,free_merge,c7_b0,7,0.0,0.0989,program/MedMNISTMerge/result/organsmnist(1).md
organsmnist,small,densenet,free_merge,c7_b0.01,7,0.01,0.1097,program/MedMNISTMerge/result/organsmnist(1).md
organsmnist,small,densenet,free_merge,c7_b0.1,7,0.1,0.0787,program/MedMNISTMerge/result/organsmnist(1).md
organsmnist,small,densenet,robustmerge,c3_b0,3,0.0,0.0497,program/MedMNISTMerge/result/organsmnist(1).md
organsmnist,small,densenet,robustmerge,c3_b0.01,3,0.01,0.2005,program/MedMNISTMerge/result/organsmnist(1).md
organsmnist,small,densenet,robustmerge,c3_b0.1,3,0.1,0.1279,program/MedMNISTMerge/result/organsmnist(1).md
organsmnist,small,densenet,robustmerge,c5_b0,5,0.0,0.0785,program/MedMNISTMerge/result/organsmnist(1).md
organsmnist,small,densenet,robustmerge,c5_b0.01,5,0.01,0.0843,program/MedMNISTMerge/result/organsmnist(1).md
organsmnist,small,densenet,robustmerge,c5_b0.1,5,0.1,0.0958,program/MedMNISTMerge/result/organsmnist(1).md
organsmnist,small,densenet,robustmerge,c7_b0,7,0.0,0.2607,program/MedMNISTMerge/result/organsmnist(1).md
organsmnist,small,densenet,robustmerge,c7_b0.01,7,0.01,0.1097,program/MedMNISTMerge/result/organsmnist(1).md
organsmnist,small,densenet,robustmerge,c7_b0.1,7,0.1,0.0556,program/MedMNISTMerge/result/organsmnist(1).md
organsmnist,small,efficientnet,avg,c3_b0,3,0.0,0.0497,program/MedMNISTMerge/result/organsmnist(1).md
organsmnist,small,efficientnet,avg,c3_b0.01,3,0.01,0.0655,program/MedMNISTMerge/result/organsmnist(1).md
organsmnist,small,efficientnet,avg,c3_b0.1,3,0.1,0.0497,program/MedMNISTMerge/result/organsmnist(1).md
organsmnist,small,efficientnet,avg,c5_b0,5,0.0,0.0785,program/MedMNISTMerge/result/organsmnist(1).md
organsmnist,small,efficientnet,avg,c5_b0.01,5,0.01,0.0792,program/MedMNISTMerge/result/organsmnist(1).md
organsmnist,small,efficientnet,avg,c5_b0.1,5,0.1,0.0798,program/MedMNISTMerge/result/organsmnist(1).md
organsmnist,small,efficientnet,avg,c7_b0,7,0.0,0.0987,program/MedMNISTMerge/result/organsmnist(1).md
organsmnist,small,efficientnet,avg,c7_b0.01,7,0.01,0.0785,program/MedMNISTMerge/result/organsmnist(1).md
organsmnist,small,efficientnet,avg,c7_b0.1,7,0.1,0.1771,program/MedMNISTMerge/result/organsmnist(1).md
organsmnist,small,efficientnet,ties,c3_b0,3,0.0,0.0578,program/MedMNISTMerge/result/organsmnist(1).md
organsmnist,small,efficientnet,ties,c3_b0.01,3,0.01,0.2644,program/MedMNISTMerge/result/organsmnist(1).md
organsmnist,small,efficientnet,ties,c3_b0.1,3,0.1,0.3021,program/MedMNISTMerge/result/organsmnist(1).md
organsmnist,small,efficientnet,ties,c5_b0,5,0.0,0.0133,program/MedMNISTMerge/result/organsmnist(1).md
organsmnist,small,efficientnet,ties,c5_b0.01,5,0.01,0.0578,program/MedMNISTMerge/result/organsmnist(1).md
organsmnist,small,efficientnet,ties,c5_b0.1,5,0.1,0.3632,program/MedMNISTMerge/result/organsmnist(1).md
organsmnist,small,efficientnet,ties,c7_b0,7,0.0,0.1558,program/MedMNISTMerge/result/organsmnist(1).md
organsmnist,small,efficientnet,ties,c7_b0.01,7,0.01,0.1599,program/MedMNISTMerge/result/organsmnist(1).md
organsmnist,small,efficientnet,ties,c7_b0.1,7,0.1,0.2814,program/MedMNISTMerge/result/organsmnist(1).md
organsmnist,small,efficientnet,dare_linear,c3_b0,3,0.0,0.0327,program/MedMNISTMerge/result/organsmnist(1).md
organsmnist,small,efficientnet,dare_linear,c3_b0.01,3,0.01,0.083,program/MedMNISTMerge/result/organsmnist(1).md
organsmnist,small,efficientnet,dare_linear,c3_b0.1,3,0.1,0.0497,program/MedMNISTMerge/result/organsmnist(1).md
organsmnist,small,efficientnet,dare_linear,c5_b0,5,0.0,0.0497,program/MedMNISTMerge/result/organsmnist(1).md
organsmnist,small,efficientnet,dare_linear,c5_b0.01,5,0.01,0.0666,program/MedMNISTMerge/result/organsmnist(1).md
organsmnist,small,efficientnet,dare_linear,c5_b0.1,5,0.1,0.0777,program/MedMNISTMerge/result/organsmnist(1).md
organsmnist,small,efficientnet,dare_linear,c7_b0,7,0.0,0.155,program/MedMNISTMerge/result/organsmnist(1).md
organsmnist,small,efficientnet,dare_linear,c7_b0.01,7,0.01,0.1511,program/MedMNISTMerge/result/organsmnist(1).md
organsmnist,small,efficientnet,dare_linear,c7_b0.1,7,0.1,0.1535,program/MedMNISTMerge/result/organsmnist(1).md
organsmnist,small,efficientnet,dare_ties,c3_b0,3,0.0,0.058,program/MedMNISTMerge/result/organsmnist(1).md
organsmnist,small,efficientnet,dare_ties,c3_b0.01,3,0.01,0.081,program/MedMNISTMerge/result/organsmnist(1).md
organsmnist,small,efficientnet,dare_ties,c3_b0.1,3,0.1,0.1749,program/MedMNISTMerge/result/organsmnist(1).md
organsmnist,small,efficientnet,dare_ties,c5_b0,5,0.0,0.1106,program/MedMNISTMerge/result/organsmnist(1).md
organsmnist,small,efficientnet,dare_ties,c5_b0.01,5,0.01,0.069,program/MedMNISTMerge/result/organsmnist(1).md
organsmnist,small,efficientnet,dare_ties,c5_b0.1,5,0.1,0.0659,program/MedMNISTMerge/result/organsmnist(1).md
organsmnist,small,efficientnet,dare_ties,c7_b0,7,0.0,0.0774,program/MedMNISTMerge/result/organsmnist(1).md
organsmnist,small,efficientnet,dare_ties,c7_b0.01,7,0.01,0.1676,program/MedMNISTMerge/result/organsmnist(1).md
organsmnist,small,efficientnet,dare_ties,c7_b0.1,7,0.1,0.1306,program/MedMNISTMerge/result/organsmnist(1).md
organsmnist,small,efficientnet,regmean,c3_b0,3,0.0,0.0497,program/MedMNISTMerge/result/organsmnist(1).md
organsmnist,small,efficientnet,regmean,c3_b0.01,3,0.01,0.0655,program/MedMNISTMerge/result/organsmnist(1).md
organsmnist,small,efficientnet,regmean,c3_b0.1,3,0.1,0.0497,program/MedMNISTMerge/result/organsmnist(1).md
organsmnist,small,efficientnet,regmean,c5_b0,5,0.0,0.0785,program/MedMNISTMerge/result/organsmnist(1).md
organsmnist,small,efficientnet,regmean,c5_b0.01,5,0.01,0.0792,program/MedMNISTMerge/result/organsmnist(1).md
organsmnist,small,efficientnet,regmean,c5_b0.1,5,0.1,0.0798,program/MedMNISTMerge/result/organsmnist(1).md
organsmnist,small,efficientnet,regmean,c7_b0,7,0.0,0.0987,program/MedMNISTMerge/result/organsmnist(1).md
organsmnist,small,efficientnet,regmean,c7_b0.01,7,0.01,0.0785,program/MedMNISTMerge/result/organsmnist(1).md
organsmnist,small,efficientnet,regmean,c7_b0.1,7,0.1,0.1771,program/MedMNISTMerge/result/organsmnist(1).md
organsmnist,small,efficientnet,fisher,c3_b0,3,0.0,0.0798,program/MedMNISTMerge/result/organsmnist(1).md
organsmnist,small,efficientnet,fisher,c3_b0.01,3,0.01,0.1314,program/MedMNISTMerge/result/organsmnist(1).md
organsmnist,small,efficientnet,fisher,c3_b0.1,3,0.1,0.0497,program/MedMNISTMerge/result/organsmnist(1).md
organsmnist,small,efficientnet,fisher,c5_b0,5,0.0,0.0919,program/MedMNISTMerge/result/organsmnist(1).md
organsmnist,small,efficientnet,fisher,c5_b0.01,5,0.01,0.1331,program/MedMNISTMerge/result/organsmnist(1).md
organsmnist,small,efficientnet,fisher,c5_b0.1,5,0.1,0.045,program/MedMNISTMerge/result/organsmnist(1).md
organsmnist,small,efficientnet,fisher,c7_b0,7,0.0,0.0883,program/MedMNISTMerge/result/organsmnist(1).md
organsmnist,small,efficientnet,fisher,c7_b0.01,7,0.01,0.0747,program/MedMNISTMerge/result/organsmnist(1).md
organsmnist,small,efficientnet,fisher,c7_b0.1,7,0.1,0.0973,program/MedMNISTMerge/result/organsmnist(1).md
organsmnist,small,efficientnet,breadcrumbs,c3_b0,3,0.0,0.1521,program/MedMNISTMerge/result/organsmnist(1).md
organsmnist,small,efficientnet,breadcrumbs,c3_b0.01,3,0.01,0.1521,program/MedMNISTMerge/result/organsmnist(1).md
organsmnist,small,efficientnet,breadcrumbs,c3_b0.1,3,0.1,0.1521,program/MedMNISTMerge/result/organsmnist(1).md
organsmnist,small,efficientnet,breadcrumbs,c5_b0,5,0.0,0.1521,program/MedMNISTMerge/result/organsmnist(1).md
organsmnist,small,efficientnet,breadcrumbs,c5_b0.01,5,0.01,0.1521,program/MedMNISTMerge/result/organsmnist(1).md
organsmnist,small,efficientnet,breadcrumbs,c5_b0.1,5,0.1,0.1521,program/MedMNISTMerge/result/organsmnist(1).md
organsmnist,small,efficientnet,breadcrumbs,c7_b0,7,0.0,0.1521,program/MedMNISTMerge/result/organsmnist(1).md
organsmnist,small,efficientnet,breadcrumbs,c7_b0.01,7,0.01,0.1521,program/MedMNISTMerge/result/organsmnist(1).md
organsmnist,small,efficientnet,breadcrumbs,c7_b0.1,7,0.1,0.1521,program/MedMNISTMerge/result/organsmnist(1).md
organsmnist,small,efficientnet,model_stock,c3_b0,3,0.0,0.0497,program/MedMNISTMerge/result/organsmnist(1).md
organsmnist,small,efficientnet,model_stock,c3_b0.01,3,0.01,0.0522,program/MedMNISTMerge/result/organsmnist(1).md
organsmnist,small,efficientnet,model_stock,c3_b0.1,3,0.1,0.0497,program/MedMNISTMerge/result/organsmnist(1).md
organsmnist,small,efficientnet,model_stock,c5_b0,5,0.0,0.0785,program/MedMNISTMerge/result/organsmnist(1).md
organsmnist,small,efficientnet,model_stock,c5_b0.01,5,0.01,0.082,program/MedMNISTMerge/result/organsmnist(1).md
organsmnist,small,efficientnet,model_stock,c5_b0.1,5,0.1,0.0798,program/MedMNISTMerge/result/organsmnist(1).md
organsmnist,small,efficientnet,model_stock,c7_b0,7,0.0,0.1325,program/MedMNISTMerge/result/organsmnist(1).md
organsmnist,small,efficientnet,model_stock,c7_b0.01,7,0.01,0.0786,program/MedMNISTMerge/result/organsmnist(1).md
organsmnist,small,efficientnet,model_stock,c7_b0.1,7,0.1,0.1521,program/MedMNISTMerge/result/organsmnist(1).md
organsmnist,small,efficientnet,from,c3_b0,3,0.0,0.0497,program/MedMNISTMerge/result/organsmnist(1).md
organsmnist,small,efficientnet,from,c3_b0.01,3,0.01,0.2275,program/MedMNISTMerge/result/organsmnist(1).md
organsmnist,small,efficientnet,from,c3_b0.1,3,0.1,0.0497,program/MedMNISTMerge/result/organsmnist(1).md
organsmnist,small,efficientnet,from,c5_b0,5,0.0,0.0785,program/MedMNISTMerge/result/organsmnist(1).md
organsmnist,small,efficientnet,from,c5_b0.01,5,0.01,0.0497,program/MedMNISTMerge/result/organsmnist(1).md
organsmnist,small,efficientnet,from,c5_b0.1,5,0.1,0.0798,program/MedMNISTMerge/result/organsmnist(1).md
organsmnist,small,efficientnet,from,c7_b0,7,0.0,0.0901,program/MedMNISTMerge/result/organsmnist(1).md
organsmnist,small,efficientnet,from,c7_b0.01,7,0.01,0.0767,program/MedMNISTMerge/result/organsmnist(1).md
organsmnist,small,efficientnet,from,c7_b0.1,7,0.1,0.0909,program/MedMNISTMerge/result/organsmnist(1).md
organsmnist,small,efficientnet,iso_c,c3_b0,3,0.0,0.0497,program/MedMNISTMerge/result/organsmnist(1).md
organsmnist,small,efficientnet,iso_c,c3_b0.01,3,0.01,0.0654,program/MedMNISTMerge/result/organsmnist(1).md
organsmnist,small,efficientnet,iso_c,c3_b0.1,3,0.1,0.0497,program/MedMNISTMerge/result/organsmnist(1).md
organsmnist,small,efficientnet,iso_c,c5_b0,5,0.0,0.0785,program/MedMNISTMerge/result/organsmnist(1).md
organsmnist,small,efficientnet,iso_c,c5_b0.01,5,0.01,0.0982,program/MedMNISTMerge/result/organsmnist(1).md
organsmnist,small,efficientnet,iso_c,c5_b0.1,5,0.1,0.0798,program/MedMNISTMerge/result/organsmnist(1).md
organsmnist,small,efficientnet,iso_c,c7_b0,7,0.0,0.0948,program/MedMNISTMerge/result/organsmnist(1).md
organsmnist,small,efficientnet,iso_c,c7_b0.01,7,0.01,0.0785,program/MedMNISTMerge/result/organsmnist(1).md
organsmnist,small,efficientnet,iso_c,c7_b0.1,7,0.1,0.1757,program/MedMNISTMerge/result/organsmnist(1).md
organsmnist,small,efficientnet,free_merge,c3_b0,3,0.0,0.0497,program/MedMNISTMerge/result/organsmnist(1).md
organsmnist,small,efficientnet,free_merge,c3_b0.01,3,0.01,0.0655,program/MedMNISTMerge/result/organsmnist(1).md
organsmnist,small,efficientnet,free_merge,c3_b0.1,3,0.1,0.0497,program/MedMNISTMerge/result/organsmnist(1).md
organsmnist,small,efficientnet,free_merge,c5_b0,5,0.0,0.0785,program/MedMNISTMerge/result/organsmnist(1).md
organsmnist,small,efficientnet,free_merge,c5_b0.01,5,0.01,0.0792,program/MedMNISTMerge/result/organsmnist(1).md
organsmnist,small,efficientnet,free_merge,c5_b0.1,5,0.1,0.0798,program/MedMNISTMerge/result/organsmnist(1).md
organsmnist,small,efficientnet,free_merge,c7_b0,7,0.0,0.0986,program/MedMNISTMerge/result/organsmnist(1).md
organsmnist,small,efficientnet,free_merge,c7_b0.01,7,0.01,0.0785,program/MedMNISTMerge/result/organsmnist(1).md
organsmnist,small,efficientnet,free_merge,c7_b0.1,7,0.1,0.1771,program/MedMNISTMerge/result/organsmnist(1).md
organsmnist,small,efficientnet,robustmerge,c3_b0,3,0.0,0.0497,program/MedMNISTMerge/result/organsmnist(1).md
organsmnist,small,efficientnet,robustmerge,c3_b0.01,3,0.01,0.0844,program/MedMNISTMerge/result/organsmnist(1).md
organsmnist,small,efficientnet,robustmerge,c3_b0.1,3,0.1,0.0785,program/MedMNISTMerge/result/organsmnist(1).md
organsmnist,small,efficientnet,robustmerge,c5_b0,5,0.0,0.0785,program/MedMNISTMerge/result/organsmnist(1).md
organsmnist,small,efficientnet,robustmerge,c5_b0.01,5,0.01,0.0785,program/MedMNISTMerge/result/organsmnist(1).md
organsmnist,small,efficientnet,robustmerge,c5_b0.1,5,0.1,0.0842,program/MedMNISTMerge/result/organsmnist(1).md
organsmnist,small,efficientnet,robustmerge,c7_b0,7,0.0,0.1156,program/MedMNISTMerge/result/organsmnist(1).md
organsmnist,small,efficientnet,robustmerge,c7_b0.01,7,0.01,0.0784,program/MedMNISTMerge/result/organsmnist(1).md
organsmnist,small,efficientnet,robustmerge,c7_b0.1,7,0.1,0.155,program/MedMNISTMerge/result/organsmnist(1).md
organsmnist,small,mobilenet,avg,c3_b0,3,0.0,0.0497,program/MedMNISTMerge/result/organsmnist(1).md
organsmnist,small,mobilenet,avg,c3_b0.01,3,0.01,0.0578,program/MedMNISTMerge/result/organsmnist(1).md
organsmnist,small,mobilenet,avg,c3_b0.1,3,0.1,0.0504,program/MedMNISTMerge/result/organsmnist(1).md
organsmnist,small,mobilenet,avg,c5_b0,5,0.0,0.0785,program/MedMNISTMerge/result/organsmnist(1).md
organsmnist,small,mobilenet,avg,c5_b0.01,5,0.01,0.0785,program/MedMNISTMerge/result/organsmnist(1).md
organsmnist,small,mobilenet,avg,c5_b0.1,5,0.1,0.0798,program/MedMNISTMerge/result/organsmnist(1).md
organsmnist,small,mobilenet,avg,c7_b0,7,0.0,0.0785,program/MedMNISTMerge/result/organsmnist(1).md
organsmnist,small,mobilenet,avg,c7_b0.01,7,0.01,0.0785,program/MedMNISTMerge/result/organsmnist(1).md
organsmnist,small,mobilenet,avg,c7_b0.1,7,0.1,0.1521,program/MedMNISTMerge/result/organsmnist(1).md
organsmnist,small,mobilenet,ties,c3_b0,3,0.0,0.1039,program/MedMNISTMerge/result/organsmnist(1).md
organsmnist,small,mobilenet,ties,c3_b0.01,3,0.01,0.1896,program/MedMNISTMerge/result/organsmnist(1).md
organsmnist,small,mobilenet,ties,c3_b0.1,3,0.1,0.0571,program/MedMNISTMerge/result/organsmnist(1).md
organsmnist,small,mobilenet,ties,c5_b0,5,0.0,0.079,program/MedMNISTMerge/result/organsmnist(1).md
organsmnist,small,mobilenet,ties,c5_b0.01,5,0.01,0.2386,program/MedMNISTMerge/result/organsmnist(1).md
organsmnist,small,mobilenet,ties,c5_b0.1,5,0.1,0.0291,program/MedMNISTMerge/result/organsmnist(1).md
organsmnist,small,mobilenet,ties,c7_b0,7,0.0,0.0717,program/MedMNISTMerge/result/organsmnist(1).md
organsmnist,small,mobilenet,ties,c7_b0.01,7,0.01,0.0504,program/MedMNISTMerge/result/organsmnist(1).md
organsmnist,small,mobilenet,ties,c7_b0.1,7,0.1,0.1136,program/MedMNISTMerge/result/organsmnist(1).md
organsmnist,small,mobilenet,dare_linear,c3_b0,3,0.0,0.0497,program/MedMNISTMerge/result/organsmnist(1).md
organsmnist,small,mobilenet,dare_linear,c3_b0.01,3,0.01,0.0497,program/MedMNISTMerge/result/organsmnist(1).md
organsmnist,small,mobilenet,dare_linear,c3_b0.1,3,0.1,0.0497,program/MedMNISTMerge/result/organsmnist(1).md
organsmnist,small,mobilenet,dare_linear,c5_b0,5,0.0,0.0785,program/MedMNISTMerge/result/organsmnist(1).md
organsmnist,small,mobilenet,dare_linear,c5_b0.01,5,0.01,0.0497,program/MedMNISTMerge/result/organsmnist(1).md
organsmnist,small,mobilenet,dare_linear,c5_b0.1,5,0.1,0.0798,program/MedMNISTMerge/result/organsmnist(1).md
organsmnist,small,mobilenet,dare_linear,c7_b0,7,0.0,0.0785,program/MedMNISTMerge/result/organsmnist(1).md
organsmnist,small,mobilenet,dare_linear,c7_b0.01,7,0.01,0.0716,program/MedMNISTMerge/result/organsmnist(1).md
organsmnist,small,mobilenet,dare_linear,c7_b0.1,7,0.1,0.1521,program/MedMNISTMerge/result/organsmnist(1).md
organsmnist,small,mobilenet,dare_ties,c3_b0,3,0.0,0.0919,program/MedMNISTMerge/result/organsmnist(1).md
organsmnist,small,mobilenet,dare_ties,c3_b0.01,3,0.01,0.0919,program/MedMNISTMerge/result/organsmnist(1).md
organsmnist,small,mobilenet,dare_ties,c3_b0.1,3,0.1,0.0919,program/MedMNISTMerge/result/organsmnist(1).md
organsmnist,small,mobilenet,dare_ties,c5_b0,5,0.0,0.0458,program/MedMNISTMerge/result/organsmnist(1).md
organsmnist,small,mobilenet,dare_ties,c5_b0.01,5,0.01,0.0921,program/MedMNISTMerge/result/organsmnist(1).md
organsmnist,small,mobilenet,dare_ties,c5_b0.1,5,0.1,0.0919,program/MedMNISTMerge/result/organsmnist(1).md
organsmnist,small,mobilenet,dare_ties,c7_b0,7,0.0,0.0646,program/MedMNISTMerge/result/organsmnist(1).md
organsmnist,small,mobilenet,dare_ties,c7_b0.01,7,0.01,0.0503,program/MedMNISTMerge/result/organsmnist(1).md
organsmnist,small,mobilenet,dare_ties,c7_b0.1,7,0.1,0.0919,program/MedMNISTMerge/result/organsmnist(1).md
organsmnist,small,mobilenet,regmean,c3_b0,3,0.0,0.0497,program/MedMNISTMerge/result/organsmnist(1).md
organsmnist,small,mobilenet,regmean,c3_b0.01,3,0.01,0.2354,program/MedMNISTMerge/result/organsmnist(1).md
organsmnist,small,mobilenet,regmean,c3_b0.1,3,0.1,0.0497,program/MedMNISTMerge/result/organsmnist(1).md
organsmnist,small,mobilenet,regmean,c5_b0,5,0.0,0.0785,program/MedMNISTMerge/result/organsmnist(1).md
organsmnist,small,mobilenet,regmean,c5_b0.01,5,0.01,0.0504,program/MedMNISTMerge/result/organsmnist(1).md
organsmnist,small,mobilenet,regmean,c5_b0.1,5,0.1,0.0798,program/MedMNISTMerge/result/organsmnist(1).md
organsmnist,small,mobilenet,regmean,c7_b0,7,0.0,0.1152,program/MedMNISTMerge/result/organsmnist(1).md
organsmnist,small,mobilenet,regmean,c7_b0.01,7,0.01,0.0504,program/MedMNISTMerge/result/organsmnist(1).md
organsmnist,small,mobilenet,regmean,c7_b0.1,7,0.1,0.0538,program/MedMNISTMerge/result/organsmnist(1).md
organsmnist,small,mobilenet,fisher,c3_b0,3,0.0,0.0504,program/MedMNISTMerge/result/organsmnist(1).md
organsmnist,small,mobilenet,fisher,c3_b0.01,3,0.01,0.0504,program/MedMNISTMerge/result/organsmnist(1).md
organsmnist,small,mobilenet,fisher,c3_b0.1,3,0.1,0.0497,program/MedMNISTMerge/result/organsmnist(1).md
organsmnist,small,mobilenet,fisher,c5_b0,5,0.0,0.0504,program/MedMNISTMerge/result/organsmnist(1).md
organsmnist,small,mobilenet,fisher,c5_b0.01,5,0.01,0.0962,program/MedMNISTMerge/result/organsmnist(1).md
organsmnist,small,mobilenet,fisher,c5_b0.1,5,0.1,0.0497,program/MedMNISTMerge/result/organsmnist(1).md
organsmnist,small,mobilenet,fisher,c7_b0,7,0.0,0.0785,program/MedMNISTMerge/result/organsmnist(1).md
organsmnist,small,mobilenet,fisher,c7_b0.01,7,0.01,0.045,program/MedMNISTMerge/result/organsmnist(1).md
organsmnist,small,mobilenet,fisher,c7_b0.1,7,0.1,0.1521,program/MedMNISTMerge/result/organsmnist(1).md
organsmnist,small,mobilenet,breadcrumbs,c3_b0,3,0.0,0.0578,program/MedMNISTMerge/result/organsmnist(1).md
organsmnist,small,mobilenet,breadcrumbs,c3_b0.01,3,0.01,0.0578,program/MedMNISTMerge/result/organsmnist(1).md
organsmnist,small,mobilenet,breadcrumbs,c3_b0.1,3,0.1,0.0578,program/MedMNISTMerge/result/organsmnist(1).md
organsmnist,small,mobilenet,breadcrumbs,c5_b0,5,0.0,0.0578,program/MedMNISTMerge/result/organsmnist(1).md
organsmnist,small,mobilenet,breadcrumbs,c5_b0.01,5,0.01,0.0578,program/MedMNISTMerge/result/organsmnist(1).md
organsmnist,small,mobilenet,breadcrumbs,c5_b0.1,5,0.1,0.0578,program/MedMNISTMerge/result/organsmnist(1).md
organsmnist,small,mobilenet,breadcrumbs,c7_b0,7,0.0,0.0578,program/MedMNISTMerge/result/organsmnist(1).md
organsmnist,small,mobilenet,breadcrumbs,c7_b0.01,7,0.01,0.0578,program/MedMNISTMerge/result/organsmnist(1).md
organsmnist,small,mobilenet,breadcrumbs,c7_b0.1,7,0.1,0.0578,program/MedMNISTMerge/result/organsmnist(1).md
organsmnist,small,mobilenet,model_stock,c3_b0,3,0.0,0.0504,program/MedMNISTMerge/result/organsmnist(1).md
organsmnist,small,mobilenet,model_stock,c3_b0.01,3,0.01,0.0578,program/MedMNISTMerge/result/organsmnist(1).md
organsmnist,small,mobilenet,model_stock,c3_b0.1,3,0.1,0.0504,program/MedMNISTMerge/result/organsmnist(1).md
organsmnist,small,mobilenet,model_stock,c5_b0,5,0.0,0.0578,program/MedMNISTMerge/result/organsmnist(1).md
organsmnist,small,mobilenet,model_stock,c5_b0.01,5,0.01,0.0578,program/MedMNISTMerge/result/organsmnist(1).md
organsmnist,small,mobilenet,model_stock,c5_b0.1,5,0.1,0.0798,program/MedMNISTMerge/result/organsmnist(1).md
organsmnist,small,mobilenet,model_stock,c7_b0,7,0.0,0.079,program/MedMNISTMerge/result/organsmnist(1).md
organsmnist,small,mobilenet,model_stock,c7_b0.01,7,0.01,0.0633,program/MedMNISTMerge/result/organsmnist(1).md
organsmnist,small,mobilenet,model_stock,c7_b0.1,7,0.1,0.0497,program/MedMNISTMerge/result/organsmnist(1).md
organsmnist,small,mobilenet,from,c3_b0,3,0.0,0.0479,program/MedMNISTMerge/result/organsmnist(1).md
organsmnist,small,mobilenet,from,c3_b0.01,3,0.01,0.1011,program/MedMNISTMerge/result/organsmnist(1).md
organsmnist,small,mobilenet,from,c3_b0.1,3,0.1,0.0497,program/MedMNISTMerge/result/organsmnist(1).md
organsmnist,small,mobilenet,from,c5_b0,5,0.0,0.0785,program/MedMNISTMerge/result/organsmnist(1).md
organsmnist,small,mobilenet,from,c5_b0.01,5,0.01,0.0504,program/MedMNISTMerge/result/organsmnist(1).md
organsmnist,small,mobilenet,from,c5_b0.1,5,0.1,0.0798,program/MedMNISTMerge/result/organsmnist(1).md
organsmnist,small,mobilenet,from,c7_b0,7,0.0,0.0784,program/MedMNISTMerge/result/organsmnist(1).md
organsmnist,small,mobilenet,from,c7_b0.01,7,0.01,0.0785,program/MedMNISTMerge/result/organsmnist(1).md
organsmnist,small,mobilenet,from,c7_b0.1,7,0.1,0.1521,program/MedMNISTMerge/result/organsmnist(1).md
organsmnist,small,mobilenet,iso_c,c3_b0,3,0.0,0.0497,program/MedMNISTMerge/result/organsmnist(1).md
organsmnist,small,mobilenet,iso_c,c3_b0.01,3,0.01,0.0578,program/MedMNISTMerge/result/organsmnist(1).md
organsmnist,small,mobilenet,iso_c,c3_b0.1,3,0.1,0.0504,program/MedMNISTMerge/result/organsmnist(1).md
organsmnist,small,mobilenet,iso_c,c5_b0,5,0.0,0.0785,program/MedMNISTMerge/result/organsmnist(1).md
organsmnist,small,mobilenet,iso_c,c5_b0.01,5,0.01,0.0785,program/MedMNISTMerge/result/organsmnist(1).md
organsmnist,small,mobilenet,iso_c,c5_b0.1,5,0.1,0.0798,program/MedMNISTMerge/result/organsmnist(1).md
organsmnist,small,mobilenet,iso_c,c7_b0,7,0.0,0.0785,program/MedMNISTMerge/result/organsmnist(1).md
organsmnist,small,mobilenet,iso_c,c7_b0.01,7,0.01,0.0785,program/MedMNISTMerge/result/organsmnist(1).md
organsmnist,small,mobilenet,iso_c,c7_b0.1,7,0.1,0.1534,program/MedMNISTMerge/result/organsmnist(1).md
organsmnist,small,mobilenet,free_merge,c3_b0,3,0.0,0.0497,program/MedMNISTMerge/result/organsmnist(1).md
organsmnist,small,mobilenet,free_merge,c3_b0.01,3,0.01,0.0578,program/MedMNISTMerge/result/organsmnist(1).md
organsmnist,small,mobilenet,free_merge,c3_b0.1,3,0.1,0.0504,program/MedMNISTMerge/result/organsmnist(1).md
organsmnist,small,mobilenet,free_merge,c5_b0,5,0.0,0.0785,program/MedMNISTMerge/result/organsmnist(1).md
organsmnist,small,mobilenet,free_merge,c5_b0.01,5,0.01,0.0785,program/MedMNISTMerge/result/organsmnist(1).md
organsmnist,small,mobilenet,free_merge,c5_b0.1,5,0.1,0.0798,program/MedMNISTMerge/result/organsmnist(1).md
organsmnist,small,mobilenet,free_merge,c7_b0,7,0.0,0.0785,program/MedMNISTMerge/result/organsmnist(1).md
organsmnist,small,mobilenet,free_merge,c7_b0.01,7,0.01,0.0785,program/MedMNISTMerge/result/organsmnist(1).md
organsmnist,small,mobilenet,free_merge,c7_b0.1,7,0.1,0.1521,program/MedMNISTMerge/result/organsmnist(1).md
organsmnist,small,mobilenet,robustmerge,c3_b0,3,0.0,0.0497,program/MedMNISTMerge/result/organsmnist(1).md
organsmnist,small,mobilenet,robustmerge,c3_b0.01,3,0.01,0.0578,program/MedMNISTMerge/result/organsmnist(1).md
organsmnist,small,mobilenet,robustmerge,c3_b0.1,3,0.1,0.0497,program/MedMNISTMerge/result/organsmnist(1).md
organsmnist,small,mobilenet,robustmerge,c5_b0,5,0.0,0.0578,program/MedMNISTMerge/result/organsmnist(1).md
organsmnist,small,mobilenet,robustmerge,c5_b0.01,5,0.01,0.0578,program/MedMNISTMerge/result/organsmnist(1).md
organsmnist,small,mobilenet,robustmerge,c5_b0.1,5,0.1,0.0798,program/MedMNISTMerge/result/organsmnist(1).md
organsmnist,small,mobilenet,robustmerge,c7_b0,7,0.0,0.0792,program/MedMNISTMerge/result/organsmnist(1).md
organsmnist,small,mobilenet,robustmerge,c7_b0.01,7,0.01,0.0546,program/MedMNISTMerge/result/organsmnist(1).md
organsmnist,small,mobilenet,robustmerge,c7_b0.1,7,0.1,0.0497,program/MedMNISTMerge/result/organsmnist(1).md
organsmnist,small,resnet34,avg,c3_b0,3,0.0,0.2883,program/MedMNISTMerge/result/organsmnist(1).md
organsmnist,small,resnet34,avg,c3_b0.01,3,0.01,0.3026,program/MedMNISTMerge/result/organsmnist(1).md
organsmnist,small,resnet34,avg,c3_b0.1,3,0.1,0.4013,program/MedMNISTMerge/result/organsmnist(1).md
organsmnist,small,resnet34,avg,c5_b0,5,0.0,0.2397,program/MedMNISTMerge/result/organsmnist(1).md
organsmnist,small,resnet34,avg,c5_b0.01,5,0.01,0.1144,program/MedMNISTMerge/result/organsmnist(1).md
organsmnist,small,resnet34,avg,c5_b0.1,5,0.1,0.2646,program/MedMNISTMerge/result/organsmnist(1).md
organsmnist,small,resnet34,avg,c7_b0,7,0.0,0.1186,program/MedMNISTMerge/result/organsmnist(1).md
organsmnist,small,resnet34,avg,c7_b0.01,7,0.01,0.3519,program/MedMNISTMerge/result/organsmnist(1).md
organsmnist,small,resnet34,avg,c7_b0.1,7,0.1,0.3108,program/MedMNISTMerge/result/organsmnist(1).md
organsmnist,small,resnet34,ties,c3_b0,3,0.0,0.2017,program/MedMNISTMerge/result/organsmnist(1).md
organsmnist,small,resnet34,ties,c3_b0.01,3,0.01,0.2517,program/MedMNISTMerge/result/organsmnist(1).md
organsmnist,small,resnet34,ties,c3_b0.1,3,0.1,0.4415,program/MedMNISTMerge/result/organsmnist(1).md
organsmnist,small,resnet34,ties,c5_b0,5,0.0,0.197,program/MedMNISTMerge/result/organsmnist(1).md
organsmnist,small,resnet34,ties,c5_b0.01,5,0.01,0.238,program/MedMNISTMerge/result/organsmnist(1).md
organsmnist,small,resnet34,ties,c5_b0.1,5,0.1,0.2266,program/MedMNISTMerge/result/organsmnist(1).md
organsmnist,small,resnet34,ties,c7_b0,7,0.0,0.1725,program/MedMNISTMerge/result/organsmnist(1).md
organsmnist,small,resnet34,ties,c7_b0.01,7,0.01,0.1584,program/MedMNISTMerge/result/organsmnist(1).md
organsmnist,small,resnet34,ties,c7_b0.1,7,0.1,0.2458,program/MedMNISTMerge/result/organsmnist(1).md
organsmnist,small,resnet34,dare_linear,c3_b0,3,0.0,0.1279,program/MedMNISTMerge/result/organsmnist(1).md
organsmnist,small,resnet34,dare_linear,c3_b0.01,3,0.01,0.2872,program/MedMNISTMerge/result/organsmnist(1).md
organsmnist,small,resnet34,dare_linear,c3_b0.1,3,0.1,0.3864,program/MedMNISTMerge/result/organsmnist(1).md
organsmnist,small,resnet34,dare_linear,c5_b0,5,0.0,0.1809,program/MedMNISTMerge/result/organsmnist(1).md
organsmnist,small,resnet34,dare_linear,c5_b0.01,5,0.01,0.0815,program/MedMNISTMerge/result/organsmnist(1).md
organsmnist,small,resnet34,dare_linear,c5_b0.1,5,0.1,0.2393,program/MedMNISTMerge/result/organsmnist(1).md
organsmnist,small,resnet34,dare_linear,c7_b0,7,0.0,0.2017,program/MedMNISTMerge/result/organsmnist(1).md
organsmnist,small,resnet34,dare_linear,c7_b0.01,7,0.01,0.2705,program/MedMNISTMerge/result/organsmnist(1).md
organsmnist,small,resnet34,dare_linear,c7_b0.1,7,0.1,0.3424,program/MedMNISTMerge/result/organsmnist(1).md
organsmnist,small,resnet34,dare_ties,c3_b0,3,0.0,0.3111,program/MedMNISTMerge/result/organsmnist(1).md
organsmnist,small,resnet34,dare_ties,c3_b0.01,3,0.01,0.1407,program/MedMNISTMerge/result/organsmnist(1).md
organsmnist,small,resnet34,dare_ties,c3_b0.1,3,0.1,0.3398,program/MedMNISTMerge/result/organsmnist(1).md
organsmnist,small,resnet34,dare_ties,c5_b0,5,0.0,0.1265,program/MedMNISTMerge/result/organsmnist(1).md
organsmnist,small,resnet34,dare_ties,c5_b0.01,5,0.01,0.1425,program/MedMNISTMerge/result/organsmnist(1).md
organsmnist,small,resnet34,dare_ties,c5_b0.1,5,0.1,0.1048,program/MedMNISTMerge/result/organsmnist(1).md
organsmnist,small,resnet34,dare_ties,c7_b0,7,0.0,0.1465,program/MedMNISTMerge/result/organsmnist(1).md
organsmnist,small,resnet34,dare_ties,c7_b0.01,7,0.01,0.1519,program/MedMNISTMerge/result/organsmnist(1).md
organsmnist,small,resnet34,dare_ties,c7_b0.1,7,0.1,0.2731,program/MedMNISTMerge/result/organsmnist(1).md
organsmnist,small,resnet34,regmean,c3_b0,3,0.0,0.229,program/MedMNISTMerge/result/organsmnist(1).md
organsmnist,small,resnet34,regmean,c3_b0.01,3,0.01,0.2395,program/MedMNISTMerge/result/organsmnist(1).md
organsmnist,small,resnet34,regmean,c3_b0.1,3,0.1,0.3571,program/MedMNISTMerge/result/organsmnist(1).md
organsmnist,small,resnet34,regmean,c5_b0,5,0.0,0.0982,program/MedMNISTMerge/result/organsmnist(1).md
organsmnist,small,resnet34,regmean,c5_b0.01,5,0.01,0.1617,program/MedMNISTMerge/result/organsmnist(1).md
organsmnist,small,resnet34,regmean,c5_b0.1,5,0.1,0.2978,program/MedMNISTMerge/result/organsmnist(1).md
organsmnist,small,resnet34,regmean,c7_b0,7,0.0,0.0782,program/MedMNISTMerge/result/organsmnist(1).md
organsmnist,small,resnet34,regmean,c7_b0.01,7,0.01,0.1648,program/MedMNISTMerge/result/organsmnist(1).md
organsmnist,small,resnet34,regmean,c7_b0.1,7,0.1,0.3935,program/MedMNISTMerge/result/organsmnist(1).md
organsmnist,small,resnet34,fisher,c3_b0,3,0.0,0.1984,program/MedMNISTMerge/result/organsmnist(1).md
organsmnist,small,resnet34,fisher,c3_b0.01,3,0.01,0.2478,program/MedMNISTMerge/result/organsmnist(1).md
organsmnist,small,resnet34,fisher,c3_b0.1,3,0.1,0.3172,program/MedMNISTMerge/result/organsmnist(1).md
organsmnist,small,resnet34,fisher,c5_b0,5,0.0,0.1985,program/MedMNISTMerge/result/organsmnist(1).md
organsmnist,small,resnet34,fisher,c5_b0.01,5,0.01,0.2428,program/MedMNISTMerge/result/organsmnist(1).md
organsmnist,small,resnet34,fisher,c5_b0.1,5,0.1,0.3456,program/MedMNISTMerge/result/organsmnist(1).md
organsmnist,small,resnet34,fisher,c7_b0,7,0.0,0.2882,program/MedMNISTMerge/result/organsmnist(1).md
organsmnist,small,resnet34,fisher,c7_b0.01,7,0.01,0.2354,program/MedMNISTMerge/result/organsmnist(1).md
organsmnist,small,resnet34,fisher,c7_b0.1,7,0.1,0.2089,program/MedMNISTMerge/result/organsmnist(1).md
organsmnist,small,resnet34,breadcrumbs,c3_b0,3,0.0,0.0998,program/MedMNISTMerge/result/organsmnist(1).md
organsmnist,small,resnet34,breadcrumbs,c3_b0.01,3,0.01,0.0883,program/MedMNISTMerge/result/organsmnist(1).md
organsmnist,small,resnet34,breadcrumbs,c3_b0.1,3,0.1,0.0509,program/MedMNISTMerge/result/organsmnist(1).md
organsmnist,small,resnet34,breadcrumbs,c5_b0,5,0.0,0.0896,program/MedMNISTMerge/result/organsmnist(1).md
organsmnist,small,resnet34,breadcrumbs,c5_b0.01,5,0.01,0.0739,program/MedMNISTMerge/result/organsmnist(1).md
organsmnist,small,resnet34,breadcrumbs,c5_b0.1,5,0.1,0.0962,program/MedMNISTMerge/result/organsmnist(1).md
organsmnist,small,resnet34,breadcrumbs,c7_b0,7,0.0,0.0783,program/MedMNISTMerge/result/organsmnist(1).md
organsmnist,small,resnet34,breadcrumbs,c7_b0.01,7,0.01,0.0663,program/MedMNISTMerge/result/organsmnist(1).md
organsmnist,small,resnet34,breadcrumbs,c7_b0.1,7,0.1,0.1033,program/MedMNISTMerge/result/organsmnist(1).md
organsmnist,small,resnet34,model_stock,c3_b0,3,0.0,0.1843,program/MedMNISTMerge/result/organsmnist(1).md
organsmnist,small,resnet34,model_stock,c3_b0.01,3,0.01,0.3279,program/MedMNISTMerge/result/organsmnist(1).md
organsmnist,small,resnet34,model_stock,c3_b0.1,3,0.1,0.3659,program/MedMNISTMerge/result/organsmnist(1).md
organsmnist,small,resnet34,model_stock,c5_b0,5,0.0,0.2233,program/MedMNISTMerge/result/organsmnist(1).md
organsmnist,small,resnet34,model_stock,c5_b0.01,5,0.01,0.1072,program/MedMNISTMerge/result/organsmnist(1).md
organsmnist,small,resnet34,model_stock,c5_b0.1,5,0.1,0.2387,program/MedMNISTMerge/result/organsmnist(1).md
organsmnist,small,resnet34,model_stock,c7_b0,7,0.0,0.1284,program/MedMNISTMerge/result/organsmnist(1).md
organsmnist,small,resnet34,model_stock,c7_b0.01,7,0.01,0.281,program/MedMNISTMerge/result/organsmnist(1).md
organsmnist,small,resnet34,model_stock,c7_b0.1,7,0.1,0.2249,program/MedMNISTMerge/result/organsmnist(1).md
organsmnist,small,resnet34,from,c3_b0,3,0.0,0.232,program/MedMNISTMerge/result/organsmnist(1).md
organsmnist,small,resnet34,from,c3_b0.01,3,0.01,0.1866,program/MedMNISTMerge/result/organsmnist(1).md
organsmnist,small,resnet34,from,c3_b0.1,3,0.1,0.4091,program/MedMNISTMerge/result/organsmnist(1).md
organsmnist,small,resnet34,from,c5_b0,5,0.0,0.2848,program/MedMNISTMerge/result/organsmnist(1).md
organsmnist,small,resnet34,from,c5_b0.01,5,0.01,0.2092,program/MedMNISTMerge/result/organsmnist(1).md
organsmnist,small,resnet34,from,c5_b0.1,5,0.1,0.3246,program/MedMNISTMerge/result/organsmnist(1).md
organsmnist,small,resnet34,from,c7_b0,7,0.0,0.1125,program/MedMNISTMerge/result/organsmnist(1).md
organsmnist,small,resnet34,from,c7_b0.01,7,0.01,0.2265,program/MedMNISTMerge/result/organsmnist(1).md
organsmnist,small,resnet34,from,c7_b0.1,7,0.1,0.3983,program/MedMNISTMerge/result/organsmnist(1).md
organsmnist,small,resnet34,iso_c,c3_b0,3,0.0,0.123,program/MedMNISTMerge/result/organsmnist(1).md
organsmnist,small,resnet34,iso_c,c3_b0.01,3,0.01,0.3017,program/MedMNISTMerge/result/organsmnist(1).md
organsmnist,small,resnet34,iso_c,c3_b0.1,3,0.1,0.403,program/MedMNISTMerge/result/organsmnist(1).md
organsmnist,small,resnet34,iso_c,c5_b0,5,0.0,0.3028,program/MedMNISTMerge/result/organsmnist(1).md
organsmnist,small,resnet34,iso_c,c5_b0.01,5,0.01,0.0903,program/MedMNISTMerge/result/organsmnist(1).md
organsmnist,small,resnet34,iso_c,c5_b0.1,5,0.1,0.4231,program/MedMNISTMerge/result/organsmnist(1).md
organsmnist,small,resnet34,iso_c,c7_b0,7,0.0,0.2171,program/MedMNISTMerge/result/organsmnist(1).md
organsmnist,small,resnet34,iso_c,c7_b0.01,7,0.01,0.2538,program/MedMNISTMerge/result/organsmnist(1).md
organsmnist,small,resnet34,iso_c,c7_b0.1,7,0.1,0.3749,program/MedMNISTMerge/result/organsmnist(1).md
organsmnist,small,resnet34,free_merge,c3_b0,3,0.0,0.2883,program/MedMNISTMerge/result/organsmnist(1).md
organsmnist,small,resnet34,free_merge,c3_b0.01,3,0.01,0.3026,program/MedMNISTMerge/result/organsmnist(1).md
organsmnist,small,resnet34,free_merge,c3_b0.1,3,0.1,0.4013,program/MedMNISTMerge/result/organsmnist(1).md
organsmnist,small,resnet34,free_merge,c5_b0,5,0.0,0.2401,program/MedMNISTMerge/result/organsmnist(1).md
organsmnist,small,resnet34,free_merge,c5_b0.01,5,0.01,0.1143,program/MedMNISTMerge/result/organsmnist(1).md
organsmnist,small,resnet34,free_merge,c5_b0.1,5,0.1,0.2648,program/MedMNISTMerge/result/organsmnist(1).md
organsmnist,small,resnet34,free_merge,c7_b0,7,0.0,0.1185,program/MedMNISTMerge/result/organsmnist(1).md
organsmnist,small,resnet34,free_merge,c7_b0.01,7,0.01,0.3519,program/MedMNISTMerge/result/organsmnist(1).md
organsmnist,small,resnet34,free_merge,c7_b0.1,7,0.1,0.3105,program/MedMNISTMerge/result/organsmnist(1).md
organsmnist,small,resnet34,robustmerge,c3_b0,3,0.0,0.2915,program/MedMNISTMerge/result/organsmnist(1).md
organsmnist,small,resnet34,robustmerge,c3_b0.01,3,0.01,0.2851,program/MedMNISTMerge/result/organsmnist(1).md
organsmnist,small,resnet34,robustmerge,c3_b0.1,3,0.1,0.418,program/MedMNISTMerge/result/organsmnist(1).md
organsmnist,small,resnet34,robustmerge,c5_b0,5,0.0,0.2495,program/MedMNISTMerge/result/organsmnist(1).md
organsmnist,small,resnet34,robustmerge,c5_b0.01,5,0.01,0.1614,program/MedMNISTMerge/result/organsmnist(1).md
organsmnist,small,resnet34,robustmerge,c5_b0.1,5,0.1,0.377,program/MedMNISTMerge/result/organsmnist(1).md
organsmnist,small,resnet34,robustmerge,c7_b0,7,0.0,0.1744,program/MedMNISTMerge/result/organsmnist(1).md
organsmnist,small,resnet34,robustmerge,c7_b0.01,7,0.01,0.2006,program/MedMNISTMerge/result/organsmnist(1).md
organsmnist,small,resnet34,robustmerge,c7_b0.1,7,0.1,0.3425,program/MedMNISTMerge/result/organsmnist(1).md
organsmnist,vlm,openai/clip-vit-base-patch32,avg,c3_b0,3,0.0,0.2508,program/MedMNISTMerge/result/organsmnist(1).md
organsmnist,vlm,openai/clip-vit-base-patch32,avg,c3_b0.01,3,0.01,0.2564,program/MedMNISTMerge/result/organsmnist(1).md
organsmnist,vlm,openai/clip-vit-base-patch32,avg,c3_b0.1,3,0.1,0.3862,program/MedMNISTMerge/result/organsmnist(1).md
organsmnist,vlm,openai/clip-vit-base-patch32,avg,c5_b0,5,0.0,0.0919,program/MedMNISTMerge/result/organsmnist(1).md
organsmnist,vlm,openai/clip-vit-base-patch32,avg,c5_b0.01,5,0.01,0.0559,program/MedMNISTMerge/result/organsmnist(1).md
organsmnist,vlm,openai/clip-vit-base-patch32,avg,c5_b0.1,5,0.1,0.1301,program/MedMNISTMerge/result/organsmnist(1).md
organsmnist,vlm,openai/clip-vit-base-patch32,avg,c7_b0,7,0.0,0.2354,program/MedMNISTMerge/result/organsmnist(1).md
organsmnist,vlm,openai/clip-vit-base-patch32,avg,c7_b0.01,7,0.01,0.067,program/MedMNISTMerge/result/organsmnist(1).md
organsmnist,vlm,openai/clip-vit-base-patch32,avg,c7_b0.1,7,0.1,0.1319,program/MedMNISTMerge/result/organsmnist(1).md
organsmnist,vlm,openai/clip-vit-base-patch32,ties,c3_b0,3,0.0,0.1952,program/MedMNISTMerge/result/organsmnist(1).md
organsmnist,vlm,openai/clip-vit-base-patch32,ties,c3_b0.01,3,0.01,0.2377,program/MedMNISTMerge/result/organsmnist(1).md
organsmnist,vlm,openai/clip-vit-base-patch32,ties,c3_b0.1,3,0.1,0.4061,program/MedMNISTMerge/result/organsmnist(1).md
organsmnist,vlm,openai/clip-vit-base-patch32,ties,c5_b0,5,0.0,0.2415,program/MedMNISTMerge/result/organsmnist(1).md
organsmnist,vlm,openai/clip-vit-base-patch32,ties,c5_b0.01,5,0.01,0.2702,program/MedMNISTMerge/result/organsmnist(1).md
organsmnist,vlm,openai/clip-vit-base-patch32,ties,c5_b0.1,5,0.1,0.1301,program/MedMNISTMerge/result/organsmnist(1).md
organsmnist,vlm,openai/clip-vit-base-patch32,ties,c7_b0,7,0.0,0.2823,program/MedMNISTMerge/result/organsmnist(1).md
organsmnist,vlm,openai/clip-vit-base-patch32,ties,c7_b0.01,7,0.01,0.1213,program/MedMNISTMerge/result/organsmnist(1).md
organsmnist,vlm,openai/clip-vit-base-patch32,ties,c7_b0.1,7,0.1,0.1506,program/MedMNISTMerge/result/organsmnist(1).md
organsmnist,vlm,openai/clip-vit-base-patch32,dare_linear,c3_b0,3,0.0,0.2476,program/MedMNISTMerge/result/organsmnist(1).md
organsmnist,vlm,openai/clip-vit-base-patch32,dare_linear,c3_b0.01,3,0.01,0.2721,program/MedMNISTMerge/result/organsmnist(1).md
organsmnist,vlm,openai/clip-vit-base-patch32,dare_linear,c3_b0.1,3,0.1,0.3886,program/MedMNISTMerge/result/organsmnist(1).md
organsmnist,vlm,openai/clip-vit-base-patch32,dare_linear,c5_b0,5,0.0,0.0919,program/MedMNISTMerge/result/organsmnist(1).md
organsmnist,vlm,openai/clip-vit-base-patch32,dare_linear,c5_b0.01,5,0.01,0.047,program/MedMNISTMerge/result/organsmnist(1).md
organsmnist,vlm,openai/clip-vit-base-patch32,dare_linear,c5_b0.1,5,0.1,0.1199,program/MedMNISTMerge/result/organsmnist(1).md
organsmnist,vlm,openai/clip-vit-base-patch32,dare_linear,c7_b0,7,0.0,0.2354,program/MedMNISTMerge/result/organsmnist(1).md
organsmnist,vlm,openai/clip-vit-base-patch32,dare_linear,c7_b0.01,7,0.01,0.0416,program/MedMNISTMerge/result/organsmnist(1).md
organsmnist,vlm,openai/clip-vit-base-patch32,dare_linear,c7_b0.1,7,0.1,0.1325,program/MedMNISTMerge/result/organsmnist(1).md
organsmnist,vlm,openai/clip-vit-base-patch32,dare_ties,c3_b0,3,0.0,0.1741,program/MedMNISTMerge/result/organsmnist(1).md
organsmnist,vlm,openai/clip-vit-base-patch32,dare_ties,c3_b0.01,3,0.01,0.244,program/MedMNISTMerge/result/organsmnist(1).md
organsmnist,vlm,openai/clip-vit-base-patch32,dare_ties,c3_b0.1,3,0.1,0.4205,program/MedMNISTMerge/result/organsmnist(1).md
organsmnist,vlm,openai/clip-vit-base-patch32,dare_ties,c5_b0,5,0.0,0.2107,program/MedMNISTMerge/result/organsmnist(1).md
organsmnist,vlm,openai/clip-vit-base-patch32,dare_ties,c5_b0.01,5,0.01,0.2649,program/MedMNISTMerge/result/organsmnist(1).md
organsmnist,vlm,openai/clip-vit-base-patch32,dare_ties,c5_b0.1,5,0.1,0.1434,program/MedMNISTMerge/result/organsmnist(1).md
organsmnist,vlm,openai/clip-vit-base-patch32,dare_ties,c7_b0,7,0.0,0.281,program/MedMNISTMerge/result/organsmnist(1).md
organsmnist,vlm,openai/clip-vit-base-patch32,dare_ties,c7_b0.01,7,0.01,0.1261,program/MedMNISTMerge/result/organsmnist(1).md
organsmnist,vlm,openai/clip-vit-base-patch32,dare_ties,c7_b0.1,7,0.1,0.1302,program/MedMNISTMerge/result/organsmnist(1).md
organsmnist,vlm,openai/clip-vit-base-patch32,regmean,c3_b0,3,0.0,0.3126,program/MedMNISTMerge/result/organsmnist(1).md
organsmnist,vlm,openai/clip-vit-base-patch32,regmean,c3_b0.01,3,0.01,0.3069,program/MedMNISTMerge/result/organsmnist(1).md
organsmnist,vlm,openai/clip-vit-base-patch32,regmean,c3_b0.1,3,0.1,0.421,program/MedMNISTMerge/result/organsmnist(1).md
organsmnist,vlm,openai/clip-vit-base-patch32,regmean,c5_b0,5,0.0,0.2958,program/MedMNISTMerge/result/organsmnist(1).md
organsmnist,vlm,openai/clip-vit-base-patch32,regmean,c5_b0.01,5,0.01,0.2492,program/MedMNISTMerge/result/organsmnist(1).md
organsmnist,vlm,openai/clip-vit-base-patch32,regmean,c5_b0.1,5,0.1,0.1435,program/MedMNISTMerge/result/organsmnist(1).md
organsmnist,vlm,openai/clip-vit-base-patch32,regmean,c7_b0,7,0.0,0.2464,program/MedMNISTMerge/result/organsmnist(1).md
organsmnist,vlm,openai/clip-vit-base-patch32,regmean,c7_b0.01,7,0.01,0.092,program/MedMNISTMerge/result/organsmnist(1).md
organsmnist,vlm,openai/clip-vit-base-patch32,regmean,c7_b0.1,7,0.1,0.2175,program/MedMNISTMerge/result/organsmnist(1).md
organsmnist,vlm,openai/clip-vit-base-patch32,fisher,c3_b0,3,0.0,0.1595,program/MedMNISTMerge/result/organsmnist(1).md
organsmnist,vlm,openai/clip-vit-base-patch32,fisher,c3_b0.01,3,0.01,0.2035,program/MedMNISTMerge/result/organsmnist(1).md
organsmnist,vlm,openai/clip-vit-base-patch32,fisher,c3_b0.1,3,0.1,0.3562,program/MedMNISTMerge/result/organsmnist(1).md
organsmnist,vlm,openai/clip-vit-base-patch32,fisher,c5_b0,5,0.0,0.1354,program/MedMNISTMerge/result/organsmnist(1).md
organsmnist,vlm,openai/clip-vit-base-patch32,fisher,c5_b0.01,5,0.01,0.045,program/MedMNISTMerge/result/organsmnist(1).md
organsmnist,vlm,openai/clip-vit-base-patch32,fisher,c5_b0.1,5,0.1,0.1099,program/MedMNISTMerge/result/organsmnist(1).md
organsmnist,vlm,openai/clip-vit-base-patch32,fisher,c7_b0,7,0.0,0.0504,program/MedMNISTMerge/result/organsmnist(1).md
organsmnist,vlm,openai/clip-vit-base-patch32,fisher,c7_b0.01,7,0.01,0.2644,program/MedMNISTMerge/result/organsmnist(1).md
organsmnist,vlm,openai/clip-vit-base-patch32,fisher,c7_b0.1,7,0.1,0.1062,program/MedMNISTMerge/result/organsmnist(1).md
organsmnist,vlm,openai/clip-vit-base-patch32,breadcrumbs,c3_b0,3,0.0,0.2354,program/MedMNISTMerge/result/organsmnist(1).md
organsmnist,vlm,openai/clip-vit-base-patch32,breadcrumbs,c3_b0.01,3,0.01,0.2677,program/MedMNISTMerge/result/organsmnist(1).md
organsmnist,vlm,openai/clip-vit-base-patch32,breadcrumbs,c3_b0.1,3,0.1,0.1072,program/MedMNISTMerge/result/organsmnist(1).md
organsmnist,vlm,openai/clip-vit-base-patch32,breadcrumbs,c5_b0,5,0.0,0.1838,program/MedMNISTMerge/result/organsmnist(1).md
organsmnist,vlm,openai/clip-vit-base-patch32,breadcrumbs,c5_b0.01,5,0.01,0.052,program/MedMNISTMerge/result/organsmnist(1).md
organsmnist,vlm,openai/clip-vit-base-patch32,breadcrumbs,c5_b0.1,5,0.1,0.0504,program/MedMNISTMerge/result/organsmnist(1).md
organsmnist,vlm,openai/clip-vit-base-patch32,breadcrumbs,c7_b0,7,0.0,0.1253,program/MedMNISTMerge/result/organsmnist(1).md
organsmnist,vlm,openai/clip-vit-base-patch32,breadcrumbs,c7_b0.01,7,0.01,0.0504,program/MedMNISTMerge/result/organsmnist(1).md
organsmnist,vlm,openai/clip-vit-base-patch32,breadcrumbs,c7_b0.1,7,0.1,0.0547,program/MedMNISTMerge/result/organsmnist(1).md
organsmnist,vlm,openai/clip-vit-base-patch32,model_stock,c3_b0,3,0.0,0.2633,program/MedMNISTMerge/result/organsmnist(1).md
organsmnist,vlm,openai/clip-vit-base-patch32,model_stock,c3_b0.01,3,0.01,0.178,program/MedMNISTMerge/result/organsmnist(1).md
organsmnist,vlm,openai/clip-vit-base-patch32,model_stock,c3_b0.1,3,0.1,0.3238,program/MedMNISTMerge/result/organsmnist(1).md
organsmnist,vlm,openai/clip-vit-base-patch32,model_stock,c5_b0,5,0.0,0.092,program/MedMNISTMerge/result/organsmnist(1).md
organsmnist,vlm,openai/clip-vit-base-patch32,model_stock,c5_b0.01,5,0.01,0.0503,program/MedMNISTMerge/result/organsmnist(1).md
organsmnist,vlm,openai/clip-vit-base-patch32,model_stock,c5_b0.1,5,0.1,0.1159,program/MedMNISTMerge/result/organsmnist(1).md
organsmnist,vlm,openai/clip-vit-base-patch32,model_stock,c7_b0,7,0.0,0.2354,program/MedMNISTMerge/result/organsmnist(1).md
organsmnist,vlm,openai/clip-vit-base-patch32,model_stock,c7_b0.01,7,0.01,0.0268,program/MedMNISTMerge/result/organsmnist(1).md
organsmnist,vlm,openai/clip-vit-base-patch32,model_stock,c7_b0.1,7,0.1,0.1072,program/MedMNISTMerge/result/organsmnist(1).md
organsmnist,vlm,openai/clip-vit-base-patch32,from,c3_b0,3,0.0,0.123,program/MedMNISTMerge/result/organsmnist(1).md
organsmnist,vlm,openai/clip-vit-base-patch32,from,c3_b0.01,3,0.01,0.1832,program/MedMNISTMerge/result/organsmnist(1).md
organsmnist,vlm,openai/clip-vit-base-patch32,from,c3_b0.1,3,0.1,0.4244,program/MedMNISTMerge/result/organsmnist(1).md
organsmnist,vlm,openai/clip-vit-base-patch32,from,c5_b0,5,0.0,0.2901,program/MedMNISTMerge/result/organsmnist(1).md
organsmnist,vlm,openai/clip-vit-base-patch32,from,c5_b0.01,5,0.01,0.2648,program/MedMNISTMerge/result/organsmnist(1).md
organsmnist,vlm,openai/clip-vit-base-patch32,from,c5_b0.1,5,0.1,0.118,program/MedMNISTMerge/result/organsmnist(1).md
organsmnist,vlm,openai/clip-vit-base-patch32,from,c7_b0,7,0.0,0.2354,program/MedMNISTMerge/result/organsmnist(1).md
organsmnist,vlm,openai/clip-vit-base-patch32,from,c7_b0.01,7,0.01,0.1719,program/MedMNISTMerge/result/organsmnist(1).md
organsmnist,vlm,openai/clip-vit-base-patch32,from,c7_b0.1,7,0.1,0.1584,program/MedMNISTMerge/result/organsmnist(1).md
organsmnist,vlm,openai/clip-vit-base-patch32,iso_c,c3_b0,3,0.0,0.083,program/MedMNISTMerge/result/organsmnist(1).md
organsmnist,vlm,openai/clip-vit-base-patch32,iso_c,c3_b0.01,3,0.01,0.0513,program/MedMNISTMerge/result/organsmnist(1).md
organsmnist,vlm,openai/clip-vit-base-patch32,iso_c,c3_b0.1,3,0.1,0.0944,program/MedMNISTMerge/result/organsmnist(1).md
organsmnist,vlm,openai/clip-vit-base-patch32,iso_c,c5_b0,5,0.0,0.0911,program/MedMNISTMerge/result/organsmnist(1).md
organsmnist,vlm,openai/clip-vit-base-patch32,iso_c,c5_b0.01,5,0.01,0.092,program/MedMNISTMerge/result/organsmnist(1).md
organsmnist,vlm,openai/clip-vit-base-patch32,iso_c,c5_b0.1,5,0.1,0.118,program/MedMNISTMerge/result/organsmnist(1).md
organsmnist,vlm,openai/clip-vit-base-patch32,iso_c,c7_b0,7,0.0,0.0795,program/MedMNISTMerge/result/organsmnist(1).md
organsmnist,vlm,openai/clip-vit-base-patch32,iso_c,c7_b0.01,7,0.01,0.0579,program/MedMNISTMerge/result/organsmnist(1).md
organsmnist,vlm,openai/clip-vit-base-patch32,iso_c,c7_b0.1,7,0.1,0.1119,program/MedMNISTMerge/result/organsmnist(1).md
organsmnist,vlm,openai/clip-vit-base-patch32,free_merge,c3_b0,3,0.0,0.2085,program/MedMNISTMerge/result/organsmnist(1).md
organsmnist,vlm,openai/clip-vit-base-patch32,free_merge,c3_b0.01,3,0.01,0.1945,program/MedMNISTMerge/result/organsmnist(1).md
organsmnist,vlm,openai/clip-vit-base-patch32,free_merge,c3_b0.1,3,0.1,0.3436,program/MedMNISTMerge/result/organsmnist(1).md
organsmnist,vlm,openai/clip-vit-base-patch32,free_merge,c5_b0,5,0.0,0.0919,program/MedMNISTMerge/result/organsmnist(1).md
organsmnist,vlm,openai/clip-vit-base-patch32,free_merge,c5_b0.01,5,0.01,0.1335,program/MedMNISTMerge/result/organsmnist(1).md
organsmnist,vlm,openai/clip-vit-base-patch32,free_merge,c5_b0.1,5,0.1,0.1153,program/MedMNISTMerge/result/organsmnist(1).md
organsmnist,vlm,openai/clip-vit-base-patch32,free_merge,c7_b0,7,0.0,0.0574,program/MedMNISTMerge/result/organsmnist(1).md
organsmnist,vlm,openai/clip-vit-base-patch32,free_merge,c7_b0.01,7,0.01,0.0296,program/MedMNISTMerge/result/organsmnist(1).md
organsmnist,vlm,openai/clip-vit-base-patch32,free_merge,c7_b0.1,7,0.1,0.1252,program/MedMNISTMerge/result/organsmnist(1).md
organsmnist,vlm,openai/clip-vit-base-patch32,robustmerge,c3_b0,3,0.0,0.2455,program/MedMNISTMerge/result/organsmnist(1).md
organsmnist,vlm,openai/clip-vit-base-patch32,robustmerge,c3_b0.01,3,0.01,0.1927,program/MedMNISTMerge/result/organsmnist(1).md
organsmnist,vlm,openai/clip-vit-base-patch32,robustmerge,c3_b0.1,3,0.1,0.372,program/MedMNISTMerge/result/organsmnist(1).md
organsmnist,vlm,openai/clip-vit-base-patch32,robustmerge,c5_b0,5,0.0,0.0356,program/MedMNISTMerge/result/organsmnist(1).md
organsmnist,vlm,openai/clip-vit-base-patch32,robustmerge,c5_b0.01,5,0.01,0.052,program/MedMNISTMerge/result/organsmnist(1).md
organsmnist,vlm,openai/clip-vit-base-patch32,robustmerge,c5_b0.1,5,0.1,0.1156,program/MedMNISTMerge/result/organsmnist(1).md
organsmnist,vlm,openai/clip-vit-base-patch32,robustmerge,c7_b0,7,0.0,0.2358,program/MedMNISTMerge/result/organsmnist(1).md
organsmnist,vlm,openai/clip-vit-base-patch32,robustmerge,c7_b0.01,7,0.01,0.1085,program/MedMNISTMerge/result/organsmnist(1).md
organsmnist,vlm,openai/clip-vit-base-patch32,robustmerge,c7_b0.1,7,0.1,0.1225,program/MedMNISTMerge/result/organsmnist(1).md
pathmnist,small,resnet,avg,c3_b0,3,0.0,0.2267,program/MedMNISTMerge/result/pathmnist(1).md
pathmnist,small,resnet,avg,c3_b0.01,3,0.01,0.1772,program/MedMNISTMerge/result/pathmnist(1).md
pathmnist,small,resnet,avg,c3_b0.1,3,0.1,0.5056,program/MedMNISTMerge/result/pathmnist(1).md
pathmnist,small,resnet,avg,c5_b0,5,0.0,0.0717,program/MedMNISTMerge/result/pathmnist(1).md
pathmnist,small,resnet,avg,c5_b0.01,5,0.01,0.2568,program/MedMNISTMerge/result/pathmnist(1).md
pathmnist,small,resnet,avg,c5_b0.1,5,0.1,0.3657,program/MedMNISTMerge/result/pathmnist(1).md
pathmnist,small,resnet,avg,c7_b0,7,0.0,0.0702,program/MedMNISTMerge/result/pathmnist(1).md
pathmnist,small,resnet,avg,c7_b0.01,7,0.01,0.1178,program/MedMNISTMerge/result/pathmnist(1).md
pathmnist,small,resnet,avg,c7_b0.1,7,0.1,0.2531,program/MedMNISTMerge/result/pathmnist(1).md
pathmnist,small,resnet,ties,c3_b0,3,0.0,0.0788,program/MedMNISTMerge/result/pathmnist(1).md
pathmnist,small,resnet,ties,c3_b0.01,3,0.01,0.0543,program/MedMNISTMerge/result/pathmnist(1).md
pathmnist,small,resnet,ties,c3_b0.1,3,0.1,0.2313,program/MedMNISTMerge/result/pathmnist(1).md
pathmnist,small,resnet,ties,c5_b0,5,0.0,0.0825,program/MedMNISTMerge/result/pathmnist(1).md
pathmnist,small,resnet,ties,c5_b0.01,5,0.01,0.0825,program/MedMNISTMerge/result/pathmnist(1).md
pathmnist,small,resnet,ties,c5_b0.1,5,0.1,0.2223,program/MedMNISTMerge/result/pathmnist(1).md
pathmnist,small,resnet,ties,c7_b0,7,0.0,0.128,program/MedMNISTMerge/result/pathmnist(1).md
pathmnist,small,resnet,ties,c7_b0.01,7,0.01,0.0825,program/MedMNISTMerge/result/pathmnist(1).md
pathmnist,small,resnet,ties,c7_b0.1,7,0.1,0.2875,program/MedMNISTMerge/result/pathmnist(1).md
pathmnist,small,resnet,dare_linear,c3_b0,3,0.0,0.1861,program/MedMNISTMerge/result/pathmnist(1).md
pathmnist,small,resnet,dare_linear,c3_b0.01,3,0.01,0.182,program/MedMNISTMerge/result/pathmnist(1).md
pathmnist,small,resnet,dare_linear,c3_b0.1,3,0.1,0.4557,program/MedMNISTMerge/result/pathmnist(1).md
pathmnist,small,resnet,dare_linear,c5_b0,5,0.0,0.0636,program/MedMNISTMerge/result/pathmnist(1).md
pathmnist,small,resnet,dare_linear,c5_b0.01,5,0.01,0.1997,program/MedMNISTMerge/result/pathmnist(1).md
pathmnist,small,resnet,dare_linear,c5_b0.1,5,0.1,0.3485,program/MedMNISTMerge/result/pathmnist(1).md
pathmnist,small,resnet,dare_linear,c7_b0,7,0.0,0.1702,program/MedMNISTMerge/result/pathmnist(1).md
pathmnist,small,resnet,dare_linear,c7_b0.01,7,0.01,0.1205,program/MedMNISTMerge/result/pathmnist(1).md
pathmnist,small,resnet,dare_linear,c7_b0.1,7,0.1,0.251,program/MedMNISTMerge/result/pathmnist(1).md
pathmnist,small,resnet,dare_ties,c3_b0,3,0.0,0.1447,program/MedMNISTMerge/result/pathmnist(1).md
pathmnist,small,resnet,dare_ties,c3_b0.01,3,0.01,0.0432,program/MedMNISTMerge/result/pathmnist(1).md
pathmnist,small,resnet,dare_ties,c3_b0.1,3,0.1,0.1259,program/MedMNISTMerge/result/pathmnist(1).md
pathmnist,small,resnet,dare_ties,c5_b0,5,0.0,0.0825,program/MedMNISTMerge/result/pathmnist(1).md
pathmnist,small,resnet,dare_ties,c5_b0.01,5,0.01,0.0841,program/MedMNISTMerge/result/pathmnist(1).md
pathmnist,small,resnet,dare_ties,c5_b0.1,5,0.1,0.1471,program/MedMNISTMerge/result/pathmnist(1).md
pathmnist,small,resnet,dare_ties,c7_b0,7,0.0,0.235,program/MedMNISTMerge/result/pathmnist(1).md
pathmnist,small,resnet,dare_ties,c7_b0.01,7,0.01,0.056,program/MedMNISTMerge/result/pathmnist(1).md
pathmnist,small,resnet,dare_ties,c7_b0.1,7,0.1,0.1864,program/MedMNISTMerge/result/pathmnist(1).md
pathmnist,small,resnet,regmean,c3_b0,3,0.0,0.2714,program/MedMNISTMerge/result/pathmnist(1).md
pathmnist,small,resnet,regmean,c3_b0.01,3,0.01,0.1678,program/MedMNISTMerge/result/pathmnist(1).md
pathmnist,small,resnet,regmean,c3_b0.1,3,0.1,0.4907,program/MedMNISTMerge/result/pathmnist(1).md
pathmnist,small,resnet,regmean,c5_b0,5,0.0,0.0532,program/MedMNISTMerge/result/pathmnist(1).md
pathmnist,small,resnet,regmean,c5_b0.01,5,0.01,0.2674,program/MedMNISTMerge/result/pathmnist(1).md
pathmnist,small,resnet,regmean,c5_b0.1,5,0.1,0.3624,program/MedMNISTMerge/result/pathmnist(1).md
pathmnist,small,resnet,regmean,c7_b0,7,0.0,0.1124,program/MedMNISTMerge/result/pathmnist(1).md
pathmnist,small,resnet,regmean,c7_b0.01,7,0.01,0.1212,program/MedMNISTMerge/result/pathmnist(1).md
pathmnist,small,resnet,regmean,c7_b0.1,7,0.1,0.2194,program/MedMNISTMerge/result/pathmnist(1).md
pathmnist,small,resnet,fisher,c3_b0,3,0.0,0.1818,program/MedMNISTMerge/result/pathmnist(1).md
pathmnist,small,resnet,fisher,c3_b0.01,3,0.01,0.083,program/MedMNISTMerge/result/pathmnist(1).md
pathmnist,small,resnet,fisher,c3_b0.1,3,0.1,0.5948,program/MedMNISTMerge/result/pathmnist(1).md
pathmnist,small,resnet,fisher,c5_b0,5,0.0,0.1117,program/MedMNISTMerge/result/pathmnist(1).md
pathmnist,small,resnet,fisher,c5_b0.01,5,0.01,0.328,program/MedMNISTMerge/result/pathmnist(1).md
pathmnist,small,resnet,fisher,c5_b0.1,5,0.1,0.3866,program/MedMNISTMerge/result/pathmnist(1).md
pathmnist,small,resnet,fisher,c7_b0,7,0.0,0.0852,program/MedMNISTMerge/result/pathmnist(1).md
pathmnist,small,resnet,fisher,c7_b0.01,7,0.01,0.0526,program/MedMNISTMerge/result/pathmnist(1).md
pathmnist,small,resnet,fisher,c7_b0.1,7,0.1,0.1967,program/MedMNISTMerge/result/pathmnist(1).md
pathmnist,small,resnet,breadcrumbs,c3_b0,3,0.0,0.118,program/MedMNISTMerge/result/pathmnist(1).md
pathmnist,small,resnet,breadcrumbs,c3_b0.01,3,0.01,0.0472,program/MedMNISTMerge/result/pathmnist(1).md
pathmnist,small,resnet,breadcrumbs,c3_b0.1,3,0.1,0.118,program/MedMNISTMerge/result/pathmnist(1).md
pathmnist,small,resnet,breadcrumbs,c5_b0,5,0.0,0.1522,program/MedMNISTMerge/result/pathmnist(1).md
pathmnist,small,resnet,breadcrumbs,c5_b0.01,5,0.01,0.1864,program/MedMNISTMerge/result/pathmnist(1).md
pathmnist,small,resnet,breadcrumbs,c5_b0.1,5,0.1,0.118,program/MedMNISTMerge/result/pathmnist(1).md
pathmnist,small,resnet,breadcrumbs,c7_b0,7,0.0,0.0797,program/MedMNISTMerge/result/pathmnist(1).md
pathmnist,small,resnet,breadcrumbs,c7_b0.01,7,0.01,0.118,program/MedMNISTMerge/result/pathmnist(1).md
pathmnist,small,resnet,breadcrumbs,c7_b0.1,7,0.1,0.2812,program/MedMNISTMerge/result/pathmnist(1).md
pathmnist,small,resnet,model_stock,c3_b0,3,0.0,0.3113,program/MedMNISTMerge/result/pathmnist(1).md
pathmnist,small,resnet,model_stock,c3_b0.01,3,0.01,0.168,program/MedMNISTMerge/result/pathmnist(1).md
pathmnist,small,resnet,model_stock,c3_b0.1,3,0.1,0.2911,program/MedMNISTMerge/result/pathmnist(1).md
pathmnist,small,resnet,model_stock,c5_b0,5,0.0,0.0675,program/MedMNISTMerge/result/pathmnist(1).md
pathmnist,small,resnet,model_stock,c5_b0.01,5,0.01,0.2652,program/MedMNISTMerge/result/pathmnist(1).md
pathmnist,small,resnet,model_stock,c5_b0.1,5,0.1,0.2344,program/MedMNISTMerge/result/pathmnist(1).md
pathmnist,small,resnet,model_stock,c7_b0,7,0.0,0.0542,program/MedMNISTMerge/result/pathmnist(1).md
pathmnist,small,resnet,model_stock,c7_b0.01,7,0.01,0.1177,program/MedMNISTMerge/result/pathmnist(1).md
pathmnist,small,resnet,model_stock,c7_b0.1,7,0.1,0.2248,program/MedMNISTMerge/result/pathmnist(1).md
pathmnist,small,resnet,from,c3_b0,3,0.0,0.31,program/MedMNISTMerge/result/pathmnist(1).md
pathmnist,small,resnet,from,c3_b0.01,3,0.01,0.1919,program/MedMNISTMerge/result/pathmnist(1).md
pathmnist,small,resnet,from,c3_b0.1,3,0.1,0.5085,program/MedMNISTMerge/result/pathmnist(1).md
pathmnist,small,resnet,from,c5_b0,5,0.0,0.0862,program/MedMNISTMerge/result/pathmnist(1).md
pathmnist,small,resnet,from,c5_b0.01,5,0.01,0.2478,program/MedMNISTMerge/result/pathmnist(1).md
pathmnist,small,resnet,from,c5_b0.1,5,0.1,0.3669,program/MedMNISTMerge/result/pathmnist(1).md
pathmnist,small,resnet,from,c7_b0,7,0.0,0.1017,program/MedMNISTMerge/result/pathmnist(1).md
pathmnist,small,resnet,from,c7_b0.01,7,0.01,0.14,program/MedMNISTMerge/result/pathmnist(1).md
pathmnist,small,resnet,from,c7_b0.1,7,0.1,0.327,program/MedMNISTMerge/result/pathmnist(1).md
pathmnist,small,resnet,iso_c,c3_b0,3,0.0,0.1265,program/MedMNISTMerge/result/pathmnist(1).md
pathmnist,small,resnet,iso_c,c3_b0.01,3,0.01,0.1696,program/MedMNISTMerge/result/pathmnist(1).md
pathmnist,small,resnet,iso_c,c3_b0.1,3,0.1,0.4582,program/MedMNISTMerge/result/pathmnist(1).md
pathmnist,small,resnet,iso_c,c5_b0,5,0.0,0.0698,program/MedMNISTMerge/result/pathmnist(1).md
pathmnist,small,resnet,iso_c,c5_b0.01,5,0.01,0.1873,program/MedMNISTMerge/result/pathmnist(1).md
pathmnist,small,resnet,iso_c,c5_b0.1,5,0.1,0.3574,program/MedMNISTMerge/result/pathmnist(1).md
pathmnist,small,resnet,iso_c,c7_b0,7,0.0,0.0911,program/MedMNISTMerge/result/pathmnist(1).md
pathmnist,small,resnet,iso_c,c7_b0.01,7,0.01,0.118,program/MedMNISTMerge/result/pathmnist(1).md
pathmnist,small,resnet,iso_c,c7_b0.1,7,0.1,0.2461,program/MedMNISTMerge/result/pathmnist(1).md
pathmnist,small,resnet,free_merge,c3_b0,3,0.0,0.2267,program/MedMNISTMerge/result/pathmnist(1).md
pathmnist,small,resnet,free_merge,c3_b0.01,3,0.01,0.1772,program/MedMNISTMerge/result/pathmnist(1).md
pathmnist,small,resnet,free_merge,c3_b0.1,3,0.1,0.5056,program/MedMNISTMerge/result/pathmnist(1).md
pathmnist,small,resnet,free_merge,c5_b0,5,0.0,0.0717,program/MedMNISTMerge/result/pathmnist(1).md
pathmnist,small,resnet,free_merge,c5_b0.01,5,0.01,0.2568,program/MedMNISTMerge/result/pathmnist(1).md
pathmnist,small,resnet,free_merge,c5_b0.1,5,0.1,0.3657,program/MedMNISTMerge/result/pathmnist(1).md
pathmnist,small,resnet,free_merge,c7_b0,7,0.0,0.0701,program/MedMNISTMerge/result/pathmnist(1).md
pathmnist,small,resnet,free_merge,c7_b0.01,7,0.01,0.1178,program/MedMNISTMerge/result/pathmnist(1).md
pathmnist,small,resnet,free_merge,c7_b0.1,7,0.1,0.2531,program/MedMNISTMerge/result/pathmnist(1).md
pathmnist,small,resnet,robustmerge,c3_b0,3,0.0,0.2741,program/MedMNISTMerge/result/pathmnist(1).md
pathmnist,small,resnet,robustmerge,c3_b0.01,3,0.01,0.1925,program/MedMNISTMerge/result/pathmnist(1).md
pathmnist,small,resnet,robustmerge,c3_b0.1,3,0.1,0.4717,program/MedMNISTMerge/result/pathmnist(1).md
pathmnist,small,resnet,robustmerge,c5_b0,5,0.0,0.0689,program/MedMNISTMerge/result/pathmnist(1).md
pathmnist,small,resnet,robustmerge,c5_b0.01,5,0.01,0.2847,program/MedMNISTMerge/result/pathmnist(1).md
pathmnist,small,resnet,robustmerge,c5_b0.1,5,0.1,0.3026,program/MedMNISTMerge/result/pathmnist(1).md
pathmnist,small,resnet,robustmerge,c7_b0,7,0.0,0.1223,program/MedMNISTMerge/result/pathmnist(1).md
pathmnist,small,resnet,robustmerge,c7_b0.01,7,0.01,0.1241,program/MedMNISTMerge/result/pathmnist(1).md
pathmnist,small,resnet,robustmerge,c7_b0.1,7,0.1,0.2894,program/MedMNISTMerge/result/pathmnist(1).md
pathmnist,small,convnext,avg,c3_b0,3,0.0,0.0894,program/MedMNISTMerge/result/pathmnist(1).md
pathmnist,small,convnext,avg,c3_b0.01,3,0.01,0.118,program/MedMNISTMerge/result/pathmnist(1).md
pathmnist,small,convnext,avg,c3_b0.1,3,0.1,0.3302,program/MedMNISTMerge/result/pathmnist(1).md
pathmnist,small,convnext,avg,c5_b0,5,0.0,0.118,program/MedMNISTMerge/result/pathmnist(1).md
pathmnist,small,convnext,avg,c5_b0.01,5,0.01,0.0825,program/MedMNISTMerge/result/pathmnist(1).md
pathmnist,small,convnext,avg,c5_b0.1,5,0.1,0.1519,program/MedMNISTMerge/result/pathmnist(1).md
pathmnist,small,convnext,avg,c7_b0,7,0.0,0.1872,program/MedMNISTMerge/result/pathmnist(1).md
pathmnist,small,convnext,avg,c7_b0.01,7,0.01,0.0586,program/MedMNISTMerge/result/pathmnist(1).md
pathmnist,small,convnext,avg,c7_b0.1,7,0.1,0.1864,program/MedMNISTMerge/result/pathmnist(1).md
pathmnist,small,convnext,ties,c3_b0,3,0.0,0.118,program/MedMNISTMerge/result/pathmnist(1).md
pathmnist,small,convnext,ties,c3_b0.01,3,0.01,0.118,program/MedMNISTMerge/result/pathmnist(1).md
pathmnist,small,convnext,ties,c3_b0.1,3,0.1,0.3043,program/MedMNISTMerge/result/pathmnist(1).md
pathmnist,small,convnext,ties,c5_b0,5,0.0,0.3043,program/MedMNISTMerge/result/pathmnist(1).md
pathmnist,small,convnext,ties,c5_b0.01,5,0.01,0.188,program/MedMNISTMerge/result/pathmnist(1).md
pathmnist,small,convnext,ties,c5_b0.1,5,0.1,0.118,program/MedMNISTMerge/result/pathmnist(1).md
pathmnist,small,convnext,ties,c7_b0,7,0.0,0.1864,program/MedMNISTMerge/result/pathmnist(1).md
pathmnist,small,convnext,ties,c7_b0.01,7,0.01,0.0829,program/MedMNISTMerge/result/pathmnist(1).md
pathmnist,small,convnext,ties,c7_b0.1,7,0.1,0.1352,program/MedMNISTMerge/result/pathmnist(1).md
pathmnist,small,convnext,dare_linear,c3_b0,3,0.0,0.1118,program/MedMNISTMerge/result/pathmnist(1).md
pathmnist,small,convnext,dare_linear,c3_b0.01,3,0.01,0.118,program/MedMNISTMerge/result/pathmnist(1).md
pathmnist,small,convnext,dare_linear,c3_b0.1,3,0.1,0.2208,program/MedMNISTMerge/result/pathmnist(1).md
pathmnist,small,convnext,dare_linear,c5_b0,5,0.0,0.118,program/MedMNISTMerge/result/pathmnist(1).md
pathmnist,small,convnext,dare_linear,c5_b0.01,5,0.01,0.0716,program/MedMNISTMerge/result/pathmnist(1).md
pathmnist,small,convnext,dare_linear,c5_b0.1,5,0.1,0.118,program/MedMNISTMerge/result/pathmnist(1).md
pathmnist,small,convnext,dare_linear,c7_b0,7,0.0,0.1868,program/MedMNISTMerge/result/pathmnist(1).md
pathmnist,small,convnext,dare_linear,c7_b0.01,7,0.01,0.118,program/MedMNISTMerge/result/pathmnist(1).md
pathmnist,small,convnext,dare_linear,c7_b0.1,7,0.1,0.1864,program/MedMNISTMerge/result/pathmnist(1).md
pathmnist,small,convnext,dare_ties,c3_b0,3,0.0,0.118,program/MedMNISTMerge/result/pathmnist(1).md
pathmnist,small,convnext,dare_ties,c3_b0.01,3,0.01,0.118,program/MedMNISTMerge/result/pathmnist(1).md
pathmnist,small,convnext,dare_ties,c3_b0.1,3,0.1,0.3157,program/MedMNISTMerge/result/pathmnist(1).md
pathmnist,small,convnext,dare_ties,c5_b0,5,0.0,0.3039,program/MedMNISTMerge/result/pathmnist(1).md
pathmnist,small,convnext,dare_ties,c5_b0.01,5,0.01,0.0472,program/MedMNISTMerge/result/pathmnist(1).md
pathmnist,small,convnext,dare_ties,c5_b0.1,5,0.1,0.118,program/MedMNISTMerge/result/pathmnist(1).md
pathmnist,small,convnext,dare_ties,c7_b0,7,0.0,0.1877,program/MedMNISTMerge/result/pathmnist(1).md
pathmnist,small,convnext,dare_ties,c7_b0.01,7,0.01,0.1442,program/MedMNISTMerge/result/pathmnist(1).md
pathmnist,small,convnext,dare_ties,c7_b0.1,7,0.1,0.1865,program/MedMNISTMerge/result/pathmnist(1).md
pathmnist,small,convnext,regmean,c3_b0,3,0.0,0.1237,program/MedMNISTMerge/result/pathmnist(1).md
pathmnist,small,convnext,regmean,c3_b0.01,3,0.01,0.1185,program/MedMNISTMerge/result/pathmnist(1).md
pathmnist,small,convnext,regmean,c3_b0.1,3,0.1,0.2937,program/MedMNISTMerge/result/pathmnist(1).md
pathmnist,small,convnext,regmean,c5_b0,5,0.0,0.3043,program/MedMNISTMerge/result/pathmnist(1).md
pathmnist,small,convnext,regmean,c5_b0.01,5,0.01,0.118,program/MedMNISTMerge/result/pathmnist(1).md
pathmnist,small,convnext,regmean,c5_b0.1,5,0.1,0.2015,program/MedMNISTMerge/result/pathmnist(1).md
pathmnist,small,convnext,regmean,c7_b0,7,0.0,0.1864,program/MedMNISTMerge/result/pathmnist(1).md
pathmnist,small,convnext,regmean,c7_b0.01,7,0.01,0.1504,program/MedMNISTMerge/result/pathmnist(1).md
pathmnist,small,convnext,regmean,c7_b0.1,7,0.1,0.118,program/MedMNISTMerge/result/pathmnist(1).md
pathmnist,small,convnext,fisher,c3_b0,3,0.0,0.1579,program/MedMNISTMerge/result/pathmnist(1).md
pathmnist,small,convnext,fisher,c3_b0.01,3,0.01,0.1717,program/MedMNISTMerge/result/pathmnist(1).md
pathmnist,small,convnext,fisher,c3_b0.1,3,0.1,0.0825,program/MedMNISTMerge/result/pathmnist(1).md
pathmnist,small,convnext,fisher,c5_b0,5,0.0,0.1442,program/MedMNISTMerge/result/pathmnist(1).md
pathmnist,small,convnext,fisher,c5_b0.01,5,0.01,0.0586,program/MedMNISTMerge/result/pathmnist(1).md
pathmnist,small,convnext,fisher,c5_b0.1,5,0.1,0.118,program/MedMNISTMerge/result/pathmnist(1).md
pathmnist,small,convnext,fisher,c7_b0,7,0.0,0.118,program/MedMNISTMerge/result/pathmnist(1).md
pathmnist,small,convnext,fisher,c7_b0.01,7,0.01,0.0586,program/MedMNISTMerge/result/pathmnist(1).md
pathmnist,small,convnext,fisher,c7_b0.1,7,0.1,0.172,program/MedMNISTMerge/result/pathmnist(1).md
pathmnist,small,convnext,breadcrumbs,c3_b0,3,0.0,0.0883,program/MedMNISTMerge/result/pathmnist(1).md
pathmnist,small,convnext,breadcrumbs,c3_b0.01,3,0.01,0.1442,program/MedMNISTMerge/result/pathmnist(1).md
pathmnist,small,convnext,breadcrumbs,c3_b0.1,3,0.1,0.0825,program/MedMNISTMerge/result/pathmnist(1).md
pathmnist,small,convnext,breadcrumbs,c5_b0,5,0.0,0.1032,program/MedMNISTMerge/result/pathmnist(1).md
pathmnist,small,convnext,breadcrumbs,c5_b0.01,5,0.01,0.1442,program/MedMNISTMerge/result/pathmnist(1).md
pathmnist,small,convnext,breadcrumbs,c5_b0.1,5,0.1,0.0825,program/MedMNISTMerge/result/pathmnist(1).md
pathmnist,small,convnext,breadcrumbs,c7_b0,7,0.0,0.0825,program/MedMNISTMerge/result/pathmnist(1).md
pathmnist,small,convnext,breadcrumbs,c7_b0.01,7,0.01,0.1032,program/MedMNISTMerge/result/pathmnist(1).md
pathmnist,small,convnext,breadcrumbs,c7_b0.1,7,0.1,0.0825,program/MedMNISTMerge/result/pathmnist(1).md
pathmnist,small,convnext,model_stock,c3_b0,3,0.0,0.1338,program/MedMNISTMerge/result/pathmnist(1).md
pathmnist,small,convnext,model_stock,c3_b0.01,3,0.01,0.118,program/MedMNISTMerge/result/pathmnist(1).md
pathmnist,small,convnext,model_stock,c3_b0.1,3,0.1,0.1153,program/MedMNISTMerge/result/pathmnist(1).md
pathmnist,small,convnext,model_stock,c5_b0,5,0.0,0.1233,program/MedMNISTMerge/result/pathmnist(1).md
pathmnist,small,convnext,model_stock,c5_b0.01,5,0.01,0.0825,program/MedMNISTMerge/result/pathmnist(1).md
pathmnist,small,convnext,model_stock,c5_b0.1,5,0.1,0.118,program/MedMNISTMerge/result/pathmnist(1).md
pathmnist,small,convnext,model_stock,c7_b0,7,0.0,0.1717,program/MedMNISTMerge/result/pathmnist(1).md
pathmnist,small,convnext,model_stock,c7_b0.01,7,0.01,0.0586,program/MedMNISTMerge/result/pathmnist(1).md
pathmnist,small,convnext,model_stock,c7_b0.1,7,0.1,0.1864,program/MedMNISTMerge/result/pathmnist(1).md
pathmnist,small,convnext,from,c3_b0,3,0.0,0.1201,program/MedMNISTMerge/result/pathmnist(1).md
pathmnist,small,convnext,from,c3_b0.01,3,0.01,0.1426,program/MedMNISTMerge/result/pathmnist(1).md
pathmnist,small,convnext,from,c3_b0.1,3,0.1,0.3135,program/MedMNISTMerge/result/pathmnist(1).md
pathmnist,small,convnext,from,c5_b0,5,0.0,0.3043,program/MedMNISTMerge/result/pathmnist(1).md
pathmnist,small,convnext,from,c5_b0.01,5,0.01,0.083,program/MedMNISTMerge/result/pathmnist(1).md
pathmnist,small,convnext,from,c5_b0.1,5,0.1,0.1864,program/MedMNISTMerge/result/pathmnist(1).md
pathmnist,small,convnext,from,c7_b0,7,0.0,0.2208,program/MedMNISTMerge/result/pathmnist(1).md
pathmnist,small,convnext,from,c7_b0.01,7,0.01,0.118,program/MedMNISTMerge/result/pathmnist(1).md
pathmnist,small,convnext,from,c7_b0.1,7,0.1,0.2967,program/MedMNISTMerge/result/pathmnist(1).md
pathmnist,small,convnext,iso_c,c3_b0,3,0.0,0.1118,program/MedMNISTMerge/result/pathmnist(1).md
pathmnist,small,convnext,iso_c,c3_b0.01,3,0.01,0.118,program/MedMNISTMerge/result/pathmnist(1).md
pathmnist,small,convnext,iso_c,c3_b0.1,3,0.1,0.1919,program/MedMNISTMerge/result/pathmnist(1).md
pathmnist,small,convnext,iso_c,c5_b0,5,0.0,0.1442,program/MedMNISTMerge/result/pathmnist(1).md
pathmnist,small,convnext,iso_c,c5_b0.01,5,0.01,0.0825,program/MedMNISTMerge/result/pathmnist(1).md
pathmnist,small,convnext,iso_c,c5_b0.1,5,0.1,0.0944,program/MedMNISTMerge/result/pathmnist(1).md
pathmnist,small,convnext,iso_c,c7_b0,7,0.0,0.2273,program/MedMNISTMerge/result/pathmnist(1).md
pathmnist,small,convnext,iso_c,c7_b0.01,7,0.01,0.0586,program/MedMNISTMerge/result/pathmnist(1).md
pathmnist,small,convnext,iso_c,c7_b0.1,7,0.1,0.2273,program/MedMNISTMerge/result/pathmnist(1).md
pathmnist,small,convnext,free_merge,c3_b0,3,0.0,0.1582,program/MedMNISTMerge/result/pathmnist(1).md
pathmnist,small,convnext,free_merge,c3_b0.01,3,0.01,0.1131,program/MedMNISTMerge/result/pathmnist(1).md
pathmnist,small,convnext,free_merge,c3_b0.1,3,0.1,0.2028,program/MedMNISTMerge/result/pathmnist(1).md
pathmnist,small,convnext,free_merge,c5_b0,5,0.0,0.118,program/MedMNISTMerge/result/pathmnist(1).md
pathmnist,small,convnext,free_merge,c5_b0.01,5,0.01,0.0825,program/MedMNISTMerge/result/pathmnist(1).md
pathmnist,small,convnext,free_merge,c5_b0.1,5,0.1,0.2414,program/MedMNISTMerge/result/pathmnist(1).md
pathmnist,small,convnext,free_merge,c7_b0,7,0.0,0.1717,program/MedMNISTMerge/result/pathmnist(1).md
pathmnist,small,convnext,free_merge,c7_b0.01,7,0.01,0.0586,program/MedMNISTMerge/result/pathmnist(1).md
pathmnist,small,convnext,free_merge,c7_b0.1,7,0.1,0.2557,program/MedMNISTMerge/result/pathmnist(1).md
pathmnist,small,convnext,robustmerge,c3_b0,3,0.0,0.1118,program/MedMNISTMerge/result/pathmnist(1).md
pathmnist,small,convnext,robustmerge,c3_b0.01,3,0.01,0.1815,program/MedMNISTMerge/result/pathmnist(1).md
pathmnist,small,convnext,robustmerge,c3_b0.1,3,0.1,0.0586,program/MedMNISTMerge/result/pathmnist(1).md
pathmnist,small,convnext,robustmerge,c5_b0,5,0.0,0.3043,program/MedMNISTMerge/result/pathmnist(1).md
pathmnist,small,convnext,robustmerge,c5_b0.01,5,0.01,0.1717,program/MedMNISTMerge/result/pathmnist(1).md
pathmnist,small,convnext,robustmerge,c5_b0.1,5,0.1,0.2231,program/MedMNISTMerge/result/pathmnist(1).md
pathmnist,small,convnext,robustmerge,c7_b0,7,0.0,0.3475,program/MedMNISTMerge/result/pathmnist(1).md
pathmnist,small,convnext,robustmerge,c7_b0.01,7,0.01,0.1741,program/MedMNISTMerge/result/pathmnist(1).md
pathmnist,small,convnext,robustmerge,c7_b0.1,7,0.1,0.1032,program/MedMNISTMerge/result/pathmnist(1).md
pathmnist,small,vit_t,avg,c3_b0,3,0.0,0.1894,program/MedMNISTMerge/result/pathmnist(1).md
pathmnist,small,vit_t,avg,c3_b0.01,3,0.01,0.0481,program/MedMNISTMerge/result/pathmnist(1).md
pathmnist,small,vit_t,avg,c3_b0.1,3,0.1,0.1705,program/MedMNISTMerge/result/pathmnist(1).md
pathmnist,small,vit_t,avg,c5_b0,5,0.0,0.0242,program/MedMNISTMerge/result/pathmnist(1).md
pathmnist,small,vit_t,avg,c5_b0.01,5,0.01,0.0947,program/MedMNISTMerge/result/pathmnist(1).md
pathmnist,small,vit_t,avg,c5_b0.1,5,0.1,0.3368,program/MedMNISTMerge/result/pathmnist(1).md
pathmnist,small,vit_t,avg,c7_b0,7,0.0,0.1883,program/MedMNISTMerge/result/pathmnist(1).md
pathmnist,small,vit_t,avg,c7_b0.01,7,0.01,0.1224,program/MedMNISTMerge/result/pathmnist(1).md
pathmnist,small,vit_t,avg,c7_b0.1,7,0.1,0.2074,program/MedMNISTMerge/result/pathmnist(1).md
pathmnist,small,vit_t,ties,c3_b0,3,0.0,0.0946,program/MedMNISTMerge/result/pathmnist(1).md
pathmnist,small,vit_t,ties,c3_b0.01,3,0.01,0.118,program/MedMNISTMerge/result/pathmnist(1).md
pathmnist,small,vit_t,ties,c3_b0.1,3,0.1,0.1258,program/MedMNISTMerge/result/pathmnist(1).md
pathmnist,small,vit_t,ties,c5_b0,5,0.0,0.0687,program/MedMNISTMerge/result/pathmnist(1).md
pathmnist,small,vit_t,ties,c5_b0.01,5,0.01,0.2299,program/MedMNISTMerge/result/pathmnist(1).md
pathmnist,small,vit_t,ties,c5_b0.1,5,0.1,0.1212,program/MedMNISTMerge/result/pathmnist(1).md
pathmnist,small,vit_t,ties,c7_b0,7,0.0,0.2983,program/MedMNISTMerge/result/pathmnist(1).md
pathmnist,small,vit_t,ties,c7_b0.01,7,0.01,0.0772,program/MedMNISTMerge/result/pathmnist(1).md
pathmnist,small,vit_t,ties,c7_b0.1,7,0.1,0.2113,program/MedMNISTMerge/result/pathmnist(1).md
pathmnist,small,vit_t,dare_linear,c3_b0,3,0.0,0.1078,program/MedMNISTMerge/result/pathmnist(1).md
pathmnist,small,vit_t,dare_linear,c3_b0.01,3,0.01,0.118,program/MedMNISTMerge/result/pathmnist(1).md
pathmnist,small,vit_t,dare_linear,c3_b0.1,3,0.1,0.1185,program/MedMNISTMerge/result/pathmnist(1).md
pathmnist,small,vit_t,dare_linear,c5_b0,5,0.0,0.1717,program/MedMNISTMerge/result/pathmnist(1).md
pathmnist,small,vit_t,dare_linear,c5_b0.01,5,0.01,0.1925,program/MedMNISTMerge/result/pathmnist(1).md
pathmnist,small,vit_t,dare_linear,c5_b0.1,5,0.1,0.0474,program/MedMNISTMerge/result/pathmnist(1).md
pathmnist,small,vit_t,dare_linear,c7_b0,7,0.0,0.1954,program/MedMNISTMerge/result/pathmnist(1).md
pathmnist,small,vit_t,dare_linear,c7_b0.01,7,0.01,0.1372,program/MedMNISTMerge/result/pathmnist(1).md
pathmnist,small,vit_t,dare_linear,c7_b0.1,7,0.1,0.185,program/MedMNISTMerge/result/pathmnist(1).md
pathmnist,small,vit_t,dare_ties,c3_b0,3,0.0,0.1864,program/MedMNISTMerge/result/pathmnist(1).md
pathmnist,small,vit_t,dare_ties,c3_b0.01,3,0.01,0.1864,program/MedMNISTMerge/result/pathmnist(1).md
pathmnist,small,vit_t,dare_ties,c3_b0.1,3,0.1,0.0586,program/MedMNISTMerge/result/pathmnist(1).md
pathmnist,small,vit_t,dare_ties,c5_b0,5,0.0,0.0845,program/MedMNISTMerge/result/pathmnist(1).md
pathmnist,small,vit_t,dare_ties,c5_b0.01,5,0.01,0.2084,program/MedMNISTMerge/result/pathmnist(1).md
pathmnist,small,vit_t,dare_ties,c5_b0.1,5,0.1,0.1439,program/MedMNISTMerge/result/pathmnist(1).md
pathmnist,small,vit_t,dare_ties,c7_b0,7,0.0,0.3054,program/MedMNISTMerge/result/pathmnist(1).md
pathmnist,small,vit_t,dare_ties,c7_b0.01,7,0.01,0.0481,program/MedMNISTMerge/result/pathmnist(1).md
pathmnist,small,vit_t,dare_ties,c7_b0.1,7,0.1,0.2553,program/MedMNISTMerge/result/pathmnist(1).md
pathmnist,small,vit_t,regmean,c3_b0,3,0.0,0.2596,program/MedMNISTMerge/result/pathmnist(1).md
pathmnist,small,vit_t,regmean,c3_b0.01,3,0.01,0.1181,program/MedMNISTMerge/result/pathmnist(1).md
pathmnist,small,vit_t,regmean,c3_b0.1,3,0.1,0.2244,program/MedMNISTMerge/result/pathmnist(1).md
pathmnist,small,vit_t,regmean,c5_b0,5,0.0,0.2404,program/MedMNISTMerge/result/pathmnist(1).md
pathmnist,small,vit_t,regmean,c5_b0.01,5,0.01,0.3231,program/MedMNISTMerge/result/pathmnist(1).md
pathmnist,small,vit_t,regmean,c5_b0.1,5,0.1,0.118,program/MedMNISTMerge/result/pathmnist(1).md
pathmnist,small,vit_t,regmean,c7_b0,7,0.0,0.1864,program/MedMNISTMerge/result/pathmnist(1).md
pathmnist,small,vit_t,regmean,c7_b0.01,7,0.01,0.118,program/MedMNISTMerge/result/pathmnist(1).md
pathmnist,small,vit_t,regmean,c7_b0.1,7,0.1,0.1209,program/MedMNISTMerge/result/pathmnist(1).md
pathmnist,small,vit_t,fisher,c3_b0,3,0.0,0.1599,program/MedMNISTMerge/result/pathmnist(1).md
pathmnist,small,vit_t,fisher,c3_b0.01,3,0.01,0.1191,program/MedMNISTMerge/result/pathmnist(1).md
pathmnist,small,vit_t,fisher,c3_b0.1,3,0.1,0.1674,program/MedMNISTMerge/result/pathmnist(1).md
pathmnist,small,vit_t,fisher,c5_b0,5,0.0,0.0458,program/MedMNISTMerge/result/pathmnist(1).md
pathmnist,small,vit_t,fisher,c5_b0.01,5,0.01,0.1834,program/MedMNISTMerge/result/pathmnist(1).md
pathmnist,small,vit_t,fisher,c5_b0.1,5,0.1,0.118,program/MedMNISTMerge/result/pathmnist(1).md
pathmnist,small,vit_t,fisher,c7_b0,7,0.0,0.1858,program/MedMNISTMerge/result/pathmnist(1).md
pathmnist,small,vit_t,fisher,c7_b0.01,7,0.01,0.1181,program/MedMNISTMerge/result/pathmnist(1).md
pathmnist,small,vit_t,fisher,c7_b0.1,7,0.1,0.1412,program/MedMNISTMerge/result/pathmnist(1).md
pathmnist,small,vit_t,breadcrumbs,c3_b0,3,0.0,0.2894,program/MedMNISTMerge/result/pathmnist(1).md
pathmnist,small,vit_t,breadcrumbs,c3_b0.01,3,0.01,0.0472,program/MedMNISTMerge/result/pathmnist(1).md
pathmnist,small,vit_t,breadcrumbs,c3_b0.1,3,0.1,0.1269,program/MedMNISTMerge/result/pathmnist(1).md
pathmnist,small,vit_t,breadcrumbs,c5_b0,5,0.0,0.1039,program/MedMNISTMerge/result/pathmnist(1).md
pathmnist,small,vit_t,breadcrumbs,c5_b0.01,5,0.01,0.1859,program/MedMNISTMerge/result/pathmnist(1).md
pathmnist,small,vit_t,breadcrumbs,c5_b0.1,5,0.1,0.2868,program/MedMNISTMerge/result/pathmnist(1).md
pathmnist,small,vit_t,breadcrumbs,c7_b0,7,0.0,0.0884,program/MedMNISTMerge/result/pathmnist(1).md
pathmnist,small,vit_t,breadcrumbs,c7_b0.01,7,0.01,0.1667,program/MedMNISTMerge/result/pathmnist(1).md
pathmnist,small,vit_t,breadcrumbs,c7_b0.1,7,0.1,0.1948,program/MedMNISTMerge/result/pathmnist(1).md
pathmnist,small,vit_t,model_stock,c3_b0,3,0.0,0.1755,program/MedMNISTMerge/result/pathmnist(1).md
pathmnist,small,vit_t,model_stock,c3_b0.01,3,0.01,0.0472,program/MedMNISTMerge/result/pathmnist(1).md
pathmnist,small,vit_t,model_stock,c3_b0.1,3,0.1,0.1717,program/MedMNISTMerge/result/pathmnist(1).md
pathmnist,small,vit_t,model_stock,c5_b0,5,0.0,0.0581,program/MedMNISTMerge/result/pathmnist(1).md
pathmnist,small,vit_t,model_stock,c5_b0.01,5,0.01,0.1609,program/MedMNISTMerge/result/pathmnist(1).md
pathmnist,small,vit_t,model_stock,c5_b0.1,5,0.1,0.3396,program/MedMNISTMerge/result/pathmnist(1).md
pathmnist,small,vit_t,model_stock,c7_b0,7,0.0,0.2645,program/MedMNISTMerge/result/pathmnist(1).md
pathmnist,small,vit_t,model_stock,c7_b0.01,7,0.01,0.2294,program/MedMNISTMerge/result/pathmnist(1).md
pathmnist,small,vit_t,model_stock,c7_b0.1,7,0.1,0.127,program/MedMNISTMerge/result/pathmnist(1).md
pathmnist,small,vit_t,from,c3_b0,3,0.0,0.1169,program/MedMNISTMerge/result/pathmnist(1).md
pathmnist,small,vit_t,from,c3_b0.01,3,0.01,0.1632,program/MedMNISTMerge/result/pathmnist(1).md
pathmnist,small,vit_t,from,c3_b0.1,3,0.1,0.157,program/MedMNISTMerge/result/pathmnist(1).md
pathmnist,small,vit_t,from,c5_b0,5,0.0,0.0586,program/MedMNISTMerge/result/pathmnist(1).md
pathmnist,small,vit_t,from,c5_b0.01,5,0.01,0.1843,program/MedMNISTMerge/result/pathmnist(1).md
pathmnist,small,vit_t,from,c5_b0.1,5,0.1,0.3483,program/MedMNISTMerge/result/pathmnist(1).md
pathmnist,small,vit_t,from,c7_b0,7,0.0,0.2234,program/MedMNISTMerge/result/pathmnist(1).md
pathmnist,small,vit_t,from,c7_b0.01,7,0.01,0.1677,program/MedMNISTMerge/result/pathmnist(1).md
pathmnist,small,vit_t,from,c7_b0.1,7,0.1,0.1698,program/MedMNISTMerge/result/pathmnist(1).md
pathmnist,small,vit_t,iso_c,c3_b0,3,0.0,0.0472,program/MedMNISTMerge/result/pathmnist(1).md
pathmnist,small,vit_t,iso_c,c3_b0.01,3,0.01,0.095,program/MedMNISTMerge/result/pathmnist(1).md
pathmnist,small,vit_t,iso_c,c3_b0.1,3,0.1,0.1269,program/MedMNISTMerge/result/pathmnist(1).md
pathmnist,small,vit_t,iso_c,c5_b0,5,0.0,0.1237,program/MedMNISTMerge/result/pathmnist(1).md
pathmnist,small,vit_t,iso_c,c5_b0.01,5,0.01,0.1864,program/MedMNISTMerge/result/pathmnist(1).md
pathmnist,small,vit_t,iso_c,c5_b0.1,5,0.1,0.1864,program/MedMNISTMerge/result/pathmnist(1).md
pathmnist,small,vit_t,iso_c,c7_b0,7,0.0,0.2701,program/MedMNISTMerge/result/pathmnist(1).md
pathmnist,small,vit_t,iso_c,c7_b0.01,7,0.01,0.1442,program/MedMNISTMerge/result/pathmnist(1).md
pathmnist,small,vit_t,iso_c,c7_b0.1,7,0.1,0.2738,program/MedMNISTMerge/result/pathmnist(1).md
pathmnist,small,vit_t,free_merge,c3_b0,3,0.0,0.1717,program/MedMNISTMerge/result/pathmnist(1).md
pathmnist,small,vit_t,free_merge,c3_b0.01,3,0.01,0.0396,program/MedMNISTMerge/result/pathmnist(1).md
pathmnist,small,vit_t,free_merge,c3_b0.1,3,0.1,0.1242,program/MedMNISTMerge/result/pathmnist(1).md
pathmnist,small,vit_t,free_merge,c5_b0,5,0.0,0.1953,program/MedMNISTMerge/result/pathmnist(1).md
pathmnist,small,vit_t,free_merge,c5_b0.01,5,0.01,0.2343,program/MedMNISTMerge/result/pathmnist(1).md
pathmnist,small,vit_t,free_merge,c5_b0.1,5,0.1,0.324,program/MedMNISTMerge/result/pathmnist(1).md
pathmnist,small,vit_t,free_merge,c7_b0,7,0.0,0.2102,program/MedMNISTMerge/result/pathmnist(1).md
pathmnist,small,vit_t,free_merge,c7_b0.01,7,0.01,0.1249,program/MedMNISTMerge/result/pathmnist(1).md
pathmnist,small,vit_t,free_merge,c7_b0.1,7,0.1,0.1267,program/MedMNISTMerge/result/pathmnist(1).md
pathmnist,small,vit_t,robustmerge,c3_b0,3,0.0,0.1717,program/MedMNISTMerge/result/pathmnist(1).md
pathmnist,small,vit_t,robustmerge,c3_b0.01,3,0.01,0.0241,program/MedMNISTMerge/result/pathmnist(1).md
pathmnist,small,vit_t,robustmerge,c3_b0.1,3,0.1,0.1081,program/MedMNISTMerge/result/pathmnist(1).md
pathmnist,small,vit_t,robustmerge,c5_b0,5,0.0,0.2028,program/MedMNISTMerge/result/pathmnist(1).md
pathmnist,small,vit_t,robustmerge,c5_b0.01,5,0.01,0.1864,program/MedMNISTMerge/result/pathmnist(1).md
pathmnist,small,vit_t,robustmerge,c5_b0.1,5,0.1,0.1717,program/MedMNISTMerge/result/pathmnist(1).md
pathmnist,small,vit_t,robustmerge,c7_b0,7,0.0,0.082,program/MedMNISTMerge/result/pathmnist(1).md
pathmnist,small,vit_t,robustmerge,c7_b0.01,7,0.01,0.1677,program/MedMNISTMerge/result/pathmnist(1).md
pathmnist,small,vit_t,robustmerge,c7_b0.1,7,0.1,0.0487,program/MedMNISTMerge/result/pathmnist(1).md
pathmnist,small,swin_tiny,avg,c3_b0,3,0.0,0.0586,program/MedMNISTMerge/result/pathmnist(1).md
pathmnist,small,swin_tiny,avg,c3_b0.01,3,0.01,0.0472,program/MedMNISTMerge/result/pathmnist(1).md
pathmnist,small,swin_tiny,avg,c3_b0.1,3,0.1,0.1864,program/MedMNISTMerge/result/pathmnist(1).md
pathmnist,small,swin_tiny,avg,c5_b0,5,0.0,0.1717,program/MedMNISTMerge/result/pathmnist(1).md
pathmnist,small,swin_tiny,avg,c5_b0.01,5,0.01,0.1844,program/MedMNISTMerge/result/pathmnist(1).md
pathmnist,small,swin_tiny,avg,c5_b0.1,5,0.1,0.2167,program/MedMNISTMerge/result/pathmnist(1).md
pathmnist,small,swin_tiny,avg,c7_b0,7,0.0,0.1794,program/MedMNISTMerge/result/pathmnist(1).md
pathmnist,small,swin_tiny,avg,c7_b0.01,7,0.01,0.0586,program/MedMNISTMerge/result/pathmnist(1).md
pathmnist,small,swin_tiny,avg,c7_b0.1,7,0.1,0.1864,program/MedMNISTMerge/result/pathmnist(1).md
pathmnist,small,swin_tiny,ties,c3_b0,3,0.0,0.1032,program/MedMNISTMerge/result/pathmnist(1).md
pathmnist,small,swin_tiny,ties,c3_b0.01,3,0.01,0.1032,program/MedMNISTMerge/result/pathmnist(1).md
pathmnist,small,swin_tiny,ties,c3_b0.1,3,0.1,0.1864,program/MedMNISTMerge/result/pathmnist(1).md
pathmnist,small,swin_tiny,ties,c5_b0,5,0.0,0.1717,program/MedMNISTMerge/result/pathmnist(1).md
pathmnist,small,swin_tiny,ties,c5_b0.01,5,0.01,0.2029,program/MedMNISTMerge/result/pathmnist(1).md
pathmnist,small,swin_tiny,ties,c5_b0.1,5,0.1,0.1864,program/MedMNISTMerge/result/pathmnist(1).md
pathmnist,small,swin_tiny,ties,c7_b0,7,0.0,0.1864,program/MedMNISTMerge/result/pathmnist(1).md
pathmnist,small,swin_tiny,ties,c7_b0.01,7,0.01,0.118,program/MedMNISTMerge/result/pathmnist(1).md
pathmnist,small,swin_tiny,ties,c7_b0.1,7,0.1,0.1864,program/MedMNISTMerge/result/pathmnist(1).md
pathmnist,small,swin_tiny,dare_linear,c3_b0,3,0.0,0.0586,program/MedMNISTMerge/result/pathmnist(1).md
pathmnist,small,swin_tiny,dare_linear,c3_b0.01,3,0.01,0.1442,program/MedMNISTMerge/result/pathmnist(1).md
pathmnist,small,swin_tiny,dare_linear,c3_b0.1,3,0.1,0.1864,program/MedMNISTMerge/result/pathmnist(1).md
pathmnist,small,swin_tiny,dare_linear,c5_b0,5,0.0,0.0472,program/MedMNISTMerge/result/pathmnist(1).md
pathmnist,small,swin_tiny,dare_linear,c5_b0.01,5,0.01,0.213,program/MedMNISTMerge/result/pathmnist(1).md
pathmnist,small,swin_tiny,dare_linear,c5_b0.1,5,0.1,0.0971,program/MedMNISTMerge/result/pathmnist(1).md
pathmnist,small,swin_tiny,dare_linear,c7_b0,7,0.0,0.1896,program/MedMNISTMerge/result/pathmnist(1).md
pathmnist,small,swin_tiny,dare_linear,c7_b0.01,7,0.01,0.0586,program/MedMNISTMerge/result/pathmnist(1).md
pathmnist,small,swin_tiny,dare_linear,c7_b0.1,7,0.1,0.1864,program/MedMNISTMerge/result/pathmnist(1).md
pathmnist,small,swin_tiny,dare_ties,c3_b0,3,0.0,0.1032,program/MedMNISTMerge/result/pathmnist(1).md
pathmnist,small,swin_tiny,dare_ties,c3_b0.01,3,0.01,0.1442,program/MedMNISTMerge/result/pathmnist(1).md
pathmnist,small,swin_tiny,dare_ties,c3_b0.1,3,0.1,0.1864,program/MedMNISTMerge/result/pathmnist(1).md
pathmnist,small,swin_tiny,dare_ties,c5_b0,5,0.0,0.0472,program/MedMNISTMerge/result/pathmnist(1).md
pathmnist,small,swin_tiny,dare_ties,c5_b0.01,5,0.01,0.1174,program/MedMNISTMerge/result/pathmnist(1).md
pathmnist,small,swin_tiny,dare_ties,c5_b0.1,5,0.1,0.1873,program/MedMNISTMerge/result/pathmnist(1).md
pathmnist,small,swin_tiny,dare_ties,c7_b0,7,0.0,0.1864,program/MedMNISTMerge/result/pathmnist(1).md
pathmnist,small,swin_tiny,dare_ties,c7_b0.01,7,0.01,0.118,program/MedMNISTMerge/result/pathmnist(1).md
pathmnist,small,swin_tiny,dare_ties,c7_b0.1,7,0.1,0.1864,program/MedMNISTMerge/result/pathmnist(1).md
pathmnist,small,swin_tiny,regmean,c3_b0,3,0.0,0.1032,program/MedMNISTMerge/result/pathmnist(1).md
pathmnist,small,swin_tiny,regmean,c3_b0.01,3,0.01,0.0472,program/MedMNISTMerge/result/pathmnist(1).md
pathmnist,small,swin_tiny,regmean,c3_b0.1,3,0.1,0.1864,program/MedMNISTMerge/result/pathmnist(1).md
pathmnist,small,swin_tiny,regmean,c5_b0,5,0.0,0.0472,program/MedMNISTMerge/result/pathmnist(1).md
pathmnist,small,swin_tiny,regmean,c5_b0.01,5,0.01,0.118,program/MedMNISTMerge/result/pathmnist(1).md
pathmnist,small,swin_tiny,regmean,c5_b0.1,5,0.1,0.2698,program/MedMNISTMerge/result/pathmnist(1).md
pathmnist,small,swin_tiny,regmean,c7_b0,7,0.0,0.1864,program/MedMNISTMerge/result/pathmnist(1).md
pathmnist,small,swin_tiny,regmean,c7_b0.01,7,0.01,0.1205,program/MedMNISTMerge/result/pathmnist(1).md
pathmnist,small,swin_tiny,regmean,c7_b0.1,7,0.1,0.0586,program/MedMNISTMerge/result/pathmnist(1).md
pathmnist,small,swin_tiny,fisher,c3_b0,3,0.0,0.2015,program/MedMNISTMerge/result/pathmnist(1).md
pathmnist,small,swin_tiny,fisher,c3_b0.01,3,0.01,0.0883,program/MedMNISTMerge/result/pathmnist(1).md
pathmnist,small,swin_tiny,fisher,c3_b0.1,3,0.1,0.118,program/MedMNISTMerge/result/pathmnist(1).md
pathmnist,small,swin_tiny,fisher,c5_b0,5,0.0,0.1442,program/MedMNISTMerge/result/pathmnist(1).md
pathmnist,small,swin_tiny,fisher,c5_b0.01,5,0.01,0.1032,program/MedMNISTMerge/result/pathmnist(1).md
pathmnist,small,swin_tiny,fisher,c5_b0.1,5,0.1,0.1852,program/MedMNISTMerge/result/pathmnist(1).md
pathmnist,small,swin_tiny,fisher,c7_b0,7,0.0,0.1442,program/MedMNISTMerge/result/pathmnist(1).md
pathmnist,small,swin_tiny,fisher,c7_b0.01,7,0.01,0.1864,program/MedMNISTMerge/result/pathmnist(1).md
pathmnist,small,swin_tiny,fisher,c7_b0.1,7,0.1,0.1862,program/MedMNISTMerge/result/pathmnist(1).md
pathmnist,small,swin_tiny,breadcrumbs,c3_b0,3,0.0,0.0753,program/MedMNISTMerge/result/pathmnist(1).md
pathmnist,small,swin_tiny,breadcrumbs,c3_b0.01,3,0.01,0.1717,program/MedMNISTMerge/result/pathmnist(1).md
pathmnist,small,swin_tiny,breadcrumbs,c3_b0.1,3,0.1,0.0883,program/MedMNISTMerge/result/pathmnist(1).md
pathmnist,small,swin_tiny,breadcrumbs,c5_b0,5,0.0,0.1292,program/MedMNISTMerge/result/pathmnist(1).md
pathmnist,small,swin_tiny,breadcrumbs,c5_b0.01,5,0.01,0.1442,program/MedMNISTMerge/result/pathmnist(1).md
pathmnist,small,swin_tiny,breadcrumbs,c5_b0.1,5,0.1,0.0825,program/MedMNISTMerge/result/pathmnist(1).md
pathmnist,small,swin_tiny,breadcrumbs,c7_b0,7,0.0,0.1153,program/MedMNISTMerge/result/pathmnist(1).md
pathmnist,small,swin_tiny,breadcrumbs,c7_b0.01,7,0.01,0.1032,program/MedMNISTMerge/result/pathmnist(1).md
pathmnist,small,swin_tiny,breadcrumbs,c7_b0.1,7,0.1,0.0825,program/MedMNISTMerge/result/pathmnist(1).md
pathmnist,small,swin_tiny,model_stock,c3_b0,3,0.0,0.0586,program/MedMNISTMerge/result/pathmnist(1).md
pathmnist,small,swin_tiny,model_stock,c3_b0.01,3,0.01,0.0472,program/MedMNISTMerge/result/pathmnist(1).md
pathmnist,small,swin_tiny,model_stock,c3_b0.1,3,0.1,0.1864,program/MedMNISTMerge/result/pathmnist(1).md
pathmnist,small,swin_tiny,model_stock,c5_b0,5,0.0,0.118,program/MedMNISTMerge/result/pathmnist(1).md
pathmnist,small,swin_tiny,model_stock,c5_b0.01,5,0.01,0.1827,program/MedMNISTMerge/result/pathmnist(1).md
pathmnist,small,swin_tiny,model_stock,c5_b0.1,5,0.1,0.1717,program/MedMNISTMerge/result/pathmnist(1).md
pathmnist,small,swin_tiny,model_stock,c7_b0,7,0.0,0.0825,program/MedMNISTMerge/result/pathmnist(1).md
pathmnist,small,swin_tiny,model_stock,c7_b0.01,7,0.01,0.0586,program/MedMNISTMerge/result/pathmnist(1).md
pathmnist,small,swin_tiny,model_stock,c7_b0.1,7,0.1,0.2322,program/MedMNISTMerge/result/pathmnist(1).md
pathmnist,small,swin_tiny,from,c3_b0,3,0.0,0.0586,program/MedMNISTMerge/result/pathmnist(1).md
pathmnist,small,swin_tiny,from,c3_b0.01,3,0.01,0.0472,program/MedMNISTMerge/result/pathmnist(1).md
pathmnist,small,swin_tiny,from,c3_b0.1,3,0.1,0.1864,program/MedMNISTMerge/result/pathmnist(1).md
pathmnist,small,swin_tiny,from,c5_b0,5,0.0,0.1717,program/MedMNISTMerge/result/pathmnist(1).md
pathmnist,small,swin_tiny,from,c5_b0.01,5,0.01,0.2093,program/MedMNISTMerge/result/pathmnist(1).md
pathmnist,small,swin_tiny,from,c5_b0.1,5,0.1,0.187,program/MedMNISTMerge/result/pathmnist(1).md
pathmnist,small,swin_tiny,from,c7_b0,7,0.0,0.1864,program/MedMNISTMerge/result/pathmnist(1).md
pathmnist,small,swin_tiny,from,c7_b0.01,7,0.01,0.0109,program/MedMNISTMerge/result/pathmnist(1).md
pathmnist,small,swin_tiny,from,c7_b0.1,7,0.1,0.1864,program/MedMNISTMerge/result/pathmnist(1).md
pathmnist,small,swin_tiny,iso_c,c3_b0,3,0.0,0.1946,program/MedMNISTMerge/result/pathmnist(1).md
pathmnist,small,swin_tiny,iso_c,c3_b0.01,3,0.01,0.1712,program/MedMNISTMerge/result/pathmnist(1).md
pathmnist,small,swin_tiny,iso_c,c3_b0.1,3,0.1,0.139,program/MedMNISTMerge/result/pathmnist(1).md
pathmnist,small,swin_tiny,iso_c,c5_b0,5,0.0,0.284,program/MedMNISTMerge/result/pathmnist(1).md
pathmnist,small,swin_tiny,iso_c,c5_b0.01,5,0.01,0.2017,program/MedMNISTMerge/result/pathmnist(1).md
pathmnist,small,swin_tiny,iso_c,c5_b0.1,5,0.1,0.204,program/MedMNISTMerge/result/pathmnist(1).md
pathmnist,small,swin_tiny,iso_c,c7_b0,7,0.0,0.1733,program/MedMNISTMerge/result/pathmnist(1).md
pathmnist,small,swin_tiny,iso_c,c7_b0.01,7,0.01,0.1169,program/MedMNISTMerge/result/pathmnist(1).md
pathmnist,small,swin_tiny,iso_c,c7_b0.1,7,0.1,0.2457,program/MedMNISTMerge/result/pathmnist(1).md
pathmnist,small,swin_tiny,free_merge,c3_b0,3,0.0,0.0586,program/MedMNISTMerge/result/pathmnist(1).md
pathmnist,small,swin_tiny,free_merge,c3_b0.01,3,0.01,0.0472,program/MedMNISTMerge/result/pathmnist(1).md
pathmnist,small,swin_tiny,free_merge,c3_b0.1,3,0.1,0.1865,program/MedMNISTMerge/result/pathmnist(1).md
pathmnist,small,swin_tiny,free_merge,c5_b0,5,0.0,0.118,program/MedMNISTMerge/result/pathmnist(1).md
pathmnist,small,swin_tiny,free_merge,c5_b0.01,5,0.01,0.1717,program/MedMNISTMerge/result/pathmnist(1).md
pathmnist,small,swin_tiny,free_merge,c5_b0.1,5,0.1,0.1717,program/MedMNISTMerge/result/pathmnist(1).md
pathmnist,small,swin_tiny,free_merge,c7_b0,7,0.0,0.0416,program/MedMNISTMerge/result/pathmnist(1).md
pathmnist,small,swin_tiny,free_merge,c7_b0.01,7,0.01,0.0586,program/MedMNISTMerge/result/pathmnist(1).md
pathmnist,small,swin_tiny,free_merge,c7_b0.1,7,0.1,0.1864,program/MedMNISTMerge/result/pathmnist(1).md
pathmnist,small,swin_tiny,robustmerge,c3_b0,3,0.0,0.0586,program/MedMNISTMerge/result/pathmnist(1).md
pathmnist,small,swin_tiny,robustmerge,c3_b0.01,3,0.01,0.1717,program/MedMNISTMerge/result/pathmnist(1).md
pathmnist,small,swin_tiny,robustmerge,c3_b0.1,3,0.1,0.0825,program/MedMNISTMerge/result/pathmnist(1).md
pathmnist,small,swin_tiny,robustmerge,c5_b0,5,0.0,0.0883,program/MedMNISTMerge/result/pathmnist(1).md
pathmnist,small,swin_tiny,robustmerge,c5_b0.01,5,0.01,0.2145,program/MedMNISTMerge/result/pathmnist(1).md
pathmnist,small,swin_tiny,robustmerge,c5_b0.1,5,0.1,0.0825,program/MedMNISTMerge/result/pathmnist(1).md
pathmnist,small,swin_tiny,robustmerge,c7_b0,7,0.0,0.0255,program/MedMNISTMerge/result/pathmnist(1).md
pathmnist,small,swin_tiny,robustmerge,c7_b0.01,7,0.01,0.1032,program/MedMNISTMerge/result/pathmnist(1).md
pathmnist,small,swin_tiny,robustmerge,c7_b0.1,7,0.1,0.0592,program/MedMNISTMerge/result/pathmnist(1).md
pathmnist,small,densenet,avg,c3_b0,3,0.0,0.0825,program/MedMNISTMerge/result/pathmnist(1).md
pathmnist,small,densenet,avg,c3_b0.01,3,0.01,0.118,program/MedMNISTMerge/result/pathmnist(1).md
pathmnist,small,densenet,avg,c3_b0.1,3,0.1,0.118,program/MedMNISTMerge/result/pathmnist(1).md
pathmnist,small,densenet,avg,c5_b0,5,0.0,0.0825,program/MedMNISTMerge/result/pathmnist(1).md
pathmnist,small,densenet,avg,c5_b0.01,5,0.01,0.0586,program/MedMNISTMerge/result/pathmnist(1).md
pathmnist,small,densenet,avg,c5_b0.1,5,0.1,0.118,program/MedMNISTMerge/result/pathmnist(1).md
pathmnist,small,densenet,avg,c7_b0,7,0.0,0.1182,program/MedMNISTMerge/result/pathmnist(1).md
pathmnist,small,densenet,avg,c7_b0.01,7,0.01,0.118,program/MedMNISTMerge/result/pathmnist(1).md
pathmnist,small,densenet,avg,c7_b0.1,7,0.1,0.0472,program/MedMNISTMerge/result/pathmnist(1).md
pathmnist,small,densenet,ties,c3_b0,3,0.0,0.116,program/MedMNISTMerge/result/pathmnist(1).md
pathmnist,small,densenet,ties,c3_b0.01,3,0.01,0.1724,program/MedMNISTMerge/result/pathmnist(1).md
pathmnist,small,densenet,ties,c3_b0.1,3,0.1,0.1648,program/MedMNISTMerge/result/pathmnist(1).md
pathmnist,small,densenet,ties,c5_b0,5,0.0,0.0825,program/MedMNISTMerge/result/pathmnist(1).md
pathmnist,small,densenet,ties,c5_b0.01,5,0.01,0.1979,program/MedMNISTMerge/result/pathmnist(1).md
pathmnist,small,densenet,ties,c5_b0.1,5,0.1,0.118,program/MedMNISTMerge/result/pathmnist(1).md
pathmnist,small,densenet,ties,c7_b0,7,0.0,0.2245,program/MedMNISTMerge/result/pathmnist(1).md
pathmnist,small,densenet,ties,c7_b0.01,7,0.01,0.1199,program/MedMNISTMerge/result/pathmnist(1).md
pathmnist,small,densenet,ties,c7_b0.1,7,0.1,0.0472,program/MedMNISTMerge/result/pathmnist(1).md
pathmnist,small,densenet,dare_linear,c3_b0,3,0.0,0.0825,program/MedMNISTMerge/result/pathmnist(1).md
pathmnist,small,densenet,dare_linear,c3_b0.01,3,0.01,0.1586,program/MedMNISTMerge/result/pathmnist(1).md
pathmnist,small,densenet,dare_linear,c3_b0.1,3,0.1,0.118,program/MedMNISTMerge/result/pathmnist(1).md
pathmnist,small,densenet,dare_linear,c5_b0,5,0.0,0.0825,program/MedMNISTMerge/result/pathmnist(1).md
pathmnist,small,densenet,dare_linear,c5_b0.01,5,0.01,0.1244,program/MedMNISTMerge/result/pathmnist(1).md
pathmnist,small,densenet,dare_linear,c5_b0.1,5,0.1,0.1976,program/MedMNISTMerge/result/pathmnist(1).md
pathmnist,small,densenet,dare_linear,c7_b0,7,0.0,0.1032,program/MedMNISTMerge/result/pathmnist(1).md
pathmnist,small,densenet,dare_linear,c7_b0.01,7,0.01,0.0586,program/MedMNISTMerge/result/pathmnist(1).md
pathmnist,small,densenet,dare_linear,c7_b0.1,7,0.1,0.0235,program/MedMNISTMerge/result/pathmnist(1).md
pathmnist,small,densenet,dare_ties,c3_b0,3,0.0,0.0632,program/MedMNISTMerge/result/pathmnist(1).md
pathmnist,small,densenet,dare_ties,c3_b0.01,3,0.01,0.118,program/MedMNISTMerge/result/pathmnist(1).md
pathmnist,small,densenet,dare_ties,c3_b0.1,3,0.1,0.1798,program/MedMNISTMerge/result/pathmnist(1).md
pathmnist,small,densenet,dare_ties,c5_b0,5,0.0,0.0825,program/MedMNISTMerge/result/pathmnist(1).md
pathmnist,small,densenet,dare_ties,c5_b0.01,5,0.01,0.1864,program/MedMNISTMerge/result/pathmnist(1).md
pathmnist,small,densenet,dare_ties,c5_b0.1,5,0.1,0.1234,program/MedMNISTMerge/result/pathmnist(1).md
pathmnist,small,densenet,dare_ties,c7_b0,7,0.0,0.1397,program/MedMNISTMerge/result/pathmnist(1).md
pathmnist,small,densenet,dare_ties,c7_b0.01,7,0.01,0.1607,program/MedMNISTMerge/result/pathmnist(1).md
pathmnist,small,densenet,dare_ties,c7_b0.1,7,0.1,0.0517,program/MedMNISTMerge/result/pathmnist(1).md
pathmnist,small,densenet,regmean,c3_b0,3,0.0,0.0831,program/MedMNISTMerge/result/pathmnist(1).md
pathmnist,small,densenet,regmean,c3_b0.01,3,0.01,0.121,program/MedMNISTMerge/result/pathmnist(1).md
pathmnist,small,densenet,regmean,c3_b0.1,3,0.1,0.118,program/MedMNISTMerge/result/pathmnist(1).md
pathmnist,small,densenet,regmean,c5_b0,5,0.0,0.0825,program/MedMNISTMerge/result/pathmnist(1).md
pathmnist,small,densenet,regmean,c5_b0.01,5,0.01,0.0586,program/MedMNISTMerge/result/pathmnist(1).md
pathmnist,small,densenet,regmean,c5_b0.1,5,0.1,0.118,program/MedMNISTMerge/result/pathmnist(1).md
pathmnist,small,densenet,regmean,c7_b0,7,0.0,0.2145,program/MedMNISTMerge/result/pathmnist(1).md
pathmnist,small,densenet,regmean,c7_b0.01,7,0.01,0.1181,program/MedMNISTMerge/result/pathmnist(1).md
pathmnist,small,densenet,regmean,c7_b0.1,7,0.1,0.1217,program/MedMNISTMerge/result/pathmnist(1).md
pathmnist,small,densenet,fisher,c3_b0,3,0.0,0.0467,program/MedMNISTMerge/result/pathmnist(1).md
pathmnist,small,densenet,fisher,c3_b0.01,3,0.01,0.118,program/MedMNISTMerge/result/pathmnist(1).md
pathmnist,small,densenet,fisher,c3_b0.1,3,0.1,0.1269,program/MedMNISTMerge/result/pathmnist(1).md
pathmnist,small,densenet,fisher,c5_b0,5,0.0,0.0664,program/MedMNISTMerge/result/pathmnist(1).md
pathmnist,small,densenet,fisher,c5_b0.01,5,0.01,0.2351,program/MedMNISTMerge/result/pathmnist(1).md
pathmnist,small,densenet,fisher,c5_b0.1,5,0.1,0.1379,program/MedMNISTMerge/result/pathmnist(1).md
pathmnist,small,densenet,fisher,c7_b0,7,0.0,0.1733,program/MedMNISTMerge/result/pathmnist(1).md
pathmnist,small,densenet,fisher,c7_b0.01,7,0.01,0.1312,program/MedMNISTMerge/result/pathmnist(1).md
pathmnist,small,densenet,fisher,c7_b0.1,7,0.1,0.0526,program/MedMNISTMerge/result/pathmnist(1).md
pathmnist,small,densenet,breadcrumbs,c3_b0,3,0.0,0.0825,program/MedMNISTMerge/result/pathmnist(1).md
pathmnist,small,densenet,breadcrumbs,c3_b0.01,3,0.01,0.118,program/MedMNISTMerge/result/pathmnist(1).md
pathmnist,small,densenet,breadcrumbs,c3_b0.1,3,0.1,0.118,program/MedMNISTMerge/result/pathmnist(1).md
pathmnist,small,densenet,breadcrumbs,c5_b0,5,0.0,0.118,program/MedMNISTMerge/result/pathmnist(1).md
pathmnist,small,densenet,breadcrumbs,c5_b0.01,5,0.01,0.118,program/MedMNISTMerge/result/pathmnist(1).md
pathmnist,small,densenet,breadcrumbs,c5_b0.1,5,0.1,0.0586,program/MedMNISTMerge/result/pathmnist(1).md
pathmnist,small,densenet,breadcrumbs,c7_b0,7,0.0,0.1864,program/MedMNISTMerge/result/pathmnist(1).md
pathmnist,small,densenet,breadcrumbs,c7_b0.01,7,0.01,0.118,program/MedMNISTMerge/result/pathmnist(1).md
pathmnist,small,densenet,breadcrumbs,c7_b0.1,7,0.1,0.0586,program/MedMNISTMerge/result/pathmnist(1).md
pathmnist,small,densenet,model_stock,c3_b0,3,0.0,0.0825,program/MedMNISTMerge/result/pathmnist(1).md
pathmnist,small,densenet,model_stock,c3_b0.01,3,0.01,0.1837,program/MedMNISTMerge/result/pathmnist(1).md
pathmnist,small,densenet,model_stock,c3_b0.1,3,0.1,0.118,program/MedMNISTMerge/result/pathmnist(1).md
pathmnist,small,densenet,model_stock,c5_b0,5,0.0,0.0825,program/MedMNISTMerge/result/pathmnist(1).md
pathmnist,small,densenet,model_stock,c5_b0.01,5,0.01,0.0586,program/MedMNISTMerge/result/pathmnist(1).md
pathmnist,small,densenet,model_stock,c5_b0.1,5,0.1,0.118,program/MedMNISTMerge/result/pathmnist(1).md
pathmnist,small,densenet,model_stock,c7_b0,7,0.0,0.2694,program/MedMNISTMerge/result/pathmnist(1).md
pathmnist,small,densenet,model_stock,c7_b0.01,7,0.01,0.0586,program/MedMNISTMerge/result/pathmnist(1).md
pathmnist,small,densenet,model_stock,c7_b0.1,7,0.1,0.0472,program/MedMNISTMerge/result/pathmnist(1).md
pathmnist,small,densenet,from,c3_b0,3,0.0,0.0586,program/MedMNISTMerge/result/pathmnist(1).md
pathmnist,small,densenet,from,c3_b0.01,3,0.01,0.118,program/MedMNISTMerge/result/pathmnist(1).md
pathmnist,small,densenet,from,c3_b0.1,3,0.1,0.118,program/MedMNISTMerge/result/pathmnist(1).md
pathmnist,small,densenet,from,c5_b0,5,0.0,0.0825,program/MedMNISTMerge/result/pathmnist(1).md
pathmnist,small,densenet,from,c5_b0.01,5,0.01,0.0953,program/MedMNISTMerge/result/pathmnist(1).md
pathmnist,small,densenet,from,c5_b0.1,5,0.1,0.118,program/MedMNISTMerge/result/pathmnist(1).md
pathmnist,small,densenet,from,c7_b0,7,0.0,0.118,program/MedMNISTMerge/result/pathmnist(1).md
pathmnist,small,densenet,from,c7_b0.01,7,0.01,0.118,program/MedMNISTMerge/result/pathmnist(1).md
pathmnist,small,densenet,from,c7_b0.1,7,0.1,0.1415,program/MedMNISTMerge/result/pathmnist(1).md
pathmnist,small,densenet,iso_c,c3_b0,3,0.0,0.0825,program/MedMNISTMerge/result/pathmnist(1).md
pathmnist,small,densenet,iso_c,c3_b0.01,3,0.01,0.118,program/MedMNISTMerge/result/pathmnist(1).md
pathmnist,small,densenet,iso_c,c3_b0.1,3,0.1,0.118,program/MedMNISTMerge/result/pathmnist(1).md
pathmnist,small,densenet,iso_c,c5_b0,5,0.0,0.0825,program/MedMNISTMerge/result/pathmnist(1).md
pathmnist,small,densenet,iso_c,c5_b0.01,5,0.01,0.0586,program/MedMNISTMerge/result/pathmnist(1).md
pathmnist,small,densenet,iso_c,c5_b0.1,5,0.1,0.118,program/MedMNISTMerge/result/pathmnist(1).md
pathmnist,small,densenet,iso_c,c7_b0,7,0.0,0.118,program/MedMNISTMerge/result/pathmnist(1).md
pathmnist,small,densenet,iso_c,c7_b0.01,7,0.01,0.118,program/MedMNISTMerge/result/pathmnist(1).md
pathmnist,small,densenet,iso_c,c7_b0.1,7,0.1,0.0272,program/MedMNISTMerge/result/pathmnist(1).md
pathmnist,small,densenet,free_merge,c3_b0,3,0.0,0.0825,program/MedMNISTMerge/result/pathmnist(1).md
pathmnist,small,densenet,free_merge,c3_b0.01,3,0.01,0.118,program/MedMNISTMerge/result/pathmnist(1).md
pathmnist,small,densenet,free_merge,c3_b0.1,3,0.1,0.118,program/MedMNISTMerge/result/pathmnist(1).md
pathmnist,small,densenet,free_merge,c5_b0,5,0.0,0.0825,program/MedMNISTMerge/result/pathmnist(1).md
pathmnist,small,densenet,free_merge,c5_b0.01,5,0.01,0.0586,program/MedMNISTMerge/result/pathmnist(1).md
pathmnist,small,densenet,free_merge,c5_b0.1,5,0.1,0.118,program/MedMNISTMerge/result/pathmnist(1).md
pathmnist,small,densenet,free_merge,c7_b0,7,0.0,0.1182,program/MedMNISTMerge/result/pathmnist(1).md
pathmnist,small,densenet,free_merge,c7_b0.01,7,0.01,0.118,program/MedMNISTMerge/result/pathmnist(1).md
pathmnist,small,densenet,free_merge,c7_b0.1,7,0.1,0.0472,program/MedMNISTMerge/result/pathmnist(1).md
pathmnist,small,densenet,robustmerge,c3_b0,3,0.0,0.0825,program/MedMNISTMerge/result/pathmnist(1).md
pathmnist,small,densenet,robustmerge,c3_b0.01,3,0.01,0.118,program/MedMNISTMerge/result/pathmnist(1).md
pathmnist,small,densenet,robustmerge,c3_b0.1,3,0.1,0.118,program/MedMNISTMerge/result/pathmnist(1).md
pathmnist,small,densenet,robustmerge,c5_b0,5,0.0,0.0825,program/MedMNISTMerge/result/pathmnist(1).md
pathmnist,small,densenet,robustmerge,c5_b0.01,5,0.01,0.0586,program/MedMNISTMerge/result/pathmnist(1).md
pathmnist,small,densenet,robustmerge,c5_b0.1,5,0.1,0.118,program/MedMNISTMerge/result/pathmnist(1).md
pathmnist,small,densenet,robustmerge,c7_b0,7,0.0,0.165,program/MedMNISTMerge/result/pathmnist(1).md
pathmnist,small,densenet,robustmerge,c7_b0.01,7,0.01,0.118,program/MedMNISTMerge/result/pathmnist(1).md
pathmnist,small,densenet,robustmerge,c7_b0.1,7,0.1,0.0472,program/MedMNISTMerge/result/pathmnist(1).md
pathmnist,small,efficientnet,avg,c3_b0,3,0.0,0.0586,program/MedMNISTMerge/result/pathmnist(1).md
pathmnist,small,efficientnet,avg,c3_b0.01,3,0.01,0.179,program/MedMNISTMerge/result/pathmnist(1).md
pathmnist,small,efficientnet,avg,c3_b0.1,3,0.1,0.118,program/MedMNISTMerge/result/pathmnist(1).md
pathmnist,small,efficientnet,avg,c5_b0,5,0.0,0.1717,program/MedMNISTMerge/result/pathmnist(1).md
pathmnist,small,efficientnet,avg,c5_b0.01,5,0.01,0.1864,program/MedMNISTMerge/result/pathmnist(1).md
pathmnist,small,efficientnet,avg,c5_b0.1,5,0.1,0.1864,program/MedMNISTMerge/result/pathmnist(1).md
pathmnist,small,efficientnet,avg,c7_b0,7,0.0,0.1825,program/MedMNISTMerge/result/pathmnist(1).md
pathmnist,small,efficientnet,avg,c7_b0.01,7,0.01,0.1442,program/MedMNISTMerge/result/pathmnist(1).md
pathmnist,small,efficientnet,avg,c7_b0.1,7,0.1,0.1864,program/MedMNISTMerge/result/pathmnist(1).md
pathmnist,small,efficientnet,ties,c3_b0,3,0.0,0.1694,program/MedMNISTMerge/result/pathmnist(1).md
pathmnist,small,efficientnet,ties,c3_b0.01,3,0.01,0.0776,program/MedMNISTMerge/result/pathmnist(1).md
pathmnist,small,efficientnet,ties,c3_b0.1,3,0.1,0.1213,program/MedMNISTMerge/result/pathmnist(1).md
pathmnist,small,efficientnet,ties,c5_b0,5,0.0,0.2244,program/MedMNISTMerge/result/pathmnist(1).md
pathmnist,small,efficientnet,ties,c5_b0.01,5,0.01,0.1029,program/MedMNISTMerge/result/pathmnist(1).md
pathmnist,small,efficientnet,ties,c5_b0.1,5,0.1,0.1178,program/MedMNISTMerge/result/pathmnist(1).md
pathmnist,small,efficientnet,ties,c7_b0,7,0.0,0.1365,program/MedMNISTMerge/result/pathmnist(1).md
pathmnist,small,efficientnet,ties,c7_b0.01,7,0.01,0.045,program/MedMNISTMerge/result/pathmnist(1).md
pathmnist,small,efficientnet,ties,c7_b0.1,7,0.1,0.0825,program/MedMNISTMerge/result/pathmnist(1).md
pathmnist,small,efficientnet,dare_linear,c3_b0,3,0.0,0.0586,program/MedMNISTMerge/result/pathmnist(1).md
pathmnist,small,efficientnet,dare_linear,c3_b0.01,3,0.01,0.0586,program/MedMNISTMerge/result/pathmnist(1).md
pathmnist,small,efficientnet,dare_linear,c3_b0.1,3,0.1,0.118,program/MedMNISTMerge/result/pathmnist(1).md
pathmnist,small,efficientnet,dare_linear,c5_b0,5,0.0,0.1717,program/MedMNISTMerge/result/pathmnist(1).md
pathmnist,small,efficientnet,dare_linear,c5_b0.01,5,0.01,0.1864,program/MedMNISTMerge/result/pathmnist(1).md
pathmnist,small,efficientnet,dare_linear,c5_b0.1,5,0.1,0.1864,program/MedMNISTMerge/result/pathmnist(1).md
pathmnist,small,efficientnet,dare_linear,c7_b0,7,0.0,0.063,program/MedMNISTMerge/result/pathmnist(1).md
pathmnist,small,efficientnet,dare_linear,c7_b0.01,7,0.01,0.0586,program/MedMNISTMerge/result/pathmnist(1).md
pathmnist,small,efficientnet,dare_linear,c7_b0.1,7,0.1,0.1864,program/MedMNISTMerge/result/pathmnist(1).md
pathmnist,small,efficientnet,dare_ties,c3_b0,3,0.0,0.1032,program/MedMNISTMerge/result/pathmnist(1).md
pathmnist,small,efficientnet,dare_ties,c3_b0.01,3,0.01,0.0786,program/MedMNISTMerge/result/pathmnist(1).md
pathmnist,small,efficientnet,dare_ties,c3_b0.1,3,0.1,0.1968,program/MedMNISTMerge/result/pathmnist(1).md
pathmnist,small,efficientnet,dare_ties,c5_b0,5,0.0,0.1039,program/MedMNISTMerge/result/pathmnist(1).md
pathmnist,small,efficientnet,dare_ties,c5_b0.01,5,0.01,0.0996,program/MedMNISTMerge/result/pathmnist(1).md
pathmnist,small,efficientnet,dare_ties,c5_b0.1,5,0.1,0.0472,program/MedMNISTMerge/result/pathmnist(1).md
pathmnist,small,efficientnet,dare_ties,c7_b0,7,0.0,0.0638,program/MedMNISTMerge/result/pathmnist(1).md
pathmnist,small,efficientnet,dare_ties,c7_b0.01,7,0.01,0.1121,program/MedMNISTMerge/result/pathmnist(1).md
pathmnist,small,efficientnet,dare_ties,c7_b0.1,7,0.1,0.0586,program/MedMNISTMerge/result/pathmnist(1).md
pathmnist,small,efficientnet,regmean,c3_b0,3,0.0,0.0586,program/MedMNISTMerge/result/pathmnist(1).md
pathmnist,small,efficientnet,regmean,c3_b0.01,3,0.01,0.179,program/MedMNISTMerge/result/pathmnist(1).md
pathmnist,small,efficientnet,regmean,c3_b0.1,3,0.1,0.118,program/MedMNISTMerge/result/pathmnist(1).md
pathmnist,small,efficientnet,regmean,c5_b0,5,0.0,0.1717,program/MedMNISTMerge/result/pathmnist(1).md
pathmnist,small,efficientnet,regmean,c5_b0.01,5,0.01,0.1864,program/MedMNISTMerge/result/pathmnist(1).md
pathmnist,small,efficientnet,regmean,c5_b0.1,5,0.1,0.1864,program/MedMNISTMerge/result/pathmnist(1).md
pathmnist,small,efficientnet,regmean,c7_b0,7,0.0,0.1825,program/MedMNISTMerge/result/pathmnist(1).md
pathmnist,small,efficientnet,regmean,c7_b0.01,7,0.01,0.1442,program/MedMNISTMerge/result/pathmnist(1).md
pathmnist,small,efficientnet,regmean,c7_b0.1,7,0.1,0.1864,program/MedMNISTMerge/result/pathmnist(1).md
pathmnist,small,efficientnet,fisher,c3_b0,3,0.0,0.1442,program/MedMNISTMerge/result/pathmnist(1).md
pathmnist,small,efficientnet,fisher,c3_b0.01,3,0.01,0.1864,program/MedMNISTMerge/result/pathmnist(1).md
pathmnist,small,efficientnet,fisher,c3_b0.1,3,0.1,0.118,program/MedMNISTMerge/result/pathmnist(1).md
pathmnist,small,efficientnet,fisher,c5_b0,5,0.0,0.1864,program/MedMNISTMerge/result/pathmnist(1).md
pathmnist,small,efficientnet,fisher,c5_b0.01,5,0.01,0.1032,program/MedMNISTMerge/result/pathmnist(1).md
pathmnist,small,efficientnet,fisher,c5_b0.1,5,0.1,0.0825,program/MedMNISTMerge/result/pathmnist(1).md
pathmnist,small,efficientnet,fisher,c7_b0,7,0.0,0.1327,program/MedMNISTMerge/result/pathmnist(1).md
pathmnist,small,efficientnet,fisher,c7_b0.01,7,0.01,0.0472,program/MedMNISTMerge/result/pathmnist(1).md
pathmnist,small,efficientnet,fisher,c7_b0.1,7,0.1,0.0472,program/MedMNISTMerge/result/pathmnist(1).md
pathmnist,small,efficientnet,breadcrumbs,c3_b0,3,0.0,0.0825,program/MedMNISTMerge/result/pathmnist(1).md
pathmnist,small,efficientnet,breadcrumbs,c3_b0.01,3,0.01,0.1442,program/MedMNISTMerge/result/pathmnist(1).md
pathmnist,small,efficientnet,breadcrumbs,c3_b0.1,3,0.1,0.0825,program/MedMNISTMerge/result/pathmnist(1).md
pathmnist,small,efficientnet,breadcrumbs,c5_b0,5,0.0,0.0825,program/MedMNISTMerge/result/pathmnist(1).md
pathmnist,small,efficientnet,breadcrumbs,c5_b0.01,5,0.01,0.0825,program/MedMNISTMerge/result/pathmnist(1).md
pathmnist,small,efficientnet,breadcrumbs,c5_b0.1,5,0.1,0.0825,program/MedMNISTMerge/result/pathmnist(1).md
pathmnist,small,efficientnet,breadcrumbs,c7_b0,7,0.0,0.0825,program/MedMNISTMerge/result/pathmnist(1).md
pathmnist,small,efficientnet,breadcrumbs,c7_b0.01,7,0.01,0.0825,program/MedMNISTMerge/result/pathmnist(1).md
pathmnist,small,efficientnet,breadcrumbs,c7_b0.1,7,0.1,0.0825,program/MedMNISTMerge/result/pathmnist(1).md
pathmnist,small,efficientnet,model_stock,c3_b0,3,0.0,0.0586,program/MedMNISTMerge/result/pathmnist(1).md
pathmnist,small,efficientnet,model_stock,c3_b0.01,3,0.01,0.1442,program/MedMNISTMerge/result/pathmnist(1).md
pathmnist,small,efficientnet,model_stock,c3_b0.1,3,0.1,0.118,program/MedMNISTMerge/result/pathmnist(1).md
pathmnist,small,efficientnet,model_stock,c5_b0,5,0.0,0.1717,program/MedMNISTMerge/result/pathmnist(1).md
pathmnist,small,efficientnet,model_stock,c5_b0.01,5,0.01,0.1864,program/MedMNISTMerge/result/pathmnist(1).md
pathmnist,small,efficientnet,model_stock,c5_b0.1,5,0.1,0.1864,program/MedMNISTMerge/result/pathmnist(1).md
pathmnist,small,efficientnet,model_stock,c7_b0,7,0.0,0.0857,program/MedMNISTMerge/result/pathmnist(1).md
pathmnist,small,efficientnet,model_stock,c7_b0.01,7,0.01,0.1442,program/MedMNISTMerge/result/pathmnist(1).md
pathmnist,small,efficientnet,model_stock,c7_b0.1,7,0.1,0.1864,program/MedMNISTMerge/result/pathmnist(1).md
pathmnist,small,efficientnet,from,c3_b0,3,0.0,0.1858,program/MedMNISTMerge/result/pathmnist(1).md
pathmnist,small,efficientnet,from,c3_b0.01,3,0.01,0.2425,program/MedMNISTMerge/result/pathmnist(1).md
pathmnist,small,efficientnet,from,c3_b0.1,3,0.1,0.118,program/MedMNISTMerge/result/pathmnist(1).md
pathmnist,small,efficientnet,from,c5_b0,5,0.0,0.1717,program/MedMNISTMerge/result/pathmnist(1).md
pathmnist,small,efficientnet,from,c5_b0.01,5,0.01,0.3639,program/MedMNISTMerge/result/pathmnist(1).md
pathmnist,small,efficientnet,from,c5_b0.1,5,0.1,0.1864,program/MedMNISTMerge/result/pathmnist(1).md
pathmnist,small,efficientnet,from,c7_b0,7,0.0,0.1341,program/MedMNISTMerge/result/pathmnist(1).md
pathmnist,small,efficientnet,from,c7_b0.01,7,0.01,0.118,program/MedMNISTMerge/result/pathmnist(1).md
pathmnist,small,efficientnet,from,c7_b0.1,7,0.1,0.1864,program/MedMNISTMerge/result/pathmnist(1).md
pathmnist,small,efficientnet,iso_c,c3_b0,3,0.0,0.0586,program/MedMNISTMerge/result/pathmnist(1).md
pathmnist,small,efficientnet,iso_c,c3_b0.01,3,0.01,0.1442,program/MedMNISTMerge/result/pathmnist(1).md
pathmnist,small,efficientnet,iso_c,c3_b0.1,3,0.1,0.118,program/MedMNISTMerge/result/pathmnist(1).md
pathmnist,small,efficientnet,iso_c,c5_b0,5,0.0,0.0472,program/MedMNISTMerge/result/pathmnist(1).md
pathmnist,small,efficientnet,iso_c,c5_b0.01,5,0.01,0.1864,program/MedMNISTMerge/result/pathmnist(1).md
pathmnist,small,efficientnet,iso_c,c5_b0.1,5,0.1,0.1864,program/MedMNISTMerge/result/pathmnist(1).md
pathmnist,small,efficientnet,iso_c,c7_b0,7,0.0,0.1859,program/MedMNISTMerge/result/pathmnist(1).md
pathmnist,small,efficientnet,iso_c,c7_b0.01,7,0.01,0.1442,program/MedMNISTMerge/result/pathmnist(1).md
pathmnist,small,efficientnet,iso_c,c7_b0.1,7,0.1,0.1864,program/MedMNISTMerge/result/pathmnist(1).md
pathmnist,small,efficientnet,free_merge,c3_b0,3,0.0,0.0586,program/MedMNISTMerge/result/pathmnist(1).md
pathmnist,small,efficientnet,free_merge,c3_b0.01,3,0.01,0.1792,program/MedMNISTMerge/result/pathmnist(1).md
pathmnist,small,efficientnet,free_merge,c3_b0.1,3,0.1,0.118,program/MedMNISTMerge/result/pathmnist(1).md
pathmnist,small,efficientnet,free_merge,c5_b0,5,0.0,0.1717,program/MedMNISTMerge/result/pathmnist(1).md
pathmnist,small,efficientnet,free_merge,c5_b0.01,5,0.01,0.1864,program/MedMNISTMerge/result/pathmnist(1).md
pathmnist,small,efficientnet,free_merge,c5_b0.1,5,0.1,0.1864,program/MedMNISTMerge/result/pathmnist(1).md
pathmnist,small,efficientnet,free_merge,c7_b0,7,0.0,0.1825,program/MedMNISTMerge/result/pathmnist(1).md
pathmnist,small,efficientnet,free_merge,c7_b0.01,7,0.01,0.1442,program/MedMNISTMerge/result/pathmnist(1).md
pathmnist,small,efficientnet,free_merge,c7_b0.1,7,0.1,0.1864,program/MedMNISTMerge/result/pathmnist(1).md
pathmnist,small,efficientnet,robustmerge,c3_b0,3,0.0,0.0586,program/MedMNISTMerge/result/pathmnist(1).md
pathmnist,small,efficientnet,robustmerge,c3_b0.01,3,0.01,0.1717,program/MedMNISTMerge/result/pathmnist(1).md
pathmnist,small,efficientnet,robustmerge,c3_b0.1,3,0.1,0.118,program/MedMNISTMerge/result/pathmnist(1).md
pathmnist,small,efficientnet,robustmerge,c5_b0,5,0.0,0.0825,program/MedMNISTMerge/result/pathmnist(1).md
pathmnist,small,efficientnet,robustmerge,c5_b0.01,5,0.01,0.0825,program/MedMNISTMerge/result/pathmnist(1).md
pathmnist,small,efficientnet,robustmerge,c5_b0.1,5,0.1,0.1864,program/MedMNISTMerge/result/pathmnist(1).md
pathmnist,small,efficientnet,robustmerge,c7_b0,7,0.0,0.0825,program/MedMNISTMerge/result/pathmnist(1).md
pathmnist,small,efficientnet,robustmerge,c7_b0.01,7,0.01,0.0825,program/MedMNISTMerge/result/pathmnist(1).md
pathmnist,small,efficientnet,robustmerge,c7_b0.1,7,0.1,0.0825,program/MedMNISTMerge/result/pathmnist(1).md
pathmnist,small,mobilenet,avg,c3_b0,3,0.0,0.1717,program/MedMNISTMerge/result/pathmnist(1).md
pathmnist,small,mobilenet,avg,c3_b0.01,3,0.01,0.1717,program/MedMNISTMerge/result/pathmnist(1).md
pathmnist,small,mobilenet,avg,c3_b0.1,3,0.1,0.1032,program/MedMNISTMerge/result/pathmnist(1).md
pathmnist,small,mobilenet,avg,c5_b0,5,0.0,0.1717,program/MedMNISTMerge/result/pathmnist(1).md
pathmnist,small,mobilenet,avg,c5_b0.01,5,0.01,0.1032,program/MedMNISTMerge/result/pathmnist(1).md
pathmnist,small,mobilenet,avg,c5_b0.1,5,0.1,0.1717,program/MedMNISTMerge/result/pathmnist(1).md
pathmnist,small,mobilenet,avg,c7_b0,7,0.0,0.1717,program/MedMNISTMerge/result/pathmnist(1).md
pathmnist,small,mobilenet,avg,c7_b0.01,7,0.01,0.0586,program/MedMNISTMerge/result/pathmnist(1).md
pathmnist,small,mobilenet,avg,c7_b0.1,7,0.1,0.0586,program/MedMNISTMerge/result/pathmnist(1).md
pathmnist,small,mobilenet,ties,c3_b0,3,0.0,0.0351,program/MedMNISTMerge/result/pathmnist(1).md
pathmnist,small,mobilenet,ties,c3_b0.01,3,0.01,0.1442,program/MedMNISTMerge/result/pathmnist(1).md
pathmnist,small,mobilenet,ties,c3_b0.1,3,0.1,0.2152,program/MedMNISTMerge/result/pathmnist(1).md
pathmnist,small,mobilenet,ties,c5_b0,5,0.0,0.0506,program/MedMNISTMerge/result/pathmnist(1).md
pathmnist,small,mobilenet,ties,c5_b0.01,5,0.01,0.1864,program/MedMNISTMerge/result/pathmnist(1).md
pathmnist,small,mobilenet,ties,c5_b0.1,5,0.1,0.0961,program/MedMNISTMerge/result/pathmnist(1).md
pathmnist,small,mobilenet,ties,c7_b0,7,0.0,0.1864,program/MedMNISTMerge/result/pathmnist(1).md
pathmnist,small,mobilenet,ties,c7_b0.01,7,0.01,0.1864,program/MedMNISTMerge/result/pathmnist(1).md
pathmnist,small,mobilenet,ties,c7_b0.1,7,0.1,0.1442,program/MedMNISTMerge/result/pathmnist(1).md
pathmnist,small,mobilenet,dare_linear,c3_b0,3,0.0,0.1032,program/MedMNISTMerge/result/pathmnist(1).md
pathmnist,small,mobilenet,dare_linear,c3_b0.01,3,0.01,0.1717,program/MedMNISTMerge/result/pathmnist(1).md
pathmnist,small,mobilenet,dare_linear,c3_b0.1,3,0.1,0.118,program/MedMNISTMerge/result/pathmnist(1).md
pathmnist,small,mobilenet,dare_linear,c5_b0,5,0.0,0.1864,program/MedMNISTMerge/result/pathmnist(1).md
pathmnist,small,mobilenet,dare_linear,c5_b0.01,5,0.01,0.0472,program/MedMNISTMerge/result/pathmnist(1).md
pathmnist,small,mobilenet,dare_linear,c5_b0.1,5,0.1,0.1717,program/MedMNISTMerge/result/pathmnist(1).md
pathmnist,small,mobilenet,dare_linear,c7_b0,7,0.0,0.1864,program/MedMNISTMerge/result/pathmnist(1).md
pathmnist,small,mobilenet,dare_linear,c7_b0.01,7,0.01,0.0586,program/MedMNISTMerge/result/pathmnist(1).md
pathmnist,small,mobilenet,dare_linear,c7_b0.1,7,0.1,0.0586,program/MedMNISTMerge/result/pathmnist(1).md
pathmnist,small,mobilenet,dare_ties,c3_b0,3,0.0,0.1864,program/MedMNISTMerge/result/pathmnist(1).md
pathmnist,small,mobilenet,dare_ties,c3_b0.01,3,0.01,0.1864,program/MedMNISTMerge/result/pathmnist(1).md
pathmnist,small,mobilenet,dare_ties,c3_b0.1,3,0.1,0.1864,program/MedMNISTMerge/result/pathmnist(1).md
pathmnist,small,mobilenet,dare_ties,c5_b0,5,0.0,0.1864,program/MedMNISTMerge/result/pathmnist(1).md
pathmnist,small,mobilenet,dare_ties,c5_b0.01,5,0.01,0.1864,program/MedMNISTMerge/result/pathmnist(1).md
pathmnist,small,mobilenet,dare_ties,c5_b0.1,5,0.1,0.1864,program/MedMNISTMerge/result/pathmnist(1).md
pathmnist,small,mobilenet,dare_ties,c7_b0,7,0.0,0.0451,program/MedMNISTMerge/result/pathmnist(1).md
pathmnist,small,mobilenet,dare_ties,c7_b0.01,7,0.01,0.1864,program/MedMNISTMerge/result/pathmnist(1).md
pathmnist,small,mobilenet,dare_ties,c7_b0.1,7,0.1,0.1864,program/MedMNISTMerge/result/pathmnist(1).md
pathmnist,small,mobilenet,regmean,c3_b0,3,0.0,0.1717,program/MedMNISTMerge/result/pathmnist(1).md
pathmnist,small,mobilenet,regmean,c3_b0.01,3,0.01,0.118,program/MedMNISTMerge/result/pathmnist(1).md
pathmnist,small,mobilenet,regmean,c3_b0.1,3,0.1,0.1032,program/MedMNISTMerge/result/pathmnist(1).md
pathmnist,small,mobilenet,regmean,c5_b0,5,0.0,0.118,program/MedMNISTMerge/result/pathmnist(1).md
pathmnist,small,mobilenet,regmean,c5_b0.01,5,0.01,0.1032,program/MedMNISTMerge/result/pathmnist(1).md
pathmnist,small,mobilenet,regmean,c5_b0.1,5,0.1,0.1032,program/MedMNISTMerge/result/pathmnist(1).md
pathmnist,small,mobilenet,regmean,c7_b0,7,0.0,0.0586,program/MedMNISTMerge/result/pathmnist(1).md
pathmnist,small,mobilenet,regmean,c7_b0.01,7,0.01,0.0586,program/MedMNISTMerge/result/pathmnist(1).md
pathmnist,small,mobilenet,regmean,c7_b0.1,7,0.1,0.0825,program/MedMNISTMerge/result/pathmnist(1).md
pathmnist,small,mobilenet,fisher,c3_b0,3,0.0,0.1442,program/MedMNISTMerge/result/pathmnist(1).md
pathmnist,small,mobilenet,fisher,c3_b0.01,3,0.01,0.118,program/MedMNISTMerge/result/pathmnist(1).md
pathmnist,small,mobilenet,fisher,c3_b0.1,3,0.1,0.118,program/MedMNISTMerge/result/pathmnist(1).md
pathmnist,small,mobilenet,fisher,c5_b0,5,0.0,0.1442,program/MedMNISTMerge/result/pathmnist(1).md
pathmnist,small,mobilenet,fisher,c5_b0.01,5,0.01,0.1032,program/MedMNISTMerge/result/pathmnist(1).md
pathmnist,small,mobilenet,fisher,c5_b0.1,5,0.1,0.0883,program/MedMNISTMerge/result/pathmnist(1).md
pathmnist,small,mobilenet,fisher,c7_b0,7,0.0,0.0825,program/MedMNISTMerge/result/pathmnist(1).md
pathmnist,small,mobilenet,fisher,c7_b0.01,7,0.01,0.0472,program/MedMNISTMerge/result/pathmnist(1).md
pathmnist,small,mobilenet,fisher,c7_b0.1,7,0.1,0.0472,program/MedMNISTMerge/result/pathmnist(1).md
pathmnist,small,mobilenet,breadcrumbs,c3_b0,3,0.0,0.1442,program/MedMNISTMerge/result/pathmnist(1).md
pathmnist,small,mobilenet,breadcrumbs,c3_b0.01,3,0.01,0.1717,program/MedMNISTMerge/result/pathmnist(1).md
pathmnist,small,mobilenet,breadcrumbs,c3_b0.1,3,0.1,0.1717,program/MedMNISTMerge/result/pathmnist(1).md
pathmnist,small,mobilenet,breadcrumbs,c5_b0,5,0.0,0.1442,program/MedMNISTMerge/result/pathmnist(1).md
pathmnist,small,mobilenet,breadcrumbs,c5_b0.01,5,0.01,0.1864,program/MedMNISTMerge/result/pathmnist(1).md
pathmnist,small,mobilenet,breadcrumbs,c5_b0.1,5,0.1,0.1032,program/MedMNISTMerge/result/pathmnist(1).md
pathmnist,small,mobilenet,breadcrumbs,c7_b0,7,0.0,0.1032,program/MedMNISTMerge/result/pathmnist(1).md
pathmnist,small,mobilenet,breadcrumbs,c7_b0.01,7,0.01,0.1442,program/MedMNISTMerge/result/pathmnist(1).md
pathmnist,small,mobilenet,breadcrumbs,c7_b0.1,7,0.1,0.1032,program/MedMNISTMerge/result/pathmnist(1).md
pathmnist,small,mobilenet,model_stock,c3_b0,3,0.0,0.1717,program/MedMNISTMerge/result/pathmnist(1).md
pathmnist,small,mobilenet,model_stock,c3_b0.01,3,0.01,0.1717,program/MedMNISTMerge/result/pathmnist(1).md
pathmnist,small,mobilenet,model_stock,c3_b0.1,3,0.1,0.1032,program/MedMNISTMerge/result/pathmnist(1).md
pathmnist,small,mobilenet,model_stock,c5_b0,5,0.0,0.1717,program/MedMNISTMerge/result/pathmnist(1).md
pathmnist,small,mobilenet,model_stock,c5_b0.01,5,0.01,0.1864,program/MedMNISTMerge/result/pathmnist(1).md
pathmnist,small,mobilenet,model_stock,c5_b0.1,5,0.1,0.1717,program/MedMNISTMerge/result/pathmnist(1).md
pathmnist,small,mobilenet,model_stock,c7_b0,7,0.0,0.1864,program/MedMNISTMerge/result/pathmnist(1).md
pathmnist,small,mobilenet,model_stock,c7_b0.01,7,0.01,0.1864,program/MedMNISTMerge/result/pathmnist(1).md
pathmnist,small,mobilenet,model_stock,c7_b0.1,7,0.1,0.0586,program/MedMNISTMerge/result/pathmnist(1).md
pathmnist,small,mobilenet,from,c3_b0,3,0.0,0.1717,program/MedMNISTMerge/result/pathmnist(1).md
pathmnist,small,mobilenet,from,c3_b0.01,3,0.01,0.118,program/MedMNISTMerge/result/pathmnist(1).md
pathmnist,small,mobilenet,from,c3_b0.1,3,0.1,0.1032,program/MedMNISTMerge/result/pathmnist(1).md
pathmnist,small,mobilenet,from,c5_b0,5,0.0,0.1717,program/MedMNISTMerge/result/pathmnist(1).md
pathmnist,small,mobilenet,from,c5_b0.01,5,0.01,0.0749,program/MedMNISTMerge/result/pathmnist(1).md
pathmnist,small,mobilenet,from,c5_b0.1,5,0.1,0.118,program/MedMNISTMerge/result/pathmnist(1).md
pathmnist,small,mobilenet,from,c7_b0,7,0.0,0.2861,program/MedMNISTMerge/result/pathmnist(1).md
pathmnist,small,mobilenet,from,c7_b0.01,7,0.01,0.118,program/MedMNISTMerge/result/pathmnist(1).md
pathmnist,small,mobilenet,from,c7_b0.1,7,0.1,0.0586,program/MedMNISTMerge/result/pathmnist(1).md
pathmnist,small,mobilenet,iso_c,c3_b0,3,0.0,0.1717,program/MedMNISTMerge/result/pathmnist(1).md
pathmnist,small,mobilenet,iso_c,c3_b0.01,3,0.01,0.1717,program/MedMNISTMerge/result/pathmnist(1).md
pathmnist,small,mobilenet,iso_c,c3_b0.1,3,0.1,0.1032,program/MedMNISTMerge/result/pathmnist(1).md
pathmnist,small,mobilenet,iso_c,c5_b0,5,0.0,0.1717,program/MedMNISTMerge/result/pathmnist(1).md
pathmnist,small,mobilenet,iso_c,c5_b0.01,5,0.01,0.1032,program/MedMNISTMerge/result/pathmnist(1).md
pathmnist,small,mobilenet,iso_c,c5_b0.1,5,0.1,0.1717,program/MedMNISTMerge/result/pathmnist(1).md
pathmnist,small,mobilenet,iso_c,c7_b0,7,0.0,0.1717,program/MedMNISTMerge/result/pathmnist(1).md
pathmnist,small,mobilenet,iso_c,c7_b0.01,7,0.01,0.0586,program/MedMNISTMerge/result/pathmnist(1).md
pathmnist,small,mobilenet,iso_c,c7_b0.1,7,0.1,0.0586,program/MedMNISTMerge/result/pathmnist(1).md
pathmnist,small,mobilenet,free_merge,c3_b0,3,0.0,0.1717,program/MedMNISTMerge/result/pathmnist(1).md
pathmnist,small,mobilenet,free_merge,c3_b0.01,3,0.01,0.1717,program/MedMNISTMerge/result/pathmnist(1).md
pathmnist,small,mobilenet,free_merge,c3_b0.1,3,0.1,0.1032,program/MedMNISTMerge/result/pathmnist(1).md
pathmnist,small,mobilenet,free_merge,c5_b0,5,0.0,0.1717,program/MedMNISTMerge/result/pathmnist(1).md
pathmnist,small,mobilenet,free_merge,c5_b0.01,5,0.01,0.1032,program/MedMNISTMerge/result/pathmnist(1).md
pathmnist,small,mobilenet,free_merge,c5_b0.1,5,0.1,0.1717,program/MedMNISTMerge/result/pathmnist(1).md
pathmnist,small,mobilenet,free_merge,c7_b0,7,0.0,0.1717,program/MedMNISTMerge/result/pathmnist(1).md
pathmnist,small,mobilenet,free_merge,c7_b0.01,7,0.01,0.0586,program/MedMNISTMerge/result/pathmnist(1).md
pathmnist,small,mobilenet,free_merge,c7_b0.1,7,0.1,0.0586,program/MedMNISTMerge/result/pathmnist(1).md
pathmnist,small,mobilenet,robustmerge,c3_b0,3,0.0,0.1717,program/MedMNISTMerge/result/pathmnist(1).md
pathmnist,small,mobilenet,robustmerge,c3_b0.01,3,0.01,0.118,program/MedMNISTMerge/result/pathmnist(1).md
pathmnist,small,mobilenet,robustmerge,c3_b0.1,3,0.1,0.1032,program/MedMNISTMerge/result/pathmnist(1).md
pathmnist,small,mobilenet,robustmerge,c5_b0,5,0.0,0.1717,program/MedMNISTMerge/result/pathmnist(1).md
pathmnist,small,mobilenet,robustmerge,c5_b0.01,5,0.01,0.0472,program/MedMNISTMerge/result/pathmnist(1).md
pathmnist,small,mobilenet,robustmerge,c5_b0.1,5,0.1,0.1717,program/MedMNISTMerge/result/pathmnist(1).md
pathmnist,small,mobilenet,robustmerge,c7_b0,7,0.0,0.1717,program/MedMNISTMerge/result/pathmnist(1).md
pathmnist,small,mobilenet,robustmerge,c7_b0.01,7,0.01,0.0586,program/MedMNISTMerge/result/pathmnist(1).md
pathmnist,small,mobilenet,robustmerge,c7_b0.1,7,0.1,0.0472,program/MedMNISTMerge/result/pathmnist(1).md
pathmnist,small,resnet34,avg,c3_b0,3,0.0,0.0695,program/MedMNISTMerge/result/pathmnist(1).md
pathmnist,small,resnet34,avg,c3_b0.01,3,0.01,0.2123,program/MedMNISTMerge/result/pathmnist(1).md
pathmnist,small,resnet34,avg,c3_b0.1,3,0.1,0.389,program/MedMNISTMerge/result/pathmnist(1).md
pathmnist,small,resnet34,avg,c5_b0,5,0.0,0.0797,program/MedMNISTMerge/result/pathmnist(1).md
pathmnist,small,resnet34,avg,c5_b0.01,5,0.01,0.2673,program/MedMNISTMerge/result/pathmnist(1).md
pathmnist,small,resnet34,avg,c5_b0.1,5,0.1,0.277,program/MedMNISTMerge/result/pathmnist(1).md
pathmnist,small,resnet34,avg,c7_b0,7,0.0,0.0972,program/MedMNISTMerge/result/pathmnist(1).md
pathmnist,small,resnet34,avg,c7_b0.01,7,0.01,0.1546,program/MedMNISTMerge/result/pathmnist(1).md
pathmnist,small,resnet34,avg,c7_b0.1,7,0.1,0.2217,program/MedMNISTMerge/result/pathmnist(1).md
pathmnist,small,resnet34,ties,c3_b0,3,0.0,0.193,program/MedMNISTMerge/result/pathmnist(1).md
pathmnist,small,resnet34,ties,c3_b0.01,3,0.01,0.2228,program/MedMNISTMerge/result/pathmnist(1).md
pathmnist,small,resnet34,ties,c3_b0.1,3,0.1,0.2695,program/MedMNISTMerge/result/pathmnist(1).md
pathmnist,small,resnet34,ties,c5_b0,5,0.0,0.0825,program/MedMNISTMerge/result/pathmnist(1).md
pathmnist,small,resnet34,ties,c5_b0.01,5,0.01,0.2609,program/MedMNISTMerge/result/pathmnist(1).md
pathmnist,small,resnet34,ties,c5_b0.1,5,0.1,0.0649,program/MedMNISTMerge/result/pathmnist(1).md
pathmnist,small,resnet34,ties,c7_b0,7,0.0,0.0387,program/MedMNISTMerge/result/pathmnist(1).md
pathmnist,small,resnet34,ties,c7_b0.01,7,0.01,0.1496,program/MedMNISTMerge/result/pathmnist(1).md
pathmnist,small,resnet34,ties,c7_b0.1,7,0.1,0.3286,program/MedMNISTMerge/result/pathmnist(1).md
pathmnist,small,resnet34,dare_linear,c3_b0,3,0.0,0.1068,program/MedMNISTMerge/result/pathmnist(1).md
pathmnist,small,resnet34,dare_linear,c3_b0.01,3,0.01,0.1533,program/MedMNISTMerge/result/pathmnist(1).md
pathmnist,small,resnet34,dare_linear,c3_b0.1,3,0.1,0.3465,program/MedMNISTMerge/result/pathmnist(1).md
pathmnist,small,resnet34,dare_linear,c5_b0,5,0.0,0.0628,program/MedMNISTMerge/result/pathmnist(1).md
pathmnist,small,resnet34,dare_linear,c5_b0.01,5,0.01,0.2015,program/MedMNISTMerge/result/pathmnist(1).md
pathmnist,small,resnet34,dare_linear,c5_b0.1,5,0.1,0.289,program/MedMNISTMerge/result/pathmnist(1).md
pathmnist,small,resnet34,dare_linear,c7_b0,7,0.0,0.0762,program/MedMNISTMerge/result/pathmnist(1).md
pathmnist,small,resnet34,dare_linear,c7_b0.01,7,0.01,0.1596,program/MedMNISTMerge/result/pathmnist(1).md
pathmnist,small,resnet34,dare_linear,c7_b0.1,7,0.1,0.2022,program/MedMNISTMerge/result/pathmnist(1).md
pathmnist,small,resnet34,dare_ties,c3_b0,3,0.0,0.111,program/MedMNISTMerge/result/pathmnist(1).md
pathmnist,small,resnet34,dare_ties,c3_b0.01,3,0.01,0.0472,program/MedMNISTMerge/result/pathmnist(1).md
pathmnist,small,resnet34,dare_ties,c3_b0.1,3,0.1,0.1347,program/MedMNISTMerge/result/pathmnist(1).md
pathmnist,small,resnet34,dare_ties,c5_b0,5,0.0,0.0825,program/MedMNISTMerge/result/pathmnist(1).md
pathmnist,small,resnet34,dare_ties,c5_b0.01,5,0.01,0.2386,program/MedMNISTMerge/result/pathmnist(1).md
pathmnist,small,resnet34,dare_ties,c5_b0.1,5,0.1,0.1604,program/MedMNISTMerge/result/pathmnist(1).md
pathmnist,small,resnet34,dare_ties,c7_b0,7,0.0,0.0521,program/MedMNISTMerge/result/pathmnist(1).md
pathmnist,small,resnet34,dare_ties,c7_b0.01,7,0.01,0.0825,program/MedMNISTMerge/result/pathmnist(1).md
pathmnist,small,resnet34,dare_ties,c7_b0.1,7,0.1,0.0825,program/MedMNISTMerge/result/pathmnist(1).md
pathmnist,small,resnet34,regmean,c3_b0,3,0.0,0.1748,program/MedMNISTMerge/result/pathmnist(1).md
pathmnist,small,resnet34,regmean,c3_b0.01,3,0.01,0.1187,program/MedMNISTMerge/result/pathmnist(1).md
pathmnist,small,resnet34,regmean,c3_b0.1,3,0.1,0.3872,program/MedMNISTMerge/result/pathmnist(1).md
pathmnist,small,resnet34,regmean,c5_b0,5,0.0,0.0694,program/MedMNISTMerge/result/pathmnist(1).md
pathmnist,small,resnet34,regmean,c5_b0.01,5,0.01,0.2017,program/MedMNISTMerge/result/pathmnist(1).md
pathmnist,small,resnet34,regmean,c5_b0.1,5,0.1,0.2019,program/MedMNISTMerge/result/pathmnist(1).md
pathmnist,small,resnet34,regmean,c7_b0,7,0.0,0.0513,program/MedMNISTMerge/result/pathmnist(1).md
pathmnist,small,resnet34,regmean,c7_b0.01,7,0.01,0.1494,program/MedMNISTMerge/result/pathmnist(1).md
pathmnist,small,resnet34,regmean,c7_b0.1,7,0.1,0.2426,program/MedMNISTMerge/result/pathmnist(1).md
pathmnist,small,resnet34,fisher,c3_b0,3,0.0,0.1925,program/MedMNISTMerge/result/pathmnist(1).md
pathmnist,small,resnet34,fisher,c3_b0.01,3,0.01,0.4749,program/MedMNISTMerge/result/pathmnist(1).md
pathmnist,small,resnet34,fisher,c3_b0.1,3,0.1,0.6107,program/MedMNISTMerge/result/pathmnist(1).md
pathmnist,small,resnet34,fisher,c5_b0,5,0.0,0.0962,program/MedMNISTMerge/result/pathmnist(1).md
pathmnist,small,resnet34,fisher,c5_b0.01,5,0.01,0.107,program/MedMNISTMerge/result/pathmnist(1).md
pathmnist,small,resnet34,fisher,c5_b0.1,5,0.1,0.2838,program/MedMNISTMerge/result/pathmnist(1).md
pathmnist,small,resnet34,fisher,c7_b0,7,0.0,0.1519,program/MedMNISTMerge/result/pathmnist(1).md
pathmnist,small,resnet34,fisher,c7_b0.01,7,0.01,0.0582,program/MedMNISTMerge/result/pathmnist(1).md
pathmnist,small,resnet34,fisher,c7_b0.1,7,0.1,0.5319,program/MedMNISTMerge/result/pathmnist(1).md
pathmnist,small,resnet34,breadcrumbs,c3_b0,3,0.0,0.118,program/MedMNISTMerge/result/pathmnist(1).md
pathmnist,small,resnet34,breadcrumbs,c3_b0.01,3,0.01,0.118,program/MedMNISTMerge/result/pathmnist(1).md
pathmnist,small,resnet34,breadcrumbs,c3_b0.1,3,0.1,0.1864,program/MedMNISTMerge/result/pathmnist(1).md
pathmnist,small,resnet34,breadcrumbs,c5_b0,5,0.0,0.0588,program/MedMNISTMerge/result/pathmnist(1).md
pathmnist,small,resnet34,breadcrumbs,c5_b0.01,5,0.01,0.1876,program/MedMNISTMerge/result/pathmnist(1).md
pathmnist,small,resnet34,breadcrumbs,c5_b0.1,5,0.1,0.118,program/MedMNISTMerge/result/pathmnist(1).md
pathmnist,small,resnet34,breadcrumbs,c7_b0,7,0.0,0.1152,program/MedMNISTMerge/result/pathmnist(1).md
pathmnist,small,resnet34,breadcrumbs,c7_b0.01,7,0.01,0.118,program/MedMNISTMerge/result/pathmnist(1).md
pathmnist,small,resnet34,breadcrumbs,c7_b0.1,7,0.1,0.1469,program/MedMNISTMerge/result/pathmnist(1).md
pathmnist,small,resnet34,model_stock,c3_b0,3,0.0,0.0596,program/MedMNISTMerge/result/pathmnist(1).md
pathmnist,small,resnet34,model_stock,c3_b0.01,3,0.01,0.1645,program/MedMNISTMerge/result/pathmnist(1).md
pathmnist,small,resnet34,model_stock,c3_b0.1,3,0.1,0.3564,program/MedMNISTMerge/result/pathmnist(1).md
pathmnist,small,resnet34,model_stock,c5_b0,5,0.0,0.0762,program/MedMNISTMerge/result/pathmnist(1).md
pathmnist,small,resnet34,model_stock,c5_b0.01,5,0.01,0.2545,program/MedMNISTMerge/result/pathmnist(1).md
pathmnist,small,resnet34,model_stock,c5_b0.1,5,0.1,0.1444,program/MedMNISTMerge/result/pathmnist(1).md
pathmnist,small,resnet34,model_stock,c7_b0,7,0.0,0.1552,program/MedMNISTMerge/result/pathmnist(1).md
pathmnist,small,resnet34,model_stock,c7_b0.01,7,0.01,0.1864,program/MedMNISTMerge/result/pathmnist(1).md
pathmnist,small,resnet34,model_stock,c7_b0.1,7,0.1,0.1645,program/MedMNISTMerge/result/pathmnist(1).md
pathmnist,small,resnet34,from,c3_b0,3,0.0,0.0836,program/MedMNISTMerge/result/pathmnist(1).md
pathmnist,small,resnet34,from,c3_b0.01,3,0.01,0.1301,program/MedMNISTMerge/result/pathmnist(1).md
pathmnist,small,resnet34,from,c3_b0.1,3,0.1,0.3606,program/MedMNISTMerge/result/pathmnist(1).md
pathmnist,small,resnet34,from,c5_b0,5,0.0,0.0631,program/MedMNISTMerge/result/pathmnist(1).md
pathmnist,small,resnet34,from,c5_b0.01,5,0.01,0.2376,program/MedMNISTMerge/result/pathmnist(1).md
pathmnist,small,resnet34,from,c5_b0.1,5,0.1,0.2879,program/MedMNISTMerge/result/pathmnist(1).md
pathmnist,small,resnet34,from,c7_b0,7,0.0,0.3366,program/MedMNISTMerge/result/pathmnist(1).md
pathmnist,small,resnet34,from,c7_b0.01,7,0.01,0.135,program/MedMNISTMerge/result/pathmnist(1).md
pathmnist,small,resnet34,from,c7_b0.1,7,0.1,0.3506,program/MedMNISTMerge/result/pathmnist(1).md
pathmnist,small,resnet34,iso_c,c3_b0,3,0.0,0.0632,program/MedMNISTMerge/result/pathmnist(1).md
pathmnist,small,resnet34,iso_c,c3_b0.01,3,0.01,0.1932,program/MedMNISTMerge/result/pathmnist(1).md
pathmnist,small,resnet34,iso_c,c3_b0.1,3,0.1,0.4283,program/MedMNISTMerge/result/pathmnist(1).md
pathmnist,small,resnet34,iso_c,c5_b0,5,0.0,0.0893,program/MedMNISTMerge/result/pathmnist(1).md
pathmnist,small,resnet34,iso_c,c5_b0.01,5,0.01,0.1872,program/MedMNISTMerge/result/pathmnist(1).md
pathmnist,small,resnet34,iso_c,c5_b0.1,5,0.1,0.2071,program/MedMNISTMerge/result/pathmnist(1).md
pathmnist,small,resnet34,iso_c,c7_b0,7,0.0,0.0549,program/MedMNISTMerge/result/pathmnist(1).md
pathmnist,small,resnet34,iso_c,c7_b0.01,7,0.01,0.1199,program/MedMNISTMerge/result/pathmnist(1).md
pathmnist,small,resnet34,iso_c,c7_b0.1,7,0.1,0.2467,program/MedMNISTMerge/result/pathmnist(1).md
pathmnist,small,resnet34,free_merge,c3_b0,3,0.0,0.0695,program/MedMNISTMerge/result/pathmnist(1).md
pathmnist,small,resnet34,free_merge,c3_b0.01,3,0.01,0.2123,program/MedMNISTMerge/result/pathmnist(1).md
pathmnist,small,resnet34,free_merge,c3_b0.1,3,0.1,0.389,program/MedMNISTMerge/result/pathmnist(1).md
pathmnist,small,resnet34,free_merge,c5_b0,5,0.0,0.0797,program/MedMNISTMerge/result/pathmnist(1).md
pathmnist,small,resnet34,free_merge,c5_b0.01,5,0.01,0.2673,program/MedMNISTMerge/result/pathmnist(1).md
pathmnist,small,resnet34,free_merge,c5_b0.1,5,0.1,0.277,program/MedMNISTMerge/result/pathmnist(1).md
pathmnist,small,resnet34,free_merge,c7_b0,7,0.0,0.0968,program/MedMNISTMerge/result/pathmnist(1).md
pathmnist,small,resnet34,free_merge,c7_b0.01,7,0.01,0.1546,program/MedMNISTMerge/result/pathmnist(1).md
pathmnist,small,resnet34,free_merge,c7_b0.1,7,0.1,0.2217,program/MedMNISTMerge/result/pathmnist(1).md
pathmnist,small,resnet34,robustmerge,c3_b0,3,0.0,0.1237,program/MedMNISTMerge/result/pathmnist(1).md
pathmnist,small,resnet34,robustmerge,c3_b0.01,3,0.01,0.1039,program/MedMNISTMerge/result/pathmnist(1).md
pathmnist,small,resnet34,robustmerge,c3_b0.1,3,0.1,0.3666,program/MedMNISTMerge/result/pathmnist(1).md
pathmnist,small,resnet34,robustmerge,c5_b0,5,0.0,0.0855,program/MedMNISTMerge/result/pathmnist(1).md
pathmnist,small,resnet34,robustmerge,c5_b0.01,5,0.01,0.3585,program/MedMNISTMerge/result/pathmnist(1).md
pathmnist,small,resnet34,robustmerge,c5_b0.1,5,0.1,0.3623,program/MedMNISTMerge/result/pathmnist(1).md
pathmnist,small,resnet34,robustmerge,c7_b0,7,0.0,0.187,program/MedMNISTMerge/result/pathmnist(1).md
pathmnist,small,resnet34,robustmerge,c7_b0.01,7,0.01,0.1589,program/MedMNISTMerge/result/pathmnist(1).md
pathmnist,small,resnet34,robustmerge,c7_b0.1,7,0.1,0.2109,program/MedMNISTMerge/result/pathmnist(1).md
pathmnist,vlm,openai/clip-vit-base-patch32,avg,c3_b0,3,0.0,0.1701,program/MedMNISTMerge/result/pathmnist(1).md
pathmnist,vlm,openai/clip-vit-base-patch32,avg,c3_b0.01,3,0.01,0.212,program/MedMNISTMerge/result/pathmnist(1).md
pathmnist,vlm,openai/clip-vit-base-patch32,avg,c3_b0.1,3,0.1,0.0478,program/MedMNISTMerge/result/pathmnist(1).md
pathmnist,vlm,openai/clip-vit-base-patch32,avg,c5_b0,5,0.0,0.1351,program/MedMNISTMerge/result/pathmnist(1).md
pathmnist,vlm,openai/clip-vit-base-patch32,avg,c5_b0.01,5,0.01,0.1717,program/MedMNISTMerge/result/pathmnist(1).md
pathmnist,vlm,openai/clip-vit-base-patch32,avg,c5_b0.1,5,0.1,0.3145,program/MedMNISTMerge/result/pathmnist(1).md
pathmnist,vlm,openai/clip-vit-base-patch32,avg,c7_b0,7,0.0,0.0825,program/MedMNISTMerge/result/pathmnist(1).md
pathmnist,vlm,openai/clip-vit-base-patch32,avg,c7_b0.01,7,0.01,0.0517,program/MedMNISTMerge/result/pathmnist(1).md
pathmnist,vlm,openai/clip-vit-base-patch32,avg,c7_b0.1,7,0.1,0.0497,program/MedMNISTMerge/result/pathmnist(1).md
pathmnist,vlm,openai/clip-vit-base-patch32,ties,c3_b0,3,0.0,0.2448,program/MedMNISTMerge/result/pathmnist(1).md
pathmnist,vlm,openai/clip-vit-base-patch32,ties,c3_b0.01,3,0.01,0.2923,program/MedMNISTMerge/result/pathmnist(1).md
pathmnist,vlm,openai/clip-vit-base-patch32,ties,c3_b0.1,3,0.1,0.2245,program/MedMNISTMerge/result/pathmnist(1).md
pathmnist,vlm,openai/clip-vit-base-patch32,ties,c5_b0,5,0.0,0.0877,program/MedMNISTMerge/result/pathmnist(1).md
pathmnist,vlm,openai/clip-vit-base-patch32,ties,c5_b0.01,5,0.01,0.0948,program/MedMNISTMerge/result/pathmnist(1).md
pathmnist,vlm,openai/clip-vit-base-patch32,ties,c5_b0.1,5,0.1,0.2226,program/MedMNISTMerge/result/pathmnist(1).md
pathmnist,vlm,openai/clip-vit-base-patch32,ties,c7_b0,7,0.0,0.0825,program/MedMNISTMerge/result/pathmnist(1).md
pathmnist,vlm,openai/clip-vit-base-patch32,ties,c7_b0.01,7,0.01,0.3786,program/MedMNISTMerge/result/pathmnist(1).md
pathmnist,vlm,openai/clip-vit-base-patch32,ties,c7_b0.1,7,0.1,0.1472,program/MedMNISTMerge/result/pathmnist(1).md
pathmnist,vlm,openai/clip-vit-base-patch32,dare_linear,c3_b0,3,0.0,0.1712,program/MedMNISTMerge/result/pathmnist(1).md
pathmnist,vlm,openai/clip-vit-base-patch32,dare_linear,c3_b0.01,3,0.01,0.1702,program/MedMNISTMerge/result/pathmnist(1).md
pathmnist,vlm,openai/clip-vit-base-patch32,dare_linear,c3_b0.1,3,0.1,0.0472,program/MedMNISTMerge/result/pathmnist(1).md
pathmnist,vlm,openai/clip-vit-base-patch32,dare_linear,c5_b0,5,0.0,0.1124,program/MedMNISTMerge/result/pathmnist(1).md
pathmnist,vlm,openai/clip-vit-base-patch32,dare_linear,c5_b0.01,5,0.01,0.1717,program/MedMNISTMerge/result/pathmnist(1).md
pathmnist,vlm,openai/clip-vit-base-patch32,dare_linear,c5_b0.1,5,0.1,0.2978,program/MedMNISTMerge/result/pathmnist(1).md
pathmnist,vlm,openai/clip-vit-base-patch32,dare_linear,c7_b0,7,0.0,0.0825,program/MedMNISTMerge/result/pathmnist(1).md
pathmnist,vlm,openai/clip-vit-base-patch32,dare_linear,c7_b0.01,7,0.01,0.0475,program/MedMNISTMerge/result/pathmnist(1).md
pathmnist,vlm,openai/clip-vit-base-patch32,dare_linear,c7_b0.1,7,0.1,0.0517,program/MedMNISTMerge/result/pathmnist(1).md
pathmnist,vlm,openai/clip-vit-base-patch32,dare_ties,c3_b0,3,0.0,0.0918,program/MedMNISTMerge/result/pathmnist(1).md
pathmnist,vlm,openai/clip-vit-base-patch32,dare_ties,c3_b0.01,3,0.01,0.2578,program/MedMNISTMerge/result/pathmnist(1).md
pathmnist,vlm,openai/clip-vit-base-patch32,dare_ties,c3_b0.1,3,0.1,0.1223,program/MedMNISTMerge/result/pathmnist(1).md
pathmnist,vlm,openai/clip-vit-base-patch32,dare_ties,c5_b0,5,0.0,0.2305,program/MedMNISTMerge/result/pathmnist(1).md
pathmnist,vlm,openai/clip-vit-base-patch32,dare_ties,c5_b0.01,5,0.01,0.1143,program/MedMNISTMerge/result/pathmnist(1).md
pathmnist,vlm,openai/clip-vit-base-patch32,dare_ties,c5_b0.1,5,0.1,0.1861,program/MedMNISTMerge/result/pathmnist(1).md
pathmnist,vlm,openai/clip-vit-base-patch32,dare_ties,c7_b0,7,0.0,0.0825,program/MedMNISTMerge/result/pathmnist(1).md
pathmnist,vlm,openai/clip-vit-base-patch32,dare_ties,c7_b0.01,7,0.01,0.2928,program/MedMNISTMerge/result/pathmnist(1).md
pathmnist,vlm,openai/clip-vit-base-patch32,dare_ties,c7_b0.1,7,0.1,0.1578,program/MedMNISTMerge/result/pathmnist(1).md
pathmnist,vlm,openai/clip-vit-base-patch32,regmean,c3_b0,3,0.0,0.226,program/MedMNISTMerge/result/pathmnist(1).md
pathmnist,vlm,openai/clip-vit-base-patch32,regmean,c3_b0.01,3,0.01,0.2572,program/MedMNISTMerge/result/pathmnist(1).md
pathmnist,vlm,openai/clip-vit-base-patch32,regmean,c3_b0.1,3,0.1,0.2802,program/MedMNISTMerge/result/pathmnist(1).md
pathmnist,vlm,openai/clip-vit-base-patch32,regmean,c5_b0,5,0.0,0.0708,program/MedMNISTMerge/result/pathmnist(1).md
pathmnist,vlm,openai/clip-vit-base-patch32,regmean,c5_b0.01,5,0.01,0.1935,program/MedMNISTMerge/result/pathmnist(1).md
pathmnist,vlm,openai/clip-vit-base-patch32,regmean,c5_b0.1,5,0.1,0.3894,program/MedMNISTMerge/result/pathmnist(1).md
pathmnist,vlm,openai/clip-vit-base-patch32,regmean,c7_b0,7,0.0,0.0825,program/MedMNISTMerge/result/pathmnist(1).md
pathmnist,vlm,openai/clip-vit-base-patch32,regmean,c7_b0.01,7,0.01,0.2479,program/MedMNISTMerge/result/pathmnist(1).md
pathmnist,vlm,openai/clip-vit-base-patch32,regmean,c7_b0.1,7,0.1,0.3302,program/MedMNISTMerge/result/pathmnist(1).md
pathmnist,vlm,openai/clip-vit-base-patch32,fisher,c3_b0,3,0.0,0.104,program/MedMNISTMerge/result/pathmnist(1).md
pathmnist,vlm,openai/clip-vit-base-patch32,fisher,c3_b0.01,3,0.01,0.1022,program/MedMNISTMerge/result/pathmnist(1).md
pathmnist,vlm,openai/clip-vit-base-patch32,fisher,c3_b0.1,3,0.1,0.307,program/MedMNISTMerge/result/pathmnist(1).md
pathmnist,vlm,openai/clip-vit-base-patch32,fisher,c5_b0,5,0.0,0.1032,program/MedMNISTMerge/result/pathmnist(1).md
pathmnist,vlm,openai/clip-vit-base-patch32,fisher,c5_b0.01,5,0.01,0.2203,program/MedMNISTMerge/result/pathmnist(1).md
pathmnist,vlm,openai/clip-vit-base-patch32,fisher,c5_b0.1,5,0.1,0.2077,program/MedMNISTMerge/result/pathmnist(1).md
pathmnist,vlm,openai/clip-vit-base-patch32,fisher,c7_b0,7,0.0,0.118,program/MedMNISTMerge/result/pathmnist(1).md
pathmnist,vlm,openai/clip-vit-base-patch32,fisher,c7_b0.01,7,0.01,0.0472,program/MedMNISTMerge/result/pathmnist(1).md
pathmnist,vlm,openai/clip-vit-base-patch32,fisher,c7_b0.1,7,0.1,0.1453,program/MedMNISTMerge/result/pathmnist(1).md
pathmnist,vlm,openai/clip-vit-base-patch32,breadcrumbs,c3_b0,3,0.0,0.0825,program/MedMNISTMerge/result/pathmnist(1).md
pathmnist,vlm,openai/clip-vit-base-patch32,breadcrumbs,c3_b0.01,3,0.01,0.0882,program/MedMNISTMerge/result/pathmnist(1).md
pathmnist,vlm,openai/clip-vit-base-patch32,breadcrumbs,c3_b0.1,3,0.1,0.1089,program/MedMNISTMerge/result/pathmnist(1).md
pathmnist,vlm,openai/clip-vit-base-patch32,breadcrumbs,c5_b0,5,0.0,0.0616,program/MedMNISTMerge/result/pathmnist(1).md
pathmnist,vlm,openai/clip-vit-base-patch32,breadcrumbs,c5_b0.01,5,0.01,0.1717,program/MedMNISTMerge/result/pathmnist(1).md
pathmnist,vlm,openai/clip-vit-base-patch32,breadcrumbs,c5_b0.1,5,0.1,0.2713,program/MedMNISTMerge/result/pathmnist(1).md
pathmnist,vlm,openai/clip-vit-base-patch32,breadcrumbs,c7_b0,7,0.0,0.118,program/MedMNISTMerge/result/pathmnist(1).md
pathmnist,vlm,openai/clip-vit-base-patch32,breadcrumbs,c7_b0.01,7,0.01,0.1166,program/MedMNISTMerge/result/pathmnist(1).md
pathmnist,vlm,openai/clip-vit-base-patch32,breadcrumbs,c7_b0.1,7,0.1,0.1864,program/MedMNISTMerge/result/pathmnist(1).md
pathmnist,vlm,openai/clip-vit-base-patch32,model_stock,c3_b0,3,0.0,0.1712,program/MedMNISTMerge/result/pathmnist(1).md
pathmnist,vlm,openai/clip-vit-base-patch32,model_stock,c3_b0.01,3,0.01,0.1667,program/MedMNISTMerge/result/pathmnist(1).md
pathmnist,vlm,openai/clip-vit-base-patch32,model_stock,c3_b0.1,3,0.1,0.0786,program/MedMNISTMerge/result/pathmnist(1).md
pathmnist,vlm,openai/clip-vit-base-patch32,model_stock,c5_b0,5,0.0,0.1481,program/MedMNISTMerge/result/pathmnist(1).md
pathmnist,vlm,openai/clip-vit-base-patch32,model_stock,c5_b0.01,5,0.01,0.1717,program/MedMNISTMerge/result/pathmnist(1).md
pathmnist,vlm,openai/clip-vit-base-patch32,model_stock,c5_b0.1,5,0.1,0.2487,program/MedMNISTMerge/result/pathmnist(1).md
pathmnist,vlm,openai/clip-vit-base-patch32,model_stock,c7_b0,7,0.0,0.1032,program/MedMNISTMerge/result/pathmnist(1).md
pathmnist,vlm,openai/clip-vit-base-patch32,model_stock,c7_b0.01,7,0.01,0.118,program/MedMNISTMerge/result/pathmnist(1).md
pathmnist,vlm,openai/clip-vit-base-patch32,model_stock,c7_b0.1,7,0.1,0.2117,program/MedMNISTMerge/result/pathmnist(1).md
pathmnist,vlm,openai/clip-vit-base-patch32,from,c3_b0,3,0.0,0.1717,program/MedMNISTMerge/result/pathmnist(1).md
pathmnist,vlm,openai/clip-vit-base-patch32,from,c3_b0.01,3,0.01,0.2497,program/MedMNISTMerge/result/pathmnist(1).md
pathmnist,vlm,openai/clip-vit-base-patch32,from,c3_b0.1,3,0.1,0.0472,program/MedMNISTMerge/result/pathmnist(1).md
pathmnist,vlm,openai/clip-vit-base-patch32,from,c5_b0,5,0.0,0.3319,program/MedMNISTMerge/result/pathmnist(1).md
pathmnist,vlm,openai/clip-vit-base-patch32,from,c5_b0.01,5,0.01,0.266,program/MedMNISTMerge/result/pathmnist(1).md
pathmnist,vlm,openai/clip-vit-base-patch32,from,c5_b0.1,5,0.1,0.3448,program/MedMNISTMerge/result/pathmnist(1).md
pathmnist,vlm,openai/clip-vit-base-patch32,from,c7_b0,7,0.0,0.0883,program/MedMNISTMerge/result/pathmnist(1).md
pathmnist,vlm,openai/clip-vit-base-patch32,from,c7_b0.01,7,0.01,0.3794,program/MedMNISTMerge/result/pathmnist(1).md
pathmnist,vlm,openai/clip-vit-base-patch32,from,c7_b0.1,7,0.1,0.1474,program/MedMNISTMerge/result/pathmnist(1).md
pathmnist,vlm,openai/clip-vit-base-patch32,iso_c,c3_b0,3,0.0,0.2435,program/MedMNISTMerge/result/pathmnist(1).md
pathmnist,vlm,openai/clip-vit-base-patch32,iso_c,c3_b0.01,3,0.01,0.1536,program/MedMNISTMerge/result/pathmnist(1).md
pathmnist,vlm,openai/clip-vit-base-patch32,iso_c,c3_b0.1,3,0.1,0.3036,program/MedMNISTMerge/result/pathmnist(1).md
pathmnist,vlm,openai/clip-vit-base-patch32,iso_c,c5_b0,5,0.0,0.1808,program/MedMNISTMerge/result/pathmnist(1).md
pathmnist,vlm,openai/clip-vit-base-patch32,iso_c,c5_b0.01,5,0.01,0.068,program/MedMNISTMerge/result/pathmnist(1).md
pathmnist,vlm,openai/clip-vit-base-patch32,iso_c,c5_b0.1,5,0.1,0.1864,program/MedMNISTMerge/result/pathmnist(1).md
pathmnist,vlm,openai/clip-vit-base-patch32,iso_c,c7_b0,7,0.0,0.2177,program/MedMNISTMerge/result/pathmnist(1).md
pathmnist,vlm,openai/clip-vit-base-patch32,iso_c,c7_b0.01,7,0.01,0.1208,program/MedMNISTMerge/result/pathmnist(1).md
pathmnist,vlm,openai/clip-vit-base-patch32,iso_c,c7_b0.1,7,0.1,0.1864,program/MedMNISTMerge/result/pathmnist(1).md
pathmnist,vlm,openai/clip-vit-base-patch32,free_merge,c3_b0,3,0.0,0.1717,program/MedMNISTMerge/result/pathmnist(1).md
pathmnist,vlm,openai/clip-vit-base-patch32,free_merge,c3_b0.01,3,0.01,0.2227,program/MedMNISTMerge/result/pathmnist(1).md
pathmnist,vlm,openai/clip-vit-base-patch32,free_merge,c3_b0.1,3,0.1,0.0476,program/MedMNISTMerge/result/pathmnist(1).md
pathmnist,vlm,openai/clip-vit-base-patch32,free_merge,c5_b0,5,0.0,0.1717,program/MedMNISTMerge/result/pathmnist(1).md
pathmnist,vlm,openai/clip-vit-base-patch32,free_merge,c5_b0.01,5,0.01,0.1717,program/MedMNISTMerge/result/pathmnist(1).md
pathmnist,vlm,openai/clip-vit-base-patch32,free_merge,c5_b0.1,5,0.1,0.3205,program/MedMNISTMerge/result/pathmnist(1).md
pathmnist,vlm,openai/clip-vit-base-patch32,free_merge,c7_b0,7,0.0,0.0825,program/MedMNISTMerge/result/pathmnist(1).md
pathmnist,vlm,openai/clip-vit-base-patch32,free_merge,c7_b0.01,7,0.01,0.1953,program/MedMNISTMerge/result/pathmnist(1).md
pathmnist,vlm,openai/clip-vit-base-patch32,free_merge,c7_b0.1,7,0.1,0.0496,program/MedMNISTMerge/result/pathmnist(1).md
pathmnist,vlm,openai/clip-vit-base-patch32,robustmerge,c3_b0,3,0.0,0.0408,program/MedMNISTMerge/result/pathmnist(1).md
pathmnist,vlm,openai/clip-vit-base-patch32,robustmerge,c3_b0.01,3,0.01,0.1187,program/MedMNISTMerge/result/pathmnist(1).md
pathmnist,vlm,openai/clip-vit-base-patch32,robustmerge,c3_b0.1,3,0.1,0.0692,program/MedMNISTMerge/result/pathmnist(1).md
pathmnist,vlm,openai/clip-vit-base-patch32,robustmerge,c5_b0,5,0.0,0.2081,program/MedMNISTMerge/result/pathmnist(1).md
pathmnist,vlm,openai/clip-vit-base-patch32,robustmerge,c5_b0.01,5,0.01,0.1717,program/MedMNISTMerge/result/pathmnist(1).md
pathmnist,vlm,openai/clip-vit-base-patch32,robustmerge,c5_b0.1,5,0.1,0.2279,program/MedMNISTMerge/result/pathmnist(1).md
pathmnist,vlm,openai/clip-vit-base-patch32,robustmerge,c7_b0,7,0.0,0.0825,program/MedMNISTMerge/result/pathmnist(1).md
pathmnist,vlm,openai/clip-vit-base-patch32,robustmerge,c7_b0.01,7,0.01,0.0472,program/MedMNISTMerge/result/pathmnist(1).md
pathmnist,vlm,openai/clip-vit-base-patch32,robustmerge,c7_b0.1,7,0.1,0.1705,program/MedMNISTMerge/result/pathmnist(1).md
