domain,dataset,split,sample_index,true_label,avg_prediction,tsne_x,tsne_y
medical,dermamnist_224,test,0,5,5,-23.336782,-4.478171
medical,dermamnist_224,test,1,3,5,42.051735,-8.151933
medical,dermamnist_224,test,2,4,5,60.600262,0.227416
medical,dermamnist_224,test,3,0,5,54.860767,-2.108975
medical,dermamnist_224,test,4,5,5,-51.978378,-0.479343
medical,dermamnist_224,test,5,5,5,-10.517704,2.842518
medical,dermamnist_224,test,6,5,5,-45.146740,10.383655
medical,dermamnist_224,test,7,4,5,-50.173603,10.003142
medical,dermamnist_224,test,8,5,5,2.696597,2.988669
medical,dermamnist_224,test,9,2,5,11.781994,-5.396151
medical,dermamnist_224,test,10,1,5,24.054588,6.620921
medical,dermamnist_224,test,11,5,5,-1.051765,0.675170
medical,dermamnist_224,test,12,4,5,-8.363236,7.273747
medical,dermamnist_224,test,13,5,5,62.178345,7.700122
medical,dermamnist_224,test,14,5,5,-6.502915,-6.978848
medical,dermamnist_224,test,15,4,5,-16.988453,3.873625
medical,dermamnist_224,test,16,4,5,17.502373,-7.941466
medical,dermamnist_224,test,17,2,5,54.427788,6.448890
medical,dermamnist_224,test,18,5,5,33.575317,-11.606511
medical,dermamnist_224,test,19,2,5,-41.900097,10.737793
medical,dermamnist_224,test,20,5,5,26.074490,-14.662693
medical,dermamnist_224,test,21,5,5,18.557808,-1.294007
medical,dermamnist_224,test,22,5,5,-25.192129,-12.772540
medical,dermamnist_224,test,23,5,5,13.712284,1.955247
medical,dermamnist_224,test,24,5,5,-58.082310,5.265578
medical,dermamnist_224,test,25,5,5,-34.547012,8.255963
medical,dermamnist_224,test,26,5,5,24.230516,-14.448142
medical,dermamnist_224,test,27,5,5,-1.637127,-6.503433
medical,dermamnist_224,test,28,5,5,-41.031208,7.414551
medical,dermamnist_224,test,29,2,5,1.473450,-4.584901
medical,dermamnist_224,test,30,5,5,-13.863847,-2.011001
medical,dermamnist_224,test,31,5,5,10.595583,4.168818
medical,dermamnist_224,test,32,4,5,-16.978474,3.296117
medical,dermamnist_224,test,33,5,5,18.831957,-3.249039
medical,dermamnist_224,test,34,2,5,65.226517,3.967953
medical,dermamnist_224,test,35,2,5,41.680622,-3.615697
medical,dermamnist_224,test,36,2,5,37.725075,-0.810027
medical,dermamnist_224,test,37,5,5,46.283154,-3.415456
medical,dermamnist_224,test,38,2,5,26.991556,3.367294
medical,dermamnist_224,test,39,1,5,-12.641725,-14.815455
medical,dermamnist_224,test,40,5,5,-33.889149,-0.249304
medical,dermamnist_224,test,41,5,5,-24.369759,-7.531364
medical,dermamnist_224,test,42,5,5,19.212614,-12.001231
medical,dermamnist_224,test,43,5,5,-38.401867,12.665199
medical,dermamnist_224,test,44,5,5,32.900654,-1.605654
medical,dermamnist_224,test,45,1,5,10.640898,0.058632
medical,dermamnist_224,test,46,5,5,-6.190580,5.401969
medical,dermamnist_224,test,47,5,5,-57.677639,3.337663
medical,dermamnist_224,test,48,5,5,23.232559,-12.981233
medical,dermamnist_224,test,49,5,5,-38.753468,10.688272
medical,dermamnist_224,test,50,5,5,35.776241,-12.947097
medical,dermamnist_224,test,51,5,5,-7.035954,-2.331353
medical,dermamnist_224,test,52,5,5,-8.779401,-6.473191
medical,dermamnist_224,test,53,5,5,-12.795274,0.114471
medical,dermamnist_224,test,54,5,5,20.461472,-7.644457
medical,dermamnist_224,test,55,2,5,-44.274799,-8.761446
medical,dermamnist_224,test,56,3,5,25.421928,-7.659173
medical,dermamnist_224,test,57,2,5,60.608292,-0.637411
medical,dermamnist_224,test,58,5,5,-24.658173,-9.855988
medical,dermamnist_224,test,59,5,5,-0.885280,4.777099
medical,dermamnist_224,test,60,5,5,-13.104689,2.768311
medical,dermamnist_224,test,61,5,5,-48.934528,-3.137026
medical,dermamnist_224,test,62,0,5,59.672638,-1.044984
medical,dermamnist_224,test,63,5,5,-35.103424,-13.525497
medical,dermamnist_224,test,64,5,5,21.520597,-8.579921
medical,dermamnist_224,test,65,5,5,-13.263439,-10.291039
medical,dermamnist_224,test,66,4,5,-30.598948,4.614782
medical,dermamnist_224,test,67,5,5,-1.107276,-9.222197
medical,dermamnist_224,test,68,4,5,-46.496647,4.655842
medical,dermamnist_224,test,69,5,5,-59.483414,5.999046
medical,dermamnist_224,test,70,5,5,0.411221,4.612946
medical,dermamnist_224,test,71,5,5,-12.445704,-6.967504
medical,dermamnist_224,test,72,1,5,33.664700,3.499049
medical,dermamnist_224,test,73,3,5,55.913113,5.844030
medical,dermamnist_224,test,74,4,5,16.015980,6.331344
medical,dermamnist_224,test,75,5,5,16.841236,0.683457
medical,dermamnist_224,test,76,5,5,30.416231,-2.729839
medical,dermamnist_224,test,77,4,5,-44.579773,11.690219
medical,dermamnist_224,test,78,5,5,30.108925,5.131536
medical,dermamnist_224,test,79,5,5,0.535027,-7.241202
medical,dermamnist_224,test,80,5,5,-27.554693,-9.474577
medical,dermamnist_224,test,81,5,5,-34.707066,-5.858323
medical,dermamnist_224,test,82,5,5,41.581947,-3.432895
medical,dermamnist_224,test,83,5,5,50.312206,4.194262
medical,dermamnist_224,test,84,5,5,15.999838,-8.347206
medical,dermamnist_224,test,85,5,5,60.171253,5.757851
medical,dermamnist_224,test,86,4,5,-1.871052,10.821119
medical,dermamnist_224,test,87,5,5,19.943672,-8.417355
medical,dermamnist_224,test,88,5,5,-18.540743,-9.413778
medical,dermamnist_224,test,89,5,5,-8.056378,5.891560
medical,dermamnist_224,test,90,5,5,-36.514233,-11.166263
medical,dermamnist_224,test,91,5,5,-5.910428,6.940233
medical,dermamnist_224,test,92,1,5,35.462906,-4.422759
medical,dermamnist_224,test,93,5,5,-51.416477,2.413798
medical,dermamnist_224,test,94,5,5,-34.511120,-12.013972
medical,dermamnist_224,test,95,5,5,-15.618800,-12.118743
medical,dermamnist_224,test,96,4,5,-30.092516,-13.980028
medical,dermamnist_224,test,97,5,5,-51.579971,-1.904803
medical,dermamnist_224,test,98,5,5,-32.334431,-16.151989
medical,dermamnist_224,test,99,5,5,-22.068314,-11.736123
medical,dermamnist_224,test,100,4,5,-41.930840,13.746090
medical,dermamnist_224,test,101,5,5,-26.544535,-0.343143
medical,dermamnist_224,test,102,5,5,-47.940113,7.448613
medical,dermamnist_224,test,103,5,5,55.296459,-0.985967
medical,dermamnist_224,test,104,5,5,-13.382070,-6.022225
medical,dermamnist_224,test,105,2,5,-17.372252,4.878345
medical,dermamnist_224,test,106,5,5,-33.092968,-8.026418
medical,dermamnist_224,test,107,5,5,3.126918,1.948270
medical,dermamnist_224,test,108,5,5,-26.606123,-5.093509
medical,dermamnist_224,test,109,5,5,-54.138477,0.107796
medical,dermamnist_224,test,110,5,5,11.336858,4.790321
medical,dermamnist_224,test,111,3,5,51.065815,6.023801
medical,dermamnist_224,test,112,5,5,36.790981,-1.789754
medical,dermamnist_224,test,113,5,5,-19.588657,4.620700
medical,dermamnist_224,test,114,1,5,33.586502,9.401937
medical,dermamnist_224,test,115,5,5,43.214146,0.480741
medical,dermamnist_224,test,116,5,5,-11.157079,1.643781
medical,dermamnist_224,test,117,5,5,-4.742479,-2.841167
medical,dermamnist_224,test,118,2,5,24.422014,2.098607
medical,dermamnist_224,test,119,5,5,22.915110,3.887473
medical,dermamnist_224,test,120,4,5,-20.546814,9.831849
medical,dermamnist_224,test,121,5,5,-4.812257,6.446504
medical,dermamnist_224,test,122,5,5,-4.822180,6.870279
medical,dermamnist_224,test,123,5,5,-22.237280,11.625547
medical,dermamnist_224,test,124,5,5,31.369432,-1.515366
medical,dermamnist_224,test,125,4,5,-53.849449,7.546770
medical,dermamnist_224,test,126,5,5,65.741287,4.951870
medical,dermamnist_224,test,127,2,5,10.818043,2.547319
medical,dermamnist_224,test,128,4,5,-14.336651,-3.238881
medical,dermamnist_224,test,129,5,5,30.409168,7.252449
medical,dermamnist_224,test,130,4,5,-14.039325,-13.522690
medical,dermamnist_224,test,131,2,5,-54.846294,7.868013
medical,dermamnist_224,test,132,1,5,30.808565,9.083084
medical,dermamnist_224,test,133,5,5,-46.023285,4.067141
medical,dermamnist_224,test,134,5,5,-57.497955,3.824371
medical,dermamnist_224,test,135,5,5,10.833298,-8.696425
medical,dermamnist_224,test,136,5,5,35.983513,-1.053249
medical,dermamnist_224,test,137,4,5,-38.526001,-1.532579
medical,dermamnist_224,test,138,5,5,-51.158787,4.413843
medical,dermamnist_224,test,139,2,5,43.553818,2.329487
medical,dermamnist_224,test,140,4,5,-49.966000,11.025363
medical,dermamnist_224,test,141,5,5,-6.958825,4.595918
medical,dermamnist_224,test,142,5,5,5.852408,4.020642
medical,dermamnist_224,test,143,2,5,12.443385,-5.486223
medical,dermamnist_224,test,144,5,5,-35.335644,-12.595035
medical,dermamnist_224,test,145,2,5,61.319492,1.417087
medical,dermamnist_224,test,146,5,5,-40.301395,-0.858550
medical,dermamnist_224,test,147,5,5,-30.461100,6.213926
medical,dermamnist_224,test,148,5,5,-32.139244,12.459822
medical,dermamnist_224,test,149,5,5,26.392080,6.596860
medical,dermamnist_224,test,150,5,5,-44.598988,-6.330204
medical,dermamnist_224,test,151,5,5,41.176060,-4.271531
medical,dermamnist_224,test,152,5,5,36.335041,-0.551915
medical,dermamnist_224,test,153,5,5,22.441898,-2.748957
medical,dermamnist_224,test,154,4,5,-49.735920,6.466822
medical,dermamnist_224,test,155,5,5,-27.518000,-3.164092
medical,dermamnist_224,test,156,5,5,-12.962828,-12.305129
medical,dermamnist_224,test,157,5,5,-33.559513,4.713802
medical,dermamnist_224,test,158,4,5,60.485077,2.874765
medical,dermamnist_224,test,159,2,5,63.687233,2.187496
medical,dermamnist_224,test,160,5,5,-34.966160,-5.871028
medical,dermamnist_224,test,161,1,5,-44.804920,-11.196614
medical,dermamnist_224,test,162,5,5,16.882633,7.676246
medical,dermamnist_224,test,163,2,5,15.223713,-4.016280
medical,dermamnist_224,test,164,5,5,30.278410,-6.558236
medical,dermamnist_224,test,165,2,5,27.545944,7.784115
medical,dermamnist_224,test,166,5,5,-44.591724,2.367195
medical,dermamnist_224,test,167,5,5,-7.803085,-4.588345
medical,dermamnist_224,test,168,0,5,62.295086,0.624389
medical,dermamnist_224,test,169,1,5,-30.187328,-16.692039
medical,dermamnist_224,test,170,4,5,2.284896,-3.579390
medical,dermamnist_224,test,171,5,5,57.344204,-0.076460
medical,dermamnist_224,test,172,5,5,23.622047,-6.812946
medical,dermamnist_224,test,173,5,5,-48.128689,2.331158
medical,dermamnist_224,test,174,5,5,0.146924,-6.326497
medical,dermamnist_224,test,175,6,5,-12.466910,-15.610550
medical,dermamnist_224,test,176,5,5,1.768398,5.784083
medical,dermamnist_224,test,177,4,5,-39.315739,13.707479
medical,dermamnist_224,test,178,2,5,17.258060,-12.552094
medical,dermamnist_224,test,179,1,5,-19.476030,-3.835188
medical,dermamnist_224,test,180,5,5,-42.396397,3.165053
medical,dermamnist_224,test,181,5,5,-24.544443,-12.675319
medical,dermamnist_224,test,182,2,5,54.294243,-1.927404
medical,dermamnist_224,test,183,5,5,12.654570,3.693466
medical,dermamnist_224,test,184,5,5,26.006439,7.092842
medical,dermamnist_224,test,185,5,5,-47.574608,6.173635
medical,dermamnist_224,test,186,5,5,48.203903,-5.146645
medical,dermamnist_224,test,187,2,5,64.294456,4.420354
medical,dermamnist_224,test,188,2,5,39.315502,-1.626173
medical,dermamnist_224,test,189,0,5,52.819794,-3.978426
medical,dermamnist_224,test,190,5,5,30.840965,4.644119
medical,dermamnist_224,test,191,4,5,-25.996605,8.823990
medical,dermamnist_224,test,192,2,5,-24.616150,10.960390
medical,dermamnist_224,test,193,5,5,-42.390106,13.755341
medical,dermamnist_224,test,194,4,5,-50.362656,0.089823
medical,dermamnist_224,test,195,5,5,-46.888477,-1.792505
medical,dermamnist_224,test,196,5,5,59.007221,-1.329010
medical,dermamnist_224,test,197,5,5,-25.006994,-6.489083
medical,dermamnist_224,test,198,5,5,-57.125557,1.716463
medical,dermamnist_224,test,199,0,5,10.480137,10.054269
medical,dermamnist_224,test,200,5,5,-52.986526,2.340952
medical,dermamnist_224,test,201,5,5,17.936514,7.954059
medical,dermamnist_224,test,202,5,5,-26.735226,-13.092355
medical,dermamnist_224,test,203,5,5,-32.105087,10.000194
medical,dermamnist_224,test,204,2,5,-58.197021,6.818525
medical,dermamnist_224,test,205,5,5,9.289641,7.905872
medical,dermamnist_224,test,206,5,5,35.389881,0.199980
medical,dermamnist_224,test,207,5,5,30.126020,-2.189126
medical,dermamnist_224,test,208,5,5,-6.909234,-5.404588
medical,dermamnist_224,test,209,4,5,6.811031,9.654805
medical,dermamnist_224,test,210,4,5,29.220741,-8.105676
medical,dermamnist_224,test,211,5,5,-18.314510,1.010854
medical,dermamnist_224,test,212,5,5,12.230608,8.144408
medical,dermamnist_224,test,213,5,5,28.115519,-6.969376
medical,dermamnist_224,test,214,1,5,-28.590691,-15.884988
medical,dermamnist_224,test,215,0,5,15.517580,-0.142310
medical,dermamnist_224,test,216,5,5,-24.174208,11.417958
medical,dermamnist_224,test,217,5,5,36.021400,-12.586123
medical,dermamnist_224,test,218,6,5,-25.644495,-16.462002
medical,dermamnist_224,test,219,5,5,-26.403416,0.553810
medical,dermamnist_224,test,220,5,5,-42.237785,1.467784
medical,dermamnist_224,test,221,2,5,19.417150,-0.466033
medical,dermamnist_224,test,222,2,5,9.749186,2.085132
medical,dermamnist_224,test,223,5,5,30.000628,-0.530882
medical,dermamnist_224,test,224,5,5,14.418184,11.471937
medical,dermamnist_224,test,225,5,5,48.672848,-3.828397
medical,dermamnist_224,test,226,5,5,11.718013,7.557309
medical,dermamnist_224,test,227,5,5,-1.162386,6.327862
medical,dermamnist_224,test,228,5,5,-43.098392,11.292090
medical,dermamnist_224,test,229,5,5,5.359871,-1.604067
medical,dermamnist_224,test,230,5,5,-35.316769,8.086916
medical,dermamnist_224,test,231,5,5,-16.514561,-3.268316
medical,dermamnist_224,test,232,5,5,1.612006,2.800782
medical,dermamnist_224,test,233,5,5,15.951387,-1.013460
medical,dermamnist_224,test,234,4,5,3.263428,10.900022
medical,dermamnist_224,test,235,2,5,-18.442123,6.356907
medical,dermamnist_224,test,236,5,5,29.259382,-3.674927
medical,dermamnist_224,test,237,4,5,1.193775,10.369859
medical,dermamnist_224,test,238,5,5,-54.373005,-0.998077
medical,dermamnist_224,test,239,5,5,37.994335,-10.394382
medical,dermamnist_224,test,240,5,5,18.084074,-3.042158
medical,dermamnist_224,test,241,5,5,-42.616554,6.851009
medical,dermamnist_224,test,242,4,5,5.194715,-9.139771
medical,dermamnist_224,test,243,5,5,-9.911989,1.965419
medical,dermamnist_224,test,244,0,5,7.402267,10.213820
medical,dermamnist_224,test,245,5,5,-19.820131,8.642016
medical,dermamnist_224,test,246,5,5,-32.856144,4.727150
medical,dermamnist_224,test,247,5,5,26.064972,-3.140650
medical,dermamnist_224,test,248,4,5,17.668491,0.394530
medical,dermamnist_224,test,249,1,5,-58.229420,4.492593
medical,dermamnist_224,test,250,5,5,-43.125950,9.646315
medical,dermamnist_224,test,251,2,5,30.700684,1.015035
medical,dermamnist_224,test,252,5,5,-35.520679,-11.862924
medical,dermamnist_224,test,253,5,5,18.208115,-6.318540
medical,dermamnist_224,test,254,5,5,-14.585825,-10.627920
medical,dermamnist_224,test,255,4,5,-26.580780,-3.905329
medical,dermamnist_224,test,256,5,5,-5.435818,7.646668
medical,dermamnist_224,test,257,5,5,15.594655,-12.675579
medical,dermamnist_224,test,258,5,5,45.337196,-1.765117
medical,dermamnist_224,test,259,2,5,41.148624,-2.485904
medical,dermamnist_224,test,260,5,5,-28.548088,-10.500201
medical,dermamnist_224,test,261,1,5,-31.400074,-16.117912
medical,dermamnist_224,test,262,4,5,0.883374,3.256613
medical,dermamnist_224,test,263,2,5,-45.725975,-5.117738
medical,dermamnist_224,test,264,5,5,36.366009,-4.074631
medical,dermamnist_224,test,265,5,5,-37.748295,-0.645003
medical,dermamnist_224,test,266,4,5,-49.026634,9.635156
medical,dermamnist_224,test,267,5,5,22.518894,2.512218
medical,dermamnist_224,test,268,5,5,33.903496,0.437475
medical,dermamnist_224,test,269,0,5,58.977909,-3.855331
medical,dermamnist_224,test,270,5,5,30.806293,-1.847153
medical,dermamnist_224,test,271,5,5,23.584515,8.067563
medical,dermamnist_224,test,272,5,5,-40.046867,3.138549
medical,dermamnist_224,test,273,1,5,-29.577785,0.735553
medical,dermamnist_224,test,274,5,5,-27.919418,1.353267
medical,dermamnist_224,test,275,5,5,-48.456474,11.897900
medical,dermamnist_224,test,276,4,5,-53.522011,6.138031
medical,dermamnist_224,test,277,5,5,-10.059057,4.315615
medical,dermamnist_224,test,278,5,5,-23.158375,2.203577
medical,dermamnist_224,test,279,5,5,-26.805655,-15.474875
medical,dermamnist_224,test,280,5,5,-13.171125,-5.788754
medical,dermamnist_224,test,281,5,5,-24.913483,-4.012528
medical,dermamnist_224,test,282,5,5,14.451137,7.671651
medical,dermamnist_224,test,283,5,5,33.632378,1.788033
medical,dermamnist_224,test,284,5,5,-0.837411,0.590869
medical,dermamnist_224,test,285,4,5,-39.069969,-0.487005
medical,dermamnist_224,test,286,6,5,-5.313373,-2.039433
medical,dermamnist_224,test,287,5,5,55.815548,-0.307196
medical,dermamnist_224,test,288,4,5,-50.860390,8.306119
medical,dermamnist_224,test,289,5,5,-30.923393,-4.738687
medical,dermamnist_224,test,290,4,5,-52.905895,-0.864023
medical,dermamnist_224,test,291,5,5,-54.530556,10.964486
medical,dermamnist_224,test,292,5,5,-12.581571,-3.674368
medical,dermamnist_224,test,293,1,5,48.033611,6.873882
medical,dermamnist_224,test,294,2,5,66.286995,3.629475
medical,dermamnist_224,test,295,5,5,23.409140,1.607876
medical,dermamnist_224,test,296,2,5,-42.885311,12.695148
medical,dermamnist_224,test,297,0,5,-25.593191,-2.141248
medical,dermamnist_224,test,298,5,5,12.837558,3.223471
medical,dermamnist_224,test,299,5,5,-0.724962,-10.240679
medical,dermamnist_224,test,300,2,5,-0.100532,10.955186
medical,dermamnist_224,test,301,5,5,5.191290,0.186845
medical,dermamnist_224,test,302,1,5,15.228878,12.334258
medical,dermamnist_224,test,303,5,5,58.915909,-0.797554
medical,dermamnist_224,test,304,2,5,34.867222,4.193169
medical,dermamnist_224,test,305,5,5,-16.198765,1.545946
medical,dermamnist_224,test,306,5,5,50.362267,-1.308718
medical,dermamnist_224,test,307,5,5,29.212648,5.887736
medical,dermamnist_224,test,308,5,5,-3.008133,5.118419
medical,dermamnist_224,test,309,5,5,-49.263504,5.069360
medical,dermamnist_224,test,310,4,5,-48.004684,8.778518
medical,dermamnist_224,test,311,5,5,-30.142290,-8.930596
medical,dermamnist_224,test,312,0,5,58.088577,-3.877179
medical,dermamnist_224,test,313,5,5,-32.395462,13.637847
medical,dermamnist_224,test,314,5,5,11.297220,6.567843
medical,dermamnist_224,test,315,1,5,-32.798958,-8.163273
medical,dermamnist_224,test,316,2,5,0.349030,10.594049
medical,dermamnist_224,test,317,5,5,55.387589,0.931657
medical,dermamnist_224,test,318,5,5,-8.395646,2.329014
medical,dermamnist_224,test,319,5,5,54.575127,-3.821898
medical,dermamnist_224,test,320,5,5,-20.243692,9.283410
medical,dermamnist_224,test,321,4,5,23.227957,-1.626101
medical,dermamnist_224,test,322,5,5,22.353056,-13.979194
medical,dermamnist_224,test,323,2,5,32.861080,-13.805565
medical,dermamnist_224,test,324,5,5,-32.330830,-15.124630
medical,dermamnist_224,test,325,4,5,-27.240524,-13.979793
medical,dermamnist_224,test,326,5,5,-20.836554,-14.928997
medical,dermamnist_224,test,327,5,5,-28.999327,-11.799958
medical,dermamnist_224,test,328,2,5,15.453754,-0.010020
medical,dermamnist_224,test,329,2,5,62.886520,2.780784
medical,dermamnist_224,test,330,5,5,17.267122,7.297660
medical,dermamnist_224,test,331,5,5,18.812428,-6.605282
medical,dermamnist_224,test,332,5,5,28.676195,-0.886371
medical,dermamnist_224,test,333,1,5,61.904530,7.958422
medical,dermamnist_224,test,334,5,5,-38.331223,-7.973729
medical,dermamnist_224,test,335,1,5,-45.445934,-10.690660
medical,dermamnist_224,test,336,5,5,-57.214314,3.531786
medical,dermamnist_224,test,337,5,5,14.074700,0.078431
medical,dermamnist_224,test,338,5,5,29.989929,-5.757764
medical,dermamnist_224,test,339,5,5,17.852703,8.650020
medical,dermamnist_224,test,340,2,5,28.277151,3.992683
medical,dermamnist_224,test,341,4,5,5.662240,-7.364746
medical,dermamnist_224,test,342,5,5,-24.565924,-0.667515
medical,dermamnist_224,test,343,5,5,-40.735088,6.328221
medical,dermamnist_224,test,344,0,5,-31.892015,0.613323
medical,dermamnist_224,test,345,2,5,58.877621,-2.958967
medical,dermamnist_224,test,346,6,5,-8.383019,-15.175114
medical,dermamnist_224,test,347,5,5,-19.373138,5.088994
medical,dermamnist_224,test,348,5,5,25.143091,-5.010210
medical,dermamnist_224,test,349,4,5,-8.656147,5.653402
medical,dermamnist_224,test,350,5,5,-53.188469,5.597286
medical,dermamnist_224,test,351,2,5,0.201004,4.175398
medical,dermamnist_224,test,352,2,5,47.593170,-0.338497
medical,dermamnist_224,test,353,5,5,-28.272608,-7.214530
medical,dermamnist_224,test,354,5,5,-44.573383,-7.006338
medical,dermamnist_224,test,355,5,5,54.564827,2.078229
medical,dermamnist_224,test,356,0,5,57.998016,-3.296562
medical,dermamnist_224,test,357,5,5,-48.121914,6.594339
medical,dermamnist_224,test,358,5,5,6.389800,5.679340
medical,dermamnist_224,test,359,5,5,-55.894791,7.407346
medical,dermamnist_224,test,360,4,5,-39.916088,11.737128
medical,dermamnist_224,test,361,5,5,-1.717931,6.576860
medical,dermamnist_224,test,362,1,5,18.505070,10.259694
medical,dermamnist_224,test,363,5,5,2.340975,-2.315474
medical,dermamnist_224,test,364,5,5,59.506538,-1.143513
medical,dermamnist_224,test,365,5,5,-8.137259,-9.640439
medical,dermamnist_224,test,366,5,5,-16.906042,-12.598273
medical,dermamnist_224,test,367,5,5,-26.520815,-3.174530
medical,dermamnist_224,test,368,6,5,-10.060399,-14.801715
medical,dermamnist_224,test,369,4,5,-4.005150,3.110588
medical,dermamnist_224,test,370,1,5,22.643230,0.640728
medical,dermamnist_224,test,371,4,5,-33.217640,12.525743
medical,dermamnist_224,test,372,4,5,57.512642,-4.792022
medical,dermamnist_224,test,373,5,5,29.520727,-8.502137
medical,dermamnist_224,test,374,5,5,-28.975210,8.874012
medical,dermamnist_224,test,375,5,5,0.487537,-5.099256
medical,dermamnist_224,test,376,1,5,-6.377363,6.180000
medical,dermamnist_224,test,377,5,5,-50.471470,-3.329812
medical,dermamnist_224,test,378,5,5,-42.583038,11.435342
medical,dermamnist_224,test,379,5,5,19.007462,-15.600851
medical,dermamnist_224,test,380,5,5,29.586750,-6.260126
medical,dermamnist_224,test,381,6,5,14.251779,-13.537415
medical,dermamnist_224,test,382,5,5,-48.778156,1.869282
medical,dermamnist_224,test,383,5,5,-35.573784,6.315661
medical,dermamnist_224,test,384,5,5,-13.199936,-5.084736
medical,dermamnist_224,test,385,5,5,-22.051256,11.307745
medical,dermamnist_224,test,386,5,5,-39.390625,-1.232568
medical,dermamnist_224,test,387,5,5,-55.805035,1.128190
medical,dermamnist_224,test,388,2,5,55.241993,-5.103976
medical,dermamnist_224,test,389,1,5,-36.138626,-3.130203
medical,dermamnist_224,test,390,4,5,-54.644432,9.972227
medical,dermamnist_224,test,391,5,5,27.105223,-3.724295
medical,dermamnist_224,test,392,5,5,26.145651,7.530689
medical,dermamnist_224,test,393,5,5,16.460684,0.247658
medical,dermamnist_224,test,394,5,5,-14.072883,-0.490022
medical,dermamnist_224,test,395,5,5,35.924690,3.052123
medical,dermamnist_224,test,396,5,5,33.123554,-10.154260
medical,dermamnist_224,test,397,5,5,-28.179323,12.081724
medical,dermamnist_224,test,398,5,5,-14.101418,4.306981
medical,dermamnist_224,test,399,1,5,16.171917,10.778612
medical,dermamnist_224,test,400,5,5,13.211288,12.855180
medical,dermamnist_224,test,401,5,5,19.848553,-2.485266
medical,dermamnist_224,test,402,4,5,-51.150307,0.834883
medical,dermamnist_224,test,403,5,5,0.241498,-9.518143
medical,dermamnist_224,test,404,5,5,-36.138401,-2.736481
medical,dermamnist_224,test,405,1,5,34.530888,1.918075
medical,dermamnist_224,test,406,5,5,34.967758,-7.971930
medical,dermamnist_224,test,407,2,5,66.456535,1.088505
medical,dermamnist_224,test,408,0,5,-30.999065,-1.804099
medical,dermamnist_224,test,409,5,5,-27.477097,12.305677
medical,dermamnist_224,test,410,5,5,-1.432655,-2.414719
medical,dermamnist_224,test,411,1,5,44.388573,6.984193
medical,dermamnist_224,test,412,5,5,-47.927288,-8.309912
medical,dermamnist_224,test,413,5,5,-13.652922,-5.282758
medical,dermamnist_224,test,414,5,5,-53.687416,11.434495
medical,dermamnist_224,test,415,5,5,-33.757217,13.590049
medical,dermamnist_224,test,416,2,5,20.022907,-9.225160
medical,dermamnist_224,test,417,5,5,-46.628365,-6.991351
medical,dermamnist_224,test,418,1,5,-31.652517,-16.581741
medical,dermamnist_224,test,419,5,5,27.235197,6.072092
medical,dermamnist_224,test,420,5,5,16.926620,6.530962
medical,dermamnist_224,test,421,5,5,-44.490528,8.033395
medical,dermamnist_224,test,422,4,5,25.185446,2.893045
medical,dermamnist_224,test,423,2,5,-49.882324,10.329666
medical,dermamnist_224,test,424,5,5,22.011742,-13.523139
medical,dermamnist_224,test,425,5,5,57.056530,-1.677441
medical,dermamnist_224,test,426,5,5,10.278814,-8.430305
medical,dermamnist_224,test,427,5,5,-4.103878,-11.527950
medical,dermamnist_224,test,428,2,5,46.227482,4.022536
medical,dermamnist_224,test,429,5,5,14.144460,8.715729
medical,dermamnist_224,test,430,4,5,51.649654,-3.884221
medical,dermamnist_224,test,431,5,5,-26.975555,0.057633
medical,dermamnist_224,test,432,5,5,-8.325150,-7.798233
medical,dermamnist_224,test,433,5,5,14.810327,3.587711
medical,dermamnist_224,test,434,5,5,-45.436089,13.056364
medical,dermamnist_224,test,435,3,5,-32.866737,-11.988845
medical,dermamnist_224,test,436,1,5,48.202309,4.515260
medical,dermamnist_224,test,437,5,5,31.594238,5.040380
medical,dermamnist_224,test,438,5,5,14.970861,-8.161643
medical,dermamnist_224,test,439,1,5,-47.083599,-5.004428
medical,dermamnist_224,test,440,5,5,47.090370,-2.593951
medical,dermamnist_224,test,441,5,5,14.264552,-9.452556
medical,dermamnist_224,test,442,5,5,-45.443756,12.954798
medical,dermamnist_224,test,443,2,5,51.041603,4.486199
medical,dermamnist_224,test,444,5,5,-0.213393,-9.328120
medical,dermamnist_224,test,445,5,5,-39.731354,-6.108000
medical,dermamnist_224,test,446,5,5,35.555397,-11.553685
medical,dermamnist_224,test,447,5,5,-14.106431,-10.200687
medical,dermamnist_224,test,448,5,5,-11.368763,-0.918039
medical,dermamnist_224,test,449,6,5,41.693104,10.078214
medical,dermamnist_224,test,450,5,5,-26.105635,9.270654
medical,dermamnist_224,test,451,3,5,27.941513,-0.635886
medical,dermamnist_224,test,452,1,5,33.076660,4.099533
medical,dermamnist_224,test,453,1,5,24.117538,-12.850717
medical,dermamnist_224,test,454,5,5,-51.292870,7.515143
medical,dermamnist_224,test,455,5,5,-20.942656,8.580121
medical,dermamnist_224,test,456,5,5,-35.690884,-10.816236
medical,dermamnist_224,test,457,2,5,33.288555,-12.188112
medical,dermamnist_224,test,458,5,5,-46.350292,-2.495816
medical,dermamnist_224,test,459,5,5,-54.640083,-0.757431
medical,dermamnist_224,test,460,5,5,-11.136146,-5.304221
medical,dermamnist_224,test,461,4,5,-12.044660,4.439510
medical,dermamnist_224,test,462,5,5,-38.363323,12.298032
medical,dermamnist_224,test,463,5,5,-31.242596,-12.524414
medical,dermamnist_224,test,464,2,5,-1.248120,5.018944
medical,dermamnist_224,test,465,5,5,42.509972,9.153365
medical,dermamnist_224,test,466,5,5,49.271515,5.405896
medical,dermamnist_224,test,467,5,5,12.979465,-6.515177
medical,dermamnist_224,test,468,5,5,-23.883287,-10.963877
medical,dermamnist_224,test,469,5,5,33.937023,-8.959713
medical,dermamnist_224,test,470,6,5,42.344563,10.193240
medical,dermamnist_224,test,471,5,5,-51.155251,7.062549
medical,dermamnist_224,test,472,5,5,24.693630,-4.892190
medical,dermamnist_224,test,473,4,5,-31.561914,0.255621
medical,dermamnist_224,test,474,5,5,-43.085648,0.594850
medical,dermamnist_224,test,475,5,5,0.148712,0.991124
medical,dermamnist_224,test,476,2,5,36.153667,0.127688
medical,dermamnist_224,test,477,5,5,8.896779,10.792109
medical,dermamnist_224,test,478,5,5,29.447601,10.115957
medical,dermamnist_224,test,479,5,5,-46.415867,-5.791479
medical,dermamnist_224,test,480,2,5,43.037899,2.827393
medical,dermamnist_224,test,481,5,5,41.801384,0.030567
medical,dermamnist_224,test,482,5,5,-51.468815,2.019929
medical,dermamnist_224,test,483,5,5,-28.502333,9.588800
medical,dermamnist_224,test,484,5,5,-49.590305,3.123972
medical,dermamnist_224,test,485,5,5,52.561802,6.615286
medical,dermamnist_224,test,486,5,5,-48.922180,8.433576
medical,dermamnist_224,test,487,2,5,45.099800,2.601714
medical,dermamnist_224,test,488,5,5,-0.115027,-7.179628
medical,dermamnist_224,test,489,1,5,46.079964,5.565900
medical,dermamnist_224,test,490,5,5,-42.819603,-10.683348
medical,dermamnist_224,test,491,5,5,-51.635506,6.869242
medical,dermamnist_224,test,492,5,5,-8.114603,-11.371119
medical,dermamnist_224,test,493,4,5,-47.632736,11.632407
medical,dermamnist_224,test,494,5,5,-23.144230,-16.488121
medical,dermamnist_224,test,495,4,5,-45.520859,10.267459
medical,dermamnist_224,test,496,5,5,20.890036,-2.432835
medical,dermamnist_224,test,497,5,5,-36.807194,-3.186121
medical,dermamnist_224,test,498,5,5,-25.794567,-8.183514
medical,dermamnist_224,test,499,5,5,-13.005983,-7.835464
medical,dermamnist_224,test,500,5,5,29.895739,10.767382
medical,dermamnist_224,test,501,5,5,17.076490,2.141785
medical,dermamnist_224,test,502,5,5,23.115507,-1.930857
medical,dermamnist_224,test,503,5,5,-45.445950,-1.020301
medical,dermamnist_224,test,504,5,5,-12.952495,1.349203
medical,dermamnist_224,test,505,5,5,-8.480570,-5.906290
medical,dermamnist_224,test,506,5,5,-25.687811,-7.248602
medical,dermamnist_224,test,507,5,5,-25.952259,7.078657
medical,dermamnist_224,test,508,5,5,26.944090,5.857611
medical,dermamnist_224,test,509,1,5,44.390381,-5.159903
medical,dermamnist_224,test,510,5,5,7.766660,6.261099
medical,dermamnist_224,test,511,5,5,-15.398706,-8.921489
medical,dermamnist_224,test,512,4,5,-47.288269,11.293428
medical,dermamnist_224,test,513,5,5,-43.161274,3.324758
medical,dermamnist_224,test,514,5,5,35.657578,3.271221
medical,dermamnist_224,test,515,5,5,-6.883427,-3.421064
medical,dermamnist_224,test,516,5,5,22.840900,-12.658359
medical,dermamnist_224,test,517,5,5,-9.561032,0.224692
medical,dermamnist_224,test,518,5,5,-6.606438,-6.324702
medical,dermamnist_224,test,519,5,5,-36.520073,-2.219615
medical,dermamnist_224,test,520,5,5,-32.090168,-9.667272
medical,dermamnist_224,test,521,5,5,17.978884,-15.129991
medical,dermamnist_224,test,522,0,5,-29.848888,-1.571093
medical,dermamnist_224,test,523,5,5,-49.496960,13.492489
medical,dermamnist_224,test,524,5,5,-37.585361,11.776007
medical,dermamnist_224,test,525,5,5,-55.622280,6.780904
medical,dermamnist_224,test,526,2,5,14.954203,-10.930175
medical,dermamnist_224,test,527,3,5,36.526207,-6.018802
medical,dermamnist_224,test,528,5,5,-13.766942,-0.303188
medical,dermamnist_224,test,529,5,5,21.168388,-7.012595
medical,dermamnist_224,test,530,5,5,-45.264938,-0.217455
medical,dermamnist_224,test,531,2,5,-10.441916,-7.047734
medical,dermamnist_224,test,532,2,5,-45.209869,7.126683
medical,dermamnist_224,test,533,5,5,-43.696758,0.907550
medical,dermamnist_224,test,534,5,5,7.044290,2.641718
medical,dermamnist_224,test,535,2,5,16.689730,0.128059
medical,dermamnist_224,test,536,2,5,29.958683,-4.335123
medical,dermamnist_224,test,537,2,5,20.170229,-12.525571
medical,dermamnist_224,test,538,5,5,24.326263,-13.629161
medical,dermamnist_224,test,539,0,5,18.030685,-15.083747
medical,dermamnist_224,test,540,5,5,-25.522436,-2.507104
medical,dermamnist_224,test,541,1,5,48.540474,8.698218
medical,dermamnist_224,test,542,2,5,44.995876,-5.096563
medical,dermamnist_224,test,543,2,5,42.626503,-4.100526
medical,dermamnist_224,test,544,1,5,8.591832,8.322155
medical,dermamnist_224,test,545,5,5,-15.437852,-12.423714
medical,dermamnist_224,test,546,5,5,33.495083,-8.381956
medical,dermamnist_224,test,547,5,5,-6.232447,-9.836820
medical,dermamnist_224,test,548,5,5,42.434464,-0.612799
medical,dermamnist_224,test,549,5,5,28.865324,-4.019598
medical,dermamnist_224,test,550,4,5,48.307331,6.376808
medical,dermamnist_224,test,551,5,5,9.663883,7.483000
medical,dermamnist_224,test,552,5,5,-54.233093,4.832869
medical,dermamnist_224,test,553,2,5,-57.826313,7.263069
medical,dermamnist_224,test,554,5,5,19.073381,-15.763589
medical,dermamnist_224,test,555,5,5,-7.182905,-5.483389
medical,dermamnist_224,test,556,1,5,29.607164,8.078184
medical,dermamnist_224,test,557,5,5,37.627911,0.019816
medical,dermamnist_224,test,558,5,5,5.542741,-2.384405
medical,dermamnist_224,test,559,5,5,-9.012394,-13.357750
medical,dermamnist_224,test,560,5,5,-2.392584,0.628165
medical,dermamnist_224,test,561,5,5,16.222654,9.044370
medical,dermamnist_224,test,562,2,5,65.877472,2.618759
medical,dermamnist_224,test,563,2,5,62.417450,1.639536
medical,dermamnist_224,test,564,5,5,-21.078857,3.735389
medical,dermamnist_224,test,565,5,5,-47.312374,-5.638192
medical,dermamnist_224,test,566,1,5,8.159251,10.033222
medical,dermamnist_224,test,567,1,5,59.402161,0.644897
medical,dermamnist_224,test,568,5,5,-7.367226,-8.198602
medical,dermamnist_224,test,569,2,5,1.156176,3.725463
medical,dermamnist_224,test,570,5,5,29.133858,4.480718
medical,dermamnist_224,test,571,5,5,-24.694780,1.157070
medical,dermamnist_224,test,572,5,5,8.207784,9.036913
medical,dermamnist_224,test,573,2,5,5.654278,6.439802
medical,dermamnist_224,test,574,5,5,-41.632713,-6.242992
medical,dermamnist_224,test,575,5,5,2.062253,-0.668743
medical,dermamnist_224,test,576,5,5,-56.523502,5.599274
medical,dermamnist_224,test,577,5,5,-25.079908,2.890704
medical,dermamnist_224,test,578,1,5,44.629955,7.040801
medical,dermamnist_224,test,579,5,5,8.170698,3.931256
medical,dermamnist_224,test,580,5,5,-48.411076,9.640353
medical,dermamnist_224,test,581,5,5,-40.929821,-9.338798
medical,dermamnist_224,test,582,5,5,-34.386295,-16.345860
medical,dermamnist_224,test,583,2,5,59.209606,-3.466777
medical,dermamnist_224,test,584,5,5,-6.986527,-6.645130
medical,dermamnist_224,test,585,5,5,36.066231,1.729530
medical,dermamnist_224,test,586,0,5,1.039338,0.636047
medical,dermamnist_224,test,587,5,5,-27.817307,8.791191
medical,dermamnist_224,test,588,5,5,41.527561,-0.816462
medical,dermamnist_224,test,589,5,5,-12.183386,-15.066551
medical,dermamnist_224,test,590,4,5,-55.960285,11.013941
medical,dermamnist_224,test,591,5,5,-45.264347,-2.001031
medical,dermamnist_224,test,592,5,5,37.606491,-7.462706
medical,dermamnist_224,test,593,5,5,-19.007233,-10.630934
medical,dermamnist_224,test,594,5,5,-47.192955,8.087873
medical,dermamnist_224,test,595,4,5,-56.695198,3.005569
medical,dermamnist_224,test,596,5,5,-24.825413,-4.926409
medical,dermamnist_224,test,597,5,5,2.708453,-3.758613
medical,dermamnist_224,test,598,4,5,-44.108784,5.715763
medical,dermamnist_224,test,599,4,5,-28.954857,8.949804
medical,dermamnist_224,test,600,3,5,61.832691,4.244015
medical,dermamnist_224,test,601,2,5,24.101830,6.229616
medical,dermamnist_224,test,602,4,5,-32.504135,-8.596505
medical,dermamnist_224,test,603,5,5,-46.317604,-7.993612
medical,dermamnist_224,test,604,4,5,58.210041,1.214526
medical,dermamnist_224,test,605,2,5,32.478424,-13.132543
medical,dermamnist_224,test,606,5,5,28.761036,4.310993
medical,dermamnist_224,test,607,2,5,50.394722,7.322082
medical,dermamnist_224,test,608,5,5,-38.845852,1.285172
medical,dermamnist_224,test,609,4,5,-53.643940,9.006370
medical,dermamnist_224,test,610,2,5,54.922859,3.738095
medical,dermamnist_224,test,611,4,5,-29.384108,-12.901063
medical,dermamnist_224,test,612,5,5,-24.778164,-10.985573
medical,dermamnist_224,test,613,1,5,28.567751,3.973079
medical,dermamnist_224,test,614,5,5,-10.497681,0.333375
medical,dermamnist_224,test,615,5,5,-29.039587,-11.484900
medical,dermamnist_224,test,616,2,5,45.173767,-2.289013
medical,dermamnist_224,test,617,5,5,13.692139,-11.340997
medical,dermamnist_224,test,618,5,5,48.307571,7.343872
medical,dermamnist_224,test,619,4,5,-11.551345,1.124373
medical,dermamnist_224,test,620,5,5,27.144119,0.643520
medical,dermamnist_224,test,621,5,5,3.317320,-7.212660
medical,dermamnist_224,test,622,5,5,-21.952560,-9.846166
medical,dermamnist_224,test,623,5,5,-8.962879,-8.220162
medical,dermamnist_224,test,624,5,5,-26.032879,-15.519612
medical,dermamnist_224,test,625,5,5,0.558820,-3.652424
medical,dermamnist_224,test,626,2,5,-39.809708,3.149071
medical,dermamnist_224,test,627,5,5,-45.887547,0.553146
medical,dermamnist_224,test,628,5,5,30.596216,-6.347475
medical,dermamnist_224,test,629,5,5,16.466263,-9.397210
medical,dermamnist_224,test,630,5,5,-18.603369,-2.452979
medical,dermamnist_224,test,631,6,5,28.011457,6.645580
medical,dermamnist_224,test,632,5,5,-34.791389,-0.249027
medical,dermamnist_224,test,633,5,5,33.236607,0.131972
medical,dermamnist_224,test,634,5,5,17.621809,1.349516
medical,dermamnist_224,test,635,5,5,60.679531,1.064329
medical,dermamnist_224,test,636,5,5,-43.451797,4.658437
medical,dermamnist_224,test,637,5,5,50.493233,0.034010
medical,dermamnist_224,test,638,5,5,-23.896572,12.816927
medical,dermamnist_224,test,639,1,5,-44.332977,-10.027059
medical,dermamnist_224,test,640,0,5,34.869080,4.012265
medical,dermamnist_224,test,641,2,5,6.838296,-1.596120
medical,dermamnist_224,test,642,5,5,53.941490,6.992898
medical,dermamnist_224,test,643,5,5,55.633026,-2.956106
medical,dermamnist_224,test,644,5,5,-15.070491,-1.649308
medical,dermamnist_224,test,645,1,5,-35.810764,-0.071612
medical,dermamnist_224,test,646,5,5,29.301922,-4.568218
medical,dermamnist_224,test,647,5,5,5.305247,-5.759183
medical,dermamnist_224,test,648,5,5,-23.035542,-10.800486
medical,dermamnist_224,test,649,5,5,14.427258,5.936757
medical,dermamnist_224,test,650,5,5,28.499798,-8.578059
medical,dermamnist_224,test,651,1,5,44.955490,-6.102829
medical,dermamnist_224,test,652,2,5,28.061890,3.531348
medical,dermamnist_224,test,653,3,5,32.337036,-13.302826
medical,dermamnist_224,test,654,1,5,49.124619,2.168252
medical,dermamnist_224,test,655,5,5,59.990326,7.686782
medical,dermamnist_224,test,656,5,5,-15.226673,2.004461
medical,dermamnist_224,test,657,5,5,48.094952,-3.229458
medical,dermamnist_224,test,658,5,5,36.126312,-4.908378
medical,dermamnist_224,test,659,5,5,50.421509,6.607840
medical,dermamnist_224,test,660,5,5,-35.117535,9.478814
medical,dermamnist_224,test,661,1,5,22.158415,8.295965
medical,dermamnist_224,test,662,5,5,-31.768843,-2.198273
medical,dermamnist_224,test,663,5,5,-12.921582,-7.527666
medical,dermamnist_224,test,664,4,5,-52.243748,1.590839
medical,dermamnist_224,test,665,5,5,-29.883831,-12.024115
medical,dermamnist_224,test,666,5,5,14.453822,-10.050760
medical,dermamnist_224,test,667,5,5,-55.643520,2.889644
medical,dermamnist_224,test,668,5,5,29.744118,8.497698
medical,dermamnist_224,test,669,5,5,-23.829138,-14.020867
medical,dermamnist_224,test,670,5,5,-45.176929,-11.543480
medical,dermamnist_224,test,671,5,5,14.534674,6.535845
medical,dermamnist_224,test,672,5,5,42.722355,-2.575540
medical,dermamnist_224,test,673,5,5,-24.485615,9.286903
medical,dermamnist_224,test,674,4,5,-22.455481,-1.429878
medical,dermamnist_224,test,675,0,5,14.802284,7.828928
medical,dermamnist_224,test,676,5,5,-3.627076,-6.574402
medical,dermamnist_224,test,677,5,5,-39.834789,-6.479684
medical,dermamnist_224,test,678,4,5,-48.675884,-3.679065
medical,dermamnist_224,test,679,5,5,25.457937,-14.137987
medical,dermamnist_224,test,680,5,5,-39.487572,2.092018
medical,dermamnist_224,test,681,2,5,61.535709,5.039711
medical,dermamnist_224,test,682,5,5,-41.935322,9.381920
medical,dermamnist_224,test,683,5,5,-11.775352,-0.144902
medical,dermamnist_224,test,684,0,5,28.883650,-0.920385
medical,dermamnist_224,test,685,5,5,-1.066639,9.406547
medical,dermamnist_224,test,686,1,5,13.782795,11.701285
medical,dermamnist_224,test,687,5,5,-38.833946,10.235542
medical,dermamnist_224,test,688,1,5,5.024746,7.772552
medical,dermamnist_224,test,689,5,5,18.301353,-12.545468
medical,dermamnist_224,test,690,2,5,40.983227,-1.658241
medical,dermamnist_224,test,691,5,5,26.232309,-3.171924
medical,dermamnist_224,test,692,4,5,39.062229,-5.235183
medical,dermamnist_224,test,693,5,5,39.841431,2.191057
medical,dermamnist_224,test,694,0,5,-31.285475,1.083807
medical,dermamnist_224,test,695,5,5,-22.249229,10.253765
medical,dermamnist_224,test,696,5,5,30.203674,-9.480761
medical,dermamnist_224,test,697,5,5,-22.936392,9.853830
medical,dermamnist_224,test,698,5,5,-30.013531,-4.339484
medical,dermamnist_224,test,699,5,5,-29.385313,-9.410056
medical,dermamnist_224,test,700,5,5,14.629090,-4.632363
medical,dermamnist_224,test,701,5,5,-26.060513,-11.638894
medical,dermamnist_224,test,702,0,5,30.618504,7.940086
medical,dermamnist_224,test,703,0,5,34.350964,-12.841073
medical,dermamnist_224,test,704,5,5,-51.267494,1.612057
medical,dermamnist_224,test,705,5,5,-13.660029,-11.136844
medical,dermamnist_224,test,706,5,5,-10.500436,1.677541
medical,dermamnist_224,test,707,6,5,41.390350,8.406720
medical,dermamnist_224,test,708,5,5,56.759037,-1.749151
medical,dermamnist_224,test,709,5,5,-31.086821,-4.295695
medical,dermamnist_224,test,710,3,5,4.405758,11.850423
medical,dermamnist_224,test,711,0,5,59.903126,0.296229
medical,dermamnist_224,test,712,5,5,-34.170753,14.544448
medical,dermamnist_224,test,713,5,5,13.775868,12.117261
medical,dermamnist_224,test,714,5,5,-37.878227,-5.593878
medical,dermamnist_224,test,715,5,5,-5.587163,-8.744040
medical,dermamnist_224,test,716,5,5,29.257509,-9.498635
medical,dermamnist_224,test,717,5,5,16.657393,1.835665
medical,dermamnist_224,test,718,5,5,29.999847,-4.864491
medical,dermamnist_224,test,719,5,5,53.444046,7.101777
medical,dermamnist_224,test,720,5,5,-25.201206,-7.223964
medical,dermamnist_224,test,721,5,5,55.823933,-1.112047
medical,dermamnist_224,test,722,5,5,16.921373,-0.646854
medical,dermamnist_224,test,723,5,5,-27.867804,-3.054084
medical,dermamnist_224,test,724,4,5,39.527756,-6.861083
medical,dermamnist_224,test,725,5,5,53.503445,5.457315
medical,dermamnist_224,test,726,5,5,-43.035919,-4.398536
medical,dermamnist_224,test,727,5,5,-35.918858,-9.006858
medical,dermamnist_224,test,728,5,5,-14.725620,-0.367707
medical,dermamnist_224,test,729,5,5,-47.632500,-6.620791
medical,dermamnist_224,test,730,5,5,-41.723415,4.534440
medical,dermamnist_224,test,731,5,5,2.808511,5.018019
medical,dermamnist_224,test,732,5,5,52.009838,7.035522
medical,dermamnist_224,test,733,4,5,-19.786451,8.255453
medical,dermamnist_224,test,734,5,5,-38.943836,6.237218
medical,dermamnist_224,test,735,2,5,55.741173,5.651330
medical,dermamnist_224,test,736,1,5,-31.445345,-17.429211
medical,dermamnist_224,test,737,5,5,-22.844090,-7.697845
medical,dermamnist_224,test,738,5,5,31.927212,-1.149541
medical,dermamnist_224,test,739,0,5,7.354926,7.379971
medical,dermamnist_224,test,740,5,5,-7.989394,-10.509674
medical,dermamnist_224,test,741,5,5,-30.049431,-12.273820
medical,dermamnist_224,test,742,4,5,-3.348451,-2.971997
medical,dermamnist_224,test,743,5,5,14.083904,4.953673
medical,dermamnist_224,test,744,5,5,1.992048,1.666921
medical,dermamnist_224,test,745,2,5,-38.572788,14.312549
medical,dermamnist_224,test,746,4,5,-51.188667,12.729741
medical,dermamnist_224,test,747,1,5,30.509089,-14.301321
medical,dermamnist_224,test,748,5,5,-15.509512,0.586912
medical,dermamnist_224,test,749,5,5,-23.187643,-7.072774
medical,dermamnist_224,test,750,5,5,50.047272,3.924909
medical,dermamnist_224,test,751,4,5,-57.060768,3.509296
medical,dermamnist_224,test,752,5,5,-28.824934,-14.801421
medical,dermamnist_224,test,753,5,5,-26.182501,-0.271274
medical,dermamnist_224,test,754,5,5,55.612457,-3.182388
medical,dermamnist_224,test,755,1,5,15.029115,10.605109
medical,dermamnist_224,test,756,2,5,30.243176,2.608541
medical,dermamnist_224,test,757,6,5,42.016670,9.263668
medical,dermamnist_224,test,758,3,5,56.992886,0.349815
medical,dermamnist_224,test,759,5,5,-28.048752,12.517775
medical,dermamnist_224,test,760,2,5,56.995480,5.234235
medical,dermamnist_224,test,761,4,5,19.843857,-10.671507
medical,dermamnist_224,test,762,2,5,-17.185505,1.883646
medical,dermamnist_224,test,763,5,5,-43.801411,-9.336047
medical,dermamnist_224,test,764,5,5,-20.013802,4.858088
medical,dermamnist_224,test,765,1,5,-30.552519,-1.656980
medical,dermamnist_224,test,766,5,5,-16.406824,-8.026782
medical,dermamnist_224,test,767,5,5,-43.691677,-6.365112
medical,dermamnist_224,test,768,5,5,-22.262060,8.050418
medical,dermamnist_224,test,769,5,5,-30.115191,-7.977257
medical,dermamnist_224,test,770,5,5,41.433773,-1.618715
medical,dermamnist_224,test,771,4,5,-32.022907,3.258576
medical,dermamnist_224,test,772,5,5,-41.469608,-9.392188
medical,dermamnist_224,test,773,5,5,-18.815435,-0.103589
medical,dermamnist_224,test,774,4,5,-30.414209,6.290588
medical,dermamnist_224,test,775,5,5,17.190210,-3.558908
medical,dermamnist_224,test,776,5,5,5.749470,8.852968
medical,dermamnist_224,test,777,2,5,64.123192,4.528255
medical,dermamnist_224,test,778,5,5,6.710068,-1.637921
medical,dermamnist_224,test,779,5,5,-27.851147,0.661111
medical,dermamnist_224,test,780,5,5,-14.090408,-12.076628
medical,dermamnist_224,test,781,5,5,44.496120,5.657305
medical,dermamnist_224,test,782,5,5,12.744885,-7.142746
medical,dermamnist_224,test,783,0,5,65.977074,1.150319
medical,dermamnist_224,test,784,5,5,-47.175072,0.662480
medical,dermamnist_224,test,785,5,5,32.839836,-10.718444
medical,dermamnist_224,test,786,5,5,-0.318448,-9.184457
medical,dermamnist_224,test,787,5,5,-45.072300,1.300347
medical,dermamnist_224,test,788,5,5,-24.066111,4.649014
medical,dermamnist_224,test,789,2,5,64.736946,3.535134
medical,dermamnist_224,test,790,5,5,-51.745098,5.829326
medical,dermamnist_224,test,791,5,5,-55.963078,11.985553
medical,dermamnist_224,test,792,1,5,51.216053,7.011084
medical,dermamnist_224,test,793,5,5,-28.600267,-12.370367
medical,dermamnist_224,test,794,5,5,-8.824909,-6.993714
medical,dermamnist_224,test,795,5,5,-16.872416,-9.976690
medical,dermamnist_224,test,796,5,5,53.347607,-0.611553
medical,dermamnist_224,test,797,6,5,40.862457,7.731781
medical,dermamnist_224,test,798,0,5,63.677628,1.613640
medical,dermamnist_224,test,799,5,5,24.495529,0.208685
medical,dermamnist_224,test,800,2,5,23.425102,3.220006
medical,dermamnist_224,test,801,4,5,-50.038162,-0.680686
medical,dermamnist_224,test,802,4,5,-26.035872,1.106888
medical,dermamnist_224,test,803,5,5,24.849680,-14.113207
medical,dermamnist_224,test,804,5,5,2.285185,6.081634
medical,dermamnist_224,test,805,4,5,61.592827,0.907856
medical,dermamnist_224,test,806,6,5,-25.526178,-16.839548
medical,dermamnist_224,test,807,2,5,48.063267,0.868770
medical,dermamnist_224,test,808,5,5,-36.346855,13.786050
medical,dermamnist_224,test,809,5,5,-38.350784,6.495661
medical,dermamnist_224,test,810,5,5,-51.868332,0.818600
medical,dermamnist_224,test,811,5,5,-52.860847,3.873343
medical,dermamnist_224,test,812,5,5,-4.628861,-7.917710
medical,dermamnist_224,test,813,5,5,-43.389465,-3.037967
medical,dermamnist_224,test,814,4,5,-37.560474,2.265354
medical,dermamnist_224,test,815,5,5,36.274128,-2.606802
medical,dermamnist_224,test,816,5,5,-23.833218,4.336236
medical,dermamnist_224,test,817,2,5,-0.354337,6.465298
medical,dermamnist_224,test,818,5,5,-38.101585,3.887933
medical,dermamnist_224,test,819,4,5,-31.176085,1.768582
medical,dermamnist_224,test,820,3,5,-28.880550,-1.735188
medical,dermamnist_224,test,821,5,5,39.483894,-0.098303
medical,dermamnist_224,test,822,5,5,-11.645311,-0.108324
medical,dermamnist_224,test,823,5,5,-25.979525,-15.718018
medical,dermamnist_224,test,824,5,5,-25.248755,12.732392
medical,dermamnist_224,test,825,5,5,-21.172144,-14.861069
medical,dermamnist_224,test,826,4,5,-5.232020,-7.655241
medical,dermamnist_224,test,827,5,5,23.253193,8.159513
medical,dermamnist_224,test,828,3,5,47.563164,-1.570993
medical,dermamnist_224,test,829,5,5,33.824863,-7.352874
medical,dermamnist_224,test,830,5,5,-30.079315,-3.736616
medical,dermamnist_224,test,831,5,5,-9.426189,-14.567353
medical,dermamnist_224,test,832,1,5,-19.658344,-4.472207
medical,dermamnist_224,test,833,2,5,-9.591732,-12.710657
medical,dermamnist_224,test,834,5,5,30.174751,9.211366
medical,dermamnist_224,test,835,5,5,-16.290333,-1.729303
medical,dermamnist_224,test,836,5,5,-34.452118,7.203219
medical,dermamnist_224,test,837,5,5,-7.632192,-10.259501
medical,dermamnist_224,test,838,5,5,-24.788813,8.846803
medical,dermamnist_224,test,839,5,5,20.802610,-15.478086
medical,dermamnist_224,test,840,2,5,-11.013605,-15.780244
medical,dermamnist_224,test,841,5,5,56.086109,-0.511903
medical,dermamnist_224,test,842,5,5,-30.758873,-6.318904
medical,dermamnist_224,test,843,5,5,-28.054922,-16.979576
medical,dermamnist_224,test,844,2,5,62.015022,1.505555
medical,dermamnist_224,test,845,4,5,-33.509727,12.543226
medical,dermamnist_224,test,846,4,5,46.613537,-0.269185
medical,dermamnist_224,test,847,5,5,24.840805,4.154125
medical,dermamnist_224,test,848,5,5,-9.877429,-0.232921
medical,dermamnist_224,test,849,4,5,-47.102085,10.984064
medical,dermamnist_224,test,850,5,5,16.184881,-3.445911
medical,dermamnist_224,test,851,5,5,-7.503427,7.006060
medical,dermamnist_224,test,852,5,5,-30.825260,-10.036987
medical,dermamnist_224,test,853,2,5,62.875286,0.049921
medical,dermamnist_224,test,854,5,5,8.625315,9.805910
medical,dermamnist_224,test,855,5,5,-28.050364,12.510794
medical,dermamnist_224,test,856,5,5,13.051335,8.641154
medical,dermamnist_224,test,857,5,5,-12.046361,3.447297
medical,dermamnist_224,test,858,5,5,-20.931335,4.781183
medical,dermamnist_224,test,859,5,5,1.746574,-6.773832
medical,dermamnist_224,test,860,5,5,49.916370,0.618950
medical,dermamnist_224,test,861,2,5,3.265064,-2.106893
medical,dermamnist_224,test,862,5,5,-47.734741,5.731721
medical,dermamnist_224,test,863,5,5,54.647205,-1.453859
medical,dermamnist_224,test,864,5,5,-3.894884,-0.783071
medical,dermamnist_224,test,865,5,5,34.004517,-2.605568
medical,dermamnist_224,test,866,5,5,21.753397,7.790772
medical,dermamnist_224,test,867,5,5,-28.580132,6.110459
medical,dermamnist_224,test,868,5,5,-15.626809,-4.908273
medical,dermamnist_224,test,869,2,5,51.086781,-3.496971
medical,dermamnist_224,test,870,1,5,-59.564220,7.072570
medical,dermamnist_224,test,871,5,5,53.345787,2.533560
medical,dermamnist_224,test,872,4,5,62.509441,-1.068969
medical,dermamnist_224,test,873,5,5,-31.664963,-12.686540
medical,dermamnist_224,test,874,5,5,-53.100723,0.930139
medical,dermamnist_224,test,875,3,5,14.376487,11.754136
medical,dermamnist_224,test,876,5,5,13.320552,13.019308
medical,dermamnist_224,test,877,0,5,-19.480673,-4.608131
medical,dermamnist_224,test,878,4,5,-53.027912,12.032175
medical,dermamnist_224,test,879,5,5,48.431194,2.938866
medical,dermamnist_224,test,880,0,5,35.325237,-4.742457
medical,dermamnist_224,test,881,2,5,-7.603083,-3.089210
medical,dermamnist_224,test,882,5,5,38.489635,7.913647
medical,dermamnist_224,test,883,5,5,-29.125883,-10.984048
medical,dermamnist_224,test,884,1,5,42.825687,-7.851671
medical,dermamnist_224,test,885,5,5,-20.540138,-1.531860
medical,dermamnist_224,test,886,5,5,44.288452,1.510057
medical,dermamnist_224,test,887,4,5,-33.338898,0.193896
medical,dermamnist_224,test,888,5,5,-57.093506,7.134548
medical,dermamnist_224,test,889,5,5,-21.901787,7.700219
medical,dermamnist_224,test,890,5,5,26.907780,-6.800594
medical,dermamnist_224,test,891,5,5,22.860342,-5.472377
medical,dermamnist_224,test,892,5,5,47.633068,-3.133555
medical,dermamnist_224,test,893,5,5,25.796095,5.409360
medical,dermamnist_224,test,894,5,5,-56.407959,6.124761
medical,dermamnist_224,test,895,3,5,57.946625,-0.805543
medical,dermamnist_224,test,896,5,5,-39.669617,-2.782312
medical,dermamnist_224,test,897,5,5,-37.726238,-4.802409
medical,dermamnist_224,test,898,5,5,39.287357,-10.077989
medical,dermamnist_224,test,899,5,5,-44.274677,4.161552
medical,dermamnist_224,test,900,5,5,48.611427,3.911964
medical,dermamnist_224,test,901,2,5,-13.637576,0.189881
medical,dermamnist_224,test,902,2,5,-13.806344,2.897187
medical,dermamnist_224,test,903,5,5,-45.817673,5.416169
medical,dermamnist_224,test,904,0,5,20.263494,1.463512
medical,dermamnist_224,test,905,1,5,-27.561216,-9.773716
medical,dermamnist_224,test,906,4,5,14.194620,-11.128747
medical,dermamnist_224,test,907,4,5,-20.901155,1.841971
medical,dermamnist_224,test,908,2,5,63.210342,0.416059
medical,dermamnist_224,test,909,5,5,-42.140781,5.727311
medical,dermamnist_224,test,910,5,5,-20.852024,5.969555
medical,dermamnist_224,test,911,2,5,63.169731,2.183961
medical,dermamnist_224,test,912,5,5,-36.001392,12.726590
medical,dermamnist_224,test,913,5,5,-19.486050,-12.008615
medical,dermamnist_224,test,914,0,5,33.277405,-8.278990
medical,dermamnist_224,test,915,5,5,-32.990112,-11.666233
medical,dermamnist_224,test,916,5,5,-35.012180,-1.397995
medical,dermamnist_224,test,917,2,5,24.993900,-9.369777
medical,dermamnist_224,test,918,5,5,-45.201118,5.048524
medical,dermamnist_224,test,919,5,5,-58.002689,6.448625
medical,dermamnist_224,test,920,5,5,-13.988066,-6.029827
medical,dermamnist_224,test,921,4,5,4.830645,-1.041240
medical,dermamnist_224,test,922,5,5,-26.481428,4.253456
medical,dermamnist_224,test,923,5,5,16.549448,-13.454719
medical,dermamnist_224,test,924,5,5,-25.812632,-2.127143
medical,dermamnist_224,test,925,2,5,-17.361509,2.432255
medical,dermamnist_224,test,926,5,5,-24.998268,-15.711665
medical,dermamnist_224,test,927,5,5,27.050304,-5.082736
medical,dermamnist_224,test,928,5,5,60.008099,4.837250
medical,dermamnist_224,test,929,2,5,31.615149,0.708503
medical,dermamnist_224,test,930,4,5,-47.206203,1.168222
medical,dermamnist_224,test,931,5,5,-15.424441,-13.071208
medical,dermamnist_224,test,932,5,5,53.751644,2.532947
medical,dermamnist_224,test,933,4,5,-47.281796,-8.578961
medical,dermamnist_224,test,934,5,5,34.016399,-12.703668
medical,dermamnist_224,test,935,5,5,1.894495,4.866947
medical,dermamnist_224,test,936,4,5,-33.817177,4.173632
medical,dermamnist_224,test,937,5,5,12.464314,10.974351
medical,dermamnist_224,test,938,5,5,0.066307,-4.087513
medical,dermamnist_224,test,939,5,5,15.655836,-7.862640
medical,dermamnist_224,test,940,5,5,11.032387,0.321034
medical,dermamnist_224,test,941,5,5,-25.585686,-11.626852
medical,dermamnist_224,test,942,5,5,-41.566910,5.227293
medical,dermamnist_224,test,943,2,5,60.259521,-4.147568
medical,dermamnist_224,test,944,4,5,0.750943,-2.543152
medical,dermamnist_224,test,945,5,5,-54.861847,11.468601
medical,dermamnist_224,test,946,5,5,24.962030,-8.064716
medical,dermamnist_224,test,947,5,5,-36.109989,-10.586713
medical,dermamnist_224,test,948,2,5,15.561212,5.386117
medical,dermamnist_224,test,949,1,5,65.913200,0.082662
medical,dermamnist_224,test,950,5,5,28.804363,3.411503
medical,dermamnist_224,test,951,5,5,-37.235603,6.486600
medical,dermamnist_224,test,952,5,5,61.182186,6.396053
medical,dermamnist_224,test,953,4,5,1.405882,4.975670
medical,dermamnist_224,test,954,2,5,-4.700254,-2.961485
medical,dermamnist_224,test,955,5,5,1.202950,-7.228696
medical,dermamnist_224,test,956,5,5,-39.488945,1.436140
medical,dermamnist_224,test,957,4,5,-32.885445,8.523888
medical,dermamnist_224,test,958,2,5,-41.460690,11.982939
medical,dermamnist_224,test,959,4,5,-46.401939,-0.066473
medical,dermamnist_224,test,960,5,5,49.314400,3.079532
medical,dermamnist_224,test,961,5,5,56.590580,-4.282232
medical,dermamnist_224,test,962,5,5,49.218571,-0.990566
medical,dermamnist_224,test,963,5,5,-51.341198,3.227879
medical,dermamnist_224,test,964,5,5,2.059607,3.051583
medical,dermamnist_224,test,965,5,5,20.403605,-13.348516
medical,dermamnist_224,test,966,5,5,5.546631,4.067126
medical,dermamnist_224,test,967,4,5,-51.300602,-1.120871
medical,dermamnist_224,test,968,4,5,-25.884766,11.137286
medical,dermamnist_224,test,969,4,5,-40.896370,1.000611
medical,dermamnist_224,test,970,5,5,44.228760,2.064443
medical,dermamnist_224,test,971,1,5,56.201157,4.078650
medical,dermamnist_224,test,972,2,5,-57.268021,5.536947
medical,dermamnist_224,test,973,2,5,33.382580,-2.041523
medical,dermamnist_224,test,974,1,5,60.444145,7.748820
medical,dermamnist_224,test,975,5,5,53.714596,1.184257
medical,dermamnist_224,test,976,5,5,-5.604722,5.200453
medical,dermamnist_224,test,977,5,5,-14.487527,3.850439
medical,dermamnist_224,test,978,2,5,62.353497,-1.886147
medical,dermamnist_224,test,979,5,5,-4.741899,-5.654477
medical,dermamnist_224,test,980,5,5,49.353245,-2.706379
medical,dermamnist_224,test,981,5,5,-40.492268,-2.097899
medical,dermamnist_224,test,982,5,5,22.916901,-10.395675
medical,dermamnist_224,test,983,5,5,-4.716537,-8.282537
medical,dermamnist_224,test,984,1,5,-28.992050,-14.075306
medical,dermamnist_224,test,985,5,5,38.530796,-0.626910
medical,dermamnist_224,test,986,4,5,47.318066,8.272474
medical,dermamnist_224,test,987,5,5,13.737131,12.789808
medical,dermamnist_224,test,988,5,5,-45.799164,-8.878313
medical,dermamnist_224,test,989,5,5,-10.423425,-7.246960
medical,dermamnist_224,test,990,5,5,-40.563889,2.597642
medical,dermamnist_224,test,991,5,5,-33.062519,-1.057291
medical,dermamnist_224,test,992,5,5,52.018013,1.355141
medical,dermamnist_224,test,993,5,5,4.370001,3.653539
medical,dermamnist_224,test,994,5,5,-0.409516,-3.656714
medical,dermamnist_224,test,995,5,5,17.621794,-4.017520
medical,dermamnist_224,test,996,5,5,-23.199518,-10.316937
medical,dermamnist_224,test,997,5,5,-24.095554,-4.945267
medical,dermamnist_224,test,998,5,5,-13.852878,-12.557943
medical,dermamnist_224,test,999,5,5,-27.656837,10.534868
medical,dermamnist_224,test,1000,5,5,-44.235229,-2.940564
medical,dermamnist_224,test,1001,5,5,-40.591621,12.144295
medical,dermamnist_224,test,1002,2,5,-33.444084,4.646219
medical,dermamnist_224,test,1003,4,5,-15.144845,5.092451
medical,dermamnist_224,test,1004,5,5,-53.986221,6.008999
medical,dermamnist_224,test,1005,5,5,-47.760826,-6.571357
medical,dermamnist_224,test,1006,5,5,-20.963362,1.440045
medical,dermamnist_224,test,1007,5,5,-22.908197,0.752128
medical,dermamnist_224,test,1008,0,5,-5.602299,5.774682
medical,dermamnist_224,test,1009,5,5,-50.823776,4.338316
medical,dermamnist_224,test,1010,5,5,-37.059547,-5.035498
medical,dermamnist_224,test,1011,5,5,-2.674670,9.607531
medical,dermamnist_224,test,1012,5,5,34.969826,1.435226
medical,dermamnist_224,test,1013,5,5,19.253515,-7.803088
medical,dermamnist_224,test,1014,5,5,31.352711,0.638049
medical,dermamnist_224,test,1015,5,5,-23.951300,-10.606277
medical,dermamnist_224,test,1016,5,5,24.047819,2.971161
medical,dermamnist_224,test,1017,5,5,-54.303795,5.681814
medical,dermamnist_224,test,1018,5,5,-19.661806,0.248414
medical,dermamnist_224,test,1019,5,5,-8.621883,-4.614321
medical,dermamnist_224,test,1020,5,5,-25.481728,-5.796850
medical,dermamnist_224,test,1021,6,5,28.058710,10.983842
medical,dermamnist_224,test,1022,4,5,-55.567436,7.716470
medical,dermamnist_224,test,1023,5,5,-20.137318,-9.662925
medical,dermamnist_224,test,1024,5,5,0.138539,5.504816
medical,dermamnist_224,test,1025,5,5,49.439266,7.791323
medical,dermamnist_224,test,1026,5,5,-36.191128,5.829429
medical,dermamnist_224,test,1027,5,5,6.878079,5.586180
medical,dermamnist_224,test,1028,4,5,-44.497368,3.093636
medical,dermamnist_224,test,1029,5,5,-44.523651,-11.258971
medical,dermamnist_224,test,1030,3,5,-52.153656,-0.160212
medical,dermamnist_224,test,1031,5,5,18.294573,2.707762
medical,dermamnist_224,test,1032,5,5,-4.950203,-9.832295
medical,dermamnist_224,test,1033,3,5,11.708765,5.686657
medical,dermamnist_224,test,1034,1,5,44.618710,-5.144855
medical,dermamnist_224,test,1035,5,5,-33.354294,7.055539
medical,dermamnist_224,test,1036,5,5,14.017204,-12.055323
medical,dermamnist_224,test,1037,5,5,-0.132196,2.014250
medical,dermamnist_224,test,1038,5,5,-1.989485,9.357728
medical,dermamnist_224,test,1039,5,5,47.275024,-0.643690
medical,dermamnist_224,test,1040,5,5,24.865866,-6.966609
medical,dermamnist_224,test,1041,5,5,29.566023,0.111948
medical,dermamnist_224,test,1042,5,5,-16.027786,-12.450088
medical,dermamnist_224,test,1043,5,5,-23.249964,5.072548
medical,dermamnist_224,test,1044,4,5,-32.089531,0.096164
medical,dermamnist_224,test,1045,5,5,43.106010,-2.046580
medical,dermamnist_224,test,1046,5,5,-37.387905,-4.050512
medical,dermamnist_224,test,1047,5,5,-24.074030,-13.315900
medical,dermamnist_224,test,1048,2,5,32.360718,2.450810
medical,dermamnist_224,test,1049,5,5,6.327754,10.587661
medical,dermamnist_224,test,1050,2,5,25.713789,1.487378
medical,dermamnist_224,test,1051,2,5,57.287663,0.290067
medical,dermamnist_224,test,1052,2,5,55.196049,-1.918432
medical,dermamnist_224,test,1053,5,5,22.094814,-4.448753
medical,dermamnist_224,test,1054,2,5,6.882909,6.078555
medical,dermamnist_224,test,1055,5,5,21.765160,-11.940013
medical,dermamnist_224,test,1056,2,5,45.132736,3.644787
medical,dermamnist_224,test,1057,4,5,-54.373505,4.226626
medical,dermamnist_224,test,1058,4,5,-37.004642,14.072160
medical,dermamnist_224,test,1059,4,5,0.519239,8.666065
medical,dermamnist_224,test,1060,5,5,-7.876420,10.758641
medical,dermamnist_224,test,1061,2,5,43.655216,-2.784710
medical,dermamnist_224,test,1062,5,5,2.423056,2.093214
medical,dermamnist_224,test,1063,5,5,31.570305,-5.795949
medical,dermamnist_224,test,1064,5,5,17.524105,-13.007969
medical,dermamnist_224,test,1065,5,5,30.555553,-3.842511
medical,dermamnist_224,test,1066,5,5,2.187360,-3.852982
medical,dermamnist_224,test,1067,2,5,63.053867,6.125442
medical,dermamnist_224,test,1068,5,5,12.221801,12.474848
medical,dermamnist_224,test,1069,6,5,-5.457497,-9.231598
medical,dermamnist_224,test,1070,5,5,-19.078161,6.689557
medical,dermamnist_224,test,1071,5,5,28.203657,-6.575415
medical,dermamnist_224,test,1072,4,5,2.866720,-0.025567
medical,dermamnist_224,test,1073,5,5,46.574295,-6.018438
medical,dermamnist_224,test,1074,4,5,-31.375391,3.875209
medical,dermamnist_224,test,1075,5,5,57.315693,1.773019
medical,dermamnist_224,test,1076,5,5,57.078133,-4.387766
medical,dermamnist_224,test,1077,5,5,60.965408,7.370964
medical,dermamnist_224,test,1078,2,5,64.295151,2.948660
medical,dermamnist_224,test,1079,5,5,-54.606400,-0.433903
medical,dermamnist_224,test,1080,2,5,-22.770155,-1.229526
medical,dermamnist_224,test,1081,5,5,-41.806080,5.141740
medical,dermamnist_224,test,1082,5,5,-38.271965,-4.655409
medical,dermamnist_224,test,1083,4,5,0.569501,9.355659
medical,dermamnist_224,test,1084,0,5,44.557606,1.598500
medical,dermamnist_224,test,1085,2,5,-39.854004,11.601384
medical,dermamnist_224,test,1086,5,5,30.765961,1.363330
medical,dermamnist_224,test,1087,5,5,-11.039342,-6.466338
medical,dermamnist_224,test,1088,5,5,-31.823521,-11.003379
medical,dermamnist_224,test,1089,6,5,16.222887,9.371035
medical,dermamnist_224,test,1090,0,5,15.505980,7.484651
medical,dermamnist_224,test,1091,5,5,-48.470009,4.236100
medical,dermamnist_224,test,1092,5,5,-8.511404,2.640903
medical,dermamnist_224,test,1093,5,5,-8.441365,5.131286
medical,dermamnist_224,test,1094,5,5,57.871132,-0.464968
medical,dermamnist_224,test,1095,5,5,40.512466,-0.567852
medical,dermamnist_224,test,1096,2,5,61.959015,3.453243
medical,dermamnist_224,test,1097,0,5,34.753464,-13.164637
medical,dermamnist_224,test,1098,4,5,-9.059500,0.698160
medical,dermamnist_224,test,1099,5,5,-48.225380,13.132527
medical,dermamnist_224,test,1100,3,5,52.040886,4.268941
medical,dermamnist_224,test,1101,5,5,12.113282,10.034817
medical,dermamnist_224,test,1102,5,5,-33.765881,-14.868193
medical,dermamnist_224,test,1103,1,5,40.142803,1.201861
medical,dermamnist_224,test,1104,5,5,-1.102362,-4.634758
medical,dermamnist_224,test,1105,2,5,-9.290838,5.936230
medical,dermamnist_224,test,1106,5,5,-34.365604,-1.736622
medical,dermamnist_224,test,1107,5,5,16.374321,9.687461
medical,dermamnist_224,test,1108,5,5,51.606762,6.475249
medical,dermamnist_224,test,1109,5,5,21.952192,8.582405
medical,dermamnist_224,test,1110,5,5,17.915369,-6.833386
medical,dermamnist_224,test,1111,5,5,-26.540197,-9.574176
medical,dermamnist_224,test,1112,5,5,-38.596210,1.670657
medical,dermamnist_224,test,1113,4,5,38.670296,3.234589
medical,dermamnist_224,test,1114,2,5,20.778452,-15.113565
medical,dermamnist_224,test,1115,4,5,-20.065964,3.102130
medical,dermamnist_224,test,1116,2,5,49.557728,5.144727
medical,dermamnist_224,test,1117,2,5,56.863663,6.645288
medical,dermamnist_224,test,1118,5,5,53.664738,4.379570
medical,dermamnist_224,test,1119,5,5,-17.426279,-2.694287
medical,dermamnist_224,test,1120,0,5,49.816078,2.707918
medical,dermamnist_224,test,1121,5,5,-27.519356,-10.535740
medical,dermamnist_224,test,1122,4,5,48.179691,-6.543255
medical,dermamnist_224,test,1123,4,5,-57.113503,4.985439
medical,dermamnist_224,test,1124,3,5,44.936867,5.600965
medical,dermamnist_224,test,1125,5,5,-17.949841,0.110277
medical,dermamnist_224,test,1126,5,5,-16.497255,1.877270
medical,dermamnist_224,test,1127,0,5,15.595182,7.839315
medical,dermamnist_224,test,1128,2,5,47.541443,6.619383
medical,dermamnist_224,test,1129,5,5,14.332138,3.992249
medical,dermamnist_224,test,1130,5,5,-7.628089,1.727361
medical,dermamnist_224,test,1131,5,5,-35.524395,-1.752834
medical,dermamnist_224,test,1132,1,5,-45.808086,-11.011445
medical,dermamnist_224,test,1133,5,5,45.548714,-0.094478
medical,dermamnist_224,test,1134,2,5,39.477783,-1.334961
medical,dermamnist_224,test,1135,5,5,57.658657,6.502651
medical,dermamnist_224,test,1136,2,5,-56.955013,7.072443
medical,dermamnist_224,test,1137,4,5,-9.934179,-13.476637
medical,dermamnist_224,test,1138,4,5,-43.396198,6.793134
medical,dermamnist_224,test,1139,5,5,28.370298,7.642861
medical,dermamnist_224,test,1140,5,5,-25.613728,-12.253982
medical,dermamnist_224,test,1141,5,5,16.612518,-7.732805
medical,dermamnist_224,test,1142,3,5,36.169071,2.352594
medical,dermamnist_224,test,1143,5,5,-9.537690,6.950661
medical,dermamnist_224,test,1144,5,5,13.081320,-10.102989
medical,dermamnist_224,test,1145,5,5,56.471291,1.389150
medical,dermamnist_224,test,1146,2,5,46.604736,-1.311877
medical,dermamnist_224,test,1147,5,5,-45.108356,-5.495499
medical,dermamnist_224,test,1148,2,5,-9.208172,-13.894849
medical,dermamnist_224,test,1149,5,5,14.215994,-10.273874
medical,dermamnist_224,test,1150,1,5,4.792578,6.625978
medical,dermamnist_224,test,1151,5,5,11.857681,-7.316739
medical,dermamnist_224,test,1152,5,5,5.087729,-6.578826
medical,dermamnist_224,test,1153,5,5,-22.064459,-0.997240
medical,dermamnist_224,test,1154,5,5,-20.432583,0.853195
medical,dermamnist_224,test,1155,5,5,46.786163,5.623150
medical,dermamnist_224,test,1156,5,5,-56.585876,0.675056
medical,dermamnist_224,test,1157,5,5,34.000652,-6.498338
medical,dermamnist_224,test,1158,1,5,-31.162228,-10.117079
medical,dermamnist_224,test,1159,5,5,-48.171303,6.857767
medical,dermamnist_224,test,1160,4,5,-42.779797,-1.483616
medical,dermamnist_224,test,1161,5,5,-1.099407,-0.475448
medical,dermamnist_224,test,1162,6,5,27.716930,10.035355
medical,dermamnist_224,test,1163,5,5,47.103828,5.215005
medical,dermamnist_224,test,1164,2,5,34.787605,-11.248982
medical,dermamnist_224,test,1165,5,5,-50.713867,9.896240
medical,dermamnist_224,test,1166,5,5,50.722290,-3.894440
medical,dermamnist_224,test,1167,2,5,0.993312,3.007273
medical,dermamnist_224,test,1168,1,5,61.322083,-0.627144
medical,dermamnist_224,test,1169,5,5,-30.409790,6.283718
medical,dermamnist_224,test,1170,5,5,-41.920616,7.654947
medical,dermamnist_224,test,1171,2,5,31.132755,7.554991
medical,dermamnist_224,test,1172,5,5,49.445518,-0.126429
medical,dermamnist_224,test,1173,5,5,18.410631,-8.563221
medical,dermamnist_224,test,1174,2,5,26.148466,-9.134481
medical,dermamnist_224,test,1175,5,5,-35.592201,-10.296700
medical,dermamnist_224,test,1176,5,5,-11.868342,-1.932455
medical,dermamnist_224,test,1177,5,5,24.665703,8.000951
medical,dermamnist_224,test,1178,5,5,-31.356321,5.054709
medical,dermamnist_224,test,1179,5,5,12.231351,5.005033
medical,dermamnist_224,test,1180,5,5,-43.431259,-3.291764
medical,dermamnist_224,test,1181,4,5,-34.465057,6.792706
medical,dermamnist_224,test,1182,5,5,36.915901,7.022504
medical,dermamnist_224,test,1183,5,5,60.240303,0.597057
medical,dermamnist_224,test,1184,0,5,31.644342,-11.276953
medical,dermamnist_224,test,1185,5,5,-45.903961,3.881883
medical,dermamnist_224,test,1186,0,5,-55.378365,10.405907
medical,dermamnist_224,test,1187,5,5,-28.170147,6.371595
medical,dermamnist_224,test,1188,5,5,4.280656,-10.542516
medical,dermamnist_224,test,1189,5,5,23.689436,4.058528
medical,dermamnist_224,test,1190,4,5,-33.676159,1.320091
medical,dermamnist_224,test,1191,1,5,-12.293472,-10.018102
medical,dermamnist_224,test,1192,5,5,-2.278534,-0.625434
medical,dermamnist_224,test,1193,5,5,24.996914,1.903904
medical,dermamnist_224,test,1194,2,5,-4.832409,-0.587304
medical,dermamnist_224,test,1195,4,5,-12.884489,0.071834
medical,dermamnist_224,test,1196,2,5,-33.606720,-2.473234
medical,dermamnist_224,test,1197,5,5,22.353580,-13.905333
medical,dermamnist_224,test,1198,5,5,-31.507206,-11.258917
medical,dermamnist_224,test,1199,5,5,49.713562,0.618118
medical,dermamnist_224,test,1200,5,5,-48.282990,-5.271168
medical,dermamnist_224,test,1201,5,5,5.385211,1.146225
medical,dermamnist_224,test,1202,5,5,-1.472838,-8.288296
medical,dermamnist_224,test,1203,4,5,22.125948,-1.893570
medical,dermamnist_224,test,1204,5,5,-36.906525,-12.796186
medical,dermamnist_224,test,1205,5,5,24.940788,-4.033004
medical,dermamnist_224,test,1206,5,5,-44.809856,2.124800
medical,dermamnist_224,test,1207,5,5,-11.546774,-14.232553
medical,dermamnist_224,test,1208,1,5,22.237616,8.379832
medical,dermamnist_224,test,1209,2,5,41.374901,4.465539
medical,dermamnist_224,test,1210,5,5,-10.719441,-4.278811
medical,dermamnist_224,test,1211,5,5,-1.556611,3.436617
medical,dermamnist_224,test,1212,5,5,3.049533,-7.233715
medical,dermamnist_224,test,1213,4,5,-39.147507,13.693896
medical,dermamnist_224,test,1214,1,5,32.580330,-7.553529
medical,dermamnist_224,test,1215,5,5,25.664295,-0.582965
medical,dermamnist_224,test,1216,4,5,-19.275696,1.465827
medical,dermamnist_224,test,1217,4,5,-44.043396,-0.051123
medical,dermamnist_224,test,1218,5,5,-26.305620,6.063934
medical,dermamnist_224,test,1219,4,5,48.713982,-4.952859
medical,dermamnist_224,test,1220,5,5,-28.852203,-8.108312
medical,dermamnist_224,test,1221,5,5,-57.308155,3.061720
medical,dermamnist_224,test,1222,0,5,66.135620,4.349613
medical,dermamnist_224,test,1223,2,5,62.587601,0.304526
medical,dermamnist_224,test,1224,4,5,-51.932095,3.148070
medical,dermamnist_224,test,1225,5,5,-58.812859,4.988758
medical,dermamnist_224,test,1226,5,5,-56.480389,7.719044
medical,dermamnist_224,test,1227,5,5,25.057850,-8.853812
medical,dermamnist_224,test,1228,5,5,24.278696,-15.302720
medical,dermamnist_224,test,1229,3,5,52.903736,1.878461
medical,dermamnist_224,test,1230,5,5,-26.398369,4.235279
medical,dermamnist_224,test,1231,5,5,7.036652,8.197368
medical,dermamnist_224,test,1232,0,5,31.398855,4.333644
medical,dermamnist_224,test,1233,2,5,37.612446,-1.591496
medical,dermamnist_224,test,1234,2,5,48.668365,-1.008379
medical,dermamnist_224,test,1235,5,5,-13.360509,3.511329
medical,dermamnist_224,test,1236,5,5,25.410328,-8.063127
medical,dermamnist_224,test,1237,1,5,-24.674337,-0.223531
medical,dermamnist_224,test,1238,5,5,46.537609,-4.698620
medical,dermamnist_224,test,1239,5,5,1.046218,-1.032808
medical,dermamnist_224,test,1240,5,5,12.058328,4.396579
medical,dermamnist_224,test,1241,2,5,38.497639,5.782588
medical,dermamnist_224,test,1242,5,5,21.991562,-5.460562
medical,dermamnist_224,test,1243,5,5,-37.949448,-3.666417
medical,dermamnist_224,test,1244,4,5,56.299850,-2.855005
medical,dermamnist_224,test,1245,5,5,13.045061,11.390935
medical,dermamnist_224,test,1246,0,5,44.274525,6.548614
medical,dermamnist_224,test,1247,1,5,-14.377572,-8.942568
medical,dermamnist_224,test,1248,5,5,12.986133,-2.474280
medical,dermamnist_224,test,1249,5,5,37.878246,6.278357
medical,dermamnist_224,test,1250,5,5,12.879467,7.917675
medical,dermamnist_224,test,1251,5,5,-48.467739,4.509034
medical,dermamnist_224,test,1252,4,5,22.511238,-5.127970
medical,dermamnist_224,test,1253,1,5,24.589092,7.058987
medical,dermamnist_224,test,1254,5,5,3.065880,9.672443
medical,dermamnist_224,test,1255,5,5,-31.083153,3.447911
medical,dermamnist_224,test,1256,5,5,-36.573170,11.820979
medical,dermamnist_224,test,1257,5,5,16.388058,-6.888863
medical,dermamnist_224,test,1258,5,5,3.886631,-1.262202
medical,dermamnist_224,test,1259,5,5,-25.302433,8.009515
medical,dermamnist_224,test,1260,2,5,60.089790,8.428383
medical,dermamnist_224,test,1261,2,5,49.604553,-5.347327
medical,dermamnist_224,test,1262,5,5,21.289808,-9.374261
medical,dermamnist_224,test,1263,5,5,12.665904,5.641307
medical,dermamnist_224,test,1264,5,5,-57.120319,1.455891
medical,dermamnist_224,test,1265,2,5,4.238805,6.321848
medical,dermamnist_224,test,1266,5,5,21.245878,-10.512632
medical,dermamnist_224,test,1267,5,5,17.510550,7.355738
medical,dermamnist_224,test,1268,5,5,15.618160,-8.171548
medical,dermamnist_224,test,1269,5,5,-51.040073,-2.831065
medical,dermamnist_224,test,1270,5,5,60.561802,5.511549
medical,dermamnist_224,test,1271,0,5,37.266529,-3.002956
medical,dermamnist_224,test,1272,5,5,-24.447807,-11.642097
medical,dermamnist_224,test,1273,4,5,67.122032,2.073978
medical,dermamnist_224,test,1274,5,5,29.341509,0.356325
medical,dermamnist_224,test,1275,2,5,-32.969929,12.798006
medical,dermamnist_224,test,1276,2,5,66.769493,3.613402
medical,dermamnist_224,test,1277,1,5,5.413762,11.085046
medical,dermamnist_224,test,1278,5,5,6.278040,-5.821386
medical,dermamnist_224,test,1279,4,5,-14.680553,3.113275
medical,dermamnist_224,test,1280,5,5,-33.378830,-16.014870
medical,dermamnist_224,test,1281,5,5,13.737086,10.305823
medical,dermamnist_224,test,1282,5,5,-27.328850,-12.104200
medical,dermamnist_224,test,1283,0,5,34.166683,-0.649470
medical,dermamnist_224,test,1284,5,5,-54.819214,6.592907
medical,dermamnist_224,test,1285,5,5,0.661283,-0.802916
medical,dermamnist_224,test,1286,2,5,65.969070,4.073761
medical,dermamnist_224,test,1287,5,5,-20.719929,-11.756891
medical,dermamnist_224,test,1288,5,5,14.280512,6.363039
medical,dermamnist_224,test,1289,0,5,-33.659634,0.175834
medical,dermamnist_224,test,1290,5,5,-54.639172,2.435061
medical,dermamnist_224,test,1291,5,5,4.873916,-6.676651
medical,dermamnist_224,test,1292,5,5,-5.848665,-0.414025
medical,dermamnist_224,test,1293,5,5,28.735479,-9.608230
medical,dermamnist_224,test,1294,5,5,49.584782,-1.973597
medical,dermamnist_224,test,1295,5,5,26.153532,-15.653902
medical,dermamnist_224,test,1296,5,5,-48.469032,13.208672
medical,dermamnist_224,test,1297,5,5,-47.131626,-1.471525
medical,dermamnist_224,test,1298,5,5,10.152642,5.353065
medical,dermamnist_224,test,1299,5,5,22.659922,-11.803014
medical,dermamnist_224,test,1300,5,5,-46.651733,5.138992
medical,dermamnist_224,test,1301,5,5,-27.084095,-15.905944
medical,dermamnist_224,test,1302,5,5,30.952988,-10.257724
medical,dermamnist_224,test,1303,5,5,19.812307,-10.315015
medical,dermamnist_224,test,1304,4,5,-41.146320,13.110323
medical,dermamnist_224,test,1305,5,5,-26.751427,-14.808183
medical,dermamnist_224,test,1306,5,5,5.529162,-9.396677
medical,dermamnist_224,test,1307,5,5,-23.020113,-12.453607
medical,dermamnist_224,test,1308,5,5,-45.202843,-4.438051
medical,dermamnist_224,test,1309,5,5,-33.139404,2.815631
medical,dermamnist_224,test,1310,5,5,-0.043020,-1.046462
medical,dermamnist_224,test,1311,5,5,36.628819,-2.950956
medical,dermamnist_224,test,1312,5,5,-2.480825,-0.858412
medical,dermamnist_224,test,1313,4,5,7.961785,5.698373
medical,dermamnist_224,test,1314,5,5,11.154834,4.658220
medical,dermamnist_224,test,1315,5,5,-28.368696,-15.752538
medical,dermamnist_224,test,1316,2,5,61.533554,3.929071
medical,dermamnist_224,test,1317,5,5,-21.898890,1.838270
medical,dermamnist_224,test,1318,5,5,-45.593472,1.186110
medical,dermamnist_224,test,1319,4,5,-20.457396,-0.365443
medical,dermamnist_224,test,1320,5,5,14.336187,3.716239
medical,dermamnist_224,test,1321,5,5,-53.511505,3.062261
medical,dermamnist_224,test,1322,5,5,-20.857290,9.947527
medical,dermamnist_224,test,1323,5,5,23.281605,-3.609189
medical,dermamnist_224,test,1324,6,5,-29.228010,10.416820
medical,dermamnist_224,test,1325,5,5,-3.641912,3.142751
medical,dermamnist_224,test,1326,2,5,48.648834,1.938208
medical,dermamnist_224,test,1327,6,5,43.431461,3.547388
medical,dermamnist_224,test,1328,5,5,39.099129,1.077269
medical,dermamnist_224,test,1329,1,5,34.148312,2.587143
medical,dermamnist_224,test,1330,5,5,-17.564833,5.700098
medical,dermamnist_224,test,1331,5,5,-44.651257,-2.066152
medical,dermamnist_224,test,1332,2,5,29.719736,-11.185782
medical,dermamnist_224,test,1333,1,5,-17.718620,-11.036818
medical,dermamnist_224,test,1334,4,5,-9.059554,-14.800994
medical,dermamnist_224,test,1335,2,5,-38.362309,3.784754
medical,dermamnist_224,test,1336,4,5,-26.153170,5.403637
medical,dermamnist_224,test,1337,5,5,-32.394268,4.526442
medical,dermamnist_224,test,1338,5,5,42.614357,-3.185926
medical,dermamnist_224,test,1339,5,5,16.497513,7.591597
medical,dermamnist_224,test,1340,2,5,-31.821861,-9.005416
medical,dermamnist_224,test,1341,4,5,-32.800220,-0.396739
medical,dermamnist_224,test,1342,2,5,55.816833,4.342064
medical,dermamnist_224,test,1343,5,5,-25.839956,-3.320305
medical,dermamnist_224,test,1344,5,5,57.792564,-2.903082
medical,dermamnist_224,test,1345,2,5,60.069824,5.150862
medical,dermamnist_224,test,1346,5,5,11.857125,-8.985767
medical,dermamnist_224,test,1347,5,5,16.057669,1.160467
medical,dermamnist_224,test,1348,5,5,-44.050537,5.999875
medical,dermamnist_224,test,1349,5,5,-7.317101,-9.766403
medical,dermamnist_224,test,1350,4,5,-22.297646,11.764276
medical,dermamnist_224,test,1351,2,5,-53.559090,12.091316
medical,dermamnist_224,test,1352,5,5,26.449141,-4.744855
medical,dermamnist_224,test,1353,5,5,-27.623663,-4.950015
medical,dermamnist_224,test,1354,5,5,-51.859505,7.282834
medical,dermamnist_224,test,1355,5,5,14.455301,-6.423155
medical,dermamnist_224,test,1356,5,5,-6.099668,0.406168
medical,dermamnist_224,test,1357,5,5,-42.133881,7.542926
medical,dermamnist_224,test,1358,5,5,20.333290,-7.135145
medical,dermamnist_224,test,1359,2,5,65.437775,3.232383
medical,dermamnist_224,test,1360,4,5,-59.569656,6.953889
medical,dermamnist_224,test,1361,5,5,-43.796574,0.375816
medical,dermamnist_224,test,1362,5,5,1.454128,11.794075
medical,dermamnist_224,test,1363,5,5,-32.414413,8.130098
medical,dermamnist_224,test,1364,5,5,-38.214657,2.408233
medical,dermamnist_224,test,1365,1,5,-45.887974,7.526603
medical,dermamnist_224,test,1366,5,5,-7.634344,-11.582083
medical,dermamnist_224,test,1367,5,5,39.304291,-0.040468
medical,dermamnist_224,test,1368,5,5,-46.546329,-1.253471
medical,dermamnist_224,test,1369,5,5,-15.267329,3.506567
medical,dermamnist_224,test,1370,5,5,59.274807,4.055521
medical,dermamnist_224,test,1371,5,5,-41.291119,2.169527
medical,dermamnist_224,test,1372,5,5,20.325058,-0.191748
medical,dermamnist_224,test,1373,5,5,6.782856,-5.774120
medical,dermamnist_224,test,1374,5,5,26.456600,1.681329
medical,dermamnist_224,test,1375,0,5,55.072216,-0.522301
medical,dermamnist_224,test,1376,6,5,-32.828632,-14.464672
medical,dermamnist_224,test,1377,5,5,50.318249,-1.968785
medical,dermamnist_224,test,1378,5,5,3.612849,-5.903493
medical,dermamnist_224,test,1379,5,5,-38.675388,14.452415
medical,dermamnist_224,test,1380,5,5,18.682636,2.354967
medical,dermamnist_224,test,1381,5,5,32.412506,-11.057062
medical,dermamnist_224,test,1382,4,5,-42.028492,0.691344
medical,dermamnist_224,test,1383,5,5,13.230496,6.272228
medical,dermamnist_224,test,1384,5,5,4.140360,1.190609
medical,dermamnist_224,test,1385,5,5,26.314034,7.389184
medical,dermamnist_224,test,1386,4,5,52.825954,3.340568
medical,dermamnist_224,test,1387,5,5,-36.071480,6.908127
medical,dermamnist_224,test,1388,5,5,-25.462015,-6.002174
medical,dermamnist_224,test,1389,5,5,-29.115000,-6.900168
medical,dermamnist_224,test,1390,5,5,-23.392712,2.476240
medical,dermamnist_224,test,1391,5,5,-37.286606,7.457441
medical,dermamnist_224,test,1392,5,5,18.443695,-5.256429
medical,dermamnist_224,test,1393,5,5,17.152639,10.084534
medical,dermamnist_224,test,1394,5,5,-53.765228,3.461238
medical,dermamnist_224,test,1395,5,5,-16.729952,-10.356775
medical,dermamnist_224,test,1396,5,5,-46.425083,9.847007
medical,dermamnist_224,test,1397,5,5,12.593570,-8.987419
medical,dermamnist_224,test,1398,5,5,42.051090,4.307012
medical,dermamnist_224,test,1399,5,5,13.271218,13.551636
medical,dermamnist_224,test,1400,5,5,9.595713,5.350688
medical,dermamnist_224,test,1401,5,5,-27.055187,10.298625
medical,dermamnist_224,test,1402,5,5,-31.292480,4.159097
medical,dermamnist_224,test,1403,5,5,-2.844241,-4.141788
medical,dermamnist_224,test,1404,4,5,33.349045,-13.244633
medical,dermamnist_224,test,1405,2,5,-20.477684,11.020160
medical,dermamnist_224,test,1406,4,5,-43.894276,-4.915799
medical,dermamnist_224,test,1407,5,5,31.792543,3.071134
medical,dermamnist_224,test,1408,2,5,-23.405989,9.417267
medical,dermamnist_224,test,1409,4,5,15.733960,-6.358559
medical,dermamnist_224,test,1410,5,5,8.908003,6.058627
medical,dermamnist_224,test,1411,5,5,-30.059816,-11.160589
medical,dermamnist_224,test,1412,5,5,51.476387,4.740084
medical,dermamnist_224,test,1413,5,5,-18.042511,-11.326756
medical,dermamnist_224,test,1414,5,5,-23.488768,-8.112373
medical,dermamnist_224,test,1415,4,5,-27.246559,-13.135259
medical,dermamnist_224,test,1416,5,5,-34.072380,-2.477382
medical,dermamnist_224,test,1417,0,5,62.801498,6.932315
medical,dermamnist_224,test,1418,5,5,-41.450481,4.992331
medical,dermamnist_224,test,1419,1,5,27.221001,-13.421493
medical,dermamnist_224,test,1420,5,5,14.035420,5.013535
medical,dermamnist_224,test,1421,5,5,37.924995,-11.322375
medical,dermamnist_224,test,1422,5,5,-22.564785,5.493794
medical,dermamnist_224,test,1423,5,5,35.252769,-7.826171
medical,dermamnist_224,test,1424,0,5,39.842155,2.385697
medical,dermamnist_224,test,1425,5,5,14.988811,-7.230926
medical,dermamnist_224,test,1426,4,5,35.830471,-10.784080
medical,dermamnist_224,test,1427,5,5,-50.565109,7.226649
medical,dermamnist_224,test,1428,5,5,-34.616039,-2.126595
medical,dermamnist_224,test,1429,5,5,59.350151,8.078229
medical,dermamnist_224,test,1430,5,5,46.452850,1.213522
medical,dermamnist_224,test,1431,5,5,-10.603544,-3.731369
medical,dermamnist_224,test,1432,5,5,-31.363222,-13.326443
medical,dermamnist_224,test,1433,4,5,-40.185860,14.368779
medical,dermamnist_224,test,1434,2,5,24.171679,-4.585122
medical,dermamnist_224,test,1435,2,5,65.375015,2.976450
medical,dermamnist_224,test,1436,2,5,31.157389,-3.263739
medical,dermamnist_224,test,1437,5,5,41.561131,1.473310
medical,dermamnist_224,test,1438,5,5,25.339029,-13.123126
medical,dermamnist_224,test,1439,5,5,7.845417,8.664162
medical,dermamnist_224,test,1440,5,5,-49.528923,8.862653
medical,dermamnist_224,test,1441,5,5,0.012208,10.660831
medical,dermamnist_224,test,1442,5,5,-56.871387,7.698162
medical,dermamnist_224,test,1443,5,5,34.175209,-2.603381
medical,dermamnist_224,test,1444,4,5,32.178341,-9.802461
medical,dermamnist_224,test,1445,5,5,-5.445541,-11.662046
medical,dermamnist_224,test,1446,5,5,-7.912646,10.800809
medical,dermamnist_224,test,1447,5,5,47.419079,3.430288
medical,dermamnist_224,test,1448,5,5,-38.738461,-8.312072
medical,dermamnist_224,test,1449,5,5,-28.850613,-7.593962
medical,dermamnist_224,test,1450,4,5,-36.944317,7.905519
medical,dermamnist_224,test,1451,4,5,40.111034,-5.564440
medical,dermamnist_224,test,1452,5,5,-6.170044,-14.252091
medical,dermamnist_224,test,1453,5,5,58.125744,-1.600923
medical,dermamnist_224,test,1454,0,5,43.893799,-4.374533
medical,dermamnist_224,test,1455,5,5,-42.817577,-4.191647
medical,dermamnist_224,test,1456,5,5,3.193094,-1.065545
medical,dermamnist_224,test,1457,5,5,-6.973331,-2.988417
medical,dermamnist_224,test,1458,0,5,-30.028671,0.645025
medical,dermamnist_224,test,1459,2,5,43.088585,-0.577435
medical,dermamnist_224,test,1460,2,5,57.223461,4.979946
medical,dermamnist_224,test,1461,2,5,48.871815,4.202765
medical,dermamnist_224,test,1462,3,5,61.957878,6.035062
medical,dermamnist_224,test,1463,5,5,12.375383,8.727874
medical,dermamnist_224,test,1464,5,5,-37.404858,-1.636198
medical,dermamnist_224,test,1465,4,5,-6.733260,0.130619
medical,dermamnist_224,test,1466,4,5,-10.411593,7.009656
medical,dermamnist_224,test,1467,5,5,-22.770790,9.774045
medical,dermamnist_224,test,1468,5,5,16.803881,-5.868639
medical,dermamnist_224,test,1469,5,5,19.010134,-9.132452
medical,dermamnist_224,test,1470,5,5,-29.115332,-4.375029
medical,dermamnist_224,test,1471,0,5,38.627323,-10.961060
medical,dermamnist_224,test,1472,5,5,32.475342,1.394925
medical,dermamnist_224,test,1473,5,5,49.302296,4.867493
medical,dermamnist_224,test,1474,5,5,37.518150,1.124755
medical,dermamnist_224,test,1475,5,5,47.815983,-0.117505
medical,dermamnist_224,test,1476,4,5,26.390800,8.214128
medical,dermamnist_224,test,1477,2,5,-51.679920,-3.897477
medical,dermamnist_224,test,1478,1,5,-29.409456,-15.013700
medical,dermamnist_224,test,1479,5,5,-49.089676,-0.239735
medical,dermamnist_224,test,1480,5,5,-40.037506,0.604871
medical,dermamnist_224,test,1481,5,5,17.049450,-11.316397
medical,dermamnist_224,test,1482,5,5,39.125690,0.491538
medical,dermamnist_224,test,1483,5,5,-11.780853,-4.948521
medical,dermamnist_224,test,1484,5,5,-29.245478,7.793916
medical,dermamnist_224,test,1485,5,5,15.298156,-2.152217
medical,dermamnist_224,test,1486,5,5,-48.566063,8.134938
medical,dermamnist_224,test,1487,1,5,-46.924332,-8.537809
medical,dermamnist_224,test,1488,5,5,-29.777409,9.500435
medical,dermamnist_224,test,1489,2,5,-50.519531,12.390809
medical,dermamnist_224,test,1490,5,5,38.849785,-3.227203
medical,dermamnist_224,test,1491,5,5,34.577606,-1.463693
medical,dermamnist_224,test,1492,2,5,-31.882771,-3.480277
medical,dermamnist_224,test,1493,5,5,-3.088824,1.507794
medical,dermamnist_224,test,1494,5,5,-11.506660,-14.359731
medical,dermamnist_224,test,1495,1,5,51.438080,-3.910071
medical,dermamnist_224,test,1496,5,5,30.381573,7.913106
medical,dermamnist_224,test,1497,4,5,-34.528828,9.090301
medical,dermamnist_224,test,1498,0,5,21.228794,0.900172
medical,dermamnist_224,test,1499,5,5,31.457560,-0.576938
medical,dermamnist_224,test,1500,5,5,15.483912,9.648198
medical,dermamnist_224,test,1501,5,5,0.156842,7.710991
medical,dermamnist_224,test,1502,5,5,57.716827,6.890938
medical,dermamnist_224,test,1503,5,5,43.650673,3.052817
medical,dermamnist_224,test,1504,5,5,21.937487,-3.016801
medical,dermamnist_224,test,1505,5,5,-1.292045,6.579813
medical,dermamnist_224,test,1506,5,5,0.193024,2.074975
medical,dermamnist_224,test,1507,1,5,-18.927223,0.624187
medical,dermamnist_224,test,1508,5,5,43.823883,-0.498789
medical,dermamnist_224,test,1509,5,5,-1.430419,-0.021846
medical,dermamnist_224,test,1510,5,5,0.222853,0.194126
medical,dermamnist_224,test,1511,5,5,-25.072603,-16.551128
medical,dermamnist_224,test,1512,5,5,-15.304840,-11.447783
medical,dermamnist_224,test,1513,5,5,2.921831,9.631167
medical,dermamnist_224,test,1514,5,5,50.881699,-0.882133
medical,dermamnist_224,test,1515,5,5,-10.657890,-1.998391
medical,dermamnist_224,test,1516,4,5,-15.913948,-11.233488
medical,dermamnist_224,test,1517,5,5,-33.861755,-10.492187
medical,dermamnist_224,test,1518,5,5,16.205381,7.731882
medical,dermamnist_224,test,1519,5,5,-48.343517,-8.325298
medical,dermamnist_224,test,1520,2,5,0.409641,0.115120
medical,dermamnist_224,test,1521,5,5,36.146320,-9.911638
medical,dermamnist_224,test,1522,5,5,-15.097199,-9.695580
medical,dermamnist_224,test,1523,4,5,-6.640736,-11.244884
medical,dermamnist_224,test,1524,5,5,5.413376,-4.731304
medical,dermamnist_224,test,1525,5,5,16.548813,-11.849611
medical,dermamnist_224,test,1526,5,5,-3.092693,-11.320787
medical,dermamnist_224,test,1527,2,5,-51.934311,7.994803
medical,dermamnist_224,test,1528,5,5,37.503342,-12.202982
medical,dermamnist_224,test,1529,5,5,12.166362,4.144587
medical,dermamnist_224,test,1530,5,5,5.328550,2.088367
medical,dermamnist_224,test,1531,4,5,27.052881,7.394702
medical,dermamnist_224,test,1532,6,5,42.293743,-8.890821
medical,dermamnist_224,test,1533,5,5,63.700638,5.366242
medical,dermamnist_224,test,1534,5,5,36.366035,-10.750307
medical,dermamnist_224,test,1535,2,5,-3.645368,-6.157438
medical,dermamnist_224,test,1536,5,5,29.870890,-7.326178
medical,dermamnist_224,test,1537,4,5,14.110135,-6.276694
medical,dermamnist_224,test,1538,5,5,-1.417135,-2.764426
medical,dermamnist_224,test,1539,6,5,13.413651,-8.193085
medical,dermamnist_224,test,1540,5,5,-0.721139,-6.789059
medical,dermamnist_224,test,1541,5,5,15.038377,4.897903
medical,dermamnist_224,test,1542,5,5,-33.825470,14.465255
medical,dermamnist_224,test,1543,5,5,-43.408066,-7.082416
medical,dermamnist_224,test,1544,4,5,5.211416,-9.358935
medical,dermamnist_224,test,1545,5,5,-3.715091,-2.093044
medical,dermamnist_224,test,1546,5,5,61.454784,2.131982
medical,dermamnist_224,test,1547,4,5,40.099140,-0.586397
medical,dermamnist_224,test,1548,5,5,-32.345516,-10.333344
medical,dermamnist_224,test,1549,5,5,-33.303780,14.938997
medical,dermamnist_224,test,1550,5,5,36.875389,0.595456
medical,dermamnist_224,test,1551,5,5,9.998325,8.909166
medical,dermamnist_224,test,1552,1,5,-5.715498,7.748055
medical,dermamnist_224,test,1553,5,5,48.457047,3.830975
medical,dermamnist_224,test,1554,5,5,42.272472,-8.967004
medical,dermamnist_224,test,1555,5,5,-38.993736,-6.071400
medical,dermamnist_224,test,1556,5,5,-23.337976,-11.494305
medical,dermamnist_224,test,1557,5,5,49.987640,0.222060
medical,dermamnist_224,test,1558,2,5,1.398306,-2.145842
medical,dermamnist_224,test,1559,5,5,0.118607,-3.709407
medical,dermamnist_224,test,1560,0,5,-25.983326,-2.462459
medical,dermamnist_224,test,1561,1,5,17.825029,3.548877
medical,dermamnist_224,test,1562,5,5,20.010254,-7.897165
medical,dermamnist_224,test,1563,4,5,-18.892939,2.925893
medical,dermamnist_224,test,1564,5,5,33.305885,0.275625
medical,dermamnist_224,test,1565,5,5,-37.462780,4.251789
medical,dermamnist_224,test,1566,5,5,20.798956,-15.129053
medical,dermamnist_224,test,1567,5,5,8.407001,6.702417
medical,dermamnist_224,test,1568,5,5,55.236050,0.356105
medical,dermamnist_224,test,1569,5,5,-12.453178,-6.515636
medical,dermamnist_224,test,1570,5,5,31.591560,-2.117249
medical,dermamnist_224,test,1571,5,5,31.967926,4.403809
medical,dermamnist_224,test,1572,5,5,-11.722519,-3.463572
medical,dermamnist_224,test,1573,5,5,-25.835115,4.227955
medical,dermamnist_224,test,1574,4,5,-18.693241,-2.259537
medical,dermamnist_224,test,1575,5,5,11.998841,11.827127
medical,dermamnist_224,test,1576,5,5,-20.305944,0.749126
medical,dermamnist_224,test,1577,5,5,60.078808,4.361722
medical,dermamnist_224,test,1578,2,5,63.288925,1.029338
medical,dermamnist_224,test,1579,4,5,-40.001583,12.620593
medical,dermamnist_224,test,1580,5,5,17.780014,-9.048973
medical,dermamnist_224,test,1581,2,5,64.567474,2.552549
medical,dermamnist_224,test,1582,5,5,40.884941,4.936524
medical,dermamnist_224,test,1583,5,5,-50.745213,1.638276
medical,dermamnist_224,test,1584,4,5,-37.907001,0.168271
medical,dermamnist_224,test,1585,4,5,-28.363590,6.886683
medical,dermamnist_224,test,1586,5,5,42.603634,4.525551
medical,dermamnist_224,test,1587,4,5,-47.380646,10.575484
medical,dermamnist_224,test,1588,2,5,1.041154,-2.818147
medical,dermamnist_224,test,1589,4,5,-38.069916,14.592377
medical,dermamnist_224,test,1590,5,5,-34.123936,-15.378129
medical,dermamnist_224,test,1591,5,5,3.693891,-10.759748
medical,dermamnist_224,test,1592,5,5,-27.464632,-11.335330
medical,dermamnist_224,test,1593,4,5,30.659960,-8.283224
medical,dermamnist_224,test,1594,5,5,2.951919,-1.462801
medical,dermamnist_224,test,1595,5,5,64.073471,1.598410
medical,dermamnist_224,test,1596,5,5,-58.026230,1.285493
medical,dermamnist_224,test,1597,4,5,-26.768908,-6.787075
medical,dermamnist_224,test,1598,1,5,59.471233,-2.482755
medical,dermamnist_224,test,1599,2,5,3.909568,-2.053975
medical,dermamnist_224,test,1600,5,5,49.865566,7.754694
medical,dermamnist_224,test,1601,5,5,34.202610,-6.347751
medical,dermamnist_224,test,1602,5,5,-24.224506,10.834250
medical,dermamnist_224,test,1603,5,5,-50.903419,11.670855
medical,dermamnist_224,test,1604,5,5,-52.571445,-1.481991
medical,dermamnist_224,test,1605,5,5,24.253479,-1.878050
medical,dermamnist_224,test,1606,5,5,0.346147,5.002310
medical,dermamnist_224,test,1607,1,5,-50.758350,-3.811226
medical,dermamnist_224,test,1608,5,5,-35.010376,-2.500087
medical,dermamnist_224,test,1609,2,5,-51.559467,-1.853959
medical,dermamnist_224,test,1610,2,5,66.794952,0.088159
medical,dermamnist_224,test,1611,5,5,-46.814793,7.294489
medical,dermamnist_224,test,1612,5,5,-33.819683,8.558329
medical,dermamnist_224,test,1613,5,5,-23.693642,2.881424
medical,dermamnist_224,test,1614,5,5,24.198565,-14.285906
medical,dermamnist_224,test,1615,4,5,66.432198,3.278357
medical,dermamnist_224,test,1616,5,5,-34.718262,-13.181757
medical,dermamnist_224,test,1617,5,5,-27.754196,11.468772
medical,dermamnist_224,test,1618,5,5,-1.342503,-5.746278
medical,dermamnist_224,test,1619,5,5,-1.541193,6.998881
medical,dermamnist_224,test,1620,5,5,27.855738,-5.688973
medical,dermamnist_224,test,1621,5,5,20.099459,-12.799297
medical,dermamnist_224,test,1622,5,5,14.723893,8.948334
medical,dermamnist_224,test,1623,5,5,45.361057,0.064549
medical,dermamnist_224,test,1624,1,5,-15.820109,-8.298005
medical,dermamnist_224,test,1625,5,5,15.510047,-0.750993
medical,dermamnist_224,test,1626,4,5,-20.472885,5.983191
medical,dermamnist_224,test,1627,5,5,0.008845,6.564585
medical,dermamnist_224,test,1628,5,5,-49.915684,0.792293
medical,dermamnist_224,test,1629,2,5,57.034214,3.794725
medical,dermamnist_224,test,1630,0,5,60.594833,3.651139
medical,dermamnist_224,test,1631,5,5,23.347792,-14.147228
medical,dermamnist_224,test,1632,5,5,33.081596,-10.847183
medical,dermamnist_224,test,1633,5,5,62.745003,1.798170
medical,dermamnist_224,test,1634,5,5,-27.732885,8.436821
medical,dermamnist_224,test,1635,5,5,-53.312859,1.462689
medical,dermamnist_224,test,1636,6,5,65.081032,5.126565
medical,dermamnist_224,test,1637,4,5,-47.913383,13.709655
medical,dermamnist_224,test,1638,1,5,-15.697960,-8.486103
medical,dermamnist_224,test,1639,5,5,-14.327384,-12.719062
medical,dermamnist_224,test,1640,5,5,-30.509569,-16.932102
medical,dermamnist_224,test,1641,2,5,-25.279139,4.037060
medical,dermamnist_224,test,1642,5,5,-44.164078,8.192079
medical,dermamnist_224,test,1643,5,5,16.678255,-5.242146
medical,dermamnist_224,test,1644,5,5,13.160130,11.248988
medical,dermamnist_224,test,1645,0,5,-50.943260,-6.188006
medical,dermamnist_224,test,1646,5,5,29.563917,-11.026012
medical,dermamnist_224,test,1647,5,5,-51.008602,0.047915
medical,dermamnist_224,test,1648,4,5,-20.222471,-0.674331
medical,dermamnist_224,test,1649,5,5,25.469120,-4.638343
medical,dermamnist_224,test,1650,5,5,-39.404800,4.867763
medical,dermamnist_224,test,1651,4,5,-59.219734,7.692748
medical,dermamnist_224,test,1652,5,5,-22.610897,-6.516175
medical,dermamnist_224,test,1653,5,5,-43.156403,-5.382493
medical,dermamnist_224,test,1654,5,5,28.268562,1.397576
medical,dermamnist_224,test,1655,5,5,44.591709,1.130128
medical,dermamnist_224,test,1656,5,5,8.327077,9.084120
medical,dermamnist_224,test,1657,5,5,-0.433211,9.429539
medical,dermamnist_224,test,1658,5,5,-8.472090,-8.538628
medical,dermamnist_224,test,1659,5,5,2.102031,-8.239373
medical,dermamnist_224,test,1660,5,5,33.508442,-1.313280
medical,dermamnist_224,test,1661,5,5,-46.129650,6.762120
medical,dermamnist_224,test,1662,4,5,-31.149303,-15.167792
medical,dermamnist_224,test,1663,4,5,-1.701211,3.611830
medical,dermamnist_224,test,1664,5,5,24.827337,1.010164
medical,dermamnist_224,test,1665,5,5,-30.056585,10.036876
medical,dermamnist_224,test,1666,2,5,66.708824,2.850987
medical,dermamnist_224,test,1667,5,5,48.511272,5.516365
medical,dermamnist_224,test,1668,5,5,-45.218983,-7.407806
medical,dermamnist_224,test,1669,2,5,-4.552025,-0.203655
medical,dermamnist_224,test,1670,5,5,-11.455476,-1.026994
medical,dermamnist_224,test,1671,4,5,-37.522648,6.646798
medical,dermamnist_224,test,1672,5,5,28.898720,-6.988602
medical,dermamnist_224,test,1673,5,5,54.680500,2.864336
medical,dermamnist_224,test,1674,5,5,-0.511296,-4.611885
medical,dermamnist_224,test,1675,4,5,-0.116479,-4.832492
medical,dermamnist_224,test,1676,5,5,14.486464,-1.911408
medical,dermamnist_224,test,1677,5,5,-43.804012,-3.864556
medical,dermamnist_224,test,1678,5,5,-30.727348,-15.431355
medical,dermamnist_224,test,1679,1,5,-29.828522,-13.864697
medical,dermamnist_224,test,1680,5,5,15.507896,-9.798968
medical,dermamnist_224,test,1681,5,5,-21.009285,-11.642079
medical,dermamnist_224,test,1682,5,5,56.526947,0.660634
medical,dermamnist_224,test,1683,4,5,-49.357826,10.613348
medical,dermamnist_224,test,1684,5,5,0.811238,-9.636062
medical,dermamnist_224,test,1685,4,5,27.757849,0.481486
medical,dermamnist_224,test,1686,5,5,-32.887630,-15.719177
medical,dermamnist_224,test,1687,2,5,60.620739,7.340763
medical,dermamnist_224,test,1688,5,5,31.983019,-2.702989
medical,dermamnist_224,test,1689,5,5,-19.782600,8.809576
medical,dermamnist_224,test,1690,5,5,23.350529,-7.430740
medical,dermamnist_224,test,1691,5,5,-54.623615,6.918632
medical,dermamnist_224,test,1692,5,5,36.002483,-0.903761
medical,dermamnist_224,test,1693,5,5,25.567883,0.944883
medical,dermamnist_224,test,1694,5,5,37.046253,-11.625243
medical,dermamnist_224,test,1695,5,5,-18.374554,-4.814822
medical,dermamnist_224,test,1696,5,5,-22.283525,7.932703
medical,dermamnist_224,test,1697,5,5,29.491446,6.911162
medical,dermamnist_224,test,1698,1,5,25.168171,7.305715
medical,dermamnist_224,test,1699,4,5,-47.872509,9.498389
medical,dermamnist_224,test,1700,5,5,24.170055,-13.704690
medical,dermamnist_224,test,1701,5,5,-2.812824,-4.808340
medical,dermamnist_224,test,1702,5,5,-19.402786,4.151000
medical,dermamnist_224,test,1703,5,5,-12.244351,-4.636553
medical,dermamnist_224,test,1704,5,5,-43.617817,-4.520066
medical,dermamnist_224,test,1705,5,5,-46.066624,2.413865
medical,dermamnist_224,test,1706,5,5,50.245632,-1.504563
medical,dermamnist_224,test,1707,5,5,-55.165485,4.667102
medical,dermamnist_224,test,1708,5,5,9.978309,12.211696
medical,dermamnist_224,test,1709,5,5,1.728389,12.041550
medical,dermamnist_224,test,1710,0,5,7.655768,8.050267
medical,dermamnist_224,test,1711,2,5,-32.013069,7.412333
medical,dermamnist_224,test,1712,5,5,-23.078728,-5.436393
medical,dermamnist_224,test,1713,0,5,60.593143,-0.009956
medical,dermamnist_224,test,1714,5,5,61.945095,5.286244
medical,dermamnist_224,test,1715,5,5,-17.154289,-10.197311
medical,dermamnist_224,test,1716,4,5,-49.446465,3.202565
medical,dermamnist_224,test,1717,4,5,-10.474981,-12.828476
medical,dermamnist_224,test,1718,6,5,46.697746,7.604964
medical,dermamnist_224,test,1719,5,5,-48.046394,-1.260960
medical,dermamnist_224,test,1720,5,5,-24.838047,-5.491935
medical,dermamnist_224,test,1721,5,5,25.110668,0.690772
medical,dermamnist_224,test,1722,5,5,21.966887,-11.196526
medical,dermamnist_224,test,1723,5,5,11.207037,5.594654
medical,dermamnist_224,test,1724,5,5,-17.396091,-2.611362
medical,dermamnist_224,test,1725,1,5,-33.644077,-4.412551
medical,dermamnist_224,test,1726,0,5,54.370419,5.368244
medical,dermamnist_224,test,1727,4,5,-14.124730,-8.578183
medical,dermamnist_224,test,1728,5,5,-57.195927,4.142830
medical,dermamnist_224,test,1729,5,5,36.065838,-1.851333
medical,dermamnist_224,test,1730,1,5,47.034782,6.494928
medical,dermamnist_224,test,1731,5,5,45.511208,-2.693129
medical,dermamnist_224,test,1732,5,5,-2.992213,8.908219
medical,dermamnist_224,test,1733,5,5,-17.714300,-4.848748
medical,dermamnist_224,test,1734,5,5,17.882259,-0.749116
medical,dermamnist_224,test,1735,5,5,-48.617130,2.619938
medical,dermamnist_224,test,1736,1,5,-21.198380,-13.043340
medical,dermamnist_224,test,1737,5,5,-0.987071,-2.472588
medical,dermamnist_224,test,1738,5,5,-43.796642,3.517080
medical,dermamnist_224,test,1739,5,5,44.292080,3.272399
medical,dermamnist_224,test,1740,4,5,-42.726215,9.682761
medical,dermamnist_224,test,1741,5,5,-11.829673,-8.103253
medical,dermamnist_224,test,1742,5,5,44.961311,-2.638745
medical,dermamnist_224,test,1743,6,5,-3.149606,-11.688626
medical,dermamnist_224,test,1744,5,5,6.179386,0.269873
medical,dermamnist_224,test,1745,2,5,61.510777,-1.704253
medical,dermamnist_224,test,1746,6,5,45.871571,6.857869
medical,dermamnist_224,test,1747,4,5,-48.559193,-4.115411
medical,dermamnist_224,test,1748,5,5,3.370477,-6.569728
medical,dermamnist_224,test,1749,5,5,-6.662144,-14.209997
medical,dermamnist_224,test,1750,5,5,-6.969214,5.885109
medical,dermamnist_224,test,1751,5,5,21.338594,-2.905833
medical,dermamnist_224,test,1752,5,5,-26.525824,-11.198626
medical,dermamnist_224,test,1753,4,5,49.950245,3.346190
medical,dermamnist_224,test,1754,5,5,35.152161,-7.943868
medical,dermamnist_224,test,1755,0,5,-34.677540,-3.852040
medical,dermamnist_224,test,1756,5,5,-30.761299,-10.907813
medical,dermamnist_224,test,1757,5,5,40.019859,-1.965923
medical,dermamnist_224,test,1758,2,5,-5.336339,-2.432312
medical,dermamnist_224,test,1759,5,5,-38.070011,-2.072897
medical,dermamnist_224,test,1760,0,5,-37.727604,8.277061
medical,dermamnist_224,test,1761,2,5,58.603825,-0.020611
medical,dermamnist_224,test,1762,5,5,-55.092232,2.952544
medical,dermamnist_224,test,1763,5,5,4.001805,-6.076937
medical,dermamnist_224,test,1764,5,5,-0.233158,-7.381847
medical,dermamnist_224,test,1765,5,5,-23.707333,-6.707528
medical,dermamnist_224,test,1766,5,5,52.523270,1.875526
medical,dermamnist_224,test,1767,5,5,39.644978,-6.858087
medical,dermamnist_224,test,1768,5,5,-8.357680,-8.840568
medical,dermamnist_224,test,1769,5,5,-54.058315,2.023642
medical,dermamnist_224,test,1770,5,5,23.998175,4.707483
medical,dermamnist_224,test,1771,4,5,-43.008587,11.945055
medical,dermamnist_224,test,1772,4,5,-40.969887,14.677607
medical,dermamnist_224,test,1773,2,5,-53.076927,12.905061
medical,dermamnist_224,test,1774,5,5,-19.387569,-9.735121
medical,dermamnist_224,test,1775,5,5,3.830445,-5.413393
medical,dermamnist_224,test,1776,5,5,48.868992,1.379744
medical,dermamnist_224,test,1777,5,5,-17.435541,6.453021
medical,dermamnist_224,test,1778,5,5,17.777407,-3.458833
medical,dermamnist_224,test,1779,2,5,-52.469872,4.422249
medical,dermamnist_224,test,1780,2,5,16.623755,-0.532898
medical,dermamnist_224,test,1781,5,5,40.215359,-5.367335
medical,dermamnist_224,test,1782,2,5,-44.858257,-10.537723
medical,dermamnist_224,test,1783,5,5,-3.321956,0.362158
medical,dermamnist_224,test,1784,6,5,29.771805,10.404820
medical,dermamnist_224,test,1785,5,5,-14.767300,-5.745706
medical,dermamnist_224,test,1786,5,5,16.470816,-3.109925
medical,dermamnist_224,test,1787,5,5,56.905163,-3.526409
medical,dermamnist_224,test,1788,5,5,-46.566639,-4.450126
medical,dermamnist_224,test,1789,4,5,-38.216679,10.623866
medical,dermamnist_224,test,1790,2,5,-50.279324,7.720270
medical,dermamnist_224,test,1791,0,5,4.304985,11.034545
medical,dermamnist_224,test,1792,5,5,59.769890,1.646858
medical,dermamnist_224,test,1793,5,5,-37.760113,-5.652587
medical,dermamnist_224,test,1794,5,5,-16.777498,-2.077310
medical,dermamnist_224,test,1795,5,5,-12.258960,-2.012920
medical,dermamnist_224,test,1796,5,5,-52.551620,12.454953
medical,dermamnist_224,test,1797,2,5,16.471195,-6.062177
medical,dermamnist_224,test,1798,5,5,-10.674352,-1.042261
medical,dermamnist_224,test,1799,5,5,-46.387642,11.867793
medical,dermamnist_224,test,1800,4,5,-55.072788,11.191268
medical,dermamnist_224,test,1801,4,5,-55.706768,0.010183
medical,dermamnist_224,test,1802,5,5,47.970341,4.607303
medical,dermamnist_224,test,1803,5,5,-5.368674,-3.385010
medical,dermamnist_224,test,1804,5,5,-0.083965,9.267488
medical,dermamnist_224,test,1805,5,5,-47.272820,-3.861365
medical,dermamnist_224,test,1806,5,5,-18.048307,-10.020996
medical,dermamnist_224,test,1807,5,5,25.223652,6.591582
medical,dermamnist_224,test,1808,2,5,51.411224,7.806277
medical,dermamnist_224,test,1809,5,5,-36.702209,1.717558
medical,dermamnist_224,test,1810,5,5,8.368257,4.580064
medical,dermamnist_224,test,1811,5,5,31.255371,-6.480246
medical,dermamnist_224,test,1812,5,5,38.056381,6.592935
medical,dermamnist_224,test,1813,4,5,-46.633457,2.088449
medical,dermamnist_224,test,1814,5,5,40.565815,7.356556
medical,dermamnist_224,test,1815,4,5,3.631218,-2.112164
medical,dermamnist_224,test,1816,5,5,16.802830,-13.475173
medical,dermamnist_224,test,1817,5,5,-28.000931,-10.775946
medical,dermamnist_224,test,1818,5,5,-50.255344,1.861253
medical,dermamnist_224,test,1819,2,5,-32.023907,0.352854
medical,dermamnist_224,test,1820,5,5,-13.833194,-6.377291
medical,dermamnist_224,test,1821,2,5,38.554615,3.335837
medical,dermamnist_224,test,1822,4,5,-3.966617,10.288733
medical,dermamnist_224,test,1823,2,5,52.567726,0.955605
medical,dermamnist_224,test,1824,5,5,-11.494850,2.387152
medical,dermamnist_224,test,1825,0,5,-30.285198,0.761887
medical,dermamnist_224,test,1826,5,5,-36.403763,5.344012
medical,dermamnist_224,test,1827,5,5,-5.189872,-6.879677
medical,dermamnist_224,test,1828,4,5,-12.604911,5.027249
medical,dermamnist_224,test,1829,2,5,35.615314,-2.489125
medical,dermamnist_224,test,1830,5,5,63.168865,-0.674594
medical,dermamnist_224,test,1831,5,5,23.782318,-13.916495
medical,dermamnist_224,test,1832,5,5,0.936714,-0.118326
medical,dermamnist_224,test,1833,5,5,19.691845,9.362647
medical,dermamnist_224,test,1834,5,5,33.261311,-10.146836
medical,dermamnist_224,test,1835,5,5,0.637242,5.624153
medical,dermamnist_224,test,1836,5,5,44.984829,3.542853
medical,dermamnist_224,test,1837,5,5,14.637855,-1.770988
medical,dermamnist_224,test,1838,5,5,-52.002888,1.447391
medical,dermamnist_224,test,1839,5,5,21.728907,-3.937273
medical,dermamnist_224,test,1840,5,5,33.995556,-4.961062
medical,dermamnist_224,test,1841,4,5,-33.154228,1.514094
medical,dermamnist_224,test,1842,2,5,-20.797661,7.961904
medical,dermamnist_224,test,1843,5,5,-15.643359,-1.437139
medical,dermamnist_224,test,1844,2,5,9.180811,-2.964993
medical,dermamnist_224,test,1845,5,5,19.982674,-8.608397
medical,dermamnist_224,test,1846,5,5,44.437103,-1.843664
medical,dermamnist_224,test,1847,5,5,59.456314,3.229558
medical,dermamnist_224,test,1848,5,5,19.791334,-9.996840
medical,dermamnist_224,test,1849,2,5,25.634146,-4.729941
medical,dermamnist_224,test,1850,4,5,27.786318,-5.308718
medical,dermamnist_224,test,1851,0,5,-16.968954,1.457386
medical,dermamnist_224,test,1852,5,5,14.334791,-6.043429
medical,dermamnist_224,test,1853,5,5,-37.709908,-3.730667
medical,dermamnist_224,test,1854,2,5,59.585880,5.421671
medical,dermamnist_224,test,1855,3,5,63.467930,4.219935
medical,dermamnist_224,test,1856,4,5,-57.283653,8.397921
medical,dermamnist_224,test,1857,5,5,-18.475986,5.316887
medical,dermamnist_224,test,1858,5,5,31.659481,-1.578788
medical,dermamnist_224,test,1859,2,5,10.879758,3.317693
medical,dermamnist_224,test,1860,5,5,-3.189410,-3.826086
medical,dermamnist_224,test,1861,5,5,6.631043,6.477972
medical,dermamnist_224,test,1862,2,5,65.363930,2.293925
medical,dermamnist_224,test,1863,1,5,-5.457283,-14.541360
medical,dermamnist_224,test,1864,4,5,20.292875,1.531496
medical,dermamnist_224,test,1865,5,5,14.389588,1.985294
medical,dermamnist_224,test,1866,5,5,-32.692776,-15.466531
medical,dermamnist_224,test,1867,2,5,62.266262,0.053982
medical,dermamnist_224,test,1868,1,5,-41.626648,-8.666949
medical,dermamnist_224,test,1869,5,5,44.364151,-2.954881
medical,dermamnist_224,test,1870,4,5,-54.875111,12.121412
medical,dermamnist_224,test,1871,2,5,14.730164,10.270520
medical,dermamnist_224,test,1872,1,5,-28.635181,-1.892007
medical,dermamnist_224,test,1873,5,5,13.489186,-9.206168
medical,dermamnist_224,test,1874,5,5,-32.737373,-1.113044
medical,dermamnist_224,test,1875,2,5,58.993382,4.898818
medical,dermamnist_224,test,1876,5,5,38.628292,6.662233
medical,dermamnist_224,test,1877,5,5,28.986689,8.983466
medical,dermamnist_224,test,1878,4,5,-39.932610,-3.276134
medical,dermamnist_224,test,1879,5,5,-51.052261,4.717132
medical,dermamnist_224,test,1880,5,5,-24.798037,-8.686490
medical,dermamnist_224,test,1881,2,5,27.231112,-2.434129
medical,dermamnist_224,test,1882,1,5,-41.605183,-8.372323
medical,dermamnist_224,test,1883,5,5,-54.917664,6.617731
medical,dermamnist_224,test,1884,1,5,-21.475140,-13.167113
medical,dermamnist_224,test,1885,4,5,63.868458,0.700000
medical,dermamnist_224,test,1886,5,5,36.847370,-11.357590
medical,dermamnist_224,test,1887,0,5,38.589195,3.384760
medical,dermamnist_224,test,1888,5,5,-56.639442,4.462306
medical,dermamnist_224,test,1889,5,5,55.576900,5.148465
medical,dermamnist_224,test,1890,2,5,18.091204,1.920860
medical,dermamnist_224,test,1891,5,5,31.184561,3.613106
medical,dermamnist_224,test,1892,5,5,32.295040,3.522550
medical,dermamnist_224,test,1893,5,5,-40.324162,10.299258
medical,dermamnist_224,test,1894,5,5,-29.714188,-12.997190
medical,dermamnist_224,test,1895,5,5,45.366474,8.629056
medical,dermamnist_224,test,1896,5,5,23.211294,-3.469821
medical,dermamnist_224,test,1897,5,5,-17.505930,-5.414749
medical,dermamnist_224,test,1898,4,5,-30.434887,-1.864838
medical,dermamnist_224,test,1899,5,5,-41.743656,14.327605
medical,dermamnist_224,test,1900,2,5,18.148930,-9.021908
medical,dermamnist_224,test,1901,4,5,-22.963520,0.929176
medical,dermamnist_224,test,1902,5,5,32.006233,-5.564984
medical,dermamnist_224,test,1903,5,5,16.900635,-10.869143
medical,dermamnist_224,test,1904,5,5,-24.543680,-10.011585
medical,dermamnist_224,test,1905,0,5,23.599363,-14.255162
medical,dermamnist_224,test,1906,4,5,-44.785038,-1.361557
medical,dermamnist_224,test,1907,5,5,37.773655,-10.772713
medical,dermamnist_224,test,1908,2,5,60.305183,-1.629163
medical,dermamnist_224,test,1909,5,5,-14.696519,-13.793280
medical,dermamnist_224,test,1910,5,5,56.917671,1.022395
medical,dermamnist_224,test,1911,2,5,-32.629486,2.968779
medical,dermamnist_224,test,1912,5,5,39.165394,0.502495
medical,dermamnist_224,test,1913,5,5,16.413698,-13.965725
medical,dermamnist_224,test,1914,2,5,54.181683,0.327604
medical,dermamnist_224,test,1915,5,5,12.911501,-2.219251
medical,dermamnist_224,test,1916,0,5,66.776550,1.617158
medical,dermamnist_224,test,1917,2,5,-44.348198,-11.542809
medical,dermamnist_224,test,1918,5,5,-37.000954,-12.898311
medical,dermamnist_224,test,1919,5,5,-29.189831,4.149334
medical,dermamnist_224,test,1920,5,5,-19.044897,8.130893
medical,dermamnist_224,test,1921,5,5,-13.203538,-9.277531
medical,dermamnist_224,test,1922,5,5,-50.345234,5.641145
medical,dermamnist_224,test,1923,1,5,-17.358597,-6.483100
medical,dermamnist_224,test,1924,5,5,-1.529029,9.407217
medical,dermamnist_224,test,1925,5,5,19.983768,-11.122219
medical,dermamnist_224,test,1926,5,5,15.119431,-11.752836
medical,dermamnist_224,test,1927,5,5,45.592529,1.537768
medical,dermamnist_224,test,1928,5,5,48.528301,-3.388856
medical,dermamnist_224,test,1929,2,5,4.905584,6.926262
medical,dermamnist_224,test,1930,5,5,-19.956696,-13.664745
medical,dermamnist_224,test,1931,5,5,-46.069214,-9.302446
medical,dermamnist_224,test,1932,2,5,-0.647860,6.035954
medical,dermamnist_224,test,1933,5,5,-49.109863,5.124020
medical,dermamnist_224,test,1934,1,5,-30.630749,-0.439072
medical,dermamnist_224,test,1935,4,5,-15.267163,7.142952
medical,dermamnist_224,test,1936,5,5,5.656489,-9.565223
medical,dermamnist_224,test,1937,5,5,-26.568308,8.578895
medical,dermamnist_224,test,1938,5,5,-48.613602,3.352494
medical,dermamnist_224,test,1939,5,5,-55.813103,1.303386
medical,dermamnist_224,test,1940,1,5,43.706512,-5.337599
medical,dermamnist_224,test,1941,5,5,-26.964314,-3.555835
medical,dermamnist_224,test,1942,5,5,-6.476723,7.497162
medical,dermamnist_224,test,1943,2,5,-44.383347,-1.677637
medical,dermamnist_224,test,1944,4,5,-49.636272,11.641680
medical,dermamnist_224,test,1945,5,5,4.859640,2.414689
medical,dermamnist_224,test,1946,5,5,36.553097,-11.570182
medical,dermamnist_224,test,1947,5,5,-46.986889,-3.984702
medical,dermamnist_224,test,1948,5,5,31.099775,9.840038
medical,dermamnist_224,test,1949,5,5,-30.771786,12.994243
medical,dermamnist_224,test,1950,4,5,67.015388,3.052835
medical,dermamnist_224,test,1951,5,5,18.218184,-5.279335
medical,dermamnist_224,test,1952,5,5,-23.307463,-5.863696
medical,dermamnist_224,test,1953,5,5,-32.319599,-7.349781
medical,dermamnist_224,test,1954,5,5,-12.317523,7.204529
medical,dermamnist_224,test,1955,5,5,-26.150457,-4.148676
medical,dermamnist_224,test,1956,4,5,-45.599152,7.076130
medical,dermamnist_224,test,1957,5,5,-43.315365,10.017313
medical,dermamnist_224,test,1958,5,5,-16.303082,-10.939337
medical,dermamnist_224,test,1959,4,5,-9.450250,-1.006195
medical,dermamnist_224,test,1960,5,5,20.444870,-0.044796
medical,dermamnist_224,test,1961,5,5,-45.774563,10.704254
medical,dermamnist_224,test,1962,6,5,28.424582,10.944562
medical,dermamnist_224,test,1963,1,5,61.681728,2.327836
medical,dermamnist_224,test,1964,5,5,30.336214,1.106379
medical,dermamnist_224,test,1965,5,5,-9.148520,-3.368191
medical,dermamnist_224,test,1966,4,5,-55.335289,9.175207
medical,dermamnist_224,test,1967,5,5,-24.076418,-6.716816
medical,dermamnist_224,test,1968,1,5,62.573803,7.247571
medical,dermamnist_224,test,1969,5,5,-43.510540,0.262029
medical,dermamnist_224,test,1970,0,5,65.399658,1.100246
medical,dermamnist_224,test,1971,5,5,-36.401443,-8.379383
medical,dermamnist_224,test,1972,5,5,-7.182915,-1.997785
medical,dermamnist_224,test,1973,5,5,42.301758,-8.186103
medical,dermamnist_224,test,1974,5,5,32.180317,-8.662334
medical,dermamnist_224,test,1975,5,5,-18.660727,-12.831674
medical,dermamnist_224,test,1976,5,5,-14.965465,-11.102025
medical,dermamnist_224,test,1977,5,5,-8.477658,0.404391
medical,dermamnist_224,test,1978,4,5,59.256332,7.525632
medical,dermamnist_224,test,1979,5,5,-26.757668,-16.787291
medical,dermamnist_224,test,1980,5,5,-18.491594,1.542036
medical,dermamnist_224,test,1981,5,5,17.511936,-4.963398
medical,dermamnist_224,test,1982,4,5,30.331455,-1.085618
medical,dermamnist_224,test,1983,4,5,-32.687252,13.623398
medical,dermamnist_224,test,1984,6,5,18.453650,8.074335
medical,dermamnist_224,test,1985,5,5,3.287694,3.937686
medical,dermamnist_224,test,1986,5,5,-8.389629,0.200609
medical,dermamnist_224,test,1987,4,5,-25.491276,1.739778
medical,dermamnist_224,test,1988,4,5,-11.064157,-2.560115
medical,dermamnist_224,test,1989,4,5,1.384606,-0.252592
medical,dermamnist_224,test,1990,2,5,9.552783,9.380299
medical,dermamnist_224,test,1991,5,5,-38.786850,0.760539
medical,dermamnist_224,test,1992,1,5,-17.319643,-7.594332
medical,dermamnist_224,test,1993,5,5,-14.518391,3.853741
medical,dermamnist_224,test,1994,5,5,-40.267925,13.612073
medical,dermamnist_224,test,1995,4,5,-43.356926,8.993227
medical,dermamnist_224,test,1996,5,5,-20.011946,-0.130237
medical,dermamnist_224,test,1997,5,5,5.754049,8.794147
medical,dermamnist_224,test,1998,5,5,-33.886971,3.835773
medical,dermamnist_224,test,1999,5,5,33.103394,-3.616480
medical,dermamnist_224,test,2000,2,5,26.474001,-6.802102
medical,dermamnist_224,test,2001,5,5,-8.809422,-14.010777
medical,dermamnist_224,test,2002,5,5,14.628736,-7.974213
medical,dermamnist_224,test,2003,5,5,28.588423,-3.853975
medical,dermamnist_224,test,2004,5,5,-48.949024,0.756151
natural,cifar7_derma_strict,test,0,5,5,-9.443065,-17.221045
natural,cifar7_derma_strict,test,1,5,5,-27.998798,31.591736
natural,cifar7_derma_strict,test,2,5,5,-19.284128,28.617393
natural,cifar7_derma_strict,test,3,5,5,18.113302,8.684076
natural,cifar7_derma_strict,test,4,5,5,-5.324726,11.313198
natural,cifar7_derma_strict,test,5,5,5,-11.245985,11.303692
natural,cifar7_derma_strict,test,6,5,5,-10.070708,-9.508986
natural,cifar7_derma_strict,test,7,5,5,34.080193,16.712002
natural,cifar7_derma_strict,test,8,4,5,-42.740730,-20.655199
natural,cifar7_derma_strict,test,9,2,5,-34.297588,-3.832489
natural,cifar7_derma_strict,test,10,5,5,13.398762,36.392853
natural,cifar7_derma_strict,test,11,5,5,9.622595,18.791803
natural,cifar7_derma_strict,test,12,4,5,7.688615,-29.224604
natural,cifar7_derma_strict,test,13,2,5,11.812949,4.057718
natural,cifar7_derma_strict,test,14,5,5,28.926189,-16.475555
natural,cifar7_derma_strict,test,15,5,5,-24.306679,15.052284
natural,cifar7_derma_strict,test,16,5,5,-1.251137,-6.613914
natural,cifar7_derma_strict,test,17,4,5,27.424545,-29.105837
natural,cifar7_derma_strict,test,18,2,5,45.058426,-27.856096
natural,cifar7_derma_strict,test,19,5,5,27.145327,-22.106215
natural,cifar7_derma_strict,test,20,5,5,30.739077,-24.224464
natural,cifar7_derma_strict,test,21,5,5,-21.746582,34.112411
natural,cifar7_derma_strict,test,22,5,5,8.569839,21.724043
natural,cifar7_derma_strict,test,23,6,4,18.312180,-37.956615
natural,cifar7_derma_strict,test,24,2,5,-22.225954,-22.610620
natural,cifar7_derma_strict,test,25,4,4,-0.183252,-30.140854
natural,cifar7_derma_strict,test,26,5,5,11.172061,26.800322
natural,cifar7_derma_strict,test,27,5,5,-21.998428,7.845337
natural,cifar7_derma_strict,test,28,5,5,3.759712,47.105610
natural,cifar7_derma_strict,test,29,4,4,-23.110750,-21.468170
natural,cifar7_derma_strict,test,30,5,5,16.310606,40.484104
natural,cifar7_derma_strict,test,31,5,5,-3.287496,11.383941
natural,cifar7_derma_strict,test,32,2,4,-38.398376,-24.166800
natural,cifar7_derma_strict,test,33,5,5,-18.073977,40.015701
natural,cifar7_derma_strict,test,34,1,5,-42.095158,-4.249041
natural,cifar7_derma_strict,test,35,5,5,34.087006,-2.985482
natural,cifar7_derma_strict,test,36,5,5,22.814631,13.546690
natural,cifar7_derma_strict,test,37,0,5,-56.518093,-15.402819
natural,cifar7_derma_strict,test,38,5,5,-9.738246,-3.924864
natural,cifar7_derma_strict,test,39,5,5,27.670977,12.886559
natural,cifar7_derma_strict,test,40,5,5,-16.333845,28.329660
natural,cifar7_derma_strict,test,41,5,5,-25.793226,-12.601572
natural,cifar7_derma_strict,test,42,5,5,22.143169,-0.724211
natural,cifar7_derma_strict,test,43,5,5,-33.027493,-2.855326
natural,cifar7_derma_strict,test,44,5,5,-2.565369,-18.086443
natural,cifar7_derma_strict,test,45,5,5,15.418316,13.067684
natural,cifar7_derma_strict,test,46,4,5,35.528408,-29.898375
natural,cifar7_derma_strict,test,47,5,5,-0.387885,-1.165197
natural,cifar7_derma_strict,test,48,5,5,-24.617943,-2.828920
natural,cifar7_derma_strict,test,49,5,5,-24.130266,4.372531
natural,cifar7_derma_strict,test,50,2,4,-34.362438,-13.005756
natural,cifar7_derma_strict,test,51,5,5,-2.994953,-0.078286
natural,cifar7_derma_strict,test,52,5,5,31.494719,-3.495151
natural,cifar7_derma_strict,test,53,0,5,-21.659124,-13.664018
natural,cifar7_derma_strict,test,54,5,5,35.074318,-26.780880
natural,cifar7_derma_strict,test,55,5,5,3.481629,40.511299
natural,cifar7_derma_strict,test,56,5,5,29.605322,17.370352
natural,cifar7_derma_strict,test,57,4,5,31.761988,-33.937851
natural,cifar7_derma_strict,test,58,5,5,-9.208838,-5.444221
natural,cifar7_derma_strict,test,59,4,4,-28.272058,-25.877859
natural,cifar7_derma_strict,test,60,5,5,15.305469,4.312201
natural,cifar7_derma_strict,test,61,4,4,-30.394249,-22.479925
natural,cifar7_derma_strict,test,62,5,5,39.655537,-20.602415
natural,cifar7_derma_strict,test,63,5,5,21.256533,11.956000
natural,cifar7_derma_strict,test,64,5,5,-21.007498,-24.463903
natural,cifar7_derma_strict,test,65,5,5,-12.646205,10.863984
natural,cifar7_derma_strict,test,66,5,5,41.948357,-13.947445
natural,cifar7_derma_strict,test,67,5,5,-27.440481,19.903856
natural,cifar7_derma_strict,test,68,5,5,-7.492803,-5.193265
natural,cifar7_derma_strict,test,69,5,5,5.989304,23.681648
natural,cifar7_derma_strict,test,70,5,5,6.144918,-20.912914
natural,cifar7_derma_strict,test,71,4,5,-12.027528,-25.945307
natural,cifar7_derma_strict,test,72,1,5,-42.338013,-6.043413
natural,cifar7_derma_strict,test,73,2,5,-16.936659,-13.751343
natural,cifar7_derma_strict,test,74,2,5,-32.265057,-9.698460
natural,cifar7_derma_strict,test,75,5,5,-15.646352,36.558109
natural,cifar7_derma_strict,test,76,3,5,-27.899544,-1.125083
natural,cifar7_derma_strict,test,77,5,5,28.471588,1.880455
natural,cifar7_derma_strict,test,78,5,5,16.757725,-1.850558
natural,cifar7_derma_strict,test,79,5,5,-26.927921,29.367636
natural,cifar7_derma_strict,test,80,5,5,27.574850,-21.126404
natural,cifar7_derma_strict,test,81,5,5,9.248953,36.592865
natural,cifar7_derma_strict,test,82,4,5,-19.525167,-22.641859
natural,cifar7_derma_strict,test,83,5,5,6.970844,10.977989
natural,cifar7_derma_strict,test,84,2,4,-42.557217,-22.249683
natural,cifar7_derma_strict,test,85,5,5,-1.476020,22.212618
natural,cifar7_derma_strict,test,86,5,5,-43.435143,-16.984222
natural,cifar7_derma_strict,test,87,4,5,-21.007124,-22.541269
natural,cifar7_derma_strict,test,88,5,5,5.446767,31.082134
natural,cifar7_derma_strict,test,89,2,5,-33.739605,-8.044376
natural,cifar7_derma_strict,test,90,5,5,25.274633,-28.480322
natural,cifar7_derma_strict,test,91,5,5,2.326906,-6.318653
natural,cifar7_derma_strict,test,92,5,5,-6.157260,27.943668
natural,cifar7_derma_strict,test,93,4,5,-21.839067,-10.571415
natural,cifar7_derma_strict,test,94,1,5,-53.216797,-9.604802
natural,cifar7_derma_strict,test,95,5,5,7.929762,21.685598
natural,cifar7_derma_strict,test,96,5,5,-5.264755,11.829141
natural,cifar7_derma_strict,test,97,5,5,8.048383,23.200953
natural,cifar7_derma_strict,test,98,5,5,40.081825,-18.298897
natural,cifar7_derma_strict,test,99,5,5,-18.508520,36.823620
natural,cifar7_derma_strict,test,100,5,5,3.308681,29.976242
natural,cifar7_derma_strict,test,101,5,5,3.493323,45.332325
natural,cifar7_derma_strict,test,102,5,5,32.977894,12.254820
natural,cifar7_derma_strict,test,103,5,5,23.075277,-13.917746
natural,cifar7_derma_strict,test,104,0,5,-14.755113,-12.226656
natural,cifar7_derma_strict,test,105,5,5,-13.276393,29.094172
natural,cifar7_derma_strict,test,106,5,5,-16.133915,20.152563
natural,cifar7_derma_strict,test,107,5,5,-12.506325,11.284021
natural,cifar7_derma_strict,test,108,5,5,9.773646,-7.485407
natural,cifar7_derma_strict,test,109,1,5,-47.642082,-8.656002
natural,cifar7_derma_strict,test,110,5,5,28.597210,0.247328
natural,cifar7_derma_strict,test,111,4,5,-9.794289,-18.035904
natural,cifar7_derma_strict,test,112,5,5,32.392368,-13.807879
natural,cifar7_derma_strict,test,113,5,5,-33.383221,3.803058
natural,cifar7_derma_strict,test,114,4,5,1.300289,-26.588629
natural,cifar7_derma_strict,test,115,0,5,-57.953178,-13.795021
natural,cifar7_derma_strict,test,116,4,5,27.605904,-23.375614
natural,cifar7_derma_strict,test,117,2,4,-40.270386,-25.810858
natural,cifar7_derma_strict,test,118,5,5,4.541322,3.437192
natural,cifar7_derma_strict,test,119,2,5,-31.694508,-13.025926
natural,cifar7_derma_strict,test,120,5,5,3.984266,3.434126
natural,cifar7_derma_strict,test,121,1,5,-41.700195,-6.546322
natural,cifar7_derma_strict,test,122,4,4,-35.350445,-26.580046
natural,cifar7_derma_strict,test,123,5,5,6.127713,-5.432067
natural,cifar7_derma_strict,test,124,0,5,-58.467716,-15.219761
natural,cifar7_derma_strict,test,125,2,5,-37.285309,-11.553595
natural,cifar7_derma_strict,test,126,2,4,-17.651358,-26.487684
natural,cifar7_derma_strict,test,127,5,5,42.968037,-28.915014
natural,cifar7_derma_strict,test,128,5,5,25.633760,3.222122
natural,cifar7_derma_strict,test,129,5,5,35.550743,27.840031
natural,cifar7_derma_strict,test,130,5,5,45.049484,-20.537859
natural,cifar7_derma_strict,test,131,5,5,7.949885,24.999050
natural,cifar7_derma_strict,test,132,5,5,-37.916992,-5.003747
natural,cifar7_derma_strict,test,133,5,5,0.811770,-2.667701
natural,cifar7_derma_strict,test,134,5,5,12.090003,30.731787
natural,cifar7_derma_strict,test,135,0,5,-56.743725,-13.793764
natural,cifar7_derma_strict,test,136,5,5,-19.009426,15.185396
natural,cifar7_derma_strict,test,137,5,5,36.278645,12.455784
natural,cifar7_derma_strict,test,138,5,5,-3.700602,4.763089
natural,cifar7_derma_strict,test,139,2,5,33.412189,-24.760603
natural,cifar7_derma_strict,test,140,0,5,-51.596012,-15.221839
natural,cifar7_derma_strict,test,141,5,5,-0.643640,31.838146
natural,cifar7_derma_strict,test,142,5,5,26.651144,35.488777
natural,cifar7_derma_strict,test,143,1,5,-45.046425,-3.702757
natural,cifar7_derma_strict,test,144,0,5,-38.964752,-10.444194
natural,cifar7_derma_strict,test,145,5,5,-21.559835,9.906894
natural,cifar7_derma_strict,test,146,5,5,-8.552459,33.942352
natural,cifar7_derma_strict,test,147,1,5,-60.399918,-10.507805
natural,cifar7_derma_strict,test,148,5,5,31.714285,-4.320136
natural,cifar7_derma_strict,test,149,5,5,8.567546,27.560635
natural,cifar7_derma_strict,test,150,5,5,-19.583458,-0.031427
natural,cifar7_derma_strict,test,151,5,5,-3.839429,-21.614422
natural,cifar7_derma_strict,test,152,5,5,3.073867,44.482082
natural,cifar7_derma_strict,test,153,2,5,-16.433943,-12.219427
natural,cifar7_derma_strict,test,154,5,5,13.936284,12.235039
natural,cifar7_derma_strict,test,155,5,5,16.442532,20.068970
natural,cifar7_derma_strict,test,156,4,5,29.877821,-21.569042
natural,cifar7_derma_strict,test,157,5,5,-25.005676,1.620255
natural,cifar7_derma_strict,test,158,2,5,-23.376936,-11.339312
natural,cifar7_derma_strict,test,159,5,5,1.277400,8.369947
natural,cifar7_derma_strict,test,160,5,5,4.512093,-18.496580
natural,cifar7_derma_strict,test,161,5,5,-2.582439,-20.468746
natural,cifar7_derma_strict,test,162,5,5,6.901766,10.806147
natural,cifar7_derma_strict,test,163,0,5,-50.519253,-15.653085
natural,cifar7_derma_strict,test,164,2,5,2.559221,-23.665169
natural,cifar7_derma_strict,test,165,5,5,30.163918,-29.272511
natural,cifar7_derma_strict,test,166,5,5,41.948357,-13.947445
natural,cifar7_derma_strict,test,167,5,5,-1.472480,27.513224
natural,cifar7_derma_strict,test,168,5,4,19.756386,-35.427990
natural,cifar7_derma_strict,test,169,5,5,4.794509,12.152758
natural,cifar7_derma_strict,test,170,5,5,21.297340,34.410263
natural,cifar7_derma_strict,test,171,1,5,-59.075161,-13.520434
natural,cifar7_derma_strict,test,172,5,5,2.657334,16.256765
natural,cifar7_derma_strict,test,173,2,4,-7.598307,-25.669666
natural,cifar7_derma_strict,test,174,5,5,6.728745,32.275909
natural,cifar7_derma_strict,test,175,5,5,18.242085,13.594742
natural,cifar7_derma_strict,test,176,5,5,39.227985,15.067265
natural,cifar7_derma_strict,test,177,5,5,1.504807,17.579947
natural,cifar7_derma_strict,test,178,4,5,-3.259887,-31.905045
natural,cifar7_derma_strict,test,179,5,5,-7.409609,46.713013
natural,cifar7_derma_strict,test,180,2,4,21.106522,-28.981375
natural,cifar7_derma_strict,test,181,6,4,-27.638029,-15.971382
natural,cifar7_derma_strict,test,182,5,5,-57.514069,-8.272658
natural,cifar7_derma_strict,test,183,5,5,1.928256,46.413345
natural,cifar7_derma_strict,test,184,5,5,-9.737741,-3.925268
natural,cifar7_derma_strict,test,185,5,5,21.256531,11.955976
natural,cifar7_derma_strict,test,186,5,5,36.942184,14.527591
natural,cifar7_derma_strict,test,187,5,5,-23.221392,6.121419
natural,cifar7_derma_strict,test,188,2,5,-16.074745,-13.356494
natural,cifar7_derma_strict,test,189,1,5,-48.311996,-7.529335
natural,cifar7_derma_strict,test,190,4,5,35.764599,-34.613297
natural,cifar7_derma_strict,test,191,5,5,4.828088,39.138683
natural,cifar7_derma_strict,test,192,5,5,26.538315,-29.565794
natural,cifar7_derma_strict,test,193,2,5,29.828112,-20.041391
natural,cifar7_derma_strict,test,194,5,5,-20.013889,6.874363
natural,cifar7_derma_strict,test,195,5,5,4.040427,5.752151
natural,cifar7_derma_strict,test,196,5,5,-30.340542,-5.141824
natural,cifar7_derma_strict,test,197,5,5,31.844896,-3.449414
natural,cifar7_derma_strict,test,198,5,5,29.252731,31.667524
natural,cifar7_derma_strict,test,199,5,5,18.033655,39.463562
natural,cifar7_derma_strict,test,200,5,5,-33.383221,3.803058
natural,cifar7_derma_strict,test,201,5,5,32.523785,1.199477
natural,cifar7_derma_strict,test,202,5,5,-12.304222,41.955688
natural,cifar7_derma_strict,test,203,5,5,27.216375,-9.674828
natural,cifar7_derma_strict,test,204,4,4,19.649282,-32.265285
natural,cifar7_derma_strict,test,205,1,5,-57.798069,-11.117655
natural,cifar7_derma_strict,test,206,5,5,0.086058,8.571006
natural,cifar7_derma_strict,test,207,2,4,-27.630301,-23.690950
natural,cifar7_derma_strict,test,208,5,5,38.579605,-20.265177
natural,cifar7_derma_strict,test,209,5,5,38.085270,5.923144
natural,cifar7_derma_strict,test,210,5,5,2.592284,2.063403
natural,cifar7_derma_strict,test,211,4,4,1.930586,-31.256420
natural,cifar7_derma_strict,test,212,5,5,-21.688593,29.493870
natural,cifar7_derma_strict,test,213,0,5,-13.336154,9.434315
natural,cifar7_derma_strict,test,214,5,5,24.359121,-14.960570
natural,cifar7_derma_strict,test,215,4,4,22.802702,-30.676121
natural,cifar7_derma_strict,test,216,5,5,32.903950,13.380861
natural,cifar7_derma_strict,test,217,0,5,-57.530182,-10.459930
natural,cifar7_derma_strict,test,218,5,5,5.166013,-4.093499
natural,cifar7_derma_strict,test,219,4,5,0.976928,-24.641640
natural,cifar7_derma_strict,test,220,2,4,22.450905,-34.137714
natural,cifar7_derma_strict,test,221,5,5,32.912872,-22.776770
natural,cifar7_derma_strict,test,222,5,5,-3.020311,26.819563
natural,cifar7_derma_strict,test,223,5,5,2.117398,32.504829
natural,cifar7_derma_strict,test,224,5,5,37.065060,-23.191591
natural,cifar7_derma_strict,test,225,5,5,12.071823,14.043184
natural,cifar7_derma_strict,test,226,5,5,4.266424,10.395226
natural,cifar7_derma_strict,test,227,1,5,-42.075317,-2.224939
natural,cifar7_derma_strict,test,228,5,5,-2.860285,4.899184
natural,cifar7_derma_strict,test,229,2,5,18.472580,-11.835821
natural,cifar7_derma_strict,test,230,1,5,-51.757622,-5.505631
natural,cifar7_derma_strict,test,231,4,4,-0.473565,-32.904751
natural,cifar7_derma_strict,test,232,3,5,11.136019,31.451464
natural,cifar7_derma_strict,test,233,5,5,2.339224,12.296870
natural,cifar7_derma_strict,test,234,5,5,41.346878,-23.972473
natural,cifar7_derma_strict,test,235,5,5,45.049541,-20.537722
natural,cifar7_derma_strict,test,236,5,5,30.138401,11.178822
natural,cifar7_derma_strict,test,237,5,5,-4.012177,2.270978
natural,cifar7_derma_strict,test,238,5,5,22.553946,15.927894
natural,cifar7_derma_strict,test,239,1,5,-53.683136,-9.144105
natural,cifar7_derma_strict,test,240,1,5,-45.034325,-4.644095
natural,cifar7_derma_strict,test,241,5,5,38.870770,11.675820
natural,cifar7_derma_strict,test,242,5,5,0.820041,-25.467991
natural,cifar7_derma_strict,test,243,2,5,25.072815,-32.541618
natural,cifar7_derma_strict,test,244,5,5,0.738178,27.352579
natural,cifar7_derma_strict,test,245,5,5,32.494873,-14.531308
natural,cifar7_derma_strict,test,246,0,5,-30.146090,-8.178284
natural,cifar7_derma_strict,test,247,2,5,-14.542844,-10.901535
natural,cifar7_derma_strict,test,248,5,5,7.853180,16.370989
natural,cifar7_derma_strict,test,249,4,4,7.753049,-30.957537
natural,cifar7_derma_strict,test,250,2,5,-29.136936,-17.765299
natural,cifar7_derma_strict,test,251,0,5,-15.966036,-10.853891
natural,cifar7_derma_strict,test,252,2,5,-4.883181,-21.416002
natural,cifar7_derma_strict,test,253,4,5,-2.509048,-24.807421
natural,cifar7_derma_strict,test,254,5,5,-12.322381,4.189911
natural,cifar7_derma_strict,test,255,5,5,43.408016,-26.339756
natural,cifar7_derma_strict,test,256,3,5,19.871496,8.874200
natural,cifar7_derma_strict,test,257,5,5,2.529177,4.838276
natural,cifar7_derma_strict,test,258,5,5,-8.508267,7.667653
natural,cifar7_derma_strict,test,259,5,5,16.310606,40.484104
natural,cifar7_derma_strict,test,260,5,5,24.717457,25.150366
natural,cifar7_derma_strict,test,261,4,4,-42.285408,-23.676334
natural,cifar7_derma_strict,test,262,5,5,23.811697,35.099220
natural,cifar7_derma_strict,test,263,5,5,-2.593500,0.930782
natural,cifar7_derma_strict,test,264,0,5,-37.740238,-19.293560
natural,cifar7_derma_strict,test,265,5,5,15.305469,4.312201
natural,cifar7_derma_strict,test,266,4,4,-28.484848,-24.780558
natural,cifar7_derma_strict,test,267,5,4,-21.546612,-20.388542
natural,cifar7_derma_strict,test,268,3,5,-7.114718,29.995075
natural,cifar7_derma_strict,test,269,0,5,-37.220047,-6.665562
natural,cifar7_derma_strict,test,270,5,5,10.525782,-2.104407
natural,cifar7_derma_strict,test,271,5,5,-25.846766,33.381393
natural,cifar7_derma_strict,test,272,2,5,43.899937,-27.720846
natural,cifar7_derma_strict,test,273,5,5,2.894768,26.539318
natural,cifar7_derma_strict,test,274,5,5,14.878639,-8.368214
natural,cifar7_derma_strict,test,275,5,5,0.997097,39.979382
natural,cifar7_derma_strict,test,276,5,5,32.107204,-3.937657
natural,cifar7_derma_strict,test,277,2,5,38.664909,-16.941185
natural,cifar7_derma_strict,test,278,4,5,35.406918,-36.611034
natural,cifar7_derma_strict,test,279,5,5,-0.769708,-18.531950
natural,cifar7_derma_strict,test,280,5,5,-1.834113,13.840747
natural,cifar7_derma_strict,test,281,1,5,-54.220589,-12.225041
natural,cifar7_derma_strict,test,282,2,5,6.241299,-28.074545
natural,cifar7_derma_strict,test,283,5,5,-8.623920,16.084963
natural,cifar7_derma_strict,test,284,5,5,34.500607,2.423434
natural,cifar7_derma_strict,test,285,5,5,45.317734,-22.795044
natural,cifar7_derma_strict,test,286,2,5,-32.200974,-10.155987
natural,cifar7_derma_strict,test,287,0,5,14.350996,-38.001904
natural,cifar7_derma_strict,test,288,5,5,-23.221392,6.121419
natural,cifar7_derma_strict,test,289,5,5,30.019394,5.253224
natural,cifar7_derma_strict,test,290,5,5,-2.904327,12.480371
natural,cifar7_derma_strict,test,291,5,5,-25.948515,-12.894995
natural,cifar7_derma_strict,test,292,5,5,-42.063332,-18.499966
natural,cifar7_derma_strict,test,293,5,5,34.080269,8.892822
natural,cifar7_derma_strict,test,294,1,5,-51.340553,-11.010963
natural,cifar7_derma_strict,test,295,5,5,0.687263,40.554642
natural,cifar7_derma_strict,test,296,5,5,-28.542238,28.093994
natural,cifar7_derma_strict,test,297,5,5,-13.599112,-7.384705
natural,cifar7_derma_strict,test,298,5,5,29.606245,17.368944
natural,cifar7_derma_strict,test,299,2,4,0.861031,-29.063234
natural,cifar7_derma_strict,test,300,5,5,46.171612,-23.351597
natural,cifar7_derma_strict,test,301,2,4,-21.380810,-15.284023
natural,cifar7_derma_strict,test,302,5,5,-22.412378,17.490995
natural,cifar7_derma_strict,test,303,5,5,-13.345771,12.463188
natural,cifar7_derma_strict,test,304,5,5,21.586405,1.193030
natural,cifar7_derma_strict,test,305,5,5,37.510445,14.605877
natural,cifar7_derma_strict,test,306,5,5,18.740993,32.443817
natural,cifar7_derma_strict,test,307,5,5,-30.878901,30.900366
natural,cifar7_derma_strict,test,308,1,5,-40.299229,-7.131371
natural,cifar7_derma_strict,test,309,5,5,32.293133,22.541451
natural,cifar7_derma_strict,test,310,5,5,12.084452,-1.606776
natural,cifar7_derma_strict,test,311,1,5,-59.000854,-8.726273
natural,cifar7_derma_strict,test,312,5,5,3.181553,9.936181
natural,cifar7_derma_strict,test,313,5,5,30.069674,-8.482779
natural,cifar7_derma_strict,test,314,5,5,21.584713,32.603619
natural,cifar7_derma_strict,test,315,5,5,33.643017,-23.918983
natural,cifar7_derma_strict,test,316,5,5,26.069445,15.840277
natural,cifar7_derma_strict,test,317,5,5,-6.548020,20.239464
natural,cifar7_derma_strict,test,318,5,5,-24.306734,15.052879
natural,cifar7_derma_strict,test,319,0,5,-34.347095,-9.600830
natural,cifar7_derma_strict,test,320,5,5,-34.657307,-1.653247
natural,cifar7_derma_strict,test,321,4,5,-4.949257,-3.015222
natural,cifar7_derma_strict,test,322,5,5,45.707935,-19.089325
natural,cifar7_derma_strict,test,323,5,5,-12.936506,45.231567
natural,cifar7_derma_strict,test,324,5,5,29.779404,21.932503
natural,cifar7_derma_strict,test,325,2,5,18.986532,-26.526495
natural,cifar7_derma_strict,test,326,2,5,18.169748,-24.716354
natural,cifar7_derma_strict,test,327,5,5,-0.416154,-10.357238
natural,cifar7_derma_strict,test,328,0,5,-18.831163,-14.402034
natural,cifar7_derma_strict,test,329,4,5,-36.788223,-22.589897
natural,cifar7_derma_strict,test,330,5,5,8.502837,-18.477097
natural,cifar7_derma_strict,test,331,5,5,-8.480018,43.010883
natural,cifar7_derma_strict,test,332,5,5,-24.404152,3.314945
natural,cifar7_derma_strict,test,333,5,5,-20.168562,4.408634
natural,cifar7_derma_strict,test,334,5,5,14.290350,18.556864
natural,cifar7_derma_strict,test,335,0,5,40.358479,11.481653
natural,cifar7_derma_strict,test,336,5,5,0.804241,-2.669641
natural,cifar7_derma_strict,test,337,5,5,17.932886,-7.694324
natural,cifar7_derma_strict,test,338,1,5,-41.049053,-4.019946
natural,cifar7_derma_strict,test,339,1,5,-50.094418,-11.168652
natural,cifar7_derma_strict,test,340,5,5,-15.926270,38.533836
natural,cifar7_derma_strict,test,341,2,5,18.835646,-36.485096
natural,cifar7_derma_strict,test,342,2,5,4.177121,-26.872915
natural,cifar7_derma_strict,test,343,5,5,8.111683,39.141792
natural,cifar7_derma_strict,test,344,2,5,18.738195,-16.634592
natural,cifar7_derma_strict,test,345,5,5,40.693794,15.001483
natural,cifar7_derma_strict,test,346,5,5,-29.054888,30.729383
natural,cifar7_derma_strict,test,347,5,5,-1.621775,9.096815
natural,cifar7_derma_strict,test,348,5,5,-8.552459,33.942352
natural,cifar7_derma_strict,test,349,5,5,32.523785,1.199477
natural,cifar7_derma_strict,test,350,5,5,-21.231367,11.623470
natural,cifar7_derma_strict,test,351,5,5,23.132053,25.314651
natural,cifar7_derma_strict,test,352,5,5,19.534872,24.542797
natural,cifar7_derma_strict,test,353,3,5,-17.540930,28.362810
natural,cifar7_derma_strict,test,354,5,5,32.931438,17.157433
natural,cifar7_derma_strict,test,355,1,5,-58.885696,-11.891087
natural,cifar7_derma_strict,test,356,1,5,-44.233105,-18.892109
natural,cifar7_derma_strict,test,357,5,5,24.691977,20.545061
natural,cifar7_derma_strict,test,358,5,5,-21.756950,20.951105
natural,cifar7_derma_strict,test,359,5,5,16.695951,40.764790
natural,cifar7_derma_strict,test,360,5,5,9.773547,-7.485397
natural,cifar7_derma_strict,test,361,5,5,40.464035,-16.737000
natural,cifar7_derma_strict,test,362,2,4,15.377737,-32.334412
natural,cifar7_derma_strict,test,363,5,5,-19.455730,25.480953
natural,cifar7_derma_strict,test,364,5,5,15.372776,33.696293
natural,cifar7_derma_strict,test,365,5,5,21.456158,40.530655
natural,cifar7_derma_strict,test,366,1,5,-48.572777,-6.127895
natural,cifar7_derma_strict,test,367,4,5,43.009377,-30.217979
natural,cifar7_derma_strict,test,368,5,5,13.766860,6.478569
natural,cifar7_derma_strict,test,369,5,5,6.013302,-0.330014
natural,cifar7_derma_strict,test,370,5,5,7.365485,-16.731325
natural,cifar7_derma_strict,test,371,5,5,2.779583,-10.160391
natural,cifar7_derma_strict,test,372,5,5,5.712712,31.218246
natural,cifar7_derma_strict,test,373,6,4,-47.010235,-22.549810
natural,cifar7_derma_strict,test,374,5,5,-13.437164,-7.517910
natural,cifar7_derma_strict,test,375,2,5,41.377476,-22.161457
natural,cifar7_derma_strict,test,376,2,4,-35.035580,-13.321758
natural,cifar7_derma_strict,test,377,5,5,27.669317,-6.218287
natural,cifar7_derma_strict,test,378,5,5,15.044026,8.732101
natural,cifar7_derma_strict,test,379,5,5,12.132864,29.593830
natural,cifar7_derma_strict,test,380,5,5,15.044026,8.732101
natural,cifar7_derma_strict,test,381,5,5,18.793434,21.267370
natural,cifar7_derma_strict,test,382,5,5,-10.094551,41.232777
natural,cifar7_derma_strict,test,383,5,5,21.814974,5.654088
natural,cifar7_derma_strict,test,384,5,4,19.953371,-34.613667
natural,cifar7_derma_strict,test,385,5,5,6.228602,-10.821952
natural,cifar7_derma_strict,test,386,4,4,2.971723,-31.913845
natural,cifar7_derma_strict,test,387,5,5,-23.447598,21.137648
natural,cifar7_derma_strict,test,388,5,5,-19.988424,-23.842825
natural,cifar7_derma_strict,test,389,5,5,10.929238,35.431198
natural,cifar7_derma_strict,test,390,5,5,10.764491,-9.738534
natural,cifar7_derma_strict,test,391,4,5,-37.408573,-7.608477
natural,cifar7_derma_strict,test,392,5,5,-1.089256,-22.327694
natural,cifar7_derma_strict,test,393,5,5,34.528923,0.915637
natural,cifar7_derma_strict,test,394,5,5,-35.179962,-1.886885
natural,cifar7_derma_strict,test,395,2,5,-6.565439,-13.249765
natural,cifar7_derma_strict,test,396,5,5,25.224884,-17.149992
natural,cifar7_derma_strict,test,397,5,5,45.784618,-24.494539
natural,cifar7_derma_strict,test,398,5,5,-21.731812,0.738816
natural,cifar7_derma_strict,test,399,2,5,22.608780,-37.497997
natural,cifar7_derma_strict,test,400,5,5,-4.848664,42.961960
natural,cifar7_derma_strict,test,401,2,5,-11.776670,-22.960186
natural,cifar7_derma_strict,test,402,5,5,-26.697639,1.150995
natural,cifar7_derma_strict,test,403,5,5,-8.496333,20.630705
natural,cifar7_derma_strict,test,404,5,5,34.913609,7.364006
natural,cifar7_derma_strict,test,405,5,5,-24.860067,23.068792
natural,cifar7_derma_strict,test,406,5,5,-10.499296,17.930109
natural,cifar7_derma_strict,test,407,2,5,-1.503425,-9.007863
natural,cifar7_derma_strict,test,408,5,5,34.276932,24.221426
natural,cifar7_derma_strict,test,409,5,5,39.529388,-17.529064
natural,cifar7_derma_strict,test,410,4,4,-39.552284,-23.828558
natural,cifar7_derma_strict,test,411,5,5,34.967331,-23.924524
natural,cifar7_derma_strict,test,412,5,5,34.755047,-27.187468
natural,cifar7_derma_strict,test,413,2,5,16.187563,-15.127432
natural,cifar7_derma_strict,test,414,4,5,17.056049,-34.743073
natural,cifar7_derma_strict,test,415,2,4,-20.844660,-18.898558
natural,cifar7_derma_strict,test,416,5,5,4.980316,-7.042552
natural,cifar7_derma_strict,test,417,5,5,40.359901,-21.381216
natural,cifar7_derma_strict,test,418,5,5,14.103495,-8.729587
natural,cifar7_derma_strict,test,419,5,5,22.851095,-6.992719
natural,cifar7_derma_strict,test,420,5,5,28.929741,1.051694
natural,cifar7_derma_strict,test,421,5,5,36.121223,9.247570
natural,cifar7_derma_strict,test,422,5,5,-26.499922,-2.978765
natural,cifar7_derma_strict,test,423,2,4,-7.148669,-29.184666
natural,cifar7_derma_strict,test,424,2,4,-17.565689,-30.498022
natural,cifar7_derma_strict,test,425,5,5,22.814631,13.546690
natural,cifar7_derma_strict,test,426,0,4,-47.840187,-21.545385
natural,cifar7_derma_strict,test,427,5,5,12.672710,24.494625
natural,cifar7_derma_strict,test,428,5,5,11.101795,32.623306
natural,cifar7_derma_strict,test,429,5,5,7.287110,0.555503
natural,cifar7_derma_strict,test,430,2,5,-11.032908,-24.778242
natural,cifar7_derma_strict,test,431,1,5,-53.531498,-11.386415
natural,cifar7_derma_strict,test,432,0,5,-46.054790,-18.301125
natural,cifar7_derma_strict,test,433,5,5,-30.542528,28.987621
natural,cifar7_derma_strict,test,434,5,5,43.051098,-18.819284
natural,cifar7_derma_strict,test,435,5,5,35.386688,8.681332
natural,cifar7_derma_strict,test,436,5,5,-15.523323,21.000898
natural,cifar7_derma_strict,test,437,5,5,20.475267,-7.621493
natural,cifar7_derma_strict,test,438,5,5,35.359634,12.631495
natural,cifar7_derma_strict,test,439,0,5,-49.607063,-14.322926
natural,cifar7_derma_strict,test,440,4,5,27.110052,-35.044552
natural,cifar7_derma_strict,test,441,5,5,-35.760929,1.486974
natural,cifar7_derma_strict,test,442,1,5,-38.159466,-15.926162
natural,cifar7_derma_strict,test,443,5,5,7.175449,40.362282
natural,cifar7_derma_strict,test,444,5,5,-15.256214,2.739357
natural,cifar7_derma_strict,test,445,4,5,-10.366306,-19.233526
natural,cifar7_derma_strict,test,446,5,5,13.502934,18.959692
natural,cifar7_derma_strict,test,447,5,5,25.002028,-3.278086
natural,cifar7_derma_strict,test,448,1,4,-45.933056,-11.076033
natural,cifar7_derma_strict,test,449,5,5,-0.888773,41.159153
natural,cifar7_derma_strict,test,450,5,5,21.905804,14.589415
natural,cifar7_derma_strict,test,451,5,5,-26.204136,37.133827
natural,cifar7_derma_strict,test,452,5,5,-27.924137,31.801975
natural,cifar7_derma_strict,test,453,5,5,9.910742,23.351021
natural,cifar7_derma_strict,test,454,5,5,32.402946,1.732586
natural,cifar7_derma_strict,test,455,5,5,35.829208,-19.282959
natural,cifar7_derma_strict,test,456,5,5,27.764902,23.293369
natural,cifar7_derma_strict,test,457,1,5,-54.664867,-6.882499
natural,cifar7_derma_strict,test,458,2,5,20.139374,-19.850168
natural,cifar7_derma_strict,test,459,5,5,-8.060821,35.849731
natural,cifar7_derma_strict,test,460,5,5,-13.862651,39.149517
natural,cifar7_derma_strict,test,461,5,5,3.199695,-26.246923
natural,cifar7_derma_strict,test,462,3,5,-23.539724,36.843060
natural,cifar7_derma_strict,test,463,5,5,26.321089,-17.406080
natural,cifar7_derma_strict,test,464,5,5,25.833773,-22.882607
natural,cifar7_derma_strict,test,465,5,5,11.741815,38.261845
natural,cifar7_derma_strict,test,466,2,5,-20.783863,-25.776760
natural,cifar7_derma_strict,test,467,0,5,-52.257439,-14.273660
natural,cifar7_derma_strict,test,468,5,5,-8.006336,46.105328
natural,cifar7_derma_strict,test,469,5,5,-13.031185,40.355862
natural,cifar7_derma_strict,test,470,1,5,-13.804458,8.843087
natural,cifar7_derma_strict,test,471,5,5,-21.855846,-25.470940
natural,cifar7_derma_strict,test,472,5,5,-19.956142,13.621759
natural,cifar7_derma_strict,test,473,5,5,-1.108358,32.311550
natural,cifar7_derma_strict,test,474,5,5,35.631039,-28.128447
natural,cifar7_derma_strict,test,475,4,5,8.822441,-29.255445
natural,cifar7_derma_strict,test,476,5,5,37.159683,9.775929
natural,cifar7_derma_strict,test,477,5,5,18.242085,13.594742
natural,cifar7_derma_strict,test,478,5,5,10.790490,6.848572
natural,cifar7_derma_strict,test,479,5,5,-8.384327,-25.709522
natural,cifar7_derma_strict,test,480,5,5,-1.764042,10.591179
natural,cifar7_derma_strict,test,481,5,5,3.984266,3.434126
natural,cifar7_derma_strict,test,482,5,5,13.831493,5.716638
natural,cifar7_derma_strict,test,483,5,5,11.455944,16.889864
natural,cifar7_derma_strict,test,484,5,5,3.198585,-26.245407
natural,cifar7_derma_strict,test,485,5,5,2.175917,34.064152
natural,cifar7_derma_strict,test,486,5,5,3.493639,18.375851
natural,cifar7_derma_strict,test,487,1,5,-49.690716,-4.611703
natural,cifar7_derma_strict,test,488,5,5,-9.208838,-5.444221
natural,cifar7_derma_strict,test,489,4,5,-29.763136,-8.148579
natural,cifar7_derma_strict,test,490,5,5,25.002028,-3.278086
natural,cifar7_derma_strict,test,491,5,5,33.249462,13.942761
natural,cifar7_derma_strict,test,492,5,5,-1.016759,17.362448
natural,cifar7_derma_strict,test,493,2,5,-18.339415,-23.743189
natural,cifar7_derma_strict,test,494,0,5,-54.863731,-15.655990
natural,cifar7_derma_strict,test,495,5,5,25.986296,8.380203
natural,cifar7_derma_strict,test,496,5,5,34.087006,-2.985482
natural,cifar7_derma_strict,test,497,5,5,37.776867,-22.934116
natural,cifar7_derma_strict,test,498,4,4,5.246782,-32.543762
natural,cifar7_derma_strict,test,499,5,5,-16.351261,11.044914
natural,cifar7_derma_strict,test,500,5,5,25.129038,37.076523
natural,cifar7_derma_strict,test,501,5,5,-8.623823,16.085239
natural,cifar7_derma_strict,test,502,5,5,27.669317,-6.218287
natural,cifar7_derma_strict,test,503,5,5,-1.089256,-22.327694
natural,cifar7_derma_strict,test,504,5,5,-25.783895,6.491983
natural,cifar7_derma_strict,test,505,1,5,-48.684204,-10.536457
natural,cifar7_derma_strict,test,506,5,5,-17.439651,11.046864
natural,cifar7_derma_strict,test,507,4,5,-22.992418,-6.830113
natural,cifar7_derma_strict,test,508,0,5,-55.446026,-15.896668
natural,cifar7_derma_strict,test,509,6,4,-32.182491,-26.267370
natural,cifar7_derma_strict,test,510,2,5,-22.946217,-12.510645
natural,cifar7_derma_strict,test,511,5,5,22.143425,-0.724029
natural,cifar7_derma_strict,test,512,5,5,0.086058,8.571006
natural,cifar7_derma_strict,test,513,5,5,-25.442997,16.398386
natural,cifar7_derma_strict,test,514,4,4,-5.158851,-31.706190
natural,cifar7_derma_strict,test,515,1,5,-38.372082,-8.891770
natural,cifar7_derma_strict,test,516,5,5,-4.095718,-20.812943
natural,cifar7_derma_strict,test,517,5,5,27.743759,29.750042
natural,cifar7_derma_strict,test,518,4,5,34.807217,-35.374435
natural,cifar7_derma_strict,test,519,5,5,36.263985,17.093697
natural,cifar7_derma_strict,test,520,5,5,-28.751503,33.642654
natural,cifar7_derma_strict,test,521,5,5,14.088582,28.406179
natural,cifar7_derma_strict,test,522,6,4,-13.719294,-27.412525
natural,cifar7_derma_strict,test,523,5,5,19.025150,40.039436
natural,cifar7_derma_strict,test,524,5,5,16.749596,14.220552
natural,cifar7_derma_strict,test,525,4,5,34.701088,-36.613876
natural,cifar7_derma_strict,test,526,5,5,29.859848,30.099112
natural,cifar7_derma_strict,test,527,5,5,39.939064,-23.308983
natural,cifar7_derma_strict,test,528,2,5,20.739708,-21.985893
natural,cifar7_derma_strict,test,529,5,5,19.967968,-6.178936
natural,cifar7_derma_strict,test,530,4,5,39.002129,-25.240164
natural,cifar7_derma_strict,test,531,5,5,-26.928331,29.367392
natural,cifar7_derma_strict,test,532,5,5,-8.552459,33.942352
natural,cifar7_derma_strict,test,533,5,5,8.008383,-12.580242
natural,cifar7_derma_strict,test,534,5,5,-14.487749,-9.065240
natural,cifar7_derma_strict,test,535,5,5,9.790307,-8.577654
natural,cifar7_derma_strict,test,536,6,5,-25.221693,-22.341270
natural,cifar7_derma_strict,test,537,5,5,-8.065387,35.849773
natural,cifar7_derma_strict,test,538,4,5,16.237902,-20.702454
natural,cifar7_derma_strict,test,539,5,5,0.870142,15.755787
natural,cifar7_derma_strict,test,540,5,5,3.216382,38.153881
natural,cifar7_derma_strict,test,541,5,5,-5.627595,4.549295
natural,cifar7_derma_strict,test,542,5,5,7.986948,-9.560342
natural,cifar7_derma_strict,test,543,5,5,5.989304,23.681648
natural,cifar7_derma_strict,test,544,1,5,-54.988083,-8.171609
natural,cifar7_derma_strict,test,545,1,5,-50.450600,-8.055821
natural,cifar7_derma_strict,test,546,1,5,-51.424767,-9.086643
natural,cifar7_derma_strict,test,547,4,5,-36.791813,-16.727430
natural,cifar7_derma_strict,test,548,1,5,-57.942120,-9.601950
natural,cifar7_derma_strict,test,549,5,5,9.691236,23.610594
natural,cifar7_derma_strict,test,550,3,5,-22.660770,18.420319
natural,cifar7_derma_strict,test,551,5,5,-13.676262,-7.389395
natural,cifar7_derma_strict,test,552,4,4,-38.892834,-26.142239
natural,cifar7_derma_strict,test,553,5,5,-30.124340,31.916660
natural,cifar7_derma_strict,test,554,5,5,-30.464569,32.192921
natural,cifar7_derma_strict,test,555,5,5,22.054363,-25.848652
natural,cifar7_derma_strict,test,556,5,5,-2.565369,-18.086443
natural,cifar7_derma_strict,test,557,2,5,16.661520,-36.979565
natural,cifar7_derma_strict,test,558,5,5,35.753475,-22.196075
natural,cifar7_derma_strict,test,559,2,5,-47.277359,-17.886637
natural,cifar7_derma_strict,test,560,0,5,-49.285931,-15.785762
natural,cifar7_derma_strict,test,561,0,5,-35.280117,-6.581616
natural,cifar7_derma_strict,test,562,4,5,32.333511,-31.915953
natural,cifar7_derma_strict,test,563,5,5,-22.540525,14.068637
natural,cifar7_derma_strict,test,564,5,5,-5.524778,-1.862628
natural,cifar7_derma_strict,test,565,5,5,-15.602757,43.811016
natural,cifar7_derma_strict,test,566,4,5,8.497214,-31.131742
natural,cifar7_derma_strict,test,567,4,4,-35.298676,-24.114956
natural,cifar7_derma_strict,test,568,0,5,-38.978058,-11.156719
natural,cifar7_derma_strict,test,569,4,4,-32.011684,-25.295719
natural,cifar7_derma_strict,test,570,5,5,7.999831,-12.498382
natural,cifar7_derma_strict,test,571,5,5,-18.651363,10.222946
natural,cifar7_derma_strict,test,572,5,5,22.995108,-21.229742
natural,cifar7_derma_strict,test,573,5,5,-17.569555,13.671059
natural,cifar7_derma_strict,test,574,5,5,34.436852,-5.990811
natural,cifar7_derma_strict,test,575,2,5,-11.101537,-14.573527
natural,cifar7_derma_strict,test,576,6,4,-40.825817,-22.539616
natural,cifar7_derma_strict,test,577,5,5,14.062984,27.159739
natural,cifar7_derma_strict,test,578,5,5,14.675755,37.361439
natural,cifar7_derma_strict,test,579,5,5,35.387234,21.482721
natural,cifar7_derma_strict,test,580,2,4,-29.494913,-21.270079
natural,cifar7_derma_strict,test,581,5,5,8.567546,27.560635
natural,cifar7_derma_strict,test,582,5,5,10.985088,-0.982729
natural,cifar7_derma_strict,test,583,4,5,-20.469986,-25.176247
natural,cifar7_derma_strict,test,584,2,5,-22.027554,-3.003595
natural,cifar7_derma_strict,test,585,5,5,31.194906,26.591391
natural,cifar7_derma_strict,test,586,5,5,29.859848,30.099112
natural,cifar7_derma_strict,test,587,5,5,-24.559092,33.682610
natural,cifar7_derma_strict,test,588,2,4,-35.756367,-25.176264
natural,cifar7_derma_strict,test,589,4,5,-5.546515,-29.704958
natural,cifar7_derma_strict,test,590,5,5,-15.602757,43.811016
natural,cifar7_derma_strict,test,591,1,5,-46.761284,-13.288337
natural,cifar7_derma_strict,test,592,4,5,8.120831,-25.184967
natural,cifar7_derma_strict,test,593,5,4,30.970510,-16.968718
natural,cifar7_derma_strict,test,594,0,5,-56.768101,-11.581005
natural,cifar7_derma_strict,test,595,4,4,16.039057,-34.856010
natural,cifar7_derma_strict,test,596,5,5,-18.929070,36.239723
natural,cifar7_derma_strict,test,597,5,5,-13.920053,44.081352
natural,cifar7_derma_strict,test,598,5,5,-2.018118,23.645184
natural,cifar7_derma_strict,test,599,2,4,-1.725310,-25.639940
natural,cifar7_derma_strict,test,600,4,4,-7.193517,-29.798246
natural,cifar7_derma_strict,test,601,5,5,6.228530,-10.821827
natural,cifar7_derma_strict,test,602,5,5,42.084442,-17.396593
natural,cifar7_derma_strict,test,603,5,5,-21.409079,6.509909
natural,cifar7_derma_strict,test,604,5,5,-34.984150,-0.268995
natural,cifar7_derma_strict,test,605,5,5,28.229275,25.699329
natural,cifar7_derma_strict,test,606,1,5,-47.458447,-6.679132
natural,cifar7_derma_strict,test,607,4,4,-13.032986,-29.534988
natural,cifar7_derma_strict,test,608,5,5,-13.031185,40.355862
natural,cifar7_derma_strict,test,609,3,5,36.703678,-16.459932
natural,cifar7_derma_strict,test,610,5,5,-19.956142,13.621759
natural,cifar7_derma_strict,test,611,2,4,-36.464424,-15.627023
natural,cifar7_derma_strict,test,612,5,5,38.599545,13.052481
natural,cifar7_derma_strict,test,613,4,5,18.174686,-31.457525
natural,cifar7_derma_strict,test,614,5,5,-21.746582,34.112411
natural,cifar7_derma_strict,test,615,4,5,21.483053,-24.252029
natural,cifar7_derma_strict,test,616,5,5,34.571201,-32.833981
natural,cifar7_derma_strict,test,617,5,5,27.182844,-11.891573
natural,cifar7_derma_strict,test,618,5,5,-19.637562,23.616089
natural,cifar7_derma_strict,test,619,2,5,-33.328682,-9.018361
natural,cifar7_derma_strict,test,620,1,5,-49.299759,-9.581235
natural,cifar7_derma_strict,test,621,5,5,-13.276393,29.094172
natural,cifar7_derma_strict,test,622,4,4,-13.719544,-26.581514
natural,cifar7_derma_strict,test,623,5,5,7.364416,-16.729872
natural,cifar7_derma_strict,test,624,2,5,-20.515644,-17.485504
natural,cifar7_derma_strict,test,625,5,5,42.459816,-20.594872
natural,cifar7_derma_strict,test,626,5,5,21.433058,-8.258675
natural,cifar7_derma_strict,test,627,5,5,5.755849,30.739639
natural,cifar7_derma_strict,test,628,5,5,18.033655,39.463562
natural,cifar7_derma_strict,test,629,5,5,29.128784,22.891172
natural,cifar7_derma_strict,test,630,5,5,13.704301,23.074232
natural,cifar7_derma_strict,test,631,5,5,11.185966,-2.205904
natural,cifar7_derma_strict,test,632,2,5,15.523533,9.448833
natural,cifar7_derma_strict,test,633,5,5,0.371655,26.916918
natural,cifar7_derma_strict,test,634,5,5,-0.387848,-1.165209
natural,cifar7_derma_strict,test,635,6,4,-47.370110,-23.182980
natural,cifar7_derma_strict,test,636,5,5,1.928256,46.413345
natural,cifar7_derma_strict,test,637,5,5,-12.304222,41.955688
natural,cifar7_derma_strict,test,638,5,5,-12.644952,19.661343
natural,cifar7_derma_strict,test,639,5,5,-3.700602,4.763089
natural,cifar7_derma_strict,test,640,0,5,17.964455,-12.452303
natural,cifar7_derma_strict,test,641,5,5,-8.480018,43.010883
natural,cifar7_derma_strict,test,642,5,5,-35.898964,-7.718968
natural,cifar7_derma_strict,test,643,5,5,30.507179,-12.837475
natural,cifar7_derma_strict,test,644,5,5,23.811697,35.099220
natural,cifar7_derma_strict,test,645,5,5,-17.592981,25.026613
natural,cifar7_derma_strict,test,646,5,5,6.119584,-5.428017
natural,cifar7_derma_strict,test,647,5,5,-11.783154,43.718292
natural,cifar7_derma_strict,test,648,6,4,-34.664803,-28.904963
natural,cifar7_derma_strict,test,649,5,5,38.599545,13.052481
natural,cifar7_derma_strict,test,650,5,5,26.126238,15.848680
natural,cifar7_derma_strict,test,651,4,5,3.517280,-21.456690
natural,cifar7_derma_strict,test,652,2,5,-8.698515,-13.793509
natural,cifar7_derma_strict,test,653,4,4,-29.108746,-25.864765
natural,cifar7_derma_strict,test,654,5,5,-1.474728,22.212896
natural,cifar7_derma_strict,test,655,5,5,12.172267,26.921492
natural,cifar7_derma_strict,test,656,6,5,-32.147102,0.552692
natural,cifar7_derma_strict,test,657,1,5,-55.903309,-7.824741
natural,cifar7_derma_strict,test,658,4,4,-20.179438,-26.271189
natural,cifar7_derma_strict,test,659,1,5,-41.602043,-3.510753
natural,cifar7_derma_strict,test,660,6,4,-8.384286,-29.766659
natural,cifar7_derma_strict,test,661,5,5,13.038258,27.770508
natural,cifar7_derma_strict,test,662,5,5,24.401327,-29.648119
natural,cifar7_derma_strict,test,663,6,5,6.621198,1.426540
natural,cifar7_derma_strict,test,664,6,5,-23.702095,-26.920998
natural,cifar7_derma_strict,test,665,5,5,25.217457,9.040290
natural,cifar7_derma_strict,test,666,5,5,3.328841,-16.508501
natural,cifar7_derma_strict,test,667,5,5,9.678750,36.671700
natural,cifar7_derma_strict,test,668,5,5,33.751198,-31.755287
natural,cifar7_derma_strict,test,669,5,5,6.695273,-4.656403
natural,cifar7_derma_strict,test,670,5,5,20.688505,-32.697384
natural,cifar7_derma_strict,test,671,5,5,39.246506,-18.651917
natural,cifar7_derma_strict,test,672,5,5,11.185966,-2.205904
natural,cifar7_derma_strict,test,673,4,5,31.869379,-32.887165
natural,cifar7_derma_strict,test,674,5,5,32.030968,-25.946371
natural,cifar7_derma_strict,test,675,5,5,24.090282,33.141357
natural,cifar7_derma_strict,test,676,5,5,-11.987585,-11.081033
natural,cifar7_derma_strict,test,677,5,5,2.204970,-12.795412
natural,cifar7_derma_strict,test,678,5,5,34.820087,10.030157
natural,cifar7_derma_strict,test,679,5,5,-10.463329,23.782698
natural,cifar7_derma_strict,test,680,4,5,33.176037,-30.491253
natural,cifar7_derma_strict,test,681,2,5,17.502760,-35.804043
natural,cifar7_derma_strict,test,682,1,5,-15.985998,24.312283
natural,cifar7_derma_strict,test,683,5,5,2.188645,20.366819
natural,cifar7_derma_strict,test,684,1,5,-51.068245,-16.875492
natural,cifar7_derma_strict,test,685,0,5,-53.590961,-13.267489
natural,cifar7_derma_strict,test,686,5,5,8.442156,-16.303392
natural,cifar7_derma_strict,test,687,5,5,11.982865,39.809540
natural,cifar7_derma_strict,test,688,2,5,18.395081,-12.641903
natural,cifar7_derma_strict,test,689,5,5,25.071875,23.755562
natural,cifar7_derma_strict,test,690,5,5,11.955050,13.352243
natural,cifar7_derma_strict,test,691,5,5,30.306662,-3.757781
natural,cifar7_derma_strict,test,692,5,5,-7.934617,-26.161821
natural,cifar7_derma_strict,test,693,5,5,1.412665,10.035690
natural,cifar7_derma_strict,test,694,5,5,43.733749,11.570073
natural,cifar7_derma_strict,test,695,2,4,-44.385643,-24.169003
natural,cifar7_derma_strict,test,696,5,5,26.185339,9.983880
natural,cifar7_derma_strict,test,697,0,5,-17.449450,23.355631
natural,cifar7_derma_strict,test,698,5,5,37.052418,12.507374
natural,cifar7_derma_strict,test,699,4,5,-24.583099,-17.794266
natural,cifar7_derma_strict,test,700,5,5,42.828041,7.098410
natural,cifar7_derma_strict,test,701,5,5,14.252295,12.235853
natural,cifar7_derma_strict,test,702,5,5,-7.492494,-5.193660
natural,cifar7_derma_strict,test,703,5,5,7.369488,38.512680
natural,cifar7_derma_strict,test,704,2,5,-21.837322,-23.820852
natural,cifar7_derma_strict,test,705,2,5,32.773361,-28.272972
natural,cifar7_derma_strict,test,706,5,5,-0.769610,-18.530727
natural,cifar7_derma_strict,test,707,5,4,31.017443,-16.681898
natural,cifar7_derma_strict,test,708,5,5,-14.575042,16.429743
natural,cifar7_derma_strict,test,709,5,5,2.017010,-12.725509
natural,cifar7_derma_strict,test,710,1,5,-46.690708,-5.982754
natural,cifar7_derma_strict,test,711,5,5,2.040525,-18.067427
natural,cifar7_derma_strict,test,712,5,5,32.412704,29.303631
natural,cifar7_derma_strict,test,713,2,5,-9.461121,-12.665092
natural,cifar7_derma_strict,test,714,4,4,-22.705938,-23.771612
natural,cifar7_derma_strict,test,715,5,5,30.069674,-8.482779
natural,cifar7_derma_strict,test,716,5,5,14.878639,-8.368214
natural,cifar7_derma_strict,test,717,5,5,24.761288,-11.062807
natural,cifar7_derma_strict,test,718,5,5,26.487061,-17.973158
natural,cifar7_derma_strict,test,719,5,5,-0.974080,44.172298
natural,cifar7_derma_strict,test,720,0,5,-28.455008,-7.516719
natural,cifar7_derma_strict,test,721,4,5,2.374080,-25.445652
natural,cifar7_derma_strict,test,722,5,5,33.007641,25.340443
natural,cifar7_derma_strict,test,723,5,5,22.150276,23.586658
natural,cifar7_derma_strict,test,724,5,5,20.218493,34.300491
natural,cifar7_derma_strict,test,725,5,5,24.544077,0.404563
natural,cifar7_derma_strict,test,726,0,5,-49.410328,-18.292040
natural,cifar7_derma_strict,test,727,5,5,43.368382,9.879523
natural,cifar7_derma_strict,test,728,2,4,-2.071105,-33.218006
natural,cifar7_derma_strict,test,729,5,5,0.086058,8.571006
natural,cifar7_derma_strict,test,730,5,5,0.844178,5.035056
natural,cifar7_derma_strict,test,731,5,5,39.976269,9.584614
natural,cifar7_derma_strict,test,732,4,5,26.068430,-37.705654
natural,cifar7_derma_strict,test,733,5,5,25.633760,3.222122
natural,cifar7_derma_strict,test,734,4,5,20.628351,-33.766403
natural,cifar7_derma_strict,test,735,5,5,-3.944026,43.365997
natural,cifar7_derma_strict,test,736,5,5,25.633760,3.222122
natural,cifar7_derma_strict,test,737,5,5,35.823215,-18.895578
natural,cifar7_derma_strict,test,738,5,5,-15.256242,2.739293
natural,cifar7_derma_strict,test,739,5,5,3.251415,1.156350
natural,cifar7_derma_strict,test,740,4,5,13.176324,-13.959214
natural,cifar7_derma_strict,test,741,4,5,32.004658,-30.772467
natural,cifar7_derma_strict,test,742,2,5,8.482070,-1.646623
natural,cifar7_derma_strict,test,743,5,5,-15.305018,35.225052
natural,cifar7_derma_strict,test,744,5,5,12.300910,-7.085360
natural,cifar7_derma_strict,test,745,5,5,37.522900,8.749788
natural,cifar7_derma_strict,test,746,1,5,-36.692471,-5.742465
natural,cifar7_derma_strict,test,747,5,5,20.119081,-8.875116
natural,cifar7_derma_strict,test,748,2,5,-35.880608,-4.241107
natural,cifar7_derma_strict,test,749,5,5,-35.442055,-5.526811
natural,cifar7_derma_strict,test,750,5,5,3.343991,-14.974530
natural,cifar7_derma_strict,test,751,5,5,21.905674,14.589000
natural,cifar7_derma_strict,test,752,5,5,9.616292,39.927670
natural,cifar7_derma_strict,test,753,5,5,-13.994114,15.389195
natural,cifar7_derma_strict,test,754,5,5,43.942501,-20.666025
natural,cifar7_derma_strict,test,755,5,5,1.947038,-9.433559
natural,cifar7_derma_strict,test,756,5,5,0.082266,3.768469
natural,cifar7_derma_strict,test,757,5,5,25.274633,-28.480322
natural,cifar7_derma_strict,test,758,5,5,-6.614259,27.305019
natural,cifar7_derma_strict,test,759,5,5,24.313148,18.810013
natural,cifar7_derma_strict,test,760,2,5,-29.494301,-13.115638
natural,cifar7_derma_strict,test,761,5,5,0.870142,15.755787
natural,cifar7_derma_strict,test,762,5,5,42.150879,-30.515356
natural,cifar7_derma_strict,test,763,2,5,-20.452824,-14.059070
natural,cifar7_derma_strict,test,764,5,5,19.816996,-22.603512
natural,cifar7_derma_strict,test,765,2,5,-22.639450,-11.454181
natural,cifar7_derma_strict,test,766,5,5,-25.783895,6.491983
natural,cifar7_derma_strict,test,767,5,5,-26.435472,30.058479
natural,cifar7_derma_strict,test,768,6,5,-39.027348,-19.679230
natural,cifar7_derma_strict,test,769,5,5,-22.540525,14.068637
natural,cifar7_derma_strict,test,770,5,5,24.543848,0.404706
natural,cifar7_derma_strict,test,771,4,5,2.406356,-23.146053
natural,cifar7_derma_strict,test,772,4,4,-33.877880,-27.083746
natural,cifar7_derma_strict,test,773,5,4,31.017443,-16.681898
natural,cifar7_derma_strict,test,774,5,5,-28.071411,37.131599
natural,cifar7_derma_strict,test,775,4,5,11.275826,-12.938597
natural,cifar7_derma_strict,test,776,5,5,-10.084770,26.947231
natural,cifar7_derma_strict,test,777,5,5,21.991262,2.973059
natural,cifar7_derma_strict,test,778,5,5,-5.649248,7.933151
natural,cifar7_derma_strict,test,779,5,5,-25.701149,13.415983
natural,cifar7_derma_strict,test,780,5,5,8.192167,35.692841
natural,cifar7_derma_strict,test,781,2,5,30.116642,-5.485420
natural,cifar7_derma_strict,test,782,5,5,-3.361995,2.008590
natural,cifar7_derma_strict,test,783,5,5,-24.559092,33.682610
natural,cifar7_derma_strict,test,784,5,5,-0.698002,33.789944
natural,cifar7_derma_strict,test,785,5,5,-21.386711,15.697047
natural,cifar7_derma_strict,test,786,4,5,32.848461,-34.638859
natural,cifar7_derma_strict,test,787,5,5,4.876824,-12.374039
natural,cifar7_derma_strict,test,788,5,5,5.755478,-17.697138
natural,cifar7_derma_strict,test,789,5,5,-18.185760,19.954842
natural,cifar7_derma_strict,test,790,4,5,-23.721325,-19.263647
natural,cifar7_derma_strict,test,791,5,5,22.369940,18.806864
natural,cifar7_derma_strict,test,792,5,5,-26.966223,33.261139
natural,cifar7_derma_strict,test,793,5,5,24.354713,-14.120502
natural,cifar7_derma_strict,test,794,5,5,-24.559092,33.682610
natural,cifar7_derma_strict,test,795,5,5,-12.936506,45.231567
natural,cifar7_derma_strict,test,796,5,5,31.161064,-11.382906
natural,cifar7_derma_strict,test,797,5,5,20.475267,-7.621493
natural,cifar7_derma_strict,test,798,5,5,25.609915,9.035111
natural,cifar7_derma_strict,test,799,5,5,23.011965,36.967209
natural,cifar7_derma_strict,test,800,5,5,-3.379119,44.274300
natural,cifar7_derma_strict,test,801,5,5,-43.435143,-16.984222
natural,cifar7_derma_strict,test,802,5,5,-29.054888,30.729383
natural,cifar7_derma_strict,test,803,5,5,11.221172,20.855505
natural,cifar7_derma_strict,test,804,1,5,-50.023697,-5.763497
natural,cifar7_derma_strict,test,805,4,5,-6.304356,-20.682049
natural,cifar7_derma_strict,test,806,1,5,-39.155403,-17.475800
natural,cifar7_derma_strict,test,807,5,5,-23.911716,32.502491
natural,cifar7_derma_strict,test,808,5,5,30.185684,-2.200005
natural,cifar7_derma_strict,test,809,5,5,35.972816,27.265440
natural,cifar7_derma_strict,test,810,1,5,-49.368183,-12.588850
natural,cifar7_derma_strict,test,811,2,5,3.911039,-30.700302
natural,cifar7_derma_strict,test,812,5,5,-1.214101,11.984711
natural,cifar7_derma_strict,test,813,2,5,-23.910170,-22.556641
natural,cifar7_derma_strict,test,814,5,5,-11.694756,24.690117
natural,cifar7_derma_strict,test,815,2,5,-8.950912,-20.895548
natural,cifar7_derma_strict,test,816,5,5,36.173107,-12.711224
natural,cifar7_derma_strict,test,817,5,5,30.360289,-6.911828
natural,cifar7_derma_strict,test,818,5,5,1.188186,8.857951
natural,cifar7_derma_strict,test,819,5,5,2.188645,20.366819
natural,cifar7_derma_strict,test,820,0,5,-44.599396,-12.521818
natural,cifar7_derma_strict,test,821,5,5,-12.217772,19.625582
natural,cifar7_derma_strict,test,822,5,5,37.086044,17.777107
natural,cifar7_derma_strict,test,823,1,5,-38.185696,-5.442400
natural,cifar7_derma_strict,test,824,5,5,35.963749,-21.839523
natural,cifar7_derma_strict,test,825,2,5,-26.200134,-6.050320
natural,cifar7_derma_strict,test,826,4,5,12.807497,-13.745099
natural,cifar7_derma_strict,test,827,5,5,24.154625,15.369785
natural,cifar7_derma_strict,test,828,4,5,29.550438,-26.737770
natural,cifar7_derma_strict,test,829,5,5,-17.547501,25.339394
natural,cifar7_derma_strict,test,830,4,5,30.945545,-35.192524
natural,cifar7_derma_strict,test,831,5,5,12.443480,31.015968
natural,cifar7_derma_strict,test,832,2,5,14.552131,-9.491844
natural,cifar7_derma_strict,test,833,5,5,-29.473049,21.397770
natural,cifar7_derma_strict,test,834,5,5,24.543177,0.405405
natural,cifar7_derma_strict,test,835,6,4,-32.291790,-28.255442
natural,cifar7_derma_strict,test,836,5,5,6.928438,19.913092
natural,cifar7_derma_strict,test,837,5,5,42.084442,-17.396593
natural,cifar7_derma_strict,test,838,5,5,25.274633,-28.480322
natural,cifar7_derma_strict,test,839,5,5,-21.710304,15.408955
natural,cifar7_derma_strict,test,840,4,4,-22.995956,-24.558186
natural,cifar7_derma_strict,test,841,5,5,23.463676,29.434700
natural,cifar7_derma_strict,test,842,5,5,-0.643640,31.838146
natural,cifar7_derma_strict,test,843,5,5,-25.423304,17.905954
natural,cifar7_derma_strict,test,844,5,5,27.887327,-23.877617
natural,cifar7_derma_strict,test,845,1,5,-60.506710,-9.347037
natural,cifar7_derma_strict,test,846,5,5,24.827850,-19.390467
natural,cifar7_derma_strict,test,847,5,5,30.185684,-2.200005
natural,cifar7_derma_strict,test,848,5,5,-42.063332,-18.499966
natural,cifar7_derma_strict,test,849,5,5,-14.225604,34.173016
natural,cifar7_derma_strict,test,850,5,5,-8.041344,8.950803
natural,cifar7_derma_strict,test,851,1,5,-54.349628,-9.488779
natural,cifar7_derma_strict,test,852,5,5,40.464035,-16.737000
natural,cifar7_derma_strict,test,853,5,5,-24.585167,8.939605
natural,cifar7_derma_strict,test,854,5,5,30.620340,4.347513
natural,cifar7_derma_strict,test,855,0,5,-46.887108,-15.325943
natural,cifar7_derma_strict,test,856,5,5,2.390413,45.454388
natural,cifar7_derma_strict,test,857,5,5,-5.059870,-7.654703
natural,cifar7_derma_strict,test,858,5,5,25.781221,-23.136177
natural,cifar7_derma_strict,test,859,5,5,-25.423304,17.905954
natural,cifar7_derma_strict,test,860,5,5,24.971489,-3.278389
natural,cifar7_derma_strict,test,861,5,5,4.266443,10.395247
natural,cifar7_derma_strict,test,862,1,5,-51.764267,-12.481627
natural,cifar7_derma_strict,test,863,5,5,37.232185,-25.041779
natural,cifar7_derma_strict,test,864,5,5,10.411162,34.419453
natural,cifar7_derma_strict,test,865,2,5,-22.735065,15.987562
natural,cifar7_derma_strict,test,866,5,5,36.485764,7.262428
natural,cifar7_derma_strict,test,867,2,4,-6.758340,-30.797190
natural,cifar7_derma_strict,test,868,4,4,-36.179077,-27.656794
natural,cifar7_derma_strict,test,869,5,5,1.060497,42.939365
natural,cifar7_derma_strict,test,870,4,4,-27.183382,-25.181986
natural,cifar7_derma_strict,test,871,5,5,1.851820,32.612427
natural,cifar7_derma_strict,test,872,5,5,-4.012177,2.270978
natural,cifar7_derma_strict,test,873,5,5,12.636897,13.593307
natural,cifar7_derma_strict,test,874,4,4,-27.952003,-27.083445
natural,cifar7_derma_strict,test,875,5,5,6.966866,10.969600
natural,cifar7_derma_strict,test,876,5,5,14.076636,12.675264
natural,cifar7_derma_strict,test,877,5,5,14.103495,-8.729587
natural,cifar7_derma_strict,test,878,5,5,1.156956,27.142101
natural,cifar7_derma_strict,test,879,4,5,26.559999,-10.191344
natural,cifar7_derma_strict,test,880,5,5,-7.112889,46.115685
natural,cifar7_derma_strict,test,881,5,5,-12.884034,1.383387
natural,cifar7_derma_strict,test,882,4,5,4.231966,-29.202303
natural,cifar7_derma_strict,test,883,2,5,41.875355,-22.399464
natural,cifar7_derma_strict,test,884,5,5,-15.525683,19.937675
natural,cifar7_derma_strict,test,885,5,5,-2.994953,-0.078286
natural,cifar7_derma_strict,test,886,5,5,-29.947872,30.036505
natural,cifar7_derma_strict,test,887,5,5,34.436852,-5.990811
natural,cifar7_derma_strict,test,888,5,5,23.022787,31.563429
natural,cifar7_derma_strict,test,889,5,5,15.372647,-24.790533
natural,cifar7_derma_strict,test,890,5,5,-26.887121,5.528607
natural,cifar7_derma_strict,test,891,0,5,-19.916059,26.579063
natural,cifar7_derma_strict,test,892,4,5,30.646084,-32.336514
natural,cifar7_derma_strict,test,893,2,5,-6.460150,-17.692350
natural,cifar7_derma_strict,test,894,2,4,-2.266244,-35.252777
natural,cifar7_derma_strict,test,895,5,5,-13.128763,29.241861
natural,cifar7_derma_strict,test,896,5,5,3.241099,4.839612
natural,cifar7_derma_strict,test,897,2,5,-6.952736,-18.783113
natural,cifar7_derma_strict,test,898,5,5,7.995624,-12.497012
natural,cifar7_derma_strict,test,899,5,5,10.790490,6.848572
natural,cifar7_derma_strict,test,900,5,5,22.369940,18.806864
natural,cifar7_derma_strict,test,901,5,5,-21.731812,0.738816
natural,cifar7_derma_strict,test,902,5,5,-12.884034,1.383387
natural,cifar7_derma_strict,test,903,5,5,-5.997735,30.914585
natural,cifar7_derma_strict,test,904,4,5,-10.318251,-17.533854
natural,cifar7_derma_strict,test,905,5,5,-29.351894,24.785021
natural,cifar7_derma_strict,test,906,5,5,-7.182314,28.185598
natural,cifar7_derma_strict,test,907,5,5,14.322918,6.160697
natural,cifar7_derma_strict,test,908,5,5,-15.338404,34.687527
natural,cifar7_derma_strict,test,909,2,4,15.370436,-37.726086
natural,cifar7_derma_strict,test,910,2,5,25.776510,-34.989082
natural,cifar7_derma_strict,test,911,5,5,32.030968,-25.946371
natural,cifar7_derma_strict,test,912,5,5,14.802487,38.950451
natural,cifar7_derma_strict,test,913,5,5,-3.349473,-21.171953
natural,cifar7_derma_strict,test,914,5,5,-9.830194,43.202461
natural,cifar7_derma_strict,test,915,5,5,6.850043,-21.486834
natural,cifar7_derma_strict,test,916,5,5,37.159683,9.775929
natural,cifar7_derma_strict,test,917,2,5,19.361227,-29.786718
natural,cifar7_derma_strict,test,918,1,5,-56.648243,-10.085385
natural,cifar7_derma_strict,test,919,5,5,2.894768,26.539318
natural,cifar7_derma_strict,test,920,1,5,-49.343327,-16.618027
natural,cifar7_derma_strict,test,921,2,5,-1.516478,-27.715431
natural,cifar7_derma_strict,test,922,5,5,42.967976,-28.915037
natural,cifar7_derma_strict,test,923,5,5,-10.084784,26.947220
natural,cifar7_derma_strict,test,924,2,4,-7.987365,-28.522684
natural,cifar7_derma_strict,test,925,1,5,-50.792397,-4.498778
natural,cifar7_derma_strict,test,926,4,4,18.341125,-32.409481
natural,cifar7_derma_strict,test,927,5,5,7.287110,0.555503
natural,cifar7_derma_strict,test,928,5,5,2.529177,4.838276
natural,cifar7_derma_strict,test,929,4,5,-4.537107,-24.225332
natural,cifar7_derma_strict,test,930,5,5,-6.630784,-6.807907
natural,cifar7_derma_strict,test,931,2,5,16.243361,-26.353834
natural,cifar7_derma_strict,test,932,5,5,-24.126015,11.665188
natural,cifar7_derma_strict,test,933,2,5,-30.004433,-18.792147
natural,cifar7_derma_strict,test,934,2,4,-1.981192,-32.909657
natural,cifar7_derma_strict,test,935,5,5,4.953338,22.509916
natural,cifar7_derma_strict,test,936,5,5,-6.949097,46.540234
natural,cifar7_derma_strict,test,937,5,5,13.814757,15.451319
natural,cifar7_derma_strict,test,938,5,5,31.996794,-0.175139
natural,cifar7_derma_strict,test,939,5,5,12.776836,34.857384
natural,cifar7_derma_strict,test,940,5,5,35.974430,19.155245
natural,cifar7_derma_strict,test,941,5,5,32.341892,-10.494954
natural,cifar7_derma_strict,test,942,5,5,28.961599,1.979678
natural,cifar7_derma_strict,test,943,1,5,-46.127316,-6.113068
natural,cifar7_derma_strict,test,944,5,5,-13.994114,15.389195
natural,cifar7_derma_strict,test,945,5,5,-3.944026,43.365997
natural,cifar7_derma_strict,test,946,5,5,7.215515,31.860073
natural,cifar7_derma_strict,test,947,5,5,-43.075378,-16.532841
natural,cifar7_derma_strict,test,948,2,4,-28.257835,-28.471344
natural,cifar7_derma_strict,test,949,5,5,17.262320,-1.637939
natural,cifar7_derma_strict,test,950,5,5,19.389387,36.746300
natural,cifar7_derma_strict,test,951,4,5,32.264980,-35.260971
natural,cifar7_derma_strict,test,952,5,5,0.351772,-1.773852
natural,cifar7_derma_strict,test,953,0,5,-54.383072,-17.380568
natural,cifar7_derma_strict,test,954,0,5,-35.296646,-10.221250
natural,cifar7_derma_strict,test,955,5,5,-18.814342,29.714029
natural,cifar7_derma_strict,test,956,5,5,30.202335,1.912860
natural,cifar7_derma_strict,test,957,1,5,-50.064823,-6.659931
natural,cifar7_derma_strict,test,958,5,5,30.021496,-11.268446
natural,cifar7_derma_strict,test,959,5,5,12.999496,38.280792
natural,cifar7_derma_strict,test,960,5,5,-14.345875,35.964371
natural,cifar7_derma_strict,test,961,5,5,-22.866081,20.482430
natural,cifar7_derma_strict,test,962,5,5,17.917927,19.140623
natural,cifar7_derma_strict,test,963,5,5,19.651917,-11.335874
natural,cifar7_derma_strict,test,964,2,4,-27.460278,-22.760046
natural,cifar7_derma_strict,test,965,5,5,-26.433270,3.784002
natural,cifar7_derma_strict,test,966,5,5,-9.012933,33.787552
natural,cifar7_derma_strict,test,967,5,5,5.162620,32.121288
natural,cifar7_derma_strict,test,968,5,5,-4.393245,7.434716
natural,cifar7_derma_strict,test,969,5,5,41.517368,-28.552523
natural,cifar7_derma_strict,test,970,1,5,-56.607414,-8.853631
natural,cifar7_derma_strict,test,971,2,5,-2.247309,-16.998257
natural,cifar7_derma_strict,test,972,5,5,-28.723412,-5.464589
natural,cifar7_derma_strict,test,973,5,5,10.985088,-0.982729
natural,cifar7_derma_strict,test,974,3,5,-41.841919,-17.321861
natural,cifar7_derma_strict,test,975,5,5,-7.513589,38.928867
natural,cifar7_derma_strict,test,976,5,5,-22.580265,-3.458051
natural,cifar7_derma_strict,test,977,4,5,11.903090,-32.287891
natural,cifar7_derma_strict,test,978,5,5,26.409966,-20.949177
natural,cifar7_derma_strict,test,979,2,4,-41.272858,-23.421349
natural,cifar7_derma_strict,test,980,5,5,36.452579,3.955669
natural,cifar7_derma_strict,test,981,5,4,-1.341195,-19.541824
natural,cifar7_derma_strict,test,982,1,5,-55.978271,-9.052624
natural,cifar7_derma_strict,test,983,4,4,-4.502512,-29.478294
natural,cifar7_derma_strict,test,984,5,5,1.928256,46.413345
natural,cifar7_derma_strict,test,985,5,5,-40.632973,-19.305983
natural,cifar7_derma_strict,test,986,5,5,27.574818,-21.126484
natural,cifar7_derma_strict,test,987,2,5,8.723996,9.693575
natural,cifar7_derma_strict,test,988,5,5,37.696285,-19.672520
natural,cifar7_derma_strict,test,989,5,5,9.248953,36.592865
natural,cifar7_derma_strict,test,990,1,4,-48.419441,-14.761804
natural,cifar7_derma_strict,test,991,1,5,-55.364994,-5.587904
natural,cifar7_derma_strict,test,992,1,5,-50.543472,-3.410196
natural,cifar7_derma_strict,test,993,5,5,-13.760535,32.280846
natural,cifar7_derma_strict,test,994,4,5,-8.174788,-15.000498
natural,cifar7_derma_strict,test,995,5,5,27.887327,-23.877617
natural,cifar7_derma_strict,test,996,5,5,3.216382,38.153881
natural,cifar7_derma_strict,test,997,4,5,5.565425,-24.736610
natural,cifar7_derma_strict,test,998,5,5,40.693752,15.001716
natural,cifar7_derma_strict,test,999,5,5,22.909393,-19.129065
natural,cifar7_derma_strict,test,1000,2,4,-29.180481,-28.851362
natural,cifar7_derma_strict,test,1001,5,5,-29.769077,33.846207
natural,cifar7_derma_strict,test,1002,2,4,-9.048971,-27.262463
natural,cifar7_derma_strict,test,1003,5,5,11.221631,20.856291
natural,cifar7_derma_strict,test,1004,2,5,-15.058422,-12.319775
natural,cifar7_derma_strict,test,1005,4,4,-29.487509,-24.641512
natural,cifar7_derma_strict,test,1006,1,5,-59.173397,-7.295639
natural,cifar7_derma_strict,test,1007,4,5,29.812634,-33.754211
natural,cifar7_derma_strict,test,1008,4,4,-15.620399,-28.030609
natural,cifar7_derma_strict,test,1009,5,5,-20.759348,21.904169
natural,cifar7_derma_strict,test,1010,5,5,35.313728,-2.100601
natural,cifar7_derma_strict,test,1011,5,5,-37.469666,0.758144
natural,cifar7_derma_strict,test,1012,5,5,-2.853526,-3.667000
natural,cifar7_derma_strict,test,1013,5,5,2.035727,32.402271
natural,cifar7_derma_strict,test,1014,4,5,-22.961855,-25.344297
natural,cifar7_derma_strict,test,1015,5,5,32.211502,-25.381832
natural,cifar7_derma_strict,test,1016,5,5,31.520918,-11.824270
natural,cifar7_derma_strict,test,1017,5,5,-10.398111,21.950567
natural,cifar7_derma_strict,test,1018,5,5,-15.918262,34.114426
natural,cifar7_derma_strict,test,1019,4,5,-32.307892,-3.934749
natural,cifar7_derma_strict,test,1020,2,4,2.778397,-31.100965
natural,cifar7_derma_strict,test,1021,5,5,-19.389252,40.089687
natural,cifar7_derma_strict,test,1022,4,5,-23.374149,-2.969824
natural,cifar7_derma_strict,test,1023,4,5,-12.939677,-23.672264
natural,cifar7_derma_strict,test,1024,5,5,-29.947067,32.246208
natural,cifar7_derma_strict,test,1025,4,5,44.634327,-23.680954
natural,cifar7_derma_strict,test,1026,4,4,-26.767870,-23.068062
natural,cifar7_derma_strict,test,1027,2,5,33.758255,-35.754875
natural,cifar7_derma_strict,test,1028,5,5,45.488472,-22.631052
natural,cifar7_derma_strict,test,1029,5,5,27.196659,20.431118
natural,cifar7_derma_strict,test,1030,5,5,-15.353172,16.966993
natural,cifar7_derma_strict,test,1031,5,5,25.358061,36.528244
natural,cifar7_derma_strict,test,1032,5,5,39.529388,-17.529064
natural,cifar7_derma_strict,test,1033,2,5,14.334477,-22.653976
natural,cifar7_derma_strict,test,1034,5,5,24.117407,15.782833
natural,cifar7_derma_strict,test,1035,5,5,-21.128317,23.343079
natural,cifar7_derma_strict,test,1036,5,5,21.307329,40.881416
natural,cifar7_derma_strict,test,1037,5,5,-3.269432,5.246354
natural,cifar7_derma_strict,test,1038,5,5,6.536537,30.953079
natural,cifar7_derma_strict,test,1039,2,5,5.429251,-20.328434
natural,cifar7_derma_strict,test,1040,5,5,-0.969316,43.071796
natural,cifar7_derma_strict,test,1041,5,5,4.917153,-11.992457
natural,cifar7_derma_strict,test,1042,5,5,32.977894,12.254820
natural,cifar7_derma_strict,test,1043,1,5,-52.122429,-6.724277
natural,cifar7_derma_strict,test,1044,5,5,13.827872,38.844875
natural,cifar7_derma_strict,test,1045,4,4,-36.035240,-23.374462
natural,cifar7_derma_strict,test,1046,5,5,-6.442389,29.476049
natural,cifar7_derma_strict,test,1047,5,5,39.305626,10.896745
natural,cifar7_derma_strict,test,1048,5,5,19.389387,36.746300
natural,cifar7_derma_strict,test,1049,5,5,36.942184,14.527591
natural,cifar7_derma_strict,test,1050,5,5,-22.580729,-3.457214
natural,cifar7_derma_strict,test,1051,0,5,-46.193008,-19.355213
natural,cifar7_derma_strict,test,1052,2,5,14.982500,-24.695766
natural,cifar7_derma_strict,test,1053,5,5,20.530106,22.494295
natural,cifar7_derma_strict,test,1054,1,5,-61.021713,-12.180979
natural,cifar7_derma_strict,test,1055,5,5,20.023314,-37.486179
natural,cifar7_derma_strict,test,1056,5,5,-19.518021,38.184856
natural,cifar7_derma_strict,test,1057,5,5,0.498294,7.429745
natural,cifar7_derma_strict,test,1058,4,4,-16.199251,-19.427580
natural,cifar7_derma_strict,test,1059,2,5,39.302586,-28.374277
natural,cifar7_derma_strict,test,1060,5,5,19.540554,2.568917
natural,cifar7_derma_strict,test,1061,2,5,1.377388,-15.756483
natural,cifar7_derma_strict,test,1062,5,5,-1.016759,17.362448
natural,cifar7_derma_strict,test,1063,5,5,-15.969490,34.972816
natural,cifar7_derma_strict,test,1064,5,5,-0.415147,12.668890
natural,cifar7_derma_strict,test,1065,5,5,-10.718803,44.625317
natural,cifar7_derma_strict,test,1066,4,4,-37.712063,-25.126715
natural,cifar7_derma_strict,test,1067,4,5,-31.120934,-17.856119
natural,cifar7_derma_strict,test,1068,2,5,21.057644,-28.139717
natural,cifar7_derma_strict,test,1069,2,5,-34.890713,-11.313401
natural,cifar7_derma_strict,test,1070,2,5,-22.421709,6.887322
natural,cifar7_derma_strict,test,1071,5,5,25.893549,11.002082
natural,cifar7_derma_strict,test,1072,3,5,3.288024,25.115326
natural,cifar7_derma_strict,test,1073,5,5,34.306854,11.326126
natural,cifar7_derma_strict,test,1074,5,5,-8.581919,20.022779
natural,cifar7_derma_strict,test,1075,5,5,-7.975231,3.148978
natural,cifar7_derma_strict,test,1076,5,5,-11.505635,16.910618
natural,cifar7_derma_strict,test,1077,5,5,20.023314,-37.486179
natural,cifar7_derma_strict,test,1078,5,5,-3.349473,-21.171953
natural,cifar7_derma_strict,test,1079,5,5,-35.760929,1.486974
natural,cifar7_derma_strict,test,1080,5,5,36.942184,14.527591
natural,cifar7_derma_strict,test,1081,5,5,8.590583,-30.303144
natural,cifar7_derma_strict,test,1082,5,5,26.797329,14.012354
natural,cifar7_derma_strict,test,1083,5,5,-12.881901,19.399872
natural,cifar7_derma_strict,test,1084,4,5,-0.744607,-23.567661
natural,cifar7_derma_strict,test,1085,5,5,-0.651928,2.148909
natural,cifar7_derma_strict,test,1086,5,5,22.369940,18.806864
natural,cifar7_derma_strict,test,1087,5,5,20.969709,2.450813
natural,cifar7_derma_strict,test,1088,5,5,33.865612,13.728698
natural,cifar7_derma_strict,test,1089,5,5,-21.688553,29.493931
natural,cifar7_derma_strict,test,1090,5,5,0.844988,26.505644
natural,cifar7_derma_strict,test,1091,5,5,-5.524782,-1.862632
natural,cifar7_derma_strict,test,1092,2,5,1.405538,-23.048187
natural,cifar7_derma_strict,test,1093,5,5,-8.623920,16.084963
natural,cifar7_derma_strict,test,1094,5,5,-19.583458,-0.031427
natural,cifar7_derma_strict,test,1095,5,5,18.740993,32.443817
natural,cifar7_derma_strict,test,1096,5,5,3.783679,24.965288
natural,cifar7_derma_strict,test,1097,4,4,-35.602329,-22.511538
natural,cifar7_derma_strict,test,1098,5,5,-19.389252,40.089687
natural,cifar7_derma_strict,test,1099,5,5,31.598703,25.379168
natural,cifar7_derma_strict,test,1100,2,5,-4.952750,-4.104778
natural,cifar7_derma_strict,test,1101,5,5,31.220566,-11.685976
natural,cifar7_derma_strict,test,1102,5,5,-16.211996,36.379883
natural,cifar7_derma_strict,test,1103,2,5,10.416141,8.473823
natural,cifar7_derma_strict,test,1104,5,5,-2.018118,23.645184
natural,cifar7_derma_strict,test,1105,5,5,34.967331,-23.924524
natural,cifar7_derma_strict,test,1106,5,5,33.157738,-1.401262
natural,cifar7_derma_strict,test,1107,4,5,-5.780668,-27.764839
natural,cifar7_derma_strict,test,1108,5,5,0.820041,-25.467991
natural,cifar7_derma_strict,test,1109,5,5,38.496925,-20.583555
natural,cifar7_derma_strict,test,1110,5,5,32.912872,-22.776770
natural,cifar7_derma_strict,test,1111,5,5,29.210264,29.734077
natural,cifar7_derma_strict,test,1112,5,5,7.212239,37.005329
natural,cifar7_derma_strict,test,1113,5,5,25.412590,8.208253
natural,cifar7_derma_strict,test,1114,3,5,2.724626,19.737078
natural,cifar7_derma_strict,test,1115,5,5,20.287083,-25.116219
natural,cifar7_derma_strict,test,1116,5,5,14.322918,6.160697
natural,cifar7_derma_strict,test,1117,5,5,-9.027086,44.129284
natural,cifar7_derma_strict,test,1118,2,4,10.163388,-32.074993
natural,cifar7_derma_strict,test,1119,5,5,14.289531,37.462715
natural,cifar7_derma_strict,test,1120,5,5,42.180275,7.743936
natural,cifar7_derma_strict,test,1121,5,5,16.432219,35.504047
natural,cifar7_derma_strict,test,1122,5,5,7.086274,-15.005223
natural,cifar7_derma_strict,test,1123,5,5,-30.542528,28.987621
natural,cifar7_derma_strict,test,1124,4,4,-15.484931,-29.194487
natural,cifar7_derma_strict,test,1125,5,5,27.670973,12.886653
natural,cifar7_derma_strict,test,1126,5,5,-0.264038,4.223996
natural,cifar7_derma_strict,test,1127,5,5,-5.997735,30.914585
natural,cifar7_derma_strict,test,1128,5,5,28.238390,11.303209
natural,cifar7_derma_strict,test,1129,5,5,32.162811,15.300364
natural,cifar7_derma_strict,test,1130,5,5,25.129038,37.076523
natural,cifar7_derma_strict,test,1131,5,5,12.686012,-15.304548
natural,cifar7_derma_strict,test,1132,1,5,-40.463284,-4.818403
natural,cifar7_derma_strict,test,1133,5,5,-29.382282,23.559387
natural,cifar7_derma_strict,test,1134,5,5,15.048864,34.389053
natural,cifar7_derma_strict,test,1135,5,5,11.308336,-16.998413
natural,cifar7_derma_strict,test,1136,5,5,-43.435143,-16.984222
natural,cifar7_derma_strict,test,1137,2,5,46.482262,-25.006968
natural,cifar7_derma_strict,test,1138,5,5,5.166013,-4.093499
natural,cifar7_derma_strict,test,1139,5,5,42.791904,11.456301
natural,cifar7_derma_strict,test,1140,5,5,24.692030,20.545025
natural,cifar7_derma_strict,test,1141,1,5,-38.468735,-6.553625
natural,cifar7_derma_strict,test,1142,2,5,-34.019173,-22.719591
natural,cifar7_derma_strict,test,1143,5,5,9.530064,6.694985
natural,cifar7_derma_strict,test,1144,5,5,2.542651,43.559715
natural,cifar7_derma_strict,test,1145,5,5,29.807270,29.339743
natural,cifar7_derma_strict,test,1146,5,5,27.745508,-10.276468
natural,cifar7_derma_strict,test,1147,5,5,-10.919742,42.339424
natural,cifar7_derma_strict,test,1148,5,5,18.169573,8.411885
natural,cifar7_derma_strict,test,1149,1,5,-49.797993,-3.304441
natural,cifar7_derma_strict,test,1150,5,5,-11.694802,24.690067
natural,cifar7_derma_strict,test,1151,4,4,-13.353954,-25.244780
natural,cifar7_derma_strict,test,1152,4,4,-43.566994,-23.444191
natural,cifar7_derma_strict,test,1153,2,5,-37.400478,-20.900423
natural,cifar7_derma_strict,test,1154,5,5,-12.304222,41.955688
natural,cifar7_derma_strict,test,1155,0,5,-52.581398,-11.418897
natural,cifar7_derma_strict,test,1156,5,5,-2.499680,-0.134769
natural,cifar7_derma_strict,test,1157,5,5,2.779583,-10.160391
natural,cifar7_derma_strict,test,1158,5,5,5.290176,33.668621
natural,cifar7_derma_strict,test,1159,4,5,22.576218,-35.090584
natural,cifar7_derma_strict,test,1160,5,5,8.982250,29.778330
natural,cifar7_derma_strict,test,1161,2,5,16.716345,-15.513519
natural,cifar7_derma_strict,test,1162,2,5,9.478650,-31.326706
natural,cifar7_derma_strict,test,1163,5,5,-40.632973,-19.305983
natural,cifar7_derma_strict,test,1164,5,5,16.856663,38.585121
natural,cifar7_derma_strict,test,1165,5,5,35.638824,-21.816126
natural,cifar7_derma_strict,test,1166,2,5,1.093344,12.427104
natural,cifar7_derma_strict,test,1167,5,5,16.856663,38.585121
natural,cifar7_derma_strict,test,1168,2,4,-39.261227,-22.815477
natural,cifar7_derma_strict,test,1169,4,5,23.571684,-29.481865
natural,cifar7_derma_strict,test,1170,5,5,-22.866081,20.482430
natural,cifar7_derma_strict,test,1171,4,5,17.708942,-29.357718
natural,cifar7_derma_strict,test,1172,5,5,10.985088,-0.982729
natural,cifar7_derma_strict,test,1173,5,5,30.812235,5.997532
natural,cifar7_derma_strict,test,1174,2,4,19.188152,-29.321959
natural,cifar7_derma_strict,test,1175,4,4,-19.973238,-28.908318
natural,cifar7_derma_strict,test,1176,5,5,16.658262,7.779366
natural,cifar7_derma_strict,test,1177,1,5,-56.633904,-6.420370
natural,cifar7_derma_strict,test,1178,2,4,-37.745480,-26.718679
natural,cifar7_derma_strict,test,1179,5,5,42.084442,-17.396593
natural,cifar7_derma_strict,test,1180,5,5,22.470383,4.574609
natural,cifar7_derma_strict,test,1181,5,5,20.969709,2.450813
natural,cifar7_derma_strict,test,1182,5,5,8.288033,21.232254
natural,cifar7_derma_strict,test,1183,5,5,-0.725368,11.655811
natural,cifar7_derma_strict,test,1184,5,5,7.941188,38.357105
natural,cifar7_derma_strict,test,1185,4,4,-26.066542,-27.024652
natural,cifar7_derma_strict,test,1186,5,5,41.410519,6.442597
natural,cifar7_derma_strict,test,1187,4,5,35.117172,-35.954945
natural,cifar7_derma_strict,test,1188,5,5,11.455944,16.889864
natural,cifar7_derma_strict,test,1189,5,5,-6.304060,4.601468
natural,cifar7_derma_strict,test,1190,4,4,17.417931,-31.071217
natural,cifar7_derma_strict,test,1191,5,5,1.056477,-20.372076
natural,cifar7_derma_strict,test,1192,5,5,31.997433,-0.175422
natural,cifar7_derma_strict,test,1193,5,5,20.971165,-12.488495
natural,cifar7_derma_strict,test,1194,4,4,-36.034679,-24.232281
natural,cifar7_derma_strict,test,1195,5,5,9.690384,37.681850
natural,cifar7_derma_strict,test,1196,1,5,-22.130449,25.600595
natural,cifar7_derma_strict,test,1197,5,5,-21.851831,18.373741
natural,cifar7_derma_strict,test,1198,5,5,-29.382282,23.559387
natural,cifar7_derma_strict,test,1199,5,5,4.507100,30.170813
natural,cifar7_derma_strict,test,1200,2,4,-25.144203,-25.984739
natural,cifar7_derma_strict,test,1201,2,4,-36.538071,-25.935829
natural,cifar7_derma_strict,test,1202,3,5,-36.943203,-1.759084
natural,cifar7_derma_strict,test,1203,5,5,9.475496,-29.651531
natural,cifar7_derma_strict,test,1204,2,5,-46.927502,-19.028564
natural,cifar7_derma_strict,test,1205,5,5,12.043397,27.168175
natural,cifar7_derma_strict,test,1206,5,5,-1.893280,-22.833261
natural,cifar7_derma_strict,test,1207,5,5,-25.442997,16.398386
natural,cifar7_derma_strict,test,1208,1,5,-60.878807,-11.554899
natural,cifar7_derma_strict,test,1209,5,5,-25.701149,13.415983
natural,cifar7_derma_strict,test,1210,4,5,29.010738,-20.337854
natural,cifar7_derma_strict,test,1211,5,5,12.386944,12.200288
natural,cifar7_derma_strict,test,1212,2,5,-25.941547,-20.873379
natural,cifar7_derma_strict,test,1213,5,4,20.173126,-35.066444
natural,cifar7_derma_strict,test,1214,4,5,-27.972969,-20.013182
natural,cifar7_derma_strict,test,1215,5,5,19.681072,-8.472314
natural,cifar7_derma_strict,test,1216,5,5,-20.168562,4.408634
natural,cifar7_derma_strict,test,1217,5,5,9.086210,-15.103243
natural,cifar7_derma_strict,test,1218,5,5,1.144948,15.476039
natural,cifar7_derma_strict,test,1219,1,5,-55.739315,-7.132440
natural,cifar7_derma_strict,test,1220,5,5,21.863029,-20.688667
natural,cifar7_derma_strict,test,1221,5,5,20.530254,22.494198
natural,cifar7_derma_strict,test,1222,5,5,31.081703,5.715872
natural,cifar7_derma_strict,test,1223,5,5,21.284311,32.750080
natural,cifar7_derma_strict,test,1224,4,5,24.584671,-35.121323
natural,cifar7_derma_strict,test,1225,6,5,-39.304081,-20.567366
natural,cifar7_derma_strict,test,1226,4,4,-13.650089,-28.810566
natural,cifar7_derma_strict,test,1227,4,5,36.013512,-24.673386
natural,cifar7_derma_strict,test,1228,2,5,13.801346,-23.316362
natural,cifar7_derma_strict,test,1229,0,5,-52.811935,-14.762650
natural,cifar7_derma_strict,test,1230,5,5,14.541274,37.656242
natural,cifar7_derma_strict,test,1231,5,5,19.535194,24.542624
natural,cifar7_derma_strict,test,1232,2,4,-2.370833,-31.705194
natural,cifar7_derma_strict,test,1233,5,5,-35.388031,-5.526052
natural,cifar7_derma_strict,test,1234,5,5,2.175917,34.064152
natural,cifar7_derma_strict,test,1235,5,5,-2.848463,-3.670367
natural,cifar7_derma_strict,test,1236,1,5,-55.318916,-9.503533
natural,cifar7_derma_strict,test,1237,5,5,-15.926270,38.533836
natural,cifar7_derma_strict,test,1238,0,5,-56.334492,-16.913012
natural,cifar7_derma_strict,test,1239,1,5,-58.880600,-10.213012
natural,cifar7_derma_strict,test,1240,1,5,-37.660416,-18.128107
natural,cifar7_derma_strict,test,1241,5,4,-21.498451,-19.956312
natural,cifar7_derma_strict,test,1242,5,5,-0.643640,31.838146
natural,cifar7_derma_strict,test,1243,5,5,4.038494,5.754656
natural,cifar7_derma_strict,test,1244,4,5,-9.381338,-15.267906
natural,cifar7_derma_strict,test,1245,5,5,21.481186,-7.703096
natural,cifar7_derma_strict,test,1246,5,5,-1.032318,2.047732
natural,cifar7_derma_strict,test,1247,5,5,39.373627,6.263916
natural,cifar7_derma_strict,test,1248,1,5,-43.508354,-6.295937
natural,cifar7_derma_strict,test,1249,5,5,-35.348499,-3.193814
natural,cifar7_derma_strict,test,1250,5,5,-34.840717,-2.104038
natural,cifar7_derma_strict,test,1251,2,5,-42.537418,-21.384586
natural,cifar7_derma_strict,test,1252,5,5,4.501361,-12.024462
natural,cifar7_derma_strict,test,1253,1,5,-45.200146,-5.781976
natural,cifar7_derma_strict,test,1254,5,5,24.927702,-19.507957
natural,cifar7_derma_strict,test,1255,2,5,13.652891,-23.667587
natural,cifar7_derma_strict,test,1256,6,4,-40.543941,-24.059547
natural,cifar7_derma_strict,test,1257,1,5,-57.103947,-9.404389
natural,cifar7_derma_strict,test,1258,5,5,-19.637562,23.616089
natural,cifar7_derma_strict,test,1259,5,5,-4.240068,7.613998
natural,cifar7_derma_strict,test,1260,5,5,27.786821,-12.203342
natural,cifar7_derma_strict,test,1261,5,5,7.500126,29.965439
natural,cifar7_derma_strict,test,1262,2,5,-20.351093,-9.142220
natural,cifar7_derma_strict,test,1263,5,5,-7.348048,28.918751
natural,cifar7_derma_strict,test,1264,1,5,-43.855865,-7.119639
natural,cifar7_derma_strict,test,1265,5,5,-25.691944,35.921619
natural,cifar7_derma_strict,test,1266,2,4,19.370962,-33.368645
natural,cifar7_derma_strict,test,1267,5,5,-25.442997,16.398386
natural,cifar7_derma_strict,test,1268,4,4,-10.915302,-29.228075
natural,cifar7_derma_strict,test,1269,4,4,12.878249,-28.914192
natural,cifar7_derma_strict,test,1270,5,5,-12.893445,18.683868
natural,cifar7_derma_strict,test,1271,5,5,-31.068430,-21.606934
natural,cifar7_derma_strict,test,1272,4,4,-37.081802,-25.675142
natural,cifar7_derma_strict,test,1273,5,5,38.703632,6.353644
natural,cifar7_derma_strict,test,1274,5,5,36.173111,-12.711233
natural,cifar7_derma_strict,test,1275,5,5,-19.455730,25.480953
natural,cifar7_derma_strict,test,1276,1,5,-59.141056,-10.757936
natural,cifar7_derma_strict,test,1277,5,5,20.935974,36.245041
natural,cifar7_derma_strict,test,1278,6,4,-40.210133,-23.333508
natural,cifar7_derma_strict,test,1279,5,5,-0.974080,44.172298
natural,cifar7_derma_strict,test,1280,6,4,-45.718597,-22.484795
natural,cifar7_derma_strict,test,1281,5,5,-29.054888,30.729383
natural,cifar7_derma_strict,test,1282,5,5,-23.076015,22.809015
natural,cifar7_derma_strict,test,1283,5,5,-6.938723,-3.692565
natural,cifar7_derma_strict,test,1284,5,5,3.715821,36.906002
natural,cifar7_derma_strict,test,1285,2,4,-34.847973,-24.903797
natural,cifar7_derma_strict,test,1286,5,5,7.215515,31.860073
natural,cifar7_derma_strict,test,1287,4,5,40.025566,-19.399864
natural,cifar7_derma_strict,test,1288,5,5,-21.518990,9.894898
natural,cifar7_derma_strict,test,1289,4,5,15.627627,-29.732920
natural,cifar7_derma_strict,test,1290,5,5,10.512252,12.982987
natural,cifar7_derma_strict,test,1291,2,5,30.871254,-26.723404
natural,cifar7_derma_strict,test,1292,2,4,5.076117,-30.407646
natural,cifar7_derma_strict,test,1293,5,5,4.828088,39.138683
natural,cifar7_derma_strict,test,1294,5,5,12.433526,5.629479
natural,cifar7_derma_strict,test,1295,5,5,-18.201406,40.290478
natural,cifar7_derma_strict,test,1296,5,5,2.040590,-18.067633
natural,cifar7_derma_strict,test,1297,5,5,24.157436,24.691381
natural,cifar7_derma_strict,test,1298,2,5,-16.818148,16.248396
natural,cifar7_derma_strict,test,1299,5,5,-15.976314,19.693787
natural,cifar7_derma_strict,test,1300,2,4,-22.993183,-22.208435
natural,cifar7_derma_strict,test,1301,5,5,3.749317,-5.028020
natural,cifar7_derma_strict,test,1302,2,5,8.597685,7.356271
natural,cifar7_derma_strict,test,1303,5,5,9.790307,-8.577654
natural,cifar7_derma_strict,test,1304,5,5,-9.862556,41.325397
natural,cifar7_derma_strict,test,1305,5,5,32.392368,-13.807879
natural,cifar7_derma_strict,test,1306,4,5,0.324607,-26.753334
natural,cifar7_derma_strict,test,1307,4,5,-1.319299,-31.856791
natural,cifar7_derma_strict,test,1308,5,5,-7.975368,3.149068
natural,cifar7_derma_strict,test,1309,5,5,10.460031,14.508367
natural,cifar7_derma_strict,test,1310,6,4,-44.406513,-21.809729
natural,cifar7_derma_strict,test,1311,5,5,15.372776,33.696293
natural,cifar7_derma_strict,test,1312,0,5,13.463594,-38.283443
natural,cifar7_derma_strict,test,1313,5,5,7.856637,-6.144198
natural,cifar7_derma_strict,test,1314,5,5,-8.937407,-2.530159
natural,cifar7_derma_strict,test,1315,2,5,15.556295,-25.977568
natural,cifar7_derma_strict,test,1316,5,5,-24.860067,23.068792
natural,cifar7_derma_strict,test,1317,5,5,35.937225,-33.995476
natural,cifar7_derma_strict,test,1318,5,5,-13.031185,40.355862
natural,cifar7_derma_strict,test,1319,6,4,-44.329502,-22.707134
natural,cifar7_derma_strict,test,1320,2,5,-3.336737,-19.091682
natural,cifar7_derma_strict,test,1321,5,5,3.274444,-7.056102
natural,cifar7_derma_strict,test,1322,5,5,2.894768,26.539318
natural,cifar7_derma_strict,test,1323,5,5,23.022999,31.563330
natural,cifar7_derma_strict,test,1324,5,5,27.185762,-11.885293
natural,cifar7_derma_strict,test,1325,5,5,21.473158,-35.537930
natural,cifar7_derma_strict,test,1326,2,4,-1.038771,-30.675076
natural,cifar7_derma_strict,test,1327,5,5,-25.655754,-6.912497
natural,cifar7_derma_strict,test,1328,5,5,2.269632,44.760902
natural,cifar7_derma_strict,test,1329,4,5,26.625387,-28.313473
natural,cifar7_derma_strict,test,1330,5,5,-5.059870,-7.654703
natural,cifar7_derma_strict,test,1331,4,5,-35.385590,-10.988063
natural,cifar7_derma_strict,test,1332,5,5,2.339323,12.296857
natural,cifar7_derma_strict,test,1333,4,5,15.515049,-21.259012
natural,cifar7_derma_strict,test,1334,5,5,-11.246153,11.303966
natural,cifar7_derma_strict,test,1335,5,5,6.956529,32.434036
natural,cifar7_derma_strict,test,1336,5,4,-1.341311,-19.541735
natural,cifar7_derma_strict,test,1337,6,4,-46.004978,-23.995625
natural,cifar7_derma_strict,test,1338,4,4,-27.255264,-26.790941
natural,cifar7_derma_strict,test,1339,5,5,7.185976,16.295668
natural,cifar7_derma_strict,test,1340,5,5,-27.098608,35.378315
natural,cifar7_derma_strict,test,1341,2,4,-24.390329,-24.887815
natural,cifar7_derma_strict,test,1342,2,5,-33.808430,0.403546
natural,cifar7_derma_strict,test,1343,5,5,-1.250678,10.707708
natural,cifar7_derma_strict,test,1344,5,5,-23.268459,8.708067
natural,cifar7_derma_strict,test,1345,0,5,-54.575203,-13.472625
natural,cifar7_derma_strict,test,1346,4,5,-5.151375,1.949125
natural,cifar7_derma_strict,test,1347,5,5,-17.439745,11.047297
natural,cifar7_derma_strict,test,1348,5,5,25.486645,20.074539
natural,cifar7_derma_strict,test,1349,2,4,12.442226,-27.981369
natural,cifar7_derma_strict,test,1350,5,5,-15.976314,19.693787
natural,cifar7_derma_strict,test,1351,2,4,-37.081272,-26.968678
natural,cifar7_derma_strict,test,1352,5,5,-10.224563,24.893082
natural,cifar7_derma_strict,test,1353,2,4,6.066231,-31.006207
natural,cifar7_derma_strict,test,1354,5,5,-17.592981,25.026613
natural,cifar7_derma_strict,test,1355,0,5,-18.986908,16.845747
natural,cifar7_derma_strict,test,1356,5,5,9.211826,-1.616817
natural,cifar7_derma_strict,test,1357,5,5,9.176067,33.330154
natural,cifar7_derma_strict,test,1358,0,5,-57.385323,-12.679158
natural,cifar7_derma_strict,test,1359,5,5,4.828088,39.138683
natural,cifar7_derma_strict,test,1360,4,5,4.520391,-26.326603
natural,cifar7_derma_strict,test,1361,4,5,19.066647,-27.813229
natural,cifar7_derma_strict,test,1362,2,5,15.646546,-25.489704
natural,cifar7_derma_strict,test,1363,5,5,0.314213,19.222553
natural,cifar7_derma_strict,test,1364,0,5,-37.537197,-9.039996
natural,cifar7_derma_strict,test,1365,5,5,8.943505,8.445778
natural,cifar7_derma_strict,test,1366,2,5,-21.584476,-17.062006
natural,cifar7_derma_strict,test,1367,5,5,44.679863,-26.612785
natural,cifar7_derma_strict,test,1368,5,4,19.284237,-34.815090
natural,cifar7_derma_strict,test,1369,4,5,36.431759,-34.771736
natural,cifar7_derma_strict,test,1370,5,5,39.683907,-13.088105
natural,cifar7_derma_strict,test,1371,5,5,-5.264755,11.829141
natural,cifar7_derma_strict,test,1372,2,5,-14.355169,-13.794488
natural,cifar7_derma_strict,test,1373,4,5,24.832891,-34.395359
natural,cifar7_derma_strict,test,1374,4,4,-6.062773,-31.625849
natural,cifar7_derma_strict,test,1375,5,5,9.530098,6.695097
natural,cifar7_derma_strict,test,1376,5,5,-9.443065,-17.221045
natural,cifar7_derma_strict,test,1377,2,5,-10.228985,-23.121912
natural,cifar7_derma_strict,test,1378,5,5,0.844988,26.505644
natural,cifar7_derma_strict,test,1379,5,5,12.686012,-15.304548
natural,cifar7_derma_strict,test,1380,0,5,-50.439247,-13.871852
natural,cifar7_derma_strict,test,1381,5,5,16.432219,35.504047
natural,cifar7_derma_strict,test,1382,5,5,-8.496333,20.630705
natural,cifar7_derma_strict,test,1383,5,5,32.293133,22.541451
natural,cifar7_derma_strict,test,1384,4,4,-27.093416,-24.282606
natural,cifar7_derma_strict,test,1385,5,5,27.787794,25.759310
natural,cifar7_derma_strict,test,1386,1,5,-49.369888,-17.790207
natural,cifar7_derma_strict,test,1387,5,5,21.863029,-20.688667
natural,cifar7_derma_strict,test,1388,3,5,-35.362263,-12.610840
natural,cifar7_derma_strict,test,1389,5,5,14.758513,19.773148
natural,cifar7_derma_strict,test,1390,1,5,-49.486446,-8.492239
natural,cifar7_derma_strict,test,1391,4,4,29.748562,-32.491257
natural,cifar7_derma_strict,test,1392,5,5,-4.348076,-9.159058
natural,cifar7_derma_strict,test,1393,5,5,33.821587,13.004506
natural,cifar7_derma_strict,test,1394,2,5,-10.347853,-14.368905
natural,cifar7_derma_strict,test,1395,5,5,8.943505,8.445778
natural,cifar7_derma_strict,test,1396,5,5,-10.943763,35.369381
natural,cifar7_derma_strict,test,1397,5,5,19.889729,-8.697664
natural,cifar7_derma_strict,test,1398,2,4,-39.961983,-20.804577
natural,cifar7_derma_strict,test,1399,5,5,-11.514187,3.651587
natural,cifar7_derma_strict,test,1400,4,5,9.796175,-30.295168
natural,cifar7_derma_strict,test,1401,5,5,-28.462898,35.483612
natural,cifar7_derma_strict,test,1402,5,5,28.694099,28.234316
natural,cifar7_derma_strict,test,1403,5,5,1.120360,4.524987
natural,cifar7_derma_strict,test,1404,0,5,-56.621552,-14.829824
natural,cifar7_derma_strict,test,1405,5,5,32.412704,29.303631
natural,cifar7_derma_strict,test,1406,4,5,-28.888613,-19.419373
natural,cifar7_derma_strict,test,1407,5,5,0.314213,19.222553
natural,cifar7_derma_strict,test,1408,5,5,42.032692,-28.063652
natural,cifar7_derma_strict,test,1409,4,4,-26.244160,-24.333311
natural,cifar7_derma_strict,test,1410,5,5,18.169573,8.411885
natural,cifar7_derma_strict,test,1411,5,5,11.101795,32.623306
natural,cifar7_derma_strict,test,1412,4,4,2.589029,-30.169016
natural,cifar7_derma_strict,test,1413,5,5,-26.559242,30.621225
natural,cifar7_derma_strict,test,1414,5,5,14.385714,40.917458
natural,cifar7_derma_strict,test,1415,5,5,6.681965,3.669597
natural,cifar7_derma_strict,test,1416,4,5,34.883472,-17.839766
natural,cifar7_derma_strict,test,1417,5,5,-26.733973,18.466867
natural,cifar7_derma_strict,test,1418,5,5,-10.912653,3.628460
natural,cifar7_derma_strict,test,1419,5,5,-14.225604,34.173016
natural,cifar7_derma_strict,test,1420,4,5,10.890391,-11.821497
natural,cifar7_derma_strict,test,1421,5,5,5.310411,-14.463315
natural,cifar7_derma_strict,test,1422,2,5,-31.068434,-15.977533
natural,cifar7_derma_strict,test,1423,5,5,24.556694,-29.803284
natural,cifar7_derma_strict,test,1424,5,5,16.856663,38.585121
natural,cifar7_derma_strict,test,1425,5,5,42.084442,-17.396593
natural,cifar7_derma_strict,test,1426,5,5,27.197411,20.432962
natural,cifar7_derma_strict,test,1427,5,5,32.412704,29.303631
natural,cifar7_derma_strict,test,1428,2,5,10.053273,-17.831656
natural,cifar7_derma_strict,test,1429,5,5,39.674763,-24.307276
natural,cifar7_derma_strict,test,1430,5,5,-25.655525,-6.912469
natural,cifar7_derma_strict,test,1431,5,5,29.642498,-7.431915
natural,cifar7_derma_strict,test,1432,5,5,36.316536,10.890139
natural,cifar7_derma_strict,test,1433,5,5,-21.746582,34.112411
natural,cifar7_derma_strict,test,1434,5,5,39.305088,10.896468
natural,cifar7_derma_strict,test,1435,5,5,10.574155,35.378231
natural,cifar7_derma_strict,test,1436,5,5,4.953338,22.509916
natural,cifar7_derma_strict,test,1437,5,5,-25.450493,1.895991
natural,cifar7_derma_strict,test,1438,0,5,-52.145576,-16.534565
natural,cifar7_derma_strict,test,1439,5,5,41.934021,-13.942272
natural,cifar7_derma_strict,test,1440,5,5,44.679863,-26.612785
natural,cifar7_derma_strict,test,1441,5,5,26.152769,34.434120
natural,cifar7_derma_strict,test,1442,2,4,-0.180704,-31.529844
natural,cifar7_derma_strict,test,1443,3,5,38.166916,9.556260
natural,cifar7_derma_strict,test,1444,5,5,-28.723396,-5.464563
natural,cifar7_derma_strict,test,1445,5,5,29.401842,26.560404
natural,cifar7_derma_strict,test,1446,5,5,-0.643640,31.838146
natural,cifar7_derma_strict,test,1447,5,5,7.185976,16.295668
natural,cifar7_derma_strict,test,1448,5,5,24.355028,-14.120461
natural,cifar7_derma_strict,test,1449,5,5,28.926189,-16.475555
natural,cifar7_derma_strict,test,1450,1,5,-47.444912,-5.564064
natural,cifar7_derma_strict,test,1451,5,5,-24.961657,37.898796
natural,cifar7_derma_strict,test,1452,5,5,-28.071411,37.131599
natural,cifar7_derma_strict,test,1453,5,5,39.792465,-22.650507
natural,cifar7_derma_strict,test,1454,5,5,25.893549,11.002082
natural,cifar7_derma_strict,test,1455,5,5,28.471588,1.880455
natural,cifar7_derma_strict,test,1456,5,5,1.004768,4.901733
natural,cifar7_derma_strict,test,1457,5,5,-12.507832,33.786564
natural,cifar7_derma_strict,test,1458,2,5,-12.927812,-19.158550
natural,cifar7_derma_strict,test,1459,5,5,-34.049473,1.700419
natural,cifar7_derma_strict,test,1460,5,5,-19.009439,15.185301
natural,cifar7_derma_strict,test,1461,5,5,11.626925,32.642761
natural,cifar7_derma_strict,test,1462,5,5,1.791118,-12.746778
natural,cifar7_derma_strict,test,1463,2,5,19.590132,-16.751459
natural,cifar7_derma_strict,test,1464,4,5,-41.034279,-21.900333
natural,cifar7_derma_strict,test,1465,5,5,-21.895515,-26.112371
natural,cifar7_derma_strict,test,1466,2,5,-12.869819,21.285686
natural,cifar7_derma_strict,test,1467,4,5,-28.906965,-21.812599
natural,cifar7_derma_strict,test,1468,5,5,9.866307,20.943150
natural,cifar7_derma_strict,test,1469,5,5,-20.166449,30.235203
natural,cifar7_derma_strict,test,1470,5,5,15.715805,-5.749566
natural,cifar7_derma_strict,test,1471,1,5,-54.051044,-11.025861
natural,cifar7_derma_strict,test,1472,4,5,32.845196,-36.321079
natural,cifar7_derma_strict,test,1473,5,5,5.310159,-14.463235
natural,cifar7_derma_strict,test,1474,6,4,-32.980442,-28.114954
natural,cifar7_derma_strict,test,1475,5,5,8.111683,39.141792
natural,cifar7_derma_strict,test,1476,4,4,-10.761230,-26.889326
natural,cifar7_derma_strict,test,1477,4,4,-10.976371,-20.635460
natural,cifar7_derma_strict,test,1478,5,5,-3.361995,2.008590
natural,cifar7_derma_strict,test,1479,5,5,6.226131,-3.544370
natural,cifar7_derma_strict,test,1480,5,5,43.703705,-18.351610
natural,cifar7_derma_strict,test,1481,5,5,-16.351234,11.045279
natural,cifar7_derma_strict,test,1482,5,5,30.812235,5.997532
natural,cifar7_derma_strict,test,1483,5,5,13.398762,36.392853
natural,cifar7_derma_strict,test,1484,5,5,33.656620,-26.212545
natural,cifar7_derma_strict,test,1485,5,5,-15.969490,34.972816
natural,cifar7_derma_strict,test,1486,5,5,-38.136112,-0.784476
natural,cifar7_derma_strict,test,1487,2,4,-34.231033,-25.670170
natural,cifar7_derma_strict,test,1488,5,5,-14.452662,2.600024
natural,cifar7_derma_strict,test,1489,4,5,-35.145641,-17.448343
natural,cifar7_derma_strict,test,1490,4,5,24.600704,8.125081
natural,cifar7_derma_strict,test,1491,5,5,34.182514,0.735005
natural,cifar7_derma_strict,test,1492,5,5,-12.322412,4.189899
natural,cifar7_derma_strict,test,1493,5,5,-20.168562,4.408634
natural,cifar7_derma_strict,test,1494,5,5,-21.535393,11.551324
natural,cifar7_derma_strict,test,1495,1,5,-48.092041,-9.188184
natural,cifar7_derma_strict,test,1496,5,5,-30.227602,20.917824
natural,cifar7_derma_strict,test,1497,5,5,-24.313948,31.412973
natural,cifar7_derma_strict,test,1498,5,5,-10.718803,44.625317
natural,cifar7_derma_strict,test,1499,5,5,38.870846,11.675886
natural,cifar7_derma_strict,test,1500,1,5,-24.739464,10.667648
natural,cifar7_derma_strict,test,1501,5,5,30.821283,-25.214935
natural,cifar7_derma_strict,test,1502,6,5,-28.692410,-1.183444
natural,cifar7_derma_strict,test,1503,4,5,1.999581,-28.089733
natural,cifar7_derma_strict,test,1504,5,5,7.949841,24.999063
natural,cifar7_derma_strict,test,1505,5,5,42.524384,15.119964
natural,cifar7_derma_strict,test,1506,5,5,28.665674,-2.980698
natural,cifar7_derma_strict,test,1507,5,5,12.964131,23.270132
natural,cifar7_derma_strict,test,1508,5,5,30.698339,27.774828
natural,cifar7_derma_strict,test,1509,4,5,-2.422783,-28.388927
natural,cifar7_derma_strict,test,1510,5,5,20.439806,1.694368
natural,cifar7_derma_strict,test,1511,2,4,-29.766806,-27.040525
natural,cifar7_derma_strict,test,1512,4,5,-2.860802,-29.269823
natural,cifar7_derma_strict,test,1513,5,5,17.917927,19.140623
natural,cifar7_derma_strict,test,1514,5,5,-3.092433,4.473511
natural,cifar7_derma_strict,test,1515,5,5,-1.690586,11.042931
natural,cifar7_derma_strict,test,1516,5,5,3.497435,-25.668102
natural,cifar7_derma_strict,test,1517,5,5,-17.652901,41.325340
natural,cifar7_derma_strict,test,1518,5,5,-8.232349,-3.756708
natural,cifar7_derma_strict,test,1519,5,5,34.388676,-19.576618
natural,cifar7_derma_strict,test,1520,5,5,29.128794,22.891352
natural,cifar7_derma_strict,test,1521,5,5,-21.710304,15.408955
natural,cifar7_derma_strict,test,1522,5,5,7.986948,-9.560342
natural,cifar7_derma_strict,test,1523,5,5,41.517368,-28.552523
natural,cifar7_derma_strict,test,1524,5,5,25.805630,-23.071253
natural,cifar7_derma_strict,test,1525,5,5,30.507179,-12.837475
natural,cifar7_derma_strict,test,1526,2,4,-20.600258,-15.077158
natural,cifar7_derma_strict,test,1527,5,5,11.185966,-2.205904
natural,cifar7_derma_strict,test,1528,2,5,36.565907,-36.770550
natural,cifar7_derma_strict,test,1529,2,5,41.483990,-27.392109
natural,cifar7_derma_strict,test,1530,5,5,39.674763,-24.307276
natural,cifar7_derma_strict,test,1531,5,5,35.387390,21.483042
natural,cifar7_derma_strict,test,1532,5,5,3.759712,47.105610
natural,cifar7_derma_strict,test,1533,5,5,1.790222,-9.670982
natural,cifar7_derma_strict,test,1534,1,5,-52.888134,-6.494723
natural,cifar7_derma_strict,test,1535,5,5,32.008888,14.156831
natural,cifar7_derma_strict,test,1536,2,5,-34.374352,0.963276
natural,cifar7_derma_strict,test,1537,5,5,-23.831093,-4.112506
natural,cifar7_derma_strict,test,1538,1,5,-53.895767,-8.285324
natural,cifar7_derma_strict,test,1539,5,5,30.360289,-6.911828
natural,cifar7_derma_strict,test,1540,5,5,33.656555,-26.212620
natural,cifar7_derma_strict,test,1541,5,5,16.970129,13.141235
natural,cifar7_derma_strict,test,1542,5,5,8.111683,39.141792
natural,cifar7_derma_strict,test,1543,2,5,-11.946615,-23.270462
natural,cifar7_derma_strict,test,1544,5,5,-5.026191,11.299129
natural,cifar7_derma_strict,test,1545,5,5,1.188186,8.857951
natural,cifar7_derma_strict,test,1546,5,5,-33.383221,3.803058
natural,cifar7_derma_strict,test,1547,5,5,-9.941649,-13.049329
natural,cifar7_derma_strict,test,1548,1,5,-59.274979,-9.575225
natural,cifar7_derma_strict,test,1549,5,5,-26.733973,18.466867
natural,cifar7_derma_strict,test,1550,1,5,-59.585022,-12.394051
natural,cifar7_derma_strict,test,1551,5,5,25.778612,8.000045
natural,cifar7_derma_strict,test,1552,5,5,11.192389,19.425552
natural,cifar7_derma_strict,test,1553,5,5,25.335924,-11.869888
natural,cifar7_derma_strict,test,1554,4,5,26.304920,-27.129074
natural,cifar7_derma_strict,test,1555,5,5,2.206031,6.260227
natural,cifar7_derma_strict,test,1556,5,5,-8.937412,-2.530167
natural,cifar7_derma_strict,test,1557,5,5,21.134352,14.714163
natural,cifar7_derma_strict,test,1558,2,5,21.030554,-36.873451
natural,cifar7_derma_strict,test,1559,5,5,-11.505952,16.912024
natural,cifar7_derma_strict,test,1560,5,5,41.410519,6.442597
natural,cifar7_derma_strict,test,1561,5,5,32.412720,-1.959005
natural,cifar7_derma_strict,test,1562,4,5,3.472836,-28.103382
natural,cifar7_derma_strict,test,1563,1,5,-41.156689,-2.757792
natural,cifar7_derma_strict,test,1564,5,5,-8.557627,-19.102032
natural,cifar7_derma_strict,test,1565,2,4,16.459057,-31.619198
natural,cifar7_derma_strict,test,1566,5,5,-21.746582,34.112411
natural,cifar7_derma_strict,test,1567,4,5,-11.212351,-17.755791
natural,cifar7_derma_strict,test,1568,5,5,-21.463615,39.612392
natural,cifar7_derma_strict,test,1569,5,5,5.215730,32.159286
natural,cifar7_derma_strict,test,1570,2,4,-14.968555,-31.303017
natural,cifar7_derma_strict,test,1571,5,5,-25.450493,1.895991
natural,cifar7_derma_strict,test,1572,1,5,-48.979076,-13.892918
natural,cifar7_derma_strict,test,1573,2,5,32.639389,7.430487
natural,cifar7_derma_strict,test,1574,5,5,11.101795,32.623306
natural,cifar7_derma_strict,test,1575,5,5,-11.505952,16.912024
natural,cifar7_derma_strict,test,1576,2,5,37.231129,-33.612183
natural,cifar7_derma_strict,test,1577,5,5,23.005426,33.780579
natural,cifar7_derma_strict,test,1578,4,5,30.996788,-31.374905
natural,cifar7_derma_strict,test,1579,5,5,39.847115,11.978566
natural,cifar7_derma_strict,test,1580,5,5,-10.711667,23.006147
natural,cifar7_derma_strict,test,1581,5,5,-21.707943,7.825419
natural,cifar7_derma_strict,test,1582,5,5,30.698339,27.774828
natural,cifar7_derma_strict,test,1583,5,5,-0.888773,41.159153
natural,cifar7_derma_strict,test,1584,5,5,27.955252,26.035280
natural,cifar7_derma_strict,test,1585,5,5,32.412704,29.303631
natural,cifar7_derma_strict,test,1586,2,5,42.417946,-30.660156
natural,cifar7_derma_strict,test,1587,4,5,-23.409758,-17.894457
natural,cifar7_derma_strict,test,1588,5,5,41.593681,-14.824565
natural,cifar7_derma_strict,test,1589,5,5,30.133310,-16.698650
natural,cifar7_derma_strict,test,1590,5,5,29.361471,26.659029
natural,cifar7_derma_strict,test,1591,5,5,-2.904327,12.480371
natural,cifar7_derma_strict,test,1592,5,5,21.629827,-25.794420
natural,cifar7_derma_strict,test,1593,0,5,-39.035652,-11.322168
natural,cifar7_derma_strict,test,1594,5,4,-21.036068,-20.491352
natural,cifar7_derma_strict,test,1595,4,5,-28.804754,-0.415253
natural,cifar7_derma_strict,test,1596,5,5,-4.084898,12.074862
natural,cifar7_derma_strict,test,1597,4,5,-26.619675,-12.066457
natural,cifar7_derma_strict,test,1598,5,5,-29.351894,24.785021
natural,cifar7_derma_strict,test,1599,5,5,43.733749,11.570073
natural,cifar7_derma_strict,test,1600,5,5,23.005426,33.780579
natural,cifar7_derma_strict,test,1601,5,5,-25.783895,6.491983
natural,cifar7_derma_strict,test,1602,4,5,23.481102,-30.735090
natural,cifar7_derma_strict,test,1603,3,5,-32.843822,1.732171
natural,cifar7_derma_strict,test,1604,5,5,9.086210,-15.103243
natural,cifar7_derma_strict,test,1605,2,5,-39.539200,-19.411917
natural,cifar7_derma_strict,test,1606,5,5,32.060623,8.389275
natural,cifar7_derma_strict,test,1607,5,5,7.853180,16.370989
natural,cifar7_derma_strict,test,1608,1,5,-52.563526,-8.425320
natural,cifar7_derma_strict,test,1609,5,5,-31.905754,-14.652444
natural,cifar7_derma_strict,test,1610,5,5,43.073437,6.834120
natural,cifar7_derma_strict,test,1611,5,5,-24.102140,17.660524
natural,cifar7_derma_strict,test,1612,5,5,3.966853,-7.292691
natural,cifar7_derma_strict,test,1613,5,5,23.012035,36.967136
natural,cifar7_derma_strict,test,1614,5,5,-18.929070,36.239723
natural,cifar7_derma_strict,test,1615,5,5,-12.506325,11.284021
natural,cifar7_derma_strict,test,1616,4,5,0.031304,-18.944084
natural,cifar7_derma_strict,test,1617,5,5,26.677307,12.569481
natural,cifar7_derma_strict,test,1618,5,5,27.197411,20.432962
natural,cifar7_derma_strict,test,1619,5,5,22.909393,-19.129065
natural,cifar7_derma_strict,test,1620,5,5,10.790490,6.848572
natural,cifar7_derma_strict,test,1621,5,5,-1.472480,27.513224
natural,cifar7_derma_strict,test,1622,5,5,-10.101435,32.172497
natural,cifar7_derma_strict,test,1623,5,5,-37.630821,-0.576088
natural,cifar7_derma_strict,test,1624,3,5,-18.220705,7.964835
natural,cifar7_derma_strict,test,1625,5,5,-13.008612,22.514799
natural,cifar7_derma_strict,test,1626,5,5,-17.501661,36.488140
natural,cifar7_derma_strict,test,1627,0,5,-54.053596,-14.858212
natural,cifar7_derma_strict,test,1628,4,4,-39.434067,-25.423927
natural,cifar7_derma_strict,test,1629,5,5,11.308350,-16.998363
natural,cifar7_derma_strict,test,1630,5,5,2.619816,46.354034
natural,cifar7_derma_strict,test,1631,4,4,-23.910488,-25.827642
natural,cifar7_derma_strict,test,1632,5,5,17.262320,-1.637939
natural,cifar7_derma_strict,test,1633,5,5,-6.548020,20.239464
natural,cifar7_derma_strict,test,1634,5,5,-9.883721,-8.733587
natural,cifar7_derma_strict,test,1635,4,4,-14.474997,-29.180336
natural,cifar7_derma_strict,test,1636,4,5,31.041084,-34.178020
natural,cifar7_derma_strict,test,1637,0,5,-57.880806,-16.003181
natural,cifar7_derma_strict,test,1638,5,5,32.912872,-22.776770
natural,cifar7_derma_strict,test,1639,5,5,-23.779985,10.694120
natural,cifar7_derma_strict,test,1640,5,5,41.517368,-28.552523
natural,cifar7_derma_strict,test,1641,5,5,-11.803440,27.184063
natural,cifar7_derma_strict,test,1642,5,5,-23.221392,6.121419
natural,cifar7_derma_strict,test,1643,5,5,30.310421,-3.740804
natural,cifar7_derma_strict,test,1644,5,5,34.080200,16.711988
natural,cifar7_derma_strict,test,1645,6,4,-46.792179,-23.078981
natural,cifar7_derma_strict,test,1646,0,5,-35.916393,-9.485050
natural,cifar7_derma_strict,test,1647,5,5,-18.015715,34.684315
natural,cifar7_derma_strict,test,1648,5,5,-24.691740,3.711335
natural,cifar7_derma_strict,test,1649,5,5,1.839373,-13.398241
natural,cifar7_derma_strict,test,1650,5,5,32.191429,26.390200
natural,cifar7_derma_strict,test,1651,4,5,-24.390459,-21.413893
natural,cifar7_derma_strict,test,1652,5,5,32.030968,-25.946371
natural,cifar7_derma_strict,test,1653,5,5,21.473475,-35.537029
natural,cifar7_derma_strict,test,1654,6,5,-27.832138,-18.958462
natural,cifar7_derma_strict,test,1655,4,4,-8.655109,-28.528736
natural,cifar7_derma_strict,test,1656,5,5,-17.569395,13.671219
natural,cifar7_derma_strict,test,1657,5,5,-10.094551,41.232777
natural,cifar7_derma_strict,test,1658,5,5,7.856637,-6.144198
natural,cifar7_derma_strict,test,1659,5,5,-35.757954,-0.040674
natural,cifar7_derma_strict,test,1660,4,5,24.191698,-26.666859
natural,cifar7_derma_strict,test,1661,5,5,-20.071699,14.105564
natural,cifar7_derma_strict,test,1662,5,5,9.691236,23.610594
natural,cifar7_derma_strict,test,1663,5,5,14.322918,6.160697
natural,cifar7_derma_strict,test,1664,5,5,-15.602757,43.811016
natural,cifar7_derma_strict,test,1665,5,5,28.665674,-2.980698
natural,cifar7_derma_strict,test,1666,5,5,3.715821,36.906002
natural,cifar7_derma_strict,test,1667,5,5,-2.100472,43.527470
natural,cifar7_derma_strict,test,1668,5,5,3.493493,18.375935
natural,cifar7_derma_strict,test,1669,5,5,-1.707872,-22.305183
natural,cifar7_derma_strict,test,1670,0,5,-51.416958,-7.153821
natural,cifar7_derma_strict,test,1671,5,5,26.498350,-17.257092
natural,cifar7_derma_strict,test,1672,2,4,-1.327387,-30.327181
natural,cifar7_derma_strict,test,1673,1,5,-46.428379,-10.071779
natural,cifar7_derma_strict,test,1674,5,5,-21.409079,6.509909
natural,cifar7_derma_strict,test,1675,4,4,-33.466591,-26.140413
natural,cifar7_derma_strict,test,1676,5,5,6.141019,-13.227599
natural,cifar7_derma_strict,test,1677,5,4,-20.922184,-20.068924
natural,cifar7_derma_strict,test,1678,5,5,34.087006,-2.985482
natural,cifar7_derma_strict,test,1679,4,5,-5.783473,-24.367783
natural,cifar7_derma_strict,test,1680,2,5,-8.744737,-11.414878
natural,cifar7_derma_strict,test,1681,5,5,19.708492,-1.518909
natural,cifar7_derma_strict,test,1682,2,4,-44.823322,-23.326101
natural,cifar7_derma_strict,test,1683,5,5,19.534872,24.542797
natural,cifar7_derma_strict,test,1684,1,5,-55.689995,-10.691031
natural,cifar7_derma_strict,test,1685,5,5,0.732621,43.901768
natural,cifar7_derma_strict,test,1686,5,5,-20.467678,37.964695
natural,cifar7_derma_strict,test,1687,5,5,1.504807,17.579947
natural,cifar7_derma_strict,test,1688,4,5,-2.573415,-25.618828
natural,cifar7_derma_strict,test,1689,4,5,21.615623,-31.031269
natural,cifar7_derma_strict,test,1690,5,5,-13.281622,35.777481
natural,cifar7_derma_strict,test,1691,5,5,23.463676,29.434700
natural,cifar7_derma_strict,test,1692,3,5,-27.407038,-3.487427
natural,cifar7_derma_strict,test,1693,5,5,36.121223,9.247570
natural,cifar7_derma_strict,test,1694,4,5,28.146467,-19.531351
natural,cifar7_derma_strict,test,1695,5,5,-23.172655,21.272560
natural,cifar7_derma_strict,test,1696,5,5,42.172802,-10.890015
natural,cifar7_derma_strict,test,1697,5,5,-18.651363,10.222946
natural,cifar7_derma_strict,test,1698,5,5,22.659473,-18.929096
natural,cifar7_derma_strict,test,1699,4,5,16.570992,-21.065994
natural,cifar7_derma_strict,test,1700,5,5,-57.514069,-8.272658
natural,cifar7_derma_strict,test,1701,5,5,-0.264038,4.223996
natural,cifar7_derma_strict,test,1702,5,5,29.658497,-15.015276
natural,cifar7_derma_strict,test,1703,5,5,29.859848,30.099112
natural,cifar7_derma_strict,test,1704,5,5,-0.416564,-10.357281
natural,cifar7_derma_strict,test,1705,5,5,-2.018118,23.645184
natural,cifar7_derma_strict,test,1706,5,5,-3.710032,-20.544542
natural,cifar7_derma_strict,test,1707,6,4,-29.893675,-23.087442
natural,cifar7_derma_strict,test,1708,5,5,-20.914661,11.496064
natural,cifar7_derma_strict,test,1709,2,5,23.786968,-25.291845
natural,cifar7_derma_strict,test,1710,5,5,10.764380,-9.738625
natural,cifar7_derma_strict,test,1711,4,5,30.696106,-32.229771
natural,cifar7_derma_strict,test,1712,5,5,5.755075,-17.697258
natural,cifar7_derma_strict,test,1713,5,5,37.064938,-23.192728
natural,cifar7_derma_strict,test,1714,5,5,4.980453,-7.042571
natural,cifar7_derma_strict,test,1715,3,5,-2.098479,6.942789
natural,cifar7_derma_strict,test,1716,2,5,-24.775850,-3.418672
natural,cifar7_derma_strict,test,1717,5,5,4.527616,-10.802611
natural,cifar7_derma_strict,test,1718,1,5,-54.786388,-8.721379
natural,cifar7_derma_strict,test,1719,5,5,-23.551954,10.938597
natural,cifar7_derma_strict,test,1720,4,5,-32.182053,-23.321590
natural,cifar7_derma_strict,test,1721,5,5,-1.483774,-22.954512
natural,cifar7_derma_strict,test,1722,5,5,-19.284128,28.617393
natural,cifar7_derma_strict,test,1723,2,4,-1.782275,-35.010448
natural,cifar7_derma_strict,test,1724,5,5,27.166254,30.144938
natural,cifar7_derma_strict,test,1725,5,5,-21.500687,39.566940
natural,cifar7_derma_strict,test,1726,5,4,6.983454,-7.466166
natural,cifar7_derma_strict,test,1727,5,5,4.065343,12.694855
natural,cifar7_derma_strict,test,1728,2,5,-32.764191,-18.483923
natural,cifar7_derma_strict,test,1729,5,5,3.251415,1.156350
natural,cifar7_derma_strict,test,1730,5,5,-13.281622,35.777481
natural,cifar7_derma_strict,test,1731,5,5,17.917973,19.140488
natural,cifar7_derma_strict,test,1732,5,5,10.929238,35.431198
natural,cifar7_derma_strict,test,1733,5,5,27.505796,8.757513
natural,cifar7_derma_strict,test,1734,5,5,20.971165,-12.488495
natural,cifar7_derma_strict,test,1735,2,4,-42.335316,-25.521330
natural,cifar7_derma_strict,test,1736,5,5,33.865612,13.728698
natural,cifar7_derma_strict,test,1737,5,5,-12.936506,45.231567
natural,cifar7_derma_strict,test,1738,5,5,-20.071699,14.105564
natural,cifar7_derma_strict,test,1739,5,5,-18.854811,17.943993
natural,cifar7_derma_strict,test,1740,4,4,-28.508831,-27.267159
natural,cifar7_derma_strict,test,1741,5,5,19.816509,-22.603418
natural,cifar7_derma_strict,test,1742,5,5,7.274595,39.065628
natural,cifar7_derma_strict,test,1743,5,5,30.138395,11.178853
natural,cifar7_derma_strict,test,1744,5,5,7.548238,17.993313
natural,cifar7_derma_strict,test,1745,5,5,7.185976,16.295668
natural,cifar7_derma_strict,test,1746,2,5,25.725559,25.028538
natural,cifar7_derma_strict,test,1747,2,5,-26.266001,-17.707603
natural,cifar7_derma_strict,test,1748,5,5,1.832802,36.215431
natural,cifar7_derma_strict,test,1749,2,5,21.201445,-33.667740
natural,cifar7_derma_strict,test,1750,5,5,-0.915349,2.490700
natural,cifar7_derma_strict,test,1751,2,5,-7.232247,-15.814477
natural,cifar7_derma_strict,test,1752,5,5,5.567571,16.396519
natural,cifar7_derma_strict,test,1753,5,5,14.224360,33.783867
natural,cifar7_derma_strict,test,1754,5,5,6.695273,-4.656403
natural,cifar7_derma_strict,test,1755,0,5,-36.289658,-10.658767
natural,cifar7_derma_strict,test,1756,0,5,-40.188656,-11.841596
natural,cifar7_derma_strict,test,1757,5,5,-8.243525,38.133583
natural,cifar7_derma_strict,test,1758,5,5,9.749485,10.309512
natural,cifar7_derma_strict,test,1759,5,5,25.129038,37.076523
natural,cifar7_derma_strict,test,1760,5,5,12.963927,23.269707
natural,cifar7_derma_strict,test,1761,5,5,46.171612,-23.351597
natural,cifar7_derma_strict,test,1762,2,5,23.752657,-17.977245
natural,cifar7_derma_strict,test,1763,5,5,13.105759,38.446575
natural,cifar7_derma_strict,test,1764,5,5,-28.548174,23.112598
natural,cifar7_derma_strict,test,1765,5,5,9.968885,25.748877
natural,cifar7_derma_strict,test,1766,5,5,21.433058,-8.258675
natural,cifar7_derma_strict,test,1767,0,5,-54.990616,-11.770348
natural,cifar7_derma_strict,test,1768,5,5,33.989845,-0.815434
natural,cifar7_derma_strict,test,1769,5,5,39.655537,-20.602415
natural,cifar7_derma_strict,test,1770,5,5,-20.867201,4.276816
natural,cifar7_derma_strict,test,1771,5,5,15.048590,34.388981
natural,cifar7_derma_strict,test,1772,5,5,34.198433,1.145049
natural,cifar7_derma_strict,test,1773,2,5,-20.902935,-15.442464
natural,cifar7_derma_strict,test,1774,1,5,-51.221264,-9.908178
natural,cifar7_derma_strict,test,1775,2,5,22.442101,-17.818855
natural,cifar7_derma_strict,test,1776,4,5,17.840664,-10.464526
natural,cifar7_derma_strict,test,1777,5,5,-23.268459,8.708067
natural,cifar7_derma_strict,test,1778,2,4,-42.969803,-25.136997
natural,cifar7_derma_strict,test,1779,4,5,31.968973,-21.149900
natural,cifar7_derma_strict,test,1780,1,5,-51.244961,-6.101098
natural,cifar7_derma_strict,test,1781,5,5,18.017588,22.180723
natural,cifar7_derma_strict,test,1782,5,5,-24.982632,8.734637
natural,cifar7_derma_strict,test,1783,5,5,21.938246,-26.332132
natural,cifar7_derma_strict,test,1784,5,5,-22.965801,4.169230
natural,cifar7_derma_strict,test,1785,5,5,-12.182430,35.484940
natural,cifar7_derma_strict,test,1786,1,5,-46.287476,-7.699636
natural,cifar7_derma_strict,test,1787,5,5,8.288033,21.232254
natural,cifar7_derma_strict,test,1788,5,5,24.154625,15.369785
natural,cifar7_derma_strict,test,1789,5,5,-18.854568,17.944180
natural,cifar7_derma_strict,test,1790,5,5,9.622052,18.791426
natural,cifar7_derma_strict,test,1791,4,4,-6.075551,-26.649296
natural,cifar7_derma_strict,test,1792,5,5,31.386106,-4.147798
natural,cifar7_derma_strict,test,1793,5,5,-11.152025,39.063084
natural,cifar7_derma_strict,test,1794,2,5,-15.530253,-24.802223
natural,cifar7_derma_strict,test,1795,5,5,9.968885,25.748877
natural,cifar7_derma_strict,test,1796,5,5,18.017588,22.180723
natural,cifar7_derma_strict,test,1797,5,5,-20.467678,37.964695
natural,cifar7_derma_strict,test,1798,2,4,-14.971122,-29.934845
natural,cifar7_derma_strict,test,1799,5,5,33.290062,13.185210
natural,cifar7_derma_strict,test,1800,4,4,-31.202805,-26.560061
natural,cifar7_derma_strict,test,1801,5,5,6.013302,-0.330014
natural,cifar7_derma_strict,test,1802,5,5,-14.575042,16.429743
natural,cifar7_derma_strict,test,1803,5,5,3.251415,1.156350
natural,cifar7_derma_strict,test,1804,0,5,-56.699368,-12.676615
natural,cifar7_derma_strict,test,1805,5,5,28.495804,3.197683
natural,cifar7_derma_strict,test,1806,4,5,28.833910,-10.784025
natural,cifar7_derma_strict,test,1807,5,5,13.815660,15.451215
natural,cifar7_derma_strict,test,1808,5,5,27.764902,23.293369
natural,cifar7_derma_strict,test,1809,2,4,-22.559530,-26.917694
natural,cifar7_derma_strict,test,1810,2,5,21.234655,-18.219891
natural,cifar7_derma_strict,test,1811,5,5,22.470383,4.574609
natural,cifar7_derma_strict,test,1812,2,4,21.087322,-38.396061
natural,cifar7_derma_strict,test,1813,1,5,-22.877075,25.117823
natural,cifar7_derma_strict,test,1814,2,5,-7.338651,-18.143930
natural,cifar7_derma_strict,test,1815,5,5,21.093941,29.168058
natural,cifar7_derma_strict,test,1816,5,5,43.408016,-26.339756
natural,cifar7_derma_strict,test,1817,5,5,-23.050411,23.027689
natural,cifar7_derma_strict,test,1818,2,5,-7.077464,-12.305344
natural,cifar7_derma_strict,test,1819,5,5,29.658949,-15.015296
natural,cifar7_derma_strict,test,1820,5,5,-1.511482,2.774238
natural,cifar7_derma_strict,test,1821,4,4,-33.725941,-24.150927
natural,cifar7_derma_strict,test,1822,5,5,-28.881073,32.138557
natural,cifar7_derma_strict,test,1823,5,4,-19.381151,-20.312223
natural,cifar7_derma_strict,test,1824,2,5,-24.902281,-17.031052
natural,cifar7_derma_strict,test,1825,0,5,-38.239437,-16.795517
natural,cifar7_derma_strict,test,1826,5,5,8.314826,27.462919
natural,cifar7_derma_strict,test,1827,4,4,5.756618,-29.076815
natural,cifar7_derma_strict,test,1828,2,5,-27.341658,-3.952097
natural,cifar7_derma_strict,test,1829,4,5,-27.766188,-17.995573
natural,cifar7_derma_strict,test,1830,5,5,21.394356,30.507957
natural,cifar7_derma_strict,test,1831,5,5,-24.559883,8.332240
natural,cifar7_derma_strict,test,1832,5,5,21.456636,-26.214941
natural,cifar7_derma_strict,test,1833,2,5,17.305714,-27.387604
natural,cifar7_derma_strict,test,1834,5,5,4.065343,12.694855
natural,cifar7_derma_strict,test,1835,5,5,-21.746582,34.112411
natural,cifar7_derma_strict,test,1836,5,5,20.750906,2.787461
natural,cifar7_derma_strict,test,1837,5,5,32.010658,1.372621
natural,cifar7_derma_strict,test,1838,5,5,28.597277,0.246951
natural,cifar7_derma_strict,test,1839,5,5,-22.091717,24.345211
natural,cifar7_derma_strict,test,1840,5,5,44.679863,-26.612785
natural,cifar7_derma_strict,test,1841,5,5,33.007641,25.340443
natural,cifar7_derma_strict,test,1842,5,5,23.811697,35.099220
natural,cifar7_derma_strict,test,1843,5,5,37.086044,17.777107
natural,cifar7_derma_strict,test,1844,5,4,-0.109603,-28.961510
natural,cifar7_derma_strict,test,1845,0,5,-24.416712,-19.436605
natural,cifar7_derma_strict,test,1846,5,5,-11.557482,-15.137677
natural,cifar7_derma_strict,test,1847,5,5,-19.671501,38.983391
natural,cifar7_derma_strict,test,1848,4,5,-6.437799,-21.374645
natural,cifar7_derma_strict,test,1849,5,5,-27.864931,35.217510
natural,cifar7_derma_strict,test,1850,4,4,15.545856,-31.199839
natural,cifar7_derma_strict,test,1851,2,4,-35.079769,-27.507505
natural,cifar7_derma_strict,test,1852,5,5,-11.803471,27.183765
natural,cifar7_derma_strict,test,1853,5,5,18.914770,38.178169
natural,cifar7_derma_strict,test,1854,5,5,21.134487,14.712314
natural,cifar7_derma_strict,test,1855,5,5,-35.466846,1.987984
natural,cifar7_derma_strict,test,1856,5,5,-33.027390,-2.855160
natural,cifar7_derma_strict,test,1857,6,4,-20.813936,-27.538780
natural,cifar7_derma_strict,test,1858,5,5,-8.496333,20.630705
natural,cifar7_derma_strict,test,1859,5,5,-12.309794,10.752354
natural,cifar7_derma_strict,test,1860,5,5,14.225426,12.673006
natural,cifar7_derma_strict,test,1861,2,5,19.243473,-17.306273
natural,cifar7_derma_strict,test,1862,2,5,15.360369,-9.968401
natural,cifar7_derma_strict,test,1863,1,5,-51.987114,-4.453396
natural,cifar7_derma_strict,test,1864,5,5,34.755047,-27.187468
natural,cifar7_derma_strict,test,1865,0,5,-19.273300,-14.683502
natural,cifar7_derma_strict,test,1866,5,5,27.505796,8.757513
natural,cifar7_derma_strict,test,1867,5,5,21.572628,-20.388317
natural,cifar7_derma_strict,test,1868,5,5,-18.455318,13.193418
natural,cifar7_derma_strict,test,1869,5,5,6.681856,3.670108
natural,cifar7_derma_strict,test,1870,1,5,-50.325397,-9.059802
natural,cifar7_derma_strict,test,1871,5,5,3.328827,-16.508474
natural,cifar7_derma_strict,test,1872,5,5,21.297340,34.410263
natural,cifar7_derma_strict,test,1873,5,5,-23.141628,23.359095
natural,cifar7_derma_strict,test,1874,2,5,29.609175,-18.946051
natural,cifar7_derma_strict,test,1875,2,5,-16.240406,-10.729117
natural,cifar7_derma_strict,test,1876,5,5,39.246506,-18.651917
natural,cifar7_derma_strict,test,1877,5,5,42.144203,-19.242161
natural,cifar7_derma_strict,test,1878,4,4,-41.301754,-20.516348
natural,cifar7_derma_strict,test,1879,5,5,33.676712,-10.363183
natural,cifar7_derma_strict,test,1880,5,5,37.251106,15.714008
natural,cifar7_derma_strict,test,1881,2,5,-21.086319,-23.571152
natural,cifar7_derma_strict,test,1882,4,5,-19.212305,-25.081110
natural,cifar7_derma_strict,test,1883,5,5,8.527444,10.486974
natural,cifar7_derma_strict,test,1884,4,5,-25.361082,-5.071022
natural,cifar7_derma_strict,test,1885,5,5,-32.662304,3.685248
natural,cifar7_derma_strict,test,1886,5,5,25.893549,11.002082
natural,cifar7_derma_strict,test,1887,3,5,24.675747,-37.363869
natural,cifar7_derma_strict,test,1888,2,5,-13.646125,21.467833
natural,cifar7_derma_strict,test,1889,5,5,-22.396996,41.044346
natural,cifar7_derma_strict,test,1890,2,4,15.995494,-37.636600
natural,cifar7_derma_strict,test,1891,4,5,27.957357,-29.355223
natural,cifar7_derma_strict,test,1892,5,5,3.749317,-5.028020
natural,cifar7_derma_strict,test,1893,5,5,32.341789,-10.494844
natural,cifar7_derma_strict,test,1894,5,5,12.301071,-7.085358
natural,cifar7_derma_strict,test,1895,5,5,36.315849,10.889670
natural,cifar7_derma_strict,test,1896,5,5,-25.793226,-12.601572
natural,cifar7_derma_strict,test,1897,5,5,-9.027086,44.129284
natural,cifar7_derma_strict,test,1898,5,5,-28.542238,28.093994
natural,cifar7_derma_strict,test,1899,5,5,14.062984,27.159739
natural,cifar7_derma_strict,test,1900,5,5,1.457687,0.577489
natural,cifar7_derma_strict,test,1901,5,5,21.071398,36.186974
natural,cifar7_derma_strict,test,1902,5,5,12.131375,29.592810
natural,cifar7_derma_strict,test,1903,5,4,-14.612398,-26.271755
natural,cifar7_derma_strict,test,1904,5,5,-24.313948,31.412973
natural,cifar7_derma_strict,test,1905,4,4,-12.523415,-27.170160
natural,cifar7_derma_strict,test,1906,5,5,1.013295,6.154983
natural,cifar7_derma_strict,test,1907,5,5,3.749317,-5.028020
natural,cifar7_derma_strict,test,1908,5,5,21.610365,32.882881
natural,cifar7_derma_strict,test,1909,4,5,-38.340309,-21.482319
natural,cifar7_derma_strict,test,1910,5,5,-23.958418,3.284463
natural,cifar7_derma_strict,test,1911,5,5,-7.563818,43.481647
natural,cifar7_derma_strict,test,1912,4,5,10.365188,-15.009333
natural,cifar7_derma_strict,test,1913,5,5,8.981905,29.778271
natural,cifar7_derma_strict,test,1914,5,5,-29.769295,33.846256
natural,cifar7_derma_strict,test,1915,5,5,13.018243,38.805283
natural,cifar7_derma_strict,test,1916,5,5,30.020683,5.250345
natural,cifar7_derma_strict,test,1917,3,5,4.718588,-22.664869
natural,cifar7_derma_strict,test,1918,5,5,14.758513,19.773148
natural,cifar7_derma_strict,test,1919,5,5,40.966278,7.659325
natural,cifar7_derma_strict,test,1920,5,5,-19.284128,28.617393
natural,cifar7_derma_strict,test,1921,4,4,-33.330120,-24.898024
natural,cifar7_derma_strict,test,1922,4,4,-16.703205,-27.540962
natural,cifar7_derma_strict,test,1923,5,5,13.502972,18.959749
natural,cifar7_derma_strict,test,1924,5,5,-26.966223,33.261139
natural,cifar7_derma_strict,test,1925,5,5,11.678081,13.599522
natural,cifar7_derma_strict,test,1926,5,5,11.264768,26.545998
natural,cifar7_derma_strict,test,1927,5,5,25.641369,-25.675114
natural,cifar7_derma_strict,test,1928,5,5,24.692719,-19.663055
natural,cifar7_derma_strict,test,1929,5,5,-37.630821,-0.576088
natural,cifar7_derma_strict,test,1930,5,5,34.524776,-31.051804
natural,cifar7_derma_strict,test,1931,1,5,-51.421764,-13.291940
natural,cifar7_derma_strict,test,1932,2,5,15.410647,-35.887009
natural,cifar7_derma_strict,test,1933,4,5,6.270483,-19.159838
natural,cifar7_derma_strict,test,1934,2,5,12.532796,-17.508757
natural,cifar7_derma_strict,test,1935,4,5,29.330643,-30.870436
natural,cifar7_derma_strict,test,1936,5,5,-2.853526,-3.667000
natural,cifar7_derma_strict,test,1937,5,5,39.227985,15.067265
natural,cifar7_derma_strict,test,1938,5,5,26.152920,34.434055
natural,cifar7_derma_strict,test,1939,5,5,1.571473,44.656033
natural,cifar7_derma_strict,test,1940,4,4,1.080894,-30.235453
natural,cifar7_derma_strict,test,1941,5,5,34.202286,19.615339
natural,cifar7_derma_strict,test,1942,5,5,4.953338,22.509916
natural,cifar7_derma_strict,test,1943,5,5,37.086044,17.777107
natural,cifar7_derma_strict,test,1944,5,5,35.770237,20.856531
natural,cifar7_derma_strict,test,1945,5,5,40.311821,12.658329
natural,cifar7_derma_strict,test,1946,4,4,-25.818716,-25.047609
natural,cifar7_derma_strict,test,1947,5,5,-40.632973,-19.305983
natural,cifar7_derma_strict,test,1948,5,5,-8.243525,38.133583
natural,cifar7_derma_strict,test,1949,5,5,-6.630751,-6.807852
natural,cifar7_derma_strict,test,1950,4,4,-15.718543,-23.610037
natural,cifar7_derma_strict,test,1951,5,5,-19.284128,28.617393
natural,cifar7_derma_strict,test,1952,5,5,-35.757954,-0.040674
natural,cifar7_derma_strict,test,1953,0,5,-23.913874,-12.106959
natural,cifar7_derma_strict,test,1954,5,5,5.725289,35.961266
natural,cifar7_derma_strict,test,1955,5,5,-21.074673,22.930050
natural,cifar7_derma_strict,test,1956,5,5,45.290581,9.496979
natural,cifar7_derma_strict,test,1957,5,5,-2.315603,14.888520
natural,cifar7_derma_strict,test,1958,5,5,8.038233,-6.579197
natural,cifar7_derma_strict,test,1959,5,5,-26.133625,36.267574
natural,cifar7_derma_strict,test,1960,5,5,-0.725368,11.655811
natural,cifar7_derma_strict,test,1961,4,5,36.455338,-30.483597
natural,cifar7_derma_strict,test,1962,3,5,-23.553860,-7.024823
natural,cifar7_derma_strict,test,1963,5,5,-19.455730,25.480953
natural,cifar7_derma_strict,test,1964,1,5,-58.286846,-12.064050
natural,cifar7_derma_strict,test,1965,4,4,7.211351,-29.945316
natural,cifar7_derma_strict,test,1966,5,5,-1.251065,-6.613883
natural,cifar7_derma_strict,test,1967,5,4,19.284237,-34.815090
natural,cifar7_derma_strict,test,1968,0,5,-47.309288,-10.909507
natural,cifar7_derma_strict,test,1969,3,5,-37.874336,1.617926
natural,cifar7_derma_strict,test,1970,4,5,-9.792343,-27.796753
natural,cifar7_derma_strict,test,1971,5,5,-12.306476,19.233873
natural,cifar7_derma_strict,test,1972,2,5,19.546740,-27.699688
natural,cifar7_derma_strict,test,1973,6,4,-38.365372,-22.974356
natural,cifar7_derma_strict,test,1974,5,5,-21.074673,22.930050
natural,cifar7_derma_strict,test,1975,5,5,26.010866,15.679222
natural,cifar7_derma_strict,test,1976,5,5,35.829208,-19.282959
natural,cifar7_derma_strict,test,1977,5,5,31.587751,-24.324739
natural,cifar7_derma_strict,test,1978,5,5,12.071823,14.043184
natural,cifar7_derma_strict,test,1979,4,5,-12.108140,-28.379877
natural,cifar7_derma_strict,test,1980,5,5,-4.786796,-5.492742
natural,cifar7_derma_strict,test,1981,5,5,-20.253481,6.032826
natural,cifar7_derma_strict,test,1982,4,5,33.611034,-34.064201
natural,cifar7_derma_strict,test,1983,4,5,22.124043,-32.259216
natural,cifar7_derma_strict,test,1984,5,5,26.677423,12.569253
natural,cifar7_derma_strict,test,1985,5,5,4.794509,12.152758
natural,cifar7_derma_strict,test,1986,5,5,3.715821,36.906002
natural,cifar7_derma_strict,test,1987,5,5,3.497435,-25.668102
natural,cifar7_derma_strict,test,1988,5,5,-8.508267,7.667653
natural,cifar7_derma_strict,test,1989,5,5,42.458332,-20.595539
natural,cifar7_derma_strict,test,1990,2,5,-3.994827,-19.396860
natural,cifar7_derma_strict,test,1991,5,5,-10.193063,15.678360
natural,cifar7_derma_strict,test,1992,5,5,1.920527,23.925043
natural,cifar7_derma_strict,test,1993,5,5,-29.515434,29.721018
natural,cifar7_derma_strict,test,1994,5,5,-3.985454,1.508787
natural,cifar7_derma_strict,test,1995,5,5,20.216520,34.315327
natural,cifar7_derma_strict,test,1996,5,5,15.649474,6.974283
natural,cifar7_derma_strict,test,1997,4,4,-37.012985,-23.896059
natural,cifar7_derma_strict,test,1998,3,5,-0.251239,39.192055
natural,cifar7_derma_strict,test,1999,5,5,-9.830194,43.202461
natural,cifar7_derma_strict,test,2000,5,5,35.550743,27.840031
natural,cifar7_derma_strict,test,2001,0,5,-56.638851,-16.160002
natural,cifar7_derma_strict,test,2002,5,5,-3.020142,26.819672
natural,cifar7_derma_strict,test,2003,5,5,2.657334,16.256765
natural,cifar7_derma_strict,test,2004,5,5,-8.243525,38.133583
