task_type,dataset,model,clip_model,num_clients,beta,seed,selected_candidate,client_index,client_name,seen_classes,prior_weight_pi,diagnostic_weight_alpha_all,medical_weight_alpha_morph,acc_A,medical_acc_M,hard_acc_H,margin_Q,focal_acc_F
small,bloodmnist_224,convnext,,3,0.0,42,avg,0,client_0.pt,3 7 5,0.33333333,0.14729038,0.11592712,0.00000000,0.00000000,0.00000000,0.08789053,0.00000000
small,bloodmnist_224,convnext,,3,0.0,42,avg,1,client_1.pt,4 6 0,0.33333333,0.49066511,0.50533324,0.31250000,0.29701259,0.28571430,0.25481257,0.13702026
small,bloodmnist_224,convnext,,3,0.0,42,avg,2,client_2.pt,2 1,0.33333333,0.36204451,0.37873968,0.18750000,0.18243525,0.28571430,0.17108924,0.06531939
small,bloodmnist_224,convnext,,3,0.01,42,avg,0,client_0.pt,6 7,0.33333333,0.39997232,0.37262532,0.18750000,0.15959905,0.00000000,0.15959952,0.03659186
small,bloodmnist_224,convnext,,3,0.01,42,avg,1,client_1.pt,1 4 5,0.33333333,0.24338458,0.22860111,0.06250000,0.06076554,0.00000000,0.06118840,0.01280192
small,bloodmnist_224,convnext,,3,0.01,42,avg,2,client_2.pt,0 2 3 5,0.33333333,0.35664311,0.39877361,0.12500000,0.13001344,0.14285715,0.12129378,0.07408467
small,bloodmnist_224,convnext,,3,0.1,42,morphology,0,client_0.pt,0 2 3 4 5 6 7,0.33333333,0.27992994,0.25533578,0.18750000,0.15959905,0.00000000,0.15944929,0.03664251
small,bloodmnist_224,convnext,,3,0.1,42,morphology,1,client_1.pt,0 1 3 4 5 6,0.33333333,0.44012013,0.48931789,0.31250000,0.29701259,0.28571430,0.28730604,0.16107747
small,bloodmnist_224,convnext,,3,0.1,42,morphology,2,client_2.pt,0 3 7,0.33333333,0.27994993,0.25534624,0.18750000,0.15959905,0.00000000,0.15959288,0.03659207
small,bloodmnist_224,convnext,,5,0.0,42,morphology,0,client_0.pt,3 1,0.20000000,0.21567082,0.23597620,0.18750000,0.18243525,0.28571430,0.11269497,0.08549477
small,bloodmnist_224,convnext,,5,0.0,42,morphology,1,client_1.pt,4 5,0.20000000,0.11849761,0.10423532,0.06250000,0.06076554,0.00000000,0.06077407,0.01277544
small,bloodmnist_224,convnext,,5,0.0,42,morphology,2,client_2.pt,2 0,0.20000000,0.17083989,0.17587042,0.12500000,0.13001344,0.14285715,0.12998140,0.02903204
small,bloodmnist_224,convnext,,5,0.0,42,morphology,3,client_3.pt,7,0.20000000,0.19482706,0.16998194,0.18750000,0.15959905,0.00000000,0.15959905,0.03659183
small,bloodmnist_224,convnext,,5,0.0,42,morphology,4,client_4.pt,6,0.20000000,0.30016458,0.31393608,0.31250000,0.29701259,0.28571430,0.29701256,0.07791620
small,bloodmnist_224,convnext,,5,0.01,42,morphology,0,client_0.pt,3 4,0.20000000,0.13446090,0.11831555,0.06250000,0.06076554,0.00000000,0.05965197,0.01300427
small,bloodmnist_224,convnext,,5,0.01,42,morphology,1,client_1.pt,4 5 6,0.20000000,0.15063225,0.16094694,0.06250000,0.07822976,0.14285715,0.08020716,0.01692066
small,bloodmnist_224,convnext,,5,0.01,42,morphology,2,client_2.pt,0,0.20000000,0.15263432,0.17101449,0.06250000,0.09194430,0.14285715,0.09194430,0.01984885
small,bloodmnist_224,convnext,,5,0.01,42,morphology,3,client_3.pt,6,0.20000000,0.34095600,0.35661620,0.31250000,0.29701259,0.28571430,0.29701250,0.07791621
small,bloodmnist_224,convnext,,5,0.01,42,morphology,4,client_4.pt,1 2 7,0.20000000,0.22131652,0.19310680,0.18750000,0.15959905,0.00000000,0.15965123,0.03664600
small,bloodmnist_224,convnext,,5,0.1,42,morphology,0,client_0.pt,0 1 3 4 5 7,0.20000000,0.12976034,0.10964563,0.06250000,0.06076554,0.00000000,0.09446942,0.02120963
small,bloodmnist_224,convnext,,5,0.1,42,morphology,1,client_1.pt,0 1 2 5 6 7,0.20000000,0.32285908,0.33078167,0.31250000,0.29701259,0.28571430,0.27819201,0.18708012
small,bloodmnist_224,convnext,,5,0.1,42,morphology,2,client_2.pt,0 1 2 5,0.20000000,0.14007321,0.14365830,0.06250000,0.07822976,0.14285715,0.08206530,0.02291470
small,bloodmnist_224,convnext,,5,0.1,42,morphology,3,client_3.pt,2 6,0.20000000,0.17954852,0.17704657,0.12500000,0.13001344,0.14285715,0.13089515,0.02917115
small,bloodmnist_224,convnext,,5,0.1,42,morphology,4,client_4.pt,1 2 3 4 7,0.20000000,0.22775887,0.23886794,0.18750000,0.18243525,0.28571430,0.11796919,0.09147059
small,bloodmnist_224,convnext,,7,0.0,42,morphology,0,client_0.pt,3 0,0.14285714,0.06753302,0.05538971,0.00000000,0.00000000,0.00000000,0.02795458,0.00000000
small,bloodmnist_224,convnext,,7,0.0,42,morphology,1,client_1.pt,4,0.14285714,0.09713943,0.08621631,0.06250000,0.06076554,0.00000000,0.06076554,0.01277409
small,bloodmnist_224,convnext,,7,0.0,42,morphology,2,client_2.pt,2,0.14285714,0.14005189,0.14547114,0.12500000,0.13001344,0.14285715,0.13001728,0.02902140
small,bloodmnist_224,convnext,,7,0.0,42,morphology,3,client_3.pt,7,0.14285714,0.15971278,0.14059885,0.18750000,0.15959905,0.00000000,0.15959905,0.03659183
small,bloodmnist_224,convnext,,7,0.0,42,morphology,4,client_4.pt,6,0.14285714,0.24606498,0.25966910,0.31250000,0.29701259,0.28571430,0.29701253,0.07791620
small,bloodmnist_224,convnext,,7,0.0,42,morphology,5,client_5.pt,1,0.14285714,0.18101220,0.19565883,0.18750000,0.18243525,0.28571430,0.18243528,0.04272230
small,bloodmnist_224,convnext,,7,0.0,42,morphology,6,client_6.pt,5,0.14285714,0.10848568,0.11699603,0.06250000,0.07822976,0.14285715,0.07822978,0.01669051
small,bloodmnist_224,convnext,,7,0.01,42,avg,0,client_0.pt,5,0.14285714,0.08043263,0.08330093,0.06250000,0.07822976,0.14285715,0.07822986,0.01669051
small,bloodmnist_224,convnext,,7,0.01,42,avg,1,client_1.pt,4 7,0.14285714,0.14190657,0.14809296,0.18750000,0.18243525,0.28571430,0.24155600,0.10026829
small,bloodmnist_224,convnext,,7,0.01,42,avg,2,client_2.pt,4,0.14285714,0.19055447,0.19516706,0.31250000,0.29701259,0.28571430,0.34481128,0.15955501
small,bloodmnist_224,convnext,,7,0.01,42,avg,3,client_3.pt,6,0.14285714,0.18243562,0.18488383,0.31250000,0.29701259,0.28571430,0.29701259,0.07791620
small,bloodmnist_224,convnext,,7,0.01,42,avg,4,client_4.pt,2 3 5,0.14285714,0.10383589,0.10357489,0.12500000,0.13001344,0.14285715,0.13001344,0.02902121
small,bloodmnist_224,convnext,,7,0.01,42,avg,5,client_5.pt,1 4 7,0.14285714,0.11841328,0.10010631,0.18750000,0.15959905,0.00000000,0.15960168,0.03659264
small,bloodmnist_224,convnext,,7,0.01,42,avg,6,client_6.pt,0 3 6,0.14285714,0.18242154,0.18487404,0.31250000,0.29701259,0.28571430,0.29681551,0.07793970
small,bloodmnist_224,convnext,,7,0.1,42,morphology,0,client_0.pt,0 2 6,0.14285714,0.21017492,0.21929915,0.31250000,0.29701259,0.28571430,0.29675450,0.07800912
small,bloodmnist_224,convnext,,7,0.1,42,morphology,1,client_1.pt,0 1 2 3 5 7,0.14285714,0.13642593,0.11874839,0.18750000,0.15959905,0.00000000,0.15949520,0.03669262
small,bloodmnist_224,convnext,,7,0.1,42,morphology,2,client_2.pt,0 2 5 7,0.14285714,0.11963440,0.12285998,0.12500000,0.13001344,0.14285715,0.13001759,0.02902149
small,bloodmnist_224,convnext,,7,0.1,42,morphology,3,client_3.pt,2 3 4 5 6,0.14285714,0.12111150,0.12973218,0.06250000,0.09194430,0.14285715,0.35758810,0.07132495
small,bloodmnist_224,convnext,,7,0.1,42,morphology,4,client_4.pt,1 4 6 7,0.14285714,0.13582160,0.12019720,0.18750000,0.15959905,0.00000000,0.12964541,0.07007417
small,bloodmnist_224,convnext,,7,0.1,42,morphology,5,client_5.pt,0 1 3 5 6 7,0.14285714,0.11851579,0.11770339,0.12500000,0.11850274,0.14285715,0.11797858,0.02839206
small,bloodmnist_224,convnext,,7,0.1,42,morphology,6,client_6.pt,0 1 5 6 7,0.14285714,0.15831588,0.17145962,0.18750000,0.18243525,0.28571430,0.18458303,0.09910282
small,bloodmnist_224,resnet,,3,0.0,42,consensus,0,client_0.pt,3 7 5,0.33333333,0.32403407,0.31694657,0.25000000,0.23782882,0.14285715,0.21073467,0.07642422
small,bloodmnist_224,resnet,,3,0.0,42,consensus,1,client_1.pt,4 6 0,0.33333333,0.44895464,0.45611399,0.37500000,0.35777815,0.28571430,0.36602204,0.10457988
small,bloodmnist_224,resnet,,3,0.0,42,consensus,2,client_2.pt,2 1,0.33333333,0.22701122,0.22693941,0.12500000,0.13001344,0.14285715,0.14648281,0.02961346
small,bloodmnist_224,resnet,,3,0.01,42,consensus,0,client_0.pt,6 7,0.33333333,0.50723451,0.48786390,0.50000000,0.45661164,0.28571430,0.44975997,0.14666480
small,bloodmnist_224,resnet,,3,0.01,42,consensus,1,client_1.pt,1 4 5,0.33333333,0.22255485,0.22004773,0.12500000,0.13899530,0.14285715,0.22395768,0.03580430
small,bloodmnist_224,resnet,,3,0.01,42,consensus,2,client_2.pt,0 2 3 5,0.33333333,0.27021062,0.29208836,0.18750000,0.20824320,0.28571430,0.17917840,0.06944730
small,bloodmnist_224,resnet,,3,0.1,42,consensus,0,client_0.pt,0 2 3 4 5 6 7,0.33333333,0.41442969,0.39787549,0.25000000,0.21557095,0.00000000,0.22918770,0.05405998
small,bloodmnist_224,resnet,,3,0.1,42,consensus,1,client_1.pt,0 1 3 4 5 6,0.33333333,0.24312235,0.27849966,0.06250000,0.07822976,0.14285715,0.12560862,0.01763438
small,bloodmnist_224,resnet,,3,0.1,42,consensus,2,client_2.pt,0 3 7,0.33333333,0.34244797,0.32362488,0.18750000,0.15959905,0.00000000,0.16140700,0.03667459
small,bloodmnist_224,resnet,,5,0.0,42,avg,0,client_0.pt,3 1,0.20000000,0.09477932,0.07820244,0.00000000,0.00000000,0.00000000,0.04087862,0.00000000
small,bloodmnist_224,resnet,,5,0.0,42,avg,1,client_1.pt,4 5,0.20000000,0.15111941,0.16351482,0.06250000,0.07822976,0.14285715,0.09095981,0.01693980
small,bloodmnist_224,resnet,,5,0.0,42,avg,2,client_2.pt,2 0,0.20000000,0.19340195,0.20200039,0.12500000,0.13001344,0.14285715,0.13484059,0.02922327
small,bloodmnist_224,resnet,,5,0.0,42,avg,3,client_3.pt,7,0.20000000,0.21991506,0.19480480,0.18750000,0.15959905,0.00000000,0.16080756,0.03664834
small,bloodmnist_224,resnet,,5,0.0,42,avg,4,client_4.pt,6,0.20000000,0.34078425,0.36147746,0.31250000,0.29701259,0.28571430,0.31145068,0.07951374
small,bloodmnist_224,resnet,,5,0.01,42,morphology,0,client_0.pt,3 4,0.20000000,0.07238650,0.05612148,0.00000000,0.00000000,0.00000000,0.02442906,0.00000000
small,bloodmnist_224,resnet,,5,0.01,42,morphology,1,client_1.pt,4 5 6,0.20000000,0.28371844,0.30865726,0.31250000,0.32572802,0.42857143,0.34040799,0.12464638
small,bloodmnist_224,resnet,,5,0.01,42,morphology,2,client_2.pt,0,0.20000000,0.12236007,0.12969632,0.06250000,0.09194430,0.14285715,0.12346753,0.02076237
small,bloodmnist_224,resnet,,5,0.01,42,morphology,3,client_3.pt,6,0.20000000,0.26633260,0.26546374,0.31250000,0.29701259,0.28571430,0.30628037,0.07895683
small,bloodmnist_224,resnet,,5,0.01,42,morphology,4,client_4.pt,1 2 7,0.20000000,0.25520247,0.24006122,0.31250000,0.28961250,0.14285715,0.29201221,0.08444982
small,bloodmnist_224,resnet,,5,0.1,42,specialist_client,0,client_0.pt,0 1 3 4 5 7,0.20000000,0.19818753,0.18875322,0.31250000,0.29859435,0.14285715,0.34861966,0.12625432
small,bloodmnist_224,resnet,,5,0.1,42,specialist_client,1,client_1.pt,0 1 2 5 6 7,0.20000000,0.28525984,0.29504207,0.50000000,0.48532707,0.42857143,0.42131198,0.21138972
small,bloodmnist_224,resnet,,5,0.1,42,specialist_client,2,client_2.pt,0 1 2 5,0.20000000,0.14957064,0.15975134,0.18750000,0.20824320,0.28571430,0.21662473,0.05479293
small,bloodmnist_224,resnet,,5,0.1,42,specialist_client,3,client_3.pt,2 6,0.20000000,0.26061070,0.26853988,0.43750000,0.42702604,0.42857143,0.42507715,0.13256926
small,bloodmnist_224,resnet,,5,0.1,42,specialist_client,4,client_4.pt,1 2 3 4 7,0.20000000,0.10637125,0.08791346,0.12500000,0.10818805,0.00000000,0.13390127,0.03833425
small,bloodmnist_224,resnet,,7,0.0,42,consensus,0,client_0.pt,3 0,0.14285714,0.06412604,0.05271665,0.00000000,0.00000000,0.00000000,0.00313776,0.00000000
small,bloodmnist_224,resnet,,7,0.0,42,consensus,1,client_1.pt,4,0.14285714,0.10039657,0.08894997,0.06250000,0.06076554,0.00000000,0.10329778,0.01343304
small,bloodmnist_224,resnet,,7,0.0,42,consensus,2,client_2.pt,2,0.14285714,0.14071181,0.14593008,0.12500000,0.13001344,0.14285715,0.15230231,0.03012520
small,bloodmnist_224,resnet,,7,0.0,42,consensus,3,client_3.pt,7,0.14285714,0.15780032,0.13915126,0.18750000,0.15959905,0.00000000,0.16015695,0.03662328
small,bloodmnist_224,resnet,,7,0.0,42,consensus,4,client_4.pt,6,0.14285714,0.24490502,0.25855097,0.31250000,0.29701259,0.28571430,0.31382956,0.07980531
small,bloodmnist_224,resnet,,7,0.0,42,consensus,5,client_5.pt,1,0.14285714,0.17972077,0.19464092,0.18750000,0.18243525,0.28571430,0.18844853,0.04719124
small,bloodmnist_224,resnet,,7,0.0,42,consensus,6,client_6.pt,5,0.14285714,0.11233950,0.12006019,0.06250000,0.07822976,0.14285715,0.12723511,0.01826496
small,bloodmnist_224,resnet,,7,0.01,42,consensus,0,client_0.pt,5,0.14285714,0.10039659,0.10934111,0.06250000,0.07822976,0.14285715,0.09015363,0.01693856
small,bloodmnist_224,resnet,,7,0.01,42,consensus,1,client_1.pt,4 7,0.14285714,0.14753810,0.13147666,0.18750000,0.15959905,0.00000000,0.17402048,0.03748223
small,bloodmnist_224,resnet,,7,0.01,42,consensus,2,client_2.pt,4,0.14285714,0.11237457,0.10012470,0.06250000,0.06076554,0.00000000,0.29461353,0.02877526
small,bloodmnist_224,resnet,,7,0.01,42,consensus,3,client_3.pt,6,0.14285714,0.22754310,0.24271859,0.31250000,0.29701259,0.28571430,0.32076909,0.08060622
small,bloodmnist_224,resnet,,7,0.01,42,consensus,4,client_4.pt,2 3 5,0.14285714,0.09130300,0.07990234,0.06250000,0.05597189,0.00000000,0.08660093,0.01226048
small,bloodmnist_224,resnet,,7,0.01,42,consensus,5,client_5.pt,1 4 7,0.14285714,0.17650051,0.16256408,0.25000000,0.22036460,0.00000000,0.21557957,0.06590894
small,bloodmnist_224,resnet,,7,0.01,42,consensus,6,client_6.pt,0 3 6,0.14285714,0.14434402,0.17387255,0.12500000,0.15600216,0.28571430,0.18245382,0.07050643
small,bloodmnist_224,resnet,,7,0.1,42,specialist_client,0,client_0.pt,0 2 6,0.14285714,0.08323861,0.08123535,0.12500000,0.13001344,0.14285715,0.13478929,0.02920244
small,bloodmnist_224,resnet,,7,0.1,42,specialist_client,1,client_1.pt,0 1 2 3 5 7,0.14285714,0.13985693,0.13201174,0.31250000,0.29380071,0.14285715,0.28507539,0.08609587
small,bloodmnist_224,resnet,,7,0.1,42,specialist_client,2,client_2.pt,0 2 5 7,0.14285714,0.16534422,0.16689913,0.37500000,0.36784224,0.28571430,0.34326803,0.12008190
small,bloodmnist_224,resnet,,7,0.1,42,specialist_client,3,client_3.pt,2 3 4 5 6,0.14285714,0.10927746,0.11801928,0.18750000,0.20824320,0.28571430,0.19344106,0.07534161
small,bloodmnist_224,resnet,,7,0.1,42,specialist_client,4,client_4.pt,1 4 6 7,0.14285714,0.13776051,0.12583236,0.31250000,0.27317127,0.14285715,0.24395976,0.09677032
small,bloodmnist_224,resnet,,7,0.1,42,specialist_client,5,client_5.pt,0 1 3 5 6 7,0.14285714,0.14444970,0.13979824,0.31250000,0.30645888,0.14285715,0.33659049,0.11840717
small,bloodmnist_224,resnet,,7,0.1,42,specialist_client,6,client_6.pt,0 1 5 6 7,0.14285714,0.22007261,0.23620383,0.50000000,0.49332598,0.57142860,0.48105601,0.24436499
small,bloodmnist_224,swin_tiny,,3,0.0,42,prototype_head,0,client_0.pt,3 7 5,0.33333333,0.27219519,0.23592724,0.18750000,0.15959905,0.00000000,0.15959905,0.03659183
small,bloodmnist_224,swin_tiny,,3,0.0,42,prototype_head,1,client_1.pt,4 6 0,0.33333333,0.41936344,0.43572909,0.31250000,0.29701259,0.28571430,0.29701259,0.07791620
small,bloodmnist_224,swin_tiny,,3,0.0,42,prototype_head,2,client_2.pt,2 1,0.33333333,0.30844134,0.32834369,0.18750000,0.18243525,0.28571430,0.18172469,0.04331261
small,bloodmnist_224,swin_tiny,,3,0.01,42,morph_anchor,0,client_0.pt,6 7,0.33333333,0.39611885,0.37229624,0.18750000,0.15959905,0.00000000,0.15959926,0.03659185
small,bloodmnist_224,swin_tiny,,3,0.01,42,morph_anchor,1,client_1.pt,1 4 5,0.33333333,0.24121140,0.22859336,0.06250000,0.06076554,0.00000000,0.06167185,0.01305563
small,bloodmnist_224,swin_tiny,,3,0.01,42,morph_anchor,2,client_2.pt,0 2 3 5,0.33333333,0.36266983,0.39911038,0.12500000,0.13001344,0.14285715,0.18616418,0.03288213
small,bloodmnist_224,swin_tiny,,3,0.1,42,specialist_client,0,client_0.pt,0 2 3 4 5 6 7,0.33333333,0.27888250,0.25309858,0.18750000,0.15959905,0.00000000,0.15917755,0.03717079
small,bloodmnist_224,swin_tiny,,3,0.1,42,specialist_client,1,client_1.pt,0 1 3 4 5 6,0.33333333,0.44223121,0.49387106,0.31250000,0.29701259,0.28571430,0.27516362,0.20844303
small,bloodmnist_224,swin_tiny,,3,0.1,42,specialist_client,2,client_2.pt,0 3 7,0.33333333,0.27888629,0.25303036,0.18750000,0.15959905,0.00000000,0.15959908,0.03659183
small,bloodmnist_224,swin_tiny,,5,0.0,42,prototype_head,0,client_0.pt,3 1,0.20000000,0.21959861,0.23635538,0.18750000,0.18243525,0.28571430,0.18159407,0.04284052
small,bloodmnist_224,swin_tiny,,5,0.0,42,prototype_head,1,client_1.pt,4 5,0.20000000,0.11792577,0.10420319,0.06250000,0.06076554,0.00000000,0.06096045,0.01280099
small,bloodmnist_224,swin_tiny,,5,0.0,42,prototype_head,2,client_2.pt,2 0,0.20000000,0.16998126,0.17577948,0.12500000,0.13001344,0.14285715,0.13001139,0.02902590
small,bloodmnist_224,swin_tiny,,5,0.0,42,prototype_head,3,client_3.pt,7,0.20000000,0.19384412,0.16989198,0.18750000,0.15959905,0.00000000,0.15959905,0.03659183
small,bloodmnist_224,swin_tiny,,5,0.0,42,prototype_head,4,client_4.pt,6,0.20000000,0.29865021,0.31376994,0.31250000,0.29701259,0.28571430,0.29701259,0.07791620
small,bloodmnist_224,swin_tiny,,5,0.01,42,prototype_head,0,client_0.pt,3 4,0.20000000,0.07708698,0.05994521,0.00000000,0.00000000,0.00000000,0.01459786,0.00000000
small,bloodmnist_224,swin_tiny,,5,0.01,42,prototype_head,1,client_1.pt,4 5 6,0.20000000,0.28683060,0.28689378,0.31250000,0.29701259,0.28571430,0.29700860,0.07791660
small,bloodmnist_224,swin_tiny,,5,0.01,42,prototype_head,2,client_2.pt,0,0.20000000,0.12840442,0.13757941,0.06250000,0.09194430,0.14285715,0.09194430,0.01984885
small,bloodmnist_224,swin_tiny,,5,0.01,42,prototype_head,3,client_3.pt,6,0.20000000,0.28683105,0.28689411,0.31250000,0.29701259,0.28571430,0.29701259,0.07791620
small,bloodmnist_224,swin_tiny,,5,0.01,42,prototype_head,4,client_4.pt,1 2 7,0.20000000,0.22084689,0.22868747,0.18750000,0.18243525,0.28571430,0.21741733,0.10842041
small,bloodmnist_224,swin_tiny,,5,0.1,42,prototype_head,0,client_0.pt,0 1 3 4 5 7,0.20000000,0.19533668,0.17101254,0.18750000,0.15959905,0.00000000,0.15533664,0.03875195
small,bloodmnist_224,swin_tiny,,5,0.1,42,prototype_head,1,client_1.pt,0 1 2 5 6 7,0.20000000,0.30768839,0.32901722,0.31250000,0.29701259,0.28571430,0.27860859,0.17401907
small,bloodmnist_224,swin_tiny,,5,0.1,42,prototype_head,2,client_2.pt,0 1 2 5,0.20000000,0.10129659,0.08230276,0.00000000,0.00000000,0.00000000,0.17217598,0.00000000
small,bloodmnist_224,swin_tiny,,5,0.1,42,prototype_head,3,client_3.pt,2 6,0.20000000,0.17332219,0.17872401,0.12500000,0.13001344,0.14285715,0.14093283,0.03256699
small,bloodmnist_224,swin_tiny,,5,0.1,42,prototype_head,4,client_4.pt,1 2 3 4 7,0.20000000,0.22235610,0.23894346,0.18750000,0.18243525,0.28571430,0.18384906,0.04703448
small,bloodmnist_224,swin_tiny,,7,0.0,42,prototype_head,0,client_0.pt,3 0,0.14285714,0.06850912,0.05618894,0.00000000,0.00000000,0.00000000,0.03793682,0.00000000
small,bloodmnist_224,swin_tiny,,7,0.0,42,prototype_head,1,client_1.pt,4,0.14285714,0.09703778,0.08614340,0.06250000,0.06076554,0.00000000,0.06076554,0.01277409
small,bloodmnist_224,swin_tiny,,7,0.0,42,prototype_head,2,client_2.pt,2,0.14285714,0.13990493,0.14534777,0.12500000,0.13001344,0.14285715,0.13001344,0.02902121
small,bloodmnist_224,swin_tiny,,7,0.0,42,prototype_head,3,client_3.pt,7,0.14285714,0.15954566,0.14047995,0.18750000,0.15959905,0.00000000,0.15959905,0.03659183
small,bloodmnist_224,swin_tiny,,7,0.0,42,prototype_head,4,client_4.pt,6,0.14285714,0.24580751,0.25944951,0.31250000,0.29701259,0.28571430,0.29701259,0.07791620
small,bloodmnist_224,swin_tiny,,7,0.0,42,prototype_head,5,client_5.pt,1,0.14285714,0.18082280,0.19549336,0.18750000,0.18243525,0.28571430,0.18243525,0.04272229
small,bloodmnist_224,swin_tiny,,7,0.0,42,prototype_head,6,client_6.pt,5,0.14285714,0.10837217,0.11689710,0.06250000,0.07822976,0.14285715,0.07822976,0.01669051
small,bloodmnist_224,swin_tiny,,7,0.01,42,prototype_head,0,client_0.pt,5,0.14285714,0.09863000,0.10610210,0.06250000,0.07822976,0.14285715,0.07822976,0.01669051
small,bloodmnist_224,swin_tiny,,7,0.01,42,prototype_head,1,client_1.pt,4 7,0.14285714,0.09428735,0.08430274,0.06250000,0.06076554,0.00000000,0.10886915,0.03369093
small,bloodmnist_224,swin_tiny,,7,0.01,42,prototype_head,2,client_2.pt,4,0.14285714,0.08831453,0.07818839,0.06250000,0.06076554,0.00000000,0.06076559,0.01277409
small,bloodmnist_224,swin_tiny,,7,0.01,42,prototype_head,3,client_3.pt,6,0.14285714,0.22371054,0.23549035,0.31250000,0.29701259,0.28571430,0.29701259,0.07791620
small,bloodmnist_224,swin_tiny,,7,0.01,42,prototype_head,4,client_4.pt,2 3 5,0.14285714,0.12735680,0.13195154,0.12500000,0.13001344,0.14285715,0.13028113,0.02906868
small,bloodmnist_224,swin_tiny,,7,0.01,42,prototype_head,5,client_5.pt,1 4 7,0.14285714,0.14434139,0.12869680,0.18750000,0.15959905,0.00000000,0.12957354,0.06691794
small,bloodmnist_224,swin_tiny,,7,0.01,42,prototype_head,6,client_6.pt,0 3 6,0.14285714,0.22335939,0.23526807,0.31250000,0.29701259,0.28571430,0.29265600,0.07889443
small,bloodmnist_224,swin_tiny,,7,0.1,42,specialist_client,0,client_0.pt,0 2 6,0.14285714,0.20299006,0.22203636,0.31250000,0.29701259,0.28571430,0.28901115,0.08253357
small,bloodmnist_224,swin_tiny,,7,0.1,42,specialist_client,1,client_1.pt,0 1 2 3 5 7,0.14285714,0.13202380,0.12031111,0.18750000,0.15959905,0.00000000,0.15902820,0.03739873
small,bloodmnist_224,swin_tiny,,7,0.1,42,specialist_client,2,client_2.pt,0 2 5 7,0.14285714,0.13529210,0.12508710,0.18750000,0.15959905,0.00000000,0.17255870,0.07225869
small,bloodmnist_224,swin_tiny,,7,0.1,42,specialist_client,3,client_3.pt,2 3 4 5 6,0.14285714,0.11579548,0.12445452,0.12500000,0.13001344,0.14285715,0.13024935,0.02907046
small,bloodmnist_224,swin_tiny,,7,0.1,42,specialist_client,4,client_4.pt,1 4 6 7,0.14285714,0.13202439,0.12026453,0.18750000,0.15959905,0.00000000,0.15959121,0.03659537
small,bloodmnist_224,swin_tiny,,7,0.1,42,specialist_client,5,client_5.pt,0 1 3 5 6 7,0.14285714,0.14984433,0.16757692,0.18750000,0.18243525,0.28571430,0.18444037,0.04336381
small,bloodmnist_224,swin_tiny,,7,0.1,42,specialist_client,6,client_6.pt,0 1 5 6 7,0.14285714,0.13202982,0.12026952,0.18750000,0.15959905,0.00000000,0.15964837,0.03660313
small,bloodmnist_224,vit_t,,3,0.0,42,prototype_head,0,client_0.pt,3 7 5,0.33333333,0.40206239,0.37731484,0.18750000,0.15959905,0.00000000,0.15960778,0.03659232
small,bloodmnist_224,vit_t,,3,0.0,42,prototype_head,1,client_1.pt,4 6 0,0.33333333,0.24466321,0.23148002,0.06250000,0.06076554,0.00000000,0.06123393,0.01278089
small,bloodmnist_224,vit_t,,3,0.0,42,prototype_head,2,client_2.pt,2 1,0.33333333,0.35327438,0.39120516,0.12500000,0.13001344,0.14285715,0.13192038,0.03014560
small,bloodmnist_224,vit_t,,3,0.01,42,prototype_head,0,client_0.pt,6 7,0.33333333,0.40232399,0.37759447,0.18750000,0.15959905,0.00000000,0.15960107,0.03659198
small,bloodmnist_224,vit_t,,3,0.01,42,prototype_head,1,client_1.pt,1 4 5,0.33333333,0.24487893,0.23172623,0.06250000,0.06076554,0.00000000,0.06134582,0.01292190
small,bloodmnist_224,vit_t,,3,0.01,42,prototype_head,2,client_2.pt,0 2 3 5,0.33333333,0.35279712,0.39067933,0.12500000,0.13001344,0.14285715,0.13001855,0.02902147
small,bloodmnist_224,vit_t,,3,0.1,42,prototype_head,0,client_0.pt,0 2 3 4 5 6 7,0.33333333,0.37081826,0.35098067,0.18750000,0.15959905,0.00000000,0.15931314,0.03664890
small,bloodmnist_224,vit_t,,3,0.1,42,prototype_head,1,client_1.pt,0 1 3 4 5 6,0.33333333,0.25830406,0.29799685,0.06250000,0.07822976,0.14285715,0.10297764,0.01876782
small,bloodmnist_224,vit_t,,3,0.1,42,prototype_head,2,client_2.pt,0 3 7,0.33333333,0.37087765,0.35102254,0.18750000,0.15959905,0.00000000,0.15959632,0.03659191
small,bloodmnist_224,vit_t,,5,0.0,42,prototype_head,0,client_0.pt,3 1,0.20000000,0.09162704,0.07768033,0.00000000,0.00000000,0.00000000,0.00243547,0.00000000
small,bloodmnist_224,vit_t,,5,0.0,42,prototype_head,1,client_1.pt,4 5,0.20000000,0.13724011,0.12583035,0.06250000,0.06076554,0.00000000,0.06076577,0.01277410
small,bloodmnist_224,vit_t,,5,0.0,42,prototype_head,2,client_2.pt,2 0,0.20000000,0.19784233,0.21230754,0.12500000,0.13001344,0.14285715,0.12972756,0.02919527
small,bloodmnist_224,vit_t,,5,0.0,42,prototype_head,3,client_3.pt,7,0.20000000,0.22564490,0.20520034,0.18750000,0.15959905,0.00000000,0.15960051,0.03659193
small,bloodmnist_224,vit_t,,5,0.0,42,prototype_head,4,client_4.pt,6,0.20000000,0.34764561,0.37898132,0.31250000,0.29701259,0.28571430,0.29701802,0.07792032
small,bloodmnist_224,vit_t,,5,0.01,42,prototype_head,0,client_0.pt,3 4,0.20000000,0.13448633,0.11833419,0.06250000,0.06076554,0.00000000,0.05954538,0.01303381
small,bloodmnist_224,vit_t,,5,0.01,42,prototype_head,1,client_1.pt,4 5 6,0.20000000,0.15039015,0.16075258,0.06250000,0.07822976,0.14285715,0.07826295,0.01690320
small,bloodmnist_224,vit_t,,5,0.01,42,prototype_head,2,client_2.pt,0,0.20000000,0.15268166,0.17105539,0.06250000,0.09194430,0.14285715,0.09197284,0.01984973
small,bloodmnist_224,vit_t,,5,0.01,42,prototype_head,3,client_3.pt,6,0.20000000,0.34105235,0.35669434,0.31250000,0.29701259,0.28571430,0.29701295,0.07791634
small,bloodmnist_224,vit_t,,5,0.01,42,prototype_head,4,client_4.pt,1 2 7,0.20000000,0.22138947,0.19316347,0.18750000,0.15959905,0.00000000,0.15967904,0.03670979
small,bloodmnist_224,vit_t,,5,0.1,42,prototype_head,0,client_0.pt,0 1 3 4 5 7,0.20000000,0.22512749,0.20367631,0.18750000,0.15959905,0.00000000,0.15965674,0.03661310
small,bloodmnist_224,vit_t,,5,0.1,42,prototype_head,1,client_1.pt,0 1 2 5 6 7,0.20000000,0.22511679,0.20366532,0.18750000,0.15959905,0.00000000,0.15959909,0.03659183
small,bloodmnist_224,vit_t,,5,0.1,42,prototype_head,2,client_2.pt,0 1 2 5,0.20000000,0.15298663,0.16953890,0.06250000,0.07822976,0.14285715,0.07872703,0.01670400
small,bloodmnist_224,vit_t,,5,0.1,42,prototype_head,3,client_3.pt,2 6,0.20000000,0.19740467,0.21072316,0.12500000,0.13001344,0.14285715,0.13001788,0.02902141
small,bloodmnist_224,vit_t,,5,0.1,42,prototype_head,4,client_4.pt,1 2 3 4 7,0.20000000,0.19936442,0.21239634,0.12500000,0.13001344,0.14285715,0.14294505,0.02948088
small,bloodmnist_224,vit_t,,7,0.0,42,prototype_head,0,client_0.pt,3 0,0.14285714,0.06478827,0.05314415,0.00000000,0.00000000,0.00000000,0.00000471,0.00000000
small,bloodmnist_224,vit_t,,7,0.0,42,prototype_head,1,client_1.pt,4,0.14285714,0.09743400,0.08642854,0.06250000,0.06076554,0.00000000,0.06085902,0.01277685
small,bloodmnist_224,vit_t,,7,0.0,42,prototype_head,2,client_2.pt,2,0.14285714,0.14046286,0.14581586,0.12500000,0.13001344,0.14285715,0.13002406,0.02902177
small,bloodmnist_224,vit_t,,7,0.0,42,prototype_head,3,client_3.pt,7,0.14285714,0.16018075,0.14093155,0.18750000,0.15959905,0.00000000,0.15960037,0.03659193
small,bloodmnist_224,vit_t,,7,0.0,42,prototype_head,4,client_4.pt,6,0.14285714,0.24678592,0.26028353,0.31250000,0.29701259,0.28571430,0.29701366,0.07791737
small,bloodmnist_224,vit_t,,7,0.0,42,prototype_head,5,client_5.pt,1,0.14285714,0.18154417,0.19612312,0.18750000,0.18243525,0.28571430,0.18245102,0.04272354
small,bloodmnist_224,vit_t,,7,0.0,42,prototype_head,6,client_6.pt,5,0.14285714,0.10880405,0.11727327,0.06250000,0.07822976,0.14285715,0.07823545,0.01669067
small,bloodmnist_224,vit_t,,7,0.01,42,prototype_head,0,client_0.pt,5,0.14285714,0.09879552,0.10859605,0.06250000,0.07822976,0.14285715,0.07824510,0.01669090
small,bloodmnist_224,vit_t,,7,0.01,42,prototype_head,1,client_1.pt,4 7,0.14285714,0.14542097,0.13048813,0.18750000,0.15959905,0.00000000,0.15929682,0.03666952
small,bloodmnist_224,vit_t,,7,0.01,42,prototype_head,2,client_2.pt,4,0.14285714,0.19920380,0.20457678,0.25000000,0.23112874,0.14285715,0.31642871,0.14815697
small,bloodmnist_224,vit_t,,7,0.01,42,prototype_head,3,client_3.pt,6,0.14285714,0.22408265,0.24102286,0.31250000,0.29701259,0.28571430,0.29701313,0.07791642
small,bloodmnist_224,vit_t,,7,0.01,42,prototype_head,4,client_4.pt,2 3 5,0.14285714,0.12754154,0.13503952,0.12500000,0.13001344,0.14285715,0.12988605,0.02923056
small,bloodmnist_224,vit_t,,7,0.01,42,prototype_head,5,client_5.pt,1 4 7,0.14285714,0.14544438,0.13050248,0.18750000,0.15959905,0.00000000,0.15959514,0.03659227
small,bloodmnist_224,vit_t,,7,0.01,42,prototype_head,6,client_6.pt,0 3 6,0.14285714,0.05951112,0.04977420,0.00000000,0.00000000,0.00000000,0.00715023,0.00000000
small,bloodmnist_224,vit_t,,7,0.1,42,consensus,0,client_0.pt,0 2 6,0.14285714,0.16582854,0.17854591,0.18750000,0.17952778,0.14285715,0.25758603,0.09609796
small,bloodmnist_224,vit_t,,7,0.1,42,consensus,1,client_1.pt,0 1 2 3 5 7,0.14285714,0.14429872,0.13472287,0.18750000,0.15959905,0.00000000,0.15958051,0.03672831
small,bloodmnist_224,vit_t,,7,0.1,42,consensus,2,client_2.pt,0 2 5 7,0.14285714,0.14429611,0.13471273,0.18750000,0.15959905,0.00000000,0.15963648,0.03660786
small,bloodmnist_224,vit_t,,7,0.1,42,consensus,3,client_3.pt,2 3 4 5 6,0.14285714,0.12661985,0.13946791,0.12500000,0.13001344,0.14285715,0.13082547,0.02923755
small,bloodmnist_224,vit_t,,7,0.1,42,consensus,4,client_4.pt,1 4 6 7,0.14285714,0.14429158,0.13470779,0.18750000,0.15959905,0.00000000,0.15959973,0.03659188
small,bloodmnist_224,vit_t,,7,0.1,42,consensus,5,client_5.pt,0 1 3 5 6 7,0.14285714,0.12949041,0.14235137,0.12500000,0.13044593,0.14285715,0.15852870,0.03294295
small,bloodmnist_224,vit_t,,7,0.1,42,consensus,6,client_6.pt,0 1 5 6 7,0.14285714,0.14517488,0.13549143,0.18750000,0.15959905,0.00000000,0.16863274,0.03699770
small,chaoshengmnist_224,convnext,,3,0.0,42,morphology,0,client_0.pt,3 7 5,0.33333333,0.29208523,0.29264176,0.00000000,0.00000000,0.00000000,0.00067204,0.00000000
small,chaoshengmnist_224,convnext,,3,0.0,42,morphology,1,client_1.pt,4 6 0,0.33333333,0.41614780,0.41503045,0.00000000,0.00000000,0.00000000,0.26234078,0.00000000
small,chaoshengmnist_224,convnext,,3,0.0,42,morphology,2,client_2.pt,2 1,0.33333333,0.29176694,0.29232776,0.00000000,0.00000000,0.00000000,0.00000076,0.00000000
small,chaoshengmnist_224,convnext,,3,0.01,42,morphology,0,client_0.pt,4 5 6,0.33333333,0.07694657,0.05557406,0.00000000,0.00000000,0.00000000,0.00026082,0.00000000
small,chaoshengmnist_224,convnext,,3,0.01,42,morphology,1,client_1.pt,0 1,0.33333333,0.84605056,0.88881183,1.00000000,1.00000000,1.00000000,0.99997497,1.00000000
small,chaoshengmnist_224,convnext,,3,0.01,42,morphology,2,client_2.pt,1 2 3 6 7,0.33333333,0.07700291,0.05561412,0.00000000,0.00000000,0.00000000,0.00071156,0.00000000
small,chaoshengmnist_224,convnext,,3,0.1,42,morphology,0,client_0.pt,0 1 6,0.33333333,0.27032369,0.27111143,0.00000000,0.00000000,0.00000000,0.00056870,0.00000000
small,chaoshengmnist_224,convnext,,3,0.1,42,morphology,1,client_1.pt,0 1 3 5 6,0.33333333,0.45888266,0.45731312,0.00000000,0.00000000,0.00000000,0.43021476,0.00000000
small,chaoshengmnist_224,convnext,,3,0.1,42,morphology,2,client_2.pt,1 2 4 5 6 7,0.33333333,0.27079365,0.27157548,0.00000000,0.00000000,0.00000000,0.00163949,0.00000000
small,chaoshengmnist_224,convnext,,5,0.0,42,morphology,0,client_0.pt,3 1,0.20000000,0.07002681,0.05183775,0.00000000,0.00000000,0.00000000,0.00004469,0.00000000
small,chaoshengmnist_224,convnext,,5,0.0,42,morphology,1,client_1.pt,4 5,0.20000000,0.07002727,0.05183809,0.00000000,0.00000000,0.00000000,0.00004870,0.00000000
small,chaoshengmnist_224,convnext,,5,0.0,42,morphology,2,client_2.pt,2 0,0.20000000,0.71990246,0.79265606,1.00000000,1.00000000,1.00000000,0.55761749,1.00000000
small,chaoshengmnist_224,convnext,,5,0.0,42,morphology,3,client_3.pt,7,0.20000000,0.07002173,0.05183405,0.00000000,0.00000000,0.00000000,0.00000000,0.00000000
small,chaoshengmnist_224,convnext,,5,0.0,42,morphology,4,client_4.pt,6,0.20000000,0.07002173,0.05183405,0.00000000,0.00000000,0.00000000,0.00000000,0.00000000
small,chaoshengmnist_224,convnext,,5,0.01,42,morphology,0,client_0.pt,2 5 7,0.20000000,0.16351436,0.16397426,0.00000000,0.00000000,0.00000000,0.00042438,0.00000000
small,chaoshengmnist_224,convnext,,5,0.01,42,morphology,1,client_1.pt,0 2,0.20000000,0.25778210,0.25705376,0.00000000,0.00000000,0.00000000,0.35544473,0.00000000
small,chaoshengmnist_224,convnext,,5,0.01,42,morphology,2,client_2.pt,2 3 6 7,0.20000000,0.16358365,0.16404268,0.00000000,0.00000000,0.00000000,0.00068537,0.00000000
small,chaoshengmnist_224,convnext,,5,0.01,42,morphology,3,client_3.pt,0 3 4 7,0.20000000,0.25136271,0.25071529,0.00000000,0.00000000,0.00000000,0.33126873,0.00000000
small,chaoshengmnist_224,convnext,,5,0.01,42,morphology,4,client_4.pt,1 4,0.20000000,0.16375719,0.16421403,0.00000000,0.00000000,0.00000000,0.00133894,0.00000000
small,chaoshengmnist_224,convnext,,5,0.1,42,morphology,0,client_0.pt,0 2 3 6,0.20000000,0.06685232,0.05016352,0.00000000,0.00000000,0.00000000,0.00303679,0.00000000
small,chaoshengmnist_224,convnext,,5,0.1,42,morphology,1,client_1.pt,0 1 3 5,0.20000000,0.73176289,0.79873425,1.00000000,1.00000000,1.00000000,0.99998558,1.00000000
small,chaoshengmnist_224,convnext,,5,0.1,42,morphology,2,client_2.pt,4 5 6,0.20000000,0.06663031,0.04999948,0.00000000,0.00000000,0.00000000,0.00098306,0.00000000
small,chaoshengmnist_224,convnext,,5,0.1,42,morphology,3,client_3.pt,0 1 3,0.20000000,0.06768077,0.05077564,0.00000000,0.00000000,0.00000000,0.01070040,0.00000000
small,chaoshengmnist_224,convnext,,5,0.1,42,morphology,4,client_4.pt,0 2 3 4 5 6 7,0.20000000,0.06707373,0.05032711,0.00000000,0.00000000,0.00000000,0.00508489,0.00000000
small,chaoshengmnist_224,convnext,,7,0.0,42,avg,0,client_0.pt,3 0,0.14285714,0.20739481,0.20652653,0.00000000,0.00000000,0.00000000,0.40821764,0.00000000
small,chaoshengmnist_224,convnext,,7,0.0,42,avg,1,client_1.pt,4,0.14285714,0.12468474,0.12492923,0.00000000,0.00000000,0.00000000,0.00000000,0.00000000
small,chaoshengmnist_224,convnext,,7,0.0,42,avg,2,client_2.pt,2,0.14285714,0.16918011,0.16882595,0.00000000,0.00000000,0.00000000,0.21960804,0.00000000
small,chaoshengmnist_224,convnext,,7,0.0,42,avg,3,client_3.pt,7,0.14285714,0.12468474,0.12492923,0.00000000,0.00000000,0.00000000,0.00000000,0.00000000
small,chaoshengmnist_224,convnext,,7,0.0,42,avg,4,client_4.pt,6,0.14285714,0.12468474,0.12492923,0.00000000,0.00000000,0.00000000,0.00000000,0.00000000
small,chaoshengmnist_224,convnext,,7,0.0,42,avg,5,client_5.pt,1,0.14285714,0.12468614,0.12493062,0.00000000,0.00000000,0.00000000,0.00000696,0.00000000
small,chaoshengmnist_224,convnext,,7,0.0,42,avg,6,client_6.pt,5,0.14285714,0.12468474,0.12492923,0.00000000,0.00000000,0.00000000,0.00000000,0.00000000
small,chaoshengmnist_224,convnext,,7,0.01,42,morphology,0,client_0.pt,6,0.14285714,0.10583327,0.09773777,0.00000000,0.00000000,0.00000000,0.00000000,0.00000000
small,chaoshengmnist_224,convnext,,7,0.01,42,morphology,1,client_1.pt,5,0.14285714,0.10583327,0.09773777,0.00000000,0.00000000,0.00000000,0.00000000,0.00000000
small,chaoshengmnist_224,convnext,,7,0.01,42,morphology,2,client_2.pt,0 2 3,0.14285714,0.13342434,0.12282631,0.00000000,0.00000000,0.00000000,0.16043271,0.00000000
small,chaoshengmnist_224,convnext,,7,0.01,42,morphology,3,client_3.pt,1,0.14285714,0.10625656,0.09812266,0.00000000,0.00000000,0.00000000,0.00246126,0.00000000
small,chaoshengmnist_224,convnext,,7,0.01,42,morphology,4,client_4.pt,5,0.14285714,0.10583330,0.09773780,0.00000000,0.00000000,0.00000000,0.00000015,0.00000000
small,chaoshengmnist_224,convnext,,7,0.01,42,morphology,5,client_5.pt,7,0.14285714,0.10583327,0.09773777,0.00000000,0.00000000,0.00000000,0.00000001,0.00000000
small,chaoshengmnist_224,convnext,,7,0.01,42,morphology,6,client_6.pt,4,0.14285714,0.33698595,0.38809997,0.18750000,0.18429276,0.14285715,0.42592928,0.15755894
small,chaoshengmnist_224,convnext,,7,0.1,42,morphology,0,client_0.pt,0 3 5 7,0.14285714,0.12743227,0.12764429,0.00000000,0.00000000,0.00000000,0.00000026,0.00000000
small,chaoshengmnist_224,convnext,,7,0.1,42,morphology,1,client_1.pt,0 3 4 5 6 7,0.14285714,0.17563866,0.17518802,0.00000000,0.00000000,0.00000000,0.23279433,0.00000000
small,chaoshengmnist_224,convnext,,7,0.1,42,morphology,2,client_2.pt,1 3 4 7,0.14285714,0.12755446,0.12776479,0.00000000,0.00000000,0.00000000,0.00059028,0.00000000
small,chaoshengmnist_224,convnext,,7,0.1,42,morphology,3,client_3.pt,0 2 3 6,0.14285714,0.12959556,0.12977783,0.00000000,0.00000000,0.00000000,0.01044695,0.00000000
small,chaoshengmnist_224,convnext,,7,0.1,42,morphology,4,client_4.pt,0 2 6,0.14285714,0.12743224,0.12764426,0.00000000,0.00000000,0.00000000,0.00000003,0.00000000
small,chaoshengmnist_224,convnext,,7,0.1,42,morphology,5,client_5.pt,1 2 3 4,0.14285714,0.12745613,0.12766781,0.00000000,0.00000000,0.00000000,0.00011545,0.00000000
small,chaoshengmnist_224,convnext,,7,0.1,42,morphology,6,client_6.pt,0 1 2 3 4 5,0.14285714,0.18489078,0.18431294,0.00000000,0.00000000,0.00000000,0.27747381,0.00000000
small,chaoshengmnist_224,resnet,,3,0.0,42,morphology,0,client_0.pt,3 7 5,0.33333333,0.08299494,0.05935078,0.00000000,0.00000000,0.00000000,0.00723525,0.00000000
small,chaoshengmnist_224,resnet,,3,0.0,42,morphology,1,client_1.pt,4 6 0,0.33333333,0.83369660,0.88107759,0.93750000,0.94714552,1.00000000,0.78451419,0.91470587
small,chaoshengmnist_224,resnet,,3,0.0,42,morphology,2,client_2.pt,2 1,0.33333333,0.08330843,0.05957156,0.00000000,0.00000000,0.00000000,0.00958707,0.00000000
small,chaoshengmnist_224,resnet,,3,0.01,42,morphology,0,client_0.pt,4 5 6,0.33333333,0.11699525,0.08996350,0.00000000,0.00000000,0.00000000,0.00330297,0.00000000
small,chaoshengmnist_224,resnet,,3,0.01,42,morphology,1,client_1.pt,0 1,0.33333333,0.75416678,0.81110597,0.56250000,0.56142431,0.57142860,0.59639150,0.37736936
small,chaoshengmnist_224,resnet,,3,0.01,42,morphology,2,client_2.pt,1 2 3 6 7,0.33333333,0.12883794,0.09893058,0.00000000,0.00000000,0.00000000,0.06592884,0.00000000
small,chaoshengmnist_224,resnet,,3,0.1,42,morph_anchor,0,client_0.pt,0 1 6,0.33333333,0.66513956,0.68907392,1.00000000,1.00000000,1.00000000,0.67507803,1.00000000
small,chaoshengmnist_224,resnet,,3,0.1,42,morph_anchor,1,client_1.pt,0 1 3 5 6,0.33333333,0.26915821,0.26490408,0.31250000,0.32424176,0.42857143,0.39305663,0.19309480
small,chaoshengmnist_224,resnet,,3,0.1,42,morph_anchor,2,client_2.pt,1 2 4 5 6 7,0.33333333,0.06570219,0.04602203,0.00000000,0.00000000,0.00000000,0.02118139,0.00000000
small,chaoshengmnist_224,resnet,,5,0.0,42,morphology,0,client_0.pt,3 1,0.20000000,0.07590074,0.05622507,0.00000000,0.00000000,0.00000000,0.00215544,0.00000000
small,chaoshengmnist_224,resnet,,5,0.0,42,morphology,1,client_1.pt,4 5,0.20000000,0.08557115,0.06327881,0.00000000,0.00000000,0.00000000,0.08083549,0.00000000
small,chaoshengmnist_224,resnet,,5,0.0,42,morphology,2,client_2.pt,2 0,0.20000000,0.68019110,0.76327884,0.81250000,0.84280241,1.00000000,0.62880027,0.79382290
small,chaoshengmnist_224,resnet,,5,0.0,42,morphology,3,client_3.pt,7,0.20000000,0.08035725,0.05947571,0.00000000,0.00000000,0.00000000,0.03841428,0.00000000
small,chaoshengmnist_224,resnet,,5,0.0,42,morphology,4,client_4.pt,6,0.20000000,0.07797976,0.05774155,0.00000000,0.00000000,0.00000000,0.01907073,0.00000000
small,chaoshengmnist_224,resnet,,5,0.01,42,morphology,0,client_0.pt,2 5 7,0.20000000,0.09568892,0.07292330,0.00000000,0.00000000,0.00000000,0.23209882,0.00000000
small,chaoshengmnist_224,resnet,,5,0.01,42,morphology,1,client_1.pt,0 2,0.20000000,0.39044347,0.43617937,0.43750000,0.46699131,0.57142860,0.55117303,0.37139987
small,chaoshengmnist_224,resnet,,5,0.01,42,morphology,2,client_2.pt,2 3 6 7,0.20000000,0.06967893,0.05332379,0.00000000,0.00000000,0.00000000,0.00173737,0.00000000
small,chaoshengmnist_224,resnet,,5,0.01,42,morphology,3,client_3.pt,0 3 4 7,0.20000000,0.36172098,0.37461293,0.43750000,0.42367887,0.42857143,0.45770106,0.26595425
small,chaoshengmnist_224,resnet,,5,0.01,42,morphology,4,client_4.pt,1 4,0.20000000,0.08246774,0.06296064,0.00000000,0.00000000,0.00000000,0.11500340,0.00000000
small,chaoshengmnist_224,resnet,,5,0.1,42,morphology,0,client_0.pt,0 2 3 6,0.20000000,0.09025310,0.06928994,0.00000000,0.00000000,0.00000000,0.18168846,0.00000000
small,chaoshengmnist_224,resnet,,5,0.1,42,morphology,1,client_1.pt,0 1 3 5,0.20000000,0.69661754,0.76655698,0.93750000,0.93044508,0.85714287,0.86587095,0.77668048
small,chaoshengmnist_224,resnet,,5,0.1,42,morphology,2,client_2.pt,4 5 6,0.20000000,0.07146209,0.05503548,0.00000000,0.00000000,0.00000000,0.01573506,0.00000000
small,chaoshengmnist_224,resnet,,5,0.1,42,morphology,3,client_3.pt,0 1 3,0.20000000,0.07085307,0.05457349,0.00000000,0.00000000,0.00000000,0.01035649,0.00000000
small,chaoshengmnist_224,resnet,,5,0.1,42,morphology,4,client_4.pt,0 2 3 4 5 6 7,0.20000000,0.07081424,0.05454404,0.00000000,0.00000000,0.00000000,0.01001353,0.00000000
small,chaoshengmnist_224,resnet,,7,0.0,42,morphology,0,client_0.pt,3 0,0.14285714,0.62257093,0.70616913,1.00000000,1.00000000,1.00000000,0.99697161,1.00000000
small,chaoshengmnist_224,resnet,,7,0.0,42,morphology,1,client_1.pt,4,0.14285714,0.06800782,0.05288941,0.00000000,0.00000000,0.00000000,0.12373548,0.00000000
small,chaoshengmnist_224,resnet,,7,0.0,42,morphology,2,client_2.pt,2,0.14285714,0.07305118,0.05676123,0.00000000,0.00000000,0.00000000,0.17854752,0.00000000
small,chaoshengmnist_224,resnet,,7,0.0,42,morphology,3,client_3.pt,7,0.14285714,0.06287414,0.04894824,0.00000000,0.00000000,0.00000000,0.06794181,0.00000000
small,chaoshengmnist_224,resnet,,7,0.0,42,morphology,4,client_4.pt,6,0.14285714,0.05680459,0.04428859,0.00000000,0.00000000,0.00000000,0.00197692,0.00000000
small,chaoshengmnist_224,resnet,,7,0.0,42,morphology,5,client_5.pt,1,0.14285714,0.05961760,0.04644816,0.00000000,0.00000000,0.00000000,0.03254921,0.00000000
small,chaoshengmnist_224,resnet,,7,0.0,42,morphology,6,client_6.pt,5,0.14285714,0.05707367,0.04449516,0.00000000,0.00000000,0.00000000,0.00490131,0.00000000
small,chaoshengmnist_224,resnet,,7,0.01,42,morphology,0,client_0.pt,6,0.14285714,0.06525782,0.05096621,0.00000000,0.00000000,0.00000000,0.10600108,0.00000000
small,chaoshengmnist_224,resnet,,7,0.01,42,morphology,1,client_1.pt,5,0.14285714,0.05841260,0.04569043,0.00000000,0.00000000,0.00000000,0.03033133,0.00000000
small,chaoshengmnist_224,resnet,,7,0.01,42,morphology,2,client_2.pt,0 2 3,0.14285714,0.59936553,0.68719870,1.00000000,1.00000000,1.00000000,0.85639280,1.00000000
small,chaoshengmnist_224,resnet,,7,0.01,42,morphology,3,client_3.pt,1,0.14285714,0.05973962,0.04671320,0.00000000,0.00000000,0.00000000,0.04500073,0.00000000
small,chaoshengmnist_224,resnet,,7,0.01,42,morphology,4,client_4.pt,5,0.14285714,0.09121142,0.07096930,0.00000000,0.00000000,0.00000000,0.39290246,0.00000000
small,chaoshengmnist_224,resnet,,7,0.01,42,morphology,5,client_5.pt,7,0.14285714,0.06121872,0.04785318,0.00000000,0.00000000,0.00000000,0.06135128,0.00000000
small,chaoshengmnist_224,resnet,,7,0.01,42,morphology,6,client_6.pt,4,0.14285714,0.06479425,0.05060893,0.00000000,0.00000000,0.00000000,0.10087657,0.00000000
small,chaoshengmnist_224,resnet,,7,0.1,42,morphology,0,client_0.pt,0 3 5 7,0.14285714,0.29072025,0.29976514,0.68750000,0.67240709,0.42857143,0.48894876,0.60364732
small,chaoshengmnist_224,resnet,,7,0.1,42,morphology,1,client_1.pt,0 3 4 5 6 7,0.14285714,0.21962963,0.24102795,0.43750000,0.46560848,0.57142860,0.44925153,0.35808020
small,chaoshengmnist_224,resnet,,7,0.1,42,morphology,2,client_2.pt,1 3 4 7,0.14285714,0.04079949,0.03044903,0.00000000,0.00000000,0.00000000,0.00634809,0.00000000
small,chaoshengmnist_224,resnet,,7,0.1,42,morphology,3,client_3.pt,0 2 3 6,0.14285714,0.05121184,0.03810152,0.00000000,0.00000000,0.00000000,0.16501923,0.00000000
small,chaoshengmnist_224,resnet,,7,0.1,42,morphology,4,client_4.pt,0 2 6,0.14285714,0.04550367,0.03390634,0.00000000,0.00000000,0.00000000,0.07803394,0.00000000
small,chaoshengmnist_224,resnet,,7,0.1,42,morphology,5,client_5.pt,1 2 3 4,0.14285714,0.04481938,0.03340342,0.00000000,0.00000000,0.00000000,0.06760616,0.00000000
small,chaoshengmnist_224,resnet,,7,0.1,42,morphology,6,client_6.pt,0 1 2 3 4 5,0.14285714,0.30731571,0.32334659,0.68750000,0.68366587,0.71428573,0.69100571,0.42310975
small,chaoshengmnist_224,swin_tiny,,3,0.0,42,prototype_head,0,client_0.pt,3 7 5,0.33333333,0.28453085,0.28517279,0.00000000,0.00000000,0.00000000,0.00039028,0.00000000
small,chaoshengmnist_224,swin_tiny,,3,0.0,42,prototype_head,1,client_1.pt,4 6 0,0.33333333,0.43055093,0.42927217,0.00000000,0.00000000,0.00000000,0.31640348,0.00000000
small,chaoshengmnist_224,swin_tiny,,3,0.0,42,prototype_head,2,client_2.pt,2 1,0.33333333,0.28491825,0.28555506,0.00000000,0.00000000,0.00000000,0.00122862,0.00000000
small,chaoshengmnist_224,swin_tiny,,3,0.01,42,prototype_head,0,client_0.pt,4 5 6,0.33333333,0.07768495,0.05596619,0.00000000,0.00000000,0.00000000,0.00081817,0.00000000
small,chaoshengmnist_224,swin_tiny,,3,0.01,42,prototype_head,1,client_1.pt,0 1,0.33333333,0.84447241,0.88795573,1.00000000,1.00000000,1.00000000,0.92918676,1.00000000
small,chaoshengmnist_224,swin_tiny,,3,0.01,42,prototype_head,2,client_2.pt,1 2 3 6 7,0.33333333,0.07784265,0.05607806,0.00000000,0.00000000,0.00000000,0.00206902,0.00000000
small,chaoshengmnist_224,swin_tiny,,3,0.1,42,prototype_head,0,client_0.pt,0 1 6,0.33333333,0.31913382,0.29826260,0.43750000,0.41054738,0.28571430,0.49967349,0.39553747
small,chaoshengmnist_224,swin_tiny,,3,0.1,42,prototype_head,1,client_1.pt,0 1 3 5 6,0.33333333,0.62013936,0.65843016,1.00000000,1.00000000,1.00000000,0.54111755,1.00000000
small,chaoshengmnist_224,swin_tiny,,3,0.1,42,prototype_head,2,client_2.pt,1 2 4 5 6 7,0.33333333,0.06072679,0.04330726,0.00000000,0.00000000,0.00000000,0.00255268,0.00000000
small,chaoshengmnist_224,swin_tiny,,5,0.0,42,prototype_head,0,client_0.pt,3 1,0.20000000,0.06973774,0.05168962,0.00000000,0.00000000,0.00000000,0.00041915,0.00000000
small,chaoshengmnist_224,swin_tiny,,5,0.0,42,prototype_head,1,client_1.pt,4 5,0.20000000,0.06972451,0.05167996,0.00000000,0.00000000,0.00000000,0.00030227,0.00000000
small,chaoshengmnist_224,swin_tiny,,5,0.0,42,prototype_head,2,client_2.pt,2 0,0.20000000,0.72115719,0.79332042,1.00000000,1.00000000,1.00000000,0.59878886,1.00000000
small,chaoshengmnist_224,swin_tiny,,5,0.0,42,prototype_head,3,client_3.pt,7,0.20000000,0.06969028,0.05165498,0.00000000,0.00000000,0.00000000,0.00000000,0.00000000
small,chaoshengmnist_224,swin_tiny,,5,0.0,42,prototype_head,4,client_4.pt,6,0.20000000,0.06969028,0.05165498,0.00000000,0.00000000,0.00000000,0.00000000,0.00000000
small,chaoshengmnist_224,swin_tiny,,5,0.01,42,prototype_head,0,client_0.pt,2 5 7,0.20000000,0.04149268,0.02935118,0.00000000,0.00000000,0.00000000,0.00277705,0.00000000
small,chaoshengmnist_224,swin_tiny,,5,0.01,42,prototype_head,1,client_1.pt,0 2,0.20000000,0.42111185,0.44437632,1.00000000,1.00000000,1.00000000,0.50453120,1.00000000
small,chaoshengmnist_224,swin_tiny,,5,0.01,42,prototype_head,2,client_2.pt,2 3 6 7,0.20000000,0.04138190,0.02927402,0.00000000,0.00000000,0.00000000,0.00112665,0.00000000
small,chaoshengmnist_224,swin_tiny,,5,0.01,42,prototype_head,3,client_3.pt,0 3 4 7,0.20000000,0.45436725,0.46754023,1.00000000,1.00000000,1.00000000,0.99997294,1.00000000
small,chaoshengmnist_224,swin_tiny,,5,0.01,42,prototype_head,4,client_4.pt,1 4,0.20000000,0.04164631,0.02945819,0.00000000,0.00000000,0.00000000,0.00506579,0.00000000
small,chaoshengmnist_224,swin_tiny,,5,0.1,42,prototype_head,0,client_0.pt,0 2 3 6,0.20000000,0.07178974,0.05360280,0.00000000,0.00000000,0.00000000,0.03838906,0.00000000
small,chaoshengmnist_224,swin_tiny,,5,0.1,42,prototype_head,1,client_1.pt,0 1 3 5,0.20000000,0.72496492,0.79451001,1.00000000,1.00000000,1.00000000,0.83286798,1.00000000
small,chaoshengmnist_224,swin_tiny,,5,0.1,42,prototype_head,2,client_2.pt,4 5 6,0.20000000,0.06778303,0.05065449,0.00000000,0.00000000,0.00000000,0.00190082,0.00000000
small,chaoshengmnist_224,swin_tiny,,5,0.1,42,prototype_head,3,client_3.pt,0 1 3,0.20000000,0.06757431,0.05050090,0.00000000,0.00000000,0.00000000,0.00000000,0.00000000
small,chaoshengmnist_224,swin_tiny,,5,0.1,42,prototype_head,4,client_4.pt,0 2 3 4 5 6 7,0.20000000,0.06788802,0.05073174,0.00000000,0.00000000,0.00000000,0.00285690,0.00000000
small,chaoshengmnist_224,swin_tiny,,7,0.0,42,prototype_head,0,client_0.pt,3 0,0.14285714,0.61115968,0.69836640,0.87500000,0.87842840,1.00000000,0.69454587,0.74054077
small,chaoshengmnist_224,swin_tiny,,7,0.0,42,prototype_head,1,client_1.pt,4,0.14285714,0.06480674,0.05027226,0.00000000,0.00000000,0.00000000,0.00000000,0.00000000
small,chaoshengmnist_224,swin_tiny,,7,0.0,42,prototype_head,2,client_2.pt,2,0.14285714,0.06480674,0.05027226,0.00000000,0.00000000,0.00000000,0.00000000,0.00000000
small,chaoshengmnist_224,swin_tiny,,7,0.0,42,prototype_head,3,client_3.pt,7,0.14285714,0.06480674,0.05027226,0.00000000,0.00000000,0.00000000,0.00000000,0.00000000
small,chaoshengmnist_224,swin_tiny,,7,0.0,42,prototype_head,4,client_4.pt,6,0.14285714,0.06480674,0.05027226,0.00000000,0.00000000,0.00000000,0.00000000,0.00000000
small,chaoshengmnist_224,swin_tiny,,7,0.0,42,prototype_head,5,client_5.pt,1,0.14285714,0.06480674,0.05027226,0.00000000,0.00000000,0.00000000,0.00000000,0.00000000
small,chaoshengmnist_224,swin_tiny,,7,0.0,42,prototype_head,6,client_6.pt,5,0.14285714,0.06480674,0.05027226,0.00000000,0.00000000,0.00000000,0.00000000,0.00000000
small,chaoshengmnist_224,swin_tiny,,7,0.01,42,prototype_head,0,client_0.pt,6,0.14285714,0.10166548,0.09070251,0.00000000,0.00000000,0.00000000,0.00000000,0.00000000
small,chaoshengmnist_224,swin_tiny,,7,0.01,42,prototype_head,1,client_1.pt,5,0.14285714,0.10166548,0.09070251,0.00000000,0.00000000,0.00000000,0.00000000,0.00000000
small,chaoshengmnist_224,swin_tiny,,7,0.01,42,prototype_head,2,client_2.pt,0 2 3,0.14285714,0.14547299,0.12918481,0.00000000,0.00000000,0.00000000,0.26516831,0.00000000
small,chaoshengmnist_224,swin_tiny,,7,0.01,42,prototype_head,3,client_3.pt,1,0.14285714,0.10166548,0.09070251,0.00000000,0.00000000,0.00000000,0.00000000,0.00000000
small,chaoshengmnist_224,swin_tiny,,7,0.01,42,prototype_head,4,client_4.pt,5,0.14285714,0.34619948,0.41730261,0.18750000,0.19978034,0.28571430,0.46026272,0.17756841
small,chaoshengmnist_224,swin_tiny,,7,0.01,42,prototype_head,5,client_5.pt,7,0.14285714,0.10166553,0.09070256,0.00000000,0.00000000,0.00000000,0.00000030,0.00000000
small,chaoshengmnist_224,swin_tiny,,7,0.01,42,prototype_head,6,client_6.pt,4,0.14285714,0.10166548,0.09070251,0.00000000,0.00000000,0.00000000,0.00000000,0.00000000
small,chaoshengmnist_224,swin_tiny,,7,0.1,42,prototype_head,0,client_0.pt,0 3 5 7,0.14285714,0.14959082,0.14950778,0.00000000,0.00000000,0.00000000,0.19099987,0.00000000
small,chaoshengmnist_224,swin_tiny,,7,0.1,42,prototype_head,1,client_1.pt,0 3 4 5 6 7,0.14285714,0.19062299,0.19003394,0.00000000,0.00000000,0.00000000,0.41218793,0.00000000
small,chaoshengmnist_224,swin_tiny,,7,0.1,42,prototype_head,2,client_2.pt,1 3 4 7,0.14285714,0.11460780,0.11495617,0.00000000,0.00000000,0.00000000,0.00242033,0.00000000
small,chaoshengmnist_224,swin_tiny,,7,0.1,42,prototype_head,3,client_3.pt,0 2 3 6,0.14285714,0.11540770,0.11574621,0.00000000,0.00000000,0.00000000,0.00673229,0.00000000
small,chaoshengmnist_224,swin_tiny,,7,0.1,42,prototype_head,4,client_4.pt,0 2 6,0.14285714,0.11415929,0.11451320,0.00000000,0.00000000,0.00000000,0.00000261,0.00000000
small,chaoshengmnist_224,swin_tiny,,7,0.1,42,prototype_head,5,client_5.pt,1 2 3 4,0.14285714,0.11450219,0.11485187,0.00000000,0.00000000,0.00000000,0.00185108,0.00000000
small,chaoshengmnist_224,swin_tiny,,7,0.1,42,prototype_head,6,client_6.pt,0 1 2 3 4 5,0.14285714,0.20110922,0.20039083,0.00000000,0.00000000,0.00000000,0.46871501,0.00000000
small,chaoshengmnist_224,vit_t,,3,0.0,42,prototype_head,0,client_0.pt,3 7 5,0.33333333,0.33332691,0.33332700,0.00000000,0.00000000,0.00000000,0.00002548,0.00000000
small,chaoshengmnist_224,vit_t,,3,0.0,42,prototype_head,1,client_1.pt,4 6 0,0.33333333,0.33334690,0.33334669,0.00000000,0.00000000,0.00000000,0.00006243,0.00000000
small,chaoshengmnist_224,vit_t,,3,0.0,42,prototype_head,2,client_2.pt,2 1,0.33333333,0.33332619,0.33332628,0.00000000,0.00000000,0.00000000,0.00002417,0.00000000
small,chaoshengmnist_224,vit_t,,3,0.01,42,prototype_head,0,client_0.pt,4 5 6,0.33333333,0.07697402,0.05558243,0.00000000,0.00000000,0.00000000,0.00002898,0.00000000
small,chaoshengmnist_224,vit_t,,3,0.01,42,prototype_head,1,client_1.pt,0 1,0.33333333,0.84605074,0.88883436,1.00000000,1.00000000,1.00000000,0.99501443,1.00000000
small,chaoshengmnist_224,vit_t,,3,0.01,42,prototype_head,2,client_2.pt,1 2 3 6 7,0.33333333,0.07697523,0.05558329,0.00000000,0.00000000,0.00000000,0.00003864,0.00000000
small,chaoshengmnist_224,vit_t,,3,0.1,42,prototype_head,0,client_0.pt,0 1 6,0.33333333,0.25954401,0.22636387,0.00000000,0.00000000,0.00000000,0.07146621,0.00000000
small,chaoshengmnist_224,vit_t,,3,0.1,42,prototype_head,1,client_1.pt,0 1 3 5 6,0.33333333,0.50789666,0.57048237,0.12500000,0.13328521,0.14285715,0.12819463,0.04596882
small,chaoshengmnist_224,vit_t,,3,0.1,42,prototype_head,2,client_2.pt,1 2 4 5 6 7,0.33333333,0.23255928,0.20315377,0.00000000,0.00000000,0.00000000,0.00005447,0.00000000
small,chaoshengmnist_224,vit_t,,5,0.0,42,prototype_head,0,client_0.pt,3 1,0.20000000,0.17464279,0.16244553,0.00000000,0.00000000,0.00000000,0.00000105,0.00000000
small,chaoshengmnist_224,vit_t,,5,0.0,42,prototype_head,1,client_1.pt,4 5,0.20000000,0.17465904,0.16246043,0.00000000,0.00000000,0.00000000,0.00005834,0.00000000
small,chaoshengmnist_224,vit_t,,5,0.0,42,prototype_head,2,client_2.pt,2 0,0.20000000,0.30139002,0.35018227,0.06250000,0.06644954,0.14285715,0.10680695,0.01663183
small,chaoshengmnist_224,vit_t,,5,0.0,42,prototype_head,3,client_3.pt,7,0.20000000,0.17465560,0.16245729,0.00000000,0.00000000,0.00000000,0.00004625,0.00000000
small,chaoshengmnist_224,vit_t,,5,0.0,42,prototype_head,4,client_4.pt,6,0.20000000,0.17465261,0.16245453,0.00000000,0.00000000,0.00000000,0.00003564,0.00000000
small,chaoshengmnist_224,vit_t,,5,0.01,42,prototype_head,0,client_0.pt,2 5 7,0.20000000,0.05672511,0.04179748,0.00000000,0.00000000,0.00000000,0.00011149,0.00000000
small,chaoshengmnist_224,vit_t,,5,0.01,42,prototype_head,1,client_1.pt,0 2,0.20000000,0.20599839,0.20599397,0.25000000,0.26458052,0.28571430,0.38183287,0.14532054
small,chaoshengmnist_224,vit_t,,5,0.01,42,prototype_head,2,client_2.pt,2 3 6 7,0.20000000,0.05671507,0.04179019,0.00000000,0.00000000,0.00000000,0.00000254,0.00000000
small,chaoshengmnist_224,vit_t,,5,0.01,42,prototype_head,3,client_3.pt,0 3 4 7,0.20000000,0.62384605,0.66862792,1.00000000,1.00000000,1.00000000,0.99981427,1.00000000
small,chaoshengmnist_224,vit_t,,5,0.01,42,prototype_head,4,client_4.pt,1 4,0.20000000,0.05671542,0.04179044,0.00000000,0.00000000,0.00000000,0.00000630,0.00000000
small,chaoshengmnist_224,vit_t,,5,0.1,42,prototype_head,0,client_0.pt,0 2 3 6,0.20000000,0.13315906,0.10734042,0.00000000,0.00000000,0.00000000,0.02207684,0.00000000
small,chaoshengmnist_224,vit_t,,5,0.1,42,prototype_head,1,client_1.pt,0 1 3 5,0.20000000,0.48111150,0.58155578,0.25000000,0.27139318,0.57142860,0.27581149,0.14271508
small,chaoshengmnist_224,vit_t,,5,0.1,42,prototype_head,2,client_2.pt,4 5 6,0.20000000,0.12855013,0.10368034,0.00000000,0.00000000,0.00000000,0.00001288,0.00000000
small,chaoshengmnist_224,vit_t,,5,0.1,42,prototype_head,3,client_3.pt,0 1 3,0.20000000,0.12862249,0.10373781,0.00000000,0.00000000,0.00000000,0.00035932,0.00000000
small,chaoshengmnist_224,vit_t,,5,0.1,42,prototype_head,4,client_4.pt,0 2 3 4 5 6 7,0.20000000,0.12855676,0.10368562,0.00000000,0.00000000,0.00000000,0.00004469,0.00000000
small,chaoshengmnist_224,vit_t,,7,0.0,42,prototype_head,0,client_0.pt,3 0,0.14285714,0.62691861,0.70728642,0.93750000,0.93355042,0.85714287,0.85974479,0.86183036
small,chaoshengmnist_224,vit_t,,7,0.0,42,prototype_head,1,client_1.pt,4,0.14285714,0.06217542,0.04878189,0.00000000,0.00000000,0.00000000,0.00000615,0.00000000
small,chaoshengmnist_224,vit_t,,7,0.0,42,prototype_head,2,client_2.pt,2,0.14285714,0.06217840,0.04878419,0.00000000,0.00000000,0.00000000,0.00003560,0.00000000
small,chaoshengmnist_224,vit_t,,7,0.0,42,prototype_head,3,client_3.pt,7,0.14285714,0.06218299,0.04878773,0.00000000,0.00000000,0.00000000,0.00008104,0.00000000
small,chaoshengmnist_224,vit_t,,7,0.0,42,prototype_head,4,client_4.pt,6,0.14285714,0.06217732,0.04878335,0.00000000,0.00000000,0.00000000,0.00002492,0.00000000
small,chaoshengmnist_224,vit_t,,7,0.0,42,prototype_head,5,client_5.pt,1,0.14285714,0.06218927,0.04879258,0.00000000,0.00000000,0.00000000,0.00014320,0.00000000
small,chaoshengmnist_224,vit_t,,7,0.0,42,prototype_head,6,client_6.pt,5,0.14285714,0.06217804,0.04878391,0.00000000,0.00000000,0.00000000,0.00003203,0.00000000
small,chaoshengmnist_224,vit_t,,7,0.01,42,prototype_head,0,client_0.pt,6,0.14285714,0.13639241,0.13648744,0.00000000,0.00000000,0.00000000,0.00000347,0.00000000
small,chaoshengmnist_224,vit_t,,7,0.01,42,prototype_head,1,client_1.pt,5,0.14285714,0.13639325,0.13648826,0.00000000,0.00000000,0.00000000,0.00000720,0.00000000
small,chaoshengmnist_224,vit_t,,7,0.01,42,prototype_head,2,client_2.pt,0 2 3,0.14285714,0.13769311,0.13776903,0.00000000,0.00000000,0.00000000,0.00587205,0.00000000
small,chaoshengmnist_224,vit_t,,7,0.01,42,prototype_head,3,client_3.pt,1,0.14285714,0.13639219,0.13648722,0.00000000,0.00000000,0.00000000,0.00000242,0.00000000
small,chaoshengmnist_224,vit_t,,7,0.01,42,prototype_head,4,client_4.pt,5,0.14285714,0.18013945,0.17959146,0.00000000,0.00000000,0.00000000,0.19738543,0.00000000
small,chaoshengmnist_224,vit_t,,7,0.01,42,prototype_head,5,client_5.pt,7,0.14285714,0.13657926,0.13667153,0.00000000,0.00000000,0.00000000,0.00084645,0.00000000
small,chaoshengmnist_224,vit_t,,7,0.01,42,prototype_head,6,client_6.pt,4,0.14285714,0.13641030,0.13650505,0.00000000,0.00000000,0.00000000,0.00008411,0.00000000
small,chaoshengmnist_224,vit_t,,7,0.1,42,prototype_head,0,client_0.pt,0 3 5 7,0.14285714,0.14279617,0.14279710,0.00000000,0.00000000,0.00000000,0.00001667,0.00000000
small,chaoshengmnist_224,vit_t,,7,0.1,42,prototype_head,1,client_1.pt,0 3 4 5 6 7,0.14285714,0.14285250,0.14285256,0.00000000,0.00000000,0.00000000,0.00025939,0.00000000
small,chaoshengmnist_224,vit_t,,7,0.1,42,prototype_head,2,client_2.pt,1 3 4 7,0.14285714,0.14280318,0.14280400,0.00000000,0.00000000,0.00000000,0.00004687,0.00000000
small,chaoshengmnist_224,vit_t,,7,0.1,42,prototype_head,3,client_3.pt,0 2 3 6,0.14285714,0.14306167,0.14305851,0.00000000,0.00000000,0.00000000,0.00116085,0.00000000
small,chaoshengmnist_224,vit_t,,7,0.1,42,prototype_head,4,client_4.pt,0 2 6,0.14285714,0.14284804,0.14284819,0.00000000,0.00000000,0.00000000,0.00024027,0.00000000
small,chaoshengmnist_224,vit_t,,7,0.1,42,prototype_head,5,client_5.pt,1 2 3 4,0.14285714,0.14284050,0.14284076,0.00000000,0.00000000,0.00000000,0.00020778,0.00000000
small,chaoshengmnist_224,vit_t,,7,0.1,42,prototype_head,6,client_6.pt,0 1 2 3 4 5,0.14285714,0.14279795,0.14279886,0.00000000,0.00000000,0.00000000,0.00002432,0.00000000
small,dermamnist_224,convnext,,3,0.0,42,morphology,0,client_0.pt,3 4 0,0.33333333,0.08652473,0.06545756,0.00000000,0.00000000,0.00000000,0.01521254,0.00000000
small,dermamnist_224,convnext,,3,0.0,42,morphology,1,client_1.pt,2 1,0.33333333,0.08447263,0.06392842,0.00000000,0.00000000,0.00000000,0.00025668,0.00000000
small,dermamnist_224,convnext,,3,0.0,42,morphology,2,client_2.pt,6 5,0.33333333,0.82900268,0.87061405,0.93750000,0.89334178,0.85714287,0.84873194,0.64199788
small,dermamnist_224,convnext,,3,0.01,42,morphology,0,client_0.pt,1 3,0.33333333,0.24478787,0.22819847,0.25000000,0.23337753,0.14285715,0.37351444,0.17358055
small,dermamnist_224,convnext,,3,0.01,42,morphology,1,client_1.pt,0 5 6,0.33333333,0.68390679,0.71794558,0.93750000,0.89334178,0.85714287,0.83221513,0.64970616
small,dermamnist_224,convnext,,3,0.01,42,morphology,2,client_2.pt,2 3 4,0.33333333,0.07130532,0.05385596,0.00000000,0.00000000,0.00000000,0.01338026,0.00000000
small,dermamnist_224,convnext,,3,0.1,42,avg,0,client_0.pt,0 1 2 3 5,0.33333333,0.44293833,0.44718528,0.93750000,0.89334178,0.85714287,0.57308269,0.77033353
small,dermamnist_224,convnext,,3,0.1,42,avg,1,client_1.pt,0 1 2 4 5,0.33333333,0.45584723,0.45404589,0.93750000,0.89334178,0.85714287,0.77909923,0.71923019
small,dermamnist_224,convnext,,3,0.1,42,avg,2,client_2.pt,0 2 3 6,0.33333333,0.10121448,0.09876883,0.06250000,0.10665823,0.14285715,0.35437837,0.05756444
small,dermamnist_224,convnext,,5,0.0,42,avg,0,client_0.pt,3 5,0.20000000,0.62513661,0.64582324,0.93750000,0.89334178,0.85714287,0.87789470,0.63006967
small,dermamnist_224,convnext,,5,0.0,42,avg,1,client_1.pt,2 0,0.20000000,0.06348909,0.04736644,0.00000000,0.00000000,0.00000000,0.00034772,0.00000000
small,dermamnist_224,convnext,,5,0.0,42,avg,2,client_2.pt,6,0.20000000,0.13795413,0.14106204,0.06250000,0.10665823,0.14285715,0.35437837,0.05756444
small,dermamnist_224,convnext,,5,0.0,42,avg,3,client_3.pt,4,0.20000000,0.10996692,0.11840814,0.06250000,0.10665823,0.14285715,0.10665823,0.02332160
small,dermamnist_224,convnext,,5,0.0,42,avg,4,client_4.pt,1,0.20000000,0.06345325,0.04734011,0.00000000,0.00000000,0.00000000,0.00000000,0.00000000
small,dermamnist_224,convnext,,5,0.01,42,morphology,0,client_0.pt,1 4 6,0.20000000,0.04406296,0.03320178,0.00000000,0.00000000,0.00000000,0.00000291,0.00000000
small,dermamnist_224,convnext,,5,0.01,42,morphology,1,client_1.pt,0,0.20000000,0.10435156,0.08482472,0.12500000,0.10691974,0.00000000,0.30759117,0.07747837
small,dermamnist_224,convnext,,5,0.01,42,morphology,2,client_2.pt,3 4,0.20000000,0.04766172,0.03587176,0.00000000,0.00000000,0.00000000,0.05026359,0.00000000
small,dermamnist_224,convnext,,5,0.01,42,morphology,3,client_3.pt,3,0.20000000,0.37457034,0.39469177,0.81250000,0.77460515,0.71428573,0.59393948,0.66069006
small,dermamnist_224,convnext,,5,0.01,42,morphology,4,client_4.pt,2 5,0.20000000,0.42935342,0.45140997,0.93750000,0.89334178,0.85714287,0.77944791,0.67645786
small,dermamnist_224,convnext,,5,0.1,42,avg,0,client_0.pt,0 1 2 4 6,0.20000000,0.13010284,0.11752371,0.25000000,0.23337753,0.14285715,0.37351444,0.17358055
small,dermamnist_224,convnext,,5,0.1,42,avg,1,client_1.pt,0 1 2 3 4 5 6,0.20000000,0.08086269,0.06262059,0.12500000,0.10224868,0.00000000,0.20528792,0.05798230
small,dermamnist_224,convnext,,5,0.1,42,avg,2,client_2.pt,0 2 4,0.20000000,0.08064140,0.08091480,0.06250000,0.10665823,0.14285715,0.35437837,0.05756444
small,dermamnist_224,convnext,,5,0.1,42,avg,3,client_3.pt,1 2 4 5,0.20000000,0.35622111,0.37209448,0.93750000,0.89334178,0.85714287,0.56189561,0.86594414
small,dermamnist_224,convnext,,5,0.1,42,avg,4,client_4.pt,1 4,0.20000000,0.35217190,0.36684647,0.93750000,0.89334178,0.85714287,0.54066682,0.79957043
small,dermamnist_224,convnext,,7,0.0,42,avg,0,client_0.pt,3,0.14285714,0.15079539,0.14223078,0.25000000,0.23337753,0.14285715,0.37351444,0.17358055
small,dermamnist_224,convnext,,7,0.0,42,avg,1,client_1.pt,2,0.14285714,0.04299110,0.03286361,0.00000000,0.00000000,0.00000000,0.00000018,0.00000000
small,dermamnist_224,convnext,,7,0.0,42,avg,2,client_2.pt,6,0.14285714,0.09346723,0.09792557,0.06250000,0.10665823,0.14285715,0.35437837,0.05756444
small,dermamnist_224,convnext,,7,0.0,42,avg,3,client_3.pt,4,0.14285714,0.07450522,0.08219919,0.06250000,0.10665823,0.14285715,0.10665823,0.02332160
small,dermamnist_224,convnext,,7,0.0,42,avg,4,client_4.pt,1,0.14285714,0.15398556,0.15041333,0.25000000,0.25178239,0.14285715,0.40578592,0.19292677
small,dermamnist_224,convnext,,7,0.0,42,avg,5,client_5.pt,5,0.14285714,0.42443642,0.44883803,0.93750000,0.89334178,0.85714287,0.89334178,0.62618892
small,dermamnist_224,convnext,,7,0.0,42,avg,6,client_6.pt,0,0.14285714,0.05981907,0.04552948,0.00000000,0.00000000,0.00000000,0.24087965,0.00000000
small,dermamnist_224,convnext,,7,0.01,42,avg,0,client_0.pt,6,0.14285714,0.09513234,0.08725140,0.25000000,0.23337753,0.14285715,0.37351444,0.17358055
small,dermamnist_224,convnext,,7,0.01,42,avg,1,client_1.pt,3,0.14285714,0.06423118,0.05150590,0.12500000,0.10691974,0.00000000,0.30759117,0.07747837
small,dermamnist_224,convnext,,7,0.01,42,avg,2,client_2.pt,4,0.14285714,0.04700314,0.05042505,0.06250000,0.10665823,0.14285715,0.10665823,0.02332160
small,dermamnist_224,convnext,,7,0.01,42,avg,3,client_3.pt,1,0.14285714,0.23055810,0.23965839,0.81250000,0.77460515,0.71428573,0.59393948,0.66069006
small,dermamnist_224,convnext,,7,0.01,42,avg,4,client_4.pt,0 1 5,0.14285714,0.26766309,0.27527466,0.93750000,0.89334178,0.85714287,0.89079612,0.62654673
small,dermamnist_224,convnext,,7,0.01,42,avg,5,client_5.pt,5 6,0.14285714,0.26776427,0.27533942,0.93750000,0.89334178,0.85714287,0.89333808,0.62619040
small,dermamnist_224,convnext,,7,0.01,42,avg,6,client_6.pt,0 2 3,0.14285714,0.02764790,0.02054520,0.00000000,0.00000000,0.00000000,0.01193679,0.00000000
small,dermamnist_224,convnext,,7,0.1,42,avg,0,client_0.pt,0 1 2 3 4,0.14285714,0.08984217,0.08283701,0.25000000,0.23337753,0.14285715,0.37351444,0.17358055
small,dermamnist_224,convnext,,7,0.1,42,avg,1,client_1.pt,0 2 3 4 5,0.14285714,0.25254753,0.26137084,0.93750000,0.89334178,0.85714287,0.87982488,0.63437054
small,dermamnist_224,convnext,,7,0.1,42,avg,2,client_2.pt,0 4 6,0.14285714,0.02612512,0.01951654,0.00000000,0.00000000,0.00000000,0.01228968,0.00000000
small,dermamnist_224,convnext,,7,0.1,42,avg,3,client_3.pt,1 2 4 5,0.14285714,0.25219423,0.26104581,0.93750000,0.89334178,0.85714287,0.87315667,0.63174056
small,dermamnist_224,convnext,,7,0.1,42,avg,4,client_4.pt,1 3 4,0.14285714,0.09174284,0.08760263,0.25000000,0.25178239,0.14285715,0.40578592,0.19292677
small,dermamnist_224,convnext,,7,0.1,42,avg,5,client_5.pt,0 1 2 5 6,0.14285714,0.25190851,0.26111025,0.93750000,0.89334178,0.85714287,0.85860527,0.64284413
small,dermamnist_224,convnext,,7,0.1,42,avg,6,client_6.pt,0 3 4 5,0.14285714,0.03563952,0.02651694,0.00000000,0.00000000,0.00000000,0.24087965,0.00000000
small,dermamnist_224,resnet,,3,0.0,42,avg,0,client_0.pt,3 4 0,0.33333333,0.09199771,0.07113218,0.00000000,0.00000000,0.00000000,0.01587418,0.00000000
small,dermamnist_224,resnet,,3,0.0,42,avg,1,client_1.pt,2 1,0.33333333,0.08997231,0.06958965,0.00000000,0.00000000,0.00000000,0.00197652,0.00000000
small,dermamnist_224,resnet,,3,0.0,42,avg,2,client_2.pt,6 5,0.33333333,0.81803006,0.85927820,0.87500000,0.82779038,0.71428573,0.82277286,0.53438272
small,dermamnist_224,resnet,,3,0.01,42,morphology,0,client_0.pt,1 3,0.33333333,0.08724837,0.06592728,0.00000000,0.00000000,0.00000000,0.02120698,0.00000000
small,dermamnist_224,resnet,,3,0.01,42,morphology,1,client_1.pt,0 5 6,0.33333333,0.82840604,0.87030607,0.93750000,0.89334178,0.85714287,0.84009844,0.65806991
small,dermamnist_224,resnet,,3,0.01,42,morphology,2,client_2.pt,2 3 4,0.33333333,0.08434565,0.06376655,0.00000000,0.00000000,0.00000000,0.00002790,0.00000000
small,dermamnist_224,resnet,,3,0.1,42,specialist_client,0,client_0.pt,0 1 2 3 5,0.33333333,0.39479995,0.41488755,0.56250000,0.56605929,0.57142860,0.52577531,0.27590846
small,dermamnist_224,resnet,,3,0.1,42,specialist_client,1,client_1.pt,0 1 2 4 5,0.33333333,0.52613544,0.52589756,0.81250000,0.76717097,0.57142860,0.74686354,0.41634239
small,dermamnist_224,resnet,,3,0.1,42,specialist_client,2,client_2.pt,0 2 3 6,0.33333333,0.07906465,0.05921490,0.00000000,0.00000000,0.00000000,0.15509193,0.00000000
small,dermamnist_224,resnet,,5,0.0,42,morphology,0,client_0.pt,3 5,0.20000000,0.52248526,0.56297362,0.62500000,0.60246146,0.42857143,0.56288403,0.33645653
small,dermamnist_224,resnet,,5,0.0,42,morphology,1,client_1.pt,2 0,0.20000000,0.07916573,0.06389211,0.00000000,0.00000000,0.00000000,0.00262287,0.00000000
small,dermamnist_224,resnet,,5,0.0,42,morphology,2,client_2.pt,6,0.20000000,0.11608363,0.09323089,0.00000000,0.00000000,0.00000000,0.29082257,0.00000000
small,dermamnist_224,resnet,,5,0.0,42,morphology,3,client_3.pt,4,0.20000000,0.17420429,0.19304809,0.06250000,0.10665823,0.14285715,0.36612338,0.07239786
small,dermamnist_224,resnet,,5,0.0,42,morphology,4,client_4.pt,1,0.20000000,0.10806113,0.08685538,0.00000000,0.00000000,0.00000000,0.22819492,0.00000000
small,dermamnist_224,resnet,,5,0.01,42,avg,0,client_0.pt,1 4 6,0.20000000,0.08083294,0.06862207,0.00000000,0.00000000,0.00000000,0.00392286,0.00000000
small,dermamnist_224,resnet,,5,0.01,42,avg,1,client_1.pt,0,0.20000000,0.12009233,0.10144126,0.00000000,0.00000000,0.00000000,0.30471158,0.00000000
small,dermamnist_224,resnet,,5,0.01,42,avg,2,client_2.pt,3 4,0.20000000,0.08042831,0.06828380,0.00000000,0.00000000,0.00000000,0.00082272,0.00000000
small,dermamnist_224,resnet,,5,0.01,42,avg,3,client_3.pt,3,0.20000000,0.13620202,0.11490827,0.00000000,0.00000000,0.00000000,0.42813712,0.00000000
small,dermamnist_224,resnet,,5,0.01,42,avg,4,client_4.pt,2 5,0.20000000,0.58244437,0.64674461,0.68750000,0.65333623,0.42857143,0.71195114,0.32808703
small,dermamnist_224,resnet,,5,0.1,42,morphology,0,client_0.pt,0 1 2 4 6,0.20000000,0.06038005,0.04658748,0.00000000,0.00000000,0.00000000,0.14055459,0.00000000
small,dermamnist_224,resnet,,5,0.1,42,morphology,1,client_1.pt,0 1 2 3 4 5 6,0.20000000,0.35113072,0.35413694,0.68750000,0.64879471,0.42857143,0.66129494,0.30535481
small,dermamnist_224,resnet,,5,0.1,42,morphology,2,client_2.pt,0 2 4,0.20000000,0.05054435,0.03909386,0.00000000,0.00000000,0.00000000,0.01741476,0.00000000
small,dermamnist_224,resnet,,5,0.1,42,morphology,3,client_3.pt,1 2 4 5,0.20000000,0.48518261,0.51939803,0.93750000,0.89334178,0.85714287,0.89200109,0.62646434
small,dermamnist_224,resnet,,5,0.1,42,morphology,4,client_4.pt,1 4,0.20000000,0.05276231,0.04078367,0.00000000,0.00000000,0.00000000,0.04518284,0.00000000
small,dermamnist_224,resnet,,7,0.0,42,avg,0,client_0.pt,3,0.14285714,0.07823182,0.06299670,0.00000000,0.00000000,0.00000000,0.31277639,0.00000000
small,dermamnist_224,resnet,,7,0.0,42,avg,1,client_1.pt,2,0.14285714,0.06000035,0.04846622,0.00000000,0.00000000,0.00000000,0.09647389,0.00000000
small,dermamnist_224,resnet,,7,0.0,42,avg,2,client_2.pt,6,0.14285714,0.08046253,0.06477458,0.00000000,0.00000000,0.00000000,0.33924207,0.00000000
small,dermamnist_224,resnet,,7,0.0,42,avg,3,client_3.pt,4,0.14285714,0.10906080,0.12093680,0.06250000,0.10665823,0.14285715,0.32588756,0.03517890
small,dermamnist_224,resnet,,7,0.0,42,avg,4,client_4.pt,1,0.14285714,0.08144395,0.06555677,0.00000000,0.00000000,0.00000000,0.35088590,0.00000000
small,dermamnist_224,resnet,,7,0.0,42,avg,5,client_5.pt,5,0.14285714,0.51095688,0.57298750,0.93750000,0.89334178,0.85714287,0.87403572,0.63476516
small,dermamnist_224,resnet,,7,0.0,42,avg,6,client_6.pt,0,0.14285714,0.07984363,0.06428132,0.00000000,0.00000000,0.00000000,0.33189940,0.00000000
small,dermamnist_224,resnet,,7,0.01,42,avg,0,client_0.pt,6,0.14285714,0.06555392,0.05050892,0.00000000,0.00000000,0.00000000,0.42248943,0.00000000
small,dermamnist_224,resnet,,7,0.01,42,avg,1,client_1.pt,3,0.14285714,0.06324109,0.04874326,0.00000000,0.00000000,0.00000000,0.38587183,0.00000000
small,dermamnist_224,resnet,,7,0.01,42,avg,2,client_2.pt,4,0.14285714,0.08383919,0.08931907,0.06250000,0.10665823,0.14285715,0.34336686,0.05824741
small,dermamnist_224,resnet,,7,0.01,42,avg,3,client_3.pt,1,0.14285714,0.05990350,0.04619527,0.00000000,0.00000000,0.00000000,0.33302984,0.00000000
small,dermamnist_224,resnet,,7,0.01,42,avg,4,client_4.pt,0 1 5,0.14285714,0.30917272,0.32415700,0.75000000,0.71888763,0.57142860,0.72614121,0.45810310
small,dermamnist_224,resnet,,7,0.01,42,avg,5,client_5.pt,5 6,0.14285714,0.37935784,0.41089147,0.93750000,0.89334178,0.85714287,0.77710569,0.69391510
small,dermamnist_224,resnet,,7,0.01,42,avg,6,client_6.pt,0 2 3,0.14285714,0.03893173,0.03018497,0.00000000,0.00000000,0.00000000,0.00099710,0.00000000
small,dermamnist_224,resnet,,7,0.1,42,morphology,0,client_0.pt,0 1 2 3 4,0.14285714,0.04132393,0.03242967,0.00000000,0.00000000,0.00000000,0.01441850,0.00000000
small,dermamnist_224,resnet,,7,0.1,42,morphology,1,client_1.pt,0 2 3 4 5,0.14285714,0.39805633,0.43271241,0.93750000,0.89334178,0.85714287,0.88048297,0.63197771
small,dermamnist_224,resnet,,7,0.1,42,morphology,2,client_2.pt,0 4 6,0.14285714,0.04245763,0.03330598,0.00000000,0.00000000,0.00000000,0.03169682,0.00000000
small,dermamnist_224,resnet,,7,0.1,42,morphology,3,client_3.pt,1 2 4 5,0.14285714,0.13679081,0.13264677,0.25000000,0.23880270,0.14285715,0.33714467,0.11959926
small,dermamnist_224,resnet,,7,0.1,42,morphology,4,client_4.pt,1 3 4,0.14285714,0.04108411,0.03224429,0.00000000,0.00000000,0.00000000,0.01076342,0.00000000
small,dermamnist_224,resnet,,7,0.1,42,morphology,5,client_5.pt,0 1 2 5 6,0.14285714,0.19750005,0.20272774,0.43750000,0.42839095,0.28571430,0.41563693,0.17403941
small,dermamnist_224,resnet,,7,0.1,42,morphology,6,client_6.pt,0 3 4 5,0.14285714,0.14278719,0.13393314,0.25000000,0.22446479,0.14285715,0.42214206,0.12883114
small,dermamnist_224,swin_tiny,,3,0.0,42,prototype_head,0,client_0.pt,3 4 0,0.33333333,0.08501207,0.06441337,0.00000000,0.00000000,0.00000000,0.00504177,0.00000000
small,dermamnist_224,swin_tiny,,3,0.0,42,prototype_head,1,client_1.pt,2 1,0.33333333,0.08435348,0.06392197,0.00000000,0.00000000,0.00000000,0.00023527,0.00000000
small,dermamnist_224,swin_tiny,,3,0.0,42,prototype_head,2,client_2.pt,6 5,0.33333333,0.83063442,0.87166470,0.93750000,0.89334178,0.85714287,0.87701225,0.63037373
small,dermamnist_224,swin_tiny,,3,0.01,42,prototype_head,0,client_0.pt,1 3,0.33333333,0.08632634,0.06460705,0.00000000,0.00000000,0.00000000,0.00468165,0.00000000
small,dermamnist_224,swin_tiny,,3,0.01,42,prototype_head,1,client_1.pt,0 5 6,0.33333333,0.82496089,0.86902726,0.93750000,0.89334178,0.85714287,0.67160106,0.72990013
small,dermamnist_224,swin_tiny,,3,0.01,42,prototype_head,2,client_2.pt,2 3 4,0.33333333,0.08871278,0.06636580,0.00000000,0.00000000,0.00000000,0.02182306,0.00000000
small,dermamnist_224,swin_tiny,,3,0.1,42,prototype_head,0,client_0.pt,0 1 2 3 5,0.33333333,0.46821654,0.47903082,0.93750000,0.89334178,0.85714287,0.58074051,0.76753382
small,dermamnist_224,swin_tiny,,3,0.1,42,prototype_head,1,client_1.pt,0 1 2 4 5,0.33333333,0.48255920,0.48543331,0.93750000,0.89334178,0.85714287,0.81751543,0.68484615
small,dermamnist_224,swin_tiny,,3,0.1,42,prototype_head,2,client_2.pt,0 2 3 6,0.33333333,0.04922427,0.03553585,0.00000000,0.00000000,0.00000000,0.00076300,0.00000000
small,dermamnist_224,swin_tiny,,5,0.0,42,prototype_head,0,client_0.pt,3 5,0.20000000,0.67472714,0.71198183,0.93750000,0.89334178,0.85714287,0.88297707,0.62847267
small,dermamnist_224,swin_tiny,,5,0.0,42,prototype_head,1,client_1.pt,2 0,0.20000000,0.06874297,0.05239916,0.00000000,0.00000000,0.00000000,0.00270667,0.00000000
small,dermamnist_224,swin_tiny,,5,0.0,42,prototype_head,2,client_2.pt,6,0.20000000,0.06947539,0.05294890,0.00000000,0.00000000,0.00000000,0.00929209,0.00000000
small,dermamnist_224,swin_tiny,,5,0.0,42,prototype_head,3,client_3.pt,4,0.20000000,0.11861252,0.13049683,0.06250000,0.10665823,0.14285715,0.10665823,0.02332160
small,dermamnist_224,swin_tiny,,5,0.0,42,prototype_head,4,client_4.pt,1,0.20000000,0.06844194,0.05217322,0.00000000,0.00000000,0.00000000,0.00000000,0.00000000
small,dermamnist_224,swin_tiny,,5,0.01,42,prototype_head,0,client_0.pt,1 4 6,0.20000000,0.06649235,0.05174266,0.00000000,0.00000000,0.00000000,0.00007792,0.00000000
small,dermamnist_224,swin_tiny,,5,0.01,42,prototype_head,1,client_1.pt,0,0.20000000,0.06648394,0.05173621,0.00000000,0.00000000,0.00000000,0.00000000,0.00000000
small,dermamnist_224,swin_tiny,,5,0.01,42,prototype_head,2,client_2.pt,3 4,0.20000000,0.06750635,0.05251959,0.00000000,0.00000000,0.00000000,0.00946360,0.00000000
small,dermamnist_224,swin_tiny,,5,0.01,42,prototype_head,3,client_3.pt,3,0.20000000,0.15227683,0.14075214,0.06250000,0.06154029,0.14285715,0.42797175,0.05466155
small,dermamnist_224,swin_tiny,,5,0.01,42,prototype_head,4,client_4.pt,2 5,0.20000000,0.64724052,0.70324939,0.93750000,0.89334178,0.85714287,0.77096707,0.68084691
small,dermamnist_224,swin_tiny,,5,0.1,42,prototype_head,0,client_0.pt,0 1 2 4 6,0.20000000,0.06849711,0.05343475,0.00000000,0.00000000,0.00000000,0.00283517,0.00000000
small,dermamnist_224,swin_tiny,,5,0.1,42,prototype_head,1,client_1.pt,0 1 2 3 4 5 6,0.20000000,0.13435973,0.10872882,0.06250000,0.05462536,0.00000000,0.34346282,0.01939918
small,dermamnist_224,swin_tiny,,5,0.1,42,prototype_head,2,client_2.pt,0 2 4,0.20000000,0.06965651,0.05432535,0.00000000,0.00000000,0.00000000,0.01329938,0.00000000
small,dermamnist_224,swin_tiny,,5,0.1,42,prototype_head,3,client_3.pt,1 2 4 5,0.20000000,0.65868068,0.72983909,0.93750000,0.89334178,0.85714287,0.61717826,0.83649218
small,dermamnist_224,swin_tiny,,5,0.1,42,prototype_head,4,client_4.pt,1 4,0.20000000,0.06880601,0.05367204,0.00000000,0.00000000,0.00000000,0.00562325,0.00000000
small,dermamnist_224,swin_tiny,,7,0.0,42,prototype_head,0,client_0.pt,3,0.14285714,0.06759981,0.05307603,0.00000000,0.00000000,0.00000000,0.08230411,0.00000000
small,dermamnist_224,swin_tiny,,7,0.0,42,prototype_head,1,client_1.pt,2,0.14285714,0.05962528,0.04689994,0.00000000,0.00000000,0.00000000,0.00000000,0.00000000
small,dermamnist_224,swin_tiny,,7,0.0,42,prototype_head,2,client_2.pt,6,0.14285714,0.06153136,0.04837615,0.00000000,0.00000000,0.00000000,0.01967240,0.00000000
small,dermamnist_224,swin_tiny,,7,0.0,42,prototype_head,3,client_3.pt,4,0.14285714,0.10333291,0.11730719,0.06250000,0.10665823,0.14285715,0.10665823,0.02332160
small,dermamnist_224,swin_tiny,,7,0.0,42,prototype_head,4,client_4.pt,1,0.14285714,0.05962528,0.04689994,0.00000000,0.00000000,0.00000000,0.00000000,0.00000000
small,dermamnist_224,swin_tiny,,7,0.0,42,prototype_head,5,client_5.pt,5,0.14285714,0.58866012,0.64054072,0.93750000,0.89334178,0.85714287,0.89334178,0.62618892
small,dermamnist_224,swin_tiny,,7,0.0,42,prototype_head,6,client_6.pt,0,0.14285714,0.05962528,0.04689994,0.00000000,0.00000000,0.00000000,0.00000001,0.00000000
small,dermamnist_224,swin_tiny,,7,0.01,42,prototype_head,0,client_0.pt,6,0.14285714,0.03995197,0.03006315,0.00000000,0.00000000,0.00000000,0.01036681,0.00000000
small,dermamnist_224,swin_tiny,,7,0.01,42,prototype_head,1,client_1.pt,3,0.14285714,0.03990196,0.03002609,0.00000000,0.00000000,0.00000000,0.00958349,0.00000000
small,dermamnist_224,swin_tiny,,7,0.01,42,prototype_head,2,client_2.pt,4,0.14285714,0.06809124,0.07396774,0.06250000,0.10665823,0.14285715,0.10665823,0.02332160
small,dermamnist_224,swin_tiny,,7,0.01,42,prototype_head,3,client_3.pt,1,0.14285714,0.03929009,0.02957263,0.00000000,0.00000000,0.00000000,0.00000000,0.00000000
small,dermamnist_224,swin_tiny,,7,0.01,42,prototype_head,4,client_4.pt,0 1 5,0.14285714,0.38745353,0.40362525,0.93750000,0.89334178,0.85714287,0.88524139,0.62784069
small,dermamnist_224,swin_tiny,,7,0.01,42,prototype_head,5,client_5.pt,5 6,0.14285714,0.38594371,0.40311506,0.93750000,0.89334178,0.85714287,0.85056669,0.64376885
small,dermamnist_224,swin_tiny,,7,0.01,42,prototype_head,6,client_6.pt,0 2 3,0.14285714,0.03936760,0.02963008,0.00000000,0.00000000,0.00000000,0.00121406,0.00000000
small,dermamnist_224,swin_tiny,,7,0.1,42,prototype_head,0,client_0.pt,0 1 2 3 4,0.14285714,0.04063004,0.03080026,0.00000000,0.00000000,0.00000000,0.05238172,0.00000000
small,dermamnist_224,swin_tiny,,7,0.1,42,prototype_head,1,client_1.pt,0 2 3 4 5,0.14285714,0.36952630,0.38808966,0.93750000,0.89334178,0.85714287,0.88996422,0.62787183
small,dermamnist_224,swin_tiny,,7,0.1,42,prototype_head,2,client_2.pt,0 4 6,0.14285714,0.03900761,0.02958781,0.00000000,0.00000000,0.00000000,0.02571666,0.00000000
small,dermamnist_224,swin_tiny,,7,0.1,42,prototype_head,3,client_3.pt,1 2 4 5,0.14285714,0.11758439,0.10884057,0.25000000,0.22730571,0.14285715,0.19393182,0.10655138
small,dermamnist_224,swin_tiny,,7,0.1,42,prototype_head,4,client_4.pt,1 3 4,0.14285714,0.03862664,0.02930311,0.00000000,0.00000000,0.00000000,0.01945531,0.00000000
small,dermamnist_224,swin_tiny,,7,0.1,42,prototype_head,5,client_5.pt,0 1 2 5 6,0.14285714,0.35315004,0.38194686,0.93750000,0.89334178,0.85714287,0.50591379,0.79384116
small,dermamnist_224,swin_tiny,,7,0.1,42,prototype_head,6,client_6.pt,0 3 4 5,0.14285714,0.04147495,0.03143168,0.00000000,0.00000000,0.00000000,0.06626821,0.00000000
small,dermamnist_224,vit_t,,3,0.0,42,prototype_head,0,client_0.pt,3 4 0,0.33333333,0.08423627,0.06387408,0.00000000,0.00000000,0.00000000,0.00008758,0.00000000
small,dermamnist_224,vit_t,,3,0.0,42,prototype_head,1,client_1.pt,2 1,0.33333333,0.08424604,0.06388137,0.00000000,0.00000000,0.00000000,0.00015893,0.00000000
small,dermamnist_224,vit_t,,3,0.0,42,prototype_head,2,client_2.pt,6 5,0.33333333,0.83151770,0.87224454,0.93750000,0.89334178,0.85714287,0.89334095,0.62618892
small,dermamnist_224,vit_t,,3,0.01,42,prototype_head,0,client_0.pt,1 3,0.33333333,0.08473621,0.06399807,0.00000000,0.00000000,0.00000000,0.00001891,0.00000000
small,dermamnist_224,vit_t,,3,0.01,42,prototype_head,1,client_1.pt,0 5 6,0.33333333,0.83044368,0.87194139,0.93750000,0.89334178,0.85714287,0.82855016,0.65576048
small,dermamnist_224,vit_t,,3,0.01,42,prototype_head,2,client_2.pt,2 3 4,0.33333333,0.08482017,0.06406051,0.00000000,0.00000000,0.00000000,0.00062874,0.00000000
small,dermamnist_224,vit_t,,3,0.1,42,prototype_head,0,client_0.pt,0 1 2 3 5,0.33333333,0.47265708,0.51407254,0.18750000,0.17995702,0.14285715,0.18167794,0.06796264
small,dermamnist_224,vit_t,,3,0.1,42,prototype_head,1,client_1.pt,0 1 2 4 5,0.33333333,0.35139307,0.33151981,0.12500000,0.10781062,0.00000000,0.10586128,0.03904009
small,dermamnist_224,vit_t,,3,0.1,42,prototype_head,2,client_2.pt,0 2 3 6,0.33333333,0.17594983,0.15440761,0.00000000,0.00000000,0.00000000,0.00002276,0.00000000
small,dermamnist_224,vit_t,,5,0.0,42,prototype_head,0,client_0.pt,3 5,0.20000000,0.59686142,0.63626891,0.68750000,0.65711683,0.57142860,0.62424004,0.44989148
small,dermamnist_224,vit_t,,5,0.0,42,prototype_head,1,client_1.pt,2 0,0.20000000,0.08078273,0.06320707,0.00000000,0.00000000,0.00000000,0.00002860,0.00000000
small,dermamnist_224,vit_t,,5,0.0,42,prototype_head,2,client_2.pt,6,0.20000000,0.10157876,0.07922825,0.00000000,0.00000000,0.00000000,0.15845549,0.00000000
small,dermamnist_224,vit_t,,5,0.0,42,prototype_head,3,client_3.pt,4,0.20000000,0.13999321,0.15808783,0.06250000,0.10665823,0.14285715,0.10665908,0.02332192
small,dermamnist_224,vit_t,,5,0.0,42,prototype_head,4,client_4.pt,1,0.20000000,0.08078389,0.06320797,0.00000000,0.00000000,0.00000000,0.00003751,0.00000000
small,dermamnist_224,vit_t,,5,0.01,42,prototype_head,0,client_0.pt,1 4 6,0.20000000,0.04553958,0.03504392,0.00000000,0.00000000,0.00000000,0.00000040,0.00000000
small,dermamnist_224,vit_t,,5,0.01,42,prototype_head,1,client_1.pt,0,0.20000000,0.08489312,0.06658379,0.06250000,0.04762333,0.00000000,0.26823932,0.03346533
small,dermamnist_224,vit_t,,5,0.01,42,prototype_head,2,client_2.pt,3 4,0.20000000,0.04871991,0.03745362,0.00000000,0.00000000,0.00000000,0.04297677,0.00000000
small,dermamnist_224,vit_t,,5,0.01,42,prototype_head,3,client_3.pt,3,0.20000000,0.37929341,0.38486570,0.81250000,0.73814881,0.57142860,0.67124575,0.52315610
small,dermamnist_224,vit_t,,5,0.01,42,prototype_head,4,client_4.pt,2 5,0.20000000,0.44155392,0.47605294,0.93750000,0.89334178,0.85714287,0.73068005,0.70415938
small,dermamnist_224,vit_t,,5,0.1,42,prototype_head,0,client_0.pt,0 1 2 4 6,0.20000000,0.06678214,0.05312346,0.00000000,0.00000000,0.00000000,0.00005899,0.00000000
small,dermamnist_224,vit_t,,5,0.1,42,prototype_head,1,client_1.pt,0 1 2 3 4 5 6,0.20000000,0.10928597,0.09064485,0.06250000,0.05462536,0.00000000,0.14262506,0.01264100
small,dermamnist_224,vit_t,,5,0.1,42,prototype_head,2,client_2.pt,0 2 4,0.20000000,0.06685171,0.05317795,0.00000000,0.00000000,0.00000000,0.00070018,0.00000000
small,dermamnist_224,vit_t,,5,0.1,42,prototype_head,3,client_3.pt,1 2 4 5,0.20000000,0.65898144,0.72540194,0.93750000,0.89334178,0.85714287,0.88936710,0.62829938
small,dermamnist_224,vit_t,,5,0.1,42,prototype_head,4,client_4.pt,1 4,0.20000000,0.09809870,0.07765176,0.00000000,0.00000000,0.00000000,0.28866285,0.00000000
small,dermamnist_224,vit_t,,7,0.0,42,prototype_head,0,client_0.pt,3,0.14285714,0.07120442,0.05487878,0.00000000,0.00000000,0.00000000,0.18594888,0.00000000
small,dermamnist_224,vit_t,,7,0.0,42,prototype_head,1,client_1.pt,2,0.14285714,0.05468229,0.04229581,0.00000000,0.00000000,0.00000000,0.00000909,0.00000000
small,dermamnist_224,vit_t,,7,0.0,42,prototype_head,2,client_2.pt,6,0.14285714,0.06876143,0.05301824,0.00000000,0.00000000,0.00000000,0.15845549,0.00000000
small,dermamnist_224,vit_t,,7,0.0,42,prototype_head,3,client_3.pt,4,0.14285714,0.09476526,0.10578980,0.06250000,0.10665823,0.14285715,0.10665968,0.02332175
small,dermamnist_224,vit_t,,7,0.0,42,prototype_head,4,client_4.pt,1,0.14285714,0.05468529,0.04229809,0.00000000,0.00000000,0.00000000,0.00004287,0.00000000
small,dermamnist_224,vit_t,,7,0.0,42,prototype_head,5,client_5.pt,5,0.14285714,0.53985101,0.57765043,0.93750000,0.89334178,0.85714287,0.89333272,0.62618964
small,dermamnist_224,vit_t,,7,0.0,42,prototype_head,6,client_6.pt,0,0.14285714,0.11605030,0.12406884,0.06250000,0.10665823,0.14285715,0.31999868,0.06116977
small,dermamnist_224,vit_t,,7,0.01,42,prototype_head,0,client_0.pt,6,0.14285714,0.04976744,0.03727962,0.00000000,0.00000000,0.00000000,0.18594888,0.00000000
small,dermamnist_224,vit_t,,7,0.01,42,prototype_head,1,client_1.pt,3,0.14285714,0.07124631,0.05459014,0.06250000,0.04762333,0.00000000,0.26823932,0.03346533
small,dermamnist_224,vit_t,,7,0.01,42,prototype_head,2,client_2.pt,4,0.14285714,0.06623521,0.07186408,0.06250000,0.10665823,0.14285715,0.10666313,0.02332176
small,dermamnist_224,vit_t,,7,0.01,42,prototype_head,3,client_3.pt,1,0.14285714,0.03821991,0.02873221,0.00000000,0.00000000,0.00000000,0.00001564,0.00000000
small,dermamnist_224,vit_t,,7,0.01,42,prototype_head,4,client_4.pt,0 1 5,0.14285714,0.37195888,0.39078009,0.93750000,0.89334178,0.85714287,0.76321459,0.68940123
small,dermamnist_224,vit_t,,7,0.01,42,prototype_head,5,client_5.pt,5 6,0.14285714,0.36434296,0.38801485,0.93750000,0.89334178,0.85714287,0.58703578,0.76675228
small,dermamnist_224,vit_t,,7,0.01,42,prototype_head,6,client_6.pt,0 2 3,0.14285714,0.03822926,0.02873912,0.00000000,0.00000000,0.00000000,0.00016617,0.00000000
small,dermamnist_224,vit_t,,7,0.1,42,prototype_head,0,client_0.pt,0 1 2 3 4,0.14285714,0.03255498,0.02423548,0.00000000,0.00000000,0.00000000,0.00124461,0.00000000
small,dermamnist_224,vit_t,,7,0.1,42,prototype_head,1,client_1.pt,0 2 3 4 5,0.14285714,0.31916675,0.32985732,0.93750000,0.89334178,0.85714287,0.84815937,0.64798375
small,dermamnist_224,vit_t,,7,0.1,42,prototype_head,2,client_2.pt,0 4 6,0.14285714,0.03250287,0.02419728,0.00000000,0.00000000,0.00000000,0.00025764,0.00000000
small,dermamnist_224,vit_t,,7,0.1,42,prototype_head,3,client_3.pt,1 2 4 5,0.14285714,0.07797389,0.06980522,0.12500000,0.11383467,0.14285715,0.24783906,0.06501638
small,dermamnist_224,vit_t,,7,0.1,42,prototype_head,4,client_4.pt,1 3 4,0.14285714,0.03249492,0.02419146,0.00000000,0.00000000,0.00000000,0.00010708,0.00000000
small,dermamnist_224,vit_t,,7,0.1,42,prototype_head,5,client_5.pt,0 1 2 5 6,0.14285714,0.18898727,0.19856535,0.50000000,0.49749881,0.57142860,0.46091366,0.33022163
small,dermamnist_224,vit_t,,7,0.1,42,prototype_head,6,client_6.pt,0 3 4 5,0.14285714,0.31631929,0.32914793,0.93750000,0.89334178,0.85714287,0.76370853,0.69206339
small,organcmnist_224,convnext,,3,0.0,42,morphology,0,client_0.pt,6 10 2 1,0.33333333,0.25218326,0.24758177,0.06250000,0.07279108,0.14285715,0.08887970,0.02765264
small,organcmnist_224,convnext,,3,0.0,42,morphology,1,client_1.pt,7 3 4 8,0.33333333,0.46013489,0.53603554,0.18750000,0.22848104,0.42857143,0.21603438,0.14825429
small,organcmnist_224,convnext,,3,0.0,42,morphology,2,client_2.pt,0 5 9,0.33333333,0.28768194,0.21638267,0.12500000,0.08984827,0.00000000,0.09018555,0.01936924
small,organcmnist_224,convnext,,3,0.01,42,consensus,0,client_0.pt,0 4 6 7 10,0.33333333,0.35077536,0.32402503,0.12500000,0.09012485,0.00000000,0.08721747,0.02047160
small,organcmnist_224,convnext,,3,0.01,42,consensus,1,client_1.pt,1 2 5 9,0.33333333,0.29799819,0.35211241,0.06250000,0.06743758,0.14285715,0.06086600,0.01851188
small,organcmnist_224,convnext,,3,0.01,42,consensus,2,client_2.pt,3 5 8,0.33333333,0.35122639,0.32386249,0.12500000,0.08984827,0.00000000,0.08938018,0.01957194
small,organcmnist_224,convnext,,3,0.1,42,morph_anchor,0,client_0.pt,0 1 2 3 7 8 9 10,0.33333333,0.19569983,0.18104415,0.06250000,0.06743758,0.14285715,0.06721857,0.01781112
small,organcmnist_224,convnext,,3,0.1,42,morph_anchor,1,client_1.pt,3 4 5 6 7 8,0.33333333,0.36095896,0.40501031,0.18750000,0.22848104,0.42857143,0.19465116,0.13342937
small,organcmnist_224,convnext,,3,0.1,42,morph_anchor,2,client_2.pt,0 2 3 4 5 6 9 10,0.33333333,0.44334123,0.41394553,0.31250000,0.28942031,0.28571430,0.26281017,0.08969959
small,organcmnist_224,convnext,,5,0.0,42,specialist_client,0,client_0.pt,6 5 8,0.20000000,0.21595132,0.24743941,0.06250000,0.07279108,0.14285715,0.07761609,0.02229637
small,organcmnist_224,convnext,,5,0.0,42,specialist_client,1,client_1.pt,7 2,0.20000000,0.21393718,0.23966636,0.06250000,0.06743758,0.14285715,0.07273740,0.01537645
small,organcmnist_224,convnext,,5,0.0,42,specialist_client,2,client_2.pt,0 4,0.20000000,0.12819143,0.11379311,0.00000000,0.00000000,0.00000000,0.00003344,0.00000000
small,organcmnist_224,convnext,,5,0.0,42,specialist_client,3,client_3.pt,10 9,0.20000000,0.25451156,0.22734880,0.12500000,0.09012485,0.00000000,0.09469175,0.04478749
small,organcmnist_224,convnext,,5,0.0,42,specialist_client,4,client_4.pt,3 1,0.20000000,0.18740855,0.17175235,0.06250000,0.04969323,0.00000000,0.02698888,0.02448036
small,organcmnist_224,convnext,,5,0.01,42,morphology,0,client_0.pt,2 4 10,0.20000000,0.16849285,0.16826820,0.06250000,0.06743758,0.14285715,0.06759354,0.01425920
small,organcmnist_224,convnext,,5,0.01,42,morphology,1,client_1.pt,4 5 8,0.20000000,0.19792408,0.15476067,0.12500000,0.08984827,0.00000000,0.08995319,0.01936527
small,organcmnist_224,convnext,,5,0.01,42,morphology,2,client_2.pt,0 1 6 9,0.20000000,0.21999624,0.21970688,0.12500000,0.12925541,0.14285715,0.12925436,0.02883281
small,organcmnist_224,convnext,,5,0.01,42,morphology,3,client_3.pt,7 8,0.20000000,0.31204620,0.37695906,0.18750000,0.22848104,0.42857143,0.20776168,0.12004989
small,organcmnist_224,convnext,,5,0.01,42,morphology,4,client_4.pt,1 3 7 8,0.20000000,0.10154071,0.08030518,0.00000000,0.00000000,0.00000000,0.00000022,0.00000000
small,organcmnist_224,convnext,,5,0.1,42,morphology,0,client_0.pt,0 1 2 3 5 6 9,0.20000000,0.16904873,0.16816528,0.06250000,0.07279108,0.14285715,0.08274715,0.02471155
small,organcmnist_224,convnext,,5,0.1,42,morphology,1,client_1.pt,1 2 3 4 5 7 8 9 10,0.20000000,0.30558336,0.35904601,0.18750000,0.22848104,0.42857143,0.21027237,0.10951269
small,organcmnist_224,convnext,,5,0.1,42,morphology,2,client_2.pt,0 1 2 4 5 7 8 9 10,0.20000000,0.16443504,0.16198768,0.06250000,0.06743758,0.14285715,0.04940877,0.03172891
small,organcmnist_224,convnext,,5,0.1,42,morphology,3,client_3.pt,0 1 2 4 5 7 9 10,0.20000000,0.16566105,0.16122670,0.06250000,0.06743758,0.14285715,0.06876949,0.01469517
small,organcmnist_224,convnext,,5,0.1,42,morphology,4,client_4.pt,0 2 3 4 5 6 7 8 9,0.20000000,0.19527185,0.14957426,0.12500000,0.08984827,0.00000000,0.09047118,0.02713631
small,organcmnist_224,convnext,,7,0.0,42,morphology,0,client_0.pt,6 4,0.14285714,0.12949926,0.13930935,0.06250000,0.07279108,0.14285715,0.05326131,0.02569089
small,organcmnist_224,convnext,,7,0.0,42,morphology,1,client_1.pt,7 9,0.14285714,0.15529564,0.13319236,0.12500000,0.10073023,0.00000000,0.10436594,0.02360765
small,organcmnist_224,convnext,,7,0.0,42,morphology,2,client_2.pt,0 1,0.14285714,0.07853600,0.06498425,0.00000000,0.00000000,0.00000000,0.00000670,0.00000000
small,organcmnist_224,convnext,,7,0.0,42,morphology,3,client_3.pt,10 8,0.14285714,0.23683387,0.30290031,0.18750000,0.22848104,0.42857143,0.15970215,0.13838189
small,organcmnist_224,convnext,,7,0.0,42,morphology,4,client_4.pt,3,0.14285714,0.11646929,0.09824440,0.06250000,0.04969323,0.00000000,0.04969379,0.01035012
small,organcmnist_224,convnext,,7,0.0,42,morphology,5,client_5.pt,5,0.14285714,0.15306772,0.12522201,0.12500000,0.08984827,0.00000000,0.08984827,0.01936132
small,organcmnist_224,convnext,,7,0.0,42,morphology,6,client_6.pt,2,0.14285714,0.13029820,0.13614732,0.06250000,0.06743758,0.14285715,0.06743759,0.01425666
small,organcmnist_224,convnext,,7,0.01,42,morphology,0,client_0.pt,2 6,0.14285714,0.12167908,0.13048077,0.06250000,0.07279108,0.14285715,0.07245507,0.01766526
small,organcmnist_224,convnext,,7,0.01,42,morphology,1,client_1.pt,0 5,0.14285714,0.14196485,0.11670994,0.12500000,0.08984827,0.00000000,0.09018586,0.01945806
small,organcmnist_224,convnext,,7,0.01,42,morphology,2,client_2.pt,2 3 8,0.14285714,0.12082397,0.12686199,0.06250000,0.06743758,0.14285715,0.06753788,0.01432901
small,organcmnist_224,convnext,,7,0.01,42,morphology,3,client_3.pt,10,0.14285714,0.14195520,0.11683681,0.12500000,0.09012485,0.00000000,0.09012664,0.01942562
small,organcmnist_224,convnext,,7,0.01,42,morphology,4,client_4.pt,1 7 9,0.14285714,0.15866062,0.17430486,0.12500000,0.14354566,0.14285715,0.12950413,0.03949724
small,organcmnist_224,convnext,,7,0.01,42,morphology,5,client_5.pt,0 1 4 7,0.14285714,0.17295462,0.21796104,0.12500000,0.17434758,0.28571430,0.15388742,0.05178916
small,organcmnist_224,convnext,,7,0.01,42,morphology,6,client_6.pt,1 5 10,0.14285714,0.14196165,0.11684470,0.12500000,0.09012485,0.00000000,0.09015827,0.01945882
small,organcmnist_224,convnext,,7,0.1,42,avg,0,client_0.pt,0 1 2 3 8 9,0.14285714,0.15443452,0.16937219,0.06250000,0.06743758,0.14285715,0.05417492,0.03226546
small,organcmnist_224,convnext,,7,0.1,42,avg,1,client_1.pt,1 4 5 7 8 10,0.14285714,0.18194005,0.15487254,0.12500000,0.09012485,0.00000000,0.09092721,0.02139844
small,organcmnist_224,convnext,,7,0.1,42,avg,2,client_2.pt,0 1 4 5 6 9,0.14285714,0.09322156,0.08005767,0.00000000,0.00000000,0.00000000,0.00043668,0.00000000
small,organcmnist_224,convnext,,7,0.1,42,avg,3,client_3.pt,2 3 4 5 7 8 9,0.14285714,0.15462264,0.16767018,0.06250000,0.06743758,0.14285715,0.06788018,0.01426416
small,organcmnist_224,convnext,,7,0.1,42,avg,4,client_4.pt,0 2 3 4 5 6 8 9,0.14285714,0.15456203,0.16761820,0.06250000,0.06743758,0.14285715,0.06748427,0.01425743
small,organcmnist_224,convnext,,7,0.1,42,avg,5,client_5.pt,1 2 4 6 9,0.14285714,0.09870616,0.08469537,0.00000000,0.00000000,0.00000000,0.03666786,0.00000000
small,organcmnist_224,convnext,,7,0.1,42,avg,6,client_6.pt,0 2 7 9 10,0.14285714,0.16251309,0.17571384,0.06250000,0.06743758,0.14285715,0.11081973,0.02753098
small,organcmnist_224,resnet,,3,0.0,42,consensus,0,client_0.pt,6 10 2 1,0.33333333,0.24172089,0.24193269,0.12500000,0.14022866,0.28571430,0.16311660,0.03245002
small,organcmnist_224,resnet,,3,0.0,42,consensus,1,client_1.pt,7 3 4 8,0.33333333,0.45999560,0.53915739,0.31250000,0.40282863,0.71428573,0.41031402,0.15391853
small,organcmnist_224,resnet,,3,0.0,42,consensus,2,client_2.pt,0 5 9,0.33333333,0.29828352,0.21890992,0.25000000,0.19057849,0.00000000,0.19047016,0.04511788
small,organcmnist_224,resnet,,3,0.01,42,avg,0,client_0.pt,0 4 6 7 10,0.33333333,0.36742184,0.42840543,0.12500000,0.16005735,0.28571430,0.18636085,0.04302014
small,organcmnist_224,resnet,,3,0.01,42,avg,1,client_1.pt,1 2 5 9,0.33333333,0.32819194,0.33002546,0.12500000,0.12390193,0.14285715,0.11372614,0.04541641
small,organcmnist_224,resnet,,3,0.01,42,avg,2,client_2.pt,3 5 8,0.33333333,0.30438623,0.24156910,0.12500000,0.08984827,0.00000000,0.12273571,0.02011730
small,organcmnist_224,resnet,,3,0.1,42,avg,0,client_0.pt,0 1 2 3 7 8 9 10,0.33333333,0.43486321,0.45477512,0.43750000,0.43264028,0.42857143,0.42527097,0.13618295
small,organcmnist_224,resnet,,3,0.1,42,avg,1,client_1.pt,3 4 5 6 7 8,0.33333333,0.27538440,0.25956285,0.25000000,0.22662280,0.14285715,0.21219806,0.10731140
small,organcmnist_224,resnet,,3,0.1,42,avg,2,client_2.pt,0 2 3 4 5 6 9 10,0.33333333,0.28975236,0.28566200,0.25000000,0.23007692,0.28571430,0.25979090,0.05863938
small,organcmnist_224,resnet,,5,0.0,42,morphology,0,client_0.pt,6 5 8,0.20000000,0.35433728,0.39423746,0.37500000,0.39112037,0.57142860,0.39401072,0.11531735
small,organcmnist_224,resnet,,5,0.0,42,morphology,1,client_1.pt,7 2,0.20000000,0.23385406,0.27890450,0.18750000,0.24178517,0.42857143,0.25789842,0.06450949
small,organcmnist_224,resnet,,5,0.0,42,morphology,2,client_2.pt,0 4,0.20000000,0.07843166,0.06085759,0.00000000,0.00000000,0.00000000,0.02280141,0.00000000
small,organcmnist_224,resnet,,5,0.0,42,morphology,3,client_3.pt,10 9,0.20000000,0.21974139,0.17590991,0.25000000,0.19085509,0.00000000,0.16113122,0.07214506
small,organcmnist_224,resnet,,5,0.0,42,morphology,4,client_4.pt,3 1,0.20000000,0.11363563,0.09009061,0.06250000,0.04969323,0.00000000,0.05992600,0.01291322
small,organcmnist_224,resnet,,5,0.01,42,morphology,0,client_0.pt,2 4 10,0.20000000,0.14713079,0.11940935,0.18750000,0.15756243,0.14285715,0.12614125,0.05959773
small,organcmnist_224,resnet,,5,0.01,42,morphology,1,client_1.pt,4 5 8,0.20000000,0.19018593,0.17387331,0.25000000,0.24135178,0.28571430,0.22186808,0.11997967
small,organcmnist_224,resnet,,5,0.01,42,morphology,2,client_2.pt,0 1 6 9,0.20000000,0.15207750,0.13437326,0.18750000,0.19454451,0.14285715,0.18411618,0.05316277
small,organcmnist_224,resnet,,5,0.01,42,morphology,3,client_3.pt,7 8,0.20000000,0.25482386,0.28612894,0.31250000,0.40282863,0.71428573,0.40718406,0.13427974
small,organcmnist_224,resnet,,5,0.01,42,morphology,4,client_4.pt,1 3 7 8,0.20000000,0.25578183,0.28621519,0.31250000,0.40282863,0.71428573,0.42525798,0.12314420
small,organcmnist_224,resnet,,5,0.1,42,specialist_client,0,client_0.pt,0 1 2 3 5 6 9,0.20000000,0.13502277,0.12230536,0.12500000,0.11417792,0.14285715,0.15577544,0.03508480
small,organcmnist_224,resnet,,5,0.1,42,specialist_client,1,client_1.pt,1 2 3 4 5 7 8 9 10,0.20000000,0.11292625,0.10489351,0.06250000,0.06743758,0.14285715,0.18589924,0.01633631
small,organcmnist_224,resnet,,5,0.1,42,specialist_client,2,client_2.pt,0 1 2 4 5 7 8 9 10,0.20000000,0.31654114,0.33312586,0.43750000,0.43803573,0.57142860,0.43985629,0.15661174
small,organcmnist_224,resnet,,5,0.1,42,specialist_client,3,client_3.pt,0 1 2 4 5 7 9 10,0.20000000,0.18637979,0.21755700,0.18750000,0.24178517,0.42857143,0.22170068,0.08813070
small,organcmnist_224,resnet,,5,0.1,42,specialist_client,4,client_4.pt,0 2 3 4 5 6 7 8 9,0.20000000,0.24913007,0.22211830,0.37500000,0.32865867,0.14285715,0.28602046,0.12325183
small,organcmnist_224,resnet,,7,0.0,42,morphology,0,client_0.pt,6 4,0.14285714,0.10882563,0.11240172,0.06250000,0.07279108,0.14285715,0.07317691,0.01548002
small,organcmnist_224,resnet,,7,0.0,42,morphology,1,client_1.pt,7 9,0.14285714,0.22000168,0.24392365,0.25000000,0.27507782,0.28571430,0.27468416,0.07209575
small,organcmnist_224,resnet,,7,0.0,42,morphology,2,client_2.pt,0 1,0.14285714,0.06854721,0.05491671,0.00000000,0.00000000,0.00000000,0.03186565,0.00000000
small,organcmnist_224,resnet,,7,0.0,42,morphology,3,client_3.pt,10 8,0.14285714,0.25770304,0.28884467,0.31250000,0.31860590,0.42857143,0.27106681,0.11732392
small,organcmnist_224,resnet,,7,0.0,42,morphology,4,client_4.pt,3,0.14285714,0.10425455,0.08511034,0.06250000,0.04969323,0.00000000,0.12033487,0.01200195
small,organcmnist_224,resnet,,7,0.0,42,morphology,5,client_5.pt,5,0.14285714,0.12819926,0.10165355,0.12500000,0.08984827,0.00000000,0.10058606,0.01988836
small,organcmnist_224,resnet,,7,0.0,42,morphology,6,client_6.pt,2,0.14285714,0.11246863,0.11314934,0.06250000,0.06743758,0.14285715,0.10587797,0.01793203
small,organcmnist_224,resnet,,7,0.01,42,consensus,0,client_0.pt,2 6,0.14285714,0.13060634,0.14320359,0.12500000,0.14022866,0.28571430,0.13932021,0.03199779
small,organcmnist_224,resnet,,7,0.01,42,consensus,1,client_1.pt,0 5,0.14285714,0.10972413,0.08526718,0.12500000,0.08984827,0.00000000,0.09462880,0.01946862
small,organcmnist_224,resnet,,7,0.01,42,consensus,2,client_2.pt,2 3 8,0.14285714,0.20870739,0.25176775,0.25000000,0.29591864,0.57142860,0.30459040,0.08301965
small,organcmnist_224,resnet,,7,0.01,42,consensus,3,client_3.pt,10,0.14285714,0.13538417,0.10765738,0.12500000,0.09012485,0.00000000,0.34668159,0.06218823
small,organcmnist_224,resnet,,7,0.01,42,consensus,4,client_4.pt,1 7 9,0.14285714,0.16059676,0.18478157,0.18750000,0.23081192,0.28571430,0.19665910,0.07739955
small,organcmnist_224,resnet,,7,0.01,42,consensus,5,client_5.pt,0 1 4 7,0.14285714,0.09389221,0.10127518,0.06250000,0.08708131,0.14285715,0.06262359,0.03494848
small,organcmnist_224,resnet,,7,0.01,42,consensus,6,client_6.pt,1 5 10,0.14285714,0.16108906,0.12604737,0.25000000,0.17997311,0.00000000,0.14889599,0.06094131
small,organcmnist_224,resnet,,7,0.1,42,morph_anchor,0,client_0.pt,0 1 2 3 8 9,0.14285714,0.04867915,0.03544942,0.00000000,0.00000000,0.00000000,0.05077715,0.00000000
small,organcmnist_224,resnet,,7,0.1,42,morph_anchor,1,client_1.pt,1 4 5 7 8 10,0.14285714,0.19787900,0.23773594,0.31250000,0.40282863,0.71428573,0.32982019,0.17511762
small,organcmnist_224,resnet,,7,0.1,42,morph_anchor,2,client_2.pt,0 1 4 5 6 9,0.14285714,0.07484405,0.07040843,0.06250000,0.07279108,0.14285715,0.06887413,0.01685140
small,organcmnist_224,resnet,,7,0.1,42,morph_anchor,3,client_3.pt,2 3 4 5 7 8 9,0.14285714,0.16334751,0.17478524,0.25000000,0.29147840,0.42857143,0.33606523,0.08470884
small,organcmnist_224,resnet,,7,0.1,42,morph_anchor,4,client_4.pt,0 2 3 4 5 6 8 9,0.14285714,0.21549672,0.19127172,0.43750000,0.38050041,0.28571430,0.39278081,0.11892934
small,organcmnist_224,resnet,,7,0.1,42,morph_anchor,5,client_5.pt,1 2 4 6 9,0.14285714,0.14865929,0.14113791,0.25000000,0.24095890,0.28571430,0.23961751,0.06066642
small,organcmnist_224,resnet,,7,0.1,42,morph_anchor,6,client_6.pt,0 2 7 9 10,0.14285714,0.15109433,0.14921129,0.25000000,0.26010361,0.28571430,0.25368527,0.08847934
small,organcmnist_224,swin_tiny,,3,0.0,42,prototype_head,0,client_0.pt,6 10 2 1,0.33333333,0.36009207,0.41629732,0.06250000,0.06743758,0.14285715,0.07092042,0.03269024
small,organcmnist_224,swin_tiny,,3,0.0,42,prototype_head,1,client_1.pt,7 3 4 8,0.33333333,0.21439086,0.19475663,0.00000000,0.00000000,0.00000000,0.00216122,0.00000000
small,organcmnist_224,swin_tiny,,3,0.0,42,prototype_head,2,client_2.pt,0 5 9,0.33333333,0.42551711,0.38894600,0.12500000,0.08984827,0.00000000,0.09740062,0.04641524
small,organcmnist_224,swin_tiny,,3,0.01,42,prototype_head,0,client_0.pt,0 4 6 7 10,0.33333333,0.31987852,0.34519827,0.12500000,0.12191146,0.14285715,0.09225513,0.05103289
small,organcmnist_224,swin_tiny,,3,0.01,42,prototype_head,1,client_1.pt,1 2 5 9,0.33333333,0.38759011,0.40561858,0.18750000,0.16816781,0.14285715,0.11432414,0.07298187
small,organcmnist_224,swin_tiny,,3,0.01,42,prototype_head,2,client_2.pt,3 5 8,0.33333333,0.29253143,0.24918315,0.12500000,0.08984827,0.00000000,0.08994432,0.01938089
small,organcmnist_224,swin_tiny,,3,0.1,42,prototype_head,0,client_0.pt,0 1 2 3 7 8 9 10,0.33333333,0.27200681,0.27112332,0.00000000,0.00000000,0.00000000,0.09081066,0.00000000
small,organcmnist_224,swin_tiny,,3,0.1,42,prototype_head,1,client_1.pt,3 4 5 6 7 8,0.33333333,0.23938711,0.23904631,0.00000000,0.00000000,0.00000000,0.00612205,0.00000000
small,organcmnist_224,swin_tiny,,3,0.1,42,prototype_head,2,client_2.pt,0 2 3 4 5 6 9 10,0.33333333,0.48860607,0.48983034,0.12500000,0.08984827,0.00000000,0.14206310,0.04379875
small,organcmnist_224,swin_tiny,,5,0.0,42,prototype_head,0,client_0.pt,6 5 8,0.20000000,0.23338120,0.20516151,0.12500000,0.08984827,0.00000000,0.08910780,0.02067000
small,organcmnist_224,swin_tiny,,5,0.0,42,prototype_head,1,client_1.pt,7 2,0.20000000,0.28771311,0.36757305,0.12500000,0.15451890,0.28571430,0.17583564,0.04480995
small,organcmnist_224,swin_tiny,,5,0.0,42,prototype_head,2,client_2.pt,0 4,0.20000000,0.12074756,0.10725399,0.00000000,0.00000000,0.00000000,0.00525382,0.00000000
small,organcmnist_224,swin_tiny,,5,0.0,42,prototype_head,3,client_3.pt,10 9,0.20000000,0.23833135,0.21356285,0.12500000,0.09012485,0.00000000,0.09525926,0.04853642
small,organcmnist_224,swin_tiny,,5,0.0,42,prototype_head,4,client_4.pt,3 1,0.20000000,0.11982673,0.10644856,0.00000000,0.00000000,0.00000000,0.00052087,0.00000000
small,organcmnist_224,swin_tiny,,5,0.01,42,prototype_head,0,client_0.pt,2 4 10,0.20000000,0.17791592,0.17704116,0.06250000,0.06743758,0.14285715,0.06951504,0.01636898
small,organcmnist_224,swin_tiny,,5,0.01,42,prototype_head,1,client_1.pt,4 5 8,0.20000000,0.20830600,0.16220236,0.12500000,0.08984827,0.00000000,0.08996493,0.01937187
small,organcmnist_224,swin_tiny,,5,0.01,42,prototype_head,2,client_2.pt,0 1 6 9,0.20000000,0.17977123,0.18437766,0.06250000,0.07279108,0.14285715,0.06617660,0.03662343
small,organcmnist_224,swin_tiny,,5,0.01,42,prototype_head,3,client_3.pt,7 8,0.20000000,0.32709569,0.39217824,0.18750000,0.22848104,0.42857143,0.21216533,0.10275830
small,organcmnist_224,swin_tiny,,5,0.01,42,prototype_head,4,client_4.pt,1 3 7 8,0.20000000,0.10691117,0.08420059,0.00000000,0.00000000,0.00000000,0.00026339,0.00000000
small,organcmnist_224,swin_tiny,,5,0.1,42,specialist_client,0,client_0.pt,0 1 2 3 5 6 9,0.20000000,0.17805627,0.19842318,0.06250000,0.06743758,0.14285715,0.06101995,0.02755486
small,organcmnist_224,swin_tiny,,5,0.1,42,specialist_client,1,client_1.pt,1 2 3 4 5 7 8 9 10,0.20000000,0.21297224,0.18724220,0.12500000,0.09012485,0.00000000,0.09996747,0.04104278
small,organcmnist_224,swin_tiny,,5,0.1,42,specialist_client,2,client_2.pt,0 1 2 4 5 7 8 9 10,0.20000000,0.21748237,0.22235049,0.12500000,0.12654614,0.00000000,0.10747931,0.06764986
small,organcmnist_224,swin_tiny,,5,0.1,42,specialist_client,3,client_3.pt,0 1 2 4 5 7 9 10,0.20000000,0.17794213,0.19675730,0.06250000,0.06743758,0.14285715,0.06932143,0.01461578
small,organcmnist_224,swin_tiny,,5,0.1,42,specialist_client,4,client_4.pt,0 2 3 4 5 6 7 8 9,0.20000000,0.21354699,0.19522685,0.12500000,0.10073023,0.00000000,0.10706075,0.03557029
small,organcmnist_224,swin_tiny,,7,0.0,42,prototype_head,0,client_0.pt,6 4,0.14285714,0.09324307,0.08922052,0.00000000,0.00000000,0.00000000,0.01818859,0.00000000
small,organcmnist_224,swin_tiny,,7,0.0,42,prototype_head,1,client_1.pt,7 9,0.14285714,0.17837943,0.17684196,0.12500000,0.10073023,0.00000000,0.10073869,0.02191210
small,organcmnist_224,swin_tiny,,7,0.0,42,prototype_head,2,client_2.pt,0 1,0.14285714,0.09072213,0.08684440,0.00000000,0.00000000,0.00000000,0.00105914,0.00000000
small,organcmnist_224,swin_tiny,,7,0.0,42,prototype_head,3,client_3.pt,10 8,0.14285714,0.17656782,0.16731633,0.12500000,0.09012485,0.00000000,0.09015003,0.01942624
small,organcmnist_224,swin_tiny,,7,0.0,42,prototype_head,4,client_4.pt,3,0.14285714,0.13431160,0.13107219,0.06250000,0.04969323,0.00000000,0.04969323,0.01035011
small,organcmnist_224,swin_tiny,,7,0.0,42,prototype_head,5,client_5.pt,5,0.14285714,0.17651679,0.16706432,0.12500000,0.08984827,0.00000000,0.08984827,0.01936132
small,organcmnist_224,swin_tiny,,7,0.0,42,prototype_head,6,client_6.pt,2,0.14285714,0.15025911,0.18164027,0.06250000,0.06743758,0.14285715,0.06743758,0.01425666
small,organcmnist_224,swin_tiny,,7,0.01,42,prototype_head,0,client_0.pt,2 6,0.14285714,0.15120247,0.17665233,0.06250000,0.06743758,0.14285715,0.09848735,0.01479645
small,organcmnist_224,swin_tiny,,7,0.01,42,prototype_head,1,client_1.pt,0 5,0.14285714,0.17259216,0.15889329,0.12500000,0.08984827,0.00000000,0.09155283,0.01962140
small,organcmnist_224,swin_tiny,,7,0.01,42,prototype_head,2,client_2.pt,2 3 8,0.14285714,0.14771536,0.17557873,0.06250000,0.06743758,0.14285715,0.06039927,0.03475401
small,organcmnist_224,swin_tiny,,7,0.01,42,prototype_head,3,client_3.pt,10,0.14285714,0.17236753,0.15885322,0.12500000,0.09012485,0.00000000,0.09012490,0.01942555
small,organcmnist_224,swin_tiny,,7,0.01,42,prototype_head,4,client_4.pt,1 7 9,0.14285714,0.08846136,0.08235767,0.00000000,0.00000000,0.00000000,0.00033170,0.00000000
small,organcmnist_224,swin_tiny,,7,0.01,42,prototype_head,5,client_5.pt,0 1 4 7,0.14285714,0.09507322,0.08841867,0.00000000,0.00000000,0.00000000,0.04635219,0.00000000
small,organcmnist_224,swin_tiny,,7,0.01,42,prototype_head,6,client_6.pt,1 5 10,0.14285714,0.17258789,0.15924604,0.12500000,0.09012485,0.00000000,0.09041668,0.02121953
small,organcmnist_224,swin_tiny,,7,0.1,42,prototype_head,0,client_0.pt,0 1 2 3 8 9,0.14285714,0.14457528,0.15305674,0.06250000,0.06743758,0.14285715,0.05322831,0.02217662
small,organcmnist_224,swin_tiny,,7,0.1,42,prototype_head,1,client_1.pt,1 4 5 7 8 10,0.14285714,0.17371882,0.14486501,0.12500000,0.08984827,0.00000000,0.09314425,0.03902433
small,organcmnist_224,swin_tiny,,7,0.1,42,prototype_head,2,client_2.pt,0 1 4 5 6 9,0.14285714,0.14785485,0.16058399,0.06250000,0.07279108,0.14285715,0.06428998,0.03936639
small,organcmnist_224,swin_tiny,,7,0.1,42,prototype_head,3,client_3.pt,2 3 4 5 7 8 9,0.14285714,0.15125889,0.15784650,0.06250000,0.06743758,0.14285715,0.10507423,0.01488245
small,organcmnist_224,swin_tiny,,7,0.1,42,prototype_head,4,client_4.pt,0 2 3 4 5 6 8 9,0.14285714,0.14586399,0.15337348,0.06250000,0.06743758,0.14285715,0.06766685,0.01435416
small,organcmnist_224,swin_tiny,,7,0.1,42,prototype_head,5,client_5.pt,1 2 4 6 9,0.14285714,0.08794477,0.07322823,0.00000000,0.00000000,0.00000000,0.00037213,0.00000000
small,organcmnist_224,swin_tiny,,7,0.1,42,prototype_head,6,client_6.pt,0 2 7 9 10,0.14285714,0.14878346,0.15704605,0.06250000,0.06743758,0.14285715,0.07874554,0.02787773
small,organcmnist_224,vit_t,,3,0.0,42,morph_anchor,0,client_0.pt,6 10 2 1,0.33333333,0.25352171,0.25227478,0.12500000,0.14022866,0.28571430,0.12337584,0.04073314
small,organcmnist_224,vit_t,,3,0.0,42,morph_anchor,1,client_1.pt,7 3 4 8,0.33333333,0.48102266,0.56228501,0.31250000,0.40282863,0.71428573,0.32684779,0.16940715
small,organcmnist_224,vit_t,,3,0.0,42,morph_anchor,2,client_2.pt,0 5 9,0.33333333,0.26545563,0.18544020,0.18750000,0.13411415,0.00000000,0.13304773,0.03030143
small,organcmnist_224,vit_t,,3,0.01,42,prototype_head,0,client_0.pt,0 4 6 7 10,0.33333333,0.42468446,0.43724218,0.18750000,0.16291593,0.14285715,0.17960308,0.04909834
small,organcmnist_224,vit_t,,3,0.01,42,prototype_head,1,client_1.pt,1 2 5 9,0.33333333,0.26130503,0.29185650,0.06250000,0.06743758,0.14285715,0.04224513,0.03170518
small,organcmnist_224,vit_t,,3,0.01,42,prototype_head,2,client_2.pt,3 5 8,0.33333333,0.31401047,0.27090135,0.12500000,0.08984827,0.00000000,0.10142703,0.01962239
small,organcmnist_224,vit_t,,3,0.1,42,prototype_head,0,client_0.pt,0 1 2 3 7 8 9 10,0.33333333,0.36767033,0.38399562,0.12500000,0.15451890,0.28571430,0.15724820,0.03861154
small,organcmnist_224,vit_t,,3,0.1,42,prototype_head,1,client_1.pt,3 4 5 6 7 8,0.33333333,0.26571023,0.24677491,0.06250000,0.07279108,0.14285715,0.09685665,0.01684515
small,organcmnist_224,vit_t,,3,0.1,42,prototype_head,2,client_2.pt,0 2 3 4 5 6 9 10,0.33333333,0.36661944,0.36922950,0.12500000,0.14022866,0.28571430,0.15701854,0.03293190
small,organcmnist_224,vit_t,,5,0.0,42,prototype_head,0,client_0.pt,6 5 8,0.20000000,0.24133150,0.22516318,0.12500000,0.08984827,0.00000000,0.09046749,0.02028814
small,organcmnist_224,vit_t,,5,0.0,42,prototype_head,1,client_1.pt,7 2,0.20000000,0.20540512,0.24457793,0.06250000,0.06743758,0.14285715,0.06836390,0.01427352
small,organcmnist_224,vit_t,,5,0.0,42,prototype_head,2,client_2.pt,0 4,0.20000000,0.12637037,0.11914110,0.00000000,0.00000000,0.00000000,0.01333038,0.00000000
small,organcmnist_224,vit_t,,5,0.0,42,prototype_head,3,client_3.pt,10 9,0.20000000,0.30319753,0.29446056,0.18750000,0.14658919,0.00000000,0.14667250,0.03647286
small,organcmnist_224,vit_t,,5,0.0,42,prototype_head,4,client_4.pt,3 1,0.20000000,0.12369549,0.11665723,0.00000000,0.00000000,0.00000000,0.00002239,0.00000000
small,organcmnist_224,vit_t,,5,0.01,42,specialist_client,0,client_0.pt,2 4 10,0.20000000,0.15410626,0.14384936,0.06250000,0.06743758,0.14285715,0.06778567,0.01426942
small,organcmnist_224,vit_t,,5,0.01,42,specialist_client,1,client_1.pt,4 5 8,0.20000000,0.18096219,0.13226260,0.12500000,0.08984827,0.00000000,0.08976452,0.01937892
small,organcmnist_224,vit_t,,5,0.01,42,specialist_client,2,client_2.pt,0 1 6 9,0.20000000,0.09298354,0.06873581,0.00000000,0.00000000,0.00000000,0.00086772,0.00000000
small,organcmnist_224,vit_t,,5,0.01,42,specialist_client,3,client_3.pt,7 8,0.20000000,0.41276020,0.49613050,0.31250000,0.40282863,0.71428573,0.39363986,0.12289007
small,organcmnist_224,vit_t,,5,0.01,42,specialist_client,4,client_4.pt,1 3 7 8,0.20000000,0.15918782,0.15902172,0.06250000,0.08708131,0.14285715,0.09820819,0.01897211
small,organcmnist_224,vit_t,,5,0.1,42,prototype_head,0,client_0.pt,0 1 2 3 5 6 9,0.20000000,0.17486519,0.19336732,0.06250000,0.07279108,0.14285715,0.07373324,0.01548420
small,organcmnist_224,vit_t,,5,0.1,42,prototype_head,1,client_1.pt,1 2 3 4 5 7 8 9 10,0.20000000,0.11282000,0.09674735,0.00000000,0.00000000,0.00000000,0.04794993,0.00000000
small,organcmnist_224,vit_t,,5,0.1,42,prototype_head,2,client_2.pt,0 1 2 4 5 7 8 9 10,0.20000000,0.10744007,0.09219978,0.00000000,0.00000000,0.00000000,0.01631822,0.00000000
small,organcmnist_224,vit_t,,5,0.1,42,prototype_head,3,client_3.pt,0 1 2 4 5 7 9 10,0.20000000,0.22230433,0.22914788,0.12500000,0.11170347,0.14285715,0.10291386,0.02900012
small,organcmnist_224,vit_t,,5,0.1,42,prototype_head,4,client_4.pt,0 2 3 4 5 6 7 8 9,0.20000000,0.38257045,0.38853773,0.31250000,0.27765980,0.14285715,0.29233938,0.07481583
small,organcmnist_224,vit_t,,7,0.0,42,prototype_head,0,client_0.pt,6 4,0.14285714,0.12141904,0.13217464,0.06250000,0.07279108,0.14285715,0.06874972,0.01668889
small,organcmnist_224,vit_t,,7,0.0,42,prototype_head,1,client_1.pt,7 9,0.14285714,0.14373966,0.12559250,0.12500000,0.10073023,0.00000000,0.10089862,0.02191621
small,organcmnist_224,vit_t,,7,0.0,42,prototype_head,2,client_2.pt,0 1,0.14285714,0.07305557,0.06163591,0.00000000,0.00000000,0.00000000,0.00072792,0.00000000
small,organcmnist_224,vit_t,,7,0.0,42,prototype_head,3,client_3.pt,10 8,0.14285714,0.29028550,0.33990401,0.31250000,0.31860590,0.42857143,0.30211887,0.09382169
small,organcmnist_224,vit_t,,7,0.0,42,prototype_head,4,client_4.pt,3,0.14285714,0.10821512,0.09307504,0.06250000,0.04969323,0.00000000,0.04969511,0.01035013
small,organcmnist_224,vit_t,,7,0.0,42,prototype_head,5,client_5.pt,5,0.14285714,0.14222006,0.11863339,0.12500000,0.08984827,0.00000000,0.08985193,0.01936146
small,organcmnist_224,vit_t,,7,0.0,42,prototype_head,6,client_6.pt,2,0.14285714,0.12106509,0.12898453,0.06250000,0.06743758,0.14285715,0.06744827,0.01425689
small,organcmnist_224,vit_t,,7,0.01,42,prototype_head,0,client_0.pt,2 6,0.14285714,0.16536462,0.18354504,0.12500000,0.14022866,0.28571430,0.12348986,0.04025379
small,organcmnist_224,vit_t,,7,0.01,42,prototype_head,1,client_1.pt,0 5,0.14285714,0.13928986,0.10900763,0.12500000,0.08984827,0.00000000,0.08908861,0.01973270
small,organcmnist_224,vit_t,,7,0.01,42,prototype_head,2,client_2.pt,2 3 8,0.14285714,0.29981488,0.35169894,0.31250000,0.34561184,0.57142860,0.34547615,0.09555246
small,organcmnist_224,vit_t,,7,0.01,42,prototype_head,3,client_3.pt,10,0.14285714,0.13176486,0.11247259,0.06250000,0.06125706,0.00000000,0.25682586,0.03111178
small,organcmnist_224,vit_t,,7,0.01,42,prototype_head,4,client_4.pt,1 7 9,0.14285714,0.07194544,0.05692885,0.00000000,0.00000000,0.00000000,0.00386826,0.00000000
small,organcmnist_224,vit_t,,7,0.01,42,prototype_head,5,client_5.pt,0 1 4 7,0.14285714,0.12029023,0.12974168,0.06250000,0.08726627,0.14285715,0.07516831,0.02386134
small,organcmnist_224,vit_t,,7,0.01,42,prototype_head,6,client_6.pt,1 5 10,0.14285714,0.07153010,0.05660523,0.00000000,0.00000000,0.00000000,0.00029339,0.00000000
small,organcmnist_224,vit_t,,7,0.1,42,consensus,0,client_0.pt,0 1 2 3 8 9,0.14285714,0.15172455,0.15982677,0.06250000,0.06743758,0.14285715,0.06005049,0.02111681
small,organcmnist_224,vit_t,,7,0.1,42,consensus,1,client_1.pt,1 4 5 7 8 10,0.14285714,0.16120762,0.17293371,0.06250000,0.07631457,0.14285715,0.12500362,0.01923280
small,organcmnist_224,vit_t,,7,0.1,42,consensus,2,client_2.pt,0 1 4 5 6 9,0.14285714,0.09169517,0.07612423,0.00000000,0.00000000,0.00000000,0.00005879,0.00000000
small,organcmnist_224,vit_t,,7,0.1,42,consensus,3,client_3.pt,2 3 4 5 7 8 9,0.14285714,0.15380125,0.16086747,0.06250000,0.06743758,0.14285715,0.07861166,0.01443952
small,organcmnist_224,vit_t,,7,0.1,42,consensus,4,client_4.pt,0 2 3 4 5 6 8 9,0.14285714,0.15211916,0.15947454,0.06250000,0.06743758,0.14285715,0.06744812,0.01425692
small,organcmnist_224,vit_t,,7,0.1,42,consensus,5,client_5.pt,1 2 4 6 9,0.14285714,0.09183465,0.07623824,0.00000000,0.00000000,0.00000000,0.00099500,0.00000000
small,organcmnist_224,vit_t,,7,0.1,42,consensus,6,client_6.pt,0 2 7 9 10,0.14285714,0.19761761,0.19453508,0.12500000,0.10844205,0.14285715,0.12152042,0.03003243
small,organsmnist_224,convnext,,3,0.0,42,avg,0,client_0.pt,6 10 2 1,0.33333333,0.30484718,0.33975181,0.06250000,0.07843579,0.14285715,0.13320890,0.04141397
small,organsmnist_224,convnext,,3,0.0,42,avg,1,client_1.pt,7 3 4 8,0.33333333,0.28107381,0.29927450,0.06250000,0.06538225,0.14285715,0.06609954,0.01381434
small,organsmnist_224,convnext,,3,0.0,42,avg,2,client_2.pt,0 5 9,0.33333333,0.41407901,0.36097372,0.18750000,0.14522903,0.00000000,0.13960791,0.03691438
small,organsmnist_224,convnext,,3,0.01,42,morphology,0,client_0.pt,6 10,0.33333333,0.40957868,0.49539882,0.18750000,0.21571189,0.28571430,0.15230493,0.08860373
small,organsmnist_224,convnext,,3,0.01,42,morphology,1,client_1.pt,2 3 4 5 6 8 9,0.33333333,0.44316009,0.38050410,0.25000000,0.18429586,0.00000000,0.22875103,0.08933885
small,organsmnist_224,convnext,,3,0.01,42,morphology,2,client_2.pt,0 1 2 3 5 7,0.33333333,0.14726117,0.12409710,0.00000000,0.00000000,0.00000000,0.00518979,0.00000000
small,organsmnist_224,convnext,,3,0.1,42,morph_anchor,0,client_0.pt,0 1 2 3 4 5 6 7 9 10,0.33333333,0.46373022,0.55267382,0.18750000,0.21571189,0.28571430,0.20967627,0.13609019
small,organsmnist_224,convnext,,3,0.1,42,morph_anchor,1,client_1.pt,1 3 4 5 6 7 8 9 10,0.33333333,0.37914711,0.31669822,0.18750000,0.13825867,0.00000000,0.11992069,0.04118988
small,organsmnist_224,convnext,,3,0.1,42,morph_anchor,2,client_2.pt,0 1 5 6 7,0.33333333,0.15712270,0.13062797,0.00000000,0.00000000,0.00000000,0.00000541,0.00000000
small,organsmnist_224,convnext,,5,0.0,42,specialist_client,0,client_0.pt,6 5 8,0.20000000,0.11971258,0.10038418,0.00000000,0.00000000,0.00000000,0.00114083,0.00000000
small,organsmnist_224,convnext,,5,0.0,42,specialist_client,1,client_1.pt,7 2,0.20000000,0.21811251,0.30109373,0.06250000,0.15509176,0.14285715,0.15509234,0.03541208
small,organsmnist_224,convnext,,5,0.0,42,specialist_client,2,client_2.pt,0 4,0.20000000,0.19778939,0.20780496,0.06250000,0.06538225,0.14285715,0.06539065,0.01379831
small,organsmnist_224,convnext,,5,0.0,42,specialist_client,3,client_3.pt,10 9,0.20000000,0.34455937,0.29023924,0.25000000,0.18429586,0.00000000,0.16049284,0.05356156
small,organsmnist_224,convnext,,5,0.0,42,specialist_client,4,client_4.pt,3 1,0.20000000,0.11982614,0.10047793,0.00000000,0.00000000,0.00000000,0.00172563,0.00000000
small,organsmnist_224,convnext,,5,0.01,42,specialist_client,0,client_0.pt,3,0.20000000,0.27839971,0.21127516,0.18750000,0.11696458,0.00000000,0.11696596,0.02580786
small,organsmnist_224,convnext,,5,0.01,42,specialist_client,1,client_1.pt,7 8,0.20000000,0.27157530,0.30613676,0.12500000,0.12756324,0.28571430,0.11386679,0.07144062
small,organsmnist_224,convnext,,5,0.01,42,specialist_client,2,client_2.pt,0 1,0.20000000,0.11645132,0.09568893,0.00000000,0.00000000,0.00000000,0.00007271,0.00000000
small,organsmnist_224,convnext,,5,0.01,42,specialist_client,3,client_3.pt,2 3 6,0.20000000,0.21256083,0.28751966,0.06250000,0.15509176,0.14285715,0.15520543,0.03541703
small,organsmnist_224,convnext,,5,0.01,42,specialist_client,4,client_4.pt,1 4 5 8 9 10,0.20000000,0.12101281,0.09937950,0.00000000,0.00000000,0.00000000,0.02418076,0.00000000
small,organsmnist_224,convnext,,5,0.1,42,morphology,0,client_0.pt,0 2 4 5 6 8 10,0.20000000,0.31206924,0.35722080,0.18750000,0.21571189,0.28571430,0.18818906,0.06854338
small,organsmnist_224,convnext,,5,0.1,42,morphology,1,client_1.pt,2 3 4 5 8 9 10,0.20000000,0.26241073,0.19543426,0.18750000,0.11696458,0.00000000,0.11465804,0.02694503
small,organsmnist_224,convnext,,5,0.1,42,morphology,2,client_2.pt,0 1 2 3 4 5 8 9 10,0.20000000,0.10993604,0.08859999,0.00000000,0.00000000,0.00000000,0.00040405,0.00000000
small,organsmnist_224,convnext,,5,0.1,42,morphology,3,client_3.pt,0 2 5 6 7 8 9,0.20000000,0.20080456,0.26630160,0.06250000,0.15509176,0.14285715,0.15639395,0.03567576
small,organsmnist_224,convnext,,5,0.1,42,morphology,4,client_4.pt,0 1 3 4 6 7 9,0.20000000,0.11477941,0.09244337,0.00000000,0.00000000,0.00000000,0.02753342,0.00000000
small,organsmnist_224,convnext,,7,0.0,42,morphology,0,client_0.pt,6 4,0.14285714,0.25787237,0.31528413,0.25000000,0.28109413,0.42857143,0.27284187,0.07506707
small,organsmnist_224,convnext,,7,0.0,42,morphology,1,client_1.pt,7 9,0.14285714,0.21329686,0.17912731,0.25000000,0.18429586,0.00000000,0.18429603,0.04323338
small,organsmnist_224,convnext,,7,0.0,42,morphology,2,client_2.pt,0 1,0.14285714,0.07328421,0.06156031,0.00000000,0.00000000,0.00000000,0.00001593,0.00000000
small,organsmnist_224,convnext,,7,0.0,42,morphology,3,client_3.pt,10 8,0.14285714,0.07328247,0.06155887,0.00000000,0.00000000,0.00000000,0.00000134,0.00000000
small,organsmnist_224,convnext,,7,0.0,42,morphology,4,client_4.pt,3,0.14285714,0.17521632,0.13593353,0.18750000,0.11696458,0.00000000,0.11696506,0.02580783
small,organsmnist_224,convnext,,7,0.0,42,morphology,5,client_5.pt,5,0.14285714,0.07328232,0.06155874,0.00000000,0.00000000,0.00000000,0.00000004,0.00000000
small,organsmnist_224,convnext,,7,0.0,42,morphology,6,client_6.pt,2,0.14285714,0.13376549,0.18497713,0.06250000,0.15509176,0.14285715,0.15509176,0.03541205
small,organsmnist_224,convnext,,7,0.01,42,avg,0,client_0.pt,6 10,0.14285714,0.22123682,0.24527842,0.18750000,0.21571189,0.28571430,0.21571186,0.05214018
small,organsmnist_224,convnext,,7,0.01,42,avg,1,client_1.pt,9 10,0.14285714,0.07717353,0.06072652,0.00000000,0.00000000,0.00000000,0.00000724,0.00000000
small,organsmnist_224,convnext,,7,0.01,42,avg,2,client_2.pt,0 4,0.14285714,0.12774161,0.12593813,0.06250000,0.06538225,0.14285715,0.06539429,0.01379837
small,organsmnist_224,convnext,,7,0.01,42,avg,3,client_3.pt,3 5 6 9,0.14285714,0.22320111,0.17787248,0.25000000,0.18429586,0.00000000,0.15297107,0.07213687
small,organsmnist_224,convnext,,7,0.01,42,avg,4,client_4.pt,2 7,0.14285714,0.14086665,0.18247429,0.06250000,0.15509176,0.14285715,0.15509188,0.03541208
small,organsmnist_224,convnext,,7,0.01,42,avg,5,client_5.pt,1 6 8,0.14285714,0.07717482,0.06072752,0.00000000,0.00000000,0.00000000,0.00001762,0.00000000
small,organsmnist_224,convnext,,7,0.01,42,avg,6,client_6.pt,7,0.14285714,0.13260549,0.14698267,0.06250000,0.09886727,0.14285715,0.09886727,0.02147174
small,organsmnist_224,convnext,,7,0.1,42,specialist_client,0,client_0.pt,0 1 3 8 9 10,0.14285714,0.07914732,0.06195642,0.00000000,0.00000000,0.00000000,0.01052809,0.00000000
small,organsmnist_224,convnext,,7,0.1,42,specialist_client,1,client_1.pt,3 8 9 10,0.14285714,0.22649336,0.17729862,0.25000000,0.18429586,0.00000000,0.18429844,0.04323658
small,organsmnist_224,convnext,,7,0.1,42,specialist_client,2,client_2.pt,0 1 4 5 6 7 8 9,0.14285714,0.18914391,0.14817572,0.18750000,0.13825867,0.00000000,0.13601038,0.03356709
small,organsmnist_224,convnext,,7,0.1,42,specialist_client,3,client_3.pt,1 2 5 6 9 10,0.14285714,0.08108211,0.06344806,0.00000000,0.00000000,0.00000000,0.02582878,0.00000000
small,organsmnist_224,convnext,,7,0.1,42,specialist_client,4,client_4.pt,0 1 2 4 5 6 8 9 10,0.14285714,0.14171407,0.18295990,0.06250000,0.15509176,0.14285715,0.15141536,0.03698687
small,organsmnist_224,convnext,,7,0.1,42,specialist_client,5,client_5.pt,2 4 5 6 7 10,0.14285714,0.14049397,0.18314902,0.06250000,0.15509176,0.14285715,0.13183351,0.05133479
small,organsmnist_224,convnext,,7,0.1,42,specialist_client,6,client_6.pt,0 1 2 4 6 7 8 10,0.14285714,0.14192533,0.18301234,0.06250000,0.15509176,0.14285715,0.15405697,0.03558443
small,organsmnist_224,resnet,,3,0.0,42,morphology,0,client_0.pt,6 10 2 1,0.33333333,0.36451533,0.43102694,0.18750000,0.21571189,0.28571430,0.22004659,0.06097037
small,organsmnist_224,resnet,,3,0.0,42,morphology,1,client_1.pt,7 3 4 8,0.33333333,0.26745775,0.26049894,0.12500000,0.10183352,0.14285715,0.09970271,0.02647977
small,organsmnist_224,resnet,,3,0.0,42,morphology,2,client_2.pt,0 5 9,0.33333333,0.36802694,0.30847418,0.25000000,0.18429586,0.00000000,0.18483554,0.04327089
small,organsmnist_224,resnet,,3,0.01,42,morph_anchor,0,client_0.pt,6 10,0.33333333,0.21873306,0.22194885,0.18750000,0.21571189,0.28571430,0.21462601,0.05250224
small,organsmnist_224,resnet,,3,0.01,42,morph_anchor,1,client_1.pt,2 3 4 5 6 8 9,0.33333333,0.54462564,0.57792479,0.62500000,0.67807204,0.71428573,0.68316513,0.35907808
small,organsmnist_224,resnet,,3,0.01,42,morph_anchor,2,client_2.pt,0 1 2 3 5 7,0.33333333,0.23664133,0.20012638,0.25000000,0.21583185,0.14285715,0.19852255,0.06405781
small,organsmnist_224,resnet,,3,0.1,42,morphology,0,client_0.pt,0 1 2 3 4 5 6 7 9 10,0.33333333,0.31137303,0.35841584,0.37500000,0.53505319,0.71428573,0.51963568,0.20086697
small,organsmnist_224,resnet,,3,0.1,42,morphology,1,client_1.pt,1 3 4 5 6 7 8 9 10,0.33333333,0.47111323,0.41573581,0.75000000,0.67929178,0.57142860,0.68504304,0.34424049
small,organsmnist_224,resnet,,3,0.1,42,morphology,2,client_2.pt,0 1 5 6 7,0.33333333,0.21751375,0.22584836,0.25000000,0.31457916,0.42857143,0.29925135,0.09348475
small,organsmnist_224,resnet,,5,0.0,42,avg,0,client_0.pt,6 5 8,0.20000000,0.23110951,0.25707561,0.18750000,0.21571189,0.28571430,0.21646719,0.05220640
small,organsmnist_224,resnet,,5,0.0,42,avg,1,client_1.pt,7 2,0.20000000,0.20559350,0.28312227,0.12500000,0.25395903,0.28571430,0.24970917,0.06994126
small,organsmnist_224,resnet,,5,0.0,42,avg,2,client_2.pt,0 4,0.20000000,0.13480566,0.13309726,0.06250000,0.06538225,0.14285715,0.07593948,0.01427667
small,organsmnist_224,resnet,,5,0.0,42,avg,3,client_3.pt,10 9,0.20000000,0.23573063,0.18610816,0.25000000,0.18429586,0.00000000,0.19306937,0.04372554
small,organsmnist_224,resnet,,5,0.0,42,avg,4,client_4.pt,3 1,0.20000000,0.19276063,0.14059669,0.18750000,0.11696458,0.00000000,0.11748197,0.02612080
small,organsmnist_224,resnet,,5,0.01,42,morph_anchor,0,client_0.pt,3,0.20000000,0.21513778,0.16305467,0.18750000,0.11696458,0.00000000,0.40686691,0.09731993
small,organsmnist_224,resnet,,5,0.01,42,morph_anchor,1,client_1.pt,7 8,0.20000000,0.22533754,0.26560915,0.18750000,0.22643051,0.42857143,0.24208288,0.07839400
small,organsmnist_224,resnet,,5,0.01,42,morph_anchor,2,client_2.pt,0 1,0.20000000,0.07358888,0.05770673,0.00000000,0.00000000,0.00000000,0.00400135,0.00000000
small,organsmnist_224,resnet,,5,0.01,42,morph_anchor,3,client_3.pt,2 3 6,0.20000000,0.37496370,0.42211738,0.43750000,0.48776823,0.42857143,0.48100626,0.16349746
small,organsmnist_224,resnet,,5,0.01,42,morph_anchor,4,client_4.pt,1 4 5 8 9 10,0.20000000,0.11097209,0.09151211,0.06250000,0.05522781,0.00000000,0.06869019,0.01383067
small,organsmnist_224,resnet,,5,0.1,42,specialist_client,0,client_0.pt,0 2 4 5 6 8 10,0.20000000,0.12433985,0.13769518,0.12500000,0.21199575,0.14285715,0.23177809,0.05288520
small,organsmnist_224,resnet,,5,0.1,42,specialist_client,1,client_1.pt,2 3 4 5 8 9 10,0.20000000,0.12629618,0.13520563,0.12500000,0.19978061,0.14285715,0.25577834,0.05122748
small,organsmnist_224,resnet,,5,0.1,42,specialist_client,2,client_2.pt,0 1 2 3 4 5 8 9 10,0.20000000,0.12144444,0.11806718,0.12500000,0.12756324,0.28571430,0.12675716,0.02874379
small,organsmnist_224,resnet,,5,0.1,42,specialist_client,3,client_3.pt,0 2 5 6 7 8 9,0.20000000,0.36962155,0.37739089,0.62500000,0.62643826,0.71428573,0.61524445,0.35192725
small,organsmnist_224,resnet,,5,0.1,42,specialist_client,4,client_4.pt,0 1 3 4 6 7 9,0.20000000,0.25829801,0.23164108,0.43750000,0.40000778,0.28571430,0.45362210,0.12963195
small,organsmnist_224,resnet,,7,0.0,42,specialist_client,0,client_0.pt,6 4,0.14285714,0.22134835,0.25540826,0.25000000,0.28109413,0.42857143,0.27970579,0.07294198
small,organsmnist_224,resnet,,7,0.0,42,specialist_client,1,client_1.pt,7 9,0.14285714,0.22965202,0.21805464,0.31250000,0.28316313,0.14285715,0.29330394,0.07767864
small,organsmnist_224,resnet,,7,0.0,42,specialist_client,2,client_2.pt,0 1,0.14285714,0.06340046,0.05032191,0.00000000,0.00000000,0.00000000,0.00641240,0.00000000
small,organsmnist_224,resnet,,7,0.0,42,specialist_client,3,client_3.pt,10 8,0.14285714,0.14610176,0.15646192,0.12500000,0.12756324,0.28571430,0.14073882,0.02913328
small,organsmnist_224,resnet,,7,0.0,42,specialist_client,4,client_4.pt,3,0.14285714,0.15491065,0.11412020,0.18750000,0.11696458,0.00000000,0.16153879,0.03062464
small,organsmnist_224,resnet,,7,0.0,42,specialist_client,5,client_5.pt,5,0.14285714,0.06680245,0.05298100,0.00000000,0.00000000,0.00000000,0.03977718,0.00000000
small,organsmnist_224,resnet,,7,0.0,42,specialist_client,6,client_6.pt,2,0.14285714,0.11778430,0.15265210,0.06250000,0.15509176,0.14285715,0.18228054,0.04218062
small,organsmnist_224,resnet,,7,0.01,42,consensus,0,client_0.pt,6 10,0.14285714,0.14963248,0.15780815,0.18750000,0.21571189,0.28571430,0.21612197,0.05232893
small,organsmnist_224,resnet,,7,0.01,42,consensus,1,client_1.pt,9 10,0.14285714,0.05297489,0.03964564,0.00000000,0.00000000,0.00000000,0.00938250,0.00000000
small,organsmnist_224,resnet,,7,0.01,42,consensus,2,client_2.pt,0 4,0.14285714,0.08760995,0.08193652,0.06250000,0.06538225,0.14285715,0.07974592,0.01417495
small,organsmnist_224,resnet,,7,0.01,42,consensus,3,client_3.pt,3 5 6 9,0.14285714,0.32458115,0.28462428,0.62500000,0.51697236,0.28571430,0.50699085,0.18192626
small,organsmnist_224,resnet,,7,0.01,42,consensus,4,client_4.pt,2 7,0.14285714,0.13299026,0.17367443,0.12500000,0.25395903,0.28571430,0.24844602,0.06935614
small,organsmnist_224,resnet,,7,0.01,42,consensus,5,client_5.pt,1 6 8,0.14285714,0.15398051,0.16123565,0.18750000,0.21571189,0.28571430,0.26434508,0.05674311
small,organsmnist_224,resnet,,7,0.01,42,consensus,6,client_6.pt,7,0.14285714,0.09823080,0.10107528,0.06250000,0.09886727,0.14285715,0.19696768,0.02578369
small,organsmnist_224,resnet,,7,0.1,42,specialist_client,0,client_0.pt,0 1 3 8 9 10,0.14285714,0.19625771,0.15878372,0.56250000,0.42882368,0.28571430,0.41272873,0.13970678
small,organsmnist_224,resnet,,7,0.1,42,specialist_client,1,client_1.pt,3 8 9 10,0.14285714,0.14798701,0.12758836,0.37500000,0.31185910,0.28571430,0.32021582,0.08430807
small,organsmnist_224,resnet,,7,0.1,42,specialist_client,2,client_2.pt,0 1 4 5 6 7 8 9,0.14285714,0.11742218,0.11635979,0.25000000,0.27093971,0.28571430,0.27052099,0.07126218
small,organsmnist_224,resnet,,7,0.1,42,specialist_client,3,client_3.pt,1 2 5 6 9 10,0.14285714,0.14993356,0.13700230,0.37500000,0.34477997,0.28571430,0.32816249,0.12245804
small,organsmnist_224,resnet,,7,0.1,42,specialist_client,4,client_4.pt,0 1 2 4 5 6 8 9 10,0.14285714,0.15275507,0.17793527,0.31250000,0.41993111,0.57142860,0.42754588,0.14409440
small,organsmnist_224,resnet,,7,0.1,42,specialist_client,5,client_5.pt,2 4 5 6 7 10,0.14285714,0.15259862,0.19029087,0.31250000,0.46967092,0.57142860,0.37779447,0.21196885
small,organsmnist_224,resnet,,7,0.1,42,specialist_client,6,client_6.pt,0 1 2 4 6 7 8 10,0.14285714,0.08304584,0.09203964,0.12500000,0.21199575,0.14285715,0.24448119,0.05385473
small,organsmnist_224,swin_tiny,,3,0.0,42,specialist_client,0,client_0.pt,6 10 2 1,0.33333333,0.18053697,0.16921422,0.00000000,0.00000000,0.00000000,0.05911184,0.00000000
small,organsmnist_224,swin_tiny,,3,0.0,42,specialist_client,1,client_1.pt,7 3 4 8,0.33333333,0.34675765,0.37956482,0.12500000,0.10183352,0.14285715,0.08898706,0.03243270
small,organsmnist_224,swin_tiny,,3,0.0,42,specialist_client,2,client_2.pt,0 5 9,0.33333333,0.47270536,0.45122099,0.25000000,0.18429586,0.00000000,0.13291764,0.08119727
small,organsmnist_224,swin_tiny,,3,0.01,42,prototype_head,0,client_0.pt,6 10,0.33333333,0.26826352,0.20547369,0.00000000,0.00000000,0.00000000,0.02301499,0.00000000
small,organsmnist_224,swin_tiny,,3,0.01,42,prototype_head,1,client_1.pt,2 3 4 5 6 8 9,0.33333333,0.47221914,0.59565228,0.06250000,0.15509176,0.14285715,0.15555122,0.03543239
small,organsmnist_224,swin_tiny,,3,0.01,42,prototype_head,2,client_2.pt,0 1 2 3 5 7,0.33333333,0.25951737,0.19887406,0.00000000,0.00000000,0.00000000,0.00220136,0.00000000
small,organsmnist_224,swin_tiny,,3,0.1,42,prototype_head,0,client_0.pt,0 1 2 3 4 5 6 7 9 10,0.33333333,0.61256707,0.73406065,0.18750000,0.31389967,0.42857143,0.25344828,0.17884094
small,organsmnist_224,swin_tiny,,3,0.1,42,prototype_head,1,client_1.pt,1 3 4 5 6 7 8 9 10,0.33333333,0.19680095,0.13505487,0.00000000,0.00000000,0.00000000,0.01994327,0.00000000
small,organsmnist_224,swin_tiny,,3,0.1,42,prototype_head,2,client_2.pt,0 1 5 6 7,0.33333333,0.19063199,0.13088451,0.00000000,0.00000000,0.00000000,0.00002813,0.00000000
small,organsmnist_224,swin_tiny,,5,0.0,42,prototype_head,0,client_0.pt,6 5 8,0.20000000,0.26167428,0.27902719,0.18750000,0.21571189,0.28571430,0.20568411,0.05589921
small,organsmnist_224,swin_tiny,,5,0.0,42,prototype_head,1,client_1.pt,7 2,0.20000000,0.23385808,0.30737177,0.12500000,0.25395903,0.28571430,0.25389186,0.06374710
small,organsmnist_224,swin_tiny,,5,0.0,42,prototype_head,2,client_2.pt,0 4,0.20000000,0.15172176,0.14351614,0.06250000,0.06538225,0.14285715,0.06530623,0.01385813
small,organsmnist_224,swin_tiny,,5,0.0,42,prototype_head,3,client_3.pt,10 9,0.20000000,0.26091236,0.20075718,0.25000000,0.18429586,0.00000000,0.11562508,0.08534203
small,organsmnist_224,swin_tiny,,5,0.0,42,prototype_head,4,client_4.pt,3 1,0.20000000,0.09183352,0.06932766,0.00000000,0.00000000,0.00000000,0.00113829,0.00000000
small,organsmnist_224,swin_tiny,,5,0.01,42,morph_anchor,0,client_0.pt,3,0.20000000,0.28982526,0.29675546,0.06250000,0.09886727,0.14285715,0.43189162,0.08431403
small,organsmnist_224,swin_tiny,,5,0.01,42,morph_anchor,1,client_1.pt,7 8,0.20000000,0.22724187,0.21568444,0.06250000,0.06411104,0.14285715,0.15846112,0.03201350
small,organsmnist_224,swin_tiny,,5,0.01,42,morph_anchor,2,client_2.pt,0 1,0.20000000,0.12444407,0.09564985,0.00000000,0.00000000,0.00000000,0.00031688,0.00000000
small,organsmnist_224,swin_tiny,,5,0.01,42,morph_anchor,3,client_3.pt,2 3 6,0.20000000,0.22904611,0.29247740,0.06250000,0.15509176,0.14285715,0.14438562,0.06523887
small,organsmnist_224,swin_tiny,,5,0.01,42,morph_anchor,4,client_4.pt,1 4 5 8 9 10,0.20000000,0.12944271,0.09943282,0.00000000,0.00000000,0.00000000,0.02504823,0.00000000
small,organsmnist_224,swin_tiny,,5,0.1,42,specialist_client,0,client_0.pt,0 2 4 5 6 8 10,0.20000000,0.31447554,0.36981523,0.25000000,0.37080365,0.42857143,0.34940147,0.11405098
small,organsmnist_224,swin_tiny,,5,0.1,42,specialist_client,1,client_1.pt,2 3 4 5 8 9 10,0.20000000,0.15568244,0.18297185,0.06250000,0.15509176,0.14285715,0.15508954,0.03541290
small,organsmnist_224,swin_tiny,,5,0.1,42,specialist_client,2,client_2.pt,0 1 2 3 4 5 8 9 10,0.20000000,0.12819248,0.08684014,0.06250000,0.03612311,0.00000000,0.05885174,0.01490620
small,organsmnist_224,swin_tiny,,5,0.1,42,specialist_client,3,client_3.pt,0 2 5 6 7 8 9,0.20000000,0.15672885,0.18373236,0.06250000,0.15509176,0.14285715,0.16242024,0.03572981
small,organsmnist_224,swin_tiny,,5,0.1,42,specialist_client,4,client_4.pt,0 1 3 4 6 7 9,0.20000000,0.24492064,0.17664041,0.25000000,0.18429586,0.00000000,0.14454512,0.06600387
small,organsmnist_224,swin_tiny,,7,0.0,42,morphology,0,client_0.pt,6 4,0.14285714,0.23161694,0.29065654,0.18750000,0.22419015,0.42857143,0.23834571,0.05745630
small,organsmnist_224,swin_tiny,,7,0.0,42,morphology,1,client_1.pt,7 9,0.14285714,0.22079341,0.18555267,0.25000000,0.18429586,0.00000000,0.18348390,0.04364073
small,organsmnist_224,swin_tiny,,7,0.0,42,morphology,2,client_2.pt,0 1,0.14285714,0.07589300,0.06378438,0.00000000,0.00000000,0.00000000,0.00010251,0.00000000
small,organsmnist_224,swin_tiny,,7,0.0,42,morphology,3,client_3.pt,10 8,0.14285714,0.07588037,0.06377394,0.00000000,0.00000000,0.00000000,0.00000011,0.00000000
small,organsmnist_224,swin_tiny,,7,0.0,42,morphology,4,client_4.pt,3,0.14285714,0.18142813,0.14082505,0.18750000,0.11696458,0.00000000,0.11696458,0.02580779
small,organsmnist_224,swin_tiny,,7,0.0,42,morphology,5,client_5.pt,5,0.14285714,0.07588036,0.06377392,0.00000000,0.00000000,0.00000000,0.00000000,0.00000000
small,organsmnist_224,swin_tiny,,7,0.0,42,morphology,6,client_6.pt,2,0.14285714,0.13850781,0.19163352,0.06250000,0.15509176,0.14285715,0.15509176,0.03541205
small,organsmnist_224,swin_tiny,,7,0.01,42,prototype_head,0,client_0.pt,6 10,0.14285714,0.20962103,0.24428821,0.18750000,0.21571189,0.28571430,0.21553367,0.05215381
small,organsmnist_224,swin_tiny,,7,0.01,42,prototype_head,1,client_1.pt,9 10,0.14285714,0.07312785,0.06048452,0.00000000,0.00000000,0.00000000,0.00000086,0.00000000
small,organsmnist_224,swin_tiny,,7,0.01,42,prototype_head,2,client_2.pt,0 4,0.14285714,0.10868154,0.08533360,0.06250000,0.03612311,0.00000000,0.04780743,0.01588923
small,organsmnist_224,swin_tiny,,7,0.01,42,prototype_head,3,client_3.pt,3 5 6 9,0.14285714,0.27629086,0.22123221,0.37500000,0.25522324,0.00000000,0.19391435,0.10607410
small,organsmnist_224,swin_tiny,,7,0.01,42,prototype_head,4,client_4.pt,2 7,0.14285714,0.13349296,0.18177631,0.06250000,0.15509176,0.14285715,0.15499973,0.03566175
small,organsmnist_224,swin_tiny,,7,0.01,42,prototype_head,5,client_5.pt,1 6 8,0.14285714,0.07313059,0.06048675,0.00000000,0.00000000,0.00000000,0.00002385,0.00000000
small,organsmnist_224,swin_tiny,,7,0.01,42,prototype_head,6,client_6.pt,7,0.14285714,0.12565520,0.14639844,0.06250000,0.09886727,0.14285715,0.09886727,0.02147174
small,organsmnist_224,swin_tiny,,7,0.1,42,consensus,0,client_0.pt,0 1 3 8 9 10,0.14285714,0.06427270,0.04578926,0.00000000,0.00000000,0.00000000,0.01289602,0.00000000
small,organsmnist_224,swin_tiny,,7,0.1,42,consensus,1,client_1.pt,3 8 9 10,0.14285714,0.18290254,0.13039759,0.25000000,0.18429586,0.00000000,0.18006915,0.04466654
small,organsmnist_224,swin_tiny,,7,0.1,42,consensus,2,client_2.pt,0 1 4 5 6 7 8 9,0.14285714,0.06302737,0.04491544,0.00000000,0.00000000,0.00000000,0.00072269,0.00000000
small,organsmnist_224,swin_tiny,,7,0.1,42,consensus,3,client_3.pt,1 2 5 6 9 10,0.14285714,0.06508455,0.04635892,0.00000000,0.00000000,0.00000000,0.02083205,0.00000000
small,organsmnist_224,swin_tiny,,7,0.1,42,consensus,4,client_4.pt,0 1 2 4 5 6 8 9 10,0.14285714,0.27753749,0.32500333,0.31250000,0.43491471,0.57142860,0.43287775,0.16056464
small,organsmnist_224,swin_tiny,,7,0.1,42,consensus,5,client_5.pt,2 4 5 6 7 10,0.14285714,0.11413542,0.13464220,0.06250000,0.15509176,0.14285715,0.14300200,0.04191352
small,organsmnist_224,swin_tiny,,7,0.1,42,consensus,6,client_6.pt,0 1 2 4 6 7 8 10,0.14285714,0.23303995,0.27289337,0.25000000,0.37080365,0.42857143,0.36108962,0.11016925
small,organsmnist_224,vit_t,,3,0.0,42,specialist_client,0,client_0.pt,6 10 2 1,0.33333333,0.38724449,0.47040942,0.25000000,0.37080365,0.42857143,0.29097307,0.15934511
small,organsmnist_224,vit_t,,3,0.0,42,specialist_client,1,client_1.pt,7 3 4 8,0.33333333,0.30337796,0.30477297,0.18750000,0.20070079,0.28571430,0.18591237,0.08396388
small,organsmnist_224,vit_t,,3,0.0,42,specialist_client,2,client_2.pt,0 5 9,0.33333333,0.30937749,0.22481756,0.25000000,0.18429586,0.00000000,0.18428198,0.04323661
small,organsmnist_224,vit_t,,3,0.01,42,prototype_head,0,client_0.pt,6 10,0.33333333,0.40550005,0.39500090,0.12500000,0.13727610,0.14285715,0.17136319,0.03344345
small,organsmnist_224,vit_t,,3,0.01,42,prototype_head,1,client_1.pt,2 3 4 5 6 8 9,0.33333333,0.41340876,0.46779132,0.12500000,0.19415861,0.14285715,0.18684633,0.04991600
small,organsmnist_224,vit_t,,3,0.01,42,prototype_head,2,client_2.pt,0 1 2 3 5 7,0.33333333,0.18109122,0.13720776,0.00000000,0.00000000,0.00000000,0.00027287,0.00000000
small,organsmnist_224,vit_t,,3,0.1,42,prototype_head,0,client_0.pt,0 1 2 3 4 5 6 7 9 10,0.33333333,0.25782320,0.31833503,0.06250000,0.15509176,0.14285715,0.16906062,0.03980195
small,organsmnist_224,vit_t,,3,0.1,42,prototype_head,1,client_1.pt,1 3 4 5 6 7 8 9 10,0.33333333,0.34325609,0.25836721,0.18750000,0.13825867,0.00000000,0.15952691,0.03189816
small,organsmnist_224,vit_t,,3,0.1,42,prototype_head,2,client_2.pt,0 1 5 6 7,0.33333333,0.39892071,0.42329773,0.18750000,0.21571189,0.28571430,0.21587287,0.05215300
small,organsmnist_224,vit_t,,5,0.0,42,prototype_head,0,client_0.pt,6 5 8,0.20000000,0.27968094,0.30996621,0.18750000,0.21571189,0.28571430,0.21263011,0.05293509
small,organsmnist_224,vit_t,,5,0.0,42,prototype_head,1,client_1.pt,7 2,0.20000000,0.17834115,0.23077607,0.06250000,0.15509176,0.14285715,0.15512732,0.03541408
small,organsmnist_224,vit_t,,5,0.0,42,prototype_head,2,client_2.pt,0 4,0.20000000,0.16176960,0.15932691,0.06250000,0.06538225,0.14285715,0.06559637,0.01396549
small,organsmnist_224,vit_t,,5,0.0,42,prototype_head,3,client_3.pt,10 9,0.20000000,0.28249678,0.22312288,0.25000000,0.18429586,0.00000000,0.16487509,0.05427960
small,organsmnist_224,vit_t,,5,0.0,42,prototype_head,4,client_4.pt,3 1,0.20000000,0.09771155,0.07680797,0.00000000,0.00000000,0.00000000,0.00007588,0.00000000
small,organsmnist_224,vit_t,,5,0.01,42,prototype_head,0,client_0.pt,3,0.20000000,0.23395091,0.17444694,0.18750000,0.11696458,0.00000000,0.11702007,0.02581114
small,organsmnist_224,vit_t,,5,0.01,42,prototype_head,1,client_1.pt,7 8,0.20000000,0.22683053,0.24921650,0.12500000,0.12756324,0.28571430,0.12182895,0.04743175
small,organsmnist_224,vit_t,,5,0.01,42,prototype_head,2,client_2.pt,0 1,0.20000000,0.09802389,0.07913978,0.00000000,0.00000000,0.00000000,0.00113396,0.00000000
small,organsmnist_224,vit_t,,5,0.01,42,prototype_head,3,client_3.pt,2 3 6,0.20000000,0.29937747,0.38648218,0.18750000,0.29236788,0.28571430,0.31587765,0.07899105
small,organsmnist_224,vit_t,,5,0.01,42,prototype_head,4,client_4.pt,1 4 5 8 9 10,0.20000000,0.14181715,0.11071456,0.06250000,0.03906684,0.00000000,0.02372095,0.01800480
small,organsmnist_224,vit_t,,5,0.1,42,prototype_head,0,client_0.pt,0 2 4 5 6 8 10,0.20000000,0.37532058,0.41897792,0.25000000,0.37080365,0.42857143,0.35534704,0.11283712
small,organsmnist_224,vit_t,,5,0.1,42,prototype_head,1,client_1.pt,2 3 4 5 8 9 10,0.20000000,0.23182593,0.23319961,0.12500000,0.19154304,0.14285715,0.18822679,0.04676508
small,organsmnist_224,vit_t,,5,0.1,42,prototype_head,2,client_2.pt,0 1 2 3 4 5 8 9 10,0.20000000,0.10457985,0.07092695,0.00000000,0.00000000,0.00000000,0.01828063,0.00000000
small,organsmnist_224,vit_t,,5,0.1,42,prototype_head,3,client_3.pt,0 2 5 6 7 8 9,0.20000000,0.18664245,0.20793849,0.06250000,0.15509176,0.14285715,0.16247247,0.03573731
small,organsmnist_224,vit_t,,5,0.1,42,prototype_head,4,client_4.pt,0 1 3 4 6 7 9,0.20000000,0.10163116,0.06895701,0.00000000,0.00000000,0.00000000,0.00041402,0.00000000
small,organsmnist_224,vit_t,,7,0.0,42,prototype_head,0,client_0.pt,6 4,0.14285714,0.23241587,0.27473450,0.25000000,0.28109413,0.42857143,0.28064650,0.07258074
small,organsmnist_224,vit_t,,7,0.0,42,prototype_head,1,client_1.pt,7 9,0.14285714,0.20669340,0.17202450,0.25000000,0.18429586,0.00000000,0.28309166,0.10285016
small,organsmnist_224,vit_t,,7,0.0,42,prototype_head,2,client_2.pt,0 1,0.14285714,0.06586941,0.05357839,0.00000000,0.00000000,0.00000000,0.00005956,0.00000000
small,organsmnist_224,vit_t,,7,0.0,42,prototype_head,3,client_3.pt,10 8,0.14285714,0.15145719,0.16680646,0.12500000,0.12756324,0.28571430,0.12249004,0.02983758
small,organsmnist_224,vit_t,,7,0.0,42,prototype_head,4,client_4.pt,3,0.14285714,0.15747714,0.11830021,0.18750000,0.11696458,0.00000000,0.11696611,0.02580785
small,organsmnist_224,vit_t,,7,0.0,42,prototype_head,5,client_5.pt,5,0.14285714,0.06586362,0.05357374,0.00000000,0.00000000,0.00000000,0.00000535,0.00000000
small,organsmnist_224,vit_t,,7,0.0,42,prototype_head,6,client_6.pt,2,0.14285714,0.12022336,0.16098224,0.06250000,0.15509176,0.14285715,0.15509713,0.03541248
small,organsmnist_224,vit_t,,7,0.01,42,prototype_head,0,client_0.pt,6 10,0.14285714,0.10513645,0.08716260,0.00000000,0.00000000,0.00000000,0.11561663,0.00000000
small,organsmnist_224,vit_t,,7,0.01,42,prototype_head,1,client_1.pt,9 10,0.14285714,0.08850917,0.07355685,0.00000000,0.00000000,0.00000000,0.00000915,0.00000000
small,organsmnist_224,vit_t,,7,0.01,42,prototype_head,2,client_2.pt,0 4,0.14285714,0.14655071,0.15258750,0.06250000,0.06538225,0.14285715,0.06568836,0.01383779
small,organsmnist_224,vit_t,,7,0.01,42,prototype_head,3,client_3.pt,3 5 6 9,0.14285714,0.25764805,0.21406727,0.25000000,0.18429586,0.00000000,0.18453309,0.04324696
small,organsmnist_224,vit_t,,7,0.01,42,prototype_head,4,client_4.pt,2 7,0.14285714,0.16155981,0.22102906,0.06250000,0.15509176,0.14285715,0.15510727,0.03541421
small,organsmnist_224,vit_t,,7,0.01,42,prototype_head,5,client_5.pt,1 6 8,0.14285714,0.08850837,0.07355618,0.00000000,0.00000000,0.00000000,0.00000355,0.00000000
small,organsmnist_224,vit_t,,7,0.01,42,prototype_head,6,client_6.pt,7,0.14285714,0.15208739,0.17804053,0.06250000,0.09886727,0.14285715,0.09889849,0.02147275
small,organsmnist_224,vit_t,,7,0.1,42,morph_anchor,0,client_0.pt,0 1 3 8 9 10,0.14285714,0.17308663,0.13003226,0.18750000,0.13074593,0.00000000,0.13594957,0.03255706
small,organsmnist_224,vit_t,,7,0.1,42,morph_anchor,1,client_1.pt,3 8 9 10,0.14285714,0.20542529,0.15911978,0.25000000,0.18429586,0.00000000,0.15975679,0.05441430
small,organsmnist_224,vit_t,,7,0.1,42,morph_anchor,2,client_2.pt,0 1 4 5 6 7 8 9,0.14285714,0.07192683,0.05543420,0.00000000,0.00000000,0.00000000,0.00588002,0.00000000
small,organsmnist_224,vit_t,,7,0.1,42,morph_anchor,3,client_3.pt,1 2 5 6 9 10,0.14285714,0.07237747,0.05577621,0.00000000,0.00000000,0.00000000,0.00977234,0.00000000
small,organsmnist_224,vit_t,,7,0.1,42,morph_anchor,4,client_4.pt,0 1 2 4 5 6 8 9 10,0.14285714,0.21666147,0.26926085,0.18750000,0.29236788,0.28571430,0.28879693,0.10146307
small,organsmnist_224,vit_t,,7,0.1,42,morph_anchor,5,client_5.pt,2 4 5 6 7 10,0.14285714,0.13008684,0.16505103,0.06250000,0.15509176,0.14285715,0.15541187,0.03542608
small,organsmnist_224,vit_t,,7,0.1,42,morph_anchor,6,client_6.pt,0 1 2 4 6 7 8 10,0.14285714,0.13043544,0.16532558,0.06250000,0.15509176,0.14285715,0.15832546,0.03556682
vlm,bloodmnist_224,clip-vit-base-patch32,openai/clip-vit-base-patch32,3,0.0,42,specialist_client,0,client_0.pt,3 7 5,0.33333333,0.25870150,0.23763324,0.25000000,0.23782882,0.14285715,0.22935882,0.06232859
vlm,bloodmnist_224,clip-vit-base-patch32,openai/clip-vit-base-patch32,3,0.0,42,specialist_client,1,client_1.pt,4 6 0,0.33333333,0.41403797,0.42673627,0.43750000,0.44972242,0.42857143,0.43486128,0.15013929
vlm,bloodmnist_224,clip-vit-base-patch32,openai/clip-vit-base-patch32,3,0.0,42,specialist_client,2,client_2.pt,2 1,0.33333333,0.32726052,0.33563051,0.31250000,0.31244867,0.42857143,0.31200539,0.08336625
vlm,bloodmnist_224,clip-vit-base-patch32,openai/clip-vit-base-patch32,3,0.01,42,specialist_client,0,client_0.pt,6 7,0.33333333,0.41343379,0.37805736,0.50000000,0.45661164,0.28571430,0.45660061,0.14388071
vlm,bloodmnist_224,clip-vit-base-patch32,openai/clip-vit-base-patch32,3,0.01,42,specialist_client,1,client_1.pt,1 4 5,0.33333333,0.30973464,0.31779572,0.31250000,0.32143056,0.42857143,0.29492777,0.10718537
vlm,bloodmnist_224,clip-vit-base-patch32,openai/clip-vit-base-patch32,3,0.01,42,specialist_client,2,client_2.pt,0 2 3 5,0.33333333,0.27683160,0.30414689,0.25000000,0.30018749,0.42857143,0.29269504,0.08167022
vlm,bloodmnist_224,clip-vit-base-patch32,openai/clip-vit-base-patch32,3,0.1,42,specialist_client,0,client_0.pt,0 2 3 4 5 6 7,0.33333333,0.37063602,0.35780415,0.56250000,0.55128264,0.42857143,0.55317026,0.22956908
vlm,bloodmnist_224,clip-vit-base-patch32,openai/clip-vit-base-patch32,3,0.1,42,specialist_client,1,client_1.pt,0 1 3 4 5 6,0.33333333,0.43746161,0.46567160,0.62500000,0.66087316,0.85714287,0.68114553,0.29438547
vlm,bloodmnist_224,clip-vit-base-patch32,openai/clip-vit-base-patch32,3,0.1,42,specialist_client,2,client_2.pt,0 3 7,0.33333333,0.19190234,0.17652428,0.25000000,0.25154334,0.14285715,0.21777153,0.08874325
vlm,bloodmnist_224,clip-vit-base-patch32,openai/clip-vit-base-patch32,5,0.0,42,specialist_client,0,client_0.pt,3 1,0.20000000,0.19806103,0.20297122,0.18750000,0.18243525,0.28571430,0.18239319,0.04272436
vlm,bloodmnist_224,clip-vit-base-patch32,openai/clip-vit-base-patch32,5,0.0,42,specialist_client,1,client_1.pt,4 5,0.20000000,0.15445276,0.15604600,0.12500000,0.13899530,0.14285715,0.13895644,0.03127933
vlm,bloodmnist_224,clip-vit-base-patch32,openai/clip-vit-base-patch32,5,0.0,42,specialist_client,2,client_2.pt,2 0,0.20000000,0.20347898,0.22574805,0.18750000,0.22195773,0.28571430,0.22175999,0.05399408
vlm,bloodmnist_224,clip-vit-base-patch32,openai/clip-vit-base-patch32,5,0.0,42,specialist_client,3,client_3.pt,7,0.20000000,0.17475976,0.14585608,0.18750000,0.15959905,0.00000000,0.15960013,0.03659214
vlm,bloodmnist_224,clip-vit-base-patch32,openai/clip-vit-base-patch32,5,0.0,42,specialist_client,4,client_4.pt,6,0.20000000,0.26924741,0.26937857,0.31250000,0.29701259,0.28571430,0.29701349,0.07791753
vlm,bloodmnist_224,clip-vit-base-patch32,openai/clip-vit-base-patch32,5,0.01,42,specialist_client,0,client_0.pt,3 4,0.20000000,0.09086332,0.07484073,0.06250000,0.06076554,0.00000000,0.06060063,0.01279154
vlm,bloodmnist_224,clip-vit-base-patch32,openai/clip-vit-base-patch32,5,0.01,42,specialist_client,1,client_1.pt,4 5 6,0.20000000,0.24402443,0.26066458,0.31250000,0.32572802,0.42857143,0.32552989,0.11300067
vlm,bloodmnist_224,clip-vit-base-patch32,openai/clip-vit-base-patch32,5,0.01,42,specialist_client,2,client_2.pt,0,0.20000000,0.10305877,0.10811157,0.06250000,0.09194430,0.14285715,0.09198302,0.01985052
vlm,bloodmnist_224,clip-vit-base-patch32,openai/clip-vit-base-patch32,5,0.01,42,specialist_client,3,client_3.pt,6,0.20000000,0.23020501,0.22543877,0.31250000,0.29701259,0.28571430,0.29701152,0.07791904
vlm,bloodmnist_224,clip-vit-base-patch32,openai/clip-vit-base-patch32,5,0.01,42,specialist_client,4,client_4.pt,1 2 7,0.20000000,0.33184844,0.33094436,0.50000000,0.47204775,0.42857143,0.47185159,0.15171450
vlm,bloodmnist_224,clip-vit-base-patch32,openai/clip-vit-base-patch32,5,0.1,42,specialist_client,0,client_0.pt,0 1 3 4 5 7,0.20000000,0.21066689,0.21230073,0.50000000,0.52326959,0.57142860,0.53554886,0.18802464
vlm,bloodmnist_224,clip-vit-base-patch32,openai/clip-vit-base-patch32,5,0.1,42,specialist_client,1,client_1.pt,0 1 2 5 6 7,0.20000000,0.30001315,0.30573693,0.75000000,0.75970665,0.85714287,0.75810477,0.40201890
vlm,bloodmnist_224,clip-vit-base-patch32,openai/clip-vit-base-patch32,5,0.1,42,specialist_client,2,client_2.pt,0 1 2 5,0.20000000,0.12879367,0.13786367,0.25000000,0.30018749,0.42857143,0.26386013,0.10021346
vlm,bloodmnist_224,clip-vit-base-patch32,openai/clip-vit-base-patch32,5,0.1,42,specialist_client,3,client_3.pt,2 6,0.20000000,0.17910440,0.17346698,0.43750000,0.42702604,0.42857143,0.32222929,0.20084482
vlm,bloodmnist_224,clip-vit-base-patch32,openai/clip-vit-base-patch32,5,0.1,42,specialist_client,4,client_4.pt,1 2 3 4 7,0.20000000,0.18142183,0.17063169,0.43750000,0.41362227,0.42857143,0.39465116,0.15273601
vlm,bloodmnist_224,clip-vit-base-patch32,openai/clip-vit-base-patch32,7,0.0,42,specialist_client,0,client_0.pt,3 0,0.14285714,0.10559893,0.11643539,0.06250000,0.09194430,0.14285715,0.09131576,0.01994190
vlm,bloodmnist_224,clip-vit-base-patch32,openai/clip-vit-base-patch32,7,0.0,42,specialist_client,1,client_1.pt,4,0.14285714,0.09317770,0.08064780,0.06250000,0.06076554,0.00000000,0.06082137,0.01277660
vlm,bloodmnist_224,clip-vit-base-patch32,openai/clip-vit-base-patch32,7,0.0,42,specialist_client,2,client_2.pt,2,0.14285714,0.13433847,0.13607314,0.12500000,0.13001344,0.14285715,0.13008231,0.02902522
vlm,bloodmnist_224,clip-vit-base-patch32,openai/clip-vit-base-patch32,7,0.0,42,specialist_client,3,client_3.pt,7,0.14285714,0.15318970,0.13151035,0.18750000,0.15959905,0.00000000,0.15960066,0.03659204
vlm,bloodmnist_224,clip-vit-base-patch32,openai/clip-vit-base-patch32,7,0.0,42,specialist_client,4,client_4.pt,6,0.14285714,0.23601480,0.24288346,0.31250000,0.29701259,0.28571430,0.29701250,0.07791630
vlm,bloodmnist_224,clip-vit-base-patch32,openai/clip-vit-base-patch32,7,0.0,42,specialist_client,5,client_5.pt,1,0.14285714,0.17361879,0.18301079,0.18750000,0.18243525,0.28571430,0.18243273,0.04272265
vlm,bloodmnist_224,clip-vit-base-patch32,openai/clip-vit-base-patch32,7,0.0,42,specialist_client,6,client_6.pt,5,0.14285714,0.10406168,0.10943901,0.06250000,0.07822976,0.14285715,0.07829436,0.01669692
vlm,bloodmnist_224,clip-vit-base-patch32,openai/clip-vit-base-patch32,7,0.01,42,specialist_client,0,client_0.pt,5,0.14285714,0.07745831,0.07713404,0.06250000,0.07822976,0.14285715,0.07821302,0.01669475
vlm,bloodmnist_224,clip-vit-base-patch32,openai/clip-vit-base-patch32,7,0.01,42,specialist_client,1,client_1.pt,4 7,0.14285714,0.11921018,0.12178431,0.12500000,0.13139258,0.28571430,0.26656258,0.07506332
vlm,bloodmnist_224,clip-vit-base-patch32,openai/clip-vit-base-patch32,7,0.01,42,specialist_client,2,client_2.pt,4,0.14285714,0.11921018,0.12178431,0.12500000,0.13139258,0.28571430,0.26656258,0.07506332
vlm,bloodmnist_224,clip-vit-base-patch32,openai/clip-vit-base-patch32,7,0.01,42,specialist_client,3,client_3.pt,6,0.14285714,0.17569175,0.17119798,0.31250000,0.29701259,0.28571430,0.29701307,0.07791674
vlm,bloodmnist_224,clip-vit-base-patch32,openai/clip-vit-base-patch32,7,0.01,42,specialist_client,4,client_4.pt,2 3 5,0.14285714,0.10031065,0.09614833,0.12500000,0.13001344,0.14285715,0.13408700,0.02917241
vlm,bloodmnist_224,clip-vit-base-patch32,openai/clip-vit-base-patch32,7,0.01,42,specialist_client,5,client_5.pt,1 4 7,0.14285714,0.22177419,0.21086729,0.43750000,0.40279986,0.28571430,0.40272630,0.11886856
vlm,bloodmnist_224,clip-vit-base-patch32,openai/clip-vit-base-patch32,7,0.01,42,specialist_client,6,client_6.pt,0 3 6,0.14285714,0.18634476,0.20108375,0.31250000,0.33944257,0.42857143,0.34035393,0.09363224
vlm,bloodmnist_224,clip-vit-base-patch32,openai/clip-vit-base-patch32,7,0.1,42,specialist_client,0,client_0.pt,0 2 6,0.14285714,0.12238916,0.11958966,0.31250000,0.29701259,0.28571430,0.29479229,0.07954552
vlm,bloodmnist_224,clip-vit-base-patch32,openai/clip-vit-base-patch32,7,0.1,42,specialist_client,1,client_1.pt,0 1 2 3 5 7,0.14285714,0.13901190,0.13825849,0.37500000,0.36784224,0.28571430,0.34087180,0.12541870
vlm,bloodmnist_224,clip-vit-base-patch32,openai/clip-vit-base-patch32,7,0.1,42,specialist_client,2,client_2.pt,0 2 5 7,0.14285714,0.11760625,0.10904051,0.31250000,0.28961250,0.14285715,0.27268213,0.10620860
vlm,bloodmnist_224,clip-vit-base-patch32,openai/clip-vit-base-patch32,7,0.1,42,specialist_client,3,client_3.pt,2 3 4 5 6,0.14285714,0.08308210,0.08506576,0.12500000,0.13139258,0.28571430,0.26656258,0.07506332
vlm,bloodmnist_224,clip-vit-base-patch32,openai/clip-vit-base-patch32,7,0.1,42,specialist_client,4,client_4.pt,1 4 6 7,0.14285714,0.09614249,0.08054253,0.25000000,0.22036460,0.00000000,0.22608529,0.05420228
vlm,bloodmnist_224,clip-vit-base-patch32,openai/clip-vit-base-patch32,7,0.1,42,specialist_client,5,client_5.pt,0 1 3 5 6 7,0.14285714,0.19544564,0.19639140,0.56250000,0.54111027,0.42857143,0.54460352,0.22300389
vlm,bloodmnist_224,clip-vit-base-patch32,openai/clip-vit-base-patch32,7,0.1,42,specialist_client,6,client_6.pt,0 1 5 6 7,0.14285714,0.24632241,0.27111164,0.68750000,0.69953457,0.85714287,0.67008207,0.37321267
vlm,chaoshengmnist_224,clip-vit-base-patch32,openai/clip-vit-base-patch32,3,0.0,42,specialist_client,0,client_0.pt,3 7 5,0.33333333,0.11477505,0.08799236,0.00000000,0.00000000,0.00000000,0.00002503,0.00000000
vlm,chaoshengmnist_224,clip-vit-base-patch32,openai/clip-vit-base-patch32,3,0.0,42,specialist_client,1,client_1.pt,4 6 0,0.33333333,0.77039707,0.82397538,0.62500000,0.61957030,0.42857143,0.45803321,0.56300619
vlm,chaoshengmnist_224,clip-vit-base-patch32,openai/clip-vit-base-patch32,3,0.0,42,specialist_client,2,client_2.pt,2 1,0.33333333,0.11482794,0.08803228,0.00000000,0.00000000,0.00000000,0.00030862,0.00000000
vlm,chaoshengmnist_224,clip-vit-base-patch32,openai/clip-vit-base-patch32,3,0.01,42,specialist_client,0,client_0.pt,4 5 6,0.33333333,0.08064196,0.05744107,0.00000000,0.00000000,0.00000000,0.00007087,0.00000000
vlm,chaoshengmnist_224,clip-vit-base-patch32,openai/clip-vit-base-patch32,3,0.01,42,specialist_client,1,client_1.pt,0 1,0.33333333,0.83872247,0.88512236,1.00000000,1.00000000,1.00000000,0.63185756,1.00000000
vlm,chaoshengmnist_224,clip-vit-base-patch32,openai/clip-vit-base-patch32,3,0.01,42,specialist_client,2,client_2.pt,1 2 3 6 7,0.33333333,0.08063558,0.05743660,0.00000000,0.00000000,0.00000000,0.00002215,0.00000000
vlm,chaoshengmnist_224,clip-vit-base-patch32,openai/clip-vit-base-patch32,3,0.1,42,specialist_client,0,client_0.pt,0 1 6,0.33333333,0.27769375,0.27840838,0.00000000,0.00000000,0.00000000,0.00025584,0.00000000
vlm,chaoshengmnist_224,clip-vit-base-patch32,openai/clip-vit-base-patch32,3,0.1,42,specialist_client,1,client_1.pt,0 1 3 5 6,0.33333333,0.44466886,0.44323879,0.00000000,0.00000000,0.00000000,0.37043567,0.00000000
vlm,chaoshengmnist_224,clip-vit-base-patch32,openai/clip-vit-base-patch32,3,0.1,42,specialist_client,2,client_2.pt,1 2 4 5 6 7,0.33333333,0.27763742,0.27835280,0.00000000,0.00000000,0.00000000,0.00013101,0.00000000
vlm,chaoshengmnist_224,clip-vit-base-patch32,openai/clip-vit-base-patch32,5,0.0,42,specialist_client,0,client_0.pt,3 1,0.20000000,0.06985818,0.05174720,0.00000000,0.00000000,0.00000000,0.00006761,0.00000000
vlm,chaoshengmnist_224,clip-vit-base-patch32,openai/clip-vit-base-patch32,5,0.0,42,specialist_client,1,client_1.pt,4 5,0.20000000,0.07189523,0.05323293,0.00000000,0.00000000,0.00000000,0.01801407,0.00000000
vlm,chaoshengmnist_224,clip-vit-base-patch32,openai/clip-vit-base-patch32,5,0.0,42,specialist_client,2,client_2.pt,2 0,0.20000000,0.71854556,0.79153663,1.00000000,1.00000000,1.00000000,0.56117254,1.00000000
vlm,chaoshengmnist_224,clip-vit-base-patch32,openai/clip-vit-base-patch32,5,0.0,42,specialist_client,3,client_3.pt,7,0.20000000,0.06985051,0.05174161,0.00000000,0.00000000,0.00000000,0.00000002,0.00000000
vlm,chaoshengmnist_224,clip-vit-base-patch32,openai/clip-vit-base-patch32,5,0.0,42,specialist_client,4,client_4.pt,6,0.20000000,0.06985051,0.05174160,0.00000000,0.00000000,0.00000000,0.00000000,0.00000000
vlm,chaoshengmnist_224,clip-vit-base-patch32,openai/clip-vit-base-patch32,5,0.01,42,specialist_client,0,client_0.pt,2 5 7,0.20000000,0.12823313,0.10949439,0.00000000,0.00000000,0.00000000,0.10268578,0.00000000
vlm,chaoshengmnist_224,clip-vit-base-patch32,openai/clip-vit-base-patch32,5,0.01,42,specialist_client,1,client_1.pt,0 2,0.20000000,0.32592973,0.35116041,0.18750000,0.18689398,0.14285715,0.31472140,0.12414297
vlm,chaoshengmnist_224,clip-vit-base-patch32,openai/clip-vit-base-patch32,5,0.01,42,specialist_client,2,client_2.pt,2 3 6 7,0.20000000,0.11001077,0.09414046,0.00000000,0.00000000,0.00000000,0.00064550,0.00000000
vlm,chaoshengmnist_224,clip-vit-base-patch32,openai/clip-vit-base-patch32,5,0.01,42,specialist_client,3,client_3.pt,0 3 4 7,0.20000000,0.32592973,0.35116041,0.18750000,0.18689398,0.14285715,0.31472140,0.12414297
vlm,chaoshengmnist_224,clip-vit-base-patch32,openai/clip-vit-base-patch32,5,0.01,42,specialist_client,4,client_4.pt,1 4,0.20000000,0.10989662,0.09404428,0.00000000,0.00000000,0.00000000,0.00000633,0.00000000
vlm,chaoshengmnist_224,clip-vit-base-patch32,openai/clip-vit-base-patch32,5,0.1,42,specialist_client,0,client_0.pt,0 2 3 6,0.20000000,0.08110618,0.06040492,0.00000000,0.00000000,0.00000000,0.12064739,0.00000000
vlm,chaoshengmnist_224,clip-vit-base-patch32,openai/clip-vit-base-patch32,5,0.1,42,specialist_client,1,client_1.pt,0 1 3 5,0.20000000,0.06841440,0.05107444,0.00000000,0.00000000,0.00000000,0.00547056,0.00000000
vlm,chaoshengmnist_224,clip-vit-base-patch32,openai/clip-vit-base-patch32,5,0.1,42,specialist_client,2,client_2.pt,4 5 6,0.20000000,0.06784239,0.05065392,0.00000000,0.00000000,0.00000000,0.00027963,0.00000000
vlm,chaoshengmnist_224,clip-vit-base-patch32,openai/clip-vit-base-patch32,5,0.1,42,specialist_client,3,client_3.pt,0 1 3,0.20000000,0.71462357,0.78708702,1.00000000,1.00000000,1.00000000,0.71592084,1.00000000
vlm,chaoshengmnist_224,clip-vit-base-patch32,openai/clip-vit-base-patch32,5,0.1,42,specialist_client,4,client_4.pt,0 2 3 4 5 6 7,0.20000000,0.06801345,0.05077968,0.00000000,0.00000000,0.00000000,0.00183204,0.00000000
vlm,chaoshengmnist_224,clip-vit-base-patch32,openai/clip-vit-base-patch32,7,0.0,42,avg,0,client_0.pt,3 0,0.14285714,0.55195117,0.62397557,0.93750000,0.94715870,1.00000000,0.78560593,0.84981344
vlm,chaoshengmnist_224,clip-vit-base-patch32,openai/clip-vit-base-patch32,7,0.0,42,avg,1,client_1.pt,4,0.14285714,0.16220582,0.15675889,0.18750000,0.18689398,0.14285715,0.31472140,0.12414297
vlm,chaoshengmnist_224,clip-vit-base-patch32,openai/clip-vit-base-patch32,7,0.0,42,avg,2,client_2.pt,2,0.14285714,0.06699453,0.05127939,0.00000000,0.00000000,0.00000000,0.13842836,0.00000000
vlm,chaoshengmnist_224,clip-vit-base-patch32,openai/clip-vit-base-patch32,7,0.0,42,avg,3,client_3.pt,7,0.14285714,0.05469182,0.04198118,0.00000000,0.00000000,0.00000000,0.00000001,0.00000000
vlm,chaoshengmnist_224,clip-vit-base-patch32,openai/clip-vit-base-patch32,7,0.0,42,avg,4,client_4.pt,6,0.14285714,0.05474428,0.04202083,0.00000000,0.00000000,0.00000000,0.00059034,0.00000000
vlm,chaoshengmnist_224,clip-vit-base-patch32,openai/clip-vit-base-patch32,7,0.0,42,avg,5,client_5.pt,1,0.14285714,0.05472060,0.04200292,0.00000000,0.00000000,0.00000000,0.00032379,0.00000000
vlm,chaoshengmnist_224,clip-vit-base-patch32,openai/clip-vit-base-patch32,7,0.0,42,avg,6,client_6.pt,5,0.14285714,0.05469182,0.04198118,0.00000000,0.00000000,0.00000000,0.00000000,0.00000000
vlm,chaoshengmnist_224,clip-vit-base-patch32,openai/clip-vit-base-patch32,7,0.01,42,consensus,0,client_0.pt,6,0.14285714,0.07497617,0.06294247,0.00000000,0.00000000,0.00000000,0.02190340,0.00000000
vlm,chaoshengmnist_224,clip-vit-base-patch32,openai/clip-vit-base-patch32,7,0.01,42,consensus,1,client_1.pt,5,0.14285714,0.07239926,0.06081131,0.00000000,0.00000000,0.00000000,0.00000001,0.00000000
vlm,chaoshengmnist_224,clip-vit-base-patch32,openai/clip-vit-base-patch32,7,0.01,42,consensus,2,client_2.pt,0 2 3,0.14285714,0.40220162,0.45143932,0.50000000,0.49110374,0.28571430,0.45283121,0.36334478
vlm,chaoshengmnist_224,clip-vit-base-patch32,openai/clip-vit-base-patch32,7,0.01,42,consensus,3,client_3.pt,1,0.14285714,0.07245611,0.06085833,0.00000000,0.00000000,0.00000000,0.00048327,0.00000000
vlm,chaoshengmnist_224,clip-vit-base-patch32,openai/clip-vit-base-patch32,7,0.01,42,consensus,4,client_4.pt,5,0.14285714,0.09084472,0.07606611,0.00000000,0.00000000,0.00000000,0.15678410,0.00000000
vlm,chaoshengmnist_224,clip-vit-base-patch32,openai/clip-vit-base-patch32,7,0.01,42,consensus,5,client_5.pt,7,0.14285714,0.07239933,0.06081136,0.00000000,0.00000000,0.00000000,0.00000054,0.00000000
vlm,chaoshengmnist_224,clip-vit-base-patch32,openai/clip-vit-base-patch32,7,0.01,42,consensus,6,client_6.pt,4,0.14285714,0.21472283,0.22707114,0.18750000,0.18689398,0.14285715,0.31472140,0.12414297
vlm,chaoshengmnist_224,clip-vit-base-patch32,openai/clip-vit-base-patch32,7,0.1,42,specialist_client,0,client_0.pt,0 3 5 7,0.14285714,0.05918403,0.04566619,0.00000000,0.00000000,0.00000000,0.00000006,0.00000000
vlm,chaoshengmnist_224,clip-vit-base-patch32,openai/clip-vit-base-patch32,7,0.1,42,specialist_client,1,client_1.pt,0 3 4 5 6 7,0.14285714,0.07516777,0.05780945,0.00000000,0.00000000,0.00000000,0.16619598,0.00000000
vlm,chaoshengmnist_224,clip-vit-base-patch32,openai/clip-vit-base-patch32,7,0.1,42,specialist_client,2,client_2.pt,1 3 4 7,0.14285714,0.05918404,0.04566620,0.00000000,0.00000000,0.00000000,0.00000015,0.00000000
vlm,chaoshengmnist_224,clip-vit-base-patch32,openai/clip-vit-base-patch32,7,0.1,42,specialist_client,3,client_3.pt,0 2 3 6,0.14285714,0.08081665,0.06210104,0.00000000,0.00000000,0.00000000,0.22493200,0.00000000
vlm,chaoshengmnist_224,clip-vit-base-patch32,openai/clip-vit-base-patch32,7,0.1,42,specialist_client,4,client_4.pt,0 2 6,0.14285714,0.05918403,0.04566619,0.00000000,0.00000000,0.00000000,0.00000000,0.00000000
vlm,chaoshengmnist_224,clip-vit-base-patch32,openai/clip-vit-base-patch32,7,0.1,42,specialist_client,5,client_5.pt,1 2 3 4,0.14285714,0.05950647,0.04591115,0.00000000,0.00000000,0.00000000,0.00335264,0.00000000
vlm,chaoshengmnist_224,clip-vit-base-patch32,openai/clip-vit-base-patch32,7,0.1,42,specialist_client,6,client_6.pt,0 1 2 3 4 5,0.14285714,0.60695696,0.69717985,1.00000000,1.00000000,1.00000000,0.54179519,1.00000000
vlm,dermamnist_224,clip-vit-base-patch32,openai/clip-vit-base-patch32,3,0.0,42,specialist_client,0,client_0.pt,3 4 0,0.33333333,0.13735947,0.14569513,0.06250000,0.10665823,0.14285715,0.10466306,0.02376772
vlm,dermamnist_224,clip-vit-base-patch32,openai/clip-vit-base-patch32,3,0.0,42,specialist_client,1,client_1.pt,2 1,0.33333333,0.07938487,0.05829904,0.00000000,0.00000000,0.00000000,0.00000017,0.00000000
vlm,dermamnist_224,clip-vit-base-patch32,openai/clip-vit-base-patch32,3,0.0,42,specialist_client,2,client_2.pt,6 5,0.33333333,0.78325564,0.79600585,0.93750000,0.89334178,0.85714287,0.88838679,0.62792661
vlm,dermamnist_224,clip-vit-base-patch32,openai/clip-vit-base-patch32,3,0.01,42,specialist_client,0,client_0.pt,1 3,0.33333333,0.13551426,0.13948961,0.06250000,0.10665823,0.14285715,0.12854791,0.05642759
vlm,dermamnist_224,clip-vit-base-patch32,openai/clip-vit-base-patch32,3,0.01,42,specialist_client,1,client_1.pt,0 5 6,0.33333333,0.73742270,0.72745770,0.93750000,0.89334178,0.85714287,0.84974366,0.64843665
vlm,dermamnist_224,clip-vit-base-patch32,openai/clip-vit-base-patch32,3,0.01,42,specialist_client,2,client_2.pt,2 3 4,0.33333333,0.12706307,0.13305269,0.06250000,0.10665823,0.14285715,0.06450257,0.04883094
vlm,dermamnist_224,clip-vit-base-patch32,openai/clip-vit-base-patch32,3,0.1,42,specialist_client,0,client_0.pt,0 1 2 3 5,0.33333333,0.42084998,0.41123065,0.87500000,0.83871645,0.85714287,0.77516073,0.60466220
vlm,dermamnist_224,clip-vit-base-patch32,openai/clip-vit-base-patch32,3,0.1,42,specialist_client,1,client_1.pt,0 1 2 4 5,0.33333333,0.49149042,0.50175595,1.00000000,1.00000000,1.00000000,0.88987815,1.00000000
vlm,dermamnist_224,clip-vit-base-patch32,openai/clip-vit-base-patch32,3,0.1,42,specialist_client,2,client_2.pt,0 2 3 6,0.33333333,0.08765960,0.08701345,0.06250000,0.10665823,0.14285715,0.20161010,0.06123201
vlm,dermamnist_224,clip-vit-base-patch32,openai/clip-vit-base-patch32,5,0.0,42,specialist_client,0,client_0.pt,3 5,0.20000000,0.60692674,0.61076319,0.93750000,0.89334178,0.85714287,0.88822281,0.62790077
vlm,dermamnist_224,clip-vit-base-patch32,openai/clip-vit-base-patch32,5,0.0,42,specialist_client,1,client_1.pt,2 0,0.20000000,0.06152169,0.04473757,0.00000000,0.00000000,0.00000000,0.00006368,0.00000000
vlm,dermamnist_224,clip-vit-base-patch32,openai/clip-vit-base-patch32,5,0.0,42,specialist_client,2,client_2.pt,6,0.20000000,0.11246976,0.11630468,0.06250000,0.10665823,0.14285715,0.16264953,0.02714055
vlm,dermamnist_224,clip-vit-base-patch32,openai/clip-vit-base-patch32,5,0.0,42,specialist_client,3,client_3.pt,4,0.20000000,0.10661203,0.11188993,0.06250000,0.10665823,0.14285715,0.10669254,0.02332390
vlm,dermamnist_224,clip-vit-base-patch32,openai/clip-vit-base-patch32,5,0.0,42,specialist_client,4,client_4.pt,1,0.20000000,0.11246976,0.11630468,0.06250000,0.10665823,0.14285715,0.16264953,0.02714055
vlm,dermamnist_224,clip-vit-base-patch32,openai/clip-vit-base-patch32,5,0.01,42,specialist_client,0,client_0.pt,1 4 6,0.20000000,0.06164645,0.04477417,0.00000000,0.00000000,0.00000000,0.00030215,0.00000000
vlm,dermamnist_224,clip-vit-base-patch32,openai/clip-vit-base-patch32,5,0.01,42,specialist_client,1,client_1.pt,0,0.20000000,0.11265419,0.11635543,0.06250000,0.10665823,0.14285715,0.16264953,0.02714055
vlm,dermamnist_224,clip-vit-base-patch32,openai/clip-vit-base-patch32,5,0.01,42,specialist_client,2,client_2.pt,3 4,0.20000000,0.10672542,0.11190188,0.06250000,0.10665823,0.14285715,0.10599467,0.02344581
vlm,dermamnist_224,clip-vit-base-patch32,openai/clip-vit-base-patch32,5,0.01,42,specialist_client,3,client_3.pt,3,0.20000000,0.11265419,0.11635543,0.06250000,0.10665823,0.14285715,0.16264953,0.02714055
vlm,dermamnist_224,clip-vit-base-patch32,openai/clip-vit-base-patch32,5,0.01,42,specialist_client,4,client_4.pt,2 5,0.20000000,0.60631984,0.61061311,0.93750000,0.89334178,0.85714287,0.86349273,0.64050884
vlm,dermamnist_224,clip-vit-base-patch32,openai/clip-vit-base-patch32,5,0.1,42,specialist_client,0,client_0.pt,0 1 2 4 6,0.20000000,0.05561400,0.05703436,0.06250000,0.10665823,0.14285715,0.09153503,0.03082064
vlm,dermamnist_224,clip-vit-base-patch32,openai/clip-vit-base-patch32,5,0.1,42,specialist_client,1,client_1.pt,0 1 2 3 4 5 6,0.20000000,0.32165715,0.31530723,0.93750000,0.89334178,0.85714287,0.88623822,0.68751489
vlm,dermamnist_224,clip-vit-base-patch32,openai/clip-vit-base-patch32,5,0.1,42,specialist_client,2,client_2.pt,0 2 4,0.20000000,0.05922316,0.05943346,0.06250000,0.10665823,0.14285715,0.16264953,0.02714055
vlm,dermamnist_224,clip-vit-base-patch32,openai/clip-vit-base-patch32,5,0.1,42,specialist_client,3,client_3.pt,1 2 4 5,0.20000000,0.31402385,0.31488153,0.93750000,0.89334178,0.85714287,0.62689692,0.85264947
vlm,dermamnist_224,clip-vit-base-patch32,openai/clip-vit-base-patch32,5,0.1,42,specialist_client,4,client_4.pt,1 4,0.20000000,0.24948178,0.25334349,0.68750000,0.68073326,0.85714287,0.64364678,0.44621130
vlm,dermamnist_224,clip-vit-base-patch32,openai/clip-vit-base-patch32,7,0.0,42,specialist_client,0,client_0.pt,3,0.14285714,0.09177308,0.09433216,0.06250000,0.10665823,0.14285715,0.16264953,0.02714055
vlm,dermamnist_224,clip-vit-base-patch32,openai/clip-vit-base-patch32,7,0.0,42,specialist_client,1,client_1.pt,2,0.14285714,0.05032383,0.03637345,0.00000000,0.00000000,0.00000000,0.00157601,0.00000000
vlm,dermamnist_224,clip-vit-base-patch32,openai/clip-vit-base-patch32,7,0.0,42,specialist_client,2,client_2.pt,6,0.14285714,0.09177308,0.09433216,0.06250000,0.10665823,0.14285715,0.16264953,0.02714055
vlm,dermamnist_224,clip-vit-base-patch32,openai/clip-vit-base-patch32,7,0.0,42,specialist_client,3,client_3.pt,4,0.14285714,0.08702285,0.09077328,0.06250000,0.10665823,0.14285715,0.10704318,0.02334074
vlm,dermamnist_224,clip-vit-base-patch32,openai/clip-vit-base-patch32,7,0.0,42,specialist_client,4,client_4.pt,1,0.14285714,0.09177308,0.09433216,0.06250000,0.10665823,0.14285715,0.16264953,0.02714055
vlm,dermamnist_224,clip-vit-base-patch32,openai/clip-vit-base-patch32,7,0.0,42,specialist_client,5,client_5.pt,5,0.14285714,0.49556097,0.49552459,0.93750000,0.89334178,0.85714287,0.89334118,0.62618892
vlm,dermamnist_224,clip-vit-base-patch32,openai/clip-vit-base-patch32,7,0.0,42,specialist_client,6,client_6.pt,0,0.14285714,0.09177308,0.09433216,0.06250000,0.10665823,0.14285715,0.16264953,0.02714055
vlm,dermamnist_224,clip-vit-base-patch32,openai/clip-vit-base-patch32,7,0.01,42,specialist_client,0,client_0.pt,6,0.14285714,0.06539314,0.06732918,0.06250000,0.10665823,0.14285715,0.16264953,0.02714055
vlm,dermamnist_224,clip-vit-base-patch32,openai/clip-vit-base-patch32,7,0.01,42,specialist_client,1,client_1.pt,3,0.14285714,0.06539314,0.06732918,0.06250000,0.10665823,0.14285715,0.16264953,0.02714055
vlm,dermamnist_224,clip-vit-base-patch32,openai/clip-vit-base-patch32,7,0.01,42,specialist_client,2,client_2.pt,4,0.14285714,0.06198584,0.06477257,0.06250000,0.10665823,0.14285715,0.10666478,0.02332785
vlm,dermamnist_224,clip-vit-base-patch32,openai/clip-vit-base-patch32,7,0.01,42,specialist_client,3,client_3.pt,1,0.14285714,0.06539314,0.06732918,0.06250000,0.10665823,0.14285715,0.16264953,0.02714055
vlm,dermamnist_224,clip-vit-base-patch32,openai/clip-vit-base-patch32,7,0.01,42,specialist_client,4,client_4.pt,0 1 5,0.14285714,0.35267138,0.35346302,0.93750000,0.89334178,0.85714287,0.88368177,0.62915968
vlm,dermamnist_224,clip-vit-base-patch32,openai/clip-vit-base-patch32,7,0.01,42,specialist_client,5,client_5.pt,5 6,0.14285714,0.35310808,0.35367513,0.93750000,0.89334178,0.85714287,0.89324820,0.62619445
vlm,dermamnist_224,clip-vit-base-patch32,openai/clip-vit-base-patch32,7,0.01,42,specialist_client,6,client_6.pt,0 2 3,0.14285714,0.03605537,0.02610183,0.00000000,0.00000000,0.00000000,0.00496524,0.00000000
vlm,dermamnist_224,clip-vit-base-patch32,openai/clip-vit-base-patch32,7,0.1,42,specialist_client,0,client_0.pt,0 1 2 3 4,0.14285714,0.04737279,0.04910572,0.06250000,0.10665823,0.14285715,0.07705630,0.04145584
vlm,dermamnist_224,clip-vit-base-patch32,openai/clip-vit-base-patch32,7,0.1,42,specialist_client,1,client_1.pt,0 2 3 4 5,0.14285714,0.27408820,0.26880467,0.93750000,0.89334178,0.85714287,0.87952149,0.64084401
vlm,dermamnist_224,clip-vit-base-patch32,openai/clip-vit-base-patch32,7,0.1,42,specialist_client,2,client_2.pt,0 4 6,0.14285714,0.04774494,0.04904464,0.06250000,0.10665823,0.14285715,0.09403146,0.02884448
vlm,dermamnist_224,clip-vit-base-patch32,openai/clip-vit-base-patch32,7,0.1,42,specialist_client,3,client_3.pt,1 2 4 5,0.14285714,0.27232775,0.26924527,0.93750000,0.89334178,0.85714287,0.79508936,0.70646907
vlm,dermamnist_224,clip-vit-base-patch32,openai/clip-vit-base-patch32,7,0.1,42,specialist_client,4,client_4.pt,1 3 4,0.14285714,0.04708360,0.04904060,0.06250000,0.10665823,0.14285715,0.06693325,0.04682442
vlm,dermamnist_224,clip-vit-base-patch32,openai/clip-vit-base-patch32,7,0.1,42,specialist_client,5,client_5.pt,0 1 2 5 6,0.14285714,0.26059347,0.26363614,0.93750000,0.89334178,0.85714287,0.46515271,0.80756635
vlm,dermamnist_224,clip-vit-base-patch32,openai/clip-vit-base-patch32,7,0.1,42,specialist_client,6,client_6.pt,0 3 4 5,0.14285714,0.05078919,0.05112299,0.06250000,0.10665823,0.14285715,0.16264953,0.02714055
vlm,organcmnist_224,clip-vit-base-patch32,openai/clip-vit-base-patch32,3,0.0,42,specialist_client,0,client_0.pt,6 10 2 1,0.33333333,0.26943234,0.25752217,0.25000000,0.23035534,0.28571430,0.22965975,0.05660368
vlm,organcmnist_224,clip-vit-base-patch32,openai/clip-vit-base-patch32,3,0.0,42,specialist_client,1,client_1.pt,7 3 4 8,0.33333333,0.40622121,0.47761643,0.37500000,0.45252544,0.71428573,0.45247629,0.14186455
vlm,organcmnist_224,clip-vit-base-patch32,openai/clip-vit-base-patch32,3,0.0,42,specialist_client,2,client_2.pt,0 5 9,0.33333333,0.32434645,0.26486140,0.37500000,0.31711924,0.00000000,0.31709570,0.08498484
vlm,organcmnist_224,clip-vit-base-patch32,openai/clip-vit-base-patch32,3,0.01,42,specialist_client,0,client_0.pt,0 4 6 7 10,0.33333333,0.42043293,0.45210195,0.43750000,0.46381336,0.42857143,0.44933623,0.15789331
vlm,organcmnist_224,clip-vit-base-patch32,openai/clip-vit-base-patch32,3,0.01,42,specialist_client,1,client_1.pt,1 2 5 9,0.33333333,0.20747739,0.16227843,0.18750000,0.14211820,0.00000000,0.17220876,0.04499960
vlm,organcmnist_224,clip-vit-base-patch32,openai/clip-vit-base-patch32,3,0.01,42,specialist_client,2,client_2.pt,3 5 8,0.33333333,0.37208971,0.38561964,0.37500000,0.36801755,0.42857143,0.36800882,0.10431584
vlm,organcmnist_224,clip-vit-base-patch32,openai/clip-vit-base-patch32,3,0.1,42,specialist_client,0,client_0.pt,0 1 2 3 7 8 9 10,0.33333333,0.34315202,0.34014168,0.50000000,0.48233730,0.42857143,0.47400188,0.19246709
vlm,organcmnist_224,clip-vit-base-patch32,openai/clip-vit-base-patch32,3,0.1,42,specialist_client,1,client_1.pt,3 4 5 6 7 8,0.33333333,0.30623165,0.35854760,0.37500000,0.45252544,0.71428573,0.44288009,0.14803316
vlm,organcmnist_224,clip-vit-base-patch32,openai/clip-vit-base-patch32,3,0.1,42,specialist_client,2,client_2.pt,0 2 3 4 5 6 9 10,0.33333333,0.35061634,0.30131078,0.56250000,0.48003650,0.14285715,0.50422400,0.16268302
vlm,organcmnist_224,clip-vit-base-patch32,openai/clip-vit-base-patch32,5,0.0,42,specialist_client,0,client_0.pt,6 5 8,0.20000000,0.33047101,0.36820072,0.37500000,0.39111558,0.57142860,0.39065576,0.11389378
vlm,organcmnist_224,clip-vit-base-patch32,openai/clip-vit-base-patch32,5,0.0,42,specialist_client,1,client_1.pt,7 2,0.20000000,0.21590614,0.25867254,0.18750000,0.24178708,0.42857143,0.23807178,0.06136838
vlm,organcmnist_224,clip-vit-base-patch32,openai/clip-vit-base-patch32,5,0.0,42,specialist_client,2,client_2.pt,0 4,0.20000000,0.14257182,0.12670170,0.12500000,0.12654716,0.00000000,0.12632777,0.02818152
vlm,organcmnist_224,clip-vit-base-patch32,openai/clip-vit-base-patch32,5,0.0,42,specialist_client,3,client_3.pt,10 9,0.20000000,0.20630641,0.16342284,0.25000000,0.19085661,0.00000000,0.18882394,0.04544032
vlm,organcmnist_224,clip-vit-base-patch32,openai/clip-vit-base-patch32,5,0.0,42,specialist_client,4,client_4.pt,3 1,0.20000000,0.10474466,0.08300221,0.06250000,0.04969363,0.00000000,0.04951680,0.01037183
vlm,organcmnist_224,clip-vit-base-patch32,openai/clip-vit-base-patch32,5,0.01,42,specialist_client,0,client_0.pt,2 4 10,0.20000000,0.14278823,0.11794078,0.18750000,0.15756369,0.14285715,0.15737991,0.03607839
vlm,organcmnist_224,clip-vit-base-patch32,openai/clip-vit-base-patch32,5,0.01,42,specialist_client,1,client_1.pt,4 5 8,0.20000000,0.21640098,0.21456216,0.31250000,0.31832391,0.42857143,0.28118247,0.10537478
vlm,organcmnist_224,clip-vit-base-patch32,openai/clip-vit-base-patch32,5,0.01,42,specialist_client,2,client_2.pt,0 1 6 9,0.20000000,0.20047538,0.17614812,0.31250000,0.30006987,0.14285715,0.29489556,0.08067317
vlm,organcmnist_224,clip-vit-base-patch32,openai/clip-vit-base-patch32,5,0.01,42,specialist_client,3,client_3.pt,7 8,0.20000000,0.24360274,0.28146344,0.31250000,0.40283182,0.71428573,0.40204588,0.11897557
vlm,organcmnist_224,clip-vit-base-patch32,openai/clip-vit-base-patch32,5,0.01,42,specialist_client,4,client_4.pt,1 3 7 8,0.20000000,0.19673268,0.20988542,0.25000000,0.30102074,0.42857143,0.30493584,0.09858908
vlm,organcmnist_224,clip-vit-base-patch32,openai/clip-vit-base-patch32,5,0.1,42,specialist_client,0,client_0.pt,0 1 2 3 5 6 9,0.20000000,0.15687799,0.14269084,0.43750000,0.39329916,0.28571430,0.36304450,0.14579381
vlm,organcmnist_224,clip-vit-base-patch32,openai/clip-vit-base-patch32,5,0.1,42,specialist_client,1,client_1.pt,1 2 3 4 5 7 8 9 10,0.20000000,0.22897168,0.23659632,0.62500000,0.63249207,0.71428573,0.63514465,0.28030050
vlm,organcmnist_224,clip-vit-base-patch32,openai/clip-vit-base-patch32,5,0.1,42,specialist_client,2,client_2.pt,0 1 2 4 5 7 8 9 10,0.20000000,0.21626276,0.20682272,0.62500000,0.59472287,0.42857143,0.59093356,0.25434793
vlm,organcmnist_224,clip-vit-base-patch32,openai/clip-vit-base-patch32,5,0.1,42,specialist_client,3,client_3.pt,0 1 2 4 5 7 9 10,0.20000000,0.14896613,0.15146600,0.37500000,0.39163888,0.42857143,0.38181782,0.12489652
vlm,organcmnist_224,clip-vit-base-patch32,openai/clip-vit-base-patch32,5,0.1,42,specialist_client,4,client_4.pt,0 2 3 4 5 6 7 8 9,0.20000000,0.24892141,0.26242408,0.68750000,0.71755320,0.71428573,0.67869031,0.40982612
vlm,organcmnist_224,clip-vit-base-patch32,openai/clip-vit-base-patch32,7,0.0,42,specialist_client,0,client_0.pt,6 4,0.14285714,0.10335497,0.10653562,0.06250000,0.07279166,0.14285715,0.07273126,0.01546278
vlm,organcmnist_224,clip-vit-base-patch32,openai/clip-vit-base-patch32,7,0.0,42,specialist_client,1,client_1.pt,7 9,0.14285714,0.20896353,0.23111899,0.25000000,0.27508003,0.28571430,0.27504811,0.07054049
vlm,organcmnist_224,clip-vit-base-patch32,openai/clip-vit-base-patch32,7,0.0,42,specialist_client,2,client_2.pt,0 1,0.14285714,0.12499306,0.11432924,0.12500000,0.12654716,0.00000000,0.12649868,0.02816600
vlm,organcmnist_224,clip-vit-base-patch32,openai/clip-vit-base-patch32,7,0.0,42,specialist_client,3,client_3.pt,10 8,0.14285714,0.24742402,0.27385244,0.31250000,0.31860840,0.42857143,0.31859231,0.08552005
vlm,organcmnist_224,clip-vit-base-patch32,openai/clip-vit-base-patch32,7,0.0,42,specialist_client,4,client_4.pt,3,0.14285714,0.09183441,0.07490084,0.06250000,0.04969363,0.00000000,0.04969423,0.01035020
vlm,organcmnist_224,clip-vit-base-patch32,openai/clip-vit-base-patch32,7,0.0,42,specialist_client,5,client_5.pt,5,0.14285714,0.12069187,0.09546526,0.12500000,0.08984106,0.00000000,0.08985091,0.01935998
vlm,organcmnist_224,clip-vit-base-patch32,openai/clip-vit-base-patch32,7,0.0,42,specialist_client,6,client_6.pt,2,0.14285714,0.10273816,0.10379764,0.06250000,0.06743812,0.14285715,0.06743653,0.01425682
vlm,organcmnist_224,clip-vit-base-patch32,openai/clip-vit-base-patch32,7,0.01,42,specialist_client,0,client_0.pt,2 6,0.14285714,0.11827662,0.12700336,0.12500000,0.14022978,0.28571430,0.14021514,0.03159154
vlm,organcmnist_224,clip-vit-base-patch32,openai/clip-vit-base-patch32,7,0.01,42,specialist_client,1,client_1.pt,0 5,0.14285714,0.15074606,0.12676041,0.25000000,0.21638823,0.00000000,0.21432319,0.05272094
vlm,organcmnist_224,clip-vit-base-patch32,openai/clip-vit-base-patch32,7,0.01,42,specialist_client,2,client_2.pt,2 3 8,0.14285714,0.21284220,0.24291307,0.31250000,0.34561458,0.57142860,0.34553808,0.09554421
vlm,organcmnist_224,clip-vit-base-patch32,openai/clip-vit-base-patch32,7,0.01,42,specialist_client,3,client_3.pt,10,0.14285714,0.09907080,0.07551464,0.12500000,0.09012556,0.00000000,0.09147400,0.01960447
vlm,organcmnist_224,clip-vit-base-patch32,openai/clip-vit-base-patch32,7,0.01,42,specialist_client,4,client_4.pt,1 7 9,0.14285714,0.14624847,0.15941575,0.18750000,0.21861522,0.28571430,0.22362778,0.05376667
vlm,organcmnist_224,clip-vit-base-patch32,openai/clip-vit-base-patch32,7,0.01,42,specialist_client,5,client_5.pt,0 1 4 7,0.14285714,0.17386495,0.19297706,0.25000000,0.30089614,0.28571430,0.30040032,0.07930946
vlm,organcmnist_224,clip-vit-base-patch32,openai/clip-vit-base-patch32,7,0.01,42,specialist_client,6,client_6.pt,1 5 10,0.14285714,0.09895083,0.07541576,0.12500000,0.09012556,0.00000000,0.09012793,0.01944753
vlm,organcmnist_224,clip-vit-base-patch32,openai/clip-vit-base-patch32,7,0.1,42,specialist_client,0,client_0.pt,0 1 2 3 8 9,0.14285714,0.18348303,0.18387645,0.50000000,0.50760317,0.57142860,0.47029513,0.19731463
vlm,organcmnist_224,clip-vit-base-patch32,openai/clip-vit-base-patch32,7,0.1,42,specialist_client,1,client_1.pt,1 4 5 7 8 10,0.14285714,0.15359582,0.16166942,0.37500000,0.41664225,0.57142860,0.42254597,0.13794400
vlm,organcmnist_224,clip-vit-base-patch32,openai/clip-vit-base-patch32,7,0.1,42,specialist_client,2,client_2.pt,0 1 4 5 6 9,0.14285714,0.08909056,0.08140492,0.18750000,0.19933882,0.14285715,0.23905449,0.04979576
vlm,organcmnist_224,clip-vit-base-patch32,openai/clip-vit-base-patch32,7,0.1,42,specialist_client,3,client_3.pt,2 3 4 5 7 8 9,0.14285714,0.21392721,0.23162249,0.56250000,0.62069458,0.85714287,0.58905679,0.26269878
vlm,organcmnist_224,clip-vit-base-patch32,openai/clip-vit-base-patch32,7,0.1,42,specialist_client,4,client_4.pt,0 2 3 4 5 6 8 9,0.14285714,0.12412566,0.11356875,0.31250000,0.29132840,0.28571430,0.29282278,0.11520794
vlm,organcmnist_224,clip-vit-base-patch32,openai/clip-vit-base-patch32,7,0.1,42,specialist_client,5,client_5.pt,1 2 4 6 9,0.14285714,0.05406221,0.04962092,0.06250000,0.07279166,0.14285715,0.07589942,0.01558870
vlm,organcmnist_224,clip-vit-base-patch32,openai/clip-vit-base-patch32,7,0.1,42,specialist_client,6,client_6.pt,0 2 7 9 10,0.14285714,0.18171552,0.17823711,0.50000000,0.51818603,0.42857143,0.53445011,0.18297121
vlm,organsmnist_224,clip-vit-base-patch32,openai/clip-vit-base-patch32,3,0.0,42,specialist_client,0,client_0.pt,6 10 2 1,0.33333333,0.26250756,0.29090965,0.18750000,0.21571413,0.28571430,0.28996494,0.05814085
vlm,organsmnist_224,clip-vit-base-patch32,openai/clip-vit-base-patch32,3,0.0,42,specialist_client,1,client_1.pt,7 3 4 8,0.33333333,0.44530368,0.48074269,0.43750000,0.40877122,0.57142860,0.37864640,0.14051587
vlm,organsmnist_224,clip-vit-base-patch32,openai/clip-vit-base-patch32,3,0.0,42,specialist_client,2,client_2.pt,0 5 9,0.33333333,0.29218879,0.22834766,0.31250000,0.22042128,0.00000000,0.18334645,0.07260040
vlm,organsmnist_224,clip-vit-base-patch32,openai/clip-vit-base-patch32,3,0.01,42,specialist_client,0,client_0.pt,6 10,0.33333333,0.23447759,0.24719791,0.18750000,0.21571413,0.28571430,0.21345353,0.05256549
vlm,organsmnist_224,clip-vit-base-patch32,openai/clip-vit-base-patch32,3,0.01,42,specialist_client,1,client_1.pt,2 3 4 5 6 8 9,0.33333333,0.47313029,0.50658858,0.50000000,0.53233749,0.57142860,0.53608584,0.18719604
vlm,organsmnist_224,clip-vit-base-patch32,openai/clip-vit-base-patch32,3,0.01,42,specialist_client,2,client_2.pt,0 1 2 3 5 7,0.33333333,0.29239213,0.24621345,0.31250000,0.25194842,0.14285715,0.24569017,0.06724238
vlm,organsmnist_224,clip-vit-base-patch32,openai/clip-vit-base-patch32,3,0.1,42,specialist_client,0,client_0.pt,0 1 2 3 4 5 6 7 9 10,0.33333333,0.27426422,0.31949285,0.31250000,0.43618923,0.57142860,0.43681583,0.15478507
vlm,organsmnist_224,clip-vit-base-patch32,openai/clip-vit-base-patch32,3,0.1,42,specialist_client,1,client_1.pt,1 3 4 5 6 7 8 9 10,0.33333333,0.47313687,0.42172375,0.75000000,0.64453310,0.57142860,0.63809419,0.27497924
vlm,organsmnist_224,clip-vit-base-patch32,openai/clip-vit-base-patch32,3,0.1,42,specialist_client,2,client_2.pt,0 1 5 6 7,0.33333333,0.25259894,0.25878337,0.31250000,0.35070592,0.42857143,0.35000941,0.09760364
vlm,organsmnist_224,clip-vit-base-patch32,openai/clip-vit-base-patch32,5,0.0,42,specialist_client,0,client_0.pt,6 5 8,0.20000000,0.29592726,0.34021682,0.31250000,0.34327871,0.57142860,0.34281951,0.09470038
vlm,organsmnist_224,clip-vit-base-patch32,openai/clip-vit-base-patch32,5,0.0,42,specialist_client,1,client_1.pt,7 2,0.20000000,0.18027210,0.24410412,0.12500000,0.25396168,0.28571430,0.25394684,0.06374350
vlm,organsmnist_224,clip-vit-base-patch32,openai/clip-vit-base-patch32,5,0.0,42,specialist_client,2,client_2.pt,0 4,0.20000000,0.14933746,0.13450268,0.12500000,0.10150520,0.14285715,0.10124874,0.02212786
vlm,organsmnist_224,clip-vit-base-patch32,openai/clip-vit-base-patch32,5,0.0,42,specialist_client,3,client_3.pt,10 9,0.20000000,0.20553024,0.15983215,0.25000000,0.18429780,0.00000000,0.18304724,0.04342998
vlm,organsmnist_224,clip-vit-base-patch32,openai/clip-vit-base-patch32,5,0.0,42,specialist_client,4,client_4.pt,3 1,0.20000000,0.16893288,0.12134431,0.18750000,0.11695664,0.00000000,0.11689053,0.02581037
vlm,organsmnist_224,clip-vit-base-patch32,openai/clip-vit-base-patch32,5,0.01,42,specialist_client,0,client_0.pt,3,0.20000000,0.17055555,0.13480754,0.12500000,0.08008794,0.00000000,0.25791261,0.04825390
vlm,organsmnist_224,clip-vit-base-patch32,openai/clip-vit-base-patch32,5,0.01,42,specialist_client,1,client_1.pt,7 8,0.20000000,0.17678560,0.19606094,0.12500000,0.12756456,0.28571430,0.13072419,0.05120924
vlm,organsmnist_224,clip-vit-base-patch32,openai/clip-vit-base-patch32,5,0.01,42,specialist_client,2,client_2.pt,0 1,0.20000000,0.11026654,0.08463027,0.06250000,0.03612348,0.00000000,0.03609953,0.00744169
vlm,organsmnist_224,clip-vit-base-patch32,openai/clip-vit-base-patch32,5,0.01,42,specialist_client,3,client_3.pt,2 3 6,0.20000000,0.38834512,0.45420370,0.43750000,0.48776415,0.42857143,0.48647350,0.16020229
vlm,organsmnist_224,clip-vit-base-patch32,openai/clip-vit-base-patch32,5,0.01,42,specialist_client,4,client_4.pt,1 4 5 8 9 10,0.20000000,0.15404722,0.13029754,0.12500000,0.10126609,0.00000000,0.14070295,0.02357434
vlm,organsmnist_224,clip-vit-base-patch32,openai/clip-vit-base-patch32,5,0.1,42,reference_delta,0,client_0.pt,0 2 4 5 6 8 10,0.20000000,0.22125265,0.24697900,0.37500000,0.49837208,0.71428573,0.49089876,0.17702701
vlm,organsmnist_224,clip-vit-base-patch32,openai/clip-vit-base-patch32,5,0.1,42,reference_delta,1,client_1.pt,2 3 4 5 8 9 10,0.20000000,0.14125903,0.12618357,0.25000000,0.27205002,0.14285715,0.27070966,0.07293132
vlm,organsmnist_224,clip-vit-base-patch32,openai/clip-vit-base-patch32,5,0.1,42,reference_delta,2,client_2.pt,0 1 2 3 4 5 8 9 10,0.20000000,0.15030380,0.13656402,0.25000000,0.22906977,0.42857143,0.23329544,0.05668930
vlm,organsmnist_224,clip-vit-base-patch32,openai/clip-vit-base-patch32,5,0.1,42,reference_delta,3,client_3.pt,0 2 5 6 7 8 9,0.20000000,0.24677590,0.26671618,0.43750000,0.54440975,0.71428573,0.55793023,0.25131321
vlm,organsmnist_224,clip-vit-base-patch32,openai/clip-vit-base-patch32,5,0.1,42,reference_delta,4,client_4.pt,0 1 3 4 6 7 9,0.20000000,0.24040867,0.22355714,0.50000000,0.49888021,0.42857143,0.41992307,0.22809617
vlm,organsmnist_224,clip-vit-base-patch32,openai/clip-vit-base-patch32,7,0.0,42,specialist_client,0,client_0.pt,6 4,0.14285714,0.21858378,0.25412920,0.25000000,0.28109583,0.42857143,0.28089356,0.07254493
vlm,organsmnist_224,clip-vit-base-patch32,openai/clip-vit-base-patch32,7,0.0,42,specialist_client,1,client_1.pt,7 9,0.14285714,0.22535641,0.21558841,0.31250000,0.28316611,0.14285715,0.28315625,0.07322030
vlm,organsmnist_224,clip-vit-base-patch32,openai/clip-vit-base-patch32,7,0.0,42,specialist_client,2,client_2.pt,0 1,0.14285714,0.09014909,0.06790328,0.06250000,0.03612348,0.00000000,0.03443005,0.00793339
vlm,organsmnist_224,clip-vit-base-patch32,openai/clip-vit-base-patch32,7,0.0,42,specialist_client,3,client_3.pt,10 8,0.14285714,0.14283985,0.15451923,0.12500000,0.12756456,0.28571430,0.12756133,0.02841254
vlm,organsmnist_224,clip-vit-base-patch32,openai/clip-vit-base-patch32,7,0.0,42,specialist_client,4,client_4.pt,3,0.14285714,0.14808872,0.10941648,0.18750000,0.11695664,0.00000000,0.11695664,0.02580586
vlm,organsmnist_224,clip-vit-base-patch32,openai/clip-vit-base-patch32,7,0.0,42,specialist_client,5,client_5.pt,5,0.14285714,0.06193716,0.04955232,0.00000000,0.00000000,0.00000000,0.00000258,0.00000000
vlm,organsmnist_224,clip-vit-base-patch32,openai/clip-vit-base-patch32,7,0.0,42,specialist_client,6,client_6.pt,2,0.14285714,0.11304501,0.14889100,0.06250000,0.15509339,0.14285715,0.15497449,0.03542098
vlm,organsmnist_224,clip-vit-base-patch32,openai/clip-vit-base-patch32,7,0.01,42,specialist_client,0,client_0.pt,6 10,0.14285714,0.16049078,0.16840541,0.18750000,0.21571413,0.28571430,0.21573262,0.05214548
vlm,organsmnist_224,clip-vit-base-patch32,openai/clip-vit-base-patch32,7,0.01,42,specialist_client,1,client_1.pt,9 10,0.14285714,0.05598221,0.04169302,0.00000000,0.00000000,0.00000000,0.00000027,0.00000000
vlm,organsmnist_224,clip-vit-base-patch32,openai/clip-vit-base-patch32,7,0.01,42,specialist_client,2,client_2.pt,0 4,0.14285714,0.11805823,0.10193291,0.12500000,0.10150520,0.14285715,0.09729804,0.02367715
vlm,organsmnist_224,clip-vit-base-patch32,openai/clip-vit-base-patch32,7,0.01,42,specialist_client,3,client_3.pt,3 5 6 9,0.14285714,0.18943961,0.13983047,0.31250000,0.22083832,0.00000000,0.20148544,0.09190021
vlm,organsmnist_224,clip-vit-base-patch32,openai/clip-vit-base-patch32,7,0.01,42,specialist_client,4,client_4.pt,2 7,0.14285714,0.14608629,0.18941538,0.12500000,0.25396168,0.28571430,0.26615721,0.09781686
vlm,organsmnist_224,clip-vit-base-patch32,openai/clip-vit-base-patch32,7,0.01,42,specialist_client,5,client_5.pt,1 6 8,0.14285714,0.23374906,0.25780758,0.31250000,0.34327871,0.57142860,0.33210230,0.09884341
vlm,organsmnist_224,clip-vit-base-patch32,openai/clip-vit-base-patch32,7,0.01,42,specialist_client,6,client_6.pt,7,0.14285714,0.09619377,0.10091523,0.06250000,0.09886830,0.14285715,0.09886404,0.02147212
vlm,organsmnist_224,clip-vit-base-patch32,openai/clip-vit-base-patch32,7,0.1,42,specialist_client,0,client_0.pt,0 1 3 8 9 10,0.14285714,0.18083577,0.14384227,0.56250000,0.42881897,0.28571430,0.44346544,0.13419414
vlm,organsmnist_224,clip-vit-base-patch32,openai/clip-vit-base-patch32,7,0.1,42,specialist_client,1,client_1.pt,3 8 9 10,0.14285714,0.11299185,0.09000821,0.31250000,0.24775067,0.14285715,0.22312714,0.07650337
vlm,organsmnist_224,clip-vit-base-patch32,openai/clip-vit-base-patch32,7,0.1,42,specialist_client,2,client_2.pt,0 1 4 5 6 7 8 9,0.14285714,0.17648165,0.16819313,0.50000000,0.49103925,0.42857143,0.48243830,0.17672315
vlm,organsmnist_224,clip-vit-base-patch32,openai/clip-vit-base-patch32,7,0.1,42,specialist_client,3,client_3.pt,1 2 5 6 9 10,0.14285714,0.09176163,0.09396018,0.18750000,0.21571413,0.28571430,0.17169146,0.12625412
vlm,organsmnist_224,clip-vit-base-patch32,openai/clip-vit-base-patch32,7,0.1,42,specialist_client,4,client_4.pt,0 1 2 4 5 6 8 9 10,0.14285714,0.18311597,0.21414275,0.43750000,0.56375378,0.85714287,0.55288190,0.22624012
vlm,organsmnist_224,clip-vit-base-patch32,openai/clip-vit-base-patch32,7,0.1,42,specialist_client,5,client_5.pt,2 4 5 6 7 10,0.14285714,0.07900427,0.09287657,0.12500000,0.22047511,0.28571430,0.20727378,0.06634035
vlm,organsmnist_224,clip-vit-base-patch32,openai/clip-vit-base-patch32,7,0.1,42,specialist_client,6,client_6.pt,0 1 2 4 6 7 8 10,0.14285714,0.17580885,0.19697694,0.43750000,0.53449553,0.71428573,0.51718652,0.20102482
