status,error,seconds,source,task_type,dataset,model,num_clients,beta,seed,method,client_id,split,accuracy,balanced_accuracy,macro_f1,mean_precision,loss,num_samples,num_classes,true_majority_class,true_majority_ratio,pred_majority_class,collapse_ratio,collapse_over_true_majority,collapse_excess,effective_predicted_classes,pred_nonzero_classes,pred_entropy_norm,prob_entropy_norm,mean_max_probability,pred_true_tv,prob_true_tv,per_class_recall,per_class_precision,per_class_f1,true_counts,predicted_class_counts,prob_mean,confusion_matrix_json,checkpoint_path,merged_dir,updated_at,_source_csv
OK,,23.40,client,small,bloodmnist_224,convnext,3,0.01,42,client_0,0,test,0.1373867290266004,0.125,0.03019789257260344,0.01717334112832505,12.416679678936166,3421,8,6,0.19467991815258695,7,1.0,5.136636636636637,0.8053200818474131,1.0,1,-0.0,3.528146473769033e-05,1.0,0.8626132709733996,0.8626083834164164,0.000000 0.000000 0.000000 0.000000 0.000000 0.000000 0.000000 1.000000,0.000000 0.000000 0.000000 0.000000 0.000000 0.000000 0.000000 0.137387,0.000000 0.000000 0.000000 0.000000 0.000000 0.000000 0.000000 0.241583,244 624 311 579 243 284 666 470,0 0 0 0 0 0 0 3421,0.000001 0.000000 0.000000 0.000000 0.000001 0.000001 0.000001 0.999995,"[[0,0,0,0,0,0,0,244],[0,0,0,0,0,0,0,624],[0,0,0,0,0,0,0,311],[0,0,0,0,0,0,0,579],[0,0,0,0,0,0,0,243],[0,0,0,0,0,0,0,284],[0,0,0,0,0,0,0,666],[0,0,0,0,0,0,0,470]]",/data2/liyapeng_grp/program/MedMNISTMerge/model_hub/small/bloodmnist_224/convnext/clients_3/beta_0p01/seed_42/client_0.pt,,2026-07-06T10:07:38,My_merge_ret/reports/prediction_diagnostics_4models_c3_b001_by_dataset_bloodmnist_224.csv
OK,,20.64,client,small,bloodmnist_224,convnext,3,0.01,42,client_1,1,test,0.0710318620286466,0.125,0.01658024017467249,0.008878982753580825,8.89236734764369,3421,8,6,0.19467991815258695,4,1.0,5.136636636636637,0.8053200818474131,1.0,1,-0.0,0.012878280782569147,0.9960903244665302,0.9289681379713534,0.9252673796538956,0.000000 0.000000 0.000000 0.000000 1.000000 0.000000 0.000000 0.000000,0.000000 0.000000 0.000000 0.000000 0.071032 0.000000 0.000000 0.000000,0.000000 0.000000 0.000000 0.000000 0.132642 0.000000 0.000000 0.000000,244 624 311 579 243 284 666 470,0 0 0 0 3421 0 0 0,0.000019 0.002916 0.000020 0.000016 0.996299 0.000687 0.000016 0.000028,"[[0,0,0,0,244,0,0,0],[0,0,0,0,624,0,0,0],[0,0,0,0,311,0,0,0],[0,0,0,0,579,0,0,0],[0,0,0,0,243,0,0,0],[0,0,0,0,284,0,0,0],[0,0,0,0,666,0,0,0],[0,0,0,0,470,0,0,0]]",/data2/liyapeng_grp/program/MedMNISTMerge/model_hub/small/bloodmnist_224/convnext/clients_3/beta_0p01/seed_42/client_1.pt,,2026-07-06T10:08:01,My_merge_ret/reports/prediction_diagnostics_4models_c3_b001_by_dataset_bloodmnist_224.csv
OK,,20.87,client,small,bloodmnist_224,convnext,3,0.01,42,client_2,2,test,0.15521777258111663,0.1689609260894435,0.07539473647832302,0.06592506463325529,5.363796792787197,3421,8,6,0.19467991815258695,2,0.8357205495469161,4.292792792792793,0.6410406313943291,1.5631429999535498,2,0.2148165884897706,0.625718170071359,0.33309887459807075,0.7448114586378252,0.5844003242853157,0.000000 0.000000 0.938907 0.412781 0.000000 0.000000 0.000000 0.000000,0.000000 0.000000 0.102134 0.425267 0.000000 0.000000 0.000000 0.000000,0.000000 0.000000 0.184227 0.418931 0.000000 0.000000 0.000000 0.000000,244 624 311 579 243 284 666 470,0 0 2859 562 0 0 0 0,0.086263 0.000256 0.331645 0.322276 0.000232 0.258716 0.000306 0.000307,"[[0,0,82,162,0,0,0,0],[0,0,609,15,0,0,0,0],[0,0,292,19,0,0,0,0],[0,0,340,239,0,0,0,0],[0,0,240,3,0,0,0,0],[0,0,162,122,0,0,0,0],[0,0,664,2,0,0,0,0],[0,0,470,0,0,0,0,0]]",/data2/liyapeng_grp/program/MedMNISTMerge/model_hub/small/bloodmnist_224/convnext/clients_3/beta_0p01/seed_42/client_2.pt,,2026-07-06T10:08:22,My_merge_ret/reports/prediction_diagnostics_4models_c3_b001_by_dataset_bloodmnist_224.csv
OK,,21.49,merge,small,bloodmnist_224,convnext,3,0.01,42,avg,,test,0.1373867290266004,0.125,0.03019789257260344,0.01717334112832505,2.108518331171441,3421,8,6,0.19467991815258695,7,1.0,5.136636636636637,0.8053200818474131,1.0,1,-0.0,0.9663389652661343,0.19445611663256357,0.8626132709733996,0.16734542039096767,0.000000 0.000000 0.000000 0.000000 0.000000 0.000000 0.000000 1.000000,0.000000 0.000000 0.000000 0.000000 0.000000 0.000000 0.000000 0.137387,0.000000 0.000000 0.000000 0.000000 0.000000 0.000000 0.000000 0.241583,244 624 311 579 243 284 666 470,0 0 0 0 0 0 0 3421,0.073807 0.140992 0.099112 0.060907 0.096302 0.157317 0.177087 0.194476,"[[0,0,0,0,0,0,0,244],[0,0,0,0,0,0,0,624],[0,0,0,0,0,0,0,311],[0,0,0,0,0,0,0,579],[0,0,0,0,0,0,0,243],[0,0,0,0,0,0,0,284],[0,0,0,0,0,0,0,666],[0,0,0,0,0,0,0,470]]",outputs/prediction_diagnostics_4models_c3_b001_by_dataset/bloodmnist_224/merged/small/bloodmnist_224/convnext/clients_3/beta_0p01/seed_42/avg/merged.pt,outputs/prediction_diagnostics_4models_c3_b001_by_dataset/bloodmnist_224/merged/small/bloodmnist_224/convnext/clients_3/beta_0p01/seed_42/avg,2026-07-06T10:08:43,My_merge_ret/reports/prediction_diagnostics_4models_c3_b001_by_dataset_bloodmnist_224.csv
OK,,30.49,merge,small,bloodmnist_224,convnext,3,0.01,42,breadcrumbs,,test,0.19467991815258695,0.125,0.0407389283092733,0.02433498976907337,2.7158193133860715,3421,8,6,0.19467991815258695,6,1.0,5.136636636636637,0.8053200818474131,1.0,1,-0.0,0.6266013261280292,0.5898403244665302,0.8053200818474131,0.46984806199969376,0.000000 0.000000 0.000000 0.000000 0.000000 0.000000 1.000000 0.000000,0.000000 0.000000 0.000000 0.000000 0.000000 0.000000 0.194680 0.000000,0.000000 0.000000 0.000000 0.000000 0.000000 0.000000 0.325911 0.000000,244 624 311 579 243 284 666 470,0 0 0 0 0 0 3421 0,0.049814 0.016879 0.027233 0.029274 0.048270 0.026616 0.589755 0.212160,"[[0,0,0,0,0,0,244,0],[0,0,0,0,0,0,624,0],[0,0,0,0,0,0,311,0],[0,0,0,0,0,0,579,0],[0,0,0,0,0,0,243,0],[0,0,0,0,0,0,284,0],[0,0,0,0,0,0,666,0],[0,0,0,0,0,0,470,0]]",outputs/prediction_diagnostics_4models_c3_b001_by_dataset/bloodmnist_224/merged/small/bloodmnist_224/convnext/clients_3/beta_0p01/seed_42/breadcrumbs/merged.pt,outputs/prediction_diagnostics_4models_c3_b001_by_dataset/bloodmnist_224/merged/small/bloodmnist_224/convnext/clients_3/beta_0p01/seed_42/breadcrumbs,2026-07-06T10:12:01,My_merge_ret/reports/prediction_diagnostics_4models_c3_b001_by_dataset_bloodmnist_224.csv
OK,,22.46,merge,small,bloodmnist_224,convnext,3,0.01,42,dare_linear,,test,0.19467991815258695,0.125,0.0407389283092733,0.02433498976907337,2.204385881777989,3421,8,6,0.19467991815258695,6,1.0,5.136636636636637,0.8053200818474131,1.0,1,-0.0,0.9002881013251374,0.30395443583747445,0.8053200818474131,0.2791424719468569,0.000000 0.000000 0.000000 0.000000 0.000000 0.000000 1.000000 0.000000,0.000000 0.000000 0.000000 0.000000 0.000000 0.000000 0.194680 0.000000,0.000000 0.000000 0.000000 0.000000 0.000000 0.000000 0.325911 0.000000,244 624 311 579 243 284 666 470,0 0 0 0 0 0 3421 0,0.041826 0.086674 0.054632 0.051610 0.129343 0.131690 0.303907 0.200319,"[[0,0,0,0,0,0,244,0],[0,0,0,0,0,0,624,0],[0,0,0,0,0,0,311,0],[0,0,0,0,0,0,579,0],[0,0,0,0,0,0,243,0],[0,0,0,0,0,0,284,0],[0,0,0,0,0,0,666,0],[0,0,0,0,0,0,470,0]]",outputs/prediction_diagnostics_4models_c3_b001_by_dataset/bloodmnist_224/merged/small/bloodmnist_224/convnext/clients_3/beta_0p01/seed_42/dare_linear/merged.pt,outputs/prediction_diagnostics_4models_c3_b001_by_dataset/bloodmnist_224/merged/small/bloodmnist_224/convnext/clients_3/beta_0p01/seed_42/dare_linear,2026-07-06T10:09:28,My_merge_ret/reports/prediction_diagnostics_4models_c3_b001_by_dataset_bloodmnist_224.csv
OK,,24.17,merge,small,bloodmnist_224,convnext,3,0.01,42,dare_ties,,test,0.1824028061970184,0.125,0.03856613102595797,0.0228003507746273,2.4692004576512714,3421,8,6,0.19467991815258695,1,1.0,5.136636636636637,0.8053200818474131,1.0,1,-0.0,0.8539869650705204,0.2582623867290266,0.8175971938029816,0.31847069026323616,0.000000 1.000000 0.000000 0.000000 0.000000 0.000000 0.000000 0.000000,0.000000 0.182403 0.000000 0.000000 0.000000 0.000000 0.000000 0.000000,0.000000 0.308529 0.000000 0.000000 0.000000 0.000000 0.000000 0.000000,244 624 311 579 243 284 666 470,0 3421 0 0 0 0 0 0,0.012424 0.258224 0.155791 0.027862 0.184452 0.130979 0.211065 0.019203,"[[0,244,0,0,0,0,0,0],[0,624,0,0,0,0,0,0],[0,311,0,0,0,0,0,0],[0,579,0,0,0,0,0,0],[0,243,0,0,0,0,0,0],[0,284,0,0,0,0,0,0],[0,666,0,0,0,0,0,0],[0,470,0,0,0,0,0,0]]",outputs/prediction_diagnostics_4models_c3_b001_by_dataset/bloodmnist_224/merged/small/bloodmnist_224/convnext/clients_3/beta_0p01/seed_42/dare_ties/merged.pt,outputs/prediction_diagnostics_4models_c3_b001_by_dataset/bloodmnist_224/merged/small/bloodmnist_224/convnext/clients_3/beta_0p01/seed_42/dare_ties,2026-07-06T10:09:50,My_merge_ret/reports/prediction_diagnostics_4models_c3_b001_by_dataset_bloodmnist_224.csv
OK,,171.49,merge,small,bloodmnist_224,convnext,3,0.01,42,fisher,,test,0.1373867290266004,0.125,0.03019789257260344,0.01717334112832505,9.452040363703162,3421,8,6,0.19467991815258695,7,1.0,5.136636636636637,0.8053200818474131,1.0,1,-0.0,0.0011508099933575531,1.0,0.8626132709733996,0.8623992086981016,0.000000 0.000000 0.000000 0.000000 0.000000 0.000000 0.000000 1.000000,0.000000 0.000000 0.000000 0.000000 0.000000 0.000000 0.000000 0.137387,0.000000 0.000000 0.000000 0.000000 0.000000 0.000000 0.000000 0.241583,244 624 311 579 243 284 666 470,0 0 0 0 0 0 0 3421,0.000025 0.000039 0.000034 0.000025 0.000070 0.000019 0.000002 0.999786,"[[0,0,0,0,0,0,0,244],[0,0,0,0,0,0,0,624],[0,0,0,0,0,0,0,311],[0,0,0,0,0,0,0,579],[0,0,0,0,0,0,0,243],[0,0,0,0,0,0,0,284],[0,0,0,0,0,0,0,666],[0,0,0,0,0,0,0,470]]",outputs/prediction_diagnostics_4models_c3_b001_by_dataset/bloodmnist_224/merged/small/bloodmnist_224/convnext/clients_3/beta_0p01/seed_42/fisher/merged.pt,outputs/prediction_diagnostics_4models_c3_b001_by_dataset/bloodmnist_224/merged/small/bloodmnist_224/convnext/clients_3/beta_0p01/seed_42/fisher,2026-07-06T10:37:48,My_merge_ret/reports/prediction_diagnostics_4models_c3_b001_by_dataset_bloodmnist_224.csv
OK,,23.05,merge,small,bloodmnist_224,convnext,3,0.01,42,free_merge,,test,0.08301666179479684,0.125,0.01916329284750337,0.010377082724349606,2.0787735676702717,3421,8,6,0.19467991815258695,5,1.0,5.136636636636637,0.8053200818474131,1.0,1,-0.0,0.9701899478911256,0.2110265638702134,0.9169833382052032,0.1449357114483405,0.000000 0.000000 0.000000 0.000000 0.000000 1.000000 0.000000 0.000000,0.000000 0.000000 0.000000 0.000000 0.000000 0.083017 0.000000 0.000000,0.000000 0.000000 0.000000 0.000000 0.000000 0.153306 0.000000 0.000000,244 624 311 579 243 284 666 470,0 0 0 0 0 3421 0 0,0.079782 0.121051 0.087676 0.142040 0.079502 0.211025 0.175796 0.103128,"[[0,0,0,0,0,244,0,0],[0,0,0,0,0,624,0,0],[0,0,0,0,0,311,0,0],[0,0,0,0,0,579,0,0],[0,0,0,0,0,243,0,0],[0,0,0,0,0,284,0,0],[0,0,0,0,0,666,0,0],[0,0,0,0,0,470,0,0]]",outputs/prediction_diagnostics_4models_c3_b001_by_dataset/bloodmnist_224/merged/small/bloodmnist_224/convnext/clients_3/beta_0p01/seed_42/free_merge/merged.pt,outputs/prediction_diagnostics_4models_c3_b001_by_dataset/bloodmnist_224/merged/small/bloodmnist_224/convnext/clients_3/beta_0p01/seed_42/free_merge,2026-07-06T10:13:37,My_merge_ret/reports/prediction_diagnostics_4models_c3_b001_by_dataset_bloodmnist_224.csv
OK,,21.75,merge,small,bloodmnist_224,convnext,3,0.01,42,from,,test,0.1373867290266004,0.125,0.03019789257260344,0.01717334112832505,2.211674275157118,3421,8,6,0.19467991815258695,7,1.0,5.136636636636637,0.8053200818474131,1.0,1,-0.0,0.8941450949927368,0.2902842736042093,0.8626132709733996,0.22622663737035975,0.000000 0.000000 0.000000 0.000000 0.000000 0.000000 0.000000 1.000000,0.000000 0.000000 0.000000 0.000000 0.000000 0.000000 0.000000 0.137387,0.000000 0.000000 0.000000 0.000000 0.000000 0.000000 0.000000 0.241583,244 624 311 579 243 284 666 470,0 0 0 0 0 0 0 3421,0.049522 0.141713 0.062394 0.034029 0.091657 0.098695 0.231715 0.290275,"[[0,0,0,0,0,0,0,244],[0,0,0,0,0,0,0,624],[0,0,0,0,0,0,0,311],[0,0,0,0,0,0,0,579],[0,0,0,0,0,0,0,243],[0,0,0,0,0,0,0,284],[0,0,0,0,0,0,0,666],[0,0,0,0,0,0,0,470]]",outputs/prediction_diagnostics_4models_c3_b001_by_dataset/bloodmnist_224/merged/small/bloodmnist_224/convnext/clients_3/beta_0p01/seed_42/from/merged.pt,outputs/prediction_diagnostics_4models_c3_b001_by_dataset/bloodmnist_224/merged/small/bloodmnist_224/convnext/clients_3/beta_0p01/seed_42/from,2026-07-06T10:12:53,My_merge_ret/reports/prediction_diagnostics_4models_c3_b001_by_dataset_bloodmnist_224.csv
OK,,22.36,merge,small,bloodmnist_224,convnext,3,0.01,42,iso_c,,test,0.19467991815258695,0.125,0.0407389283092733,0.02433498976907337,2.0947297025723475,3421,8,6,0.19467991815258695,6,1.0,5.136636636636637,0.8053200818474131,1.0,1,-0.0,0.9788007515921735,0.2151737430575855,0.8053200818474131,0.18675406726002908,0.000000 0.000000 0.000000 0.000000 0.000000 0.000000 1.000000 0.000000,0.000000 0.000000 0.000000 0.000000 0.000000 0.000000 0.194680 0.000000,0.000000 0.000000 0.000000 0.000000 0.000000 0.000000 0.325911 0.000000,244 624 311 579 243 284 666 470,0 0 0 0 0 0 3421 0,0.087841 0.103659 0.146445 0.094483 0.109974 0.138283 0.215172 0.104143,"[[0,0,0,0,0,0,244,0],[0,0,0,0,0,0,624,0],[0,0,0,0,0,0,311,0],[0,0,0,0,0,0,579,0],[0,0,0,0,0,0,243,0],[0,0,0,0,0,0,284,0],[0,0,0,0,0,0,666,0],[0,0,0,0,0,0,470,0]]",outputs/prediction_diagnostics_4models_c3_b001_by_dataset/bloodmnist_224/merged/small/bloodmnist_224/convnext/clients_3/beta_0p01/seed_42/iso_c/merged.pt,outputs/prediction_diagnostics_4models_c3_b001_by_dataset/bloodmnist_224/merged/small/bloodmnist_224/convnext/clients_3/beta_0p01/seed_42/iso_c,2026-07-06T10:13:15,My_merge_ret/reports/prediction_diagnostics_4models_c3_b001_by_dataset_bloodmnist_224.csv
OK,,21.65,merge,small,bloodmnist_224,convnext,3,0.01,42,model_stock,,test,0.19467991815258695,0.125,0.0407389283092733,0.02433498976907337,2.1369962182110496,3421,8,6,0.19467991815258695,6,1.0,5.136636636636637,0.8053200818474131,1.0,1,-0.0,0.9422138316802171,0.25022836889798306,0.8053200818474131,0.19598142503961855,0.000000 0.000000 0.000000 0.000000 0.000000 0.000000 1.000000 0.000000,0.000000 0.000000 0.000000 0.000000 0.000000 0.000000 0.194680 0.000000,0.000000 0.000000 0.000000 0.000000 0.000000 0.000000 0.325911 0.000000,244 624 311 579 243 284 666 470,0 0 0 0 0 0 3421 0,0.072151 0.099099 0.094987 0.056571 0.093912 0.123193 0.250215 0.209873,"[[0,0,0,0,0,0,244,0],[0,0,0,0,0,0,624,0],[0,0,0,0,0,0,311,0],[0,0,0,0,0,0,579,0],[0,0,0,0,0,0,243,0],[0,0,0,0,0,0,284,0],[0,0,0,0,0,0,666,0],[0,0,0,0,0,0,470,0]]",outputs/prediction_diagnostics_4models_c3_b001_by_dataset/bloodmnist_224/merged/small/bloodmnist_224/convnext/clients_3/beta_0p01/seed_42/model_stock/merged.pt,outputs/prediction_diagnostics_4models_c3_b001_by_dataset/bloodmnist_224/merged/small/bloodmnist_224/convnext/clients_3/beta_0p01/seed_42/model_stock,2026-07-06T10:12:31,My_merge_ret/reports/prediction_diagnostics_4models_c3_b001_by_dataset_bloodmnist_224.csv
OK,,21.14,merge,small,bloodmnist_224,convnext,3,0.01,42,my_merge,,test,0.8479976615024847,0.8337398731832513,0.8325286915879881,0.8350605690074091,1.4251920894655141,3421,8,6,0.19467991815258695,6,0.205495469161064,1.0555555555555556,0.010815551008477059,7.4110968886208894,8,0.9632290287366333,0.9632301136015479,0.9715909090909091,0.034492838351359245,0.03711350418379554,0.803279 0.891026 0.745981 0.696028 0.855967 0.742958 0.947447 0.987234,0.806584 0.942373 0.906250 0.731397 0.815686 0.631737 0.897582 0.948875,0.804928 0.915980 0.818342 0.713274 0.835341 0.682848 0.921841 0.967675,244 624 311 579 243 284 666 470,243 590 256 551 255 334 703 489,0.070101 0.172076 0.074234 0.160361 0.075948 0.098090 0.205999 0.143192,"[[196,0,2,29,11,6,0,0],[2,556,3,15,1,18,29,0],[7,4,232,20,17,2,5,24],[36,11,2,403,12,80,35,0],[1,0,11,12,208,10,0,1],[1,4,0,63,2,211,3,0],[0,15,3,9,1,7,631,0],[0,0,3,0,3,0,0,464]]",outputs/prediction_diagnostics_4models_c3_b001_by_dataset/bloodmnist_224/merged/small/bloodmnist_224/convnext/clients_3/beta_0p01/seed_42/my_merge/merged.pt,outputs/prediction_diagnostics_4models_c3_b001_by_dataset/bloodmnist_224/merged/small/bloodmnist_224/convnext/clients_3/beta_0p01/seed_42/my_merge,2026-07-06T10:14:23,My_merge_ret/reports/prediction_diagnostics_4models_c3_b001_by_dataset_bloodmnist_224.csv
OK,,87.83,merge,small,bloodmnist_224,convnext,3,0.01,42,regmean,,test,0.1373867290266004,0.125,0.03019789257260344,0.01717334112832505,5.358007302238244,3421,8,6,0.19467991815258695,7,1.0,5.136636636636637,0.8053200818474131,1.0,1,-0.0,0.06389998809949364,0.98046989184449,0.8626132709733996,0.8428533075550803,0.000000 0.000000 0.000000 0.000000 0.000000 0.000000 0.000000 1.000000,0.000000 0.000000 0.000000 0.000000 0.000000 0.000000 0.000000 0.137387,0.000000 0.000000 0.000000 0.000000 0.000000 0.000000 0.000000 0.241583,244 624 311 579 243 284 666 470,0 0 0 0 0 0 0 3421,0.002732 0.000931 0.002477 0.002834 0.003877 0.005636 0.001273 0.980240,"[[0,0,0,0,0,0,0,244],[0,0,0,0,0,0,0,624],[0,0,0,0,0,0,0,311],[0,0,0,0,0,0,0,579],[0,0,0,0,0,0,0,243],[0,0,0,0,0,0,0,284],[0,0,0,0,0,0,0,666],[0,0,0,0,0,0,0,470]]",outputs/prediction_diagnostics_4models_c3_b001_by_dataset/bloodmnist_224/merged/small/bloodmnist_224/convnext/clients_3/beta_0p01/seed_42/regmean/merged.pt,outputs/prediction_diagnostics_4models_c3_b001_by_dataset/bloodmnist_224/merged/small/bloodmnist_224/convnext/clients_3/beta_0p01/seed_42/regmean,2026-07-06T10:10:14,My_merge_ret/reports/prediction_diagnostics_4models_c3_b001_by_dataset_bloodmnist_224.csv
OK,,22.33,merge,small,bloodmnist_224,convnext,3,0.01,42,robustmerge,,test,0.09090909090909091,0.125,0.020833333333333336,0.011363636363636364,2.22770605725665,3421,8,6,0.19467991815258695,2,1.0,5.136636636636637,0.8053200818474131,1.0,1,-0.0,0.9596967167069576,0.21521028208126278,0.9090909090909091,0.24952330712984433,0.000000 0.000000 1.000000 0.000000 0.000000 0.000000 0.000000 0.000000,0.000000 0.000000 0.090909 0.000000 0.000000 0.000000 0.000000 0.000000,0.000000 0.000000 0.166667 0.000000 0.000000 0.000000 0.000000 0.000000,244 624 311 579 243 284 666 470,0 0 3421 0 0 0 0 0,0.123790 0.085430 0.215217 0.041536 0.110149 0.116649 0.181318 0.125911,"[[0,0,244,0,0,0,0,0],[0,0,624,0,0,0,0,0],[0,0,311,0,0,0,0,0],[0,0,579,0,0,0,0,0],[0,0,243,0,0,0,0,0],[0,0,284,0,0,0,0,0],[0,0,666,0,0,0,0,0],[0,0,470,0,0,0,0,0]]",outputs/prediction_diagnostics_4models_c3_b001_by_dataset/bloodmnist_224/merged/small/bloodmnist_224/convnext/clients_3/beta_0p01/seed_42/robustmerge/merged.pt,outputs/prediction_diagnostics_4models_c3_b001_by_dataset/bloodmnist_224/merged/small/bloodmnist_224/convnext/clients_3/beta_0p01/seed_42/robustmerge,2026-07-06T10:14:00,My_merge_ret/reports/prediction_diagnostics_4models_c3_b001_by_dataset_bloodmnist_224.csv
OK,,23.27,merge,small,bloodmnist_224,convnext,3,0.01,42,ties,,test,0.1824028061970184,0.125,0.03856613102595797,0.0228003507746273,2.623984043865098,3421,8,6,0.19467991815258695,1,1.0,5.136636636636637,0.8053200818474131,1.0,1,-0.0,0.8244666454394455,0.359132928968138,0.8175971938029816,0.4330397921919459,0.000000 1.000000 0.000000 0.000000 0.000000 0.000000 0.000000 0.000000,0.000000 0.182403 0.000000 0.000000 0.000000 0.000000 0.000000 0.000000,0.000000 0.308529 0.000000 0.000000 0.000000 0.000000 0.000000 0.000000,244 624 311 579 243 284 666 470,0 3421 0 0 0 0 0 0,0.046282 0.359038 0.134551 0.030441 0.144047 0.222765 0.021955 0.040922,"[[0,244,0,0,0,0,0,0],[0,624,0,0,0,0,0,0],[0,311,0,0,0,0,0,0],[0,579,0,0,0,0,0,0],[0,243,0,0,0,0,0,0],[0,284,0,0,0,0,0,0],[0,666,0,0,0,0,0,0],[0,470,0,0,0,0,0,0]]",outputs/prediction_diagnostics_4models_c3_b001_by_dataset/bloodmnist_224/merged/small/bloodmnist_224/convnext/clients_3/beta_0p01/seed_42/ties/merged.pt,outputs/prediction_diagnostics_4models_c3_b001_by_dataset/bloodmnist_224/merged/small/bloodmnist_224/convnext/clients_3/beta_0p01/seed_42/ties,2026-07-06T10:09:04,My_merge_ret/reports/prediction_diagnostics_4models_c3_b001_by_dataset_bloodmnist_224.csv
OK,,19.15,client,small,bloodmnist_224,resnet,3,0.01,42,client_0,0,test,0.32885121309558607,0.24793543543543545,0.13637136410881573,0.09676529548360573,5.621682638454353,3421,8,6,0.19467991815258695,6,0.73194972230342,3.75975975975976,0.537269804150833,1.7883795745672326,2,0.27955099126172117,0.30217234033734786,0.9335355159310144,0.6679333528208127,0.6633580053980949,0.000000 0.000000 0.000000 0.000000 0.000000 0.000000 0.983483 1.000000,0.000000 0.000000 0.000000 0.000000 0.000000 0.000000 0.261581 0.512541,0.000000 0.000000 0.000000 0.000000 0.000000 0.000000 0.413249 0.677722,244 624 311 579 243 284 666 470,0 0 0 0 0 0 2504 917,0.000882 0.000858 0.000735 0.000672 0.000695 0.000733 0.715938 0.279486,"[[0,0,0,0,0,0,238,6],[0,0,0,0,0,0,617,7],[0,0,0,0,0,0,90,221],[0,0,0,0,0,0,568,11],[0,0,0,0,0,0,59,184],[0,0,0,0,0,0,277,7],[0,0,0,0,0,0,655,11],[0,0,0,0,0,0,0,470]]",/data2/liyapeng_grp/program/MedMNISTMerge/model_hub/small/bloodmnist_224/resnet/clients_3/beta_0p01/seed_42/client_0.pt,,2026-07-06T10:14:44,My_merge_ret/reports/prediction_diagnostics_4models_c3_b001_by_dataset_bloodmnist_224.csv
OK,,19.21,client,small,bloodmnist_224,resnet,3,0.01,42,client_1,1,test,0.14820228003507746,0.23302490035177828,0.07663174687846966,0.08058189652217815,3.4442368378871993,3421,8,6,0.19467991815258695,5,0.6995030692779889,3.5930930930930933,0.504823151125402,1.985780487557226,3,0.3299020510232826,0.6157746506797831,0.6867509500146156,0.8254896229172757,0.6403702176976533,0.000000 0.035256 0.000000 0.000000 0.839506 0.989437 0.000000 0.000000,0.000000 0.314286 0.000000 0.000000 0.212944 0.117426 0.000000 0.000000,0.000000 0.063401 0.000000 0.000000 0.339717 0.209936 0.000000 0.000000,244 624 311 579 243 284 666 470,0 70 0 0 958 2393 0 0,0.018642 0.109520 0.020674 0.018575 0.227760 0.566659 0.017365 0.020805,"[[0,0,0,0,14,230,0,0],[0,22,0,0,9,593,0,0],[0,10,0,0,256,45,0,0],[0,0,0,0,9,570,0,0],[0,0,0,0,204,39,0,0],[0,0,0,0,3,281,0,0],[0,9,0,0,28,629,0,0],[0,29,0,0,435,6,0,0]]",/data2/liyapeng_grp/program/MedMNISTMerge/model_hub/small/bloodmnist_224/resnet/clients_3/beta_0p01/seed_42/client_1.pt,,2026-07-06T10:15:03,My_merge_ret/reports/prediction_diagnostics_4models_c3_b001_by_dataset_bloodmnist_224.csv
OK,,18.98,client,small,bloodmnist_224,resnet,3,0.01,42,client_2,2,test,0.2835428237357498,0.2905629475445993,0.18734120868061077,0.30956851393341456,6.636776752131824,3421,8,6,0.19467991815258695,3,0.6989184448991523,3.5900900900900905,0.5042385267465654,2.076495782947979,4,0.35138364728935667,0.36361816110682704,0.9280546623794212,0.7094416837182111,0.7020362845194955,0.250000 0.000000 0.938907 0.998273 0.000000 0.137324 0.000000 0.000000,0.968254 0.000000 0.315335 0.241740 0.000000 0.951220 0.000000 0.000000,0.397394 0.000000 0.472110 0.389226 0.000000 0.240000 0.000000 0.000000,244 624 311 579 243 284 666 470,63 0 926 2391 0 41 0 0,0.019828 0.000427 0.259276 0.702918 0.000420 0.016171 0.000529 0.000431,"[[61,0,2,181,0,0,0,0],[2,0,1,619,0,2,0,0],[0,0,292,19,0,0,0,0],[0,0,1,578,0,0,0,0],[0,0,168,75,0,0,0,0],[0,0,3,242,0,39,0,0],[0,0,90,576,0,0,0,0],[0,0,369,101,0,0,0,0]]",/data2/liyapeng_grp/program/MedMNISTMerge/model_hub/small/bloodmnist_224/resnet/clients_3/beta_0p01/seed_42/client_2.pt,,2026-07-06T10:15:22,My_merge_ret/reports/prediction_diagnostics_4models_c3_b001_by_dataset_bloodmnist_224.csv
OK,,19.14,merge,small,bloodmnist_224,resnet,3,0.01,42,avg,,test,0.3069277988892137,0.32303198093601115,0.23857489631337303,0.34142645458844983,1.9025481401636948,3421,8,6,0.19467991815258695,3,0.6293481438175972,3.232732732732733,0.43466822566501023,3.232288040662517,7,0.5641852558317852,0.9875690878416924,0.18866011400175386,0.5536392867582578,0.1195725795983341,0.000000 0.000000 0.665595 0.944732 0.304527 0.542254 0.042042 0.085106,0.000000 0.000000 0.448052 0.254064 0.342593 0.339956 0.394366 0.952381,0.000000 0.000000 0.535576 0.400439 0.322440 0.417910 0.075984 0.156250,244 624 311 579 243 284 666 470,0 24 462 2153 216 453 71 42,0.073674 0.129001 0.101930 0.176332 0.119173 0.133994 0.143575 0.122321,"[[0,0,0,195,0,42,7,0],[0,0,0,576,0,41,7,0],[0,9,207,88,2,0,3,2],[0,0,0,547,0,31,1,0],[0,0,9,122,74,21,17,0],[0,0,0,130,0,154,0,0],[0,7,0,472,0,159,28,0],[0,8,246,23,140,5,8,40]]",outputs/prediction_diagnostics_4models_c3_b001_by_dataset/bloodmnist_224/merged/small/bloodmnist_224/resnet/clients_3/beta_0p01/seed_42/avg/merged.pt,outputs/prediction_diagnostics_4models_c3_b001_by_dataset/bloodmnist_224/merged/small/bloodmnist_224/resnet/clients_3/beta_0p01/seed_42/avg,2026-07-06T10:15:41,My_merge_ret/reports/prediction_diagnostics_4models_c3_b001_by_dataset_bloodmnist_224.csv
OK,,22.72,merge,small,bloodmnist_224,resnet,3,0.01,42,breadcrumbs,,test,0.07687810581701257,0.10540591568536906,0.040143861315385825,0.05136112850092386,2.0956123483630518,3421,8,6,0.19467991815258695,0,0.7296112247880736,3.7477477477477477,0.5349313066354866,2.058802280486768,4,0.3472684285657561,0.998337106013013,0.13967726907337036,0.7071031862028646,0.20144932309234453,0.651639 0.145833 0.000000 0.000000 0.000000 0.045775 0.000000 0.000000,0.063702 0.115044 0.000000 0.000000 0.000000 0.232143 0.000000 0.000000,0.116058 0.128622 0.000000 0.000000 0.000000 0.076471 0.000000 0.000000,244 624 311 579 243 284 666 470,2496 791 0 0 78 56 0 0,0.139042 0.136098 0.115469 0.119564 0.131773 0.131448 0.107967 0.118640,"[[159,72,0,0,5,8,0,0],[481,91,0,0,43,9,0,0],[286,22,0,0,1,2,0,0],[455,113,0,0,6,5,0,0],[146,89,0,0,0,8,0,0],[151,114,0,0,6,13,0,0],[547,92,0,0,17,10,0,0],[271,198,0,0,0,1,0,0]]",outputs/prediction_diagnostics_4models_c3_b001_by_dataset/bloodmnist_224/merged/small/bloodmnist_224/resnet/clients_3/beta_0p01/seed_42/breadcrumbs/merged.pt,outputs/prediction_diagnostics_4models_c3_b001_by_dataset/bloodmnist_224/merged/small/bloodmnist_224/resnet/clients_3/beta_0p01/seed_42/breadcrumbs,2026-07-06T10:19:39,My_merge_ret/reports/prediction_diagnostics_4models_c3_b001_by_dataset_bloodmnist_224.csv
OK,,19.80,merge,small,bloodmnist_224,resnet,3,0.01,42,dare_linear,,test,0.33762057877813506,0.2777200394309589,0.23962393720004738,0.4749652411454366,1.8873830180320081,3421,8,6,0.19467991815258695,3,0.4387605963168664,2.2537537537537538,0.24408067816427947,3.9547758653127123,7,0.6611986443629264,0.986440730318335,0.18079965653317742,0.355159310143233,0.08443282610836372,0.000000 0.019231 0.106109 0.803109 0.008230 0.116197 0.309309 0.859574,0.000000 0.029851 0.785714 0.309793 1.000000 0.733333 0.242068 0.698962,0.000000 0.023392 0.186969 0.447115 0.016327 0.200608 0.271589 0.770992,244 624 311 579 243 284 666 470,0 402 42 1501 2 45 851 578,0.072953 0.150497 0.099483 0.160926 0.107614 0.120665 0.158038 0.129825,"[[0,3,0,120,0,0,121,0],[0,12,0,490,0,7,114,1],[0,125,33,32,0,0,9,112],[0,9,0,465,0,1,104,0],[0,14,1,48,2,1,118,59],[0,0,0,96,0,33,155,0],[0,205,0,250,0,3,206,2],[0,34,8,0,0,0,24,404]]",outputs/prediction_diagnostics_4models_c3_b001_by_dataset/bloodmnist_224/merged/small/bloodmnist_224/resnet/clients_3/beta_0p01/seed_42/dare_linear/merged.pt,outputs/prediction_diagnostics_4models_c3_b001_by_dataset/bloodmnist_224/merged/small/bloodmnist_224/resnet/clients_3/beta_0p01/seed_42/dare_linear,2026-07-06T10:16:20,My_merge_ret/reports/prediction_diagnostics_4models_c3_b001_by_dataset_bloodmnist_224.csv
OK,,20.62,merge,small,bloodmnist_224,resnet,3,0.01,42,dare_ties,,test,0.3314820228003508,0.2918531755781687,0.17452154285591936,0.25182199720261517,4.5216041705441805,3421,8,6,0.19467991815258695,2,0.36597486115171,1.87987987987988,0.17129494299912307,3.009696537563243,4,0.5298726766336019,0.5732081689739075,0.7848947676118094,0.5565624086524408,0.5359063064565545,0.000000 0.589744 0.900322 0.834197 0.000000 0.010563 0.000000 0.000000,0.000000 0.327402 0.223642 0.463532 0.000000 1.000000 0.000000 0.000000,0.000000 0.421053 0.358285 0.595928 0.000000 0.020906 0.000000 0.000000,244 624 311 579 243 284 666 470,0 1124 1252 1042 0 3 0 0,0.000262 0.307374 0.356666 0.314427 0.005782 0.015262 0.000097 0.000130,"[[0,191,1,52,0,0,0,0],[0,368,2,254,0,0,0,0],[0,22,280,9,0,0,0,0],[0,74,22,483,0,0,0,0],[0,49,187,7,0,0,0,0],[0,87,12,182,0,3,0,0],[0,333,280,53,0,0,0,0],[0,0,468,2,0,0,0,0]]",outputs/prediction_diagnostics_4models_c3_b001_by_dataset/bloodmnist_224/merged/small/bloodmnist_224/resnet/clients_3/beta_0p01/seed_42/dare_ties/merged.pt,outputs/prediction_diagnostics_4models_c3_b001_by_dataset/bloodmnist_224/merged/small/bloodmnist_224/resnet/clients_3/beta_0p01/seed_42/dare_ties,2026-07-06T10:16:40,My_merge_ret/reports/prediction_diagnostics_4models_c3_b001_by_dataset_bloodmnist_224.csv
OK,,82.90,merge,small,bloodmnist_224,resnet,3,0.01,42,fisher,,test,0.3235895936860567,0.35364192920193827,0.2651150221334378,0.3946543752656536,1.8403369286923825,3421,8,6,0.19467991815258695,2,0.538146740719088,2.7642642642642645,0.343466822566501,3.3158268615400877,7,0.5764562257882645,0.8450252715829709,0.5491358520900321,0.5691318327974276,0.3101143959572378,0.782787 0.115385 0.977492 0.875648 0.000000 0.049296 0.028529 0.000000,0.984536 0.480000 0.165128 0.509036 0.000000 0.933333 0.085202 0.000000,0.872146 0.186047 0.282528 0.643810 0.000000 0.093645 0.042745 0.000000,244 624 311 579 243 284 666 470,194 150 1841 996 2 15 223 0,0.054551 0.129234 0.342682 0.217820 0.080803 0.028310 0.131118 0.015483,"[[191,1,22,8,0,0,22,0],[2,72,238,187,0,1,124,0],[0,0,304,7,0,0,0,0],[1,4,46,507,0,0,21,0],[0,0,235,7,0,0,1,0],[0,2,28,203,2,14,35,0],[0,71,519,57,0,0,19,0],[0,0,449,20,0,0,1,0]]",outputs/prediction_diagnostics_4models_c3_b001_by_dataset/bloodmnist_224/merged/small/bloodmnist_224/resnet/clients_3/beta_0p01/seed_42/fisher/merged.pt,outputs/prediction_diagnostics_4models_c3_b001_by_dataset/bloodmnist_224/merged/small/bloodmnist_224/resnet/clients_3/beta_0p01/seed_42/fisher,2026-07-06T10:18:16,My_merge_ret/reports/prediction_diagnostics_4models_c3_b001_by_dataset_bloodmnist_224.csv
OK,,19.30,merge,small,bloodmnist_224,resnet,3,0.01,42,free_merge,,test,0.3069277988892137,0.32303198093601115,0.23857489631337303,0.34142645458844983,1.9025558476140016,3421,8,6,0.19467991815258695,3,0.6293481438175972,3.232732732732733,0.43466822566501023,3.232288040662517,7,0.5641852558317852,0.9875691022621451,0.18866011400175386,0.5536392867582578,0.11957214812226039,0.000000 0.000000 0.665595 0.944732 0.304527 0.542254 0.042042 0.085106,0.000000 0.000000 0.448052 0.254064 0.342593 0.339956 0.394366 0.952381,0.000000 0.000000 0.535576 0.400439 0.322440 0.417910 0.075984 0.156250,244 624 311 579 243 284 666 470,0 24 462 2153 216 453 71 42,0.073674 0.129000 0.101930 0.176333 0.119173 0.133993 0.143575 0.122323,"[[0,0,0,195,0,42,7,0],[0,0,0,576,0,41,7,0],[0,9,207,88,2,0,3,2],[0,0,0,547,0,31,1,0],[0,0,9,122,74,21,17,0],[0,0,0,130,0,154,0,0],[0,7,0,472,0,159,28,0],[0,8,246,23,140,5,8,40]]",outputs/prediction_diagnostics_4models_c3_b001_by_dataset/bloodmnist_224/merged/small/bloodmnist_224/resnet/clients_3/beta_0p01/seed_42/free_merge/merged.pt,outputs/prediction_diagnostics_4models_c3_b001_by_dataset/bloodmnist_224/merged/small/bloodmnist_224/resnet/clients_3/beta_0p01/seed_42/free_merge,2026-07-06T10:21:01,My_merge_ret/reports/prediction_diagnostics_4models_c3_b001_by_dataset_bloodmnist_224.csv
OK,,19.86,merge,small,bloodmnist_224,resnet,3,0.01,42,from,,test,0.29406606255480855,0.32327011916620957,0.21661524850337444,0.17450754545068375,1.9128218859617072,3421,8,6,0.19467991815258695,3,0.6009938614440222,3.0870870870870872,0.4063139432914353,3.211295372898721,5,0.5610517897786111,0.9861506887797546,0.19654340836012862,0.5629932768196434,0.14269025152384823,0.000000 0.003205 0.620579 0.924007 0.460905 0.577465 0.000000 0.000000,0.000000 0.025641 0.486146 0.260214 0.320917 0.303142 0.000000 0.000000,0.000000 0.005698 0.545198 0.406072 0.378378 0.397576 0.000000 0.000000,244 624 311 579 243 284 666 470,0 78 397 2056 349 541 0 0,0.072916 0.138225 0.103943 0.181766 0.128058 0.141538 0.124646 0.108908,"[[0,1,0,183,1,59,0,0],[0,2,0,568,0,54,0,0],[0,28,193,84,6,0,0,0],[0,0,0,535,0,44,0,0],[0,0,5,106,112,20,0,0],[0,0,0,119,1,164,0,0],[0,28,0,442,0,196,0,0],[0,19,199,19,229,4,0,0]]",outputs/prediction_diagnostics_4models_c3_b001_by_dataset/bloodmnist_224/merged/small/bloodmnist_224/resnet/clients_3/beta_0p01/seed_42/from/merged.pt,outputs/prediction_diagnostics_4models_c3_b001_by_dataset/bloodmnist_224/merged/small/bloodmnist_224/resnet/clients_3/beta_0p01/seed_42/from,2026-07-06T10:20:21,My_merge_ret/reports/prediction_diagnostics_4models_c3_b001_by_dataset_bloodmnist_224.csv
OK,,19.56,merge,small,bloodmnist_224,resnet,3,0.01,42,iso_c,,test,0.3168664133294358,0.3499106435922517,0.2369506787844073,0.2297622092971414,1.9181611507965508,3421,8,6,0.19467991815258695,3,0.560654779304297,2.87987987987988,0.36597486115171,3.403590117157335,6,0.5890191028672102,0.9922732043043447,0.18286411137094416,0.5624086524408067,0.13783871381580926,0.000000 0.000000 0.742765 0.913644 0.489712 0.602113 0.051051 0.000000,0.000000 0.000000 0.476289 0.275808 0.365031 0.279412 0.441558 0.000000,0.000000 0.000000 0.580402 0.423708 0.418278 0.381696 0.091521 0.000000,244 624 311 579 243 284 666 470,0 3 485 1918 326 612 77 0,0.087099 0.121869 0.105257 0.165682 0.124114 0.137650 0.141526 0.116802,"[[0,0,0,167,1,69,7,0],[0,0,0,545,0,70,9,0],[0,0,231,70,5,0,5,0],[0,0,0,529,0,50,0,0],[0,0,6,85,119,21,12,0],[0,0,0,111,1,171,1,0],[0,2,0,406,0,224,34,0],[0,1,248,5,200,7,9,0]]",outputs/prediction_diagnostics_4models_c3_b001_by_dataset/bloodmnist_224/merged/small/bloodmnist_224/resnet/clients_3/beta_0p01/seed_42/iso_c/merged.pt,outputs/prediction_diagnostics_4models_c3_b001_by_dataset/bloodmnist_224/merged/small/bloodmnist_224/resnet/clients_3/beta_0p01/seed_42/iso_c,2026-07-06T10:20:41,My_merge_ret/reports/prediction_diagnostics_4models_c3_b001_by_dataset_bloodmnist_224.csv
OK,,19.83,merge,small,bloodmnist_224,resnet,3,0.01,42,model_stock,,test,0.25109617071031864,0.2619383652328331,0.1894630534709338,0.37896029370842055,2.005383511308828,3421,8,6,0.19467991815258695,3,0.5054077755042385,2.596096096096096,0.3107278573516516,3.588396154997662,7,0.6144463903329563,0.9974895846083474,0.15175341639871381,0.5036539023677288,0.15699051120385496,0.000000 0.000000 0.022508 0.880829 0.522634 0.542254 0.006006 0.121277,0.000000 0.000000 1.000000 0.294968 0.557018 0.179697 0.250000 0.750000,0.000000 0.000000 0.044025 0.441941 0.539278 0.269939 0.011730 0.208791,244 624 311 579 243 284 666 470,0 508 7 1729 228 857 16 76,0.102784 0.129598 0.107680 0.143472 0.128557 0.134251 0.129614 0.124044,"[[0,0,0,138,0,106,0,0],[0,0,0,479,0,138,7,0],[0,197,7,74,15,1,1,16],[0,0,0,510,0,64,3,2],[0,1,0,80,127,34,0,1],[0,0,0,128,1,154,1,0],[0,22,0,313,0,327,4,0],[0,288,0,7,85,33,0,57]]",outputs/prediction_diagnostics_4models_c3_b001_by_dataset/bloodmnist_224/merged/small/bloodmnist_224/resnet/clients_3/beta_0p01/seed_42/model_stock/merged.pt,outputs/prediction_diagnostics_4models_c3_b001_by_dataset/bloodmnist_224/merged/small/bloodmnist_224/resnet/clients_3/beta_0p01/seed_42/model_stock,2026-07-06T10:20:01,My_merge_ret/reports/prediction_diagnostics_4models_c3_b001_by_dataset_bloodmnist_224.csv
OK,,19.52,merge,small,bloodmnist_224,resnet,3,0.01,42,my_merge,,test,0.8006430868167203,0.7950776929531631,0.7879220823109174,0.786787647635282,0.700389354698005,3421,8,6,0.19467991815258695,6,0.19117217187956737,0.9819819819819819,-0.003507746273019585,7.507223994879558,8,0.9694265098946974,0.9736933010605534,0.8357936275942707,0.0461853259280912,0.04925140487136015,0.754098 0.850962 0.803859 0.578584 0.851852 0.676056 0.881381 0.963830,0.773109 0.828393 0.868056 0.725108 0.775281 0.507937 0.897554 0.918864,0.763485 0.839526 0.834725 0.643612 0.811765 0.580060 0.889394 0.940810,244 624 311 579 243 284 666 470,238 641 288 462 267 378 654 493,0.072504 0.179801 0.087358 0.130805 0.082481 0.113452 0.190025 0.143575,"[[184,0,0,34,11,15,0,0],[2,531,8,7,6,29,38,3],[1,7,250,12,4,0,6,31],[28,46,5,335,24,117,22,2],[11,1,3,4,207,13,1,3],[11,9,0,65,7,192,0,0],[0,47,13,5,1,12,587,1],[1,0,9,0,7,0,0,453]]",outputs/prediction_diagnostics_4models_c3_b001_by_dataset/bloodmnist_224/merged/small/bloodmnist_224/resnet/clients_3/beta_0p01/seed_42/my_merge/merged.pt,outputs/prediction_diagnostics_4models_c3_b001_by_dataset/bloodmnist_224/merged/small/bloodmnist_224/resnet/clients_3/beta_0p01/seed_42/my_merge,2026-07-06T10:21:39,My_merge_ret/reports/prediction_diagnostics_4models_c3_b001_by_dataset_bloodmnist_224.csv
OK,,74.81,merge,small,bloodmnist_224,resnet,3,0.01,42,regmean,,test,0.3460976322712657,0.37415769648964803,0.2846570826879229,0.3822996019751339,1.844199815363746,3421,8,6,0.19467991815258695,3,0.5159310143232972,2.65015015015015,0.3212510961707103,3.714610831510141,6,0.6310703573017173,0.9407180580085561,0.3342635559777843,0.5425314235603624,0.2531444511871901,0.000000 0.000000 0.794212 0.863558 0.308642 0.700704 0.049550 0.276596,0.000000 0.000000 0.514583 0.283286 0.367647 0.253503 0.717391 0.921986,0.000000 0.000000 0.624526 0.426621 0.335570 0.372311 0.092697 0.425532,244 624 311 579 243 284 666 470,0 0 480 1765 204 785 46 141,0.047218 0.076246 0.120081 0.270023 0.097513 0.179733 0.103430 0.105755,"[[0,0,0,141,1,91,11,0],[0,0,1,505,0,116,2,0],[0,0,247,62,0,0,0,2],[0,0,0,500,0,78,0,1],[0,0,26,111,75,26,0,5],[0,0,0,85,0,199,0,0],[0,0,5,352,0,273,33,3],[0,0,201,9,128,2,0,130]]",outputs/prediction_diagnostics_4models_c3_b001_by_dataset/bloodmnist_224/merged/small/bloodmnist_224/resnet/clients_3/beta_0p01/seed_42/regmean/merged.pt,outputs/prediction_diagnostics_4models_c3_b001_by_dataset/bloodmnist_224/merged/small/bloodmnist_224/resnet/clients_3/beta_0p01/seed_42/regmean,2026-07-06T10:17:01,My_merge_ret/reports/prediction_diagnostics_4models_c3_b001_by_dataset_bloodmnist_224.csv
OK,,19.54,merge,small,bloodmnist_224,resnet,3,0.01,42,robustmerge,,test,0.3276819643379129,0.24761404690987981,0.13938282305368105,0.21055465073476037,1.9395935718722597,3421,8,6,0.19467991815258695,6,0.7050570008769366,3.621621621621622,0.5103770827243497,1.889646803800483,4,0.3060388679154041,0.9948886914244234,0.18808919175679625,0.6620871090324467,0.14634234380630198,0.000000 0.000000 0.000000 0.031088 0.000000 0.000000 0.951952 0.997872,0.000000 0.000000 0.000000 0.947368 0.000000 0.000000 0.262852 0.474216,0.000000 0.000000 0.000000 0.060201 0.000000 0.000000 0.411956 0.642906,244 624 311 579 243 284 666 470,0 0 0 19 0 1 2412 989,0.111475 0.116068 0.114831 0.118762 0.121418 0.106592 0.165159 0.145695,"[[0,0,0,0,0,0,244,0],[0,0,0,0,0,0,619,5],[0,0,0,0,0,0,39,272],[0,0,0,18,0,1,553,7],[0,0,0,0,0,0,45,198],[0,0,0,1,0,0,277,6],[0,0,0,0,0,0,634,32],[0,0,0,0,0,0,1,469]]",outputs/prediction_diagnostics_4models_c3_b001_by_dataset/bloodmnist_224/merged/small/bloodmnist_224/resnet/clients_3/beta_0p01/seed_42/robustmerge/merged.pt,outputs/prediction_diagnostics_4models_c3_b001_by_dataset/bloodmnist_224/merged/small/bloodmnist_224/resnet/clients_3/beta_0p01/seed_42/robustmerge,2026-07-06T10:21:20,My_merge_ret/reports/prediction_diagnostics_4models_c3_b001_by_dataset_bloodmnist_224.csv
OK,,20.13,merge,small,bloodmnist_224,resnet,3,0.01,42,ties,,test,0.2797427652733119,0.2892278185182301,0.17076294336671885,0.22551364545502223,2.6703338935269976,3421,8,6,0.19467991815258695,3,0.512715580239696,2.6336336336336337,0.31803566208710904,2.619480573264261,5,0.46309358755080826,0.7222161913379298,0.6360073808827829,0.6521484945922245,0.469254145275908,0.163934 0.000000 0.951768 0.951641 0.000000 0.246479 0.000000 0.000000,1.000000 0.000000 0.216533 0.314139 0.000000 0.273438 0.000000 0.000000,0.281690 0.000000 0.352801 0.472353 0.000000 0.259259 0.000000 0.000000,244 624 311 579 243 284 666 470,40 4 1367 1754 0 256 0 0,0.029648 0.098880 0.282461 0.413665 0.050937 0.116302 0.004554 0.003552,"[[40,1,6,159,0,38,0,0],[0,0,31,536,0,57,0,0],[0,0,296,15,0,0,0,0],[0,0,27,551,0,1,0,0],[0,0,209,34,0,0,0,0],[0,0,10,204,0,70,0,0],[0,3,332,241,0,90,0,0],[0,0,456,14,0,0,0,0]]",outputs/prediction_diagnostics_4models_c3_b001_by_dataset/bloodmnist_224/merged/small/bloodmnist_224/resnet/clients_3/beta_0p01/seed_42/ties/merged.pt,outputs/prediction_diagnostics_4models_c3_b001_by_dataset/bloodmnist_224/merged/small/bloodmnist_224/resnet/clients_3/beta_0p01/seed_42/ties,2026-07-06T10:16:00,My_merge_ret/reports/prediction_diagnostics_4models_c3_b001_by_dataset_bloodmnist_224.csv
OK,,22.00,client,small,bloodmnist_224,swin_tiny,3,0.01,42,client_0,0,test,0.1373867290266004,0.125,0.03019789257260344,0.01717334112832505,14.854207011838644,3421,8,6,0.19467991815258695,7,1.0,5.136636636636637,0.8053200818474131,1.0,1,-0.0,9.945728175580857e-06,1.0,0.8626132709733996,0.8626118404639713,0.000000 0.000000 0.000000 0.000000 0.000000 0.000000 0.000000 1.000000,0.000000 0.000000 0.000000 0.000000 0.000000 0.000000 0.000000 0.137387,0.000000 0.000000 0.000000 0.000000 0.000000 0.000000 0.000000 0.241583,244 624 311 579 243 284 666 470,0 0 0 0 0 0 0 3421,0.000000 0.000000 0.000000 0.000000 0.000000 0.000000 0.000001 0.999999,"[[0,0,0,0,0,0,0,244],[0,0,0,0,0,0,0,624],[0,0,0,0,0,0,0,311],[0,0,0,0,0,0,0,579],[0,0,0,0,0,0,0,243],[0,0,0,0,0,0,0,284],[0,0,0,0,0,0,0,666],[0,0,0,0,0,0,0,470]]",/data2/liyapeng_grp/program/MedMNISTMerge/model_hub/small/bloodmnist_224/swin_tiny/clients_3/beta_0p01/seed_42/client_0.pt,,2026-07-06T10:21:59,My_merge_ret/reports/prediction_diagnostics_4models_c3_b001_by_dataset_bloodmnist_224.csv
OK,,21.66,client,small,bloodmnist_224,swin_tiny,3,0.01,42,client_1,1,test,0.0710318620286466,0.125,0.01658024017467249,0.008878982753580825,7.336969156496639,3421,8,6,0.19467991815258695,4,1.0,5.136636636636637,0.8053200818474131,1.0,1,-0.0,0.05826182905137857,0.9770534931306636,0.9289681379713534,0.9061281417230498,0.000000 0.000000 0.000000 0.000000 1.000000 0.000000 0.000000 0.000000,0.000000 0.000000 0.000000 0.000000 0.071032 0.000000 0.000000 0.000000,0.000000 0.000000 0.000000 0.000000 0.132642 0.000000 0.000000 0.000000,244 624 311 579 243 284 666 470,0 0 0 0 3421 0 0 0,0.000154 0.002524 0.000141 0.000145 0.977160 0.019580 0.000083 0.000212,"[[0,0,0,0,244,0,0,0],[0,0,0,0,624,0,0,0],[0,0,0,0,311,0,0,0],[0,0,0,0,579,0,0,0],[0,0,0,0,243,0,0,0],[0,0,0,0,284,0,0,0],[0,0,0,0,666,0,0,0],[0,0,0,0,470,0,0,0]]",/data2/liyapeng_grp/program/MedMNISTMerge/model_hub/small/bloodmnist_224/swin_tiny/clients_3/beta_0p01/seed_42/client_1.pt,,2026-07-06T10:22:21,My_merge_ret/reports/prediction_diagnostics_4models_c3_b001_by_dataset_bloodmnist_224.csv
OK,,21.39,client,small,bloodmnist_224,swin_tiny,3,0.01,42,client_2,2,test,0.17743349897690733,0.18611268458202135,0.07648135200043027,0.05414376955693572,4.867730143752512,3421,8,6,0.19467991815258695,2,0.6977491961414791,3.5840840840840844,0.5030692779888921,1.9162513966731587,3,0.31276228113425036,0.5813277720046128,0.5984269950306927,0.7316574101140018,0.5918495388770552,0.000000 0.000000 0.951768 0.537133 0.000000 0.000000 0.000000 0.000000,0.000000 0.000000 0.124005 0.309145 0.000000 0.000000 0.000000 0.000000,0.000000 0.000000 0.219422 0.392429 0.000000 0.000000 0.000000 0.000000,244 624 311 579 243 284 666 470,0 0 2387 1006 0 28 0 0,0.188413 0.001248 0.518441 0.216478 0.001412 0.071619 0.001207 0.001183,"[[0,0,36,206,0,2,0,0],[0,0,459,165,0,0,0,0],[0,0,296,15,0,0,0,0],[0,0,242,311,0,26,0,0],[0,0,234,9,0,0,0,0],[0,0,30,254,0,0,0,0],[0,0,620,46,0,0,0,0],[0,0,470,0,0,0,0,0]]",/data2/liyapeng_grp/program/MedMNISTMerge/model_hub/small/bloodmnist_224/swin_tiny/clients_3/beta_0p01/seed_42/client_2.pt,,2026-07-06T10:22:43,My_merge_ret/reports/prediction_diagnostics_4models_c3_b001_by_dataset_bloodmnist_224.csv
OK,,22.32,merge,small,bloodmnist_224,swin_tiny,3,0.01,42,avg,,test,0.1373867290266004,0.125,0.03019789257260344,0.01717334112832505,2.2565815916398715,3421,8,6,0.19467991815258695,7,1.0,5.136636636636637,0.8053200818474131,1.0,1,-0.0,0.9091441570432252,0.34897508038585207,0.8626132709733996,0.3179132536896396,0.000000 0.000000 0.000000 0.000000 0.000000 0.000000 0.000000 1.000000,0.000000 0.000000 0.000000 0.000000 0.000000 0.000000 0.000000 0.137387,0.000000 0.000000 0.000000 0.000000 0.000000 0.000000 0.000000 0.241583,244 624 311 579 243 284 666 470,0 0 0 0 0 0 0 3421,0.074221 0.070281 0.084686 0.080644 0.105902 0.151556 0.083717 0.348995,"[[0,0,0,0,0,0,0,244],[0,0,0,0,0,0,0,624],[0,0,0,0,0,0,0,311],[0,0,0,0,0,0,0,579],[0,0,0,0,0,0,0,243],[0,0,0,0,0,0,0,284],[0,0,0,0,0,0,0,666],[0,0,0,0,0,0,0,470]]",outputs/prediction_diagnostics_4models_c3_b001_by_dataset/bloodmnist_224/merged/small/bloodmnist_224/swin_tiny/clients_3/beta_0p01/seed_42/avg/merged.pt,outputs/prediction_diagnostics_4models_c3_b001_by_dataset/bloodmnist_224/merged/small/bloodmnist_224/swin_tiny/clients_3/beta_0p01/seed_42/avg,2026-07-06T10:23:04,My_merge_ret/reports/prediction_diagnostics_4models_c3_b001_by_dataset_bloodmnist_224.csv
OK,,30.10,merge,small,bloodmnist_224,swin_tiny,3,0.01,42,breadcrumbs,,test,0.1373867290266004,0.125,0.03019789257260344,0.01717334112832505,2.190902411118825,3421,8,6,0.19467991815258695,7,1.0,5.136636636636637,0.8053200818474131,1.0,1,-0.0,0.9022192668072546,0.3446178018123356,0.8626132709733996,0.23215914517754274,0.000000 0.000000 0.000000 0.000000 0.000000 0.000000 0.000000 1.000000,0.000000 0.000000 0.000000 0.000000 0.000000 0.000000 0.000000 0.137387,0.000000 0.000000 0.000000 0.000000 0.000000 0.000000 0.000000 0.241583,244 624 311 579 243 284 666 470,0 0 0 0 0 0 0 3421,0.077350 0.065985 0.097380 0.082333 0.083464 0.067893 0.180979 0.344617,"[[0,0,0,0,0,0,0,244],[0,0,0,0,0,0,0,624],[0,0,0,0,0,0,0,311],[0,0,0,0,0,0,0,579],[0,0,0,0,0,0,0,243],[0,0,0,0,0,0,0,284],[0,0,0,0,0,0,0,666],[0,0,0,0,0,0,0,470]]",outputs/prediction_diagnostics_4models_c3_b001_by_dataset/bloodmnist_224/merged/small/bloodmnist_224/swin_tiny/clients_3/beta_0p01/seed_42/breadcrumbs/merged.pt,outputs/prediction_diagnostics_4models_c3_b001_by_dataset/bloodmnist_224/merged/small/bloodmnist_224/swin_tiny/clients_3/beta_0p01/seed_42/breadcrumbs,2026-07-06T10:26:26,My_merge_ret/reports/prediction_diagnostics_4models_c3_b001_by_dataset_bloodmnist_224.csv
OK,,23.63,merge,small,bloodmnist_224,swin_tiny,3,0.01,42,dare_linear,,test,0.1373867290266004,0.125,0.03019789257260344,0.01717334112832505,2.2809879466895646,3421,8,6,0.19467991815258695,7,1.0,5.136636636636637,0.8053200818474131,1.0,1,-0.0,0.8902587701259613,0.3608045893013739,0.8626132709733996,0.3450766075001661,0.000000 0.000000 0.000000 0.000000 0.000000 0.000000 0.000000 1.000000,0.000000 0.000000 0.000000 0.000000 0.000000 0.000000 0.000000 0.137387,0.000000 0.000000 0.000000 0.000000 0.000000 0.000000 0.000000 0.241583,244 624 311 579 243 284 666 470,0 0 0 0 0 0 0 3421,0.054667 0.078340 0.073818 0.082614 0.096749 0.178971 0.074049 0.360792,"[[0,0,0,0,0,0,0,244],[0,0,0,0,0,0,0,624],[0,0,0,0,0,0,0,311],[0,0,0,0,0,0,0,579],[0,0,0,0,0,0,0,243],[0,0,0,0,0,0,0,284],[0,0,0,0,0,0,0,666],[0,0,0,0,0,0,0,470]]",outputs/prediction_diagnostics_4models_c3_b001_by_dataset/bloodmnist_224/merged/small/bloodmnist_224/swin_tiny/clients_3/beta_0p01/seed_42/dare_linear/merged.pt,outputs/prediction_diagnostics_4models_c3_b001_by_dataset/bloodmnist_224/merged/small/bloodmnist_224/swin_tiny/clients_3/beta_0p01/seed_42/dare_linear,2026-07-06T10:23:50,My_merge_ret/reports/prediction_diagnostics_4models_c3_b001_by_dataset_bloodmnist_224.csv
OK,,25.13,merge,small,bloodmnist_224,swin_tiny,3,0.01,42,dare_ties,,test,0.08301666179479684,0.125,0.01916329284750337,0.010377082724349606,4.234359192590342,3421,8,6,0.19467991815258695,5,1.0,5.136636636636637,0.8053200818474131,1.0,1,-0.0,0.3767726847119209,0.793938175971938,0.9169833382052032,0.7495031928643989,0.000000 0.000000 0.000000 0.000000 0.000000 1.000000 0.000000 0.000000,0.000000 0.000000 0.000000 0.000000 0.000000 0.083017 0.000000 0.000000,0.000000 0.000000 0.000000 0.000000 0.000000 0.153306 0.000000 0.000000,244 624 311 579 243 284 666 470,0 0 0 0 0 3421 0 0,0.008126 0.016101 0.027205 0.041385 0.109493 0.794059 0.002387 0.001244,"[[0,0,0,0,0,244,0,0],[0,0,0,0,0,624,0,0],[0,0,0,0,0,311,0,0],[0,0,0,0,0,579,0,0],[0,0,0,0,0,243,0,0],[0,0,0,0,0,284,0,0],[0,0,0,0,0,666,0,0],[0,0,0,0,0,470,0,0]]",outputs/prediction_diagnostics_4models_c3_b001_by_dataset/bloodmnist_224/merged/small/bloodmnist_224/swin_tiny/clients_3/beta_0p01/seed_42/dare_ties/merged.pt,outputs/prediction_diagnostics_4models_c3_b001_by_dataset/bloodmnist_224/merged/small/bloodmnist_224/swin_tiny/clients_3/beta_0p01/seed_42/dare_ties,2026-07-06T10:24:14,My_merge_ret/reports/prediction_diagnostics_4models_c3_b001_by_dataset_bloodmnist_224.csv
OK,,106.34,merge,small,bloodmnist_224,swin_tiny,3,0.01,42,fisher,,test,0.19467991815258695,0.125,0.0407389283092733,0.02433498976907337,19.642598107278573,3421,8,6,0.19467991815258695,6,1.0,5.136636636636637,0.8053200818474131,1.0,1,-0.0,-0.0,1.0,0.8053200818474131,0.8053200818474131,0.000000 0.000000 0.000000 0.000000 0.000000 0.000000 1.000000 0.000000,0.000000 0.000000 0.000000 0.000000 0.000000 0.000000 0.194680 0.000000,0.000000 0.000000 0.000000 0.000000 0.000000 0.000000 0.325911 0.000000,244 624 311 579 243 284 666 470,0 0 0 0 0 0 3421 0,0.000000 0.000000 0.000000 0.000000 0.000000 0.000000 1.000000 0.000000,"[[0,0,0,0,0,0,244,0],[0,0,0,0,0,0,624,0],[0,0,0,0,0,0,311,0],[0,0,0,0,0,0,579,0],[0,0,0,0,0,0,243,0],[0,0,0,0,0,0,284,0],[0,0,0,0,0,0,666,0],[0,0,0,0,0,0,470,0]]",outputs/prediction_diagnostics_4models_c3_b001_by_dataset/bloodmnist_224/merged/small/bloodmnist_224/swin_tiny/clients_3/beta_0p01/seed_42/fisher/merged.pt,outputs/prediction_diagnostics_4models_c3_b001_by_dataset/bloodmnist_224/merged/small/bloodmnist_224/swin_tiny/clients_3/beta_0p01/seed_42/fisher,2026-07-06T10:40:39,My_merge_ret/reports/prediction_diagnostics_4models_c3_b001_by_dataset_bloodmnist_224.csv
OK,,24.16,merge,small,bloodmnist_224,swin_tiny,3,0.01,42,free_merge,,test,0.1373867290266004,0.125,0.03019789257260344,0.01717334112832505,2.192079367326805,3421,8,6,0.19467991815258695,7,1.0,5.136636636636637,0.8053200818474131,1.0,1,-0.0,0.949023757684165,0.2860777185033616,0.8626132709733996,0.28598134433687483,0.000000 0.000000 0.000000 0.000000 0.000000 0.000000 0.000000 1.000000,0.000000 0.000000 0.000000 0.000000 0.000000 0.000000 0.000000 0.137387,0.000000 0.000000 0.000000 0.000000 0.000000 0.000000 0.000000 0.241583,244 624 311 579 243 284 666 470,0 0 0 0 0 0 0 3421,0.086890 0.088187 0.102503 0.087865 0.118209 0.145978 0.084298 0.286070,"[[0,0,0,0,0,0,0,244],[0,0,0,0,0,0,0,624],[0,0,0,0,0,0,0,311],[0,0,0,0,0,0,0,579],[0,0,0,0,0,0,0,243],[0,0,0,0,0,0,0,284],[0,0,0,0,0,0,0,666],[0,0,0,0,0,0,0,470]]",outputs/prediction_diagnostics_4models_c3_b001_by_dataset/bloodmnist_224/merged/small/bloodmnist_224/swin_tiny/clients_3/beta_0p01/seed_42/free_merge/merged.pt,outputs/prediction_diagnostics_4models_c3_b001_by_dataset/bloodmnist_224/merged/small/bloodmnist_224/swin_tiny/clients_3/beta_0p01/seed_42/free_merge,2026-07-06T10:28:04,My_merge_ret/reports/prediction_diagnostics_4models_c3_b001_by_dataset_bloodmnist_224.csv
OK,,21.89,merge,small,bloodmnist_224,swin_tiny,3,0.01,42,from,,test,0.1373867290266004,0.125,0.03019789257260344,0.01717334112832505,2.423492422719965,3421,8,6,0.19467991815258695,7,1.0,5.136636636636637,0.8053200818474131,1.0,1,-0.0,0.8022937436753891,0.48584112832505116,0.8626132709733996,0.41042006583425883,0.000000 0.000000 0.000000 0.000000 0.000000 0.000000 0.000000 1.000000,0.000000 0.000000 0.000000 0.000000 0.000000 0.000000 0.000000 0.137387,0.000000 0.000000 0.000000 0.000000 0.000000 0.000000 0.000000 0.241583,244 624 311 579 243 284 666 470,0 0 0 0 0 0 0 3421,0.050208 0.063880 0.057775 0.050167 0.106972 0.109084 0.076115 0.485799,"[[0,0,0,0,0,0,0,244],[0,0,0,0,0,0,0,624],[0,0,0,0,0,0,0,311],[0,0,0,0,0,0,0,579],[0,0,0,0,0,0,0,243],[0,0,0,0,0,0,0,284],[0,0,0,0,0,0,0,666],[0,0,0,0,0,0,0,470]]",outputs/prediction_diagnostics_4models_c3_b001_by_dataset/bloodmnist_224/merged/small/bloodmnist_224/swin_tiny/clients_3/beta_0p01/seed_42/from/merged.pt,outputs/prediction_diagnostics_4models_c3_b001_by_dataset/bloodmnist_224/merged/small/bloodmnist_224/swin_tiny/clients_3/beta_0p01/seed_42/from,2026-07-06T10:27:19,My_merge_ret/reports/prediction_diagnostics_4models_c3_b001_by_dataset_bloodmnist_224.csv
OK,,23.72,merge,small,bloodmnist_224,swin_tiny,3,0.01,42,iso_c,,test,0.22537269804150833,0.2514327922178113,0.14884174204245304,0.25511693127837753,2.0360120624451916,3421,8,6,0.19467991815258695,7,0.6433791289096755,3.304804804804805,0.4486992107570886,2.7163549542284415,6,0.4805573377260565,0.997347445854607,0.15015026673487283,0.6471791873721133,0.18518922646774177,0.000000 0.091346 0.025723 0.000000 0.390947 0.514085 0.000000 0.989362,0.000000 0.283582 1.000000 0.000000 0.347985 0.198100 0.000000 0.211268,0.000000 0.138182 0.050157 0.000000 0.368217 0.285994 0.000000 0.348184,244 624 311 579 243 284 666 470,0 201 8 0 273 737 1 2201,0.107840 0.128377 0.114318 0.109404 0.130778 0.138469 0.123362 0.147452,"[[0,2,0,0,25,101,0,116],[0,57,0,0,51,130,0,386],[0,53,8,0,13,48,1,188],[0,33,0,0,64,256,0,226],[0,35,0,0,95,17,0,96],[0,2,0,0,3,146,0,133],[0,19,0,0,17,39,0,591],[0,0,0,0,5,0,0,465]]",outputs/prediction_diagnostics_4models_c3_b001_by_dataset/bloodmnist_224/merged/small/bloodmnist_224/swin_tiny/clients_3/beta_0p01/seed_42/iso_c/merged.pt,outputs/prediction_diagnostics_4models_c3_b001_by_dataset/bloodmnist_224/merged/small/bloodmnist_224/swin_tiny/clients_3/beta_0p01/seed_42/iso_c,2026-07-06T10:27:41,My_merge_ret/reports/prediction_diagnostics_4models_c3_b001_by_dataset_bloodmnist_224.csv
OK,,22.08,merge,small,bloodmnist_224,swin_tiny,3,0.01,42,model_stock,,test,0.1373867290266004,0.125,0.03019789257260344,0.01717334112832505,2.2134327156715874,3421,8,6,0.19467991815258695,7,1.0,5.136636636636637,0.8053200818474131,1.0,1,-0.0,0.9099293936327633,0.3584843612978661,0.8626132709733996,0.29210557256605546,0.000000 0.000000 0.000000 0.000000 0.000000 0.000000 0.000000 1.000000,0.000000 0.000000 0.000000 0.000000 0.000000 0.000000 0.000000 0.137387,0.000000 0.000000 0.000000 0.000000 0.000000 0.000000 0.000000 0.241583,244 624 311 579 243 284 666 470,0 0 0 0 0 0 0 3421,0.080793 0.072088 0.085314 0.083625 0.094250 0.121328 0.104108 0.358494,"[[0,0,0,0,0,0,0,244],[0,0,0,0,0,0,0,624],[0,0,0,0,0,0,0,311],[0,0,0,0,0,0,0,579],[0,0,0,0,0,0,0,243],[0,0,0,0,0,0,0,284],[0,0,0,0,0,0,0,666],[0,0,0,0,0,0,0,470]]",outputs/prediction_diagnostics_4models_c3_b001_by_dataset/bloodmnist_224/merged/small/bloodmnist_224/swin_tiny/clients_3/beta_0p01/seed_42/model_stock/merged.pt,outputs/prediction_diagnostics_4models_c3_b001_by_dataset/bloodmnist_224/merged/small/bloodmnist_224/swin_tiny/clients_3/beta_0p01/seed_42/model_stock,2026-07-06T10:26:57,My_merge_ret/reports/prediction_diagnostics_4models_c3_b001_by_dataset_bloodmnist_224.csv
OK,,22.53,merge,small,bloodmnist_224,swin_tiny,3,0.01,42,my_merge,,test,0.7746273019584917,0.7637084344129825,0.757979751218144,0.7581490884500939,0.8450470216021277,3421,8,6,0.19467991815258695,6,0.19351066939491376,0.993993993993994,-0.0011692487576731858,7.496541124296812,8,0.9687416983648705,0.9724431490473741,0.8688066354866998,0.04413914060216309,0.04446331377160678,0.700820 0.791667 0.678457 0.670121 0.835391 0.658451 0.825826 0.948936,0.773756 0.863636 0.787313 0.705455 0.669967 0.540462 0.830816 0.893788,0.735484 0.826087 0.728843 0.687334 0.743590 0.593651 0.828313 0.920537,244 624 311 579 243 284 666 470,221 572 268 550 303 346 662 499,0.068659 0.166732 0.082418 0.157194 0.088867 0.102177 0.189098 0.144855,"[[171,5,3,36,14,7,4,4],[6,494,3,26,8,32,54,1],[1,10,211,13,33,4,3,36],[24,23,11,388,17,75,39,2],[6,0,17,6,203,3,2,6],[9,10,0,61,7,187,10,0],[1,30,12,18,13,38,550,4],[3,0,11,2,8,0,0,446]]",outputs/prediction_diagnostics_4models_c3_b001_by_dataset/bloodmnist_224/merged/small/bloodmnist_224/swin_tiny/clients_3/beta_0p01/seed_42/my_merge/merged.pt,outputs/prediction_diagnostics_4models_c3_b001_by_dataset/bloodmnist_224/merged/small/bloodmnist_224/swin_tiny/clients_3/beta_0p01/seed_42/my_merge,2026-07-06T10:28:53,My_merge_ret/reports/prediction_diagnostics_4models_c3_b001_by_dataset_bloodmnist_224.csv
OK,,89.18,merge,small,bloodmnist_224,swin_tiny,3,0.01,42,regmean,,test,0.1373867290266004,0.125,0.03019789257260344,0.01717334112832505,7.386180388164325,3421,8,6,0.19467991815258695,7,1.0,5.136636636636637,0.8053200818474131,1.0,1,-0.0,0.007322135113084811,0.9985384390529085,0.8626132709733996,0.8609527867147144,0.000000 0.000000 0.000000 0.000000 0.000000 0.000000 0.000000 1.000000,0.000000 0.000000 0.000000 0.000000 0.000000 0.000000 0.000000 0.137387,0.000000 0.000000 0.000000 0.000000 0.000000 0.000000 0.000000 0.241583,244 624 311 579 243 284 666 470,0 0 0 0 0 0 0 3421,0.000145 0.000071 0.000232 0.000122 0.000294 0.000245 0.000551 0.998340,"[[0,0,0,0,0,0,0,244],[0,0,0,0,0,0,0,624],[0,0,0,0,0,0,0,311],[0,0,0,0,0,0,0,579],[0,0,0,0,0,0,0,243],[0,0,0,0,0,0,0,284],[0,0,0,0,0,0,0,666],[0,0,0,0,0,0,0,470]]",outputs/prediction_diagnostics_4models_c3_b001_by_dataset/bloodmnist_224/merged/small/bloodmnist_224/swin_tiny/clients_3/beta_0p01/seed_42/regmean/merged.pt,outputs/prediction_diagnostics_4models_c3_b001_by_dataset/bloodmnist_224/merged/small/bloodmnist_224/swin_tiny/clients_3/beta_0p01/seed_42/regmean,2026-07-06T10:24:39,My_merge_ret/reports/prediction_diagnostics_4models_c3_b001_by_dataset_bloodmnist_224.csv
OK,,24.17,merge,small,bloodmnist_224,swin_tiny,3,0.01,42,robustmerge,,test,0.1373867290266004,0.125,0.03019789257260344,0.01717334112832505,2.5514903354282374,3421,8,6,0.19467991815258695,7,1.0,5.136636636636637,0.8053200818474131,1.0,1,-0.0,0.6698827624725788,0.6126132709733996,0.8626132709733996,0.4751590452705547,0.000000 0.000000 0.000000 0.000000 0.000000 0.000000 0.000000 1.000000,0.000000 0.000000 0.000000 0.000000 0.000000 0.000000 0.000000 0.137387,0.000000 0.000000 0.000000 0.000000 0.000000 0.000000 0.000000 0.241583,244 624 311 579 243 284 666 470,0 0 0 0 0 0 0 3421,0.039845 0.049909 0.044832 0.042231 0.055030 0.044164 0.111443 0.612546,"[[0,0,0,0,0,0,0,244],[0,0,0,0,0,0,0,624],[0,0,0,0,0,0,0,311],[0,0,0,0,0,0,0,579],[0,0,0,0,0,0,0,243],[0,0,0,0,0,0,0,284],[0,0,0,0,0,0,0,666],[0,0,0,0,0,0,0,470]]",outputs/prediction_diagnostics_4models_c3_b001_by_dataset/bloodmnist_224/merged/small/bloodmnist_224/swin_tiny/clients_3/beta_0p01/seed_42/robustmerge/merged.pt,outputs/prediction_diagnostics_4models_c3_b001_by_dataset/bloodmnist_224/merged/small/bloodmnist_224/swin_tiny/clients_3/beta_0p01/seed_42/robustmerge,2026-07-06T10:28:28,My_merge_ret/reports/prediction_diagnostics_4models_c3_b001_by_dataset_bloodmnist_224.csv
OK,,23.79,merge,small,bloodmnist_224,swin_tiny,3,0.01,42,ties,,test,0.08301666179479684,0.125,0.01916329284750337,0.010377082724349606,2.7593307249799035,3421,8,6,0.19467991815258695,5,1.0,5.136636636636637,0.8053200818474131,1.0,1,-0.0,0.8106350823952235,0.381102016954107,0.9169833382052032,0.525125590331011,0.000000 0.000000 0.000000 0.000000 0.000000 1.000000 0.000000 0.000000,0.000000 0.000000 0.000000 0.000000 0.000000 0.083017 0.000000 0.000000,0.000000 0.000000 0.000000 0.000000 0.000000 0.153306 0.000000 0.000000,244 624 311 579 243 284 666 470,0 0 0 0 0 3421 0 0,0.056992 0.065675 0.156333 0.057601 0.232724 0.381027 0.030688 0.018961,"[[0,0,0,0,0,244,0,0],[0,0,0,0,0,624,0,0],[0,0,0,0,0,311,0,0],[0,0,0,0,0,579,0,0],[0,0,0,0,0,243,0,0],[0,0,0,0,0,284,0,0],[0,0,0,0,0,666,0,0],[0,0,0,0,0,470,0,0]]",outputs/prediction_diagnostics_4models_c3_b001_by_dataset/bloodmnist_224/merged/small/bloodmnist_224/swin_tiny/clients_3/beta_0p01/seed_42/ties/merged.pt,outputs/prediction_diagnostics_4models_c3_b001_by_dataset/bloodmnist_224/merged/small/bloodmnist_224/swin_tiny/clients_3/beta_0p01/seed_42/ties,2026-07-06T10:23:26,My_merge_ret/reports/prediction_diagnostics_4models_c3_b001_by_dataset_bloodmnist_224.csv
OK,,19.14,client,small,bloodmnist_224,vit_t,3,0.01,42,client_0,0,test,0.1373867290266004,0.125,0.03019789257260344,0.01717334112832505,11.512586159303293,3421,8,6,0.19467991815258695,7,1.0,5.136636636636637,0.8053200818474131,1.0,1,-0.0,9.705713838048263e-05,1.0,0.8626132709733996,0.862598379947732,0.000000 0.000000 0.000000 0.000000 0.000000 0.000000 0.000000 1.000000,0.000000 0.000000 0.000000 0.000000 0.000000 0.000000 0.000000 0.137387,0.000000 0.000000 0.000000 0.000000 0.000000 0.000000 0.000000 0.241583,244 624 311 579 243 284 666 470,0 0 0 0 0 0 0 3421,0.000000 0.000001 0.000002 0.000001 0.000000 0.000002 0.000008 0.999985,"[[0,0,0,0,0,0,0,244],[0,0,0,0,0,0,0,624],[0,0,0,0,0,0,0,311],[0,0,0,0,0,0,0,579],[0,0,0,0,0,0,0,243],[0,0,0,0,0,0,0,284],[0,0,0,0,0,0,0,666],[0,0,0,0,0,0,0,470]]",/data2/liyapeng_grp/program/MedMNISTMerge/model_hub/small/bloodmnist_224/vit_t/clients_3/beta_0p01/seed_42/client_0.pt,,2026-07-06T10:29:15,My_merge_ret/reports/prediction_diagnostics_4models_c3_b001_by_dataset_bloodmnist_224.csv
OK,,18.92,client,small,bloodmnist_224,vit_t,3,0.01,42,client_1,1,test,0.0710318620286466,0.125,0.01658024017467249,0.008878982753580825,8.691752300245724,3421,8,6,0.19467991815258695,4,1.0,5.136636636636637,0.8053200818474131,1.0,1,-0.0,0.032992712550370513,0.988161356328559,0.9289681379713534,0.9171055615520333,0.000000 0.000000 0.000000 0.000000 1.000000 0.000000 0.000000 0.000000,0.000000 0.000000 0.000000 0.000000 0.071032 0.000000 0.000000 0.000000,0.000000 0.000000 0.000000 0.000000 0.132642 0.000000 0.000000 0.000000,244 624 311 579 243 284 666 470,0 0 0 0 3421 0 0 0,0.000026 0.000953 0.000024 0.000037 0.988137 0.010781 0.000030 0.000012,"[[0,0,0,0,244,0,0,0],[0,0,0,0,624,0,0,0],[0,0,0,0,311,0,0,0],[0,0,0,0,579,0,0,0],[0,0,0,0,243,0,0,0],[0,0,0,0,284,0,0,0],[0,0,0,0,666,0,0,0],[0,0,0,0,470,0,0,0]]",/data2/liyapeng_grp/program/MedMNISTMerge/model_hub/small/bloodmnist_224/vit_t/clients_3/beta_0p01/seed_42/client_1.pt,,2026-07-06T10:29:34,My_merge_ret/reports/prediction_diagnostics_4models_c3_b001_by_dataset_bloodmnist_224.csv
OK,,18.96,client,small,bloodmnist_224,vit_t,3,0.01,42,client_2,2,test,0.09090909090909091,0.125,0.020833333333333336,0.011363636363636364,11.81336476878791,3421,8,6,0.19467991815258695,2,1.0,5.136636636636637,0.8053200818474131,1.0,1,-0.0,0.0010417163565385312,0.9999634609763227,0.9090909090909091,0.9088754797410779,0.000000 0.000000 1.000000 0.000000 0.000000 0.000000 0.000000 0.000000,0.000000 0.000000 0.090909 0.000000 0.000000 0.000000 0.000000 0.000000,0.000000 0.000000 0.166667 0.000000 0.000000 0.000000 0.000000 0.000000,244 624 311 579 243 284 666 470,0 0 3421 0 0 0 0 0,0.000003 0.000001 0.999785 0.000174 0.000001 0.000035 0.000000 0.000001,"[[0,0,244,0,0,0,0,0],[0,0,624,0,0,0,0,0],[0,0,311,0,0,0,0,0],[0,0,579,0,0,0,0,0],[0,0,243,0,0,0,0,0],[0,0,284,0,0,0,0,0],[0,0,666,0,0,0,0,0],[0,0,470,0,0,0,0,0]]",/data2/liyapeng_grp/program/MedMNISTMerge/model_hub/small/bloodmnist_224/vit_t/clients_3/beta_0p01/seed_42/client_2.pt,,2026-07-06T10:29:53,My_merge_ret/reports/prediction_diagnostics_4models_c3_b001_by_dataset_bloodmnist_224.csv
OK,,19.10,merge,small,bloodmnist_224,vit_t,3,0.01,42,avg,,test,0.08360128617363344,0.12540064102564102,0.019972365036896946,0.1353831529687043,2.6427211410223617,3421,8,6,0.19467991815258695,5,0.9994153756211634,5.133633633633634,0.8047354574685766,1.0049489192607688,2,0.0023740574159806242,0.7697224694913006,0.41651746565331776,0.9163987138263665,0.3957829658670532,0.000000 0.003205 0.000000 0.000000 0.000000 1.000000 0.000000 0.000000,0.000000 1.000000 0.000000 0.000000 0.000000 0.083065 0.000000 0.000000,0.000000 0.006390 0.000000 0.000000 0.000000 0.153389 0.000000 0.000000,244 624 311 579 243 284 666 470,0 2 0 0 0 3419 0 0,0.008912 0.237376 0.098226 0.116681 0.068540 0.416509 0.016201 0.037554,"[[0,0,0,0,0,244,0,0],[0,2,0,0,0,622,0,0],[0,0,0,0,0,311,0,0],[0,0,0,0,0,579,0,0],[0,0,0,0,0,243,0,0],[0,0,0,0,0,284,0,0],[0,0,0,0,0,666,0,0],[0,0,0,0,0,470,0,0]]",outputs/prediction_diagnostics_4models_c3_b001_by_dataset/bloodmnist_224/merged/small/bloodmnist_224/vit_t/clients_3/beta_0p01/seed_42/avg/merged.pt,outputs/prediction_diagnostics_4models_c3_b001_by_dataset/bloodmnist_224/merged/small/bloodmnist_224/vit_t/clients_3/beta_0p01/seed_42/avg,2026-07-06T10:30:12,My_merge_ret/reports/prediction_diagnostics_4models_c3_b001_by_dataset_bloodmnist_224.csv
OK,,20.66,merge,small,bloodmnist_224,vit_t,3,0.01,42,breadcrumbs,,test,0.1373867290266004,0.125,0.03019789257260344,0.01717334112832505,3.6543788558661117,3421,8,6,0.19467991815258695,7,1.0,5.136636636636637,0.8053200818474131,1.0,1,-0.0,0.29276927257966373,0.8513592516807951,0.8626132709733996,0.7140084537299678,0.000000 0.000000 0.000000 0.000000 0.000000 0.000000 0.000000 1.000000,0.000000 0.000000 0.000000 0.000000 0.000000 0.000000 0.000000 0.137387,0.000000 0.000000 0.000000 0.000000 0.000000 0.000000 0.000000 0.241583,244 624 311 579 243 284 666 470,0 0 0 0 0 0 0 3421,0.002668 0.009098 0.007366 0.010689 0.006699 0.018211 0.093874 0.851395,"[[0,0,0,0,0,0,0,244],[0,0,0,0,0,0,0,624],[0,0,0,0,0,0,0,311],[0,0,0,0,0,0,0,579],[0,0,0,0,0,0,0,243],[0,0,0,0,0,0,0,284],[0,0,0,0,0,0,0,666],[0,0,0,0,0,0,0,470]]",outputs/prediction_diagnostics_4models_c3_b001_by_dataset/bloodmnist_224/merged/small/bloodmnist_224/vit_t/clients_3/beta_0p01/seed_42/breadcrumbs/merged.pt,outputs/prediction_diagnostics_4models_c3_b001_by_dataset/bloodmnist_224/merged/small/bloodmnist_224/vit_t/clients_3/beta_0p01/seed_42/breadcrumbs,2026-07-06T10:34:06,My_merge_ret/reports/prediction_diagnostics_4models_c3_b001_by_dataset_bloodmnist_224.csv
OK,,19.32,merge,small,bloodmnist_224,vit_t,3,0.01,42,dare_linear,,test,0.24466530254311605,0.23553742325749366,0.1427464652030708,0.1370894066548881,2.9530366497825926,3421,8,6,0.19467991815258695,5,0.701549254603917,3.603603603603604,0.5068693364513301,2.2583827343668306,3,0.39176333478299424,0.8011761382620941,0.3311531715872552,0.6805027769657994,0.40464021141555095,0.000000 0.887821 0.000000 0.000000 0.000000 0.996479 0.000000 0.000000,0.000000 0.978799 0.000000 0.000000 0.000000 0.117917 0.000000 0.000000,0.000000 0.931092 0.000000 0.000000 0.000000 0.210879 0.000000 0.000000,244 624 311 579 243 284 666 470,0 566 0 0 455 2400 0 0,0.013588 0.263178 0.071739 0.037008 0.167207 0.310707 0.002162 0.134411,"[[0,0,0,0,0,244,0,0],[0,554,0,0,0,70,0,0],[0,1,0,0,1,309,0,0],[0,8,0,0,0,571,0,0],[0,0,0,0,0,243,0,0],[0,1,0,0,0,283,0,0],[0,1,0,0,0,665,0,0],[0,1,0,0,454,15,0,0]]",outputs/prediction_diagnostics_4models_c3_b001_by_dataset/bloodmnist_224/merged/small/bloodmnist_224/vit_t/clients_3/beta_0p01/seed_42/dare_linear/merged.pt,outputs/prediction_diagnostics_4models_c3_b001_by_dataset/bloodmnist_224/merged/small/bloodmnist_224/vit_t/clients_3/beta_0p01/seed_42/dare_linear,2026-07-06T10:30:51,My_merge_ret/reports/prediction_diagnostics_4models_c3_b001_by_dataset_bloodmnist_224.csv
OK,,19.67,merge,small,bloodmnist_224,vit_t,3,0.01,42,dare_ties,,test,0.08301666179479684,0.125,0.02113724322715094,0.011544715447154472,6.0223061105236955,3421,8,6,0.19467991815258695,5,0.8988599824612686,4.617117117117117,0.7041800643086817,1.3876069600237015,2,0.1575329940307159,0.37683233195962607,0.7136619409529378,0.8459514761765565,0.798284032372051,0.000000 0.000000 0.000000 0.000000 0.000000 1.000000 0.000000 0.000000,0.000000 0.000000 0.000000 0.000000 0.000000 0.092358 0.000000 0.000000,0.000000 0.000000 0.000000 0.000000 0.000000 0.169098 0.000000 0.000000,244 624 311 579 243 284 666 470,0 0 0 0 346 3075 0 0,0.000462 0.004724 0.031232 0.011026 0.250139 0.702194 0.000008 0.000215,"[[0,0,0,0,0,244,0,0],[0,0,0,0,0,624,0,0],[0,0,0,0,0,311,0,0],[0,0,0,0,0,579,0,0],[0,0,0,0,0,243,0,0],[0,0,0,0,0,284,0,0],[0,0,0,0,0,666,0,0],[0,0,0,0,346,124,0,0]]",outputs/prediction_diagnostics_4models_c3_b001_by_dataset/bloodmnist_224/merged/small/bloodmnist_224/vit_t/clients_3/beta_0p01/seed_42/dare_ties/merged.pt,outputs/prediction_diagnostics_4models_c3_b001_by_dataset/bloodmnist_224/merged/small/bloodmnist_224/vit_t/clients_3/beta_0p01/seed_42/dare_ties,2026-07-06T10:31:10,My_merge_ret/reports/prediction_diagnostics_4models_c3_b001_by_dataset_bloodmnist_224.csv
OK,,79.49,merge,small,bloodmnist_224,vit_t,3,0.01,42,fisher,,test,0.09090909090909091,0.125,0.020833333333333336,0.011363636363636364,6.001494049991094,3421,8,6,0.19467991815258695,2,1.0,5.136636636636637,0.8053200818474131,1.0,1,-0.0,0.15185299237038385,0.9227199649225373,0.9090909090909091,0.8317698025223207,0.000000 0.000000 1.000000 0.000000 0.000000 0.000000 0.000000 0.000000,0.000000 0.000000 0.090909 0.000000 0.000000 0.000000 0.000000 0.000000,0.000000 0.000000 0.166667 0.000000 0.000000 0.000000 0.000000 0.000000,244 624 311 579 243 284 666 470,0 0 3421 0 0 0 0 0,0.000086 0.000744 0.922679 0.001627 0.067315 0.001691 0.000816 0.005042,"[[0,0,244,0,0,0,0,0],[0,0,624,0,0,0,0,0],[0,0,311,0,0,0,0,0],[0,0,579,0,0,0,0,0],[0,0,243,0,0,0,0,0],[0,0,284,0,0,0,0,0],[0,0,666,0,0,0,0,0],[0,0,470,0,0,0,0,0]]",outputs/prediction_diagnostics_4models_c3_b001_by_dataset/bloodmnist_224/merged/small/bloodmnist_224/vit_t/clients_3/beta_0p01/seed_42/fisher/merged.pt,outputs/prediction_diagnostics_4models_c3_b001_by_dataset/bloodmnist_224/merged/small/bloodmnist_224/vit_t/clients_3/beta_0p01/seed_42/fisher,2026-07-06T10:32:46,My_merge_ret/reports/prediction_diagnostics_4models_c3_b001_by_dataset_bloodmnist_224.csv
OK,,19.84,merge,small,bloodmnist_224,vit_t,3,0.01,42,free_merge,,test,0.2326805027769658,0.22756410256410256,0.1339084771192798,0.13462076436970444,2.6014019281186056,3421,8,6,0.19467991815258695,5,0.8471207249342297,4.351351351351352,0.6524408067816427,1.533681631956857,2,0.20566634441799217,0.7828484549840081,0.34980634317451037,0.7641040631394329,0.3957412141347859,0.000000 0.820513 0.000000 0.000000 0.000000 1.000000 0.000000 0.000000,0.000000 0.978967 0.000000 0.000000 0.000000 0.097999 0.000000 0.000000,0.000000 0.892764 0.000000 0.000000 0.000000 0.178504 0.000000 0.000000,244 624 311 579 243 284 666 470,0 523 0 0 0 2898 0 0,0.011776 0.310661 0.095505 0.114279 0.071360 0.345575 0.018221 0.032623,"[[0,0,0,0,0,244,0,0],[0,512,0,0,0,112,0,0],[0,1,0,0,0,310,0,0],[0,9,0,0,0,570,0,0],[0,0,0,0,0,243,0,0],[0,0,0,0,0,284,0,0],[0,1,0,0,0,665,0,0],[0,0,0,0,0,470,0,0]]",outputs/prediction_diagnostics_4models_c3_b001_by_dataset/bloodmnist_224/merged/small/bloodmnist_224/vit_t/clients_3/beta_0p01/seed_42/free_merge/merged.pt,outputs/prediction_diagnostics_4models_c3_b001_by_dataset/bloodmnist_224/merged/small/bloodmnist_224/vit_t/clients_3/beta_0p01/seed_42/free_merge,2026-07-06T10:35:24,My_merge_ret/reports/prediction_diagnostics_4models_c3_b001_by_dataset_bloodmnist_224.csv
OK,,19.12,merge,small,bloodmnist_224,vit_t,3,0.01,42,from,,test,0.22244957614732536,0.22084798049636528,0.08743747295543056,0.055480621450849615,4.075986789144713,3421,8,6,0.19467991815258695,3,0.5062847120724934,2.6006006006006004,0.3116047939199064,1.999842011656646,2,0.3332953436662533,0.5413910829693327,0.6189710610932476,0.739842151417714,0.633463750188249,0.000000 0.000000 0.977492 0.789292 0.000000 0.000000 0.000000 0.000000,0.000000 0.000000 0.179988 0.263857 0.000000 0.000000 0.000000 0.000000,0.000000 0.000000 0.304000 0.395500 0.000000 0.000000 0.000000 0.000000,244 624 311 579 243 284 666 470,0 0 1689 1732 0 0 0 0,0.001082 0.014471 0.433460 0.395874 0.004179 0.147305 0.001963 0.001667,"[[0,0,25,219,0,0,0,0],[0,0,19,605,0,0,0,0],[0,0,304,7,0,0,0,0],[0,0,122,457,0,0,0,0],[0,0,198,45,0,0,0,0],[0,0,12,272,0,0,0,0],[0,0,539,127,0,0,0,0],[0,0,470,0,0,0,0,0]]",outputs/prediction_diagnostics_4models_c3_b001_by_dataset/bloodmnist_224/merged/small/bloodmnist_224/vit_t/clients_3/beta_0p01/seed_42/from/merged.pt,outputs/prediction_diagnostics_4models_c3_b001_by_dataset/bloodmnist_224/merged/small/bloodmnist_224/vit_t/clients_3/beta_0p01/seed_42/from,2026-07-06T10:34:46,My_merge_ret/reports/prediction_diagnostics_4models_c3_b001_by_dataset_bloodmnist_224.csv
OK,,19.34,merge,small,bloodmnist_224,vit_t,3,0.01,42,iso_c,,test,0.08330897398421515,0.1252003205128205,0.01956846652267819,0.13538011695906432,2.572600185435545,3421,8,6,0.19467991815258695,5,0.9997076878105817,5.135135135135136,0.8050277696579948,1.002674585250633,2,0.0012844866559909571,0.7920446272150952,0.3934156679333528,0.9166910260157848,0.39214124053243044,0.000000 0.001603 0.000000 0.000000 0.000000 1.000000 0.000000 0.000000,0.000000 1.000000 0.000000 0.000000 0.000000 0.083041 0.000000 0.000000,0.000000 0.003200 0.000000 0.000000 0.000000 0.153348 0.000000 0.000000,244 624 311 579 243 284 666 470,0 1 0 0 0 3420 0 0,0.028099 0.264155 0.068135 0.115422 0.052893 0.393405 0.017459 0.060431,"[[0,0,0,0,0,244,0,0],[0,1,0,0,0,623,0,0],[0,0,0,0,0,311,0,0],[0,0,0,0,0,579,0,0],[0,0,0,0,0,243,0,0],[0,0,0,0,0,284,0,0],[0,0,0,0,0,666,0,0],[0,0,0,0,0,470,0,0]]",outputs/prediction_diagnostics_4models_c3_b001_by_dataset/bloodmnist_224/merged/small/bloodmnist_224/vit_t/clients_3/beta_0p01/seed_42/iso_c/merged.pt,outputs/prediction_diagnostics_4models_c3_b001_by_dataset/bloodmnist_224/merged/small/bloodmnist_224/vit_t/clients_3/beta_0p01/seed_42/iso_c,2026-07-06T10:35:05,My_merge_ret/reports/prediction_diagnostics_4models_c3_b001_by_dataset_bloodmnist_224.csv
OK,,19.19,merge,small,bloodmnist_224,vit_t,3,0.01,42,model_stock,,test,0.24904998538439052,0.22535211267605634,0.098364816487307,0.06318257663428156,2.26249377694753,3421,8,6,0.19467991815258695,1,0.7439345220695703,3.8213213213213217,0.5492546039169834,1.7663250902327092,2,0.273583631298195,0.8871286870861665,0.26542403536977494,0.7345805320081847,0.24849428274994179,0.000000 1.000000 0.000000 0.000000 0.000000 0.802817 0.000000 0.000000,0.000000 0.245187 0.000000 0.000000 0.000000 0.260274 0.000000 0.000000,0.000000 0.393815 0.000000 0.000000 0.000000 0.393103 0.000000 0.000000,244 624 311 579 243 284 666 470,0 2545 0 0 0 876 0 0,0.013957 0.259844 0.079899 0.148510 0.088805 0.230130 0.035302 0.143553,"[[0,81,0,0,0,163,0,0],[0,624,0,0,0,0,0,0],[0,223,0,0,0,88,0,0],[0,261,0,0,0,318,0,0],[0,182,0,0,0,61,0,0],[0,56,0,0,0,228,0,0],[0,648,0,0,0,18,0,0],[0,470,0,0,0,0,0,0]]",outputs/prediction_diagnostics_4models_c3_b001_by_dataset/bloodmnist_224/merged/small/bloodmnist_224/vit_t/clients_3/beta_0p01/seed_42/model_stock/merged.pt,outputs/prediction_diagnostics_4models_c3_b001_by_dataset/bloodmnist_224/merged/small/bloodmnist_224/vit_t/clients_3/beta_0p01/seed_42/model_stock,2026-07-06T10:34:27,My_merge_ret/reports/prediction_diagnostics_4models_c3_b001_by_dataset_bloodmnist_224.csv
OK,,19.26,merge,small,bloodmnist_224,vit_t,3,0.01,42,my_merge,,test,0.8526746565331774,0.835805554836415,0.8304363821311083,0.8287941693105119,2.663088818873205,3421,8,6,0.19467991815258695,6,0.1870798012277112,0.9609609609609611,-0.007600116924875749,7.535636619704204,8,0.9712431325317561,0.9714010701285887,0.9865353697749196,0.03273896521484943,0.033674804231848925,0.778689 0.943910 0.832797 0.699482 0.810700 0.725352 0.918919 0.976596,0.805085 0.971947 0.883959 0.743119 0.701068 0.575419 0.956250 0.993506,0.791667 0.957724 0.857616 0.720641 0.751908 0.641745 0.937213 0.984979,244 624 311 579 243 284 666 470,236 606 293 545 281 358 640 462,0.068612 0.176843 0.085897 0.158179 0.083009 0.104714 0.187814 0.134933,"[[190,0,1,30,13,10,0,0],[6,589,1,6,3,15,3,1],[2,1,259,18,21,5,5,0],[18,8,1,405,31,97,19,0],[9,2,18,10,197,6,0,1],[4,0,0,65,8,206,1,0],[4,6,6,11,7,19,612,1],[3,0,7,0,1,0,0,459]]",outputs/prediction_diagnostics_4models_c3_b001_by_dataset/bloodmnist_224/merged/small/bloodmnist_224/vit_t/clients_3/beta_0p01/seed_42/my_merge/merged.pt,outputs/prediction_diagnostics_4models_c3_b001_by_dataset/bloodmnist_224/merged/small/bloodmnist_224/vit_t/clients_3/beta_0p01/seed_42/my_merge,2026-07-06T10:36:04,My_merge_ret/reports/prediction_diagnostics_4models_c3_b001_by_dataset_bloodmnist_224.csv
OK,,76.41,merge,small,bloodmnist_224,vit_t,3,0.01,42,regmean,,test,0.1847413037123648,0.20860470684819046,0.08256782268478347,0.05155697236641431,5.233759581502576,3421,8,6,0.19467991815258695,7,0.622332651271558,3.196696696696697,0.42765273311897106,2.189373874174937,3,0.37683944705381306,0.5121592536910581,0.6470604355451622,0.734872844197603,0.64969573982869,0.000000 0.000000 0.958199 0.000000 0.000000 0.000000 0.000000 0.710638,0.000000 0.000000 0.255575 0.000000 0.000000 0.000000 0.000000 0.156881,0.000000 0.000000 0.403521 0.000000 0.000000 0.000000 0.000000 0.257022,244 624 311 579 243 284 666 470,0 0 1166 0 126 0 0 2129,0.000087 0.001876 0.348905 0.000842 0.073244 0.047415 0.000755 0.526875,"[[0,0,79,0,0,0,0,165],[0,0,5,0,0,0,0,619],[0,0,298,0,0,0,0,13],[0,0,187,0,0,0,0,392],[0,0,179,0,0,0,0,64],[0,0,37,0,0,0,0,247],[0,0,371,0,0,0,0,295],[0,0,10,0,126,0,0,334]]",outputs/prediction_diagnostics_4models_c3_b001_by_dataset/bloodmnist_224/merged/small/bloodmnist_224/vit_t/clients_3/beta_0p01/seed_42/regmean/merged.pt,outputs/prediction_diagnostics_4models_c3_b001_by_dataset/bloodmnist_224/merged/small/bloodmnist_224/vit_t/clients_3/beta_0p01/seed_42/regmean,2026-07-06T10:31:30,My_merge_ret/reports/prediction_diagnostics_4models_c3_b001_by_dataset_bloodmnist_224.csv
OK,,19.57,merge,small,bloodmnist_224,vit_t,3,0.01,42,robustmerge,,test,0.1373867290266004,0.125,0.03019789257260344,0.01717334112832505,2.432947608749269,3421,8,6,0.19467991815258695,7,1.0,5.136636636636637,0.8053200818474131,1.0,1,-0.0,0.8001872357990771,0.4293792019877229,0.8626132709733996,0.33788278378045444,0.000000 0.000000 0.000000 0.000000 0.000000 0.000000 0.000000 1.000000,0.000000 0.000000 0.000000 0.000000 0.000000 0.000000 0.000000 0.137387,0.000000 0.000000 0.000000 0.000000 0.000000 0.000000 0.000000 0.241583,244 624 311 579 243 284 666 470,0 0 0 0 0 0 0 3421,0.008017 0.184493 0.041482 0.094435 0.093272 0.104584 0.044345 0.429372,"[[0,0,0,0,0,0,0,244],[0,0,0,0,0,0,0,624],[0,0,0,0,0,0,0,311],[0,0,0,0,0,0,0,579],[0,0,0,0,0,0,0,243],[0,0,0,0,0,0,0,284],[0,0,0,0,0,0,0,666],[0,0,0,0,0,0,0,470]]",outputs/prediction_diagnostics_4models_c3_b001_by_dataset/bloodmnist_224/merged/small/bloodmnist_224/vit_t/clients_3/beta_0p01/seed_42/robustmerge/merged.pt,outputs/prediction_diagnostics_4models_c3_b001_by_dataset/bloodmnist_224/merged/small/bloodmnist_224/vit_t/clients_3/beta_0p01/seed_42/robustmerge,2026-07-06T10:35:44,My_merge_ret/reports/prediction_diagnostics_4models_c3_b001_by_dataset_bloodmnist_224.csv
OK,,19.69,merge,small,bloodmnist_224,vit_t,3,0.01,42,ties,,test,0.11838643671441099,0.15987496753005243,0.06653149296863772,0.08755814205558812,4.685547374556965,3421,8,6,0.19467991815258695,2,0.9000292312189418,4.623123123123124,0.7053493130663548,1.4678580835633377,3,0.18457083043898959,0.5409038065265004,0.5055447968430283,0.8091201403098509,0.6356144340760415,0.000000 0.000000 0.980707 0.051813 0.000000 0.246479 0.000000 0.000000,0.000000 0.000000 0.099058 0.319149 0.000000 0.282258 0.000000 0.000000,0.000000 0.000000 0.179941 0.089153 0.000000 0.263158 0.000000 0.000000,244 624 311 579 243 284 666 470,0 0 3079 94 0 248 0 0,0.000643 0.010452 0.498070 0.191339 0.009228 0.289380 0.000211 0.000677,"[[0,0,181,26,0,37,0,0],[0,0,599,3,0,22,0,0],[0,0,305,5,0,1,0,0],[0,0,432,30,0,117,0,0],[0,0,236,7,0,0,0,0],[0,0,198,16,0,70,0,0],[0,0,658,7,0,1,0,0],[0,0,470,0,0,0,0,0]]",outputs/prediction_diagnostics_4models_c3_b001_by_dataset/bloodmnist_224/merged/small/bloodmnist_224/vit_t/clients_3/beta_0p01/seed_42/ties/merged.pt,outputs/prediction_diagnostics_4models_c3_b001_by_dataset/bloodmnist_224/merged/small/bloodmnist_224/vit_t/clients_3/beta_0p01/seed_42/ties,2026-07-06T10:30:31,My_merge_ret/reports/prediction_diagnostics_4models_c3_b001_by_dataset_bloodmnist_224.csv
OK,,5.38,client,small,chaoshengmnist_224,convnext,3,0.01,42,client_0,0,test,0.1734052111410602,0.125,0.036944869831546705,0.021675651392632524,6.09262208347372,1113,8,6,0.1734052111410602,6,1.0,5.766839378238342,0.8265947888589398,1.0,1,-0.0,0.5207734516339317,0.39670372866127585,0.8265947888589398,0.6095915877370532,0.000000 0.000000 0.000000 0.000000 0.000000 0.000000 1.000000 0.000000,0.000000 0.000000 0.000000 0.000000 0.000000 0.000000 0.173405 0.000000,0.000000 0.000000 0.000000 0.000000 0.000000 0.000000 0.295559 0.000000,121 121 117 180 100 141 193 140,0 0 0 0 0 0 1113 0,0.000104 0.000132 0.000062 0.000091 0.243585 0.359196 0.396748 0.000083,"[[0,0,0,0,0,0,121,0],[0,0,0,0,0,0,121,0],[0,0,0,0,0,0,117,0],[0,0,0,0,0,0,180,0],[0,0,0,0,0,0,100,0],[0,0,0,0,0,0,141,0],[0,0,0,0,0,0,193,0],[0,0,0,0,0,0,140,0]]",/data2/liyapeng_grp/program/MedMNISTMerge/model_hub/small/chaoshengmnist_224/convnext/clients_3/beta_0p01/seed_42/client_0.pt,,2026-07-06T10:27:38,My_merge_ret/reports/prediction_diagnostics_4models_c3_b001_by_dataset_chaoshengmnist_224.csv
OK,,2.97,client,small,chaoshengmnist_224,convnext,3,0.01,42,client_1,1,test,0.1087151841868823,0.125,0.024513776337115073,0.013589398023360287,12.229191343953561,1113,8,6,0.1734052111410602,0,1.0,5.766839378238342,0.8265947888589398,1.0,1,-0.0,0.00018740384078270146,1.0,0.8912848158131177,0.8912527547368285,1.000000 0.000000 0.000000 0.000000 0.000000 0.000000 0.000000 0.000000,0.108715 0.000000 0.000000 0.000000 0.000000 0.000000 0.000000 0.000000,0.196110 0.000000 0.000000 0.000000 0.000000 0.000000 0.000000 0.000000,121 121 117 180 100 141 193 140,1113 0 0 0 0 0 0 0,0.999968 0.000025 0.000000 0.000000 0.000002 0.000000 0.000004 0.000001,"[[121,0,0,0,0,0,0,0],[121,0,0,0,0,0,0,0],[117,0,0,0,0,0,0,0],[180,0,0,0,0,0,0,0],[100,0,0,0,0,0,0,0],[141,0,0,0,0,0,0,0],[193,0,0,0,0,0,0,0],[140,0,0,0,0,0,0,0]]",/data2/liyapeng_grp/program/MedMNISTMerge/model_hub/small/chaoshengmnist_224/convnext/clients_3/beta_0p01/seed_42/client_1.pt,,2026-07-06T10:27:43,My_merge_ret/reports/prediction_diagnostics_4models_c3_b001_by_dataset_chaoshengmnist_224.csv
OK,,3.01,client,small,chaoshengmnist_224,convnext,3,0.01,42,client_2,2,test,0.1734052111410602,0.125,0.036944869831546705,0.021675651392632524,3.902846508591644,1113,8,6,0.1734052111410602,6,1.0,5.766839378238342,0.8265947888589398,1.0,1,-0.0,0.7750368224126725,0.2172759433962264,0.8265947888589398,0.3247288527076652,0.000000 0.000000 0.000000 0.000000 0.000000 0.000000 1.000000 0.000000,0.000000 0.000000 0.000000 0.000000 0.000000 0.000000 0.173405 0.000000,0.000000 0.000000 0.000000 0.000000 0.000000 0.000000 0.295559 0.000000,121 121 117 180 100 141 193 140,0 0 0 0 0 0 1113 0,0.000155 0.189314 0.213210 0.190407 0.000174 0.000190 0.217250 0.189301,"[[0,0,0,0,0,0,121,0],[0,0,0,0,0,0,121,0],[0,0,0,0,0,0,117,0],[0,0,0,0,0,0,180,0],[0,0,0,0,0,0,100,0],[0,0,0,0,0,0,141,0],[0,0,0,0,0,0,193,0],[0,0,0,0,0,0,140,0]]",/data2/liyapeng_grp/program/MedMNISTMerge/model_hub/small/chaoshengmnist_224/convnext/clients_3/beta_0p01/seed_42/client_2.pt,,2026-07-06T10:27:46,My_merge_ret/reports/prediction_diagnostics_4models_c3_b001_by_dataset_chaoshengmnist_224.csv
OK,,3.40,merge,small,chaoshengmnist_224,convnext,3,0.01,42,avg,,test,0.1734052111410602,0.125,0.036944869831546705,0.021675651392632524,2.483625249185759,1113,8,6,0.1734052111410602,6,1.0,5.766839378238342,0.8265947888589398,1.0,1,-0.0,0.7462237495752926,0.53125,0.8265947888589398,0.375843330816823,0.000000 0.000000 0.000000 0.000000 0.000000 0.000000 1.000000 0.000000,0.000000 0.000000 0.000000 0.000000 0.000000 0.000000 0.173405 0.000000,0.000000 0.000000 0.000000 0.000000 0.000000 0.000000 0.295559 0.000000,121 121 117 180 100 141 193 140,0 0 0 0 0 0 1113 0,0.015632 0.071775 0.062275 0.039375 0.107874 0.093177 0.531222 0.078670,"[[0,0,0,0,0,0,121,0],[0,0,0,0,0,0,121,0],[0,0,0,0,0,0,117,0],[0,0,0,0,0,0,180,0],[0,0,0,0,0,0,100,0],[0,0,0,0,0,0,141,0],[0,0,0,0,0,0,193,0],[0,0,0,0,0,0,140,0]]",outputs/prediction_diagnostics_4models_c3_b001_by_dataset/chaoshengmnist_224/merged/small/chaoshengmnist_224/convnext/clients_3/beta_0p01/seed_42/avg/merged.pt,outputs/prediction_diagnostics_4models_c3_b001_by_dataset/chaoshengmnist_224/merged/small/chaoshengmnist_224/convnext/clients_3/beta_0p01/seed_42/avg,2026-07-06T10:27:49,My_merge_ret/reports/prediction_diagnostics_4models_c3_b001_by_dataset_chaoshengmnist_224.csv
OK,,11.91,merge,small,chaoshengmnist_224,convnext,3,0.01,42,breadcrumbs,,test,0.12668463611859837,0.125,0.028110047846889953,0.015835579514824796,2.6582290087320306,1113,8,6,0.1734052111410602,5,1.0,5.766839378238342,0.8265947888589398,1.0,1,-0.0,0.7597415036949644,0.3715745732255166,0.8733153638814017,0.45756466128407236,0.000000 0.000000 0.000000 0.000000 0.000000 1.000000 0.000000 0.000000,0.000000 0.000000 0.000000 0.000000 0.000000 0.126685 0.000000 0.000000,0.000000 0.000000 0.000000 0.000000 0.000000 0.224880 0.000000 0.000000,121 121 117 180 100 141 193 140,0 0 0 0 0 1113 0 0,0.031884 0.037200 0.039688 0.028118 0.302514 0.371583 0.163600 0.025413,"[[0,0,0,0,0,121,0,0],[0,0,0,0,0,121,0,0],[0,0,0,0,0,117,0,0],[0,0,0,0,0,180,0,0],[0,0,0,0,0,100,0,0],[0,0,0,0,0,141,0,0],[0,0,0,0,0,193,0,0],[0,0,0,0,0,140,0,0]]",outputs/prediction_diagnostics_4models_c3_b001_by_dataset/chaoshengmnist_224/merged/small/chaoshengmnist_224/convnext/clients_3/beta_0p01/seed_42/breadcrumbs/merged.pt,outputs/prediction_diagnostics_4models_c3_b001_by_dataset/chaoshengmnist_224/merged/small/chaoshengmnist_224/convnext/clients_3/beta_0p01/seed_42/breadcrumbs,2026-07-06T10:28:25,My_merge_ret/reports/prediction_diagnostics_4models_c3_b001_by_dataset_chaoshengmnist_224.csv
OK,,4.81,merge,small,chaoshengmnist_224,convnext,3,0.01,42,dare_linear,,test,0.1734052111410602,0.125,0.036944869831546705,0.021675651392632524,2.4878561426044477,1113,8,6,0.1734052111410602,6,1.0,5.766839378238342,0.8265947888589398,1.0,1,-0.0,0.7509568540882359,0.5122416891284816,0.8265947888589398,0.410179097939244,0.000000 0.000000 0.000000 0.000000 0.000000 0.000000 1.000000 0.000000,0.000000 0.000000 0.000000 0.000000 0.000000 0.000000 0.173405 0.000000,0.000000 0.000000 0.000000 0.000000 0.000000 0.000000 0.295559 0.000000,121 121 117 180 100 141 193 140,0 0 0 0 0 0 1113 0,0.020587 0.059237 0.049864 0.040231 0.161106 0.083245 0.512326 0.073403,"[[0,0,0,0,0,0,121,0],[0,0,0,0,0,0,121,0],[0,0,0,0,0,0,117,0],[0,0,0,0,0,0,180,0],[0,0,0,0,0,0,100,0],[0,0,0,0,0,0,141,0],[0,0,0,0,0,0,193,0],[0,0,0,0,0,0,140,0]]",outputs/prediction_diagnostics_4models_c3_b001_by_dataset/chaoshengmnist_224/merged/small/chaoshengmnist_224/convnext/clients_3/beta_0p01/seed_42/dare_linear/merged.pt,outputs/prediction_diagnostics_4models_c3_b001_by_dataset/chaoshengmnist_224/merged/small/chaoshengmnist_224/convnext/clients_3/beta_0p01/seed_42/dare_linear,2026-07-06T10:27:58,My_merge_ret/reports/prediction_diagnostics_4models_c3_b001_by_dataset_chaoshengmnist_224.csv
OK,,6.80,merge,small,chaoshengmnist_224,convnext,3,0.01,42,dare_ties,,test,0.1734052111410602,0.125,0.036944869831546705,0.021675651392632524,2.7721191844957325,1113,8,6,0.1734052111410602,6,1.0,5.766839378238342,0.8265947888589398,1.0,1,-0.0,0.7449001640996493,0.3908636567834681,0.8265947888589398,0.3884499286938021,0.000000 0.000000 0.000000 0.000000 0.000000 0.000000 1.000000 0.000000,0.000000 0.000000 0.000000 0.000000 0.000000 0.000000 0.173405 0.000000,0.000000 0.000000 0.000000 0.000000 0.000000 0.000000 0.295559 0.000000,121 121 117 180 100 141 193 140,0 0 0 0 0 0 1113 0,0.010200 0.139307 0.095040 0.080694 0.013307 0.004403 0.390911 0.266139,"[[0,0,0,0,0,0,121,0],[0,0,0,0,0,0,121,0],[0,0,0,0,0,0,117,0],[0,0,0,0,0,0,180,0],[0,0,0,0,0,0,100,0],[0,0,0,0,0,0,141,0],[0,0,0,0,0,0,193,0],[0,0,0,0,0,0,140,0]]",outputs/prediction_diagnostics_4models_c3_b001_by_dataset/chaoshengmnist_224/merged/small/chaoshengmnist_224/convnext/clients_3/beta_0p01/seed_42/dare_ties/merged.pt,outputs/prediction_diagnostics_4models_c3_b001_by_dataset/chaoshengmnist_224/merged/small/chaoshengmnist_224/convnext/clients_3/beta_0p01/seed_42/dare_ties,2026-07-06T10:28:03,My_merge_ret/reports/prediction_diagnostics_4models_c3_b001_by_dataset_chaoshengmnist_224.csv
OK,,35.41,merge,small,chaoshengmnist_224,convnext,3,0.01,42,fisher,,test,0.1734052111410602,0.125,0.036944869831546705,0.021675651392632524,2.825705090408805,1113,8,6,0.1734052111410602,6,1.0,5.766839378238342,0.8265947888589398,1.0,1,-0.0,0.6720373493322467,0.5258802223719676,0.8265947888589398,0.47713452461658573,0.000000 0.000000 0.000000 0.000000 0.000000 0.000000 1.000000 0.000000,0.000000 0.000000 0.000000 0.000000 0.000000 0.000000 0.173405 0.000000,0.000000 0.000000 0.000000 0.000000 0.000000 0.000000 0.295559 0.000000,121 121 117 180 100 141 193 140,0 0 0 0 0 0 1113 0,0.199544 0.056525 0.138971 0.024515 0.013184 0.008782 0.525861 0.032617,"[[0,0,0,0,0,0,121,0],[0,0,0,0,0,0,121,0],[0,0,0,0,0,0,117,0],[0,0,0,0,0,0,180,0],[0,0,0,0,0,0,100,0],[0,0,0,0,0,0,141,0],[0,0,0,0,0,0,193,0],[0,0,0,0,0,0,140,0]]",outputs/prediction_diagnostics_4models_c3_b001_by_dataset/chaoshengmnist_224/merged/small/chaoshengmnist_224/convnext/clients_3/beta_0p01/seed_42/fisher/merged.pt,outputs/prediction_diagnostics_4models_c3_b001_by_dataset/chaoshengmnist_224/merged/small/chaoshengmnist_224/convnext/clients_3/beta_0p01/seed_42/fisher,2026-07-06T10:42:33,My_merge_ret/reports/prediction_diagnostics_4models_c3_b001_by_dataset_chaoshengmnist_224.csv
OK,,4.43,merge,small,chaoshengmnist_224,convnext,3,0.01,42,free_merge,,test,0.1734052111410602,0.125,0.036944869831546705,0.021675651392632524,2.451359641734052,1113,8,6,0.1734052111410602,6,1.0,5.766839378238342,0.8265947888589398,1.0,1,-0.0,0.7696914968063131,0.49876460017969454,0.8265947888589398,0.3665588114908198,0.000000 0.000000 0.000000 0.000000 0.000000 0.000000 1.000000 0.000000,0.000000 0.000000 0.000000 0.000000 0.000000 0.000000 0.173405 0.000000,0.000000 0.000000 0.000000 0.000000 0.000000 0.000000 0.295559 0.000000,121 121 117 180 100 141 193 140,0 0 0 0 0 0 1113 0,0.018342 0.079693 0.044315 0.043829 0.131113 0.105430 0.498698 0.078579,"[[0,0,0,0,0,0,121,0],[0,0,0,0,0,0,121,0],[0,0,0,0,0,0,117,0],[0,0,0,0,0,0,180,0],[0,0,0,0,0,0,100,0],[0,0,0,0,0,0,141,0],[0,0,0,0,0,0,193,0],[0,0,0,0,0,0,140,0]]",outputs/prediction_diagnostics_4models_c3_b001_by_dataset/chaoshengmnist_224/merged/small/chaoshengmnist_224/convnext/clients_3/beta_0p01/seed_42/free_merge/merged.pt,outputs/prediction_diagnostics_4models_c3_b001_by_dataset/chaoshengmnist_224/merged/small/chaoshengmnist_224/convnext/clients_3/beta_0p01/seed_42/free_merge,2026-07-06T10:28:50,My_merge_ret/reports/prediction_diagnostics_4models_c3_b001_by_dataset_chaoshengmnist_224.csv
OK,,3.69,merge,small,chaoshengmnist_224,convnext,3,0.01,42,from,,test,0.1734052111410602,0.125,0.036944869831546705,0.021675651392632524,2.7757260167480906,1113,8,6,0.1734052111410602,6,1.0,5.766839378238342,0.8265947888589398,1.0,1,-0.0,0.6090171300341024,0.6518418688230009,0.8265947888589398,0.4784251107609061,0.000000 0.000000 0.000000 0.000000 0.000000 0.000000 1.000000 0.000000,0.000000 0.000000 0.000000 0.000000 0.000000 0.000000 0.173405 0.000000,0.000000 0.000000 0.000000 0.000000 0.000000 0.000000 0.295559 0.000000,121 121 117 180 100 141 193 140,0 0 0 0 0 0 1113 0,0.005513 0.051056 0.041748 0.028551 0.083003 0.084142 0.651830 0.054158,"[[0,0,0,0,0,0,121,0],[0,0,0,0,0,0,121,0],[0,0,0,0,0,0,117,0],[0,0,0,0,0,0,180,0],[0,0,0,0,0,0,100,0],[0,0,0,0,0,0,141,0],[0,0,0,0,0,0,193,0],[0,0,0,0,0,0,140,0]]",outputs/prediction_diagnostics_4models_c3_b001_by_dataset/chaoshengmnist_224/merged/small/chaoshengmnist_224/convnext/clients_3/beta_0p01/seed_42/from/merged.pt,outputs/prediction_diagnostics_4models_c3_b001_by_dataset/chaoshengmnist_224/merged/small/chaoshengmnist_224/convnext/clients_3/beta_0p01/seed_42/from,2026-07-06T10:28:41,My_merge_ret/reports/prediction_diagnostics_4models_c3_b001_by_dataset_chaoshengmnist_224.csv
OK,,4.88,merge,small,chaoshengmnist_224,convnext,3,0.01,42,iso_c,,test,0.1734052111410602,0.125,0.036944869831546705,0.021675651392632524,2.3022052939690028,1113,8,6,0.1734052111410602,6,1.0,5.766839378238342,0.8265947888589398,1.0,1,-0.0,0.8597005267009099,0.39235175202156336,0.8265947888589398,0.287833069075107,0.000000 0.000000 0.000000 0.000000 0.000000 0.000000 1.000000 0.000000,0.000000 0.000000 0.000000 0.000000 0.000000 0.000000 0.173405 0.000000,0.000000 0.000000 0.000000 0.000000 0.000000 0.000000 0.295559 0.000000,121 121 117 180 100 141 193 140,0 0 0 0 0 0 1113 0,0.029769 0.102227 0.061734 0.055965 0.158739 0.113936 0.392346 0.085283,"[[0,0,0,0,0,0,121,0],[0,0,0,0,0,0,121,0],[0,0,0,0,0,0,117,0],[0,0,0,0,0,0,180,0],[0,0,0,0,0,0,100,0],[0,0,0,0,0,0,141,0],[0,0,0,0,0,0,193,0],[0,0,0,0,0,0,140,0]]",outputs/prediction_diagnostics_4models_c3_b001_by_dataset/chaoshengmnist_224/merged/small/chaoshengmnist_224/convnext/clients_3/beta_0p01/seed_42/iso_c/merged.pt,outputs/prediction_diagnostics_4models_c3_b001_by_dataset/chaoshengmnist_224/merged/small/chaoshengmnist_224/convnext/clients_3/beta_0p01/seed_42/iso_c,2026-07-06T10:28:45,My_merge_ret/reports/prediction_diagnostics_4models_c3_b001_by_dataset_chaoshengmnist_224.csv
OK,,3.93,merge,small,chaoshengmnist_224,convnext,3,0.01,42,model_stock,,test,0.1734052111410602,0.125,0.036944869831546705,0.021675651392632524,2.419567399483378,1113,8,6,0.1734052111410602,6,1.0,5.766839378238342,0.8265947888589398,1.0,1,-0.0,0.7946675159909254,0.46630727762803237,0.8265947888589398,0.3467549311220415,0.000000 0.000000 0.000000 0.000000 0.000000 0.000000 1.000000 0.000000,0.000000 0.000000 0.000000 0.000000 0.000000 0.000000 0.173405 0.000000,0.000000 0.000000 0.000000 0.000000 0.000000 0.000000 0.295559 0.000000,121 121 117 180 100 141 193 140,0 0 0 0 0 0 1113 0,0.020667 0.067948 0.062942 0.041916 0.139857 0.130552 0.466283 0.069835,"[[0,0,0,0,0,0,121,0],[0,0,0,0,0,0,121,0],[0,0,0,0,0,0,117,0],[0,0,0,0,0,0,180,0],[0,0,0,0,0,0,100,0],[0,0,0,0,0,0,141,0],[0,0,0,0,0,0,193,0],[0,0,0,0,0,0,140,0]]",outputs/prediction_diagnostics_4models_c3_b001_by_dataset/chaoshengmnist_224/merged/small/chaoshengmnist_224/convnext/clients_3/beta_0p01/seed_42/model_stock/merged.pt,outputs/prediction_diagnostics_4models_c3_b001_by_dataset/chaoshengmnist_224/merged/small/chaoshengmnist_224/convnext/clients_3/beta_0p01/seed_42/model_stock,2026-07-06T10:28:37,My_merge_ret/reports/prediction_diagnostics_4models_c3_b001_by_dataset_chaoshengmnist_224.csv
OK,,3.68,merge,small,chaoshengmnist_224,convnext,3,0.01,42,my_merge,,test,0.4276729559748428,0.41623927599550464,0.4075621994271988,0.4361807238884307,9.59265476716925,1113,8,6,0.1734052111410602,6,0.2165318957771788,1.2487046632124352,0.0431266846361186,7.256004830590091,8,0.9530584721073551,0.9508392913390361,0.925033692722372,0.18059299191374661,0.1843372011321553,0.355372 0.553719 0.264957 0.744444 0.510000 0.184397 0.445596 0.271429,0.349593 0.325243 0.476923 0.837500 0.307229 0.361111 0.356846 0.475000,0.352459 0.409786 0.340659 0.788235 0.383459 0.244131 0.396313 0.345455,121 121 117 180 100 141 193 140,123 206 65 160 166 72 241 80,0.105778 0.186862 0.056148 0.143176 0.149546 0.060994 0.219897 0.077598,"[[43,49,1,0,2,0,25,1],[31,67,1,1,4,0,16,1],[10,12,31,0,30,10,19,5],[2,7,5,134,9,8,12,3],[5,6,9,1,51,7,18,3],[8,22,5,9,27,26,35,9],[16,14,6,9,31,11,86,20],[8,29,7,6,12,10,30,38]]",outputs/prediction_diagnostics_4models_c3_b001_by_dataset/chaoshengmnist_224/merged/small/chaoshengmnist_224/convnext/clients_3/beta_0p01/seed_42/my_merge/merged.pt,outputs/prediction_diagnostics_4models_c3_b001_by_dataset/chaoshengmnist_224/merged/small/chaoshengmnist_224/convnext/clients_3/beta_0p01/seed_42/my_merge,2026-07-06T10:28:59,My_merge_ret/reports/prediction_diagnostics_4models_c3_b001_by_dataset_chaoshengmnist_224.csv
OK,,13.49,merge,small,chaoshengmnist_224,convnext,3,0.01,42,regmean,,test,0.1734052111410602,0.125,0.036944869831546705,0.021675651392632524,3.7915631865769597,1113,8,6,0.1734052111410602,6,1.0,5.766839378238342,0.8265947888589398,1.0,1,-0.0,0.25056055637276,0.8960017969451932,0.8265947888589398,0.7224763411289743,0.000000 0.000000 0.000000 0.000000 0.000000 0.000000 1.000000 0.000000,0.000000 0.000000 0.000000 0.000000 0.000000 0.000000 0.173405 0.000000,0.000000 0.000000 0.000000 0.000000 0.000000 0.000000 0.295559 0.000000,121 121 117 180 100 141 193 140,0 0 0 0 0 0 1113 0,0.000413 0.018444 0.013766 0.015651 0.018095 0.022889 0.895882 0.014861,"[[0,0,0,0,0,0,121,0],[0,0,0,0,0,0,121,0],[0,0,0,0,0,0,117,0],[0,0,0,0,0,0,180,0],[0,0,0,0,0,0,100,0],[0,0,0,0,0,0,141,0],[0,0,0,0,0,0,193,0],[0,0,0,0,0,0,140,0]]",outputs/prediction_diagnostics_4models_c3_b001_by_dataset/chaoshengmnist_224/merged/small/chaoshengmnist_224/convnext/clients_3/beta_0p01/seed_42/regmean/merged.pt,outputs/prediction_diagnostics_4models_c3_b001_by_dataset/chaoshengmnist_224/merged/small/chaoshengmnist_224/convnext/clients_3/beta_0p01/seed_42/regmean,2026-07-06T10:28:10,My_merge_ret/reports/prediction_diagnostics_4models_c3_b001_by_dataset_chaoshengmnist_224.csv
OK,,4.41,merge,small,chaoshengmnist_224,convnext,3,0.01,42,robustmerge,,test,0.08984725965858041,0.125,0.020610057708161583,0.011230907457322551,2.657277452549416,1113,8,6,0.1734052111410602,4,1.0,5.766839378238342,0.8265947888589398,1.0,1,-0.0,0.7700225879695939,0.3039645103324349,0.9101527403414196,0.45052871343371587,0.000000 0.000000 0.000000 0.000000 1.000000 0.000000 0.000000 0.000000,0.000000 0.000000 0.000000 0.000000 0.089847 0.000000 0.000000 0.000000,0.000000 0.000000 0.000000 0.000000 0.164880 0.000000 0.000000 0.000000,121 121 117 180 100 141 193 140,0 0 0 0 1113 0 0 0,0.020184 0.059843 0.020944 0.025974 0.304012 0.249130 0.287324 0.032589,"[[0,0,0,0,121,0,0,0],[0,0,0,0,121,0,0,0],[0,0,0,0,117,0,0,0],[0,0,0,0,180,0,0,0],[0,0,0,0,100,0,0,0],[0,0,0,0,141,0,0,0],[0,0,0,0,193,0,0,0],[0,0,0,0,140,0,0,0]]",outputs/prediction_diagnostics_4models_c3_b001_by_dataset/chaoshengmnist_224/merged/small/chaoshengmnist_224/convnext/clients_3/beta_0p01/seed_42/robustmerge/merged.pt,outputs/prediction_diagnostics_4models_c3_b001_by_dataset/chaoshengmnist_224/merged/small/chaoshengmnist_224/convnext/clients_3/beta_0p01/seed_42/robustmerge,2026-07-06T10:28:55,My_merge_ret/reports/prediction_diagnostics_4models_c3_b001_by_dataset_chaoshengmnist_224.csv
OK,,5.40,merge,small,chaoshengmnist_224,convnext,3,0.01,42,ties,,test,0.1734052111410602,0.125,0.036944869831546705,0.021675651392632524,2.3641735806940702,1113,8,6,0.1734052111410602,6,1.0,5.766839378238342,0.8265947888589398,1.0,1,-0.0,0.8657165835948845,0.2639122866127583,0.8265947888589398,0.31547048747348927,0.000000 0.000000 0.000000 0.000000 0.000000 0.000000 1.000000 0.000000,0.000000 0.000000 0.000000 0.000000 0.000000 0.000000 0.173405 0.000000,0.000000 0.000000 0.000000 0.000000 0.000000 0.000000 0.295559 0.000000,121 121 117 180 100 141 193 140,0 0 0 0 0 0 1113 0,0.036463 0.181372 0.156106 0.086757 0.026373 0.021909 0.263878 0.227142,"[[0,0,0,0,0,0,121,0],[0,0,0,0,0,0,121,0],[0,0,0,0,0,0,117,0],[0,0,0,0,0,0,180,0],[0,0,0,0,0,0,100,0],[0,0,0,0,0,0,141,0],[0,0,0,0,0,0,193,0],[0,0,0,0,0,0,140,0]]",outputs/prediction_diagnostics_4models_c3_b001_by_dataset/chaoshengmnist_224/merged/small/chaoshengmnist_224/convnext/clients_3/beta_0p01/seed_42/ties/merged.pt,outputs/prediction_diagnostics_4models_c3_b001_by_dataset/chaoshengmnist_224/merged/small/chaoshengmnist_224/convnext/clients_3/beta_0p01/seed_42/ties,2026-07-06T10:27:53,My_merge_ret/reports/prediction_diagnostics_4models_c3_b001_by_dataset_chaoshengmnist_224.csv
OK,,2.28,client,small,chaoshengmnist_224,resnet,3,0.01,42,client_0,0,test,0.1554357592093441,0.14873704663212436,0.0698583600699696,0.15749622217307974,5.377067024388618,1113,8,6,0.1734052111410602,5,0.9559748427672956,5.512953367875648,0.7825696316262354,1.2307819215170517,3,0.09985838591545249,0.1701591933048155,0.950696316262354,0.8292902066486973,0.7979255194433879,0.000000 0.000000 0.000000 0.000000 0.050000 1.000000 0.139896 0.000000,0.000000 0.000000 0.000000 0.000000 0.333333 0.132519 0.794118 0.000000,0.000000 0.000000 0.000000 0.000000 0.086957 0.234025 0.237885 0.000000,121 121 117 180 100 141 193 140,0 0 0 0 15 1064 34 0,0.002117 0.002096 0.001480 0.001874 0.026597 0.924610 0.039839 0.001385,"[[0,0,0,0,0,121,0,0],[0,0,0,0,0,118,3,0],[0,0,0,0,8,109,0,0],[0,0,0,0,1,179,0,0],[0,0,0,0,5,94,1,0],[0,0,0,0,0,141,0,0],[0,0,0,0,1,165,27,0],[0,0,0,0,0,137,3,0]]",/data2/liyapeng_grp/program/MedMNISTMerge/model_hub/small/chaoshengmnist_224/resnet/clients_3/beta_0p01/seed_42/client_0.pt,,2026-07-06T10:29:03,My_merge_ret/reports/prediction_diagnostics_4models_c3_b001_by_dataset_chaoshengmnist_224.csv
OK,,2.27,client,small,chaoshengmnist_224,resnet,3,0.01,42,client_1,1,test,0.1527403414195867,0.17561983471074383,0.06833197193926581,0.04539629031255825,2.96728164659142,1113,8,6,0.1734052111410602,1,0.7610062893081762,4.3886010362694305,0.5876010781671159,1.7331095460606725,2,0.2644542823252208,0.6495726329695698,0.5760613207547169,0.7825696316262354,0.5981951681002962,0.520661 0.884298 0.000000 0.000000 0.000000 0.000000 0.000000 0.000000,0.236842 0.126328 0.000000 0.000000 0.000000 0.000000 0.000000 0.000000,0.325581 0.221074 0.000000 0.000000 0.000000 0.000000 0.000000 0.000000,121 121 117 180 100 141 193 140,266 847 0 0 0 0 0 0,0.313712 0.501913 0.027135 0.031180 0.030393 0.028585 0.029631 0.037450,"[[63,58,0,0,0,0,0,0],[14,107,0,0,0,0,0,0],[35,82,0,0,0,0,0,0],[17,163,0,0,0,0,0,0],[34,66,0,0,0,0,0,0],[25,116,0,0,0,0,0,0],[56,137,0,0,0,0,0,0],[22,118,0,0,0,0,0,0]]",/data2/liyapeng_grp/program/MedMNISTMerge/model_hub/small/chaoshengmnist_224/resnet/clients_3/beta_0p01/seed_42/client_1.pt,,2026-07-06T10:29:05,My_merge_ret/reports/prediction_diagnostics_4models_c3_b001_by_dataset_chaoshengmnist_224.csv
OK,,2.24,client,small,chaoshengmnist_224,resnet,3,0.01,42,client_2,2,test,0.28751123090745734,0.28104792280781443,0.20041633386266466,0.3408900908092804,2.628530380646602,1113,8,6,0.1734052111410602,7,0.5112309074573226,2.9481865284974096,0.33782569631626236,2.892393464964943,5,0.5107546072570145,0.8038518881371286,0.5478155884995508,0.6486972147349506,0.4084677047223726,0.000000 0.099174 0.700855 0.477778 0.000000 0.000000 0.077720 0.892857,0.000000 0.750000 0.200000 0.905263 0.000000 0.000000 0.652174 0.219684,0.000000 0.175182 0.311195 0.625455 0.000000 0.000000 0.138889 0.352609,121 121 117 180 100 141 193 140,0 16 410 95 0 0 23 569,0.028277 0.069786 0.371578 0.103966 0.022653 0.030068 0.105875 0.267797,"[[0,4,37,0,0,0,1,79],[0,12,22,2,0,0,0,85],[0,0,82,0,0,0,3,32],[0,0,28,86,0,0,2,64],[0,0,71,0,0,0,0,29],[0,0,54,0,0,0,1,86],[0,0,103,6,0,0,15,69],[0,0,13,1,0,0,1,125]]",/data2/liyapeng_grp/program/MedMNISTMerge/model_hub/small/chaoshengmnist_224/resnet/clients_3/beta_0p01/seed_42/client_2.pt,,2026-07-06T10:29:07,My_merge_ret/reports/prediction_diagnostics_4models_c3_b001_by_dataset_chaoshengmnist_224.csv
OK,,2.50,merge,small,chaoshengmnist_224,resnet,3,0.01,42,avg,,test,0.30098831985624436,0.2739586785970366,0.1643104286326939,0.23390971773324715,1.9660080792340522,1113,8,6,0.1734052111410602,6,0.3971248876909254,2.290155440414508,0.22371967654986522,3.0308865627880555,4,0.5332466190934632,0.9834707847988688,0.19151504941599282,0.5876010781671159,0.11852865799654898,0.000000 0.801653 0.000000 0.000000 0.040000 0.510638 0.839378 0.000000,0.000000 0.281159 0.000000 0.000000 1.000000 0.223602 0.366516 0.000000,0.000000 0.416309 0.000000 0.000000 0.076923 0.311015 0.510236 0.000000,121 121 117 180 100 141 193 140,0 345 0 0 4 322 442 0,0.121710 0.159327 0.086991 0.081493 0.109837 0.161617 0.171477 0.107547,"[[0,78,0,0,0,23,20,0],[0,97,0,0,0,13,11,0],[0,46,0,0,0,31,40,0],[0,23,0,0,0,106,51,0],[0,11,0,0,4,24,61,0],[0,39,0,0,0,72,30,0],[0,17,0,0,0,14,162,0],[0,34,0,0,0,39,67,0]]",outputs/prediction_diagnostics_4models_c3_b001_by_dataset/chaoshengmnist_224/merged/small/chaoshengmnist_224/resnet/clients_3/beta_0p01/seed_42/avg/merged.pt,outputs/prediction_diagnostics_4models_c3_b001_by_dataset/chaoshengmnist_224/merged/small/chaoshengmnist_224/resnet/clients_3/beta_0p01/seed_42/avg,2026-07-06T10:29:09,My_merge_ret/reports/prediction_diagnostics_4models_c3_b001_by_dataset_chaoshengmnist_224.csv
OK,,5.72,merge,small,chaoshengmnist_224,resnet,3,0.01,42,breadcrumbs,,test,0.12848158131176998,0.12706611570247933,0.03213112305854241,0.03389444949954504,2.0912748132861636,1113,8,6,0.1734052111410602,5,0.9874213836477987,5.694300518134715,0.8140161725067385,1.069873204066876,2,0.03247994195854731,0.9972640007294798,0.14745479559748428,0.8607367475292005,0.11828157510305218,0.000000 0.016529 0.000000 0.000000 0.000000 1.000000 0.000000 0.000000,0.000000 0.142857 0.000000 0.000000 0.000000 0.128298 0.000000 0.000000,0.000000 0.029630 0.000000 0.000000 0.000000 0.227419 0.000000 0.000000,121 121 117 180 100 141 193 140,0 14 0 0 0 1099 0 0,0.134005 0.137408 0.113613 0.125863 0.124910 0.147430 0.109966 0.106807,"[[0,1,0,0,0,120,0,0],[0,2,0,0,0,119,0,0],[0,1,0,0,0,116,0,0],[0,3,0,0,0,177,0,0],[0,0,0,0,0,100,0,0],[0,0,0,0,0,141,0,0],[0,2,0,0,0,191,0,0],[0,5,0,0,0,135,0,0]]",outputs/prediction_diagnostics_4models_c3_b001_by_dataset/chaoshengmnist_224/merged/small/chaoshengmnist_224/resnet/clients_3/beta_0p01/seed_42/breadcrumbs/merged.pt,outputs/prediction_diagnostics_4models_c3_b001_by_dataset/chaoshengmnist_224/merged/small/chaoshengmnist_224/resnet/clients_3/beta_0p01/seed_42/breadcrumbs,2026-07-06T10:29:38,My_merge_ret/reports/prediction_diagnostics_4models_c3_b001_by_dataset_chaoshengmnist_224.csv
OK,,3.06,merge,small,chaoshengmnist_224,resnet,3,0.01,42,dare_linear,,test,0.2641509433962264,0.22675712841425752,0.13447633613310822,0.10233633161329846,1.9778970476752022,1113,8,6,0.1734052111410602,6,0.5067385444743935,2.9222797927461137,0.33333333333333326,2.616899220910002,3,0.46261945533372567,0.9730476348643586,0.21114106019766396,0.5911949685534591,0.13864903934796188,0.000000 0.338843 0.000000 0.000000 0.000000 0.609929 0.865285 0.000000,0.000000 0.317829 0.000000 0.000000 0.000000 0.204762 0.296099 0.000000,0.000000 0.328000 0.000000 0.000000 0.000000 0.306595 0.441215 0.000000,121 121 117 180 100 141 193 140,0 129 0 0 0 420 564 0,0.128204 0.152055 0.074778 0.082094 0.094995 0.176565 0.194198 0.097111,"[[0,40,0,0,0,51,30,0],[0,41,0,0,0,49,31,0],[0,12,0,0,0,45,60,0],[0,18,0,0,0,73,89,0],[0,4,0,0,0,25,71,0],[0,11,0,0,0,86,44,0],[0,0,0,0,0,26,167,0],[0,3,0,0,0,65,72,0]]",outputs/prediction_diagnostics_4models_c3_b001_by_dataset/chaoshengmnist_224/merged/small/chaoshengmnist_224/resnet/clients_3/beta_0p01/seed_42/dare_linear/merged.pt,outputs/prediction_diagnostics_4models_c3_b001_by_dataset/chaoshengmnist_224/merged/small/chaoshengmnist_224/resnet/clients_3/beta_0p01/seed_42/dare_linear,2026-07-06T10:29:15,My_merge_ret/reports/prediction_diagnostics_4models_c3_b001_by_dataset_chaoshengmnist_224.csv
OK,,3.54,merge,small,chaoshengmnist_224,resnet,3,0.01,42,dare_ties,,test,0.4115004492362983,0.3752921353711459,0.3020554289726998,0.35071076812204827,2.2333491103454204,1113,8,6,0.1734052111410602,1,0.31176999101527403,1.7979274611398963,0.13836477987421383,4.578718617058462,7,0.7316479692028581,0.855017568557698,0.54161051212938,0.37825696316262347,0.25593358685916684,0.008264 0.826446 0.512821 0.761111 0.000000 0.007092 0.658031 0.228571,0.100000 0.288184 0.540541 0.554656 0.000000 0.500000 0.395639 0.426667,0.015267 0.427350 0.526316 0.641686 0.000000 0.013986 0.494163 0.297674,121 121 117 180 100 141 193 140,10 347 111 247 0 2 321 75,0.086949 0.253428 0.111328 0.212496 0.005340 0.016612 0.227649 0.086199,"[[1,91,2,10,0,0,10,7],[0,100,1,3,0,0,15,2],[0,27,60,12,0,0,17,1],[3,19,2,137,0,0,17,2],[0,14,29,31,0,0,25,1],[2,35,10,23,0,1,60,10],[4,20,5,17,0,0,127,20],[0,41,2,14,0,1,50,32]]",outputs/prediction_diagnostics_4models_c3_b001_by_dataset/chaoshengmnist_224/merged/small/chaoshengmnist_224/resnet/clients_3/beta_0p01/seed_42/dare_ties/merged.pt,outputs/prediction_diagnostics_4models_c3_b001_by_dataset/chaoshengmnist_224/merged/small/chaoshengmnist_224/resnet/clients_3/beta_0p01/seed_42/dare_ties,2026-07-06T10:29:18,My_merge_ret/reports/prediction_diagnostics_4models_c3_b001_by_dataset_chaoshengmnist_224.csv
OK,,9.26,merge,small,chaoshengmnist_224,resnet,3,0.01,42,fisher,,test,0.14734950584007186,0.14466231941502786,0.0653967791185948,0.31370299009804403,2.1932099951566713,1113,8,6,0.1734052111410602,5,0.9694519317160827,5.590673575129534,0.7960467205750225,1.183446490165142,5,0.08099815857434228,0.9221164307712401,0.30136736298292904,0.8427672955974843,0.24816073324176033,0.000000 0.066116 0.034188 0.000000 0.000000 1.000000 0.056995 0.000000,0.000000 0.800000 1.000000 0.000000 0.000000 0.130677 0.578947 0.000000,0.000000 0.122137 0.066116 0.000000 0.000000 0.231148 0.103774 0.000000,121 121 117 180 100 141 193 140,1 10 4 0 0 1079 19 0,0.163229 0.132242 0.077351 0.045051 0.059242 0.296804 0.135165 0.090915,"[[0,2,0,0,0,119,0,0],[0,8,0,0,0,113,0,0],[1,0,4,0,0,110,2,0],[0,0,0,0,0,180,0,0],[0,0,0,0,0,96,4,0],[0,0,0,0,0,141,0,0],[0,0,0,0,0,182,11,0],[0,0,0,0,0,138,2,0]]",outputs/prediction_diagnostics_4models_c3_b001_by_dataset/chaoshengmnist_224/merged/small/chaoshengmnist_224/resnet/clients_3/beta_0p01/seed_42/fisher/merged.pt,outputs/prediction_diagnostics_4models_c3_b001_by_dataset/chaoshengmnist_224/merged/small/chaoshengmnist_224/resnet/clients_3/beta_0p01/seed_42/fisher,2026-07-06T10:29:29,My_merge_ret/reports/prediction_diagnostics_4models_c3_b001_by_dataset_chaoshengmnist_224.csv
OK,,2.47,merge,small,chaoshengmnist_224,resnet,3,0.01,42,free_merge,,test,0.30098831985624436,0.2739586785970366,0.1643104286326939,0.23390971773324715,1.9659957954290206,1113,8,6,0.1734052111410602,6,0.3971248876909254,2.290155440414508,0.22371967654986522,3.0308865627880555,4,0.5332466190934632,0.9834706922946949,0.19151504941599282,0.5876010781671159,0.11853018405585257,0.000000 0.801653 0.000000 0.000000 0.040000 0.510638 0.839378 0.000000,0.000000 0.281159 0.000000 0.000000 1.000000 0.223602 0.366516 0.000000,0.000000 0.416309 0.000000 0.000000 0.076923 0.311015 0.510236 0.000000,121 121 117 180 100 141 193 140,0 345 0 0 4 322 442 0,0.121710 0.159327 0.086992 0.081493 0.109836 0.161619 0.171476 0.107547,"[[0,78,0,0,0,23,20,0],[0,97,0,0,0,13,11,0],[0,46,0,0,0,31,40,0],[0,23,0,0,0,106,51,0],[0,11,0,0,4,24,61,0],[0,39,0,0,0,72,30,0],[0,17,0,0,0,14,162,0],[0,34,0,0,0,39,67,0]]",outputs/prediction_diagnostics_4models_c3_b001_by_dataset/chaoshengmnist_224/merged/small/chaoshengmnist_224/resnet/clients_3/beta_0p01/seed_42/free_merge/merged.pt,outputs/prediction_diagnostics_4models_c3_b001_by_dataset/chaoshengmnist_224/merged/small/chaoshengmnist_224/resnet/clients_3/beta_0p01/seed_42/free_merge,2026-07-06T10:29:52,My_merge_ret/reports/prediction_diagnostics_4models_c3_b001_by_dataset_chaoshengmnist_224.csv
OK,,2.51,merge,small,chaoshengmnist_224,resnet,3,0.01,42,from,,test,0.25426774483378256,0.23106245785857887,0.12128235869067894,0.3227104300720453,1.952793337264151,1113,8,6,0.1734052111410602,1,0.5633423180592992,3.2487046632124357,0.389937106918239,2.507331155582312,6,0.4420508508666375,0.9845463637904815,0.1954177897574124,0.6567834681042228,0.1109046342951975,0.000000 0.958678 0.008547 0.000000 0.000000 0.056738 0.803109 0.021429,0.000000 0.185008 1.000000 0.000000 0.000000 0.275862 0.370813 0.750000,0.000000 0.310160 0.016949 0.000000 0.000000 0.094118 0.507365 0.041667,121 121 117 180 100 141 193 140,34 627 1 0 0 29 418 4,0.139911 0.174577 0.091986 0.084591 0.098023 0.132356 0.166678 0.111878,"[[0,99,0,0,0,2,20,0],[0,116,0,0,0,0,5,0],[3,76,1,0,0,2,35,0],[13,103,0,0,0,10,54,0],[9,39,0,0,0,0,52,0],[5,86,0,0,0,8,41,1],[1,34,0,0,0,3,155,0],[3,74,0,0,0,4,56,3]]",outputs/prediction_diagnostics_4models_c3_b001_by_dataset/chaoshengmnist_224/merged/small/chaoshengmnist_224/resnet/clients_3/beta_0p01/seed_42/from/merged.pt,outputs/prediction_diagnostics_4models_c3_b001_by_dataset/chaoshengmnist_224/merged/small/chaoshengmnist_224/resnet/clients_3/beta_0p01/seed_42/from,2026-07-06T10:29:46,My_merge_ret/reports/prediction_diagnostics_4models_c3_b001_by_dataset_chaoshengmnist_224.csv
OK,,2.56,merge,small,chaoshengmnist_224,resnet,3,0.01,42,iso_c,,test,0.30098831985624436,0.27647018260783657,0.18587014500121501,0.34763589668195166,1.9677251796945192,1113,8,6,0.1734052111410602,5,0.46540880503144655,2.683937823834197,0.2920035938903863,3.0603777261017053,5,0.5379032426875249,0.989294884497998,0.18149146451033243,0.5786163522012578,0.10410910860072076,0.000000 0.669421 0.076923 0.000000 0.030000 0.673759 0.761658 0.000000,0.000000 0.286219 0.818182 0.000000 1.000000 0.183398 0.493289 0.000000,0.000000 0.400990 0.140625 0.000000 0.058252 0.288316 0.598778 0.000000,121 121 117 180 100 141 193 140,0 283 11 0 3 518 298 0,0.115052 0.154947 0.103202 0.090836 0.103891 0.164181 0.154723 0.113168,"[[0,67,0,0,0,44,10,0],[0,81,0,0,0,30,10,0],[0,31,9,0,0,59,18,0],[0,13,0,0,0,151,16,0],[0,12,2,0,3,48,35,0],[0,35,0,0,0,95,11,0],[0,13,0,0,0,33,147,0],[0,31,0,0,0,58,51,0]]",outputs/prediction_diagnostics_4models_c3_b001_by_dataset/chaoshengmnist_224/merged/small/chaoshengmnist_224/resnet/clients_3/beta_0p01/seed_42/iso_c/merged.pt,outputs/prediction_diagnostics_4models_c3_b001_by_dataset/chaoshengmnist_224/merged/small/chaoshengmnist_224/resnet/clients_3/beta_0p01/seed_42/iso_c,2026-07-06T10:29:49,My_merge_ret/reports/prediction_diagnostics_4models_c3_b001_by_dataset_chaoshengmnist_224.csv
OK,,2.51,merge,small,chaoshengmnist_224,resnet,3,0.01,42,model_stock,,test,0.18778077268643306,0.17900144498269394,0.10431868315926923,0.10837176209663303,2.0484683849955077,1113,8,6,0.1734052111410602,5,0.7475292003593891,4.310880829015544,0.5741239892183289,2.0666757216872362,3,0.3491040119591273,0.9933941082809947,0.1620830525606469,0.6801437556154537,0.11271646620680623,0.000000 0.305785 0.000000 0.000000 0.000000 0.872340 0.253886 0.000000,0.000000 0.197861 0.000000 0.000000 0.000000 0.147837 0.521277 0.000000,0.000000 0.240260 0.000000 0.000000 0.000000 0.252826 0.341463 0.000000,121 121 117 180 100 141 193 140,0 187 0 0 0 832 94 0,0.124733 0.148084 0.099729 0.101970 0.113967 0.159895 0.140566 0.111056,"[[0,27,0,0,0,92,2,0],[0,37,0,0,0,80,4,0],[0,27,0,0,0,82,8,0],[0,23,0,0,0,149,8,0],[0,13,0,0,0,73,14,0],[0,16,0,0,0,123,2,0],[0,22,0,0,0,122,49,0],[0,22,0,0,0,111,7,0]]",outputs/prediction_diagnostics_4models_c3_b001_by_dataset/chaoshengmnist_224/merged/small/chaoshengmnist_224/resnet/clients_3/beta_0p01/seed_42/model_stock/merged.pt,outputs/prediction_diagnostics_4models_c3_b001_by_dataset/chaoshengmnist_224/merged/small/chaoshengmnist_224/resnet/clients_3/beta_0p01/seed_42/model_stock,2026-07-06T10:29:44,My_merge_ret/reports/prediction_diagnostics_4models_c3_b001_by_dataset_chaoshengmnist_224.csv
OK,,2.45,merge,small,chaoshengmnist_224,resnet,3,0.01,42,my_merge,,test,0.47619047619047616,0.4677455811516153,0.4538952725225752,0.46127868825488255,1.6917701577240567,1113,8,6,0.1734052111410602,0,0.18957771787960467,1.0932642487046633,0.01617250673854448,7.6216899665304,8,0.9767036412347453,0.9923664591578218,0.585776055705301,0.1266846361185984,0.08341031023862458,0.578512 0.644628 0.324786 0.883333 0.410000 0.326241 0.331606 0.242857,0.331754 0.509804 0.376238 0.823834 0.418367 0.312925 0.492308 0.425000,0.421687 0.569343 0.348624 0.852547 0.414141 0.319444 0.396285 0.309091,121 121 117 180 100 141 193 140,211 153 101 193 98 147 130 80,0.155304 0.124176 0.104638 0.168227 0.104706 0.121452 0.118067 0.103430,"[[70,24,3,1,0,10,8,5],[29,78,2,1,2,3,5,1],[23,6,38,0,12,17,14,7],[4,4,3,159,0,3,4,3],[13,2,10,0,41,16,13,5],[18,11,15,9,14,46,9,19],[39,11,17,11,20,25,64,6],[15,17,13,12,9,27,13,34]]",outputs/prediction_diagnostics_4models_c3_b001_by_dataset/chaoshengmnist_224/merged/small/chaoshengmnist_224/resnet/clients_3/beta_0p01/seed_42/my_merge/merged.pt,outputs/prediction_diagnostics_4models_c3_b001_by_dataset/chaoshengmnist_224/merged/small/chaoshengmnist_224/resnet/clients_3/beta_0p01/seed_42/my_merge,2026-07-06T10:29:57,My_merge_ret/reports/prediction_diagnostics_4models_c3_b001_by_dataset_chaoshengmnist_224.csv
OK,,7.05,merge,small,chaoshengmnist_224,resnet,3,0.01,42,regmean,,test,0.26235399820305483,0.262191469577282,0.20987394787554545,0.47113538602477656,1.9351770447270888,1113,8,6,0.1734052111410602,5,0.5768194070080862,3.326424870466321,0.403414195867026,3.366898686390794,8,0.5838067698568219,0.9645106678261675,0.28153077268643306,0.5813117699910153,0.1784977568985336,0.000000 0.561983 0.324786 0.027778 0.040000 0.780142 0.305699 0.057143,0.000000 0.254682 0.469136 1.000000 0.800000 0.171340 0.766234 0.307692,0.000000 0.350515 0.383838 0.054054 0.076190 0.280971 0.437037 0.096386,121 121 117 180 100 141 193 140,10 267 81 5 5 642 77 26,0.105405 0.169278 0.100748 0.054934 0.105458 0.229009 0.128387 0.106781,"[[0,60,0,0,0,55,1,5],[0,68,1,0,0,51,1,0],[1,32,38,0,0,45,0,1],[2,28,2,5,0,140,1,2],[2,19,31,0,4,40,2,2],[2,17,5,0,0,110,1,6],[1,29,3,0,1,98,59,2],[2,14,1,0,0,103,12,8]]",outputs/prediction_diagnostics_4models_c3_b001_by_dataset/chaoshengmnist_224/merged/small/chaoshengmnist_224/resnet/clients_3/beta_0p01/seed_42/regmean/merged.pt,outputs/prediction_diagnostics_4models_c3_b001_by_dataset/chaoshengmnist_224/merged/small/chaoshengmnist_224/resnet/clients_3/beta_0p01/seed_42/regmean,2026-07-06T10:29:22,My_merge_ret/reports/prediction_diagnostics_4models_c3_b001_by_dataset_chaoshengmnist_224.csv
OK,,2.51,merge,small,chaoshengmnist_224,resnet,3,0.01,42,robustmerge,,test,0.14734950584007186,0.15230648035865213,0.06861532415034446,0.1660794065793164,2.0781342128537736,1113,8,6,0.1734052111410602,5,0.954177897574124,5.5025906735751295,0.7807726864330637,1.2197212625570268,3,0.09551716427036264,0.9516796094416586,0.2861635220125786,0.8274932614555255,0.2112957460235486,0.000000 0.000000 0.000000 0.000000 0.210000 0.992908 0.015544 0.000000,0.000000 0.000000 0.000000 0.000000 0.446809 0.131827 0.750000 0.000000,0.000000 0.000000 0.000000 0.000000 0.285714 0.232751 0.030457 0.000000,121 121 117 180 100 141 193 140,0 0 0 0 47 1062 4 0,0.112932 0.099267 0.079638 0.089430 0.138983 0.284628 0.100430 0.094691,"[[0,0,0,0,0,121,0,0],[0,0,0,0,1,120,0,0],[0,0,0,0,11,106,0,0],[0,0,0,0,2,178,0,0],[0,0,0,0,21,79,0,0],[0,0,0,0,1,140,0,0],[0,0,0,0,10,180,3,0],[0,0,0,0,1,138,1,0]]",outputs/prediction_diagnostics_4models_c3_b001_by_dataset/chaoshengmnist_224/merged/small/chaoshengmnist_224/resnet/clients_3/beta_0p01/seed_42/robustmerge/merged.pt,outputs/prediction_diagnostics_4models_c3_b001_by_dataset/chaoshengmnist_224/merged/small/chaoshengmnist_224/resnet/clients_3/beta_0p01/seed_42/robustmerge,2026-07-06T10:29:54,My_merge_ret/reports/prediction_diagnostics_4models_c3_b001_by_dataset_chaoshengmnist_224.csv
OK,,3.33,merge,small,chaoshengmnist_224,resnet,3,0.01,42,ties,,test,0.38274932614555257,0.3695302953575445,0.27801013235505445,0.31249639272392105,2.2005408904837362,1113,8,6,0.1734052111410602,1,0.42048517520215634,2.4248704663212437,0.24707996406109614,3.9113659661886833,5,0.6558908426214816,0.8508354042296589,0.47560085354896675,0.5130278526504941,0.3313588286621799,0.000000 0.917355 0.769231 0.755556 0.000000 0.000000 0.321244 0.192857,0.000000 0.237179 0.327273 0.552846 0.000000 0.000000 0.873239 0.509434,0.000000 0.376910 0.459184 0.638498 0.000000 0.000000 0.469697 0.279793,121 121 117 180 100 141 193 140,0 468 275 246 0 0 71 53,0.088833 0.267335 0.226075 0.213510 0.010313 0.011869 0.097305 0.084760,"[[0,104,8,6,0,0,0,3],[0,111,6,3,0,0,1,0],[0,23,90,4,0,0,0,0],[0,36,6,136,0,0,0,2],[0,8,70,18,0,0,3,1],[0,63,42,29,0,0,1,6],[0,44,39,34,0,0,62,14],[0,79,14,16,0,0,4,27]]",outputs/prediction_diagnostics_4models_c3_b001_by_dataset/chaoshengmnist_224/merged/small/chaoshengmnist_224/resnet/clients_3/beta_0p01/seed_42/ties/merged.pt,outputs/prediction_diagnostics_4models_c3_b001_by_dataset/chaoshengmnist_224/merged/small/chaoshengmnist_224/resnet/clients_3/beta_0p01/seed_42/ties,2026-07-06T10:29:12,My_merge_ret/reports/prediction_diagnostics_4models_c3_b001_by_dataset_chaoshengmnist_224.csv
OK,,3.37,client,small,chaoshengmnist_224,swin_tiny,3,0.01,42,client_0,0,test,0.1734052111410602,0.125,0.036944869831546705,0.021675651392632524,5.303701285938904,1113,8,6,0.1734052111410602,6,1.0,5.766839378238342,0.8265947888589398,1.0,1,-0.0,0.5345093749454466,0.3405772686433064,0.8265947888589398,0.6083737696654588,0.000000 0.000000 0.000000 0.000000 0.000000 0.000000 1.000000 0.000000,0.000000 0.000000 0.000000 0.000000 0.000000 0.000000 0.173405 0.000000,0.000000 0.000000 0.000000 0.000000 0.000000 0.000000 0.295559 0.000000,121 121 117 180 100 141 193 140,0 0 0 0 0 0 1113 0,0.000279 0.000309 0.000368 0.000361 0.339088 0.318657 0.340566 0.000373,"[[0,0,0,0,0,0,121,0],[0,0,0,0,0,0,121,0],[0,0,0,0,0,0,117,0],[0,0,0,0,0,0,180,0],[0,0,0,0,0,0,100,0],[0,0,0,0,0,0,141,0],[0,0,0,0,0,0,193,0],[0,0,0,0,0,0,140,0]]",/data2/liyapeng_grp/program/MedMNISTMerge/model_hub/small/chaoshengmnist_224/swin_tiny/clients_3/beta_0p01/seed_42/client_0.pt,,2026-07-06T10:29:59,My_merge_ret/reports/prediction_diagnostics_4models_c3_b001_by_dataset_chaoshengmnist_224.csv
OK,,3.34,client,small,chaoshengmnist_224,swin_tiny,3,0.01,42,client_1,1,test,0.1087151841868823,0.125,0.024513776337115073,0.013589398023360287,4.819406240348439,1113,8,6,0.1734052111410602,0,1.0,5.766839378238342,0.8265947888589398,1.0,1,-0.0,0.18092440978840768,0.9121181491464511,0.8912848158131177,0.8032593652784489,1.000000 0.000000 0.000000 0.000000 0.000000 0.000000 0.000000 0.000000,0.108715 0.000000 0.000000 0.000000 0.000000 0.000000 0.000000 0.000000,0.196110 0.000000 0.000000 0.000000 0.000000 0.000000 0.000000 0.000000,121 121 117 180 100 141 193 140,1113 0 0 0 0 0 0 0,0.911975 0.069518 0.003068 0.002684 0.002584 0.003035 0.003769 0.003368,"[[121,0,0,0,0,0,0,0],[121,0,0,0,0,0,0,0],[117,0,0,0,0,0,0,0],[180,0,0,0,0,0,0,0],[100,0,0,0,0,0,0,0],[141,0,0,0,0,0,0,0],[193,0,0,0,0,0,0,0],[140,0,0,0,0,0,0,0]]",/data2/liyapeng_grp/program/MedMNISTMerge/model_hub/small/chaoshengmnist_224/swin_tiny/clients_3/beta_0p01/seed_42/client_1.pt,,2026-07-06T10:30:02,My_merge_ret/reports/prediction_diagnostics_4models_c3_b001_by_dataset_chaoshengmnist_224.csv
OK,,3.30,client,small,chaoshengmnist_224,swin_tiny,3,0.01,42,client_2,2,test,0.3018867924528302,0.22615218363569753,0.14054056057035294,0.1388689917936694,3.315122510116591,1113,8,6,0.1734052111410602,6,0.766397124887691,4.419689119170985,0.5929919137466307,1.797095927027643,4,0.2818891401322484,0.770995469120765,0.3745507637017071,0.6558849955076371,0.32370005491031517,0.000000 0.016529 0.000000 0.922222 0.000000 0.000000 0.870466 0.000000,0.000000 0.250000 0.000000 0.664000 0.000000 0.000000 0.196952 0.000000,0.000000 0.031008 0.000000 0.772093 0.000000 0.000000 0.321224 0.000000,121 121 117 180 100 141 193 140,0 8 0 250 0 0 853 2,0.000517 0.214008 0.140478 0.177376 0.000534 0.000496 0.232959 0.233633,"[[0,1,0,14,0,0,106,0],[0,2,0,10,0,0,108,1],[0,0,0,1,0,0,116,0],[0,1,0,166,0,0,13,0],[0,1,0,5,0,0,93,1],[0,2,0,14,0,0,125,0],[0,0,0,25,0,0,168,0],[0,1,0,15,0,0,124,0]]",/data2/liyapeng_grp/program/MedMNISTMerge/model_hub/small/chaoshengmnist_224/swin_tiny/clients_3/beta_0p01/seed_42/client_2.pt,,2026-07-06T10:30:06,My_merge_ret/reports/prediction_diagnostics_4models_c3_b001_by_dataset_chaoshengmnist_224.csv
OK,,3.85,merge,small,chaoshengmnist_224,swin_tiny,3,0.01,42,avg,,test,0.1734052111410602,0.125,0.036944869831546705,0.021675651392632524,2.1035305410489666,1113,8,6,0.1734052111410602,6,1.0,5.766839378238342,0.8265947888589398,1.0,1,-0.0,0.9378431250978202,0.2979559748427673,0.8265947888589398,0.17609686886724127,0.000000 0.000000 0.000000 0.000000 0.000000 0.000000 1.000000 0.000000,0.000000 0.000000 0.000000 0.000000 0.000000 0.000000 0.173405 0.000000,0.000000 0.000000 0.000000 0.000000 0.000000 0.000000 0.295559 0.000000,121 121 117 180 100 141 193 140,0 0 0 0 0 0 1113 0,0.054766 0.107287 0.091112 0.089240 0.124258 0.143842 0.297934 0.091560,"[[0,0,0,0,0,0,121,0],[0,0,0,0,0,0,121,0],[0,0,0,0,0,0,117,0],[0,0,0,0,0,0,180,0],[0,0,0,0,0,0,100,0],[0,0,0,0,0,0,141,0],[0,0,0,0,0,0,193,0],[0,0,0,0,0,0,140,0]]",outputs/prediction_diagnostics_4models_c3_b001_by_dataset/chaoshengmnist_224/merged/small/chaoshengmnist_224/swin_tiny/clients_3/beta_0p01/seed_42/avg/merged.pt,outputs/prediction_diagnostics_4models_c3_b001_by_dataset/chaoshengmnist_224/merged/small/chaoshengmnist_224/swin_tiny/clients_3/beta_0p01/seed_42/avg,2026-07-06T10:30:09,My_merge_ret/reports/prediction_diagnostics_4models_c3_b001_by_dataset_chaoshengmnist_224.csv
OK,,12.21,merge,small,chaoshengmnist_224,swin_tiny,3,0.01,42,breadcrumbs,,test,0.12668463611859837,0.125,0.028110047846889953,0.015835579514824796,2.110764824797844,1113,8,6,0.1734052111410602,5,1.0,5.766839378238342,0.8265947888589398,1.0,1,-0.0,0.9809003540710743,0.19519317160826594,0.8733153638814017,0.13877846923089998,0.000000 0.000000 0.000000 0.000000 0.000000 1.000000 0.000000 0.000000,0.000000 0.000000 0.000000 0.000000 0.000000 0.126685 0.000000 0.000000,0.000000 0.000000 0.000000 0.000000 0.000000 0.224880 0.000000 0.000000,121 121 117 180 100 141 193 140,0 0 0 0 0 1113 0 0,0.096113 0.095233 0.098613 0.116498 0.160117 0.195194 0.148480 0.089752,"[[0,0,0,0,0,121,0,0],[0,0,0,0,0,121,0,0],[0,0,0,0,0,117,0,0],[0,0,0,0,0,180,0,0],[0,0,0,0,0,100,0,0],[0,0,0,0,0,141,0,0],[0,0,0,0,0,193,0,0],[0,0,0,0,0,140,0,0]]",outputs/prediction_diagnostics_4models_c3_b001_by_dataset/chaoshengmnist_224/merged/small/chaoshengmnist_224/swin_tiny/clients_3/beta_0p01/seed_42/breadcrumbs/merged.pt,outputs/prediction_diagnostics_4models_c3_b001_by_dataset/chaoshengmnist_224/merged/small/chaoshengmnist_224/swin_tiny/clients_3/beta_0p01/seed_42/breadcrumbs,2026-07-06T10:30:46,My_merge_ret/reports/prediction_diagnostics_4models_c3_b001_by_dataset_chaoshengmnist_224.csv
OK,,5.07,merge,small,chaoshengmnist_224,swin_tiny,3,0.01,42,dare_linear,,test,0.1734052111410602,0.125,0.036944869831546705,0.021675651392632524,2.130771194828167,1113,8,6,0.1734052111410602,6,1.0,5.766839378238342,0.8265947888589398,1.0,1,-0.0,0.9083718165286924,0.34184074573225515,0.8265947888589398,0.21177915338201675,0.000000 0.000000 0.000000 0.000000 0.000000 0.000000 1.000000 0.000000,0.000000 0.000000 0.000000 0.000000 0.000000 0.000000 0.173405 0.000000,0.000000 0.000000 0.000000 0.000000 0.000000 0.000000 0.295559 0.000000,121 121 117 180 100 141 193 140,0 0 0 0 0 0 1113 0,0.045564 0.099948 0.073048 0.100665 0.113211 0.146666 0.341839 0.079060,"[[0,0,0,0,0,0,121,0],[0,0,0,0,0,0,121,0],[0,0,0,0,0,0,117,0],[0,0,0,0,0,0,180,0],[0,0,0,0,0,0,100,0],[0,0,0,0,0,0,141,0],[0,0,0,0,0,0,193,0],[0,0,0,0,0,0,140,0]]",outputs/prediction_diagnostics_4models_c3_b001_by_dataset/chaoshengmnist_224/merged/small/chaoshengmnist_224/swin_tiny/clients_3/beta_0p01/seed_42/dare_linear/merged.pt,outputs/prediction_diagnostics_4models_c3_b001_by_dataset/chaoshengmnist_224/merged/small/chaoshengmnist_224/swin_tiny/clients_3/beta_0p01/seed_42/dare_linear,2026-07-06T10:30:19,My_merge_ret/reports/prediction_diagnostics_4models_c3_b001_by_dataset_chaoshengmnist_224.csv
OK,,6.45,merge,small,chaoshengmnist_224,swin_tiny,3,0.01,42,dare_ties,,test,0.18508535489667566,0.1415587219343696,0.06212681413484626,0.0526830273161176,3.119210269787455,1113,8,6,0.1734052111410602,3,0.8823000898472596,5.088082901554404,0.7088948787061994,1.436654338019587,2,0.17423766272032537,0.6030160565346786,0.6216868823000898,0.7205750224618148,0.4420675150690356,0.000000 0.000000 0.000000 0.966667 0.000000 0.000000 0.165803 0.000000,0.000000 0.000000 0.000000 0.177189 0.000000 0.000000 0.244275 0.000000,0.000000 0.000000 0.000000 0.299484 0.000000 0.000000 0.197531 0.000000,121 121 117 180 100 141 193 140,0 0 0 982 0 0 131 0,0.005579 0.103757 0.023586 0.603793 0.012423 0.013373 0.168326 0.069165,"[[0,0,0,116,0,0,5,0],[0,0,0,110,0,0,11,0],[0,0,0,100,0,0,17,0],[0,0,0,174,0,0,6,0],[0,0,0,87,0,0,13,0],[0,0,0,112,0,0,29,0],[0,0,0,161,0,0,32,0],[0,0,0,122,0,0,18,0]]",outputs/prediction_diagnostics_4models_c3_b001_by_dataset/chaoshengmnist_224/merged/small/chaoshengmnist_224/swin_tiny/clients_3/beta_0p01/seed_42/dare_ties/merged.pt,outputs/prediction_diagnostics_4models_c3_b001_by_dataset/chaoshengmnist_224/merged/small/chaoshengmnist_224/swin_tiny/clients_3/beta_0p01/seed_42/dare_ties,2026-07-06T10:30:24,My_merge_ret/reports/prediction_diagnostics_4models_c3_b001_by_dataset_chaoshengmnist_224.csv
OK,,18.84,merge,small,chaoshengmnist_224,swin_tiny,3,0.01,42,fisher,,test,0.08984725965858041,0.125,0.020627062706270627,0.011241007194244604,2.8439807600516622,1113,8,6,0.1734052111410602,4,0.9991015274034142,5.761658031088083,0.825696316262354,1.0072266746007954,2,0.0034627986262535646,0.7204284787758302,0.3753369272237197,0.9092542677448338,0.463042794064225,0.000000 0.000000 0.000000 0.000000 1.000000 0.000000 0.000000 0.000000,0.000000 0.000000 0.000000 0.000000 0.089928 0.000000 0.000000 0.000000,0.000000 0.000000 0.000000 0.000000 0.165017 0.000000 0.000000 0.000000,121 121 117 180 100 141 193 140,1 0 0 0 1112 0 0 0,0.075912 0.029024 0.005428 0.027597 0.375310 0.166620 0.311049 0.009058,"[[0,0,0,0,121,0,0,0],[0,0,0,0,121,0,0,0],[0,0,0,0,117,0,0,0],[0,0,0,0,180,0,0,0],[0,0,0,0,100,0,0,0],[0,0,0,0,141,0,0,0],[0,0,0,0,193,0,0,0],[1,0,0,0,139,0,0,0]]",outputs/prediction_diagnostics_4models_c3_b001_by_dataset/chaoshengmnist_224/merged/small/chaoshengmnist_224/swin_tiny/clients_3/beta_0p01/seed_42/fisher/merged.pt,outputs/prediction_diagnostics_4models_c3_b001_by_dataset/chaoshengmnist_224/merged/small/chaoshengmnist_224/swin_tiny/clients_3/beta_0p01/seed_42/fisher,2026-07-06T10:43:09,My_merge_ret/reports/prediction_diagnostics_4models_c3_b001_by_dataset_chaoshengmnist_224.csv
OK,,4.61,merge,small,chaoshengmnist_224,swin_tiny,3,0.01,42,free_merge,,test,0.1734052111410602,0.125,0.036944869831546705,0.021675651392632524,2.090771177279874,1113,8,6,0.1734052111410602,6,1.0,5.766839378238342,0.8265947888589398,1.0,1,-0.0,0.9666645831606371,0.24814690026954178,0.8265947888589398,0.12401495130329229,0.000000 0.000000 0.000000 0.000000 0.000000 0.000000 1.000000 0.000000,0.000000 0.000000 0.000000 0.000000 0.000000 0.000000 0.173405 0.000000,0.000000 0.000000 0.000000 0.000000 0.000000 0.000000 0.295559 0.000000,121 121 117 180 100 141 193 140,0 0 0 0 0 0 1113 0,0.065601 0.127286 0.110388 0.099557 0.115293 0.125159 0.248137 0.108579,"[[0,0,0,0,0,0,121,0],[0,0,0,0,0,0,121,0],[0,0,0,0,0,0,117,0],[0,0,0,0,0,0,180,0],[0,0,0,0,0,0,100,0],[0,0,0,0,0,0,141,0],[0,0,0,0,0,0,193,0],[0,0,0,0,0,0,140,0]]",outputs/prediction_diagnostics_4models_c3_b001_by_dataset/chaoshengmnist_224/merged/small/chaoshengmnist_224/swin_tiny/clients_3/beta_0p01/seed_42/free_merge/merged.pt,outputs/prediction_diagnostics_4models_c3_b001_by_dataset/chaoshengmnist_224/merged/small/chaoshengmnist_224/swin_tiny/clients_3/beta_0p01/seed_42/free_merge,2026-07-06T10:31:12,My_merge_ret/reports/prediction_diagnostics_4models_c3_b001_by_dataset_chaoshengmnist_224.csv
OK,,4.03,merge,small,chaoshengmnist_224,swin_tiny,3,0.01,42,from,,test,0.1752021563342318,0.12657599309153714,0.044291842936304594,0.07151639344262295,2.08547159282345,1113,8,6,0.1734052111410602,6,0.9865229110512129,5.689119170984456,0.8131176999101527,1.074041360195166,2,0.034349850350333944,0.912546418967682,0.34028245732255163,0.8131176999101527,0.1844588469256451,0.000000 0.000000 0.000000 0.033333 0.000000 0.000000 0.979275 0.000000,0.000000 0.000000 0.000000 0.400000 0.000000 0.000000 0.172131 0.000000,0.000000 0.000000 0.000000 0.061538 0.000000 0.000000 0.292796 0.000000,121 121 117 180 100 141 193 140,0 0 0 15 0 0 1098 0,0.035916 0.102023 0.096195 0.098768 0.108322 0.120189 0.339389 0.099199,"[[0,0,0,0,0,0,121,0],[0,0,0,0,0,0,121,0],[0,0,0,0,0,0,117,0],[0,0,0,6,0,0,174,0],[0,0,0,0,0,0,100,0],[0,0,0,0,0,0,141,0],[0,0,0,4,0,0,189,0],[0,0,0,5,0,0,135,0]]",outputs/prediction_diagnostics_4models_c3_b001_by_dataset/chaoshengmnist_224/merged/small/chaoshengmnist_224/swin_tiny/clients_3/beta_0p01/seed_42/from/merged.pt,outputs/prediction_diagnostics_4models_c3_b001_by_dataset/chaoshengmnist_224/merged/small/chaoshengmnist_224/swin_tiny/clients_3/beta_0p01/seed_42/from,2026-07-06T10:31:03,My_merge_ret/reports/prediction_diagnostics_4models_c3_b001_by_dataset_chaoshengmnist_224.csv
OK,,5.00,merge,small,chaoshengmnist_224,swin_tiny,3,0.01,42,iso_c,,test,0.17430368373764601,0.12588652482269502,0.038778182676878,0.08423423423423423,2.0441111438679247,1113,8,6,0.1734052111410602,6,0.9973045822102425,5.751295336787565,0.8238993710691823,1.0205626468616174,3,0.009788248130581356,0.9923800456770787,0.17881008535489668,0.8238993710691823,0.06121799331380275,0.000000 0.000000 0.000000 0.000000 0.000000 0.007092 1.000000 0.000000,0.000000 0.000000 0.000000 0.000000 0.000000 0.500000 0.173874 0.000000,0.000000 0.000000 0.000000 0.000000 0.000000 0.013986 0.296239 0.000000,121 121 117 180 100 141 193 140,0 0 0 1 0 2 1110 0,0.097338 0.125305 0.109331 0.111894 0.117248 0.134298 0.178810 0.125776,"[[0,0,0,0,0,0,121,0],[0,0,0,1,0,0,120,0],[0,0,0,0,0,0,117,0],[0,0,0,0,0,1,179,0],[0,0,0,0,0,0,100,0],[0,0,0,0,0,1,140,0],[0,0,0,0,0,0,193,0],[0,0,0,0,0,0,140,0]]",outputs/prediction_diagnostics_4models_c3_b001_by_dataset/chaoshengmnist_224/merged/small/chaoshengmnist_224/swin_tiny/clients_3/beta_0p01/seed_42/iso_c/merged.pt,outputs/prediction_diagnostics_4models_c3_b001_by_dataset/chaoshengmnist_224/merged/small/chaoshengmnist_224/swin_tiny/clients_3/beta_0p01/seed_42/iso_c,2026-07-06T10:31:07,My_merge_ret/reports/prediction_diagnostics_4models_c3_b001_by_dataset_chaoshengmnist_224.csv
OK,,4.36,merge,small,chaoshengmnist_224,swin_tiny,3,0.01,42,model_stock,,test,0.1734052111410602,0.125,0.036944869831546705,0.021675651392632524,2.0855751277515724,1113,8,6,0.1734052111410602,6,1.0,5.766839378238342,0.8265947888589398,1.0,1,-0.0,0.9646600527232148,0.24434243036837378,0.8265947888589398,0.13870642861373667,0.000000 0.000000 0.000000 0.000000 0.000000 0.000000 1.000000 0.000000,0.000000 0.000000 0.000000 0.000000 0.000000 0.000000 0.173405 0.000000,0.000000 0.000000 0.000000 0.000000 0.000000 0.000000 0.295559 0.000000,121 121 117 180 100 141 193 140,0 0 0 0 0 0 1113 0,0.066098 0.112501 0.098893 0.097811 0.128570 0.151945 0.244342 0.099840,"[[0,0,0,0,0,0,121,0],[0,0,0,0,0,0,121,0],[0,0,0,0,0,0,117,0],[0,0,0,0,0,0,180,0],[0,0,0,0,0,0,100,0],[0,0,0,0,0,0,141,0],[0,0,0,0,0,0,193,0],[0,0,0,0,0,0,140,0]]",outputs/prediction_diagnostics_4models_c3_b001_by_dataset/chaoshengmnist_224/merged/small/chaoshengmnist_224/swin_tiny/clients_3/beta_0p01/seed_42/model_stock/merged.pt,outputs/prediction_diagnostics_4models_c3_b001_by_dataset/chaoshengmnist_224/merged/small/chaoshengmnist_224/swin_tiny/clients_3/beta_0p01/seed_42/model_stock,2026-07-06T10:30:58,My_merge_ret/reports/prediction_diagnostics_4models_c3_b001_by_dataset_chaoshengmnist_224.csv
OK,,3.93,merge,small,chaoshengmnist_224,swin_tiny,3,0.01,42,my_merge,,test,0.481581311769991,0.4755512608062317,0.4625926657310085,0.4675265297593028,3.260476687312233,1113,8,6,0.1734052111410602,3,0.20395327942497754,1.1761658031088082,0.030548068283917346,7.668873644145966,8,0.9796715664425169,0.9810614635027027,0.8399595687331537,0.13117699910152741,0.12330974217575093,0.438017 0.619835 0.358974 0.811111 0.540000 0.297872 0.388601 0.350000,0.524752 0.465839 0.415842 0.643172 0.339623 0.428571 0.500000 0.422414,0.477477 0.531915 0.385321 0.717445 0.416988 0.351464 0.437318 0.382812,121 121 117 180 100 141 193 140,101 161 101 227 159 98 150 116,0.089278 0.139821 0.091736 0.203605 0.140171 0.091071 0.134321 0.109996,"[[53,29,4,5,10,4,11,5],[17,75,2,5,6,7,7,2],[6,8,42,11,23,10,7,10],[2,7,9,146,5,1,2,8],[2,6,17,3,54,7,8,3],[3,9,8,26,25,42,16,12],[12,13,12,15,27,12,75,27],[6,14,7,16,9,15,24,49]]",outputs/prediction_diagnostics_4models_c3_b001_by_dataset/chaoshengmnist_224/merged/small/chaoshengmnist_224/swin_tiny/clients_3/beta_0p01/seed_42/my_merge/merged.pt,outputs/prediction_diagnostics_4models_c3_b001_by_dataset/chaoshengmnist_224/merged/small/chaoshengmnist_224/swin_tiny/clients_3/beta_0p01/seed_42/my_merge,2026-07-06T10:31:21,My_merge_ret/reports/prediction_diagnostics_4models_c3_b001_by_dataset_chaoshengmnist_224.csv
OK,,14.00,merge,small,chaoshengmnist_224,swin_tiny,3,0.01,42,regmean,,test,0.22911051212938005,0.1683362118595279,0.1024392316845147,0.12273832684824904,3.0710071930452605,1113,8,6,0.1734052111410602,6,0.9236298292902066,5.3264248704663215,0.7502246181491464,1.3097198970386228,2,0.12975276769649283,0.6476143881173162,0.501740790655885,0.7502246181491464,0.5129837287809935,0.000000 0.000000 0.000000 0.377778 0.000000 0.000000 0.968912 0.000000,0.000000 0.000000 0.000000 0.800000 0.000000 0.000000 0.181907 0.000000,0.000000 0.000000 0.000000 0.513208 0.000000 0.000000 0.306306 0.000000,121 121 117 180 100 141 193 140,0 0 0 85 0 0 1028 0,0.003528 0.009658 0.008392 0.063024 0.218328 0.209049 0.475544 0.012477,"[[0,0,0,1,0,0,120,0],[0,0,0,1,0,0,120,0],[0,0,0,0,0,0,117,0],[0,0,0,68,0,0,112,0],[0,0,0,0,0,0,100,0],[0,0,0,1,0,0,140,0],[0,0,0,6,0,0,187,0],[0,0,0,8,0,0,132,0]]",outputs/prediction_diagnostics_4models_c3_b001_by_dataset/chaoshengmnist_224/merged/small/chaoshengmnist_224/swin_tiny/clients_3/beta_0p01/seed_42/regmean/merged.pt,outputs/prediction_diagnostics_4models_c3_b001_by_dataset/chaoshengmnist_224/merged/small/chaoshengmnist_224/swin_tiny/clients_3/beta_0p01/seed_42/regmean,2026-07-06T10:30:30,My_merge_ret/reports/prediction_diagnostics_4models_c3_b001_by_dataset_chaoshengmnist_224.csv
OK,,4.49,merge,small,chaoshengmnist_224,swin_tiny,3,0.01,42,robustmerge,,test,0.12668463611859837,0.125,0.028110047846889953,0.015835579514824796,2.542512933091869,1113,8,6,0.1734052111410602,5,1.0,5.766839378238342,0.8265947888589398,1.0,1,-0.0,0.7933034035420166,0.33929975292003595,0.8733153638814017,0.4276597707782272,0.000000 0.000000 0.000000 0.000000 0.000000 1.000000 0.000000 0.000000,0.000000 0.000000 0.000000 0.000000 0.000000 0.126685 0.000000 0.000000,0.000000 0.000000 0.000000 0.000000 0.000000 0.224880 0.000000 0.000000,121 121 117 180 100 141 193 140,0 0 0 0 0 1113 0 0,0.026052 0.035607 0.033932 0.037314 0.220414 0.339314 0.257869 0.049498,"[[0,0,0,0,0,121,0,0],[0,0,0,0,0,121,0,0],[0,0,0,0,0,117,0,0],[0,0,0,0,0,180,0,0],[0,0,0,0,0,100,0,0],[0,0,0,0,0,141,0,0],[0,0,0,0,0,193,0,0],[0,0,0,0,0,140,0,0]]",outputs/prediction_diagnostics_4models_c3_b001_by_dataset/chaoshengmnist_224/merged/small/chaoshengmnist_224/swin_tiny/clients_3/beta_0p01/seed_42/robustmerge/merged.pt,outputs/prediction_diagnostics_4models_c3_b001_by_dataset/chaoshengmnist_224/merged/small/chaoshengmnist_224/swin_tiny/clients_3/beta_0p01/seed_42/robustmerge,2026-07-06T10:31:17,My_merge_ret/reports/prediction_diagnostics_4models_c3_b001_by_dataset_chaoshengmnist_224.csv
OK,,5.67,merge,small,chaoshengmnist_224,swin_tiny,3,0.01,42,ties,,test,0.215633423180593,0.16343911917098444,0.0775620105419424,0.05390772777427491,2.2348561522560084,1113,8,6,0.1734052111410602,3,0.7124887690925427,4.108808290155441,0.5390835579514824,1.8219515587760473,2,0.28849486730889196,0.8658953819509917,0.36466756513926324,0.664869721473495,0.23273198281301005,0.000000 0.000000 0.000000 0.950000 0.000000 0.000000 0.357513 0.000000,0.000000 0.000000 0.000000 0.215637 0.000000 0.000000 0.215625 0.000000,0.000000 0.000000 0.000000 0.351490 0.000000 0.000000 0.269006 0.000000,121 121 117 180 100 141 193 140,0 0 0 793 0 0 320 0,0.030757 0.119836 0.082777 0.337501 0.035694 0.048408 0.203077 0.141950,"[[0,0,0,90,0,0,31,0],[0,0,0,92,0,0,29,0],[0,0,0,79,0,0,38,0],[0,0,0,171,0,0,9,0],[0,0,0,61,0,0,39,0],[0,0,0,80,0,0,61,0],[0,0,0,124,0,0,69,0],[0,0,0,96,0,0,44,0]]",outputs/prediction_diagnostics_4models_c3_b001_by_dataset/chaoshengmnist_224/merged/small/chaoshengmnist_224/swin_tiny/clients_3/beta_0p01/seed_42/ties/merged.pt,outputs/prediction_diagnostics_4models_c3_b001_by_dataset/chaoshengmnist_224/merged/small/chaoshengmnist_224/swin_tiny/clients_3/beta_0p01/seed_42/ties,2026-07-06T10:30:13,My_merge_ret/reports/prediction_diagnostics_4models_c3_b001_by_dataset_chaoshengmnist_224.csv
OK,,2.21,client,small,chaoshengmnist_224,vit_t,3,0.01,42,client_0,0,test,0.12668463611859837,0.125,0.028177458033573143,0.01587837837837838,7.721424085646198,1113,8,6,0.1734052111410602,5,0.9973045822102425,5.751295336787565,0.8238993710691823,1.0205626468616174,3,0.009788248130581354,0.2108836056434448,0.8847147349505841,0.8706199460916442,0.7577581000228676,0.000000 0.000000 0.000000 0.000000 0.000000 1.000000 0.000000 0.000000,0.000000 0.000000 0.000000 0.000000 0.000000 0.127027 0.000000 0.000000,0.000000 0.000000 0.000000 0.000000 0.000000 0.225420 0.000000 0.000000,121 121 117 180 100 141 193 140,0 0 0 0 2 1110 1 0,0.000024 0.000016 0.000011 0.000010 0.061346 0.884443 0.054139 0.000011,"[[0,0,0,0,1,120,0,0],[0,0,0,0,1,119,1,0],[0,0,0,0,0,117,0,0],[0,0,0,0,0,180,0,0],[0,0,0,0,0,100,0,0],[0,0,0,0,0,141,0,0],[0,0,0,0,0,193,0,0],[0,0,0,0,0,140,0,0]]",/data2/liyapeng_grp/program/MedMNISTMerge/model_hub/small/chaoshengmnist_224/vit_t/clients_3/beta_0p01/seed_42/client_0.pt,,2026-07-06T10:31:25,My_merge_ret/reports/prediction_diagnostics_4models_c3_b001_by_dataset_chaoshengmnist_224.csv
OK,,2.28,client,small,chaoshengmnist_224,vit_t,3,0.01,42,client_1,1,test,0.1096136567834681,0.12603305785123967,0.026622449234146583,0.02621260199456029,10.053687631173489,1113,8,6,0.1734052111410602,0,0.9910152740341419,5.715025906735751,0.8176100628930817,1.0526200380353519,2,0.024661587947119604,0.04089594764004217,0.9871967654986523,0.8823000898472595,0.8746724993809439,1.000000 0.008264 0.000000 0.000000 0.000000 0.000000 0.000000 0.000000,0.109701 0.100000 0.000000 0.000000 0.000000 0.000000 0.000000 0.000000,0.197712 0.015267 0.000000 0.000000 0.000000 0.000000 0.000000 0.000000,121 121 117 180 100 141 193 140,1103 10 0 0 0 0 0 0,0.983388 0.016553 0.000011 0.000017 0.000005 0.000010 0.000009 0.000007,"[[121,0,0,0,0,0,0,0],[120,1,0,0,0,0,0,0],[117,0,0,0,0,0,0,0],[178,2,0,0,0,0,0,0],[99,1,0,0,0,0,0,0],[139,2,0,0,0,0,0,0],[192,1,0,0,0,0,0,0],[137,3,0,0,0,0,0,0]]",/data2/liyapeng_grp/program/MedMNISTMerge/model_hub/small/chaoshengmnist_224/vit_t/clients_3/beta_0p01/seed_42/client_1.pt,,2026-07-06T10:31:27,My_merge_ret/reports/prediction_diagnostics_4models_c3_b001_by_dataset_chaoshengmnist_224.csv
OK,,2.26,client,small,chaoshengmnist_224,vit_t,3,0.01,42,client_2,2,test,0.2416891284815813,0.2290530807576262,0.157713134700244,0.17000868707946135,6.490988636273901,1113,8,6,0.1734052111410602,7,0.46540880503144655,2.683937823834197,0.2920035938903863,2.8966150139161777,5,0.5114559834182493,0.5311929740001822,0.8125561545372866,0.6190476190476191,0.6105866338957966,0.000000 0.024793 0.606838 0.672222 0.000000 0.000000 0.000000 0.528571,0.000000 0.250000 0.165888 0.801325 0.000000 0.000000 0.000000 0.142857,0.000000 0.045113 0.260550 0.731118 0.000000 0.000000 0.000000 0.224924,121 121 117 180 100 141 193 140,0 12 428 151 0 0 4 518,0.000028 0.016298 0.385146 0.132947 0.000020 0.000006 0.009206 0.456348,"[[0,4,61,1,0,0,0,55],[0,3,56,4,0,0,0,58],[0,0,71,1,0,0,1,44],[0,0,14,121,0,0,0,45],[0,0,47,0,0,0,0,53],[0,1,60,4,0,0,2,74],[0,2,68,8,0,0,0,115],[0,2,51,12,0,0,1,74]]",/data2/liyapeng_grp/program/MedMNISTMerge/model_hub/small/chaoshengmnist_224/vit_t/clients_3/beta_0p01/seed_42/client_2.pt,,2026-07-06T10:31:30,My_merge_ret/reports/prediction_diagnostics_4models_c3_b001_by_dataset_chaoshengmnist_224.csv
OK,,2.41,merge,small,chaoshengmnist_224,vit_t,3,0.01,42,avg,,test,0.17430368373764601,0.12569444444444444,0.03835439554624162,0.14669514388489208,2.6490047485680592,1113,8,6,0.1734052111410602,6,0.9991015274034142,5.761658031088083,0.825696316262354,1.0072266746007954,2,0.0034627986262535646,0.6292781264336332,0.5963611859838275,0.825696316262354,0.48325472429191796,0.000000 0.000000 0.000000 0.005556 0.000000 0.000000 1.000000 0.000000,0.000000 0.000000 0.000000 1.000000 0.000000 0.000000 0.173561 0.000000,0.000000 0.000000 0.000000 0.011050 0.000000 0.000000 0.295785 0.000000,121 121 117 180 100 141 193 140,0 0 0 1 0 0 1112 0,0.022473 0.060687 0.028576 0.018583 0.068371 0.187095 0.596250 0.017965,"[[0,0,0,0,0,0,121,0],[0,0,0,0,0,0,121,0],[0,0,0,0,0,0,117,0],[0,0,0,1,0,0,179,0],[0,0,0,0,0,0,100,0],[0,0,0,0,0,0,141,0],[0,0,0,0,0,0,193,0],[0,0,0,0,0,0,140,0]]",outputs/prediction_diagnostics_4models_c3_b001_by_dataset/chaoshengmnist_224/merged/small/chaoshengmnist_224/vit_t/clients_3/beta_0p01/seed_42/avg/merged.pt,outputs/prediction_diagnostics_4models_c3_b001_by_dataset/chaoshengmnist_224/merged/small/chaoshengmnist_224/vit_t/clients_3/beta_0p01/seed_42/avg,2026-07-06T10:31:32,My_merge_ret/reports/prediction_diagnostics_4models_c3_b001_by_dataset_chaoshengmnist_224.csv
OK,,3.78,merge,small,chaoshengmnist_224,vit_t,3,0.01,42,breadcrumbs,,test,0.12668463611859837,0.125,0.028110047846889953,0.015835579514824796,3.664375298320979,1113,8,6,0.1734052111410602,5,1.0,5.766839378238342,0.8265947888589398,1.0,1,-0.0,0.508023661078048,0.5991969901168014,0.8733153638814017,0.579822206357022,0.000000 0.000000 0.000000 0.000000 0.000000 1.000000 0.000000 0.000000,0.000000 0.000000 0.000000 0.000000 0.000000 0.126685 0.000000 0.000000,0.000000 0.000000 0.000000 0.000000 0.000000 0.224880 0.000000 0.000000,121 121 117 180 100 141 193 140,0 0 0 0 0 1113 0 0,0.006931 0.008204 0.007925 0.004005 0.114393 0.599150 0.256217 0.003176,"[[0,0,0,0,0,121,0,0],[0,0,0,0,0,121,0,0],[0,0,0,0,0,117,0,0],[0,0,0,0,0,180,0,0],[0,0,0,0,0,100,0,0],[0,0,0,0,0,141,0,0],[0,0,0,0,0,193,0,0],[0,0,0,0,0,140,0,0]]",outputs/prediction_diagnostics_4models_c3_b001_by_dataset/chaoshengmnist_224/merged/small/chaoshengmnist_224/vit_t/clients_3/beta_0p01/seed_42/breadcrumbs/merged.pt,outputs/prediction_diagnostics_4models_c3_b001_by_dataset/chaoshengmnist_224/merged/small/chaoshengmnist_224/vit_t/clients_3/beta_0p01/seed_42/breadcrumbs,2026-07-06T10:32:01,My_merge_ret/reports/prediction_diagnostics_4models_c3_b001_by_dataset_chaoshengmnist_224.csv
OK,,2.55,merge,small,chaoshengmnist_224,vit_t,3,0.01,42,dare_linear,,test,0.1725067385444744,0.12435233160621761,0.03689469638739431,0.021660649819494584,2.9114820235287513,1113,8,6,0.1734052111410602,6,0.995507637017071,5.740932642487047,0.8221024258760108,1.029182883283715,2,0.013833122798641318,0.7045076062120921,0.4504997753818509,0.8221024258760108,0.44705563649806396,0.000000 0.000000 0.000000 0.000000 0.000000 0.000000 0.994819 0.000000,0.000000 0.000000 0.000000 0.000000 0.000000 0.000000 0.173285 0.000000,0.000000 0.000000 0.000000 0.000000 0.000000 0.000000 0.295158 0.000000,121 121 117 180 100 141 193 140,0 0 0 0 0 5 1108 0,0.020384 0.177566 0.014674 0.003234 0.115976 0.201773 0.450393 0.016001,"[[0,0,0,0,0,0,121,0],[0,0,0,0,0,0,121,0],[0,0,0,0,0,0,117,0],[0,0,0,0,0,3,177,0],[0,0,0,0,0,0,100,0],[0,0,0,0,0,0,141,0],[0,0,0,0,0,1,192,0],[0,0,0,0,0,1,139,0]]",outputs/prediction_diagnostics_4models_c3_b001_by_dataset/chaoshengmnist_224/merged/small/chaoshengmnist_224/vit_t/clients_3/beta_0p01/seed_42/dare_linear/merged.pt,outputs/prediction_diagnostics_4models_c3_b001_by_dataset/chaoshengmnist_224/merged/small/chaoshengmnist_224/vit_t/clients_3/beta_0p01/seed_42/dare_linear,2026-07-06T10:31:37,My_merge_ret/reports/prediction_diagnostics_4models_c3_b001_by_dataset_chaoshengmnist_224.csv
OK,,3.07,merge,small,chaoshengmnist_224,vit_t,3,0.01,42,dare_ties,,test,0.13117699910152741,0.1389787245178051,0.06911903836042987,0.15573556671315306,3.0160758814507527,1113,8,6,0.1734052111410602,1,0.821203953279425,4.7357512953367875,0.6477987421383647,2.0359827799927017,7,0.34190845312932444,0.6569423378036191,0.6331704851752021,0.7124887690925427,0.49739014949684024,0.000000 0.909091 0.000000 0.155556 0.000000 0.021277 0.025907 0.000000,0.000000 0.120350 0.000000 0.823529 0.000000 0.214286 0.087719 0.000000,0.000000 0.212560 0.000000 0.261682 0.000000 0.038710 0.040000 0.000000,121 121 117 180 100 141 193 140,87 914 0 34 4 14 57 3,0.126589 0.588232 0.009887 0.027352 0.039621 0.080733 0.108155 0.019431,"[[0,117,0,0,0,0,4,0],[1,110,0,0,0,3,7,0],[0,115,0,0,0,0,2,0],[76,52,0,28,2,3,17,2],[1,91,0,0,0,1,7,0],[1,124,0,1,2,3,10,0],[5,178,0,2,0,2,5,1],[3,127,0,3,0,2,5,0]]",outputs/prediction_diagnostics_4models_c3_b001_by_dataset/chaoshengmnist_224/merged/small/chaoshengmnist_224/vit_t/clients_3/beta_0p01/seed_42/dare_ties/merged.pt,outputs/prediction_diagnostics_4models_c3_b001_by_dataset/chaoshengmnist_224/merged/small/chaoshengmnist_224/vit_t/clients_3/beta_0p01/seed_42/dare_ties,2026-07-06T10:31:40,My_merge_ret/reports/prediction_diagnostics_4models_c3_b001_by_dataset_chaoshengmnist_224.csv
OK,,9.19,merge,small,chaoshengmnist_224,vit_t,3,0.01,42,fisher,,test,0.2551662174303684,0.2361645299145299,0.13189904814069942,0.11157958016507441,3.512458986349183,1113,8,6,0.1734052111410602,2,0.601078167115903,3.4663212435233164,0.4276729559748428,2.389954909881256,5,0.41899446661200146,0.5910249528822036,0.839622641509434,0.6648697214734951,0.5657978954742706,0.000000 0.000000 0.794872 0.944444 0.000000 0.000000 0.000000 0.150000,0.000000 0.000000 0.139013 0.461957 0.000000 0.000000 0.000000 0.291667,0.000000 0.000000 0.236641 0.620438 0.000000 0.000000 0.000000 0.198113,121 121 117 180 100 141 193 140,3 0 669 368 0 0 1 72,0.035447 0.002791 0.526968 0.305676 0.003892 0.025229 0.019711 0.080286,"[[0,0,75,38,0,0,0,8],[1,0,84,31,0,0,1,4],[0,0,93,19,0,0,0,5],[2,0,6,170,0,0,0,2],[0,0,80,15,0,0,0,5],[0,0,101,29,0,0,0,11],[0,0,138,39,0,0,0,16],[0,0,92,27,0,0,0,21]]",outputs/prediction_diagnostics_4models_c3_b001_by_dataset/chaoshengmnist_224/merged/small/chaoshengmnist_224/vit_t/clients_3/beta_0p01/seed_42/fisher/merged.pt,outputs/prediction_diagnostics_4models_c3_b001_by_dataset/chaoshengmnist_224/merged/small/chaoshengmnist_224/vit_t/clients_3/beta_0p01/seed_42/fisher,2026-07-06T10:31:52,My_merge_ret/reports/prediction_diagnostics_4models_c3_b001_by_dataset_chaoshengmnist_224.csv
OK,,2.93,merge,small,chaoshengmnist_224,vit_t,3,0.01,42,free_merge,,test,0.1734052111410602,0.125,0.036944869831546705,0.021675651392632524,2.7446804543603998,1113,8,6,0.1734052111410602,6,1.0,5.766839378238342,0.8265947888589398,1.0,1,-0.0,0.6240087140589723,0.5965858041329739,0.8265947888589398,0.48927101526591554,0.000000 0.000000 0.000000 0.000000 0.000000 0.000000 1.000000 0.000000,0.000000 0.000000 0.000000 0.000000 0.000000 0.000000 0.173405 0.000000,0.000000 0.000000 0.000000 0.000000 0.000000 0.000000 0.295559 0.000000,121 121 117 180 100 141 193 140,0 0 0 0 0 0 1113 0,0.020761 0.067994 0.032353 0.011623 0.054856 0.192697 0.596664 0.023052,"[[0,0,0,0,0,0,121,0],[0,0,0,0,0,0,121,0],[0,0,0,0,0,0,117,0],[0,0,0,0,0,0,180,0],[0,0,0,0,0,0,100,0],[0,0,0,0,0,0,141,0],[0,0,0,0,0,0,193,0],[0,0,0,0,0,0,140,0]]",outputs/prediction_diagnostics_4models_c3_b001_by_dataset/chaoshengmnist_224/merged/small/chaoshengmnist_224/vit_t/clients_3/beta_0p01/seed_42/free_merge/merged.pt,outputs/prediction_diagnostics_4models_c3_b001_by_dataset/chaoshengmnist_224/merged/small/chaoshengmnist_224/vit_t/clients_3/beta_0p01/seed_42/free_merge,2026-07-06T10:32:13,My_merge_ret/reports/prediction_diagnostics_4models_c3_b001_by_dataset_chaoshengmnist_224.csv
OK,,2.56,merge,small,chaoshengmnist_224,vit_t,3,0.01,42,from,,test,0.28481581311769993,0.21317933126694313,0.1474466977109845,0.25935735244245883,2.3572682725986915,1113,8,6,0.1734052111410602,6,0.8643306379155435,4.984455958549223,0.6909254267744833,1.5470076315809622,4,0.20982677126616264,0.7064229828639846,0.5790094339622641,0.6909254267744833,0.4102513128266321,0.000000 0.008264 0.034188 0.688889 0.000000 0.000000 0.974093 0.000000,0.000000 0.200000 0.800000 0.879433 0.000000 0.000000 0.195426 0.000000,0.000000 0.015873 0.065574 0.772586 0.000000 0.000000 0.325541 0.000000,121 121 117 180 100 141 193 140,0 5 5 141 0 0 962 0,0.005165 0.065055 0.167244 0.103628 0.017378 0.028379 0.521534 0.091617,"[[0,4,0,1,0,0,116,0],[0,1,1,1,0,0,118,0],[0,0,4,0,0,0,113,0],[0,0,0,124,0,0,56,0],[0,0,0,0,0,0,100,0],[0,0,0,3,0,0,138,0],[0,0,0,5,0,0,188,0],[0,0,0,7,0,0,133,0]]",outputs/prediction_diagnostics_4models_c3_b001_by_dataset/chaoshengmnist_224/merged/small/chaoshengmnist_224/vit_t/clients_3/beta_0p01/seed_42/from/merged.pt,outputs/prediction_diagnostics_4models_c3_b001_by_dataset/chaoshengmnist_224/merged/small/chaoshengmnist_224/vit_t/clients_3/beta_0p01/seed_42/from,2026-07-06T10:32:08,My_merge_ret/reports/prediction_diagnostics_4models_c3_b001_by_dataset_chaoshengmnist_224.csv
OK,,2.83,merge,small,chaoshengmnist_224,vit_t,3,0.01,42,iso_c,,test,0.14016172506738545,0.12305783694067787,0.05456076632848842,0.0974638964807504,2.454771029874214,1113,8,6,0.1734052111410602,5,0.5983827493261455,3.4507772020725387,0.4249775381850853,1.9841196097503664,3,0.32949966636933725,0.7409553318753976,0.445838948787062,0.6981132075471699,0.4343737253407667,0.000000 0.000000 0.000000 0.005556 0.000000 0.652482 0.326425 0.000000,0.000000 0.000000 0.000000 0.500000 0.000000 0.138138 0.141573 0.000000,0.000000 0.000000 0.000000 0.010989 0.000000 0.228005 0.197492 0.000000,121 121 117 180 100 141 193 140,0 0 0 2 0 666 445 0,0.019563 0.070307 0.053296 0.030961 0.056834 0.392677 0.341786 0.034575,"[[0,0,0,0,0,76,45,0],[0,0,0,0,0,85,36,0],[0,0,0,0,0,86,31,0],[0,0,0,1,0,33,146,0],[0,0,0,0,0,63,37,0],[0,0,0,0,0,92,49,0],[0,0,0,0,0,130,63,0],[0,0,0,1,0,101,38,0]]",outputs/prediction_diagnostics_4models_c3_b001_by_dataset/chaoshengmnist_224/merged/small/chaoshengmnist_224/vit_t/clients_3/beta_0p01/seed_42/iso_c/merged.pt,outputs/prediction_diagnostics_4models_c3_b001_by_dataset/chaoshengmnist_224/merged/small/chaoshengmnist_224/vit_t/clients_3/beta_0p01/seed_42/iso_c,2026-07-06T10:32:10,My_merge_ret/reports/prediction_diagnostics_4models_c3_b001_by_dataset_chaoshengmnist_224.csv
OK,,2.65,merge,small,chaoshengmnist_224,vit_t,3,0.01,42,model_stock,,test,0.1752021563342318,0.12677304964539007,0.04049803723883478,0.14671467146714673,2.743818613825247,1113,8,6,0.1734052111410602,6,0.9982030548068284,5.756476683937824,0.8247978436657681,1.0132419270926794,2,0.006326226965654308,0.6459801567507444,0.4880671608265948,0.8247978436657681,0.4994835894711203,0.000000 0.000000 0.000000 0.000000 0.000000 0.014184 1.000000 0.000000,0.000000 0.000000 0.000000 0.000000 0.000000 1.000000 0.173717 0.000000,0.000000 0.000000 0.000000 0.000000 0.000000 0.027972 0.296012 0.000000,121 121 117 180 100 141 193 140,0 0 0 0 0 2 1111 0,0.019750 0.043208 0.020044 0.014247 0.087875 0.311532 0.488041 0.015304,"[[0,0,0,0,0,0,121,0],[0,0,0,0,0,0,121,0],[0,0,0,0,0,0,117,0],[0,0,0,0,0,0,180,0],[0,0,0,0,0,0,100,0],[0,0,0,0,0,2,139,0],[0,0,0,0,0,0,193,0],[0,0,0,0,0,0,140,0]]",outputs/prediction_diagnostics_4models_c3_b001_by_dataset/chaoshengmnist_224/merged/small/chaoshengmnist_224/vit_t/clients_3/beta_0p01/seed_42/model_stock/merged.pt,outputs/prediction_diagnostics_4models_c3_b001_by_dataset/chaoshengmnist_224/merged/small/chaoshengmnist_224/vit_t/clients_3/beta_0p01/seed_42/model_stock,2026-07-06T10:32:05,My_merge_ret/reports/prediction_diagnostics_4models_c3_b001_by_dataset_chaoshengmnist_224.csv
OK,,2.38,merge,small,chaoshengmnist_224,vit_t,3,0.01,42,my_merge,,test,0.46451033243486073,0.4549555957603206,0.4270440438945078,0.4470139879896279,11.483782745114555,1113,8,6,0.1734052111410602,1,0.20395327942497754,1.1761658031088082,0.030548068283917346,7.231951645849101,8,0.9514616772208473,0.9528308314353217,0.9547394429469901,0.19137466307277629,0.18746890271322333,0.462810 0.661157 0.376068 0.905556 0.510000 0.212766 0.404145 0.107143,0.474576 0.352423 0.363636 0.806931 0.281768 0.434783 0.513158 0.348837,0.468619 0.459770 0.369748 0.853403 0.362989 0.285714 0.452174 0.163934,121 121 117 180 100 141 193 140,118 227 121 202 181 69 152 43,0.103999 0.203429 0.107740 0.181656 0.160053 0.061937 0.140031 0.041155,"[[56,36,4,2,8,4,8,3],[13,80,2,2,11,4,8,1],[9,15,44,0,32,5,11,1],[4,5,1,163,5,1,1,0],[5,8,18,0,51,5,13,0],[9,19,18,12,35,30,10,8],[12,24,24,11,23,6,78,15],[10,40,10,12,16,14,23,15]]",outputs/prediction_diagnostics_4models_c3_b001_by_dataset/chaoshengmnist_224/merged/small/chaoshengmnist_224/vit_t/clients_3/beta_0p01/seed_42/my_merge/merged.pt,outputs/prediction_diagnostics_4models_c3_b001_by_dataset/chaoshengmnist_224/merged/small/chaoshengmnist_224/vit_t/clients_3/beta_0p01/seed_42/my_merge,2026-07-06T10:32:18,My_merge_ret/reports/prediction_diagnostics_4models_c3_b001_by_dataset_chaoshengmnist_224.csv
OK,,9.29,merge,small,chaoshengmnist_224,vit_t,3,0.01,42,regmean,,test,0.16531895777178796,0.1368463601954948,0.06315794510584542,0.041253850972996366,4.669603592837489,1113,8,6,0.1734052111410602,6,0.504941599281222,2.911917098445596,0.33153638814016173,1.999902323181228,2,0.33330984644945566,0.4763703154827614,0.6313173854447439,0.6999101527403415,0.6216131759491657,0.000000 0.000000 0.000000 0.000000 0.000000 0.524823 0.569948 0.000000,0.000000 0.000000 0.000000 0.000000 0.000000 0.134301 0.195730 0.000000,0.000000 0.000000 0.000000 0.000000 0.000000 0.213873 0.291391 0.000000,121 121 117 180 100 141 193 140,0 0 0 0 0 551 562 0,0.000273 0.000180 0.006754 0.002007 0.048340 0.449288 0.472415 0.020742,"[[0,0,0,0,0,68,53,0],[0,0,0,0,0,58,63,0],[0,0,0,0,0,59,58,0],[0,0,0,0,0,76,104,0],[0,0,0,0,0,47,53,0],[0,0,0,0,0,74,67,0],[0,0,0,0,0,83,110,0],[0,0,0,0,0,86,54,0]]",outputs/prediction_diagnostics_4models_c3_b001_by_dataset/chaoshengmnist_224/merged/small/chaoshengmnist_224/vit_t/clients_3/beta_0p01/seed_42/regmean/merged.pt,outputs/prediction_diagnostics_4models_c3_b001_by_dataset/chaoshengmnist_224/merged/small/chaoshengmnist_224/vit_t/clients_3/beta_0p01/seed_42/regmean,2026-07-06T10:31:43,My_merge_ret/reports/prediction_diagnostics_4models_c3_b001_by_dataset_chaoshengmnist_224.csv
OK,,2.54,merge,small,chaoshengmnist_224,vit_t,3,0.01,42,robustmerge,,test,0.12578616352201258,0.12411347517730496,0.028135048231511254,0.01586582048957389,3.3707083456171385,1113,8,6,0.1734052111410602,5,0.9910152740341419,5.715025906735751,0.8176100628930817,1.0526200380353519,2,0.024661587947119604,0.5222809634820148,0.5916722821203954,0.8643306379155435,0.5666111666528297,0.000000 0.000000 0.000000 0.000000 0.000000 0.992908 0.000000 0.000000,0.000000 0.000000 0.000000 0.000000 0.000000 0.126927 0.000000 0.000000,0.000000 0.000000 0.000000 0.000000 0.000000 0.225080 0.000000 0.000000,121 121 117 180 100 141 193 140,0 0 0 0 0 1103 10 0,0.012308 0.007834 0.012734 0.006181 0.090492 0.591246 0.274810 0.004394,"[[0,0,0,0,0,121,0,0],[0,0,0,0,0,120,1,0],[0,0,0,0,0,117,0,0],[0,0,0,0,0,172,8,0],[0,0,0,0,0,100,0,0],[0,0,0,0,0,140,1,0],[0,0,0,0,0,193,0,0],[0,0,0,0,0,140,0,0]]",outputs/prediction_diagnostics_4models_c3_b001_by_dataset/chaoshengmnist_224/merged/small/chaoshengmnist_224/vit_t/clients_3/beta_0p01/seed_42/robustmerge/merged.pt,outputs/prediction_diagnostics_4models_c3_b001_by_dataset/chaoshengmnist_224/merged/small/chaoshengmnist_224/vit_t/clients_3/beta_0p01/seed_42/robustmerge,2026-07-06T10:32:16,My_merge_ret/reports/prediction_diagnostics_4models_c3_b001_by_dataset_chaoshengmnist_224.csv
OK,,2.73,merge,small,chaoshengmnist_224,vit_t,3,0.01,42,ties,,test,0.30098831985624436,0.27597246691394123,0.21296804379423884,0.20786196152286013,2.3186467008770637,1113,8,6,0.1734052111410602,1,0.2857142857142857,1.6476683937823833,0.1123090745732255,4.18601502220265,5,0.6885258296503648,0.8370826953943491,0.4554413746630728,0.4330637915543576,0.2966765363487201,0.000000 0.504132 0.555556 0.822222 0.000000 0.000000 0.290155 0.035714,0.000000 0.191824 0.211039 0.826816 0.000000 0.000000 0.195122 0.238095,0.000000 0.277904 0.305882 0.824513 0.000000 0.000000 0.233333 0.062112,121 121 117 180 100 141 193 140,0 318 308 179 0 0 287 21,0.036105 0.234658 0.211736 0.170794 0.011160 0.006072 0.228456 0.101020,"[[0,48,40,4,0,0,26,3],[0,61,28,3,0,0,29,0],[0,30,65,1,0,0,19,2],[0,4,5,148,0,0,23,0],[0,39,30,0,0,0,29,2],[0,33,36,6,0,0,63,3],[0,60,63,8,0,0,56,6],[0,43,41,9,0,0,42,5]]",outputs/prediction_diagnostics_4models_c3_b001_by_dataset/chaoshengmnist_224/merged/small/chaoshengmnist_224/vit_t/clients_3/beta_0p01/seed_42/ties/merged.pt,outputs/prediction_diagnostics_4models_c3_b001_by_dataset/chaoshengmnist_224/merged/small/chaoshengmnist_224/vit_t/clients_3/beta_0p01/seed_42/ties,2026-07-06T10:31:34,My_merge_ret/reports/prediction_diagnostics_4models_c3_b001_by_dataset_chaoshengmnist_224.csv
OK,,18.04,client,small,dermamnist_224,convnext,3,0.01,42,client_0,0,test,0.14064837905236907,0.08156817683569569,0.06092882204801514,0.09824848257084103,2.0010479173160847,2005,7,5,0.6688279301745635,3,0.4139650872817955,0.6189410887397465,-0.25486284289276806,4.193388810361183,7,0.7366779977114895,0.9752500644161901,0.27925498753117206,0.5790523690773067,0.5122004280252839,0.000000 0.029126 0.150000 0.173913 0.004484 0.178971 0.034483,0.000000 0.042254 0.067762 0.004819 0.034483 0.529801 0.008621,0.000000 0.034483 0.093352 0.009379 0.007937 0.267559 0.013793,66 103 220 23 223 1341 29,19 71 487 830 29 453 116,0.090595 0.113181 0.169658 0.214325 0.088926 0.178923 0.144391,"[[0,12,7,27,0,18,2],[1,3,38,29,2,26,4],[1,15,33,84,7,72,8],[0,2,14,4,0,3,0],[5,12,47,54,1,90,14],[11,27,336,621,19,240,87],[1,0,12,11,0,4,1]]",/data2/liyapeng_grp/program/MedMNISTMerge/model_hub/small/dermamnist_224/convnext/clients_3/beta_0p01/seed_42/client_0.pt,,2026-07-06T10:07:38,My_merge_ret/reports/prediction_diagnostics_4models_c3_b001_by_dataset_dermamnist_224.csv
OK,,15.42,client,small,dermamnist_224,convnext,3,0.01,42,client_1,1,test,0.6688279301745635,0.14285714285714285,0.1145077277773034,0.0955468471677948,2.7054650361401182,2005,7,5,0.6688279301745635,5,1.0,1.4951528709917972,0.33117206982543645,1.0,1,-0.0,0.21094160008558682,0.8945137157107232,0.33117206982543645,0.2831358475193699,0.000000 0.000000 0.000000 0.000000 0.000000 1.000000 0.000000,0.000000 0.000000 0.000000 0.000000 0.000000 0.668828 0.000000,0.000000 0.000000 0.000000 0.000000 0.000000 0.801554 0.000000,66 103 220 23 223 1341 29,0 0 0 0 0 2005 0,0.065867 0.000202 0.000206 0.000147 0.000099 0.894684 0.038794,"[[0,0,0,0,0,66,0],[0,0,0,0,0,103,0],[0,0,0,0,0,220,0],[0,0,0,0,0,23,0],[0,0,0,0,0,223,0],[0,0,0,0,0,1341,0],[0,0,0,0,0,29,0]]",/data2/liyapeng_grp/program/MedMNISTMerge/model_hub/small/dermamnist_224/convnext/clients_3/beta_0p01/seed_42/client_1.pt,,2026-07-06T10:07:56,My_merge_ret/reports/prediction_diagnostics_4models_c3_b001_by_dataset_dermamnist_224.csv
OK,,15.35,client,small,dermamnist_224,convnext,3,0.01,42,client_2,2,test,0.10972568578553615,0.14285714285714285,0.028250401284109144,0.015675097969362308,8.174538750779302,2005,7,5,0.6688279301745635,2,1.0,1.4951528709917972,0.33117206982543645,1.0,1,-0.0,0.29375424946220496,0.8261845386533666,0.8902743142144638,0.7674337351792536,0.000000 0.000000 1.000000 0.000000 0.000000 0.000000 0.000000,0.000000 0.000000 0.109726 0.000000 0.000000 0.000000 0.000000,0.000000 0.000000 0.197753 0.000000 0.000000 0.000000 0.000000,66 103 220 23 223 1341 29,0 0 2005 0 0 0 0,0.000033 0.000022 0.826384 0.055402 0.118067 0.000036 0.000057,"[[0,0,66,0,0,0,0],[0,0,103,0,0,0,0],[0,0,220,0,0,0,0],[0,0,23,0,0,0,0],[0,0,223,0,0,0,0],[0,0,1341,0,0,0,0],[0,0,29,0,0,0,0]]",/data2/liyapeng_grp/program/MedMNISTMerge/model_hub/small/dermamnist_224/convnext/clients_3/beta_0p01/seed_42/client_2.pt,,2026-07-06T10:08:11,My_merge_ret/reports/prediction_diagnostics_4models_c3_b001_by_dataset_dermamnist_224.csv
OK,,16.21,merge,small,dermamnist_224,convnext,3,0.01,42,avg,,test,0.10972568578553615,0.14285714285714285,0.028250401284109144,0.015675097969362308,2.837693851309227,2005,7,5,0.6688279301745635,2,1.0,1.4951528709917972,0.33117206982543645,1.0,1,-0.0,0.6512113111865405,0.5268703241895262,0.8902743142144638,0.6932915340726737,0.000000 0.000000 1.000000 0.000000 0.000000 0.000000 0.000000,0.000000 0.000000 0.109726 0.000000 0.000000 0.000000 0.000000,0.000000 0.000000 0.197753 0.000000 0.000000 0.000000 0.000000,66 103 220 23 223 1341 29,0 0 2005 0 0 0 0,0.012889 0.005866 0.526914 0.124786 0.259555 0.041071 0.028919,"[[0,0,66,0,0,0,0],[0,0,103,0,0,0,0],[0,0,220,0,0,0,0],[0,0,23,0,0,0,0],[0,0,223,0,0,0,0],[0,0,1341,0,0,0,0],[0,0,29,0,0,0,0]]",outputs/prediction_diagnostics_4models_c3_b001_by_dataset/dermamnist_224/merged/small/dermamnist_224/convnext/clients_3/beta_0p01/seed_42/avg/merged.pt,outputs/prediction_diagnostics_4models_c3_b001_by_dataset/dermamnist_224/merged/small/dermamnist_224/convnext/clients_3/beta_0p01/seed_42/avg,2026-07-06T10:08:27,My_merge_ret/reports/prediction_diagnostics_4models_c3_b001_by_dataset_dermamnist_224.csv
OK,,23.40,merge,small,dermamnist_224,convnext,3,0.01,42,breadcrumbs,,test,0.014463840399002495,0.14285714285714285,0.004073605843517348,0.0020662629141432135,2.199609862063591,2005,7,5,0.6688279301745635,6,1.0,1.4951528709917972,0.33117206982543645,1.0,1,-0.0,0.9137301786926986,0.27540523690773067,0.9855361596009975,0.5809067958685528,0.000000 0.000000 0.000000 0.000000 0.000000 0.000000 1.000000,0.000000 0.000000 0.000000 0.000000 0.000000 0.000000 0.014464,0.000000 0.000000 0.000000 0.000000 0.000000 0.000000 0.028515,66 103 220 23 223 1341 29,0 0 0 0 0 0 2005,0.031019 0.098968 0.145793 0.247707 0.086209 0.114834 0.275472,"[[0,0,0,0,0,0,66],[0,0,0,0,0,0,103],[0,0,0,0,0,0,220],[0,0,0,0,0,0,23],[0,0,0,0,0,0,223],[0,0,0,0,0,0,1341],[0,0,0,0,0,0,29]]",outputs/prediction_diagnostics_4models_c3_b001_by_dataset/dermamnist_224/merged/small/dermamnist_224/convnext/clients_3/beta_0p01/seed_42/breadcrumbs/merged.pt,outputs/prediction_diagnostics_4models_c3_b001_by_dataset/dermamnist_224/merged/small/dermamnist_224/convnext/clients_3/beta_0p01/seed_42/breadcrumbs,2026-07-06T10:10:56,My_merge_ret/reports/prediction_diagnostics_4models_c3_b001_by_dataset_dermamnist_224.csv
OK,,17.82,merge,small,dermamnist_224,convnext,3,0.01,42,dare_linear,,test,0.10972568578553615,0.14285714285714285,0.028250401284109144,0.015675097969362308,2.9590557298160847,2005,7,5,0.6688279301745635,2,1.0,1.4951528709917972,0.33117206982543645,1.0,1,-0.0,0.625948788634561,0.565928927680798,0.8902743142144638,0.699881738603183,0.000000 0.000000 1.000000 0.000000 0.000000 0.000000 0.000000,0.000000 0.000000 0.109726 0.000000 0.000000 0.000000 0.000000,0.000000 0.000000 0.197753 0.000000 0.000000 0.000000 0.000000,66 103 220 23 223 1341 29,0 0 2005 0 0 0 0,0.013952 0.004695 0.565895 0.099485 0.245017 0.034588 0.036367,"[[0,0,66,0,0,0,0],[0,0,103,0,0,0,0],[0,0,220,0,0,0,0],[0,0,23,0,0,0,0],[0,0,223,0,0,0,0],[0,0,1341,0,0,0,0],[0,0,29,0,0,0,0]]",outputs/prediction_diagnostics_4models_c3_b001_by_dataset/dermamnist_224/merged/small/dermamnist_224/convnext/clients_3/beta_0p01/seed_42/dare_linear/merged.pt,outputs/prediction_diagnostics_4models_c3_b001_by_dataset/dermamnist_224/merged/small/dermamnist_224/convnext/clients_3/beta_0p01/seed_42/dare_linear,2026-07-06T10:09:01,My_merge_ret/reports/prediction_diagnostics_4models_c3_b001_by_dataset_dermamnist_224.csv
OK,,18.52,merge,small,dermamnist_224,convnext,3,0.01,42,dare_ties,,test,0.10972568578553615,0.14285714285714285,0.028250401284109144,0.015675097969362308,5.914335255610973,2005,7,5,0.6688279301745635,2,1.0,1.4951528709917972,0.33117206982543645,1.0,1,-0.0,0.46754687392448596,0.5942331670822942,0.8902743142144638,0.7804571756724359,0.000000 0.000000 1.000000 0.000000 0.000000 0.000000 0.000000,0.000000 0.000000 0.109726 0.000000 0.000000 0.000000 0.000000,0.000000 0.000000 0.197753 0.000000 0.000000 0.000000 0.000000,66 103 220 23 223 1341 29,0 0 2005 0 0 0 0,0.000419 0.000107 0.594146 0.307508 0.096788 0.000845 0.000187,"[[0,0,66,0,0,0,0],[0,0,103,0,0,0,0],[0,0,220,0,0,0,0],[0,0,23,0,0,0,0],[0,0,223,0,0,0,0],[0,0,1341,0,0,0,0],[0,0,29,0,0,0,0]]",outputs/prediction_diagnostics_4models_c3_b001_by_dataset/dermamnist_224/merged/small/dermamnist_224/convnext/clients_3/beta_0p01/seed_42/dare_ties/merged.pt,outputs/prediction_diagnostics_4models_c3_b001_by_dataset/dermamnist_224/merged/small/dermamnist_224/convnext/clients_3/beta_0p01/seed_42/dare_ties,2026-07-06T10:09:19,My_merge_ret/reports/prediction_diagnostics_4models_c3_b001_by_dataset_dermamnist_224.csv
OK,,110.24,merge,small,dermamnist_224,convnext,3,0.01,42,fisher,,test,0.6688279301745635,0.14285714285714285,0.1145077277773034,0.0955468471677948,1.8350108919595542,2005,7,5,0.6688279301745635,5,1.0,1.4951528709917972,0.33117206982543645,1.0,1,-0.0,0.23552617050051042,0.8910614089775561,0.33117206982543645,0.270367754699496,0.000000 0.000000 0.000000 0.000000 0.000000 1.000000 0.000000,0.000000 0.000000 0.000000 0.000000 0.000000 0.668828 0.000000,0.000000 0.000000 0.000000 0.000000 0.000000 0.801554 0.000000,66 103 220 23 223 1341 29,0 0 0 0 0 2005 0,0.065715 0.000352 0.006193 0.001102 0.005775 0.890951 0.029911,"[[0,0,0,0,0,66,0],[0,0,0,0,0,103,0],[0,0,0,0,0,220,0],[0,0,0,0,0,23,0],[0,0,0,0,0,223,0],[0,0,0,0,0,1341,0],[0,0,0,0,0,29,0]]",outputs/prediction_diagnostics_4models_c3_b001_by_dataset/dermamnist_224/merged/small/dermamnist_224/convnext/clients_3/beta_0p01/seed_42/fisher/merged.pt,outputs/prediction_diagnostics_4models_c3_b001_by_dataset/dermamnist_224/merged/small/dermamnist_224/convnext/clients_3/beta_0p01/seed_42/fisher,2026-07-06T10:37:48,My_merge_ret/reports/prediction_diagnostics_4models_c3_b001_by_dataset_dermamnist_224.csv
OK,,17.44,merge,small,dermamnist_224,convnext,3,0.01,42,free_merge,,test,0.11122194513715711,0.14285714285714285,0.02859707617337779,0.015888849305308157,2.824801278054863,2005,7,5,0.6688279301745635,4,1.0,1.4951528709917972,0.33117206982543645,1.0,1,-0.0,0.5481437428621805,0.5571384039900249,0.8887780548628428,0.6982155282198347,0.000000 0.000000 0.000000 0.000000 1.000000 0.000000 0.000000,0.000000 0.000000 0.000000 0.000000 0.111222 0.000000 0.000000,0.000000 0.000000 0.000000 0.000000 0.200180 0.000000 0.000000,66 103 220 23 223 1341 29,0 0 0 0 2005 0 0,0.005659 0.001354 0.333694 0.038606 0.557132 0.047889 0.015666,"[[0,0,0,0,66,0,0],[0,0,0,0,103,0,0],[0,0,0,0,220,0,0],[0,0,0,0,23,0,0],[0,0,0,0,223,0,0],[0,0,0,0,1341,0,0],[0,0,0,0,29,0,0]]",outputs/prediction_diagnostics_4models_c3_b001_by_dataset/dermamnist_224/merged/small/dermamnist_224/convnext/clients_3/beta_0p01/seed_42/free_merge/merged.pt,outputs/prediction_diagnostics_4models_c3_b001_by_dataset/dermamnist_224/merged/small/dermamnist_224/convnext/clients_3/beta_0p01/seed_42/free_merge,2026-07-06T10:12:11,My_merge_ret/reports/prediction_diagnostics_4models_c3_b001_by_dataset_dermamnist_224.csv
OK,,16.38,merge,small,dermamnist_224,convnext,3,0.01,42,from,,test,0.10972568578553615,0.14285714285714285,0.028250401284109144,0.015675097969362308,4.826834281483791,2005,7,5,0.6688279301745635,2,1.0,1.4951528709917972,0.33117206982543645,1.0,1,-0.0,0.4412652024034164,0.6938279301745636,0.8902743142144638,0.7613130423525533,0.000000 0.000000 1.000000 0.000000 0.000000 0.000000 0.000000,0.000000 0.000000 0.109726 0.000000 0.000000 0.000000 0.000000,0.000000 0.000000 0.197753 0.000000 0.000000 0.000000 0.000000,66 103 220 23 223 1341 29,0 0 2005 0 0 0 0,0.001066 0.000589 0.693904 0.127707 0.172121 0.003090 0.001522,"[[0,0,66,0,0,0,0],[0,0,103,0,0,0,0],[0,0,220,0,0,0,0],[0,0,23,0,0,0,0],[0,0,223,0,0,0,0],[0,0,1341,0,0,0,0],[0,0,29,0,0,0,0]]",outputs/prediction_diagnostics_4models_c3_b001_by_dataset/dermamnist_224/merged/small/dermamnist_224/convnext/clients_3/beta_0p01/seed_42/from/merged.pt,outputs/prediction_diagnostics_4models_c3_b001_by_dataset/dermamnist_224/merged/small/dermamnist_224/convnext/clients_3/beta_0p01/seed_42/from,2026-07-06T10:11:37,My_merge_ret/reports/prediction_diagnostics_4models_c3_b001_by_dataset_dermamnist_224.csv
OK,,17.70,merge,small,dermamnist_224,convnext,3,0.01,42,iso_c,,test,0.11122194513715711,0.14285714285714285,0.02859707617337779,0.015888849305308157,2.2216192916147133,2005,7,5,0.6688279301745635,4,1.0,1.4951528709917972,0.33117206982543645,1.0,1,-0.0,0.7454015497822714,0.3621571072319202,0.8887780548628428,0.6199729826104518,0.000000 0.000000 0.000000 0.000000 1.000000 0.000000 0.000000,0.000000 0.000000 0.000000 0.000000 0.111222 0.000000 0.000000,0.000000 0.000000 0.000000 0.000000 0.200180 0.000000 0.000000,66 103 220 23 223 1341 29,0 0 0 0 2005 0 0,0.025211 0.010236 0.333544 0.156651 0.362197 0.098800 0.013361,"[[0,0,0,0,66,0,0],[0,0,0,0,103,0,0],[0,0,0,0,220,0,0],[0,0,0,0,23,0,0],[0,0,0,0,223,0,0],[0,0,0,0,1341,0,0],[0,0,0,0,29,0,0]]",outputs/prediction_diagnostics_4models_c3_b001_by_dataset/dermamnist_224/merged/small/dermamnist_224/convnext/clients_3/beta_0p01/seed_42/iso_c/merged.pt,outputs/prediction_diagnostics_4models_c3_b001_by_dataset/dermamnist_224/merged/small/dermamnist_224/convnext/clients_3/beta_0p01/seed_42/iso_c,2026-07-06T10:11:53,My_merge_ret/reports/prediction_diagnostics_4models_c3_b001_by_dataset_dermamnist_224.csv
OK,,17.20,merge,small,dermamnist_224,convnext,3,0.01,42,model_stock,,test,0.10972568578553615,0.14285714285714285,0.028250401284109144,0.015675097969362308,2.5023415582138404,2005,7,5,0.6688279301745635,2,1.0,1.4951528709917972,0.33117206982543645,1.0,1,-0.0,0.7627598355940761,0.3981920199501247,0.8902743142144638,0.656921137875822,0.000000 0.000000 1.000000 0.000000 0.000000 0.000000 0.000000,0.000000 0.000000 0.109726 0.000000 0.000000 0.000000 0.000000,0.000000 0.000000 0.197753 0.000000 0.000000 0.000000 0.000000,66 103 220 23 223 1341 29,0 0 2005 0 0 0 0,0.021122 0.012701 0.398139 0.135193 0.307295 0.062374 0.063177,"[[0,0,66,0,0,0,0],[0,0,103,0,0,0,0],[0,0,220,0,0,0,0],[0,0,23,0,0,0,0],[0,0,223,0,0,0,0],[0,0,1341,0,0,0,0],[0,0,29,0,0,0,0]]",outputs/prediction_diagnostics_4models_c3_b001_by_dataset/dermamnist_224/merged/small/dermamnist_224/convnext/clients_3/beta_0p01/seed_42/model_stock/merged.pt,outputs/prediction_diagnostics_4models_c3_b001_by_dataset/dermamnist_224/merged/small/dermamnist_224/convnext/clients_3/beta_0p01/seed_42/model_stock,2026-07-06T10:11:19,My_merge_ret/reports/prediction_diagnostics_4models_c3_b001_by_dataset_dermamnist_224.csv
OK,,16.22,merge,small,dermamnist_224,convnext,3,0.01,42,my_merge,,test,0.4349127182044888,0.44773446032698944,0.2897420378457971,0.30969036851262466,11.250745207294264,2005,7,5,0.6688279301745635,5,0.3286783042394015,0.49142431021625654,-0.34014962593516207,5.810834731230561,7,0.9043193658590127,0.9047536648733502,0.9539900249376558,0.3835411471321696,0.38280869404398704,0.575758 0.252427 0.236364 0.434783 0.484305 0.460850 0.689655,0.183575 0.329114 0.331210 0.037313 0.251748 0.937785 0.097087,0.278388 0.285714 0.275862 0.068729 0.331288 0.618000 0.170213,66 103 220 23 223 1341 29,207 79 157 268 429 659 206,0.102704 0.041342 0.076731 0.133379 0.214206 0.329043 0.102594,"[[38,6,5,9,7,1,0],[21,26,6,16,7,2,25],[50,18,52,21,39,15,25],[7,0,1,10,1,2,2],[27,5,20,23,108,19,21],[64,24,72,183,267,618,113],[0,0,1,6,0,2,20]]",outputs/prediction_diagnostics_4models_c3_b001_by_dataset/dermamnist_224/merged/small/dermamnist_224/convnext/clients_3/beta_0p01/seed_42/my_merge/merged.pt,outputs/prediction_diagnostics_4models_c3_b001_by_dataset/dermamnist_224/merged/small/dermamnist_224/convnext/clients_3/beta_0p01/seed_42/my_merge,2026-07-06T10:12:45,My_merge_ret/reports/prediction_diagnostics_4models_c3_b001_by_dataset_dermamnist_224.csv
OK,,64.50,merge,small,dermamnist_224,convnext,3,0.01,42,regmean,,test,0.10972568578553615,0.14285714285714285,0.028250401284109144,0.015675097969362308,8.007320687538964,2005,7,5,0.6688279301745635,2,1.0,1.4951528709917972,0.33117206982543645,1.0,1,-0.0,0.2879272162439526,0.8354738154613466,0.8902743142144638,0.7825605787913784,0.000000 0.000000 1.000000 0.000000 0.000000 0.000000 0.000000,0.000000 0.000000 0.109726 0.000000 0.000000 0.000000 0.000000,0.000000 0.000000 0.197753 0.000000 0.000000 0.000000 0.000000,66 103 220 23 223 1341 29,0 0 2005 0 0 0 0,0.000033 0.000022 0.835460 0.068298 0.096069 0.000047 0.000072,"[[0,0,66,0,0,0,0],[0,0,103,0,0,0,0],[0,0,220,0,0,0,0],[0,0,23,0,0,0,0],[0,0,223,0,0,0,0],[0,0,1341,0,0,0,0],[0,0,29,0,0,0,0]]",outputs/prediction_diagnostics_4models_c3_b001_by_dataset/dermamnist_224/merged/small/dermamnist_224/convnext/clients_3/beta_0p01/seed_42/regmean/merged.pt,outputs/prediction_diagnostics_4models_c3_b001_by_dataset/dermamnist_224/merged/small/dermamnist_224/convnext/clients_3/beta_0p01/seed_42/regmean,2026-07-06T10:09:37,My_merge_ret/reports/prediction_diagnostics_4models_c3_b001_by_dataset_dermamnist_224.csv
OK,,17.22,merge,small,dermamnist_224,convnext,3,0.01,42,robustmerge,,test,0.10972568578553615,0.14285714285714285,0.028250401284109144,0.015675097969362308,2.652752396352868,2005,7,5,0.6688279301745635,2,1.0,1.4951528709917972,0.33117206982543645,1.0,1,-0.0,0.8574210490704524,0.31889027431421446,0.8902743142144638,0.6548619082404289,0.000000 0.000000 1.000000 0.000000 0.000000 0.000000 0.000000,0.000000 0.000000 0.109726 0.000000 0.000000 0.000000 0.000000,0.000000 0.000000 0.197753 0.000000 0.000000 0.000000 0.000000,66 103 220 23 223 1341 29,0 0 2005 0 0 0 0,0.075704 0.016158 0.318955 0.215054 0.228022 0.049179 0.096928,"[[0,0,66,0,0,0,0],[0,0,103,0,0,0,0],[0,0,220,0,0,0,0],[0,0,23,0,0,0,0],[0,0,223,0,0,0,0],[0,0,1341,0,0,0,0],[0,0,29,0,0,0,0]]",outputs/prediction_diagnostics_4models_c3_b001_by_dataset/dermamnist_224/merged/small/dermamnist_224/convnext/clients_3/beta_0p01/seed_42/robustmerge/merged.pt,outputs/prediction_diagnostics_4models_c3_b001_by_dataset/dermamnist_224/merged/small/dermamnist_224/convnext/clients_3/beta_0p01/seed_42/robustmerge,2026-07-06T10:12:28,My_merge_ret/reports/prediction_diagnostics_4models_c3_b001_by_dataset_dermamnist_224.csv
OK,,17.98,merge,small,dermamnist_224,convnext,3,0.01,42,ties,,test,0.10972568578553615,0.14285714285714285,0.028250401284109144,0.015675097969362308,4.8159520632013715,2005,7,5,0.6688279301745635,2,1.0,1.4951528709917972,0.33117206982543645,1.0,1,-0.0,0.5580698194072693,0.4601932668329177,0.8902743142144638,0.7579916357976343,0.000000 0.000000 1.000000 0.000000 0.000000 0.000000 0.000000,0.000000 0.000000 0.109726 0.000000 0.000000 0.000000 0.000000,0.000000 0.000000 0.197753 0.000000 0.000000 0.000000 0.000000,66 103 220 23 223 1341 29,0 0 2005 0 0 0 0,0.002083 0.001609 0.460228 0.357200 0.172982 0.002915 0.002983,"[[0,0,66,0,0,0,0],[0,0,103,0,0,0,0],[0,0,220,0,0,0,0],[0,0,23,0,0,0,0],[0,0,223,0,0,0,0],[0,0,1341,0,0,0,0],[0,0,29,0,0,0,0]]",outputs/prediction_diagnostics_4models_c3_b001_by_dataset/dermamnist_224/merged/small/dermamnist_224/convnext/clients_3/beta_0p01/seed_42/ties/merged.pt,outputs/prediction_diagnostics_4models_c3_b001_by_dataset/dermamnist_224/merged/small/dermamnist_224/convnext/clients_3/beta_0p01/seed_42/ties,2026-07-06T10:08:43,My_merge_ret/reports/prediction_diagnostics_4models_c3_b001_by_dataset_dermamnist_224.csv
OK,,14.25,client,small,dermamnist_224,resnet,3,0.01,42,client_0,0,test,0.05187032418952618,0.20695893384791653,0.030332020874228476,0.016835986221125303,5.782220230673317,2005,7,5,0.6688279301745635,3,0.5740648379052369,0.8583146905294556,-0.09476309226932667,1.978097454838804,2,0.3505483034253114,0.5014263335894357,0.7873441396508728,0.93715710723192,0.874876754520397,0.000000 0.883495 0.000000 0.565217 0.000000 0.000000 0.000000,0.000000 0.106557 0.000000 0.011295 0.000000 0.000000 0.000000,0.000000 0.190178 0.000000 0.022147 0.000000 0.000000 0.000000,66 103 220 23 223 1341 29,0 854 0 1151 0 0 0,0.014000 0.410121 0.011015 0.527599 0.013677 0.012380 0.011208,"[[0,51,0,15,0,0,0],[0,91,0,12,0,0,0],[0,130,0,90,0,0,0],[0,10,0,13,0,0,0],[0,95,0,128,0,0,0],[0,458,0,883,0,0,0],[0,19,0,10,0,0,0]]",/data2/liyapeng_grp/program/MedMNISTMerge/model_hub/small/dermamnist_224/resnet/clients_3/beta_0p01/seed_42/client_0.pt,,2026-07-06T10:13:02,My_merge_ret/reports/prediction_diagnostics_4models_c3_b001_by_dataset_dermamnist_224.csv
OK,,14.33,client,small,dermamnist_224,resnet,3,0.01,42,client_1,1,test,0.6812967581047381,0.3110735082500877,0.25200544996306157,0.26020064365734313,2.7255222539354738,2005,7,5,0.6688279301745635,5,0.8748129675810474,1.307979120059657,0.20598503740648388,1.4999997427164629,3,0.20836775880049435,0.26350082946153247,0.9428927680798005,0.2907730673316709,0.2799895432135739,0.757576 0.000000 0.000000 0.000000 0.000000 0.971663 0.448276,0.211864 0.000000 0.000000 0.000000 0.000000 0.742873 0.866667,0.331126 0.000000 0.000000 0.000000 0.000000 0.842003 0.590909,66 103 220 23 223 1341 29,236 0 0 0 0 1754 15,0.124156 0.001044 0.000752 0.001082 0.000923 0.848595 0.023449,"[[50,0,0,0,0,16,0],[27,0,0,0,0,76,0],[69,0,0,0,0,151,0],[5,0,0,0,0,18,0],[47,0,0,0,0,175,1],[37,0,0,0,0,1303,1],[1,0,0,0,0,15,13]]",/data2/liyapeng_grp/program/MedMNISTMerge/model_hub/small/dermamnist_224/resnet/clients_3/beta_0p01/seed_42/client_1.pt,,2026-07-06T10:13:16,My_merge_ret/reports/prediction_diagnostics_4models_c3_b001_by_dataset_dermamnist_224.csv
OK,,14.60,client,small,dermamnist_224,resnet,3,0.01,42,client_2,2,test,0.10972568578553615,0.14285714285714285,0.028263103802672145,0.01568291987453664,10.604654014378116,2005,7,5,0.6688279301745635,2,0.9995012468827931,1.4944071588366892,0.3306733167082295,1.0043000667097226,2,0.0022050595929808013,0.022883422903207863,0.9936408977556109,0.8897755610972569,0.8835383236404899,0.000000 0.000000 1.000000 0.000000 0.000000 0.000000 0.000000,0.000000 0.000000 0.109780 0.000000 0.000000 0.000000 0.000000,0.000000 0.000000 0.197842 0.000000 0.000000 0.000000 0.000000,66 103 220 23 223 1341 29,0 0 2004 1 0 0 0,0.000066 0.000071 0.993264 0.005556 0.000909 0.000055 0.000078,"[[0,0,66,0,0,0,0],[0,0,102,1,0,0,0],[0,0,220,0,0,0,0],[0,0,23,0,0,0,0],[0,0,223,0,0,0,0],[0,0,1341,0,0,0,0],[0,0,29,0,0,0,0]]",/data2/liyapeng_grp/program/MedMNISTMerge/model_hub/small/dermamnist_224/resnet/clients_3/beta_0p01/seed_42/client_2.pt,,2026-07-06T10:13:30,My_merge_ret/reports/prediction_diagnostics_4models_c3_b001_by_dataset_dermamnist_224.csv
OK,,14.39,merge,small,dermamnist_224,resnet,3,0.01,42,avg,,test,0.5461346633416458,0.21691387593050854,0.14864873612276988,0.1352901549543935,1.449836590165212,2005,7,5,0.6688279301745635,5,0.7037406483790524,1.052199850857569,0.034912718204488824,2.247006927735855,3,0.41605162329617185,0.9112948935603645,0.3041770573566085,0.20997506234413968,0.3816579465049061,0.000000 0.000000 0.277273 0.478261 0.000000 0.762864 0.000000,0.000000 0.000000 0.178363 0.043651 0.000000 0.725018 0.000000,0.000000 0.000000 0.217082 0.080000 0.000000 0.743459 0.000000,66 103 220 23 223 1341 29,0 0 342 252 0 1411 0,0.045331 0.139385 0.229002 0.134020 0.102799 0.295593 0.053870,"[[0,0,37,17,0,12,0],[0,0,34,19,0,50,0],[0,0,61,48,0,111,0],[0,0,5,11,0,7,0],[0,0,32,4,0,187,0],[0,0,168,150,0,1023,0],[0,0,5,3,0,21,0]]",outputs/prediction_diagnostics_4models_c3_b001_by_dataset/dermamnist_224/merged/small/dermamnist_224/resnet/clients_3/beta_0p01/seed_42/avg/merged.pt,outputs/prediction_diagnostics_4models_c3_b001_by_dataset/dermamnist_224/merged/small/dermamnist_224/resnet/clients_3/beta_0p01/seed_42/avg,2026-07-06T10:13:45,My_merge_ret/reports/prediction_diagnostics_4models_c3_b001_by_dataset_dermamnist_224.csv
OK,,17.85,merge,small,dermamnist_224,resnet,3,0.01,42,breadcrumbs,,test,0.011471321695760598,0.14285714285714285,0.0034586466165413532,0.0017505137377273766,1.9795662211658354,2005,7,5,0.6688279301745635,3,0.9361596009975063,1.399701715137957,0.26733167082294274,1.2858117789628685,4,0.12918903455556602,0.998005983059394,0.16767456359102245,0.9526184538653367,0.5300276173100087,0.000000 0.000000 0.000000 1.000000 0.000000 0.000000 0.000000,0.000000 0.000000 0.000000 0.012254 0.000000 0.000000 0.000000,0.000000 0.000000 0.000000 0.024211 0.000000 0.000000 0.000000,66 103 220 23 223 1341 29,122 0 0 1877 0 2 4,0.155030 0.127675 0.134217 0.167439 0.135272 0.138800 0.141568,"[[0,0,0,66,0,0,0],[2,0,0,101,0,0,0],[3,0,0,217,0,0,0],[0,0,0,23,0,0,0],[4,0,0,217,0,2,0],[109,0,0,1228,0,0,4],[4,0,0,25,0,0,0]]",outputs/prediction_diagnostics_4models_c3_b001_by_dataset/dermamnist_224/merged/small/dermamnist_224/resnet/clients_3/beta_0p01/seed_42/breadcrumbs/merged.pt,outputs/prediction_diagnostics_4models_c3_b001_by_dataset/dermamnist_224/merged/small/dermamnist_224/resnet/clients_3/beta_0p01/seed_42/breadcrumbs,2026-07-06T10:16:39,My_merge_ret/reports/prediction_diagnostics_4models_c3_b001_by_dataset_dermamnist_224.csv
OK,,15.05,merge,small,dermamnist_224,resnet,3,0.01,42,dare_linear,,test,0.5665835411471322,0.18234049612806544,0.1331672728301685,0.12383811853750323,1.4118548842736909,2005,7,5,0.6688279301745635,5,0.7970074812967581,1.1916480238627891,0.1281795511221946,1.8979362224331793,3,0.32928914905076034,0.8884039814549121,0.3238778054862843,0.23940149625935167,0.3704264529635451,0.000000 0.000000 0.104545 0.347826 0.000000 0.824012 0.000000,0.000000 0.000000 0.142857 0.032520 0.000000 0.691489 0.000000,0.000000 0.000000 0.120735 0.059480 0.000000 0.751956 0.000000,66 103 220 23 223 1341 29,0 0 161 246 0 1598 0,0.039209 0.138052 0.230708 0.143075 0.092645 0.316979 0.039333,"[[0,0,20,15,0,31,0],[0,0,21,15,0,67,0],[0,0,23,44,0,153,0],[0,0,6,8,0,9,0],[0,0,11,5,0,207,0],[0,0,78,158,0,1105,0],[0,0,2,1,0,26,0]]",outputs/prediction_diagnostics_4models_c3_b001_by_dataset/dermamnist_224/merged/small/dermamnist_224/resnet/clients_3/beta_0p01/seed_42/dare_linear/merged.pt,outputs/prediction_diagnostics_4models_c3_b001_by_dataset/dermamnist_224/merged/small/dermamnist_224/resnet/clients_3/beta_0p01/seed_42/dare_linear,2026-07-06T10:14:15,My_merge_ret/reports/prediction_diagnostics_4models_c3_b001_by_dataset_dermamnist_224.csv
OK,,15.44,merge,small,dermamnist_224,resnet,3,0.01,42,dare_ties,,test,0.65785536159601,0.1421244657904603,0.11737020722113635,0.1226759082433894,2.0468722602673006,2005,7,5,0.6688279301745635,5,0.9790523690773068,1.463832960477256,0.3102244389027432,1.1214979649506556,3,0.05892628724612067,0.17553585018620674,0.9267456359102244,0.3102244389027432,0.251021560102992,0.000000 0.000000 0.004545 0.000000 0.008969 0.981357 0.000000,0.000000 0.000000 0.034483 0.000000 0.153846 0.670402 0.000000,0.000000 0.000000 0.008032 0.000000 0.016949 0.796610 0.000000,66 103 220 23 223 1341 29,0 0 29 0 13 1963 0,0.000042 0.001159 0.029654 0.000146 0.048654 0.919849 0.000496,"[[0,0,3,0,2,61,0],[0,0,2,0,2,99,0],[0,0,1,0,2,217,0],[0,0,1,0,0,22,0],[0,0,2,0,2,219,0],[0,0,20,0,5,1316,0],[0,0,0,0,0,29,0]]",outputs/prediction_diagnostics_4models_c3_b001_by_dataset/dermamnist_224/merged/small/dermamnist_224/resnet/clients_3/beta_0p01/seed_42/dare_ties/merged.pt,outputs/prediction_diagnostics_4models_c3_b001_by_dataset/dermamnist_224/merged/small/dermamnist_224/resnet/clients_3/beta_0p01/seed_42/dare_ties,2026-07-06T10:14:30,My_merge_ret/reports/prediction_diagnostics_4models_c3_b001_by_dataset_dermamnist_224.csv
OK,,58.87,merge,small,dermamnist_224,resnet,3,0.01,42,fisher,,test,0.6668329177057356,0.17425127109352548,0.17075211279108674,0.33434755273628103,1.2115358880630456,2005,7,5,0.6688279301745635,5,0.9491271820448878,1.4190902311707683,0.28029925187032423,1.2392825855805691,4,0.11024797433478477,0.43469740215025654,0.7538653366583541,0.2802992518703242,0.12225040305889867,0.000000 0.000000 0.140909 0.000000 0.004484 0.970917 0.103448,0.000000 0.000000 0.322917 0.000000 0.333333 0.684183 1.000000,0.000000 0.000000 0.196203 0.000000 0.008850 0.802713 0.187500,66 103 220 23 223 1341 29,0 0 96 0 3 1903 3,0.000571 0.054722 0.147233 0.012457 0.032716 0.749236 0.003066,"[[0,0,10,0,0,56,0],[0,0,9,0,2,92,0],[0,0,31,0,0,189,0],[0,0,2,0,0,21,0],[0,0,1,0,1,221,0],[0,0,39,0,0,1302,0],[0,0,4,0,0,22,3]]",outputs/prediction_diagnostics_4models_c3_b001_by_dataset/dermamnist_224/merged/small/dermamnist_224/resnet/clients_3/beta_0p01/seed_42/fisher/merged.pt,outputs/prediction_diagnostics_4models_c3_b001_by_dataset/dermamnist_224/merged/small/dermamnist_224/resnet/clients_3/beta_0p01/seed_42/fisher,2026-07-06T10:15:40,My_merge_ret/reports/prediction_diagnostics_4models_c3_b001_by_dataset_dermamnist_224.csv
OK,,14.34,merge,small,dermamnist_224,resnet,3,0.01,42,free_merge,,test,0.5461346633416458,0.21691387593050854,0.14864873612276988,0.1352901549543935,1.449829527743142,2005,7,5,0.6688279301745635,5,0.7037406483790524,1.052199850857569,0.034912718204488824,2.247006927735855,3,0.41605162329617185,0.9112927834890883,0.3041770573566085,0.20997506234413968,0.3816553646990572,0.000000 0.000000 0.277273 0.478261 0.000000 0.762864 0.000000,0.000000 0.000000 0.178363 0.043651 0.000000 0.725018 0.000000,0.000000 0.000000 0.217082 0.080000 0.000000 0.743459 0.000000,66 103 220 23 223 1341 29,0 0 342 252 0 1411 0,0.045330 0.139383 0.229002 0.134021 0.102799 0.295596 0.053870,"[[0,0,37,17,0,12,0],[0,0,34,19,0,50,0],[0,0,61,48,0,111,0],[0,0,5,11,0,7,0],[0,0,32,4,0,187,0],[0,0,168,150,0,1023,0],[0,0,5,3,0,21,0]]",outputs/prediction_diagnostics_4models_c3_b001_by_dataset/dermamnist_224/merged/small/dermamnist_224/resnet/clients_3/beta_0p01/seed_42/free_merge/merged.pt,outputs/prediction_diagnostics_4models_c3_b001_by_dataset/dermamnist_224/merged/small/dermamnist_224/resnet/clients_3/beta_0p01/seed_42/free_merge,2026-07-06T10:17:41,My_merge_ret/reports/prediction_diagnostics_4models_c3_b001_by_dataset_dermamnist_224.csv
OK,,14.34,merge,small,dermamnist_224,resnet,3,0.01,42,from,,test,0.6703241895261846,0.14935064935064934,0.12612917185048952,0.1388829215896885,1.1521549824170043,2005,7,5,0.6688279301745635,5,0.9950124688279302,1.487695749440716,0.3261845386533666,1.0319116459470872,2,0.016143113810852244,0.7343944242796044,0.5760286783042394,0.3261845386533666,0.15445012119293233,0.045455 0.000000 0.000000 0.000000 0.000000 1.000000 0.000000,0.300000 0.000000 0.000000 0.000000 0.000000 0.672180 0.000000,0.078947 0.000000 0.000000 0.000000 0.000000 0.803957 0.000000,66 103 220 23 223 1341 29,10 0 0 0 0 1995 0,0.052159 0.081801 0.099885 0.078215 0.059686 0.575754 0.052499,"[[3,0,0,0,0,63,0],[3,0,0,0,0,100,0],[1,0,0,0,0,219,0],[0,0,0,0,0,23,0],[3,0,0,0,0,220,0],[0,0,0,0,0,1341,0],[0,0,0,0,0,29,0]]",outputs/prediction_diagnostics_4models_c3_b001_by_dataset/dermamnist_224/merged/small/dermamnist_224/resnet/clients_3/beta_0p01/seed_42/from/merged.pt,outputs/prediction_diagnostics_4models_c3_b001_by_dataset/dermamnist_224/merged/small/dermamnist_224/resnet/clients_3/beta_0p01/seed_42/from,2026-07-06T10:17:12,My_merge_ret/reports/prediction_diagnostics_4models_c3_b001_by_dataset_dermamnist_224.csv
OK,,14.68,merge,small,dermamnist_224,resnet,3,0.01,42,iso_c,,test,0.2254364089775561,0.20518830500231763,0.09167830790975483,0.20558096428821562,1.7479470269638404,2005,7,5,0.6688279301745635,2,0.39850374064837907,0.5958240119313946,-0.2703241895261845,2.9447928797974647,5,0.5550299872345387,0.9657028821509901,0.2501870324189526,0.6673316708229426,0.49989932867662834,0.000000 0.009709 0.486364 0.695652 0.000000 0.244594 0.000000,0.000000 0.500000 0.133917 0.020460 0.000000 0.784689 0.000000,0.000000 0.019048 0.210010 0.039752 0.000000 0.372939 0.000000,66 103 220 23 223 1341 29,4 2 799 782 0 418 0,0.080789 0.139870 0.215055 0.191731 0.091600 0.188551 0.092404,"[[0,0,34,32,0,0,0],[3,1,49,44,0,6,0],[1,0,107,99,0,13,0],[0,0,4,16,0,3,0],[0,0,124,31,0,68,0],[0,1,465,547,0,328,0],[0,0,16,13,0,0,0]]",outputs/prediction_diagnostics_4models_c3_b001_by_dataset/dermamnist_224/merged/small/dermamnist_224/resnet/clients_3/beta_0p01/seed_42/iso_c/merged.pt,outputs/prediction_diagnostics_4models_c3_b001_by_dataset/dermamnist_224/merged/small/dermamnist_224/resnet/clients_3/beta_0p01/seed_42/iso_c,2026-07-06T10:17:26,My_merge_ret/reports/prediction_diagnostics_4models_c3_b001_by_dataset_dermamnist_224.csv
OK,,14.49,merge,small,dermamnist_224,resnet,3,0.01,42,model_stock,,test,0.5311720698254364,0.20464396350010589,0.13301301766278698,0.2693094774064705,1.6375555252493765,2005,7,5,0.6688279301745635,5,0.7276807980049875,1.0879940343027592,0.05885286783042398,2.0841257820301955,4,0.3773809795312636,0.9724324436553549,0.22492206982543642,0.25785536159600997,0.4498363045538927,0.015152 0.000000 0.081818 0.565217 0.000000 0.770321 0.000000,1.000000 0.000000 0.146341 0.030806 0.000000 0.708019 0.000000,0.029851 0.000000 0.104956 0.058427 0.000000 0.737857 0.000000,66 103 220 23 223 1341 29,1 0 123 422 0 1459 0,0.087254 0.144131 0.183613 0.158899 0.127255 0.218992 0.079856,"[[1,0,19,29,0,17,0],[0,0,18,27,0,58,0],[0,0,18,74,0,128,0],[0,0,0,13,0,10,0],[0,0,8,21,0,194,0],[0,0,56,252,0,1033,0],[0,0,4,6,0,19,0]]",outputs/prediction_diagnostics_4models_c3_b001_by_dataset/dermamnist_224/merged/small/dermamnist_224/resnet/clients_3/beta_0p01/seed_42/model_stock/merged.pt,outputs/prediction_diagnostics_4models_c3_b001_by_dataset/dermamnist_224/merged/small/dermamnist_224/resnet/clients_3/beta_0p01/seed_42/model_stock,2026-07-06T10:16:57,My_merge_ret/reports/prediction_diagnostics_4models_c3_b001_by_dataset_dermamnist_224.csv
OK,,14.77,merge,small,dermamnist_224,resnet,3,0.01,42,my_merge,,test,0.43241895261845387,0.4386718211251803,0.28253607155193455,0.2947352713867491,2.0230493559801666,2005,7,5,0.6688279301745635,5,0.3396508728179551,0.5078299776286354,-0.32917705735660846,5.84106775897676,7,0.9069861814667123,0.9323501024770066,0.6952618453865337,0.3541147132169576,0.35984211044232767,0.500000 0.291262 0.200000 0.521739 0.430493 0.472036 0.655172,0.144737 0.337079 0.239130 0.042705 0.251969 0.929515 0.118012,0.224490 0.312500 0.217822 0.078947 0.317881 0.626113 0.200000,66 103 220 23 223 1341 29,228 89 184 281 381 681 161,0.098821 0.072401 0.105149 0.140655 0.187183 0.313563 0.082229,"[[33,10,5,10,5,1,2],[25,30,14,12,8,5,9],[69,9,44,29,45,8,16],[5,1,1,12,2,2,0],[32,8,21,12,96,27,27],[64,31,99,201,225,633,88],[0,0,0,5,0,5,19]]",outputs/prediction_diagnostics_4models_c3_b001_by_dataset/dermamnist_224/merged/small/dermamnist_224/resnet/clients_3/beta_0p01/seed_42/my_merge/merged.pt,outputs/prediction_diagnostics_4models_c3_b001_by_dataset/dermamnist_224/merged/small/dermamnist_224/resnet/clients_3/beta_0p01/seed_42/my_merge,2026-07-06T10:18:10,My_merge_ret/reports/prediction_diagnostics_4models_c3_b001_by_dataset_dermamnist_224.csv
OK,,55.00,merge,small,dermamnist_224,resnet,3,0.01,42,regmean,,test,0.4773067331670823,0.18454777884308088,0.14832553379478744,0.19264383284112016,1.446080294868298,2005,7,5,0.6688279301745635,5,0.5536159600997507,0.8277404921700225,-0.11521197007481287,2.348263016736663,6,0.4387026366332112,0.8512109497574195,0.4515586034912718,0.3172069825436408,0.3447077275627056,0.060606 0.000000 0.622727 0.000000 0.000000 0.608501 0.000000,0.444444 0.000000 0.168927 0.000000 0.000000 0.735135 0.000000,0.106667 0.000000 0.265761 0.000000 0.000000 0.665851 0.000000,66 103 220 23 223 1341 29,9 6 811 68 0 1110 1,0.049363 0.089294 0.239024 0.129591 0.051978 0.383364 0.057385,"[[4,0,44,4,0,14,0],[2,0,60,2,0,39,0],[1,0,137,11,0,71,0],[0,0,18,0,0,5,0],[2,4,60,7,0,150,0],[0,2,480,42,0,816,1],[0,0,12,2,0,15,0]]",outputs/prediction_diagnostics_4models_c3_b001_by_dataset/dermamnist_224/merged/small/dermamnist_224/resnet/clients_3/beta_0p01/seed_42/regmean/merged.pt,outputs/prediction_diagnostics_4models_c3_b001_by_dataset/dermamnist_224/merged/small/dermamnist_224/resnet/clients_3/beta_0p01/seed_42/regmean,2026-07-06T10:14:45,My_merge_ret/reports/prediction_diagnostics_4models_c3_b001_by_dataset_dermamnist_224.csv
OK,,15.21,merge,small,dermamnist_224,resnet,3,0.01,42,robustmerge,,test,0.04987531172069826,0.18482494487591078,0.03346682775657277,0.12855262976133555,1.8596611498597257,2005,7,5,0.6688279301745635,1,0.5037406483790524,0.7531692766592096,-0.16508728179551113,2.5275538261875075,4,0.4765132492641061,0.9815011460100738,0.2308135910224439,0.8643391521197008,0.5097223369223463,0.000000 0.572816 0.059091 0.652174 0.000000 0.009694 0.000000,0.000000 0.058416 0.101562 0.017668 0.000000 0.722222 0.000000,0.000000 0.106020 0.074713 0.034404 0.000000 0.019132 0.000000,66 103 220 23 223 1341 29,0 1010 128 849 0 18 0,0.085819 0.199039 0.169417 0.165339 0.113560 0.159106 0.107721,"[[0,26,2,38,0,0,0],[0,59,0,44,0,0,0],[0,101,13,105,0,1,0],[0,7,0,15,0,1,0],[0,153,12,55,0,3,0],[0,652,98,578,0,13,0],[0,12,3,14,0,0,0]]",outputs/prediction_diagnostics_4models_c3_b001_by_dataset/dermamnist_224/merged/small/dermamnist_224/resnet/clients_3/beta_0p01/seed_42/robustmerge/merged.pt,outputs/prediction_diagnostics_4models_c3_b001_by_dataset/dermamnist_224/merged/small/dermamnist_224/resnet/clients_3/beta_0p01/seed_42/robustmerge,2026-07-06T10:17:55,My_merge_ret/reports/prediction_diagnostics_4models_c3_b001_by_dataset_dermamnist_224.csv
OK,,15.43,merge,small,dermamnist_224,resnet,3,0.01,42,ties,,test,0.571072319201995,0.17379553127065278,0.15640095833881376,0.4099534162943847,1.2157362635890743,2005,7,5,0.6688279301745635,5,0.7446384039900249,1.1133482475764356,0.07581047381546135,1.8199569844526062,5,0.3077289391722182,0.6571439607862282,0.5873129675810473,0.21596009975062347,0.14234721301862258,0.030303 0.000000 0.359091 0.000000 0.000000 0.792692 0.034483,1.000000 0.000000 0.157685 0.000000 0.000000 0.711989 1.000000,0.058824 0.000000 0.219140 0.000000 0.000000 0.750176 0.066667,66 103 220 23 223 1341 29,2 0 501 0 8 1493 1,0.031559 0.016455 0.210518 0.024450 0.127309 0.562756 0.026953,"[[2,0,47,0,3,14,0],[0,0,59,0,4,40,0],[0,0,79,0,0,141,0],[0,0,11,0,0,12,0],[0,0,15,0,0,208,0],[0,0,277,0,1,1063,0],[0,0,13,0,0,15,1]]",outputs/prediction_diagnostics_4models_c3_b001_by_dataset/dermamnist_224/merged/small/dermamnist_224/resnet/clients_3/beta_0p01/seed_42/ties/merged.pt,outputs/prediction_diagnostics_4models_c3_b001_by_dataset/dermamnist_224/merged/small/dermamnist_224/resnet/clients_3/beta_0p01/seed_42/ties,2026-07-06T10:13:59,My_merge_ret/reports/prediction_diagnostics_4models_c3_b001_by_dataset_dermamnist_224.csv
OK,,15.94,client,small,dermamnist_224,swin_tiny,3,0.01,42,client_0,0,test,0.051371571072319204,0.14285714285714285,0.01396042287882895,0.007338795867474172,5.151735224925966,2005,7,5,0.6688279301745635,1,1.0,1.4951528709917972,0.33117206982543645,1.0,1,-0.0,0.24089241026292937,0.875997506234414,0.9486284289276807,0.9149945268903005,0.000000 1.000000 0.000000 0.000000 0.000000 0.000000 0.000000,0.000000 0.051372 0.000000 0.000000 0.000000 0.000000 0.000000,0.000000 0.097723 0.000000 0.000000 0.000000 0.000000 0.000000,66 103 220 23 223 1341 29,0 2005 0 0 0 0 0,0.004774 0.875920 0.004992 0.101917 0.004575 0.004068 0.003753,"[[0,66,0,0,0,0,0],[0,103,0,0,0,0,0],[0,220,0,0,0,0,0],[0,23,0,0,0,0,0],[0,223,0,0,0,0,0],[0,1341,0,0,0,0,0],[0,29,0,0,0,0,0]]",/data2/liyapeng_grp/program/MedMNISTMerge/model_hub/small/dermamnist_224/swin_tiny/clients_3/beta_0p01/seed_42/client_0.pt,,2026-07-06T10:18:25,My_merge_ret/reports/prediction_diagnostics_4models_c3_b001_by_dataset_dermamnist_224.csv
OK,,16.46,client,small,dermamnist_224,swin_tiny,3,0.01,42,client_1,1,test,0.6688279301745635,0.14285714285714285,0.1145077277773034,0.0955468471677948,2.2987352176200124,2005,7,5,0.6688279301745635,5,1.0,1.4951528709917972,0.33117206982543645,1.0,1,-0.0,0.44062409872704666,0.6743142144638404,0.33117206982543645,0.27965770235450904,0.000000 0.000000 0.000000 0.000000 0.000000 1.000000 0.000000,0.000000 0.000000 0.000000 0.000000 0.000000 0.668828 0.000000,0.000000 0.000000 0.000000 0.000000 0.000000 0.801554 0.000000,66 103 220 23 223 1341 29,0 0 0 0 0 2005 0,0.222738 0.001094 0.000922 0.000999 0.001117 0.674269 0.098860,"[[0,0,0,0,0,66,0],[0,0,0,0,0,103,0],[0,0,0,0,0,220,0],[0,0,0,0,0,23,0],[0,0,0,0,0,223,0],[0,0,0,0,0,1341,0],[0,0,0,0,0,29,0]]",/data2/liyapeng_grp/program/MedMNISTMerge/model_hub/small/dermamnist_224/swin_tiny/clients_3/beta_0p01/seed_42/client_1.pt,,2026-07-06T10:18:41,My_merge_ret/reports/prediction_diagnostics_4models_c3_b001_by_dataset_dermamnist_224.csv
OK,,15.84,client,small,dermamnist_224,swin_tiny,3,0.01,42,client_2,2,test,0.10972568578553615,0.14285714285714285,0.028250401284109144,0.015675097969362308,6.368784885929707,2005,7,5,0.6688279301745635,2,1.0,1.4951528709917972,0.33117206982543645,1.0,1,-0.0,0.300861846223547,0.7856608478802992,0.8902743142144638,0.7663326074986316,0.000000 0.000000 1.000000 0.000000 0.000000 0.000000 0.000000,0.000000 0.000000 0.109726 0.000000 0.000000 0.000000 0.000000,0.000000 0.000000 0.197753 0.000000 0.000000 0.000000 0.000000,66 103 220 23 223 1341 29,0 0 2005 0 0 0 0,0.000275 0.000301 0.785515 0.015760 0.197477 0.000356 0.000317,"[[0,0,66,0,0,0,0],[0,0,103,0,0,0,0],[0,0,220,0,0,0,0],[0,0,23,0,0,0,0],[0,0,223,0,0,0,0],[0,0,1341,0,0,0,0],[0,0,29,0,0,0,0]]",/data2/liyapeng_grp/program/MedMNISTMerge/model_hub/small/dermamnist_224/swin_tiny/clients_3/beta_0p01/seed_42/client_2.pt,,2026-07-06T10:18:57,My_merge_ret/reports/prediction_diagnostics_4models_c3_b001_by_dataset_dermamnist_224.csv
OK,,16.21,merge,small,dermamnist_224,swin_tiny,3,0.01,42,avg,,test,0.6688279301745635,0.14285714285714285,0.1145077277773034,0.0955468471677948,1.739774586970075,2005,7,5,0.6688279301745635,5,1.0,1.4951528709917972,0.33117206982543645,1.0,1,-0.0,0.9897120021037242,0.1986128428927681,0.33117206982543645,0.4702399935934902,0.000000 0.000000 0.000000 0.000000 0.000000 1.000000 0.000000,0.000000 0.000000 0.000000 0.000000 0.000000 0.668828 0.000000,0.000000 0.000000 0.000000 0.000000 0.000000 0.801554 0.000000,66 103 220 23 223 1341 29,0 0 0 0 0 2005 0,0.152265 0.110362 0.134891 0.105229 0.151988 0.198588 0.146678,"[[0,0,0,0,0,66,0],[0,0,0,0,0,103,0],[0,0,0,0,0,220,0],[0,0,0,0,0,23,0],[0,0,0,0,0,223,0],[0,0,0,0,0,1341,0],[0,0,0,0,0,29,0]]",outputs/prediction_diagnostics_4models_c3_b001_by_dataset/dermamnist_224/merged/small/dermamnist_224/swin_tiny/clients_3/beta_0p01/seed_42/avg/merged.pt,outputs/prediction_diagnostics_4models_c3_b001_by_dataset/dermamnist_224/merged/small/dermamnist_224/swin_tiny/clients_3/beta_0p01/seed_42/avg,2026-07-06T10:19:13,My_merge_ret/reports/prediction_diagnostics_4models_c3_b001_by_dataset_dermamnist_224.csv
OK,,25.39,merge,small,dermamnist_224,swin_tiny,3,0.01,42,breadcrumbs,,test,0.051371571072319204,0.14285714285714285,0.01396042287882895,0.007338795867474172,2.133701878117207,2005,7,5,0.6688279301745635,1,1.0,1.4951528709917972,0.33117206982543645,1.0,1,-0.0,0.9694474818961792,0.24962593516209478,0.9486284289276807,0.56683723986388,0.000000 1.000000 0.000000 0.000000 0.000000 0.000000 0.000000,0.000000 0.051372 0.000000 0.000000 0.000000 0.000000 0.000000,0.000000 0.097723 0.000000 0.000000 0.000000 0.000000 0.000000,66 103 220 23 223 1341 29,0 2005 0 0 0 0 0,0.093324 0.249613 0.150825 0.122373 0.176012 0.101991 0.105862,"[[0,66,0,0,0,0,0],[0,103,0,0,0,0,0],[0,220,0,0,0,0,0],[0,23,0,0,0,0,0],[0,223,0,0,0,0,0],[0,1341,0,0,0,0,0],[0,29,0,0,0,0,0]]",outputs/prediction_diagnostics_4models_c3_b001_by_dataset/dermamnist_224/merged/small/dermamnist_224/swin_tiny/clients_3/beta_0p01/seed_42/breadcrumbs/merged.pt,outputs/prediction_diagnostics_4models_c3_b001_by_dataset/dermamnist_224/merged/small/dermamnist_224/swin_tiny/clients_3/beta_0p01/seed_42/breadcrumbs,2026-07-06T10:21:44,My_merge_ret/reports/prediction_diagnostics_4models_c3_b001_by_dataset_dermamnist_224.csv
OK,,17.57,merge,small,dermamnist_224,swin_tiny,3,0.01,42,dare_linear,,test,0.6688279301745635,0.14285714285714285,0.1145077277773034,0.0955468471677948,1.7709447085411472,2005,7,5,0.6688279301745635,5,1.0,1.4951528709917972,0.33117206982543645,1.0,1,-0.0,0.9909948022856472,0.18335411471321697,0.33117206982543645,0.485439325695721,0.000000 0.000000 0.000000 0.000000 0.000000 1.000000 0.000000,0.000000 0.000000 0.000000 0.000000 0.000000 0.668828 0.000000,0.000000 0.000000 0.000000 0.000000 0.000000 0.801554 0.000000,66 103 220 23 223 1341 29,0 0 0 0 0 2005 0,0.152254 0.124173 0.152844 0.094983 0.159107 0.183389 0.133250,"[[0,0,0,0,0,66,0],[0,0,0,0,0,103,0],[0,0,0,0,0,220,0],[0,0,0,0,0,23,0],[0,0,0,0,0,223,0],[0,0,0,0,0,1341,0],[0,0,0,0,0,29,0]]",outputs/prediction_diagnostics_4models_c3_b001_by_dataset/dermamnist_224/merged/small/dermamnist_224/swin_tiny/clients_3/beta_0p01/seed_42/dare_linear/merged.pt,outputs/prediction_diagnostics_4models_c3_b001_by_dataset/dermamnist_224/merged/small/dermamnist_224/swin_tiny/clients_3/beta_0p01/seed_42/dare_linear,2026-07-06T10:19:48,My_merge_ret/reports/prediction_diagnostics_4models_c3_b001_by_dataset_dermamnist_224.csv
OK,,19.55,merge,small,dermamnist_224,swin_tiny,3,0.01,42,dare_ties,,test,0.10972568578553615,0.14285714285714285,0.028250401284109144,0.015675097969362308,1.5132710216645886,2005,7,5,0.6688279301745635,2,1.0,1.4951528709917972,0.33117206982543645,1.0,1,-0.0,0.7078004132934504,0.3913653366583541,0.8902743142144638,0.34773233324220204,0.000000 0.000000 1.000000 0.000000 0.000000 0.000000 0.000000,0.000000 0.000000 0.109726 0.000000 0.000000 0.000000 0.000000,0.000000 0.000000 0.197753 0.000000 0.000000 0.000000 0.000000,66 103 220 23 223 1341 29,0 0 2005 0 0 0 0,0.039038 0.001971 0.391431 0.033184 0.121183 0.370496 0.042696,"[[0,0,66,0,0,0,0],[0,0,103,0,0,0,0],[0,0,220,0,0,0,0],[0,0,23,0,0,0,0],[0,0,223,0,0,0,0],[0,0,1341,0,0,0,0],[0,0,29,0,0,0,0]]",outputs/prediction_diagnostics_4models_c3_b001_by_dataset/dermamnist_224/merged/small/dermamnist_224/swin_tiny/clients_3/beta_0p01/seed_42/dare_ties/merged.pt,outputs/prediction_diagnostics_4models_c3_b001_by_dataset/dermamnist_224/merged/small/dermamnist_224/swin_tiny/clients_3/beta_0p01/seed_42/dare_ties,2026-07-06T10:20:05,My_merge_ret/reports/prediction_diagnostics_4models_c3_b001_by_dataset_dermamnist_224.csv
OK,,80.29,merge,small,dermamnist_224,swin_tiny,3,0.01,42,fisher,,test,0.6688279301745635,0.14285714285714285,0.1145077277773034,0.0955468471677948,1.3235047147755612,2005,7,5,0.6688279301745635,5,1.0,1.4951528709917972,0.33117206982543645,1.0,1,-0.0,0.7317804909910083,0.5564876870324189,0.33117206982543645,0.2354576982854315,0.000000 0.000000 0.000000 0.000000 0.000000 1.000000 0.000000,0.000000 0.000000 0.000000 0.000000 0.000000 0.668828 0.000000,0.000000 0.000000 0.000000 0.000000 0.000000 0.801554 0.000000,66 103 220 23 223 1341 29,0 0 0 0 0 2005 0,0.127802 0.117553 0.061298 0.029232 0.036517 0.556503 0.071095,"[[0,0,0,0,0,66,0],[0,0,0,0,0,103,0],[0,0,0,0,0,220,0],[0,0,0,0,0,23,0],[0,0,0,0,0,223,0],[0,0,0,0,0,1341,0],[0,0,0,0,0,29,0]]",outputs/prediction_diagnostics_4models_c3_b001_by_dataset/dermamnist_224/merged/small/dermamnist_224/swin_tiny/clients_3/beta_0p01/seed_42/fisher/merged.pt,outputs/prediction_diagnostics_4models_c3_b001_by_dataset/dermamnist_224/merged/small/dermamnist_224/swin_tiny/clients_3/beta_0p01/seed_42/fisher,2026-07-06T10:39:38,My_merge_ret/reports/prediction_diagnostics_4models_c3_b001_by_dataset_dermamnist_224.csv
OK,,17.21,merge,small,dermamnist_224,swin_tiny,3,0.01,42,free_merge,,test,0.6688279301745635,0.14285714285714285,0.1145077277773034,0.0955468471677948,1.736915036627182,2005,7,5,0.6688279301745635,5,1.0,1.4951528709917972,0.33117206982543645,1.0,1,-0.0,0.9896560216014696,0.20082605985037408,0.33117206982543645,0.4679719403707515,0.000000 0.000000 0.000000 0.000000 0.000000 1.000000 0.000000,0.000000 0.000000 0.000000 0.000000 0.000000 0.668828 0.000000,0.000000 0.000000 0.000000 0.000000 0.000000 0.801554 0.000000,66 103 220 23 223 1341 29,0 0 0 0 0 2005 0,0.154201 0.115945 0.129673 0.104266 0.147581 0.200856 0.147478,"[[0,0,0,0,0,66,0],[0,0,0,0,0,103,0],[0,0,0,0,0,220,0],[0,0,0,0,0,23,0],[0,0,0,0,0,223,0],[0,0,0,0,0,1341,0],[0,0,0,0,0,29,0]]",outputs/prediction_diagnostics_4models_c3_b001_by_dataset/dermamnist_224/merged/small/dermamnist_224/swin_tiny/clients_3/beta_0p01/seed_42/free_merge/merged.pt,outputs/prediction_diagnostics_4models_c3_b001_by_dataset/dermamnist_224/merged/small/dermamnist_224/swin_tiny/clients_3/beta_0p01/seed_42/free_merge,2026-07-06T10:23:01,My_merge_ret/reports/prediction_diagnostics_4models_c3_b001_by_dataset_dermamnist_224.csv
OK,,16.83,merge,small,dermamnist_224,swin_tiny,3,0.01,42,from,,test,0.6688279301745635,0.14285714285714285,0.1145077277773034,0.0955468471677948,1.663239362531172,2005,7,5,0.6688279301745635,5,1.0,1.4951528709917972,0.33117206982543645,1.0,1,-0.0,0.9604589137580537,0.21633416458852867,0.33117206982543645,0.4524926744014221,0.000000 0.000000 0.000000 0.000000 0.000000 1.000000 0.000000,0.000000 0.000000 0.000000 0.000000 0.000000 0.668828 0.000000,0.000000 0.000000 0.000000 0.000000 0.000000 0.801554 0.000000,66 103 220 23 223 1341 29,0 0 0 0 0 2005 0,0.132867 0.055950 0.192204 0.094454 0.188965 0.216335 0.119225,"[[0,0,0,0,0,66,0],[0,0,0,0,0,103,0],[0,0,0,0,0,220,0],[0,0,0,0,0,23,0],[0,0,0,0,0,223,0],[0,0,0,0,0,1341,0],[0,0,0,0,0,29,0]]",outputs/prediction_diagnostics_4models_c3_b001_by_dataset/dermamnist_224/merged/small/dermamnist_224/swin_tiny/clients_3/beta_0p01/seed_42/from/merged.pt,outputs/prediction_diagnostics_4models_c3_b001_by_dataset/dermamnist_224/merged/small/dermamnist_224/swin_tiny/clients_3/beta_0p01/seed_42/from,2026-07-06T10:22:27,My_merge_ret/reports/prediction_diagnostics_4models_c3_b001_by_dataset_dermamnist_224.csv
OK,,17.91,merge,small,dermamnist_224,swin_tiny,3,0.01,42,iso_c,,test,0.16359102244389026,0.14784857200964582,0.051596517169178305,0.1017591800263806,1.869682726776808,2005,7,5,0.6688279301745635,2,0.8997506234413966,1.3452647278150636,0.230922693266833,1.3849036417251541,2,0.1673410072995756,0.9969630216131143,0.17085411471321696,0.7900249376558603,0.5111249830468614,0.000000 0.000000 0.945455 0.000000 0.000000 0.089485 0.000000,0.000000 0.000000 0.115299 0.000000 0.000000 0.597015 0.000000,0.000000 0.000000 0.205534 0.000000 0.000000 0.155642 0.000000,66 103 220 23 223 1341 29,0 0 1804 0 0 201 0,0.123148 0.127951 0.169998 0.134408 0.149321 0.157703 0.137470,"[[0,0,62,0,0,4,0],[0,0,96,0,0,7,0],[0,0,208,0,0,12,0],[0,0,22,0,0,1,0],[0,0,167,0,0,56,0],[0,0,1221,0,0,120,0],[0,0,28,0,0,1,0]]",outputs/prediction_diagnostics_4models_c3_b001_by_dataset/dermamnist_224/merged/small/dermamnist_224/swin_tiny/clients_3/beta_0p01/seed_42/iso_c/merged.pt,outputs/prediction_diagnostics_4models_c3_b001_by_dataset/dermamnist_224/merged/small/dermamnist_224/swin_tiny/clients_3/beta_0p01/seed_42/iso_c,2026-07-06T10:22:43,My_merge_ret/reports/prediction_diagnostics_4models_c3_b001_by_dataset_dermamnist_224.csv
OK,,17.65,merge,small,dermamnist_224,swin_tiny,3,0.01,42,model_stock,,test,0.6688279301745635,0.14285714285714285,0.1145077277773034,0.0955468471677948,1.8524893820137156,2005,7,5,0.6688279301745635,5,1.0,1.4951528709917972,0.33117206982543645,1.0,1,-0.0,0.9969693559515972,0.16444825436408977,0.33117206982543645,0.5043935497837766,0.000000 0.000000 0.000000 0.000000 0.000000 1.000000 0.000000,0.000000 0.000000 0.000000 0.000000 0.000000 0.668828 0.000000,0.000000 0.000000 0.000000 0.000000 0.000000 0.801554 0.000000,66 103 220 23 223 1341 29,0 0 0 0 0 2005 0,0.137782 0.154166 0.132654 0.114366 0.153568 0.164434 0.143029,"[[0,0,0,0,0,66,0],[0,0,0,0,0,103,0],[0,0,0,0,0,220,0],[0,0,0,0,0,23,0],[0,0,0,0,0,223,0],[0,0,0,0,0,1341,0],[0,0,0,0,0,29,0]]",outputs/prediction_diagnostics_4models_c3_b001_by_dataset/dermamnist_224/merged/small/dermamnist_224/swin_tiny/clients_3/beta_0p01/seed_42/model_stock/merged.pt,outputs/prediction_diagnostics_4models_c3_b001_by_dataset/dermamnist_224/merged/small/dermamnist_224/swin_tiny/clients_3/beta_0p01/seed_42/model_stock,2026-07-06T10:22:09,My_merge_ret/reports/prediction_diagnostics_4models_c3_b001_by_dataset_dermamnist_224.csv
OK,,16.51,merge,small,dermamnist_224,swin_tiny,3,0.01,42,my_merge,,test,0.47082294264339153,0.4243001624075569,0.28575073344353663,0.2897795638249373,4.498504532126715,2005,7,5,0.6688279301745635,5,0.38453865336658355,0.5749440715883669,-0.28428927680798,5.608361180204201,7,0.8860936117498324,0.8901945409960027,0.8840399002493765,0.29875311720698255,0.29909729252296724,0.560606 0.223301 0.250000 0.304348 0.331839 0.541387 0.758621,0.180488 0.267442 0.264423 0.032258 0.212034 0.941634 0.130178,0.273063 0.243386 0.257009 0.058333 0.258741 0.687500 0.222222,66 103 220 23 223 1341 29,205 86 208 217 349 771 169,0.098202 0.047197 0.102637 0.109744 0.174879 0.380993 0.086347,"[[37,8,5,7,5,2,2],[28,23,10,17,8,6,11],[50,12,55,31,37,13,22],[5,3,2,7,2,2,2],[29,4,42,34,74,20,20],[56,34,93,119,223,726,90],[0,2,1,2,0,2,22]]",outputs/prediction_diagnostics_4models_c3_b001_by_dataset/dermamnist_224/merged/small/dermamnist_224/swin_tiny/clients_3/beta_0p01/seed_42/my_merge/merged.pt,outputs/prediction_diagnostics_4models_c3_b001_by_dataset/dermamnist_224/merged/small/dermamnist_224/swin_tiny/clients_3/beta_0p01/seed_42/my_merge,2026-07-06T10:23:36,My_merge_ret/reports/prediction_diagnostics_4models_c3_b001_by_dataset_dermamnist_224.csv
OK,,64.86,merge,small,dermamnist_224,swin_tiny,3,0.01,42,regmean,,test,0.10972568578553615,0.14285714285714285,0.028250401284109144,0.015675097969362308,3.4407621084008726,2005,7,5,0.6688279301745635,2,1.0,1.4951528709917972,0.33117206982543645,1.0,1,-0.0,0.5456266369258289,0.609351620947631,0.8902743142144638,0.7202728394324207,0.000000 0.000000 1.000000 0.000000 0.000000 0.000000 0.000000,0.000000 0.000000 0.109726 0.000000 0.000000 0.000000 0.000000,0.000000 0.000000 0.197753 0.000000 0.000000 0.000000 0.000000,66 103 220 23 223 1341 29,0 0 2005 0 0 0 0,0.011595 0.008766 0.609399 0.078194 0.265099 0.016289 0.010658,"[[0,0,66,0,0,0,0],[0,0,103,0,0,0,0],[0,0,220,0,0,0,0],[0,0,23,0,0,0,0],[0,0,223,0,0,0,0],[0,0,1341,0,0,0,0],[0,0,29,0,0,0,0]]",outputs/prediction_diagnostics_4models_c3_b001_by_dataset/dermamnist_224/merged/small/dermamnist_224/swin_tiny/clients_3/beta_0p01/seed_42/regmean/merged.pt,outputs/prediction_diagnostics_4models_c3_b001_by_dataset/dermamnist_224/merged/small/dermamnist_224/swin_tiny/clients_3/beta_0p01/seed_42/regmean,2026-07-06T10:20:25,My_merge_ret/reports/prediction_diagnostics_4models_c3_b001_by_dataset_dermamnist_224.csv
OK,,17.61,merge,small,dermamnist_224,swin_tiny,3,0.01,42,robustmerge,,test,0.011471321695760598,0.14285714285714285,0.0032403493941955477,0.001638760242251514,2.0786403132793017,2005,7,5,0.6688279301745635,3,1.0,1.4951528709917972,0.33117206982543645,1.0,1,-0.0,0.9930953721970385,0.17440773067331672,0.9885286783042393,0.5545513605033168,0.000000 0.000000 0.000000 1.000000 0.000000 0.000000 0.000000,0.000000 0.000000 0.000000 0.011471 0.000000 0.000000 0.000000,0.000000 0.000000 0.000000 0.022682 0.000000 0.000000 0.000000,66 103 220 23 223 1341 29,0 0 0 2005 0 0 0,0.117418 0.161622 0.141588 0.174388 0.167774 0.114277 0.122934,"[[0,0,0,66,0,0,0],[0,0,0,103,0,0,0],[0,0,0,220,0,0,0],[0,0,0,23,0,0,0],[0,0,0,223,0,0,0],[0,0,0,1341,0,0,0],[0,0,0,29,0,0,0]]",outputs/prediction_diagnostics_4models_c3_b001_by_dataset/dermamnist_224/merged/small/dermamnist_224/swin_tiny/clients_3/beta_0p01/seed_42/robustmerge/merged.pt,outputs/prediction_diagnostics_4models_c3_b001_by_dataset/dermamnist_224/merged/small/dermamnist_224/swin_tiny/clients_3/beta_0p01/seed_42/robustmerge,2026-07-06T10:23:19,My_merge_ret/reports/prediction_diagnostics_4models_c3_b001_by_dataset_dermamnist_224.csv
OK,,18.19,merge,small,dermamnist_224,swin_tiny,3,0.01,42,ties,,test,0.10972568578553615,0.14285714285714285,0.028250401284109144,0.015675097969362308,1.6346993843516209,2005,7,5,0.6688279301745635,2,1.0,1.4951528709917972,0.33117206982543645,1.0,1,-0.0,0.8724133434476049,0.30224438902743145,0.8902743142144638,0.4658874679558634,0.000000 0.000000 1.000000 0.000000 0.000000 0.000000 0.000000,0.000000 0.000000 0.109726 0.000000 0.000000 0.000000 0.000000,0.000000 0.000000 0.197753 0.000000 0.000000 0.000000 0.000000,66 103 220 23 223 1341 29,0 0 2005 0 0 0 0,0.106702 0.012164 0.302225 0.059417 0.184589 0.242148 0.092755,"[[0,0,66,0,0,0,0],[0,0,103,0,0,0,0],[0,0,220,0,0,0,0],[0,0,23,0,0,0,0],[0,0,223,0,0,0,0],[0,0,1341,0,0,0,0],[0,0,29,0,0,0,0]]",outputs/prediction_diagnostics_4models_c3_b001_by_dataset/dermamnist_224/merged/small/dermamnist_224/swin_tiny/clients_3/beta_0p01/seed_42/ties/merged.pt,outputs/prediction_diagnostics_4models_c3_b001_by_dataset/dermamnist_224/merged/small/dermamnist_224/swin_tiny/clients_3/beta_0p01/seed_42/ties,2026-07-06T10:19:29,My_merge_ret/reports/prediction_diagnostics_4models_c3_b001_by_dataset_dermamnist_224.csv
OK,,14.30,client,small,dermamnist_224,vit_t,3,0.01,42,client_0,0,test,0.051371571072319204,0.14285714285714285,0.01396042287882895,0.007338795867474172,10.746712077228803,2005,7,5,0.6688279301745635,1,1.0,1.4951528709917972,0.33117206982543645,1.0,1,-0.0,0.04864728417601262,0.9809226932668329,0.9486284289276807,0.9371173616938935,0.000000 1.000000 0.000000 0.000000 0.000000 0.000000 0.000000,0.000000 0.051372 0.000000 0.000000 0.000000 0.000000 0.000000,0.000000 0.097723 0.000000 0.000000 0.000000 0.000000 0.000000,66 103 220 23 223 1341 29,0 2005 0 0 0 0 0,0.000006 0.980950 0.000003 0.019011 0.000006 0.000017 0.000008,"[[0,66,0,0,0,0,0],[0,103,0,0,0,0,0],[0,220,0,0,0,0,0],[0,23,0,0,0,0,0],[0,223,0,0,0,0,0],[0,1341,0,0,0,0,0],[0,29,0,0,0,0,0]]",/data2/liyapeng_grp/program/MedMNISTMerge/model_hub/small/dermamnist_224/vit_t/clients_3/beta_0p01/seed_42/client_0.pt,,2026-07-06T10:23:53,My_merge_ret/reports/prediction_diagnostics_4models_c3_b001_by_dataset_dermamnist_224.csv
OK,,14.29,client,small,dermamnist_224,vit_t,3,0.01,42,client_1,1,test,0.6713216957605985,0.1592028660994178,0.1439777209585133,0.23041783262777735,2.9517333984375,2005,7,5,0.6688279301745635,5,0.9930174563591022,1.4847129008202835,0.32418952618453867,1.046289224185535,3,0.023253813852473507,0.17494396942916993,0.9064214463840399,0.32418952618453867,0.2919381018700523,0.045455 0.000000 0.000000 0.000000 0.000000 1.000000 0.068966,0.272727 0.000000 0.000000 0.000000 0.000000 0.673531 0.666667,0.077922 0.000000 0.000000 0.000000 0.000000 0.804922 0.125000,66 103 220 23 223 1341 29,11 0 0 0 0 1991 3,0.089343 0.000095 0.000043 0.000104 0.000083 0.904341 0.005991,"[[3,0,0,0,0,63,0],[2,0,0,0,0,101,0],[1,0,0,0,0,219,0],[0,0,0,0,0,23,0],[4,0,0,0,0,218,1],[0,0,0,0,0,1341,0],[1,0,0,0,0,26,2]]",/data2/liyapeng_grp/program/MedMNISTMerge/model_hub/small/dermamnist_224/vit_t/clients_3/beta_0p01/seed_42/client_1.pt,,2026-07-06T10:24:07,My_merge_ret/reports/prediction_diagnostics_4models_c3_b001_by_dataset_dermamnist_224.csv
OK,,14.14,client,small,dermamnist_224,vit_t,3,0.01,42,client_2,2,test,0.10922693266832918,0.1422077922077922,0.02814729130518604,0.01561942800085586,8.254945034873753,2005,7,5,0.6688279301745635,2,0.999002493765586,1.493661446681581,0.3301745635910225,1.007921236466097,2,0.004054672397669753,0.1030424967148296,0.9591022443890275,0.8892768079800499,0.8609281572273415,0.000000 0.000000 0.995455 0.000000 0.000000 0.000000 0.000000,0.000000 0.000000 0.109336 0.000000 0.000000 0.000000 0.000000,0.000000 0.000000 0.197031 0.000000 0.000000 0.000000 0.000000,66 103 220 23 223 1341 29,0 0 2003 0 2 0 0,0.000053 0.000017 0.958923 0.023202 0.017729 0.000044 0.000033,"[[0,0,66,0,0,0,0],[0,0,103,0,0,0,0],[0,0,219,0,1,0,0],[0,0,23,0,0,0,0],[0,0,223,0,0,0,0],[0,0,1340,0,1,0,0],[0,0,29,0,0,0,0]]",/data2/liyapeng_grp/program/MedMNISTMerge/model_hub/small/dermamnist_224/vit_t/clients_3/beta_0p01/seed_42/client_2.pt,,2026-07-06T10:24:21,My_merge_ret/reports/prediction_diagnostics_4models_c3_b001_by_dataset_dermamnist_224.csv
OK,,14.37,merge,small,dermamnist_224,vit_t,3,0.01,42,avg,,test,0.6688279301745635,0.14285714285714285,0.1145077277773034,0.0955468471677948,1.4087174641521196,2005,7,5,0.6688279301745635,5,1.0,1.4951528709917972,0.33117206982543645,1.0,1,-0.0,0.8040950228952674,0.44956359102244386,0.33117206982543645,0.3271182098992373,0.000000 0.000000 0.000000 0.000000 0.000000 1.000000 0.000000,0.000000 0.000000 0.000000 0.000000 0.000000 0.668828 0.000000,0.000000 0.000000 0.000000 0.000000 0.000000 0.801554 0.000000,66 103 220 23 223 1341 29,0 0 0 0 0 2005 0,0.234044 0.039687 0.065549 0.071939 0.059196 0.449597 0.079988,"[[0,0,0,0,0,66,0],[0,0,0,0,0,103,0],[0,0,0,0,0,220,0],[0,0,0,0,0,23,0],[0,0,0,0,0,223,0],[0,0,0,0,0,1341,0],[0,0,0,0,0,29,0]]",outputs/prediction_diagnostics_4models_c3_b001_by_dataset/dermamnist_224/merged/small/dermamnist_224/vit_t/clients_3/beta_0p01/seed_42/avg/merged.pt,outputs/prediction_diagnostics_4models_c3_b001_by_dataset/dermamnist_224/merged/small/dermamnist_224/vit_t/clients_3/beta_0p01/seed_42/avg,2026-07-06T10:24:36,My_merge_ret/reports/prediction_diagnostics_4models_c3_b001_by_dataset_dermamnist_224.csv
OK,,15.93,merge,small,dermamnist_224,vit_t,3,0.01,42,breadcrumbs,,test,0.051371571072319204,0.14285714285714285,0.01396042287882895,0.007338795867474172,4.931082937188279,2005,7,5,0.6688279301745635,1,1.0,1.4951528709917972,0.33117206982543645,1.0,1,-0.0,0.44115152854763134,0.7151496259351621,0.9486284289276807,0.8707515920464713,0.000000 1.000000 0.000000 0.000000 0.000000 0.000000 0.000000,0.000000 0.051372 0.000000 0.000000 0.000000 0.000000 0.000000,0.000000 0.097723 0.000000 0.000000 0.000000 0.000000 0.000000,66 103 220 23 223 1341 29,0 2005 0 0 0 0 0,0.023393 0.715133 0.017453 0.214799 0.007258 0.003838 0.018126,"[[0,66,0,0,0,0,0],[0,103,0,0,0,0,0],[0,220,0,0,0,0,0],[0,23,0,0,0,0,0],[0,223,0,0,0,0,0],[0,1341,0,0,0,0,0],[0,29,0,0,0,0,0]]",outputs/prediction_diagnostics_4models_c3_b001_by_dataset/dermamnist_224/merged/small/dermamnist_224/vit_t/clients_3/beta_0p01/seed_42/breadcrumbs/merged.pt,outputs/prediction_diagnostics_4models_c3_b001_by_dataset/dermamnist_224/merged/small/dermamnist_224/vit_t/clients_3/beta_0p01/seed_42/breadcrumbs,2026-07-06T10:27:31,My_merge_ret/reports/prediction_diagnostics_4models_c3_b001_by_dataset_dermamnist_224.csv
OK,,14.69,merge,small,dermamnist_224,vit_t,3,0.01,42,dare_linear,,test,0.14164588528678304,0.08993579127807316,0.044128115291458415,0.07016544231704379,1.6958787114245637,2005,7,5,0.6688279301745635,0,0.7301745635910224,1.0917225950782998,0.06134663341645885,1.791557114225635,2,0.29964648584146647,0.7999459304561803,0.39336034912718204,0.6972568578553615,0.47326683712560924,0.439394 0.000000 0.000000 0.000000 0.000000 0.190157 0.000000,0.019809 0.000000 0.000000 0.000000 0.000000 0.471349 0.000000,0.037908 0.000000 0.000000 0.000000 0.000000 0.270988 0.000000,66 103 220 23 223 1341 29,1464 0 0 0 0 541 0,0.378031 0.037976 0.069890 0.097189 0.037947 0.322067 0.056899,"[[29,0,0,0,0,37,0],[22,0,0,0,0,81,0],[112,0,0,0,0,108,0],[8,0,0,0,0,15,0],[195,0,0,0,0,28,0],[1086,0,0,0,0,255,0],[12,0,0,0,0,17,0]]",outputs/prediction_diagnostics_4models_c3_b001_by_dataset/dermamnist_224/merged/small/dermamnist_224/vit_t/clients_3/beta_0p01/seed_42/dare_linear/merged.pt,outputs/prediction_diagnostics_4models_c3_b001_by_dataset/dermamnist_224/merged/small/dermamnist_224/vit_t/clients_3/beta_0p01/seed_42/dare_linear,2026-07-06T10:25:05,My_merge_ret/reports/prediction_diagnostics_4models_c3_b001_by_dataset_dermamnist_224.csv
OK,,14.78,merge,small,dermamnist_224,vit_t,3,0.01,42,dare_ties,,test,0.07231920199501247,0.15268030588558243,0.04339365206297742,0.24816954416254342,2.4492130878857545,2005,7,5,0.6688279301745635,0,0.9416458852867831,1.4079045488441462,0.2728179551122195,1.255410233236117,3,0.11689254940853908,0.44272722996613645,0.6786783042394015,0.9087281795511221,0.6569026137095636,0.939394 0.000000 0.000000 0.000000 0.000000 0.060403 0.068966,0.032839 0.000000 0.000000 0.000000 0.000000 0.704348 1.000000,0.063460 0.000000 0.000000 0.000000 0.000000 0.111264 0.129032,66 103 220 23 223 1341 29,1888 0 0 0 0 115 2,0.672264 0.001400 0.008133 0.004965 0.013086 0.268132 0.032020,"[[62,0,0,0,0,4,0],[98,0,0,0,0,5,0],[207,0,0,0,0,13,0],[23,0,0,0,0,0,0],[218,0,0,0,0,5,0],[1260,0,0,0,0,81,0],[20,0,0,0,0,7,2]]",outputs/prediction_diagnostics_4models_c3_b001_by_dataset/dermamnist_224/merged/small/dermamnist_224/vit_t/clients_3/beta_0p01/seed_42/dare_ties/merged.pt,outputs/prediction_diagnostics_4models_c3_b001_by_dataset/dermamnist_224/merged/small/dermamnist_224/vit_t/clients_3/beta_0p01/seed_42/dare_ties,2026-07-06T10:25:20,My_merge_ret/reports/prediction_diagnostics_4models_c3_b001_by_dataset_dermamnist_224.csv
OK,,58.61,merge,small,dermamnist_224,vit_t,3,0.01,42,fisher,,test,0.6688279301745635,0.14285714285714285,0.1145077277773034,0.0955468471677948,1.3383419198585567,2005,7,5,0.6688279301745635,5,1.0,1.4951528709917972,0.33117206982543645,1.0,1,-0.0,0.3757389653794569,0.8273067331670823,0.33117206982543645,0.16562751715566557,0.000000 0.000000 0.000000 0.000000 0.000000 1.000000 0.000000,0.000000 0.000000 0.000000 0.000000 0.000000 0.668828 0.000000,0.000000 0.000000 0.000000 0.000000 0.000000 0.801554 0.000000,66 103 220 23 223 1341 29,0 0 0 0 0 2005 0,0.021679 0.055190 0.056069 0.014759 0.017103 0.827350 0.007851,"[[0,0,0,0,0,66,0],[0,0,0,0,0,103,0],[0,0,0,0,0,220,0],[0,0,0,0,0,23,0],[0,0,0,0,0,223,0],[0,0,0,0,0,1341,0],[0,0,0,0,0,29,0]]",outputs/prediction_diagnostics_4models_c3_b001_by_dataset/dermamnist_224/merged/small/dermamnist_224/vit_t/clients_3/beta_0p01/seed_42/fisher/merged.pt,outputs/prediction_diagnostics_4models_c3_b001_by_dataset/dermamnist_224/merged/small/dermamnist_224/vit_t/clients_3/beta_0p01/seed_42/fisher,2026-07-06T10:26:32,My_merge_ret/reports/prediction_diagnostics_4models_c3_b001_by_dataset_dermamnist_224.csv
OK,,14.87,merge,small,dermamnist_224,vit_t,3,0.01,42,free_merge,,test,0.6688279301745635,0.14285714285714285,0.1145077277773034,0.0955468471677948,1.3693750243531795,2005,7,5,0.6688279301745635,5,1.0,1.4951528709917972,0.33117206982543645,1.0,1,-0.0,0.758781995933419,0.4989713216957606,0.33117206982543645,0.30135746649469286,0.000000 0.000000 0.000000 0.000000 0.000000 1.000000 0.000000,0.000000 0.000000 0.000000 0.000000 0.000000 0.668828 0.000000,0.000000 0.000000 0.000000 0.000000 0.000000 0.801554 0.000000,66 103 220 23 223 1341 29,0 0 0 0 0 2005 0,0.224149 0.035894 0.050377 0.067060 0.054599 0.498920 0.069001,"[[0,0,0,0,0,66,0],[0,0,0,0,0,103,0],[0,0,0,0,0,220,0],[0,0,0,0,0,23,0],[0,0,0,0,0,223,0],[0,0,0,0,0,1341,0],[0,0,0,0,0,29,0]]",outputs/prediction_diagnostics_4models_c3_b001_by_dataset/dermamnist_224/merged/small/dermamnist_224/vit_t/clients_3/beta_0p01/seed_42/free_merge/merged.pt,outputs/prediction_diagnostics_4models_c3_b001_by_dataset/dermamnist_224/merged/small/dermamnist_224/vit_t/clients_3/beta_0p01/seed_42/free_merge,2026-07-06T10:28:31,My_merge_ret/reports/prediction_diagnostics_4models_c3_b001_by_dataset_dermamnist_224.csv
OK,,14.77,merge,small,dermamnist_224,vit_t,3,0.01,42,from,,test,0.6708229426433915,0.1563347295816632,0.13889345973470762,0.2829601337888631,1.6379674897229581,2005,7,5,0.6688279301745635,5,0.9930174563591022,1.4847129008202835,0.32418952618453867,1.044374960050364,3,0.022312737377110706,0.49499163552476866,0.644139650872818,0.3241895261845386,0.26509190182174874,0.060606 0.000000 0.000000 0.000000 0.000000 0.999254 0.034483,0.307692 0.000000 0.000000 0.000000 0.000000 0.673029 1.000000,0.101266 0.000000 0.000000 0.000000 0.000000 0.804322 0.066667,66 103 220 23 223 1341 29,13 0 0 0 0 1991 1,0.272691 0.006123 0.012511 0.011161 0.014289 0.643442 0.039782,"[[4,0,0,0,0,62,0],[1,0,0,0,0,102,0],[1,0,0,0,0,219,0],[0,0,0,0,0,23,0],[6,0,0,0,0,217,0],[1,0,0,0,0,1340,0],[0,0,0,0,0,28,1]]",outputs/prediction_diagnostics_4models_c3_b001_by_dataset/dermamnist_224/merged/small/dermamnist_224/vit_t/clients_3/beta_0p01/seed_42/from/merged.pt,outputs/prediction_diagnostics_4models_c3_b001_by_dataset/dermamnist_224/merged/small/dermamnist_224/vit_t/clients_3/beta_0p01/seed_42/from,2026-07-06T10:28:02,My_merge_ret/reports/prediction_diagnostics_4models_c3_b001_by_dataset_dermamnist_224.csv
OK,,14.83,merge,small,dermamnist_224,vit_t,3,0.01,42,iso_c,,test,0.6538653366583541,0.14576588343731617,0.11740611410807557,0.09856700810058062,1.45905219860505,2005,7,5,0.6688279301745635,5,0.9730673316708229,1.4548844146159583,0.3042394014962594,1.1319168598546059,2,0.06367844465263875,0.744468211169652,0.47297381546134665,0.31970074812967586,0.3433488915901034,0.000000 0.000000 0.000000 0.043478 0.000000 0.976883 0.000000,0.000000 0.000000 0.000000 0.018519 0.000000 0.671451 0.000000,0.000000 0.000000 0.000000 0.025974 0.000000 0.795869 0.000000,66 103 220 23 223 1341 29,0 0 0 54 0 1951 0,0.083750 0.064758 0.033650 0.273283 0.041033 0.471743 0.031783,"[[0,0,0,3,0,63,0],[0,0,0,2,0,101,0],[0,0,0,0,0,220,0],[0,0,0,1,0,22,0],[0,0,0,4,0,219,0],[0,0,0,31,0,1310,0],[0,0,0,13,0,16,0]]",outputs/prediction_diagnostics_4models_c3_b001_by_dataset/dermamnist_224/merged/small/dermamnist_224/vit_t/clients_3/beta_0p01/seed_42/iso_c/merged.pt,outputs/prediction_diagnostics_4models_c3_b001_by_dataset/dermamnist_224/merged/small/dermamnist_224/vit_t/clients_3/beta_0p01/seed_42/iso_c,2026-07-06T10:28:16,My_merge_ret/reports/prediction_diagnostics_4models_c3_b001_by_dataset_dermamnist_224.csv
OK,,14.54,merge,small,dermamnist_224,vit_t,3,0.01,42,model_stock,,test,0.4344139650872818,0.11748356043658058,0.09497901645609626,0.09124853628952019,1.59944986167394,2005,7,5,0.6688279301745635,5,0.6917705735660847,1.0343027591349738,0.02294264339152119,1.854614130653251,2,0.31742301097541553,0.8972077118904858,0.31315461346633416,0.29825436408977557,0.4584255612460401,0.181818 0.000000 0.000000 0.000000 0.000000 0.640567 0.000000,0.019417 0.000000 0.000000 0.000000 0.000000 0.619322 0.000000,0.035088 0.000000 0.000000 0.000000 0.000000 0.629765 0.000000,66 103 220 23 223 1341 29,618 0 0 0 0 1387 0,0.276801 0.107087 0.064977 0.108961 0.063230 0.303143 0.075801,"[[12,0,0,0,0,54,0],[6,0,0,0,0,97,0],[38,0,0,0,0,182,0],[5,0,0,0,0,18,0],[71,0,0,0,0,152,0],[482,0,0,0,0,859,0],[4,0,0,0,0,25,0]]",outputs/prediction_diagnostics_4models_c3_b001_by_dataset/dermamnist_224/merged/small/dermamnist_224/vit_t/clients_3/beta_0p01/seed_42/model_stock/merged.pt,outputs/prediction_diagnostics_4models_c3_b001_by_dataset/dermamnist_224/merged/small/dermamnist_224/vit_t/clients_3/beta_0p01/seed_42/model_stock,2026-07-06T10:27:47,My_merge_ret/reports/prediction_diagnostics_4models_c3_b001_by_dataset_dermamnist_224.csv
OK,,14.38,merge,small,dermamnist_224,vit_t,3,0.01,42,my_merge,,test,0.512718204488778,0.4859123977372358,0.31568085037614807,0.30376151071389806,12.848253389962593,2005,7,5,0.6688279301745635,5,0.42593516209476306,0.6368381804623415,-0.24289276807980048,5.340050235476729,7,0.8609005205783944,0.8611136156656337,0.9717581047381546,0.2872817955112219,0.2881503195172437,0.575758 0.368932 0.150000 0.521739 0.439462 0.586875 0.758621,0.157025 0.255034 0.251908 0.068182 0.303406 0.921546 0.169231,0.246753 0.301587 0.188034 0.120603 0.358974 0.717084 0.276730,66 103 220 23 223 1341 29,242 149 131 176 323 854 130,0.118774 0.074836 0.064437 0.087712 0.161794 0.425966 0.066481,"[[38,13,2,5,6,1,1],[26,38,2,12,8,6,11],[66,26,33,18,36,28,13],[6,2,1,12,1,1,0],[31,17,15,9,98,27,26],[75,53,77,118,174,787,57],[0,0,1,2,0,4,22]]",outputs/prediction_diagnostics_4models_c3_b001_by_dataset/dermamnist_224/merged/small/dermamnist_224/vit_t/clients_3/beta_0p01/seed_42/my_merge/merged.pt,outputs/prediction_diagnostics_4models_c3_b001_by_dataset/dermamnist_224/merged/small/dermamnist_224/vit_t/clients_3/beta_0p01/seed_42/my_merge,2026-07-06T10:29:01,My_merge_ret/reports/prediction_diagnostics_4models_c3_b001_by_dataset_dermamnist_224.csv
OK,,57.42,merge,small,dermamnist_224,vit_t,3,0.01,42,regmean,,test,0.6688279301745635,0.14285714285714285,0.1145077277773034,0.0955468471677948,3.601378268196696,2005,7,5,0.6688279301745635,5,1.0,1.4951528709917972,0.33117206982543645,1.0,1,-0.0,0.10467456008547572,0.9489401496259352,0.33117206982543645,0.29791468140601923,0.000000 0.000000 0.000000 0.000000 0.000000 1.000000 0.000000,0.000000 0.000000 0.000000 0.000000 0.000000 0.668828 0.000000,0.000000 0.000000 0.000000 0.000000 0.000000 0.801554 0.000000,66 103 220 23 223 1341 29,0 0 0 0 0 2005 0,0.050638 0.000019 0.000011 0.000026 0.000013 0.949023 0.000271,"[[0,0,0,0,0,66,0],[0,0,0,0,0,103,0],[0,0,0,0,0,220,0],[0,0,0,0,0,23,0],[0,0,0,0,0,223,0],[0,0,0,0,0,1341,0],[0,0,0,0,0,29,0]]",outputs/prediction_diagnostics_4models_c3_b001_by_dataset/dermamnist_224/merged/small/dermamnist_224/vit_t/clients_3/beta_0p01/seed_42/regmean/merged.pt,outputs/prediction_diagnostics_4models_c3_b001_by_dataset/dermamnist_224/merged/small/dermamnist_224/vit_t/clients_3/beta_0p01/seed_42/regmean,2026-07-06T10:25:35,My_merge_ret/reports/prediction_diagnostics_4models_c3_b001_by_dataset_dermamnist_224.csv
OK,,14.55,merge,small,dermamnist_224,vit_t,3,0.01,42,robustmerge,,test,0.013466334164588529,0.15151515151515152,0.006339671680754581,0.003295777377207367,2.2032448176433914,2005,7,5,0.6688279301745635,3,0.6872817955112219,1.0275913497390008,0.01845386533665838,1.861268619441725,2,0.31926361502212863,0.9398693606415129,0.2696072319201995,0.9556109725685784,0.6246267794463671,0.060606 0.000000 0.000000 1.000000 0.000000 0.000000 0.000000,0.006380 0.000000 0.000000 0.016691 0.000000 0.000000 0.000000,0.011544 0.000000 0.000000 0.032834 0.000000 0.000000 0.000000,66 103 220 23 223 1341 29,627 0 0 1378 0 0 0,0.211908 0.190135 0.067575 0.253599 0.079642 0.117932 0.079209,"[[4,0,0,62,0,0,0],[5,0,0,98,0,0,0],[31,0,0,189,0,0,0],[0,0,0,23,0,0,0],[107,0,0,116,0,0,0],[478,0,0,863,0,0,0],[2,0,0,27,0,0,0]]",outputs/prediction_diagnostics_4models_c3_b001_by_dataset/dermamnist_224/merged/small/dermamnist_224/vit_t/clients_3/beta_0p01/seed_42/robustmerge/merged.pt,outputs/prediction_diagnostics_4models_c3_b001_by_dataset/dermamnist_224/merged/small/dermamnist_224/vit_t/clients_3/beta_0p01/seed_42/robustmerge,2026-07-06T10:28:46,My_merge_ret/reports/prediction_diagnostics_4models_c3_b001_by_dataset_dermamnist_224.csv
OK,,15.56,merge,small,dermamnist_224,vit_t,3,0.01,42,ties,,test,0.6688279301745635,0.14285714285714285,0.1145419602818706,0.0955945252352438,1.3250681889027431,2005,7,5,0.6688279301745635,5,0.9995012468827931,1.4944071588366892,0.3306733167082295,1.0043000667097226,2,0.0022050595929808013,0.5348119370903439,0.7085411471321695,0.33067331670822947,0.17224591724807217,0.000000 0.000000 0.000000 0.000000 0.000000 1.000000 0.000000,0.000000 0.000000 0.000000 0.000000 0.000000 0.669162 0.000000,0.000000 0.000000 0.000000 0.000000 0.000000 0.801794 0.000000,66 103 220 23 223 1341 29,0 0 0 0 0 2004 1,0.115414 0.003508 0.034306 0.019306 0.062259 0.708498 0.056709,"[[0,0,0,0,0,66,0],[0,0,0,0,0,103,0],[0,0,0,0,0,220,0],[0,0,0,0,0,23,0],[0,0,0,0,0,222,1],[0,0,0,0,0,1341,0],[0,0,0,0,0,29,0]]",outputs/prediction_diagnostics_4models_c3_b001_by_dataset/dermamnist_224/merged/small/dermamnist_224/vit_t/clients_3/beta_0p01/seed_42/ties/merged.pt,outputs/prediction_diagnostics_4models_c3_b001_by_dataset/dermamnist_224/merged/small/dermamnist_224/vit_t/clients_3/beta_0p01/seed_42/ties,2026-07-06T10:24:50,My_merge_ret/reports/prediction_diagnostics_4models_c3_b001_by_dataset_dermamnist_224.csv
OK,,16.65,client,small,organcmnist_224,convnext,3,0.01,42,client_0,0,test,0.1478821811100292,0.11960768713550829,0.05311440862939745,0.1219650942281731,10.267241802048428,8216,11,6,0.22334469328140213,10,0.7340555014605648,3.286648501362398,0.5107108081791626,2.2032694869935017,4,0.32943156299524035,0.3435028804087573,0.9101961873174295,0.6857351509250244,0.6839976774576748,0.009662 0.000000 0.000000 0.000000 0.339752 0.000000 0.034877 0.000000 0.000000 0.000000 0.931393,0.009081 0.000000 0.000000 0.000000 0.199354 0.000000 0.984615 0.000000 0.000000 0.000000 0.148566,0.009362 0.000000 0.000000 0.000000 0.251272 0.000000 0.067368 0.000000 0.000000 0.000000 0.256256,828 431 421 421 727 735 1835 549 557 750 962,881 0 0 0 1239 0 65 0 0 0 6031,0.107471 0.000011 0.000011 0.000014 0.166845 0.000015 0.009451 0.000115 0.000021 0.000011 0.716035,"[[8,0,0,0,37,0,0,0,0,0,783],[60,0,0,0,48,0,0,0,0,0,323],[39,0,0,0,84,0,0,0,0,0,298],[138,0,0,0,153,0,0,0,0,0,130],[5,0,0,0,247,0,0,0,0,0,475],[4,0,0,0,181,0,0,0,0,0,550],[181,0,0,0,97,0,64,0,0,0,1493],[128,0,0,0,204,0,0,0,0,0,217],[281,0,0,0,85,0,1,0,0,0,190],[35,0,0,0,39,0,0,0,0,0,676],[2,0,0,0,64,0,0,0,0,0,896]]",/data2/liyapeng_grp/program/MedMNISTMerge/model_hub/small/organcmnist_224/convnext/clients_3/beta_0p01/seed_42/client_0.pt,,2026-07-06T10:07:38,My_merge_ret/reports/prediction_diagnostics_4models_c3_b001_by_dataset_organcmnist_224.csv
OK,,14.59,client,small,organcmnist_224,convnext,3,0.01,42,client_1,1,test,0.10211781888997079,0.14583090190094677,0.05982699542777406,0.04564698389526669,9.528860550892505,8216,11,6,0.22334469328140213,1,0.4890457643622201,2.1896457765667576,0.265701071080818,3.299308706940087,4,0.49781697196031205,0.5032574804047267,0.8550769839337877,0.7257789678675755,0.7235986086828868,0.000000 0.767981 0.356295 0.000000 0.000000 0.126531 0.000000 0.000000 0.000000 0.353333 0.000000,0.000000 0.082379 0.065388 0.000000 0.000000 0.142857 0.000000 0.000000 0.000000 0.211492 0.000000,0.000000 0.148797 0.110497 0.000000 0.000000 0.134199 0.000000 0.000000 0.000000 0.264603 0.000000,828 431 421 421 727 735 1835 549 557 750 962,0 4018 2294 0 0 651 0 0 0 1253 0,0.000046 0.479372 0.283982 0.000074 0.000049 0.080998 0.000036 0.000072 0.000074 0.155231 0.000068,"[[0,281,316,0,0,81,0,0,0,150,0],[0,331,83,0,0,1,0,0,0,16,0],[0,256,150,0,0,0,0,0,0,15,0],[0,344,45,0,0,4,0,0,0,28,0],[0,428,179,0,0,82,0,0,0,38,0],[0,224,364,0,0,93,0,0,0,54,0],[0,885,489,0,0,196,0,0,0,265,0],[0,248,1,0,0,93,0,0,0,207,0],[0,198,191,0,0,38,0,0,0,130,0],[0,312,147,0,0,26,0,0,0,265,0],[0,511,329,0,0,37,0,0,0,85,0]]",/data2/liyapeng_grp/program/MedMNISTMerge/model_hub/small/organcmnist_224/convnext/clients_3/beta_0p01/seed_42/client_1.pt,,2026-07-06T10:07:55,My_merge_ret/reports/prediction_diagnostics_4models_c3_b001_by_dataset_organcmnist_224.csv
OK,,14.52,client,small,organcmnist_224,convnext,3,0.01,42,client_2,2,test,0.08945959104186953,0.09090909090909091,0.014929769147175025,0.008132690094715412,9.597002584722977,8216,11,6,0.22334469328140213,5,1.0,4.4773841961852865,0.7766553067185978,1.0,1,-0.0,0.028088524179467972,0.9877924933057449,0.9105404089581305,0.898297777793989,0.000000 0.000000 0.000000 0.000000 0.000000 1.000000 0.000000 0.000000 0.000000 0.000000 0.000000,0.000000 0.000000 0.000000 0.000000 0.000000 0.089460 0.000000 0.000000 0.000000 0.000000 0.000000,0.000000 0.000000 0.000000 0.000000 0.000000 0.164227 0.000000 0.000000 0.000000 0.000000 0.000000,828 431 421 421 727 735 1835 549 557 750 962,0 0 0 0 0 8216 0 0 0 0 0,0.000017 0.000020 0.000041 0.012066 0.000020 0.987757 0.000030 0.000007 0.000011 0.000007 0.000025,"[[0,0,0,0,0,828,0,0,0,0,0],[0,0,0,0,0,431,0,0,0,0,0],[0,0,0,0,0,421,0,0,0,0,0],[0,0,0,0,0,421,0,0,0,0,0],[0,0,0,0,0,727,0,0,0,0,0],[0,0,0,0,0,735,0,0,0,0,0],[0,0,0,0,0,1835,0,0,0,0,0],[0,0,0,0,0,549,0,0,0,0,0],[0,0,0,0,0,557,0,0,0,0,0],[0,0,0,0,0,750,0,0,0,0,0],[0,0,0,0,0,962,0,0,0,0,0]]",/data2/liyapeng_grp/program/MedMNISTMerge/model_hub/small/organcmnist_224/convnext/clients_3/beta_0p01/seed_42/client_2.pt,,2026-07-06T10:08:09,My_merge_ret/reports/prediction_diagnostics_4models_c3_b001_by_dataset_organcmnist_224.csv
OK,,14.95,merge,small,organcmnist_224,convnext,3,0.01,42,avg,,test,0.10954235637779941,0.10967458207455816,0.030642537947075447,0.018083249506622226,2.905748406310857,8216,11,6,0.22334469328140213,4,0.6415530671859786,2.8724795640326977,0.41820837390457644,1.920372884579008,2,0.27212171661690876,0.7434089558865669,0.3988653998296008,0.8107351509250244,0.4664420376795874,0.227053 0.000000 0.000000 0.000000 0.979367 0.000000 0.000000 0.000000 0.000000 0.000000 0.000000,0.063837 0.000000 0.000000 0.000000 0.135079 0.000000 0.000000 0.000000 0.000000 0.000000 0.000000,0.099655 0.000000 0.000000 0.000000 0.237412 0.000000 0.000000 0.000000 0.000000 0.000000 0.000000,828 431 421 421 727 735 1835 549 557 750 962,2945 0 0 0 5271 0 0 0 0 0 0,0.291479 0.034659 0.027523 0.016524 0.343735 0.045295 0.035398 0.003893 0.032395 0.031517 0.137582,"[[188,0,0,0,640,0,0,0,0,0,0],[38,0,0,0,393,0,0,0,0,0,0],[61,0,0,0,360,0,0,0,0,0,0],[239,0,0,0,182,0,0,0,0,0,0],[15,0,0,0,712,0,0,0,0,0,0],[12,0,0,0,723,0,0,0,0,0,0],[1495,0,0,0,340,0,0,0,0,0,0],[36,0,0,0,513,0,0,0,0,0,0],[61,0,0,0,496,0,0,0,0,0,0],[602,0,0,0,148,0,0,0,0,0,0],[198,0,0,0,764,0,0,0,0,0,0]]",outputs/prediction_diagnostics_4models_c3_b001_by_dataset/organcmnist_224/merged/small/organcmnist_224/convnext/clients_3/beta_0p01/seed_42/avg/merged.pt,outputs/prediction_diagnostics_4models_c3_b001_by_dataset/organcmnist_224/merged/small/organcmnist_224/convnext/clients_3/beta_0p01/seed_42/avg,2026-07-06T10:08:24,My_merge_ret/reports/prediction_diagnostics_4models_c3_b001_by_dataset_organcmnist_224.csv
OK,,23.60,merge,small,organcmnist_224,convnext,3,0.01,42,breadcrumbs,,test,0.10077896786757547,0.09090909090909091,0.01664589280688352,0.00916172435159777,2.711733750266249,8216,11,6,0.22334469328140213,0,1.0,4.4773841961852865,0.7766553067185978,1.0,1,-0.0,0.7987690880838151,0.33442653815725415,0.8992210321324245,0.4020865571714247,1.000000 0.000000 0.000000 0.000000 0.000000 0.000000 0.000000 0.000000 0.000000 0.000000 0.000000,0.100779 0.000000 0.000000 0.000000 0.000000 0.000000 0.000000 0.000000 0.000000 0.000000 0.000000,0.183105 0.000000 0.000000 0.000000 0.000000 0.000000 0.000000 0.000000 0.000000 0.000000 0.000000,828 431 421 421 727 735 1835 549 557 750 962,8216 0 0 0 0 0 0 0 0 0 0,0.334427 0.039970 0.021035 0.019756 0.186704 0.042552 0.073651 0.007381 0.035955 0.051260 0.187309,"[[828,0,0,0,0,0,0,0,0,0,0],[431,0,0,0,0,0,0,0,0,0,0],[421,0,0,0,0,0,0,0,0,0,0],[421,0,0,0,0,0,0,0,0,0,0],[727,0,0,0,0,0,0,0,0,0,0],[735,0,0,0,0,0,0,0,0,0,0],[1835,0,0,0,0,0,0,0,0,0,0],[549,0,0,0,0,0,0,0,0,0,0],[557,0,0,0,0,0,0,0,0,0,0],[750,0,0,0,0,0,0,0,0,0,0],[962,0,0,0,0,0,0,0,0,0,0]]",outputs/prediction_diagnostics_4models_c3_b001_by_dataset/organcmnist_224/merged/small/organcmnist_224/convnext/clients_3/beta_0p01/seed_42/breadcrumbs/merged.pt,outputs/prediction_diagnostics_4models_c3_b001_by_dataset/organcmnist_224/merged/small/organcmnist_224/convnext/clients_3/beta_0p01/seed_42/breadcrumbs,2026-07-06T10:10:41,My_merge_ret/reports/prediction_diagnostics_4models_c3_b001_by_dataset_organcmnist_224.csv
OK,,16.88,merge,small,organcmnist_224,convnext,3,0.01,42,dare_linear,,test,0.13011197663096397,0.12793988566968653,0.0412502754500262,0.02459315022104463,2.6313735679619037,8216,11,6,0.22334469328140213,0,0.5495374878286271,2.460490463215259,0.32619279454722494,1.9901921546948766,2,0.2870147007795614,0.8291088817179286,0.31995021147760466,0.8107351509250245,0.3457449257095715,0.454106 0.000000 0.000000 0.000000 0.953232 0.000000 0.000000 0.000000 0.000000 0.000000 0.000000,0.083278 0.000000 0.000000 0.000000 0.187247 0.000000 0.000000 0.000000 0.000000 0.000000 0.000000,0.140745 0.000000 0.000000 0.000000 0.313008 0.000000 0.000000 0.000000 0.000000 0.000000 0.000000,828 431 421 421 727 735 1835 549 557 750 962,4515 0 0 0 3701 0 0 0 0 0 0,0.266418 0.043443 0.033558 0.020143 0.258127 0.067317 0.082581 0.002468 0.035088 0.063302 0.127554,"[[376,0,0,0,452,0,0,0,0,0,0],[275,0,0,0,156,0,0,0,0,0,0],[249,0,0,0,172,0,0,0,0,0,0],[376,0,0,0,45,0,0,0,0,0,0],[34,0,0,0,693,0,0,0,0,0,0],[80,0,0,0,655,0,0,0,0,0,0],[1717,0,0,0,118,0,0,0,0,0,0],[81,0,0,0,468,0,0,0,0,0,0],[68,0,0,0,489,0,0,0,0,0,0],[711,0,0,0,39,0,0,0,0,0,0],[548,0,0,0,414,0,0,0,0,0,0]]",outputs/prediction_diagnostics_4models_c3_b001_by_dataset/organcmnist_224/merged/small/organcmnist_224/convnext/clients_3/beta_0p01/seed_42/dare_linear/merged.pt,outputs/prediction_diagnostics_4models_c3_b001_by_dataset/organcmnist_224/merged/small/organcmnist_224/convnext/clients_3/beta_0p01/seed_42/dare_linear,2026-07-06T10:08:56,My_merge_ret/reports/prediction_diagnostics_4models_c3_b001_by_dataset_organcmnist_224.csv
OK,,18.24,merge,small,organcmnist_224,convnext,3,0.01,42,dare_ties,,test,0.09298928919182084,0.08527258139904013,0.027363041431489266,0.0651548859833544,3.112378210496763,8216,11,6,0.22334469328140213,0,0.758763388510224,3.3972752043596732,0.5354186952288218,2.0071913721936845,6,0.290561654437445,0.7459971800702191,0.5027528222370984,0.7901655306718598,0.47412326607589367,0.875604 0.032483 0.000000 0.000000 0.020633 0.000000 0.003815 0.005464 0.000000 0.000000 0.000000,0.116298 0.168675 0.000000 0.000000 0.061475 0.000000 0.368421 0.001835 0.000000 0.000000 0.000000,0.205324 0.054475 0.000000 0.000000 0.030896 0.000000 0.007551 0.002747 0.000000 0.000000 0.000000,828 431 421 421 727 735 1835 549 557 750 962,6234 83 0 0 244 0 19 1635 0 0 1,0.457614 0.084433 0.022138 0.019794 0.082056 0.049290 0.051750 0.152135 0.008187 0.015300 0.057303,"[[725,0,0,0,11,0,1,91,0,0,0],[372,14,0,0,34,0,0,11,0,0,0],[350,21,0,0,36,0,1,13,0,0,0],[338,12,0,0,0,0,0,71,0,0,0],[432,3,0,0,15,0,3,274,0,0,0],[501,4,0,0,43,0,2,185,0,0,0],[1259,9,0,0,4,0,7,556,0,0,0],[486,0,0,0,58,0,1,3,0,0,1],[440,0,0,0,37,0,4,76,0,0,0],[734,2,0,0,0,0,0,14,0,0,0],[597,18,0,0,6,0,0,341,0,0,0]]",outputs/prediction_diagnostics_4models_c3_b001_by_dataset/organcmnist_224/merged/small/organcmnist_224/convnext/clients_3/beta_0p01/seed_42/dare_ties/merged.pt,outputs/prediction_diagnostics_4models_c3_b001_by_dataset/organcmnist_224/merged/small/organcmnist_224/convnext/clients_3/beta_0p01/seed_42/dare_ties,2026-07-06T10:09:13,My_merge_ret/reports/prediction_diagnostics_4models_c3_b001_by_dataset_organcmnist_224.csv
OK,,168.16,merge,small,organcmnist_224,convnext,3,0.01,42,fisher,,test,0.15421129503407985,0.15479708873975584,0.07124884601242544,0.05073242103914511,4.648659874192695,8216,11,6,0.22334469328140213,4,0.5712025316455697,2.5574931880108993,0.3478578383641675,3.197328189623432,5,0.48472322102266163,0.647767685744974,0.6534591422224927,0.648369036027264,0.5408963387926919,0.003623 0.290023 0.000000 0.000000 0.921596 0.000000 0.000000 0.000000 0.000000 0.000000 0.487526,0.009646 0.176305 0.000000 0.000000 0.142766 0.000000 0.000000 0.000000 0.000000 0.000000 0.229340,0.005268 0.219298 0.000000 0.000000 0.247232 0.000000 0.000000 0.000000 0.000000 0.000000 0.311939,828 431 421 421 727 735 1835 549 557 750 962,311 709 0 0 4693 458 0 0 0 0 2045,0.031376 0.093754 0.051763 0.021142 0.472713 0.075721 0.002948 0.000624 0.001537 0.016481 0.231941,"[[3,26,0,0,494,8,0,0,0,0,297],[0,125,0,0,230,0,0,0,0,0,76],[1,75,0,0,308,0,0,0,0,0,37],[33,40,0,0,312,9,0,0,0,0,27],[1,0,0,0,670,3,0,0,0,0,53],[1,0,0,0,652,0,0,0,0,0,82],[174,281,0,0,434,332,0,0,0,0,614],[0,13,0,0,453,4,0,0,0,0,79],[66,18,0,0,325,60,0,0,0,0,88],[31,127,0,0,327,42,0,0,0,0,223],[1,4,0,0,488,0,0,0,0,0,469]]",outputs/prediction_diagnostics_4models_c3_b001_by_dataset/organcmnist_224/merged/small/organcmnist_224/convnext/clients_3/beta_0p01/seed_42/fisher/merged.pt,outputs/prediction_diagnostics_4models_c3_b001_by_dataset/organcmnist_224/merged/small/organcmnist_224/convnext/clients_3/beta_0p01/seed_42/fisher,2026-07-06T10:37:48,My_merge_ret/reports/prediction_diagnostics_4models_c3_b001_by_dataset_organcmnist_224.csv
OK,,16.43,merge,small,organcmnist_224,convnext,3,0.01,42,free_merge,,test,0.0884858812074002,0.09090909090909091,0.01478047838329623,0.008044171018854563,3.7996341961616436,8216,11,6,0.22334469328140213,4,1.0,4.4773841961852865,0.7766553067185978,1.0,1,-0.0,0.4356606153360777,0.7469039070107109,0.9115141187925998,0.6583950321590415,0.000000 0.000000 0.000000 0.000000 1.000000 0.000000 0.000000 0.000000 0.000000 0.000000 0.000000,0.000000 0.000000 0.000000 0.000000 0.088486 0.000000 0.000000 0.000000 0.000000 0.000000 0.000000,0.000000 0.000000 0.000000 0.000000 0.162585 0.000000 0.000000 0.000000 0.000000 0.000000 0.000000,828 431 421 421 727 735 1835 549 557 750 962,0 0 0 0 8216 0 0 0 0 0 0,0.088365 0.025072 0.010993 0.005207 0.746881 0.040279 0.010751 0.000676 0.011583 0.021250 0.038944,"[[0,0,0,0,828,0,0,0,0,0,0],[0,0,0,0,431,0,0,0,0,0,0],[0,0,0,0,421,0,0,0,0,0,0],[0,0,0,0,421,0,0,0,0,0,0],[0,0,0,0,727,0,0,0,0,0,0],[0,0,0,0,735,0,0,0,0,0,0],[0,0,0,0,1835,0,0,0,0,0,0],[0,0,0,0,549,0,0,0,0,0,0],[0,0,0,0,557,0,0,0,0,0,0],[0,0,0,0,750,0,0,0,0,0,0],[0,0,0,0,962,0,0,0,0,0,0]]",outputs/prediction_diagnostics_4models_c3_b001_by_dataset/organcmnist_224/merged/small/organcmnist_224/convnext/clients_3/beta_0p01/seed_42/free_merge/merged.pt,outputs/prediction_diagnostics_4models_c3_b001_by_dataset/organcmnist_224/merged/small/organcmnist_224/convnext/clients_3/beta_0p01/seed_42/free_merge,2026-07-06T10:11:53,My_merge_ret/reports/prediction_diagnostics_4models_c3_b001_by_dataset_organcmnist_224.csv
OK,,15.71,merge,small,organcmnist_224,convnext,3,0.01,42,from,,test,0.16699123661148976,0.1509637900561908,0.05970644575490252,0.1288351934726075,5.005282672261774,8216,11,6,0.22334469328140213,4,0.4828383641674781,2.1618528610354226,0.259493670886076,2.744264523750037,4,0.4209996647696836,0.4579790378789625,0.7186187773855891,0.6932814021421616,0.6809926590296334,0.041063 0.000000 0.000000 0.000000 0.942228 0.000000 0.001635 0.000000 0.000000 0.000000 0.675676,0.027049 0.000000 0.000000 0.000000 0.172675 0.000000 1.000000 0.000000 0.000000 0.000000 0.217464,0.032614 0.000000 0.000000 0.000000 0.291862 0.000000 0.003264 0.000000 0.000000 0.000000 0.329031,828 431 421 421 727 735 1835 549 557 750 962,1257 0 0 0 3967 0 3 0 0 0 2989,0.163597 0.000808 0.000697 0.000807 0.450878 0.000780 0.006966 0.000731 0.001057 0.000809 0.372872,"[[34,0,0,0,265,0,0,0,0,0,529],[15,0,0,0,279,0,0,0,0,0,137],[20,0,0,0,236,0,0,0,0,0,165],[152,0,0,0,185,0,0,0,0,0,84],[11,0,0,0,685,0,0,0,0,0,31],[10,0,0,0,675,0,0,0,0,0,50],[726,0,0,0,335,0,3,0,0,0,771],[47,0,0,0,480,0,0,0,0,0,22],[116,0,0,0,424,0,0,0,0,0,17],[111,0,0,0,106,0,0,0,0,0,533],[15,0,0,0,297,0,0,0,0,0,650]]",outputs/prediction_diagnostics_4models_c3_b001_by_dataset/organcmnist_224/merged/small/organcmnist_224/convnext/clients_3/beta_0p01/seed_42/from/merged.pt,outputs/prediction_diagnostics_4models_c3_b001_by_dataset/organcmnist_224/merged/small/organcmnist_224/convnext/clients_3/beta_0p01/seed_42/from,2026-07-06T10:11:20,My_merge_ret/reports/prediction_diagnostics_4models_c3_b001_by_dataset_organcmnist_224.csv
OK,,16.35,merge,small,organcmnist_224,convnext,3,0.01,42,iso_c,,test,0.10077896786757547,0.09090909090909091,0.01664589280688352,0.00916172435159777,2.7646123631671435,8216,11,6,0.22334469328140213,0,1.0,4.4773841961852865,0.7766553067185978,1.0,1,-0.0,0.8091582814441938,0.3817104202166504,0.8992210321324245,0.3691566923164312,1.000000 0.000000 0.000000 0.000000 0.000000 0.000000 0.000000 0.000000 0.000000 0.000000 0.000000,0.100779 0.000000 0.000000 0.000000 0.000000 0.000000 0.000000 0.000000 0.000000 0.000000 0.000000,0.183105 0.000000 0.000000 0.000000 0.000000 0.000000 0.000000 0.000000 0.000000 0.000000 0.000000,828 431 421 421 727 735 1835 549 557 750 962,8216 0 0 0 0 0 0 0 0 0 0,0.381683 0.064376 0.043479 0.026334 0.119201 0.055510 0.054307 0.003392 0.044934 0.044076 0.162709,"[[828,0,0,0,0,0,0,0,0,0,0],[431,0,0,0,0,0,0,0,0,0,0],[421,0,0,0,0,0,0,0,0,0,0],[421,0,0,0,0,0,0,0,0,0,0],[727,0,0,0,0,0,0,0,0,0,0],[735,0,0,0,0,0,0,0,0,0,0],[1835,0,0,0,0,0,0,0,0,0,0],[549,0,0,0,0,0,0,0,0,0,0],[557,0,0,0,0,0,0,0,0,0,0],[750,0,0,0,0,0,0,0,0,0,0],[962,0,0,0,0,0,0,0,0,0,0]]",outputs/prediction_diagnostics_4models_c3_b001_by_dataset/organcmnist_224/merged/small/organcmnist_224/convnext/clients_3/beta_0p01/seed_42/iso_c/merged.pt,outputs/prediction_diagnostics_4models_c3_b001_by_dataset/organcmnist_224/merged/small/organcmnist_224/convnext/clients_3/beta_0p01/seed_42/iso_c,2026-07-06T10:11:36,My_merge_ret/reports/prediction_diagnostics_4models_c3_b001_by_dataset_organcmnist_224.csv
OK,,15.80,merge,small,organcmnist_224,convnext,3,0.01,42,model_stock,,test,0.12682570593963,0.12384671425697681,0.04509525542441944,0.0279238434775783,2.790082387357747,8216,11,6,0.22334469328140213,0,0.6734420642648491,3.0152588555858313,0.45009737098344693,1.8808318957808416,2,0.26344527381596056,0.802569315952047,0.30513251582278483,0.8107351509250244,0.3980596467224658,0.510870 0.000000 0.000000 0.000000 0.851444 0.000000 0.000000 0.000000 0.000000 0.000000 0.000000,0.076450 0.000000 0.000000 0.000000 0.230712 0.000000 0.000000 0.000000 0.000000 0.000000 0.000000,0.132998 0.000000 0.000000 0.000000 0.363050 0.000000 0.000000 0.000000 0.000000 0.000000 0.000000,828 431 421 421 727 735 1835 549 557 750 962,5533 0 0 0 2683 0 0 0 0 0 0,0.300124 0.046753 0.037500 0.019146 0.272915 0.055280 0.046293 0.005760 0.042125 0.042729 0.131374,"[[423,0,0,0,405,0,0,0,0,0,0],[281,0,0,0,150,0,0,0,0,0,0],[281,0,0,0,140,0,0,0,0,0,0],[420,0,0,0,1,0,0,0,0,0,0],[108,0,0,0,619,0,0,0,0,0,0],[135,0,0,0,600,0,0,0,0,0,0],[1824,0,0,0,11,0,0,0,0,0,0],[236,0,0,0,313,0,0,0,0,0,0],[278,0,0,0,279,0,0,0,0,0,0],[740,0,0,0,10,0,0,0,0,0,0],[807,0,0,0,155,0,0,0,0,0,0]]",outputs/prediction_diagnostics_4models_c3_b001_by_dataset/organcmnist_224/merged/small/organcmnist_224/convnext/clients_3/beta_0p01/seed_42/model_stock/merged.pt,outputs/prediction_diagnostics_4models_c3_b001_by_dataset/organcmnist_224/merged/small/organcmnist_224/convnext/clients_3/beta_0p01/seed_42/model_stock,2026-07-06T10:11:05,My_merge_ret/reports/prediction_diagnostics_4models_c3_b001_by_dataset_organcmnist_224.csv
OK,,15.53,merge,small,organcmnist_224,convnext,3,0.01,42,my_merge,,test,0.6455696202531646,0.6370052720072257,0.6256837974056287,0.6361233396835653,8.71805751544243,8216,11,6,0.22334469328140213,6,0.18537000973709836,0.8299727520435968,-0.03797468354430378,10.053646287053878,11,0.9624838121652459,0.9624412187025319,0.967654576436222,0.09201557935735151,0.09274302912755847,0.501208 0.436195 0.757720 0.586698 0.529574 0.421769 0.741144 0.790528 0.840215 0.805333 0.596674,0.525982 0.478372 0.367512 0.776730 0.537709 0.571956 0.892974 0.885714 0.758509 0.604605 0.597294,0.513296 0.456311 0.494957 0.668471 0.533611 0.485513 0.810006 0.835419 0.797274 0.690680 0.596984,828 431 421 421 727 735 1835 549 557 750 962,789 393 868 318 716 542 1523 490 617 999 961,0.095158 0.047406 0.105617 0.038616 0.086913 0.066875 0.185300 0.059580 0.075412 0.121926 0.117199,"[[415,51,181,1,19,10,9,0,4,76,62],[15,188,219,0,4,1,0,0,0,4,0],[12,76,319,0,6,3,0,0,0,2,3],[38,13,7,247,4,8,42,3,7,35,17],[44,27,26,6,385,149,0,2,4,22,62],[77,28,39,4,200,310,0,1,2,28,46],[10,0,0,30,6,2,1360,20,91,188,128],[2,0,0,13,0,6,7,434,39,5,43],[2,0,0,8,0,5,38,20,468,5,11],[33,0,13,2,40,5,38,0,0,604,15],[141,10,64,7,52,43,29,10,2,30,574]]",outputs/prediction_diagnostics_4models_c3_b001_by_dataset/organcmnist_224/merged/small/organcmnist_224/convnext/clients_3/beta_0p01/seed_42/my_merge/merged.pt,outputs/prediction_diagnostics_4models_c3_b001_by_dataset/organcmnist_224/merged/small/organcmnist_224/convnext/clients_3/beta_0p01/seed_42/my_merge,2026-07-06T10:12:25,My_merge_ret/reports/prediction_diagnostics_4models_c3_b001_by_dataset_organcmnist_224.csv
OK,,59.63,merge,small,organcmnist_224,convnext,3,0.01,42,regmean,,test,0.20314021421616357,0.16454548961920706,0.09017974265906936,0.12876845893764563,7.518680481506764,8216,11,6,0.22334469328140213,4,0.6111246348588121,2.736239782016349,0.3877799415774099,2.7292637931207544,4,0.41871382431449977,0.42954635497431787,0.8841741723466408,0.6594449853943525,0.6541705189378196,0.049517 0.000000 0.000000 0.000000 0.953232 0.000000 0.181471 0.000000 0.000000 0.000000 0.625780,0.054449 0.000000 0.000000 0.000000 0.138020 0.000000 0.935393 0.000000 0.000000 0.000000 0.288591,0.051866 0.000000 0.000000 0.000000 0.241127 0.000000 0.303971 0.000000 0.000000 0.000000 0.395013,828 431 421 421 727 735 1835 549 557 750 962,753 0 0 0 5021 0 356 0 0 0 2086,0.092817 0.000093 0.000073 0.000059 0.596212 0.000083 0.046728 0.000236 0.000089 0.000077 0.263533,"[[41,0,0,0,479,0,5,0,0,0,303],[0,0,0,0,396,0,0,0,0,0,35],[0,0,0,0,334,0,0,0,0,0,87],[89,0,0,0,290,0,4,0,0,0,38],[4,0,0,0,693,0,0,0,0,0,30],[1,0,0,0,694,0,0,0,0,0,40],[407,0,0,0,591,0,333,0,0,0,504],[14,0,0,0,429,0,4,0,0,0,102],[25,0,0,0,458,0,0,0,0,0,74],[156,0,0,0,313,0,10,0,0,0,271],[16,0,0,0,344,0,0,0,0,0,602]]",outputs/prediction_diagnostics_4models_c3_b001_by_dataset/organcmnist_224/merged/small/organcmnist_224/convnext/clients_3/beta_0p01/seed_42/regmean/merged.pt,outputs/prediction_diagnostics_4models_c3_b001_by_dataset/organcmnist_224/merged/small/organcmnist_224/convnext/clients_3/beta_0p01/seed_42/regmean,2026-07-06T10:09:31,My_merge_ret/reports/prediction_diagnostics_4models_c3_b001_by_dataset_organcmnist_224.csv
OK,,16.32,merge,small,organcmnist_224,convnext,3,0.01,42,robustmerge,,test,0.10357838364167478,0.09378516943853944,0.02193610655774416,0.03275541634569594,2.656001699237768,8216,11,6,0.22334469328140213,0,0.9891674780915287,4.428882833787466,0.7658227848101266,1.0616167596536772,2,0.02493561405866512,0.8760958356767903,0.28306191805623176,0.8883885102239533,0.31068708021450886,1.000000 0.000000 0.000000 0.000000 0.031637 0.000000 0.000000 0.000000 0.000000 0.000000 0.000000,0.101883 0.000000 0.000000 0.000000 0.258427 0.000000 0.000000 0.000000 0.000000 0.000000 0.000000,0.184925 0.000000 0.000000 0.000000 0.056373 0.000000 0.000000 0.000000 0.000000 0.000000 0.000000,828 431 421 421 727 735 1835 549 557 750 962,8127 0 0 0 89 0 0 0 0 0 0,0.282988 0.085002 0.057843 0.026968 0.177819 0.083275 0.052462 0.005580 0.044606 0.075378 0.108079,"[[828,0,0,0,0,0,0,0,0,0,0],[431,0,0,0,0,0,0,0,0,0,0],[421,0,0,0,0,0,0,0,0,0,0],[421,0,0,0,0,0,0,0,0,0,0],[704,0,0,0,23,0,0,0,0,0,0],[718,0,0,0,17,0,0,0,0,0,0],[1835,0,0,0,0,0,0,0,0,0,0],[522,0,0,0,27,0,0,0,0,0,0],[535,0,0,0,22,0,0,0,0,0,0],[750,0,0,0,0,0,0,0,0,0,0],[962,0,0,0,0,0,0,0,0,0,0]]",outputs/prediction_diagnostics_4models_c3_b001_by_dataset/organcmnist_224/merged/small/organcmnist_224/convnext/clients_3/beta_0p01/seed_42/robustmerge/merged.pt,outputs/prediction_diagnostics_4models_c3_b001_by_dataset/organcmnist_224/merged/small/organcmnist_224/convnext/clients_3/beta_0p01/seed_42/robustmerge,2026-07-06T10:12:09,My_merge_ret/reports/prediction_diagnostics_4models_c3_b001_by_dataset_organcmnist_224.csv
OK,,17.48,merge,small,organcmnist_224,convnext,3,0.01,42,ties,,test,0.13704965920155793,0.12837739696028813,0.05621086225138736,0.04318859694216145,2.9128488616794783,8216,11,6,0.22334469328140213,0,0.7233446932814022,3.2386920980926432,0.5,2.099267783512123,3,0.30926647123533674,0.6690235483337554,0.5393829494279455,0.744888023369036,0.4257016727561171,0.696860 0.000000 0.000000 0.000000 0.689133 0.000000 0.026158 0.000000 0.000000 0.000000 0.000000,0.097089 0.000000 0.000000 0.000000 0.289261 0.000000 0.088725 0.000000 0.000000 0.000000 0.000000,0.170433 0.000000 0.000000 0.000000 0.407483 0.000000 0.040404 0.000000 0.000000 0.000000 0.000000,828 431 421 421 727 735 1835 549 557 750 962,5943 0 0 0 1732 0 541 0 0 0 0,0.463344 0.011146 0.012213 0.010407 0.151623 0.011780 0.195688 0.012253 0.056497 0.009338 0.065712,"[[577,0,0,0,181,0,70,0,0,0,0],[315,0,0,0,110,0,6,0,0,0,0],[309,0,0,0,97,0,15,0,0,0,0],[359,0,0,0,48,0,14,0,0,0,0],[198,0,0,0,501,0,28,0,0,0,0],[295,0,0,0,371,0,69,0,0,0,0],[1775,0,0,0,12,0,48,0,0,0,0],[417,0,0,0,126,0,6,0,0,0,0],[530,0,0,0,27,0,0,0,0,0,0],[721,0,0,0,14,0,15,0,0,0,0],[447,0,0,0,245,0,270,0,0,0,0]]",outputs/prediction_diagnostics_4models_c3_b001_by_dataset/organcmnist_224/merged/small/organcmnist_224/convnext/clients_3/beta_0p01/seed_42/ties/merged.pt,outputs/prediction_diagnostics_4models_c3_b001_by_dataset/organcmnist_224/merged/small/organcmnist_224/convnext/clients_3/beta_0p01/seed_42/ties,2026-07-06T10:08:39,My_merge_ret/reports/prediction_diagnostics_4models_c3_b001_by_dataset_organcmnist_224.csv
OK,,10.87,client,small,organcmnist_224,resnet,3,0.01,42,client_0,0,test,0.28602726387536515,0.20404201454522095,0.1546311558913251,0.195440534564244,6.772897176176106,8216,11,6,0.22334469328140213,10,0.4544790652385589,2.0348773841961854,0.23113437195715678,3.672289632371394,5,0.5424821343626788,0.5561172629230325,0.8766621531158715,0.553188899707887,0.5487595760399764,0.083333 0.000000 0.000000 0.000000 0.628611 0.000000 0.505722 0.222222 0.000000 0.000000 0.804574,0.072100 0.000000 0.000000 0.000000 0.192746 0.000000 0.938322 0.739394 0.000000 0.000000 0.207284,0.077311 0.000000 0.000000 0.000000 0.295029 0.000000 0.657224 0.341737 0.000000 0.000000 0.329642,828 431 421 421 727 735 1835 549 557 750 962,957 0 0 0 2371 0 989 165 0 0 3734,0.116598 0.000716 0.000473 0.000613 0.282549 0.000530 0.116701 0.024781 0.000504 0.000569 0.455967,"[[69,0,0,0,94,0,0,0,0,0,665],[223,0,0,0,16,0,0,0,0,0,192],[231,0,0,0,14,0,0,0,0,0,176],[130,0,0,0,165,0,0,0,0,0,126],[24,0,0,0,457,0,0,0,0,0,246],[46,0,0,0,439,0,0,0,0,0,250],[16,0,0,0,213,0,928,0,0,0,678],[62,0,0,0,343,0,1,122,0,0,21],[109,0,0,0,348,0,49,43,0,0,8],[22,0,0,0,119,0,11,0,0,0,598],[25,0,0,0,163,0,0,0,0,0,774]]",/data2/liyapeng_grp/program/MedMNISTMerge/model_hub/small/organcmnist_224/resnet/clients_3/beta_0p01/seed_42/client_0.pt,,2026-07-06T10:12:41,My_merge_ret/reports/prediction_diagnostics_4models_c3_b001_by_dataset_organcmnist_224.csv
OK,,10.73,client,small,organcmnist_224,resnet,3,0.01,42,client_1,1,test,0.1340068159688413,0.19585291203067587,0.0836429774714417,0.06947137439982747,6.083057808434952,8216,11,6,0.22334469328140213,2,0.41346153846153844,1.851226158038147,0.1901168451801363,3.2281360585085603,4,0.48872230254986154,0.5528863131442951,0.8051762566942551,0.757667964946446,0.7259938254886024,0.000000 0.686775 0.890736 0.000000 0.000000 0.176871 0.000000 0.000000 0.000000 0.400000 0.000000,0.000000 0.222892 0.110392 0.000000 0.000000 0.334190 0.000000 0.000000 0.000000 0.096712 0.000000,0.000000 0.336555 0.196438 0.000000 0.000000 0.231317 0.000000 0.000000 0.000000 0.155763 0.000000,828 431 421 421 727 735 1835 549 557 750 962,0 1328 3397 0 0 389 0 0 0 3102 0,0.003124 0.182186 0.395114 0.002039 0.003588 0.059753 0.002919 0.002038 0.002905 0.343680 0.002654,"[[0,112,647,0,0,1,0,0,0,68,0],[0,296,135,0,0,0,0,0,0,0,0],[0,46,375,0,0,0,0,0,0,0,0],[0,308,52,0,0,0,0,0,0,61,0],[0,89,482,0,0,106,0,0,0,50,0],[0,70,496,0,0,130,0,0,0,39,0],[0,47,177,0,0,5,0,0,0,1606,0],[0,18,8,0,0,117,0,0,0,406,0],[0,4,129,0,0,9,0,0,0,415,0],[0,126,324,0,0,0,0,0,0,300,0],[0,212,572,0,0,21,0,0,0,157,0]]",/data2/liyapeng_grp/program/MedMNISTMerge/model_hub/small/organcmnist_224/resnet/clients_3/beta_0p01/seed_42/client_1.pt,,2026-07-06T10:12:52,My_merge_ret/reports/prediction_diagnostics_4models_c3_b001_by_dataset_organcmnist_224.csv
OK,,10.58,client,small,organcmnist_224,resnet,3,0.01,42,client_2,2,test,0.10309152872444012,0.10918883629835156,0.04570292331545991,0.09924053502607118,7.165582768292599,8216,11,6,0.22334469328140213,5,0.9761441090555014,4.370572207084469,0.7527994157740993,1.1376667526870516,3,0.05378861134213543,0.2929382035863815,0.8601357108081792,0.8866845180136319,0.7642263433802874,0.000000 0.000000 0.000000 0.000000 0.000000 1.000000 0.000000 0.000000 0.201077 0.000000 0.000000,0.000000 0.000000 0.000000 0.000000 0.000000 0.091646 0.000000 0.000000 1.000000 0.000000 0.000000,0.000000 0.000000 0.000000 0.000000 0.000000 0.167904 0.000000 0.000000 0.334828 0.000000 0.000000,828 431 421 421 727 735 1835 549 557 750 962,0 0 0 84 0 8020 0 0 112 0 0,0.007091 0.008102 0.006557 0.046956 0.008273 0.853686 0.008132 0.009375 0.037304 0.006454 0.008070,"[[0,0,0,1,0,827,0,0,0,0,0],[0,0,0,0,0,431,0,0,0,0,0],[0,0,0,0,0,421,0,0,0,0,0],[0,0,0,0,0,421,0,0,0,0,0],[0,0,0,0,0,727,0,0,0,0,0],[0,0,0,0,0,735,0,0,0,0,0],[0,0,0,47,0,1788,0,0,0,0,0],[0,0,0,0,0,549,0,0,0,0,0],[0,0,0,0,0,445,0,0,112,0,0],[0,0,0,34,0,716,0,0,0,0,0],[0,0,0,2,0,960,0,0,0,0,0]]",/data2/liyapeng_grp/program/MedMNISTMerge/model_hub/small/organcmnist_224/resnet/clients_3/beta_0p01/seed_42/client_2.pt,,2026-07-06T10:13:03,My_merge_ret/reports/prediction_diagnostics_4models_c3_b001_by_dataset_organcmnist_224.csv
OK,,10.86,merge,small,organcmnist_224,resnet,3,0.01,42,avg,,test,0.14386562804284322,0.14187196111194222,0.07537405570945993,0.2014134595866402,2.334504867598284,8216,11,6,0.22334469328140213,0,0.5499026290165531,2.462125340599455,0.3265579357351509,2.1535453167583887,4,0.3199119983671706,0.9924132991057949,0.13484383557996593,0.7912609542356378,0.1909946301557287,0.851449 0.000000 0.000000 0.000000 0.000000 0.448980 0.001635 0.000000 0.258528 0.000000 0.000000,0.156042 0.000000 0.000000 0.000000 0.000000 0.093063 1.000000 0.000000 0.966443 0.000000 0.000000,0.263749 0.000000 0.000000 0.000000 0.000000 0.154170 0.003264 0.000000 0.407932 0.000000 0.000000,828 431 421 421 727 735 1835 549 557 750 962,4518 0 0 0 0 3546 3 0 149 0 0,0.121020 0.091592 0.092447 0.076498 0.088992 0.126538 0.085882 0.064825 0.095368 0.077577 0.079260,"[[705,0,0,0,0,123,0,0,0,0,0],[415,0,0,0,0,16,0,0,0,0,0],[415,0,0,0,0,6,0,0,0,0,0],[75,0,0,0,0,346,0,0,0,0,0],[360,0,0,0,0,367,0,0,0,0,0],[405,0,0,0,0,330,0,0,0,0,0],[974,0,0,0,0,856,3,0,2,0,0],[7,0,0,0,0,539,0,0,3,0,0],[8,0,0,0,0,405,0,0,144,0,0],[730,0,0,0,0,20,0,0,0,0,0],[424,0,0,0,0,538,0,0,0,0,0]]",outputs/prediction_diagnostics_4models_c3_b001_by_dataset/organcmnist_224/merged/small/organcmnist_224/resnet/clients_3/beta_0p01/seed_42/avg/merged.pt,outputs/prediction_diagnostics_4models_c3_b001_by_dataset/organcmnist_224/merged/small/organcmnist_224/resnet/clients_3/beta_0p01/seed_42/avg,2026-07-06T10:13:13,My_merge_ret/reports/prediction_diagnostics_4models_c3_b001_by_dataset_organcmnist_224.csv
OK,,14.15,merge,small,organcmnist_224,resnet,3,0.01,42,breadcrumbs,,test,0.10077896786757547,0.09090909090909091,0.01664589280688352,0.00916172435159777,2.3889006825477725,8216,11,6,0.22334469328140213,0,1.0,4.4773841961852865,0.7766553067185978,1.0,1,-0.0,0.9964750233554315,0.120238188062926,0.8992210321324245,0.16436679750161734,1.000000 0.000000 0.000000 0.000000 0.000000 0.000000 0.000000 0.000000 0.000000 0.000000 0.000000,0.100779 0.000000 0.000000 0.000000 0.000000 0.000000 0.000000 0.000000 0.000000 0.000000 0.000000,0.183105 0.000000 0.000000 0.000000 0.000000 0.000000 0.000000 0.000000 0.000000 0.000000 0.000000,828 431 421 421 727 735 1835 549 557 750 962,8216 0 0 0 0 0 0 0 0 0 0,0.120238 0.090219 0.075520 0.099392 0.096013 0.089361 0.096412 0.086701 0.075106 0.081506 0.089532,"[[828,0,0,0,0,0,0,0,0,0,0],[431,0,0,0,0,0,0,0,0,0,0],[421,0,0,0,0,0,0,0,0,0,0],[421,0,0,0,0,0,0,0,0,0,0],[727,0,0,0,0,0,0,0,0,0,0],[735,0,0,0,0,0,0,0,0,0,0],[1835,0,0,0,0,0,0,0,0,0,0],[549,0,0,0,0,0,0,0,0,0,0],[557,0,0,0,0,0,0,0,0,0,0],[750,0,0,0,0,0,0,0,0,0,0],[962,0,0,0,0,0,0,0,0,0,0]]",outputs/prediction_diagnostics_4models_c3_b001_by_dataset/organcmnist_224/merged/small/organcmnist_224/resnet/clients_3/beta_0p01/seed_42/breadcrumbs/merged.pt,outputs/prediction_diagnostics_4models_c3_b001_by_dataset/organcmnist_224/merged/small/organcmnist_224/resnet/clients_3/beta_0p01/seed_42/breadcrumbs,2026-07-06T10:15:28,My_merge_ret/reports/prediction_diagnostics_4models_c3_b001_by_dataset_organcmnist_224.csv
OK,,12.04,merge,small,organcmnist_224,resnet,3,0.01,42,dare_linear,,test,0.09444985394352483,0.09531198102626673,0.023852241507047612,0.1283627738150668,2.3299388198332522,8216,11,6,0.22334469328140213,5,0.9824732229795521,4.398910081743869,0.7591285296981499,1.0930557286711748,3,0.03710637232340306,0.9844361622439487,0.15337261136806232,0.8930136319376826,0.17913979936393842,0.055556 0.000000 0.000000 0.000000 0.000000 0.991837 0.000000 0.000000 0.000000 0.000000 0.001040,0.321678 0.000000 0.000000 0.000000 0.000000 0.090312 0.000000 0.000000 0.000000 0.000000 1.000000,0.094748 0.000000 0.000000 0.000000 0.000000 0.165550 0.000000 0.000000 0.000000 0.000000 0.002077,828 431 421 421 727 735 1835 549 557 750 962,143 0 0 0 0 8072 0 0 0 0 1,0.115210 0.089269 0.101559 0.063059 0.077740 0.153304 0.089463 0.057953 0.069713 0.083706 0.099023,"[[46,0,0,0,0,782,0,0,0,0,0],[7,0,0,0,0,424,0,0,0,0,0],[3,0,0,0,0,418,0,0,0,0,0],[0,0,0,0,0,421,0,0,0,0,0],[4,0,0,0,0,723,0,0,0,0,0],[6,0,0,0,0,729,0,0,0,0,0],[30,0,0,0,0,1805,0,0,0,0,0],[0,0,0,0,0,549,0,0,0,0,0],[0,0,0,0,0,557,0,0,0,0,0],[46,0,0,0,0,704,0,0,0,0,0],[1,0,0,0,0,960,0,0,0,0,1]]",outputs/prediction_diagnostics_4models_c3_b001_by_dataset/organcmnist_224/merged/small/organcmnist_224/resnet/clients_3/beta_0p01/seed_42/dare_linear/merged.pt,outputs/prediction_diagnostics_4models_c3_b001_by_dataset/organcmnist_224/merged/small/organcmnist_224/resnet/clients_3/beta_0p01/seed_42/dare_linear,2026-07-06T10:13:36,My_merge_ret/reports/prediction_diagnostics_4models_c3_b001_by_dataset_organcmnist_224.csv
OK,,12.04,merge,small,organcmnist_224,resnet,3,0.01,42,dare_ties,,test,0.08945959104186953,0.09127714176906276,0.019617380660711628,0.01566437342605945,4.779158669298092,8216,11,6,0.22334469328140213,5,0.9027507302823758,4.041961852861036,0.6794060370009737,1.4498710926128098,3,0.1549169619908564,0.4554897281384539,0.7053139453505355,0.8203505355404089,0.657417622596082,0.000000 0.000000 0.000000 0.000000 0.000000 0.971429 0.000000 0.000000 0.017953 0.014667 0.000000,0.000000 0.000000 0.000000 0.000000 0.000000 0.096265 0.000000 0.000000 0.016260 0.059783 0.000000,0.000000 0.000000 0.000000 0.000000 0.000000 0.175172 0.000000 0.000000 0.017065 0.023555 0.000000,828 431 421 421 727 735 1835 549 557 750 962,0 0 0 0 0 7417 0 0 615 184 0,0.001268 0.044034 0.006489 0.010414 0.001292 0.691321 0.025237 0.001421 0.115217 0.099418 0.003888,"[[0,0,0,0,0,762,0,0,36,30,0],[0,0,0,0,0,428,0,0,2,1,0],[0,0,0,0,0,421,0,0,0,0,0],[0,0,0,0,0,421,0,0,0,0,0],[0,0,0,0,0,718,0,0,9,0,0],[0,0,0,0,0,714,0,0,20,1,0],[0,0,0,0,0,1173,0,0,527,135,0],[0,0,0,0,0,542,0,0,7,0,0],[0,0,0,0,0,547,0,0,10,0,0],[0,0,0,0,0,735,0,0,4,11,0],[0,0,0,0,0,956,0,0,0,6,0]]",outputs/prediction_diagnostics_4models_c3_b001_by_dataset/organcmnist_224/merged/small/organcmnist_224/resnet/clients_3/beta_0p01/seed_42/dare_ties/merged.pt,outputs/prediction_diagnostics_4models_c3_b001_by_dataset/organcmnist_224/merged/small/organcmnist_224/resnet/clients_3/beta_0p01/seed_42/dare_ties,2026-07-06T10:13:48,My_merge_ret/reports/prediction_diagnostics_4models_c3_b001_by_dataset_organcmnist_224.csv
OK,,47.87,merge,small,organcmnist_224,resnet,3,0.01,42,fisher,,test,0.29990262901655307,0.3107131599771343,0.258905075623208,0.3892946345321141,1.993404444143858,8216,11,6,0.22334469328140213,5,0.4494888023369036,2.012534059945504,0.22614410905550145,4.196470783209045,9,0.5981261561361328,0.9286685558249342,0.3090701451436222,0.5968841285296982,0.2990505183561681,0.444444 0.000000 0.000000 0.289786 0.015131 0.634014 0.287738 0.806922 0.933573 0.000000 0.006237,0.169820 0.000000 0.000000 0.818792 0.423077 0.126185 0.998110 0.946581 0.446735 0.000000 0.352941,0.245743 0.000000 0.000000 0.428070 0.029216 0.210479 0.446701 0.871190 0.604300 0.000000 0.012257,828 431 421 421 727 735 1835 549 557 750 962,2167 0 0 149 26 3693 529 468 1164 3 17,0.148108 0.033150 0.035436 0.073323 0.047878 0.210771 0.075072 0.073233 0.169710 0.072047 0.061273,"[[368,0,0,4,0,440,0,0,11,0,5],[285,0,0,0,0,139,0,0,6,0,1],[310,0,0,0,0,100,0,0,11,0,0],[1,0,0,122,0,264,0,0,26,3,5],[245,0,0,0,11,449,0,0,22,0,0],[240,0,0,0,15,466,0,0,14,0,0],[178,0,0,13,0,665,528,0,451,0,0],[1,0,0,0,0,22,0,443,83,0,0],[0,0,0,0,0,15,1,21,520,0,0],[488,0,0,3,0,253,0,4,2,0,0],[51,0,0,7,0,880,0,0,18,0,6]]",outputs/prediction_diagnostics_4models_c3_b001_by_dataset/organcmnist_224/merged/small/organcmnist_224/resnet/clients_3/beta_0p01/seed_42/fisher/merged.pt,outputs/prediction_diagnostics_4models_c3_b001_by_dataset/organcmnist_224/merged/small/organcmnist_224/resnet/clients_3/beta_0p01/seed_42/fisher,2026-07-06T10:14:40,My_merge_ret/reports/prediction_diagnostics_4models_c3_b001_by_dataset_organcmnist_224.csv
OK,,10.87,merge,small,organcmnist_224,resnet,3,0.01,42,free_merge,,test,0.14386562804284322,0.14187196111194222,0.07537405570945993,0.2014134595866402,2.3345015394884983,8216,11,6,0.22334469328140213,0,0.5499026290165531,2.462125340599455,0.3265579357351509,2.1535453167583887,4,0.3199119983671706,0.9924132737090832,0.13484763913400682,0.7912609542356378,0.1909948291236967,0.851449 0.000000 0.000000 0.000000 0.000000 0.448980 0.001635 0.000000 0.258528 0.000000 0.000000,0.156042 0.000000 0.000000 0.000000 0.000000 0.093063 1.000000 0.000000 0.966443 0.000000 0.000000,0.263749 0.000000 0.000000 0.000000 0.000000 0.154170 0.003264 0.000000 0.407932 0.000000 0.000000,828 431 421 421 727 735 1835 549 557 750 962,4518 0 0 0 0 3546 3 0 149 0 0,0.121019 0.091592 0.092447 0.076498 0.088992 0.126539 0.085882 0.064825 0.095368 0.077577 0.079260,"[[705,0,0,0,0,123,0,0,0,0,0],[415,0,0,0,0,16,0,0,0,0,0],[415,0,0,0,0,6,0,0,0,0,0],[75,0,0,0,0,346,0,0,0,0,0],[360,0,0,0,0,367,0,0,0,0,0],[405,0,0,0,0,330,0,0,0,0,0],[974,0,0,0,0,856,3,0,2,0,0],[7,0,0,0,0,539,0,0,3,0,0],[8,0,0,0,0,405,0,0,144,0,0],[730,0,0,0,0,20,0,0,0,0,0],[424,0,0,0,0,538,0,0,0,0,0]]",outputs/prediction_diagnostics_4models_c3_b001_by_dataset/organcmnist_224/merged/small/organcmnist_224/resnet/clients_3/beta_0p01/seed_42/free_merge/merged.pt,outputs/prediction_diagnostics_4models_c3_b001_by_dataset/organcmnist_224/merged/small/organcmnist_224/resnet/clients_3/beta_0p01/seed_42/free_merge,2026-07-06T10:16:15,My_merge_ret/reports/prediction_diagnostics_4models_c3_b001_by_dataset_organcmnist_224.csv
OK,,11.02,merge,small,organcmnist_224,resnet,3,0.01,42,from,,test,0.1181840311587147,0.12942712583646154,0.06758609997818658,0.0893642945545756,2.426958449975657,8216,11,6,0.22334469328140213,5,0.9677458617332035,4.332970027247956,0.7444011684518014,1.1531444475595973,2,0.05942399353854362,0.9689190119665441,0.20160215205087634,0.8782862706913339,0.25588929546722294,0.000000 0.000000 0.000000 0.000000 0.000000 1.000000 0.000000 0.000000 0.423698 0.000000 0.000000,0.000000 0.000000 0.000000 0.000000 0.000000 0.092441 0.000000 0.000000 0.890566 0.000000 0.000000,0.000000 0.000000 0.000000 0.000000 0.000000 0.169238 0.000000 0.000000 0.574209 0.000000 0.000000,828 431 421 421 727 735 1835 549 557 750 962,0 0 0 0 0 7951 0 0 265 0 0,0.081360 0.074383 0.072874 0.091620 0.080240 0.200561 0.074291 0.062130 0.128647 0.063796 0.070098,"[[0,0,0,0,0,821,0,0,7,0,0],[0,0,0,0,0,425,0,0,6,0,0],[0,0,0,0,0,408,0,0,13,0,0],[0,0,0,0,0,421,0,0,0,0,0],[0,0,0,0,0,725,0,0,2,0,0],[0,0,0,0,0,735,0,0,0,0,0],[0,0,0,0,0,1835,0,0,0,0,0],[0,0,0,0,0,548,0,0,1,0,0],[0,0,0,0,0,321,0,0,236,0,0],[0,0,0,0,0,750,0,0,0,0,0],[0,0,0,0,0,962,0,0,0,0,0]]",outputs/prediction_diagnostics_4models_c3_b001_by_dataset/organcmnist_224/merged/small/organcmnist_224/resnet/clients_3/beta_0p01/seed_42/from/merged.pt,outputs/prediction_diagnostics_4models_c3_b001_by_dataset/organcmnist_224/merged/small/organcmnist_224/resnet/clients_3/beta_0p01/seed_42/from,2026-07-06T10:15:53,My_merge_ret/reports/prediction_diagnostics_4models_c3_b001_by_dataset_organcmnist_224.csv
OK,,10.86,merge,small,organcmnist_224,resnet,3,0.01,42,iso_c,,test,0.1543330087633885,0.16004759475413904,0.08799249015658094,0.13216892829667362,2.3369138247778722,8216,11,6,0.22334469328140213,0,0.8732960077896786,3.9100817438692097,0.6499513145082765,1.660731807547277,8,0.2115431640814019,0.9909309413030869,0.14305856141979065,0.7840798442064264,0.20574662841430702,0.998792 0.000000 0.000000 0.000000 0.059147 0.021769 0.002180 0.000000 0.678636 0.000000 0.000000,0.115261 0.000000 0.000000 0.000000 0.284768 0.074074 0.400000 0.000000 0.579755 0.000000 0.000000,0.206672 0.000000 0.000000 0.000000 0.097950 0.033649 0.004336 0.000000 0.625310 0.000000 0.000000,828 431 421 421 727 735 1835 549 557 750 962,7175 2 9 1 151 216 10 0 652 0 0,0.141445 0.093353 0.096760 0.080284 0.104883 0.098081 0.078876 0.068049 0.091174 0.071449 0.075648,"[[827,0,0,0,1,0,0,0,0,0,0],[431,0,0,0,0,0,0,0,0,0,0],[421,0,0,0,0,0,0,0,0,0,0],[381,2,4,0,15,19,0,0,0,0,0],[663,0,2,0,43,19,0,0,0,0,0],[658,0,1,0,60,16,0,0,0,0,0],[1806,0,1,1,1,17,4,0,5,0,0],[175,0,1,0,2,96,6,0,269,0,0],[172,0,0,0,5,2,0,0,378,0,0],[746,0,0,0,0,4,0,0,0,0,0],[895,0,0,0,24,43,0,0,0,0,0]]",outputs/prediction_diagnostics_4models_c3_b001_by_dataset/organcmnist_224/merged/small/organcmnist_224/resnet/clients_3/beta_0p01/seed_42/iso_c/merged.pt,outputs/prediction_diagnostics_4models_c3_b001_by_dataset/organcmnist_224/merged/small/organcmnist_224/resnet/clients_3/beta_0p01/seed_42/iso_c,2026-07-06T10:16:04,My_merge_ret/reports/prediction_diagnostics_4models_c3_b001_by_dataset_organcmnist_224.csv
OK,,10.92,merge,small,organcmnist_224,resnet,3,0.01,42,model_stock,,test,0.10990749756572542,0.10135957231533577,0.03309155248226006,0.09861615262903765,2.371191691516553,8216,11,6,0.22334469328140213,0,0.9102969814995131,4.07574931880109,0.6869522882181109,1.3742068723855858,3,0.1325648989831208,0.9963820132760399,0.12246041451131938,0.8095180136319376,0.18148066387114223,0.997585 0.000000 0.000000 0.000000 0.000000 0.065306 0.000000 0.000000 0.052065 0.000000 0.000000,0.110443 0.000000 0.000000 0.000000 0.000000 0.068085 0.000000 0.000000 0.906250 0.000000 0.000000,0.198868 0.000000 0.000000 0.000000 0.000000 0.066667 0.000000 0.000000 0.098472 0.000000 0.000000,828 431 421 421 727 735 1835 549 557 750 962,7479 0 0 0 0 705 0 0 32 0 0,0.121872 0.091982 0.088066 0.083295 0.093421 0.105929 0.087053 0.076416 0.088781 0.080908 0.082278,"[[826,0,0,0,0,2,0,0,0,0,0],[431,0,0,0,0,0,0,0,0,0,0],[421,0,0,0,0,0,0,0,0,0,0],[366,0,0,0,0,55,0,0,0,0,0],[675,0,0,0,0,52,0,0,0,0,0],[687,0,0,0,0,48,0,0,0,0,0],[1774,0,0,0,0,61,0,0,0,0,0],[290,0,0,0,0,256,0,0,3,0,0],[373,0,0,0,0,155,0,0,29,0,0],[746,0,0,0,0,4,0,0,0,0,0],[890,0,0,0,0,72,0,0,0,0,0]]",outputs/prediction_diagnostics_4models_c3_b001_by_dataset/organcmnist_224/merged/small/organcmnist_224/resnet/clients_3/beta_0p01/seed_42/model_stock/merged.pt,outputs/prediction_diagnostics_4models_c3_b001_by_dataset/organcmnist_224/merged/small/organcmnist_224/resnet/clients_3/beta_0p01/seed_42/model_stock,2026-07-06T10:15:42,My_merge_ret/reports/prediction_diagnostics_4models_c3_b001_by_dataset_organcmnist_224.csv
OK,,10.94,merge,small,organcmnist_224,resnet,3,0.01,42,my_merge,,test,0.6074732229795521,0.5855333046026817,0.5752119727015085,0.5938442556312347,1.6604373545586308,8216,11,6,0.22334469328140213,6,0.18037974683544303,0.8076294277929155,-0.04296494644595911,10.026141106972876,11,0.9613413141920493,0.9675797670125983,0.7455707613193768,0.14398734177215192,0.14556885500516742,0.321256 0.457077 0.477435 0.524941 0.408528 0.397279 0.771117 0.801457 0.865350 0.861333 0.555094,0.418898 0.335034 0.221854 0.569588 0.592814 0.589899 0.954791 0.880000 0.854610 0.503115 0.611684,0.363636 0.386654 0.302939 0.546354 0.483713 0.474797 0.853181 0.838894 0.859946 0.635202 0.582016,828 431 421 421 727 735 1835 549 557 750 962,635 588 906 388 501 495 1482 500 564 1284 873,0.077179 0.084553 0.101539 0.046871 0.063643 0.064454 0.172475 0.062441 0.070905 0.151352 0.104589,"[[266,29,190,2,17,24,5,0,2,156,137],[15,197,170,0,20,8,0,0,0,21,0],[12,141,201,0,24,14,0,0,0,28,1],[16,57,69,221,2,0,0,0,5,32,19],[69,45,82,14,297,119,0,12,0,37,52],[41,79,111,1,111,292,0,8,1,67,24],[17,0,0,60,1,6,1415,20,36,212,68],[0,1,0,28,6,7,1,440,38,12,16],[3,0,0,16,2,6,15,17,482,11,5],[29,0,7,6,3,2,40,0,0,646,17],[167,39,76,40,18,17,6,3,0,62,534]]",outputs/prediction_diagnostics_4models_c3_b001_by_dataset/organcmnist_224/merged/small/organcmnist_224/resnet/clients_3/beta_0p01/seed_42/my_merge/merged.pt,outputs/prediction_diagnostics_4models_c3_b001_by_dataset/organcmnist_224/merged/small/organcmnist_224/resnet/clients_3/beta_0p01/seed_42/my_merge,2026-07-06T10:16:37,My_merge_ret/reports/prediction_diagnostics_4models_c3_b001_by_dataset_organcmnist_224.csv
OK,,39.99,merge,small,organcmnist_224,resnet,3,0.01,42,regmean,,test,0.12548685491723466,0.11654780467932918,0.04100096091060837,0.12446877383867759,2.3964947159125485,8216,11,6,0.22334469328140213,0,0.73904576436222,3.308991825613079,0.5157010710808179,2.220254811382637,8,0.3326341972678123,0.9648347689210401,0.1954432471701558,0.7431840311587147,0.2559866893654216,0.974638 0.000000 0.004751 0.000000 0.000000 0.288435 0.001635 0.000000 0.012567 0.000000 0.000000,0.132905 0.000000 0.015267 0.000000 0.000000 0.132749 0.088235 0.000000 1.000000 0.000000 0.000000,0.233913 0.000000 0.007246 0.000000 0.000000 0.181818 0.003210 0.000000 0.024823 0.000000 0.000000,828 431 421 421 727 735 1835 549 557 750 962,6072 31 131 0 14 1597 34 0 7 330 0,0.181452 0.116177 0.124283 0.052138 0.082146 0.124237 0.060146 0.055395 0.070674 0.076630 0.056722,"[[807,1,1,0,0,19,0,0,0,0,0],[431,0,0,0,0,0,0,0,0,0,0],[419,0,2,0,0,0,0,0,0,0,0],[364,7,12,0,2,36,0,0,0,0,0],[531,4,2,0,0,190,0,0,0,0,0],[523,0,0,0,0,212,0,0,0,0,0],[1508,13,76,0,0,101,3,0,0,134,0],[10,1,3,0,0,454,0,0,0,81,0],[113,0,12,0,6,273,31,0,7,115,0],[705,0,1,0,0,44,0,0,0,0,0],[661,5,22,0,6,268,0,0,0,0,0]]",outputs/prediction_diagnostics_4models_c3_b001_by_dataset/organcmnist_224/merged/small/organcmnist_224/resnet/clients_3/beta_0p01/seed_42/regmean/merged.pt,outputs/prediction_diagnostics_4models_c3_b001_by_dataset/organcmnist_224/merged/small/organcmnist_224/resnet/clients_3/beta_0p01/seed_42/regmean,2026-07-06T10:14:00,My_merge_ret/reports/prediction_diagnostics_4models_c3_b001_by_dataset_organcmnist_224.csv
OK,,10.88,merge,small,organcmnist_224,resnet,3,0.01,42,robustmerge,,test,0.13765822784810128,0.11327606637765225,0.05422058839124589,0.3320272369053921,2.3104967156310856,8216,11,6,0.22334469328140213,0,0.866601752677702,3.880108991825613,0.6432570593962998,1.689995708123138,9,0.21882773418510837,0.9870008698691507,0.16737064112706912,0.7658227848101266,0.19386085355231003,1.000000 0.000000 0.000000 0.000000 0.001376 0.002721 0.122071 0.003643 0.093357 0.000000 0.022869,0.116292 0.000000 0.000000 0.000000 1.000000 0.042553 0.280702 1.000000 0.525253 0.000000 0.687500,0.208354 0.000000 0.000000 0.000000 0.002747 0.005115 0.170148 0.007260 0.158537 0.000000 0.044266,828 431 421 421 727 735 1835 549 557 750 962,7120 99 0 0 1 47 798 2 99 18 32,0.164785 0.094879 0.087250 0.083405 0.073587 0.094288 0.087148 0.067077 0.081973 0.083748 0.081860,"[[828,0,0,0,0,0,0,0,0,0,0],[431,0,0,0,0,0,0,0,0,0,0],[421,0,0,0,0,0,0,0,0,0,0],[394,18,0,0,0,2,0,0,0,0,7],[722,0,0,0,1,1,0,0,0,0,3],[732,0,0,0,0,2,1,0,0,0,0],[1539,70,0,0,0,1,224,0,1,0,0],[133,2,0,0,0,40,315,2,45,12,0],[237,4,0,0,0,1,257,0,52,6,0],[749,0,0,0,0,0,0,0,1,0,0],[934,5,0,0,0,0,1,0,0,0,22]]",outputs/prediction_diagnostics_4models_c3_b001_by_dataset/organcmnist_224/merged/small/organcmnist_224/resnet/clients_3/beta_0p01/seed_42/robustmerge/merged.pt,outputs/prediction_diagnostics_4models_c3_b001_by_dataset/organcmnist_224/merged/small/organcmnist_224/resnet/clients_3/beta_0p01/seed_42/robustmerge,2026-07-06T10:16:26,My_merge_ret/reports/prediction_diagnostics_4models_c3_b001_by_dataset_organcmnist_224.csv
OK,,11.77,merge,small,organcmnist_224,resnet,3,0.01,42,ties,,test,0.1504381694255112,0.17682997522910185,0.06919572032471258,0.05049588743105819,2.977415981868458,8216,11,6,0.22334469328140213,5,0.6310856864654333,2.8256130790190737,0.4077409931840311,2.7661104723082826,6,0.42430634204953066,0.8450039178926269,0.31468133824245376,0.7636319376825705,0.500558616343404,0.000000 0.000000 0.011876 0.137767 0.000000 0.971429 0.000000 0.000000 0.824057 0.000000 0.000000,0.000000 0.000000 0.080645 0.047697 0.000000 0.137705 0.000000 0.000000 0.289407 0.000000 0.000000,0.000000 0.000000 0.020704 0.070861 0.000000 0.241216 0.000000 0.000000 0.428371 0.000000 0.000000,828 431 421 421 727 735 1835 549 557 750 962,0 36 62 1216 0 5185 0 0 1586 131 0,0.014100 0.131803 0.117589 0.120922 0.016542 0.282484 0.029058 0.014751 0.140895 0.110347 0.021509,"[[0,8,31,111,0,674,0,0,3,1,0],[0,0,4,2,0,425,0,0,0,0,0],[0,0,5,0,0,416,0,0,0,0,0],[0,0,1,58,0,361,0,0,0,1,0],[0,9,0,0,0,704,0,0,14,0,0],[0,6,0,9,0,714,0,0,6,0,0],[0,0,18,534,0,444,0,0,730,109,0],[0,0,0,1,0,169,0,0,374,5,0],[0,0,1,0,0,97,0,0,459,0,0],[0,1,1,385,0,363,0,0,0,0,0],[0,12,1,116,0,818,0,0,0,15,0]]",outputs/prediction_diagnostics_4models_c3_b001_by_dataset/organcmnist_224/merged/small/organcmnist_224/resnet/clients_3/beta_0p01/seed_42/ties/merged.pt,outputs/prediction_diagnostics_4models_c3_b001_by_dataset/organcmnist_224/merged/small/organcmnist_224/resnet/clients_3/beta_0p01/seed_42/ties,2026-07-06T10:13:24,My_merge_ret/reports/prediction_diagnostics_4models_c3_b001_by_dataset_organcmnist_224.csv
OK,,16.47,client,small,organcmnist_224,swin_tiny,3,0.01,42,client_0,0,test,0.20800876338851024,0.14880930440646908,0.09107389560488008,0.11833353597157528,8.629440409763415,8216,11,6,0.22334469328140213,10,0.5261684518013632,2.355858310626703,0.302823758519961,3.039603389856467,4,0.46362618737163536,0.46904305834170157,0.8509063869279455,0.6287731256085687,0.6263979622982035,0.003623 0.000000 0.000000 0.000000 0.576341 0.000000 0.309537 0.000000 0.000000 0.000000 0.747401,0.003881 0.000000 0.000000 0.000000 0.165482 0.000000 0.965986 0.000000 0.000000 0.000000 0.166320,0.003748 0.000000 0.000000 0.000000 0.257134 0.000000 0.468840 0.000000 0.000000 0.000000 0.272091,828 431 421 421 727 735 1835 549 557 750 962,773 0 0 0 2532 0 588 0 0 0 4323,0.094991 0.000010 0.000021 0.000018 0.323314 0.000011 0.072920 0.000039 0.000009 0.000010 0.508659,"[[3,0,0,0,180,0,0,0,0,0,645],[7,0,0,0,242,0,0,0,0,0,182],[9,0,0,0,250,0,0,0,0,0,162],[119,0,0,0,35,0,0,0,0,0,267],[2,0,0,0,419,0,0,0,0,0,306],[6,0,0,0,343,0,0,0,0,0,386],[17,0,0,0,301,0,568,0,0,0,949],[263,0,0,0,238,0,2,0,0,0,46],[346,0,0,0,199,0,7,0,0,0,5],[0,0,0,0,83,0,11,0,0,0,656],[1,0,0,0,242,0,0,0,0,0,719]]",/data2/liyapeng_grp/program/MedMNISTMerge/model_hub/small/organcmnist_224/swin_tiny/clients_3/beta_0p01/seed_42/client_0.pt,,2026-07-06T10:16:47,My_merge_ret/reports/prediction_diagnostics_4models_c3_b001_by_dataset_organcmnist_224.csv
OK,,16.35,client,small,organcmnist_224,swin_tiny,3,0.01,42,client_1,1,test,0.09773612463485881,0.13724675324675323,0.03526772226833532,0.021231133931482196,7.322789787433628,8216,11,6,0.22334469328140213,2,0.5183787731256085,2.3209809264305177,0.2950340798442064,2.5628835443111893,3,0.39248294943033996,0.559680379837423,0.6331757394109055,0.7680136319376826,0.7137221579291926,0.000000 0.000000 1.000000 0.000000 0.000000 0.019048 0.000000 0.000000 0.000000 0.490667 0.000000,0.000000 0.000000 0.098849 0.000000 0.000000 0.016706 0.000000 0.000000 0.000000 0.117987 0.000000,0.000000 0.000000 0.179915 0.000000 0.000000 0.017800 0.000000 0.000000 0.000000 0.190230 0.000000,828 431 421 421 727 735 1835 549 557 750 962,0 0 4259 0 0 838 0 0 0 3119 0,0.000234 0.234605 0.287122 0.000256 0.000286 0.126050 0.000255 0.000297 0.000262 0.350390 0.000244,"[[0,0,708,0,0,52,0,0,0,68,0],[0,0,431,0,0,0,0,0,0,0,0],[0,0,421,0,0,0,0,0,0,0,0],[0,0,119,0,0,125,0,0,0,177,0],[0,0,708,0,0,13,0,0,0,6,0],[0,0,713,0,0,14,0,0,0,8,0],[0,0,30,0,0,69,0,0,0,1736,0],[0,0,65,0,0,171,0,0,0,313,0],[0,0,63,0,0,141,0,0,0,353,0],[0,0,232,0,0,150,0,0,0,368,0],[0,0,769,0,0,103,0,0,0,90,0]]",/data2/liyapeng_grp/program/MedMNISTMerge/model_hub/small/organcmnist_224/swin_tiny/clients_3/beta_0p01/seed_42/client_1.pt,,2026-07-06T10:17:04,My_merge_ret/reports/prediction_diagnostics_4models_c3_b001_by_dataset_organcmnist_224.csv
OK,,16.29,client,small,organcmnist_224,swin_tiny,3,0.01,42,client_2,2,test,0.09079844206426485,0.09328438782120493,0.01841375372437753,0.012824919074919073,9.598205867273318,8216,11,6,0.22334469328140213,5,0.9727361246348588,4.355313351498638,0.7493914313534566,1.13326010120914,2,0.05217013674667397,0.07029834816177552,0.9810088546738072,0.8832765335929893,0.8724958010540761,0.000000 0.000000 0.000000 0.026128 0.000000 1.000000 0.000000 0.000000 0.000000 0.000000 0.000000,0.000000 0.000000 0.000000 0.049107 0.000000 0.091967 0.000000 0.000000 0.000000 0.000000 0.000000,0.000000 0.000000 0.000000 0.034109 0.000000 0.168443 0.000000 0.000000 0.000000 0.000000 0.000000,828 431 421 421 727 735 1835 549 557 750 962,0 0 0 224 0 7992 0 0 0 0 0,0.000018 0.000019 0.000022 0.036645 0.000021 0.961955 0.000023 0.000020 0.001223 0.000031 0.000022,"[[0,0,0,9,0,819,0,0,0,0,0],[0,0,0,0,0,431,0,0,0,0,0],[0,0,0,0,0,421,0,0,0,0,0],[0,0,0,11,0,410,0,0,0,0,0],[0,0,0,0,0,727,0,0,0,0,0],[0,0,0,0,0,735,0,0,0,0,0],[0,0,0,144,0,1691,0,0,0,0,0],[0,0,0,0,0,549,0,0,0,0,0],[0,0,0,1,0,556,0,0,0,0,0],[0,0,0,37,0,713,0,0,0,0,0],[0,0,0,22,0,940,0,0,0,0,0]]",/data2/liyapeng_grp/program/MedMNISTMerge/model_hub/small/organcmnist_224/swin_tiny/clients_3/beta_0p01/seed_42/client_2.pt,,2026-07-06T10:17:20,My_merge_ret/reports/prediction_diagnostics_4models_c3_b001_by_dataset_organcmnist_224.csv
OK,,16.96,merge,small,organcmnist_224,swin_tiny,3,0.01,42,avg,,test,0.18074488802336905,0.1585485672343687,0.0799424336031122,0.13641608895605234,2.345919987010863,8216,11,6,0.22334469328140213,0,0.5679162609542356,2.5427792915531335,0.3445715676728335,2.8210112752128516,4,0.43250238684805625,0.9102612654707566,0.2719969039070107,0.6790408958130477,0.27709560102713243,0.916667 0.000000 0.000000 0.000000 0.536451 0.000000 0.064305 0.000000 0.000000 0.000000 0.226611,0.162666 0.000000 0.000000 0.000000 0.227538 0.000000 0.983333 0.000000 0.000000 0.000000 0.127040,0.276301 0.000000 0.000000 0.000000 0.319541 0.000000 0.120716 0.000000 0.000000 0.000000 0.162808,828 431 421 421 727 735 1835 549 557 750 962,4666 0 0 0 1714 0 120 0 0 0 1716,0.233026 0.046869 0.057013 0.058722 0.170421 0.107485 0.055136 0.027042 0.036524 0.059037 0.148725,"[[759,0,0,0,41,0,0,0,0,0,28],[175,0,0,0,256,0,0,0,0,0,0],[165,0,0,0,256,0,0,0,0,0,0],[304,0,0,0,2,0,0,0,0,0,115],[337,0,0,0,390,0,0,0,0,0,0],[356,0,0,0,379,0,0,0,0,0,0],[640,0,0,0,3,0,118,0,0,0,1074],[242,0,0,0,139,0,0,0,0,0,168],[506,0,0,0,46,0,0,0,0,0,5],[636,0,0,0,4,0,2,0,0,0,108],[546,0,0,0,198,0,0,0,0,0,218]]",outputs/prediction_diagnostics_4models_c3_b001_by_dataset/organcmnist_224/merged/small/organcmnist_224/swin_tiny/clients_3/beta_0p01/seed_42/avg/merged.pt,outputs/prediction_diagnostics_4models_c3_b001_by_dataset/organcmnist_224/merged/small/organcmnist_224/swin_tiny/clients_3/beta_0p01/seed_42/avg,2026-07-06T10:17:37,My_merge_ret/reports/prediction_diagnostics_4models_c3_b001_by_dataset_organcmnist_224.csv
OK,,25.93,merge,small,organcmnist_224,swin_tiny,3,0.01,42,breadcrumbs,,test,0.1340068159688413,0.1216096343032531,0.05392015045938194,0.04460947704625336,2.3276188895904335,8216,11,6,0.22334469328140213,0,0.7788461538461539,3.4871934604904635,0.5555014605647517,1.9680915434287656,3,0.28235774981448086,0.9592194082385195,0.17615304740749757,0.6940116845180136,0.18959024328169757,0.955314 0.000000 0.000000 0.000000 0.246217 0.000000 0.000000 0.000000 0.000000 0.000000 0.136175,0.123613 0.000000 0.000000 0.000000 0.247238 0.000000 0.000000 0.000000 0.000000 0.000000 0.119854,0.218901 0.000000 0.000000 0.000000 0.246726 0.000000 0.000000 0.000000 0.000000 0.000000 0.127494,828 431 421 421 727 735 1835 549 557 750 962,6399 0 0 0 724 0 0 0 0 0 1093,0.174720 0.049258 0.051467 0.085389 0.143387 0.051038 0.101307 0.070458 0.059096 0.074053 0.139826,"[[791,0,0,0,2,0,0,0,0,0,35],[431,0,0,0,0,0,0,0,0,0,0],[421,0,0,0,0,0,0,0,0,0,0],[325,0,0,0,0,0,0,0,0,0,96],[545,0,0,0,179,0,0,0,0,0,3],[575,0,0,0,159,0,0,0,0,0,1],[1529,0,0,0,0,0,0,0,0,0,306],[156,0,0,0,254,0,0,0,0,0,139],[289,0,0,0,79,0,0,0,0,0,189],[557,0,0,0,0,0,0,0,0,0,193],[780,0,0,0,51,0,0,0,0,0,131]]",outputs/prediction_diagnostics_4models_c3_b001_by_dataset/organcmnist_224/merged/small/organcmnist_224/swin_tiny/clients_3/beta_0p01/seed_42/breadcrumbs/merged.pt,outputs/prediction_diagnostics_4models_c3_b001_by_dataset/organcmnist_224/merged/small/organcmnist_224/swin_tiny/clients_3/beta_0p01/seed_42/breadcrumbs,2026-07-06T10:20:03,My_merge_ret/reports/prediction_diagnostics_4models_c3_b001_by_dataset_organcmnist_224.csv
OK,,18.10,merge,small,organcmnist_224,swin_tiny,3,0.01,42,dare_linear,,test,0.20691333982473223,0.17119243584582655,0.09780971963350579,0.13589129569155414,2.2414896072640276,8216,11,6,0.22334469328140213,0,0.47334469328140216,2.119346049046322,0.25,3.2155724977240485,4,0.48709609044164803,0.9280269394258449,0.2617168482229795,0.6550632911392406,0.27177891742842153,0.839372 0.000000 0.000000 0.000000 0.617607 0.000000 0.167302 0.000000 0.000000 0.000000 0.258836,0.178709 0.000000 0.000000 0.000000 0.222829 0.000000 0.968454 0.000000 0.000000 0.000000 0.124812,0.294679 0.000000 0.000000 0.000000 0.327498 0.000000 0.285316 0.000000 0.000000 0.000000 0.168414,828 431 421 421 727 735 1835 549 557 750 962,3889 0 0 0 2015 0 317 0 0 0 1995,0.199228 0.055406 0.085926 0.059358 0.161282 0.111803 0.070454 0.028533 0.033616 0.044863 0.149531,"[[695,0,0,0,97,0,0,0,0,0,36],[165,0,0,0,266,0,0,0,0,0,0],[153,0,0,0,268,0,0,0,0,0,0],[277,0,0,0,2,0,0,0,0,0,142],[278,0,0,0,449,0,0,0,0,0,0],[303,0,0,0,432,0,0,0,0,0,0],[508,0,0,0,1,0,307,0,0,0,1019],[66,0,0,0,136,0,0,0,0,0,347],[354,0,0,0,124,0,5,0,0,0,74],[614,0,0,0,3,0,5,0,0,0,128],[476,0,0,0,237,0,0,0,0,0,249]]",outputs/prediction_diagnostics_4models_c3_b001_by_dataset/organcmnist_224/merged/small/organcmnist_224/swin_tiny/clients_3/beta_0p01/seed_42/dare_linear/merged.pt,outputs/prediction_diagnostics_4models_c3_b001_by_dataset/organcmnist_224/merged/small/organcmnist_224/swin_tiny/clients_3/beta_0p01/seed_42/dare_linear,2026-07-06T10:18:13,My_merge_ret/reports/prediction_diagnostics_4models_c3_b001_by_dataset_organcmnist_224.csv
OK,,19.82,merge,small,organcmnist_224,swin_tiny,3,0.01,42,dare_ties,,test,0.24403602726387535,0.12405799690561449,0.09657038040444027,0.08784150068324419,2.7334268452942427,8216,11,6,0.22334469328140213,10,0.3838851022395326,1.718801089918256,0.16054040895813046,3.3845883628090117,6,0.5084593587302407,0.852338477231149,0.31986177884615385,0.5339581304771177,0.28055543959810586,0.000000 0.000000 0.000000 0.000000 0.214580 0.000000 0.850681 0.000000 0.000000 0.000000 0.299376,0.000000 0.000000 0.000000 0.000000 0.054660 0.000000 0.820284 0.000000 0.000000 0.000000 0.091313,0.000000 0.000000 0.000000 0.000000 0.087127 0.000000 0.835206 0.000000 0.000000 0.000000 0.139942,828 431 421 421 727 735 1835 549 557 750 962,240 0 14 0 2854 0 1903 51 0 0 3154,0.066951 0.027854 0.085625 0.047768 0.226964 0.032081 0.189049 0.054144 0.040983 0.003799 0.224783,"[[0,0,1,0,409,0,37,0,0,0,381],[0,0,0,0,321,0,0,0,0,0,110],[0,0,0,0,333,0,0,0,0,0,88],[35,0,10,0,144,0,33,0,0,0,199],[1,0,0,0,156,0,0,29,0,0,541],[2,0,0,0,150,0,0,22,0,0,561],[14,0,1,0,131,0,1561,0,0,0,128],[60,0,0,0,132,0,3,0,0,0,354],[127,0,0,0,3,0,13,0,0,0,414],[0,0,0,0,415,0,245,0,0,0,90],[1,0,2,0,660,0,11,0,0,0,288]]",outputs/prediction_diagnostics_4models_c3_b001_by_dataset/organcmnist_224/merged/small/organcmnist_224/swin_tiny/clients_3/beta_0p01/seed_42/dare_ties/merged.pt,outputs/prediction_diagnostics_4models_c3_b001_by_dataset/organcmnist_224/merged/small/organcmnist_224/swin_tiny/clients_3/beta_0p01/seed_42/dare_ties,2026-07-06T10:18:31,My_merge_ret/reports/prediction_diagnostics_4models_c3_b001_by_dataset_organcmnist_224.csv
OK,,87.52,merge,small,organcmnist_224,swin_tiny,3,0.01,42,fisher,,test,0.09968354430379747,0.09922132491057795,0.02670659399289933,0.018654375897632993,5.509388062830909,8216,11,6,0.22334469328140213,4,0.822176241480039,3.681198910081744,0.5988315481986368,1.7533968590732045,3,0.23418661156973675,0.459282768159322,0.7180824762658228,0.75547711781889,0.6386558270554509,0.003623 0.000000 0.000000 0.000000 0.980743 0.000000 0.000000 0.000000 0.000000 0.000000 0.107069,0.009375 0.000000 0.000000 0.000000 0.105551 0.000000 0.000000 0.000000 0.000000 0.000000 0.090272,0.005226 0.000000 0.000000 0.000000 0.190591 0.000000 0.000000 0.000000 0.000000 0.000000 0.097955,828 431 421 421 727 735 1835 549 557 750 962,320 0 0 0 6755 0 0 0 0 0 1141,0.037418 0.000295 0.000906 0.011189 0.641231 0.110802 0.000963 0.000127 0.003857 0.011555 0.181657,"[[3,0,0,0,633,0,0,0,0,0,192],[9,0,0,0,366,0,0,0,0,0,56],[9,0,0,0,371,0,0,0,0,0,41],[66,0,0,0,321,0,0,0,0,0,34],[3,0,0,0,713,0,0,0,0,0,11],[6,0,0,0,713,0,0,0,0,0,16],[5,0,0,0,1350,0,0,0,0,0,480],[102,0,0,0,446,0,0,0,0,0,1],[116,0,0,0,441,0,0,0,0,0,0],[0,0,0,0,543,0,0,0,0,0,207],[1,0,0,0,858,0,0,0,0,0,103]]",outputs/prediction_diagnostics_4models_c3_b001_by_dataset/organcmnist_224/merged/small/organcmnist_224/swin_tiny/clients_3/beta_0p01/seed_42/fisher/merged.pt,outputs/prediction_diagnostics_4models_c3_b001_by_dataset/organcmnist_224/merged/small/organcmnist_224/swin_tiny/clients_3/beta_0p01/seed_42/fisher,2026-07-06T10:40:36,My_merge_ret/reports/prediction_diagnostics_4models_c3_b001_by_dataset_organcmnist_224.csv
OK,,17.73,merge,small,organcmnist_224,swin_tiny,3,0.01,42,free_merge,,test,0.13571080817916262,0.1272854538807532,0.04190784873336916,0.032902994810138315,2.5064699642846278,8216,11,6,0.22334469328140213,0,0.7193281402142162,3.2207084468664853,0.49598344693281404,1.8719847307888826,3,0.26147898471835646,0.9078861324438979,0.25266961949245376,0.8035540408958132,0.27711471614022004,0.949275 0.000000 0.000000 0.000000 0.445667 0.000000 0.000000 0.000000 0.000000 0.000000 0.005198,0.132995 0.000000 0.000000 0.000000 0.144192 0.000000 0.000000 0.000000 0.000000 0.000000 0.084746,0.233304 0.000000 0.000000 0.000000 0.217888 0.000000 0.000000 0.000000 0.000000 0.000000 0.009794,828 431 421 421 727 735 1835 549 557 750 962,5910 0 0 0 2247 0 0 0 0 0 59,0.237748 0.049394 0.062431 0.055062 0.196014 0.104646 0.046617 0.034685 0.037036 0.056857 0.119510,"[[786,0,0,0,42,0,0,0,0,0,0],[197,0,0,0,234,0,0,0,0,0,0],[186,0,0,0,235,0,0,0,0,0,0],[386,0,0,0,35,0,0,0,0,0,0],[403,0,0,0,324,0,0,0,0,0,0],[424,0,0,0,311,0,0,0,0,0,0],[1760,0,0,0,25,0,0,0,0,0,50],[108,0,0,0,437,0,0,0,0,0,4],[232,0,0,0,325,0,0,0,0,0,0],[737,0,0,0,13,0,0,0,0,0,0],[691,0,0,0,266,0,0,0,0,0,5]]",outputs/prediction_diagnostics_4models_c3_b001_by_dataset/organcmnist_224/merged/small/organcmnist_224/swin_tiny/clients_3/beta_0p01/seed_42/free_merge/merged.pt,outputs/prediction_diagnostics_4models_c3_b001_by_dataset/organcmnist_224/merged/small/organcmnist_224/swin_tiny/clients_3/beta_0p01/seed_42/free_merge,2026-07-06T10:21:22,My_merge_ret/reports/prediction_diagnostics_4models_c3_b001_by_dataset_organcmnist_224.csv
OK,,17.04,merge,small,organcmnist_224,swin_tiny,3,0.01,42,from,,test,0.21117332035053554,0.1650793210472851,0.09138313127678148,0.12667393155784665,4.113303989607264,8216,11,6,0.22334469328140213,10,0.5199610516066212,2.328065395095368,0.29661635832521904,2.9374809638708697,4,0.44937425386696683,0.509722300263063,0.6819686815360273,0.6510467380720545,0.6139929450753814,0.033816 0.000000 0.000000 0.000000 0.834938 0.000000 0.216349 0.000000 0.000000 0.000000 0.730769,0.036364 0.000000 0.000000 0.000000 0.219450 0.000000 0.973039 0.000000 0.000000 0.000000 0.164560,0.035044 0.000000 0.000000 0.000000 0.347552 0.000000 0.353990 0.000000 0.000000 0.000000 0.268628,828 431 421 421 727 735 1835 549 557 750 962,770 0 0 0 2766 0 408 0 0 0 4272,0.102043 0.001555 0.002311 0.002664 0.349974 0.002143 0.065330 0.002319 0.001546 0.001787 0.468329,"[[28,0,0,0,287,0,0,0,0,0,513],[41,0,0,0,154,0,0,0,0,0,236],[37,0,0,0,155,0,0,0,0,0,229],[100,0,0,0,8,0,0,0,0,0,313],[38,0,0,0,607,0,0,0,0,0,82],[27,0,0,0,647,0,0,0,0,0,61],[36,0,0,0,40,0,397,0,0,0,1362],[184,0,0,0,286,0,0,0,0,0,79],[237,0,0,0,310,0,1,0,0,0,9],[7,0,0,0,48,0,10,0,0,0,685],[35,0,0,0,224,0,0,0,0,0,703]]",outputs/prediction_diagnostics_4models_c3_b001_by_dataset/organcmnist_224/merged/small/organcmnist_224/swin_tiny/clients_3/beta_0p01/seed_42/from/merged.pt,outputs/prediction_diagnostics_4models_c3_b001_by_dataset/organcmnist_224/merged/small/organcmnist_224/swin_tiny/clients_3/beta_0p01/seed_42/from,2026-07-06T10:20:47,My_merge_ret/reports/prediction_diagnostics_4models_c3_b001_by_dataset_organcmnist_224.csv
OK,,18.03,merge,small,organcmnist_224,swin_tiny,3,0.01,42,iso_c,,test,0.18074488802336905,0.15927037351133852,0.13082816781402126,0.22465234118100186,2.311607353411027,8216,11,6,0.22334469328140213,5,0.4294060370009737,1.9226158038147139,0.20606134371957155,4.172232192267484,9,0.5957104160052608,0.9968964699762858,0.11741547552032619,0.5909201557935735,0.17447593994418012,0.027778 0.000000 0.004751 0.047506 0.491059 0.555102 0.246866 0.000000 0.351885 0.000000 0.027027,0.100437 0.000000 0.111111 0.065789 0.128003 0.115646 0.982646 0.000000 0.928910 0.000000 0.038633,0.043519 0.000000 0.009112 0.055172 0.203072 0.191414 0.394599 0.000000 0.510417 0.000000 0.031804,828 431 421 421 727 735 1835 549 557 750 962,229 3 18 304 2789 3528 461 0 211 0 673,0.089301 0.083570 0.081786 0.094595 0.109684 0.109492 0.085146 0.070806 0.092046 0.085989 0.097586,"[[23,1,0,1,132,662,0,0,0,0,9],[26,0,6,0,74,325,0,0,0,0,0],[28,1,2,0,80,310,0,0,0,0,0],[6,0,6,20,150,178,6,0,5,0,50],[4,0,0,0,357,366,0,0,0,0,0],[1,0,3,0,323,408,0,0,0,0,0],[134,1,0,44,402,255,453,0,1,0,545],[2,0,1,46,460,11,1,0,8,0,20],[3,0,0,187,120,38,1,0,196,0,12],[1,0,0,5,317,416,0,0,0,0,11],[1,0,0,1,374,559,0,0,1,0,26]]",outputs/prediction_diagnostics_4models_c3_b001_by_dataset/organcmnist_224/merged/small/organcmnist_224/swin_tiny/clients_3/beta_0p01/seed_42/iso_c/merged.pt,outputs/prediction_diagnostics_4models_c3_b001_by_dataset/organcmnist_224/merged/small/organcmnist_224/swin_tiny/clients_3/beta_0p01/seed_42/iso_c,2026-07-06T10:21:04,My_merge_ret/reports/prediction_diagnostics_4models_c3_b001_by_dataset_organcmnist_224.csv
OK,,17.74,merge,small,organcmnist_224,swin_tiny,3,0.01,42,model_stock,,test,0.16455696202531644,0.14543005653757898,0.0733800570583052,0.14114291456734632,2.3018683532893136,8216,11,6,0.22334469328140213,0,0.7129990262901655,3.1923705722070848,0.4896543330087634,2.3003553695554104,4,0.34741451344956054,0.942635076083872,0.23312981149586173,0.6837877312560857,0.22787839096535242,0.987923 0.000000 0.000000 0.000000 0.396149 0.000000 0.044142 0.000000 0.000000 0.000000 0.171518,0.139638 0.000000 0.000000 0.000000 0.281250 0.000000 1.000000 0.000000 0.000000 0.000000 0.131684,0.244690 0.000000 0.000000 0.000000 0.328955 0.000000 0.084551 0.000000 0.000000 0.000000 0.148984,828 431 421 421 727 735 1835 549 557 750 962,5858 0 0 0 1024 0 81 0 0 0 1253,0.216334 0.053192 0.062044 0.071816 0.142836 0.100555 0.062774 0.039533 0.048631 0.070429 0.131855,"[[818,0,0,0,4,0,0,0,0,0,6],[336,0,0,0,95,0,0,0,0,0,0],[324,0,0,0,97,0,0,0,0,0,0],[315,0,0,0,0,0,0,0,0,0,106],[439,0,0,0,288,0,0,0,0,0,0],[458,0,0,0,277,0,0,0,0,0,0],[1144,0,0,0,0,0,81,0,0,0,610],[123,0,0,0,97,0,0,0,0,0,329],[458,0,0,0,73,0,0,0,0,0,26],[739,0,0,0,0,0,0,0,0,0,11],[704,0,0,0,93,0,0,0,0,0,165]]",outputs/prediction_diagnostics_4models_c3_b001_by_dataset/organcmnist_224/merged/small/organcmnist_224/swin_tiny/clients_3/beta_0p01/seed_42/model_stock/merged.pt,outputs/prediction_diagnostics_4models_c3_b001_by_dataset/organcmnist_224/merged/small/organcmnist_224/swin_tiny/clients_3/beta_0p01/seed_42/model_stock,2026-07-06T10:20:29,My_merge_ret/reports/prediction_diagnostics_4models_c3_b001_by_dataset_organcmnist_224.csv
OK,,16.89,merge,small,organcmnist_224,swin_tiny,3,0.01,42,my_merge,,test,0.6655306718597858,0.6614096522323781,0.6427877219866541,0.649011817847896,2.7203578995404714,8216,11,6,0.22334469328140213,6,0.17904089581304772,0.8016348773841963,-0.04430379746835442,10.206343751528307,11,0.9687701918196306,0.9693068372908274,0.9144961051606622,0.12074001947419669,0.12009328763949076,0.503623 0.545244 0.719715 0.617577 0.474553 0.500680 0.759128 0.826958 0.908438 0.842667 0.576923,0.482081 0.460784 0.390464 0.753623 0.628415 0.650177 0.946975 0.800705 0.723891 0.568857 0.733157,0.492617 0.499469 0.506266 0.678851 0.540752 0.565719 0.842710 0.813620 0.805732 0.679205 0.645724,828 431 421 421 727 735 1835 549 557 750 962,865 510 776 345 549 566 1471 567 699 1111 757,0.103432 0.064001 0.093392 0.042039 0.065555 0.070202 0.178576 0.069147 0.085191 0.135311 0.093155,"[[417,63,148,1,20,7,20,3,1,95,53],[4,235,184,0,0,4,0,0,0,3,1],[9,99,303,0,3,2,0,0,0,2,3],[17,23,30,260,5,0,0,14,18,34,20],[74,34,33,14,345,143,2,2,0,42,38],[75,43,44,6,136,368,0,4,3,36,20],[7,0,0,28,8,0,1393,41,91,221,46],[0,1,3,9,0,0,0,454,72,0,10],[0,0,0,8,0,0,2,35,506,0,6],[49,0,1,1,8,9,41,0,4,632,5],[213,12,30,18,24,33,13,14,4,46,555]]",outputs/prediction_diagnostics_4models_c3_b001_by_dataset/organcmnist_224/merged/small/organcmnist_224/swin_tiny/clients_3/beta_0p01/seed_42/my_merge/merged.pt,outputs/prediction_diagnostics_4models_c3_b001_by_dataset/organcmnist_224/merged/small/organcmnist_224/swin_tiny/clients_3/beta_0p01/seed_42/my_merge,2026-07-06T10:21:57,My_merge_ret/reports/prediction_diagnostics_4models_c3_b001_by_dataset_organcmnist_224.csv
OK,,62.34,merge,small,organcmnist_224,swin_tiny,3,0.01,42,regmean,,test,0.23198636806231743,0.16444593871041419,0.10037683981461559,0.1159621497771575,4.25015421665864,8216,11,6,0.22334469328140213,10,0.440603700097371,1.9727520435967303,0.21725900681596885,2.8863581853016833,4,0.44205248494636,0.539561613203556,0.749982884006816,0.6641918208373905,0.6288038201530157,0.009662 0.000000 0.000000 0.000000 0.829436 0.000000 0.414714 0.000000 0.000000 0.000000 0.555094,0.032389 0.000000 0.000000 0.000000 0.171015 0.000000 0.924666 0.000000 0.000000 0.000000 0.147514,0.014884 0.000000 0.000000 0.000000 0.283565 0.000000 0.572611 0.000000 0.000000 0.000000 0.233086,828 431 421 421 727 735 1835 549 557 750 962,247 0 0 0 3526 0 823 0 0 0 3620,0.034659 0.010326 0.014158 0.003911 0.426657 0.012598 0.078373 0.004450 0.002874 0.004273 0.407721,"[[8,0,0,0,418,0,0,0,0,0,402],[19,0,0,0,79,0,0,0,0,0,333],[22,0,0,0,103,0,0,0,0,0,296],[8,0,0,0,45,0,0,0,0,0,368],[7,0,0,0,603,0,0,0,0,0,117],[5,0,0,0,633,0,0,0,0,0,97],[8,0,0,0,231,0,761,0,0,0,835],[70,0,0,0,386,0,1,0,0,0,92],[91,0,0,0,424,0,23,0,0,0,19],[0,0,0,0,185,0,38,0,0,0,527],[9,0,0,0,419,0,0,0,0,0,534]]",outputs/prediction_diagnostics_4models_c3_b001_by_dataset/organcmnist_224/merged/small/organcmnist_224/swin_tiny/clients_3/beta_0p01/seed_42/regmean/merged.pt,outputs/prediction_diagnostics_4models_c3_b001_by_dataset/organcmnist_224/merged/small/organcmnist_224/swin_tiny/clients_3/beta_0p01/seed_42/regmean,2026-07-06T10:18:51,My_merge_ret/reports/prediction_diagnostics_4models_c3_b001_by_dataset_organcmnist_224.csv
OK,,17.68,merge,small,organcmnist_224,swin_tiny,3,0.01,42,robustmerge,,test,0.20411392405063292,0.18375139724568654,0.08711165686258723,0.14823415944167895,2.292765735303067,8216,11,6,0.22334469328140213,0,0.4071324245374878,1.8228882833787465,0.1837877312560857,2.9519090668813925,4,0.45141758885014815,0.9211999126937256,0.274367468962999,0.693524829600779,0.26229322290639245,0.701691 0.000000 0.000000 0.000000 0.740028 0.000000 0.000545 0.000000 0.000000 0.000000 0.579002,0.173692 0.000000 0.000000 0.000000 0.255218 0.000000 1.000000 0.000000 0.000000 0.000000 0.201665,0.278457 0.000000 0.000000 0.000000 0.379541 0.000000 0.001089 0.000000 0.000000 0.000000 0.299141,828 431 421 421 727 735 1835 549 557 750 962,3345 0 0 0 2108 0 1 0 0 0 2762,0.197820 0.043552 0.060647 0.056816 0.168620 0.094095 0.059106 0.039918 0.036403 0.060431 0.182591,"[[581,0,0,0,172,0,0,0,0,0,75],[156,0,0,0,275,0,0,0,0,0,0],[149,0,0,0,270,0,0,0,0,0,2],[183,0,0,0,1,0,0,0,0,0,237],[182,0,0,0,538,0,0,0,0,0,7],[208,0,0,0,524,0,0,0,0,0,3],[681,0,0,0,3,0,1,0,0,0,1150],[20,0,0,0,61,0,0,0,0,0,468],[314,0,0,0,132,0,0,0,0,0,111],[592,0,0,0,6,0,0,0,0,0,152],[279,0,0,0,126,0,0,0,0,0,557]]",outputs/prediction_diagnostics_4models_c3_b001_by_dataset/organcmnist_224/merged/small/organcmnist_224/swin_tiny/clients_3/beta_0p01/seed_42/robustmerge/merged.pt,outputs/prediction_diagnostics_4models_c3_b001_by_dataset/organcmnist_224/merged/small/organcmnist_224/swin_tiny/clients_3/beta_0p01/seed_42/robustmerge,2026-07-06T10:21:40,My_merge_ret/reports/prediction_diagnostics_4models_c3_b001_by_dataset_organcmnist_224.csv
OK,,19.10,merge,small,organcmnist_224,swin_tiny,3,0.01,42,ties,,test,0.20362706913339826,0.13698769348098858,0.08088209030876248,0.09225065622287797,2.878663773429893,8216,11,6,0.22334469328140213,4,0.6930379746835443,3.10299727520436,0.46969328140214217,2.5764369159237326,4,0.39468254298457844,0.7778402274881565,0.3695380963972736,0.6045520934761441,0.37166037430248705,0.018116 0.000000 0.000000 0.000000 0.968363 0.000000 0.519346 0.000000 0.000000 0.000000 0.001040,0.019255 0.000000 0.000000 0.000000 0.123639 0.000000 0.870320 0.000000 0.000000 0.000000 0.001543,0.018668 0.000000 0.000000 0.000000 0.219280 0.000000 0.650512 0.000000 0.000000 0.000000 0.001242,828 431 421 421 727 735 1835 549 557 750 962,779 0 0 0 5694 0 1095 0 0 0 648,0.114945 0.011376 0.024404 0.031030 0.335646 0.030488 0.140407 0.055718 0.016374 0.012189 0.227423,"[[15,0,0,0,787,0,0,0,0,0,26],[28,0,0,0,403,0,0,0,0,0,0],[24,0,0,0,397,0,0,0,0,0,0],[104,0,0,0,316,0,0,0,0,0,1],[23,0,0,0,704,0,0,0,0,0,0],[14,0,0,0,721,0,0,0,0,0,0],[121,0,0,0,294,0,953,0,0,0,467],[180,0,0,0,347,0,0,0,0,0,22],[226,0,0,0,235,0,0,0,0,0,96],[6,0,0,0,567,0,142,0,0,0,35],[38,0,0,0,923,0,0,0,0,0,1]]",outputs/prediction_diagnostics_4models_c3_b001_by_dataset/organcmnist_224/merged/small/organcmnist_224/swin_tiny/clients_3/beta_0p01/seed_42/ties/merged.pt,outputs/prediction_diagnostics_4models_c3_b001_by_dataset/organcmnist_224/merged/small/organcmnist_224/swin_tiny/clients_3/beta_0p01/seed_42/ties,2026-07-06T10:17:54,My_merge_ret/reports/prediction_diagnostics_4models_c3_b001_by_dataset_organcmnist_224.csv
OK,,11.31,client,small,organcmnist_224,vit_t,3,0.01,42,client_0,0,test,0.27677702044790653,0.1803211541166994,0.12786091039006278,0.2057175965598014,5.915910458959414,8216,11,6,0.22334469328140213,10,0.47504868549172347,2.1269754768392373,0.25170399221032136,3.5162423312831654,5,0.5243735679982312,0.5343106300151887,0.8630739563047711,0.554284323271665,0.5528347561794595,0.015700 0.000000 0.000000 0.000000 0.482806 0.000000 0.573842 0.047359 0.000000 0.000000 0.863825,0.012276 0.000000 0.000000 0.000000 0.166430 0.000000 0.942704 0.928571 0.000000 0.000000 0.212913,0.013778 0.000000 0.000000 0.000000 0.247532 0.000000 0.713415 0.090121 0.000000 0.000000 0.341624,828 431 421 421 727 735 1835 549 557 750 962,1059 0 0 0 2109 0 1117 28 0 0 3903,0.131501 0.000153 0.000054 0.000101 0.266356 0.000091 0.134283 0.006009 0.000056 0.000065 0.461331,"[[13,0,0,0,53,0,8,0,0,0,754],[17,0,0,0,205,0,0,0,0,0,209],[14,0,0,0,226,0,0,0,0,0,181],[184,0,0,0,74,0,1,0,0,0,162],[11,0,0,0,351,0,0,0,0,0,365],[7,0,0,0,311,0,0,0,0,0,417],[176,0,0,0,271,0,1053,0,0,0,335],[310,0,0,0,189,0,1,26,0,0,23],[320,0,0,0,229,0,3,2,0,0,3],[2,0,0,0,74,0,51,0,0,0,623],[5,0,0,0,126,0,0,0,0,0,831]]",/data2/liyapeng_grp/program/MedMNISTMerge/model_hub/small/organcmnist_224/vit_t/clients_3/beta_0p01/seed_42/client_0.pt,,2026-07-06T10:22:14,My_merge_ret/reports/prediction_diagnostics_4models_c3_b001_by_dataset_organcmnist_224.csv
OK,,10.54,client,small,organcmnist_224,vit_t,3,0.01,42,client_1,1,test,0.06791626095423564,0.11327667435269881,0.030361788728864147,0.01861494065865357,8.399492377083396,8216,11,6,0.22334469328140213,1,0.4277020447906524,1.9149863760217984,0.20435735150925025,3.160633157977962,4,0.4799093551045299,0.5001859159201328,0.8323013023369036,0.7820107108081792,0.7672600483059427,0.000000 0.624130 0.539192 0.000000 0.000000 0.002721 0.000000 0.000000 0.000000 0.080000 0.000000,0.000000 0.076551 0.085146 0.000000 0.000000 0.010582 0.000000 0.000000 0.000000 0.032485 0.000000,0.000000 0.136375 0.147068 0.000000 0.000000 0.004329 0.000000 0.000000 0.000000 0.046207 0.000000,828 431 421 421 727 735 1835 549 557 750 962,0 3514 2666 0 0 189 0 0 0 1847 0,0.000288 0.402942 0.337381 0.000117 0.000248 0.036327 0.000274 0.000252 0.000111 0.221922 0.000138,"[[0,496,286,0,0,0,0,0,0,46,0],[0,269,162,0,0,0,0,0,0,0,0],[0,194,227,0,0,0,0,0,0,0,0],[0,194,80,0,0,24,0,0,0,123,0],[0,515,204,0,0,2,0,0,0,6,0],[0,372,354,0,0,2,0,0,0,7,0],[0,398,434,0,0,43,0,0,0,960,0],[0,184,13,0,0,71,0,0,0,281,0],[0,7,216,0,0,43,0,0,0,291,0],[0,437,253,0,0,0,0,0,0,60,0],[0,448,437,0,0,4,0,0,0,73,0]]",/data2/liyapeng_grp/program/MedMNISTMerge/model_hub/small/organcmnist_224/vit_t/clients_3/beta_0p01/seed_42/client_1.pt,,2026-07-06T10:22:26,My_merge_ret/reports/prediction_diagnostics_4models_c3_b001_by_dataset_organcmnist_224.csv
OK,,10.57,client,small,organcmnist_224,vit_t,3,0.01,42,client_2,2,test,0.09018987341772151,0.09194108705403092,0.017485235617939136,0.07372266640286496,9.875181237121403,8216,11,6,0.22334469328140213,5,0.9496105160662123,4.2517711171662125,0.7262658227848101,1.2262752475066945,3,0.08506681805481486,0.10000090377467134,0.9811001399707887,0.8601509250243428,0.8542802426205668,0.000000 0.000000 0.000000 0.002375 0.000000 1.000000 0.000000 0.000000 0.008977 0.000000 0.000000,0.000000 0.000000 0.000000 0.002457 0.000000 0.094207 0.000000 0.000000 0.714286 0.000000 0.000000,0.000000 0.000000 0.000000 0.002415 0.000000 0.172192 0.000000 0.000000 0.017730 0.000000 0.000000,828 431 421 421 727 735 1835 549 557 750 962,0 0 0 407 0 7802 0 0 7 0 0,0.000034 0.000012 0.000032 0.053023 0.000019 0.941958 0.000022 0.000011 0.004830 0.000052 0.000006,"[[0,0,0,26,0,802,0,0,0,0,0],[0,0,0,0,0,431,0,0,0,0,0],[0,0,0,0,0,421,0,0,0,0,0],[0,0,0,1,0,420,0,0,0,0,0],[0,0,0,0,0,727,0,0,0,0,0],[0,0,0,0,0,735,0,0,0,0,0],[0,0,0,320,0,1514,0,0,1,0,0],[0,0,0,0,0,548,0,0,1,0,0],[0,0,0,0,0,552,0,0,5,0,0],[0,0,0,57,0,693,0,0,0,0,0],[0,0,0,3,0,959,0,0,0,0,0]]",/data2/liyapeng_grp/program/MedMNISTMerge/model_hub/small/organcmnist_224/vit_t/clients_3/beta_0p01/seed_42/client_2.pt,,2026-07-06T10:22:36,My_merge_ret/reports/prediction_diagnostics_4models_c3_b001_by_dataset_organcmnist_224.csv
OK,,10.63,merge,small,organcmnist_224,vit_t,3,0.01,42,avg,,test,0.15055988315481986,0.12147307336237473,0.06114135300168024,0.11467176620282685,2.4199171354150817,8216,11,6,0.22334469328140213,0,0.8602726387536515,3.851771117166213,0.6369279454722493,1.6893068932891093,5,0.21865772389876006,0.8890656205450771,0.2813845507241967,0.762414800389484,0.3382370591166518,0.974638 0.000000 0.000000 0.000000 0.209078 0.000000 0.150409 0.000000 0.000000 0.000000 0.002079,0.114177 0.000000 0.000000 0.000000 0.202397 0.000000 0.923077 0.000000 0.000000 0.000000 0.021739,0.204407 0.000000 0.000000 0.000000 0.205683 0.000000 0.258669 0.000000 0.000000 0.000000 0.003795,828 431 421 421 727 735 1835 549 557 750 962,7068 0 0 0 751 6 299 0 0 0 92,0.269169 0.086356 0.075878 0.026334 0.156812 0.132446 0.049443 0.027440 0.024974 0.045330 0.105818,"[[807,0,0,0,1,0,0,0,0,0,20],[431,0,0,0,0,0,0,0,0,0,0],[421,0,0,0,0,0,0,0,0,0,0],[415,0,0,0,5,0,0,0,0,0,1],[575,0,0,0,152,0,0,0,0,0,0],[556,0,0,0,179,0,0,0,0,0,0],[1465,0,0,0,31,3,276,0,0,0,60],[404,0,0,0,142,3,0,0,0,0,0],[403,0,0,0,153,0,1,0,0,0,0],[712,0,0,0,7,0,22,0,0,0,9],[879,0,0,0,81,0,0,0,0,0,2]]",outputs/prediction_diagnostics_4models_c3_b001_by_dataset/organcmnist_224/merged/small/organcmnist_224/vit_t/clients_3/beta_0p01/seed_42/avg/merged.pt,outputs/prediction_diagnostics_4models_c3_b001_by_dataset/organcmnist_224/merged/small/organcmnist_224/vit_t/clients_3/beta_0p01/seed_42/avg,2026-07-06T10:22:47,My_merge_ret/reports/prediction_diagnostics_4models_c3_b001_by_dataset_organcmnist_224.csv
OK,,12.46,merge,small,organcmnist_224,vit_t,3,0.01,42,breadcrumbs,,test,0.12122687439143136,0.11109220531503888,0.037364973036245454,0.03077839272569268,2.5512430252327776,8216,11,6,0.22334469328140213,0,0.824732229795521,3.6926430517711175,0.6013875365141188,1.7361618039705307,3,0.23006710226471794,0.843314127757373,0.3520151229308666,0.7758033106134373,0.4160569729027184,1.000000 0.000000 0.000000 0.000000 0.193948 0.000000 0.000000 0.000000 0.000000 0.000000 0.028067,0.122196 0.000000 0.000000 0.000000 0.122290 0.000000 0.000000 0.000000 0.000000 0.000000 0.094077,0.217780 0.000000 0.000000 0.000000 0.150000 0.000000 0.000000 0.000000 0.000000 0.000000 0.043235,828 431 421 421 727 735 1835 549 557 750 962,6776 0 0 0 1153 0 0 0 0 0 287,0.336012 0.115673 0.025585 0.088796 0.168541 0.040203 0.037908 0.041347 0.024952 0.027390 0.093594,"[[828,0,0,0,0,0,0,0,0,0,0],[431,0,0,0,0,0,0,0,0,0,0],[421,0,0,0,0,0,0,0,0,0,0],[407,0,0,0,14,0,0,0,0,0,0],[586,0,0,0,141,0,0,0,0,0,0],[569,0,0,0,166,0,0,0,0,0,0],[1449,0,0,0,127,0,0,0,0,0,259],[290,0,0,0,259,0,0,0,0,0,0],[283,0,0,0,274,0,0,0,0,0,0],[703,0,0,0,46,0,0,0,0,0,1],[809,0,0,0,126,0,0,0,0,0,27]]",outputs/prediction_diagnostics_4models_c3_b001_by_dataset/organcmnist_224/merged/small/organcmnist_224/vit_t/clients_3/beta_0p01/seed_42/breadcrumbs/merged.pt,outputs/prediction_diagnostics_4models_c3_b001_by_dataset/organcmnist_224/merged/small/organcmnist_224/vit_t/clients_3/beta_0p01/seed_42/breadcrumbs,2026-07-06T10:25:04,My_merge_ret/reports/prediction_diagnostics_4models_c3_b001_by_dataset_organcmnist_224.csv
OK,,10.91,merge,small,organcmnist_224,vit_t,3,0.01,42,dare_linear,,test,0.18390944498539435,0.15245145324707787,0.09404227144103344,0.15108633211183797,2.5331440510513024,8216,11,6,0.22334469328140213,10,0.4224683544303797,1.8915531335149864,0.1991236611489776,4.268930110791355,6,0.6052654812642635,0.908918809419545,0.1937012194194255,0.5424780915287244,0.3543978772405038,0.237923 0.000000 0.000000 0.000000 0.376891 0.125170 0.053406 0.000000 0.000000 0.000000 0.883576,0.097815 0.000000 0.000000 0.000000 0.273726 0.075225 0.970297 0.000000 0.000000 0.000000 0.244886,0.138635 0.000000 0.000000 0.000000 0.317130 0.093973 0.101240 0.000000 0.000000 0.000000 0.383487,828 431 421 421 727 735 1835 549 557 750 962,2014 0 406 0 1001 1223 101 0 0 0 3471,0.155281 0.083544 0.112262 0.093297 0.150852 0.138675 0.026030 0.021386 0.022411 0.025020 0.171242,"[[197,0,0,0,14,1,0,0,0,0,616],[74,0,0,0,10,181,0,0,0,0,166],[53,0,0,0,8,180,0,0,0,0,180],[228,0,0,0,7,28,0,0,0,0,158],[115,0,0,0,274,86,0,0,0,0,252],[112,0,0,0,295,92,0,0,0,0,236],[779,0,403,0,33,18,98,0,0,0,504],[59,0,0,0,54,419,0,0,0,0,17],[98,0,3,0,256,194,0,0,0,0,6],[244,0,0,0,11,6,3,0,0,0,486],[55,0,0,0,39,18,0,0,0,0,850]]",outputs/prediction_diagnostics_4models_c3_b001_by_dataset/organcmnist_224/merged/small/organcmnist_224/vit_t/clients_3/beta_0p01/seed_42/dare_linear/merged.pt,outputs/prediction_diagnostics_4models_c3_b001_by_dataset/organcmnist_224/merged/small/organcmnist_224/vit_t/clients_3/beta_0p01/seed_42/dare_linear,2026-07-06T10:23:09,My_merge_ret/reports/prediction_diagnostics_4models_c3_b001_by_dataset_organcmnist_224.csv
OK,,11.47,merge,small,organcmnist_224,vit_t,3,0.01,42,dare_ties,,test,0.12792112950340798,0.1041650167588978,0.04186145170765803,0.07747806196786762,3.215530128070419,8216,11,6,0.22334469328140213,10,0.8965433300876339,4.014168937329701,0.6731986368062317,1.5304003668102482,8,0.17745953447327908,0.7365365523456942,0.49063564995131453,0.7794547224926972,0.46467615190963507,0.003623 0.009281 0.000000 0.000000 0.000000 0.194558 0.000000 0.000000 0.000000 0.008000 0.930353,0.214286 0.148148 0.000000 0.000000 0.000000 0.218321 0.000000 0.000000 0.000000 0.150000 0.121504,0.007126 0.017467 0.000000 0.000000 0.000000 0.205755 0.000000 0.000000 0.000000 0.015190 0.214938,828 431 421 421 727 735 1835 549 557 750 962,14 27 56 3 0 655 0 55 0 40 7366,0.036839 0.040703 0.072870 0.062272 0.061911 0.165336 0.018731 0.031431 0.026000 0.010677 0.473230,"[[3,7,0,0,0,63,0,12,0,0,743],[6,4,0,0,0,34,0,18,0,0,369],[3,10,0,0,0,21,0,9,0,0,378],[0,0,1,0,0,17,0,1,0,0,402],[1,4,0,0,0,120,0,1,0,0,601],[1,2,0,0,0,143,0,4,0,0,585],[0,0,43,0,0,138,0,1,0,34,1619],[0,0,1,3,0,11,0,0,0,0,534],[0,0,0,0,0,34,0,0,0,0,523],[0,0,1,0,0,26,0,0,0,6,717],[0,0,10,0,0,48,0,9,0,0,895]]",outputs/prediction_diagnostics_4models_c3_b001_by_dataset/organcmnist_224/merged/small/organcmnist_224/vit_t/clients_3/beta_0p01/seed_42/dare_ties/merged.pt,outputs/prediction_diagnostics_4models_c3_b001_by_dataset/organcmnist_224/merged/small/organcmnist_224/vit_t/clients_3/beta_0p01/seed_42/dare_ties,2026-07-06T10:23:20,My_merge_ret/reports/prediction_diagnostics_4models_c3_b001_by_dataset_organcmnist_224.csv
OK,,48.53,merge,small,organcmnist_224,vit_t,3,0.01,42,fisher,,test,0.13315481986368063,0.11834664560989333,0.0648574299969234,0.11607875868211187,3.566439961969214,8216,11,6,0.22334469328140213,4,0.5893378773125608,2.638692098092643,0.36599318403115866,3.3760349407912056,6,0.5074041140340028,0.7827141726901141,0.4157065862341772,0.6766066212268744,0.48936869889646417,0.003623 0.134571 0.054632 0.000000 0.877579 0.000000 0.171117 0.000000 0.000000 0.000000 0.060291,0.007937 0.031419 0.051111 0.000000 0.131764 0.000000 0.887006 0.000000 0.000000 0.000000 0.167630,0.004975 0.050944 0.052813 0.000000 0.229126 0.000000 0.286889 0.000000 0.000000 0.000000 0.088685,828 431 421 421 727 735 1835 549 557 750 962,378 1846 450 0 4842 0 354 0 0 0 346,0.076286 0.195035 0.162568 0.002119 0.323952 0.083644 0.034668 0.000756 0.010226 0.033827 0.076918,"[[3,219,10,0,540,0,0,0,0,0,56],[0,58,4,0,369,0,0,0,0,0,0],[0,19,23,0,379,0,0,0,0,0,0],[71,169,17,0,156,0,1,0,0,0,7],[0,85,4,0,638,0,0,0,0,0,0],[0,78,16,0,641,0,0,0,0,0,0],[57,660,239,0,401,0,314,0,0,0,164],[89,3,12,0,427,0,7,0,0,0,11],[157,0,19,0,367,0,12,0,0,0,2],[0,359,44,0,279,0,20,0,0,0,48],[1,196,62,0,645,0,0,0,0,0,58]]",outputs/prediction_diagnostics_4models_c3_b001_by_dataset/organcmnist_224/merged/small/organcmnist_224/vit_t/clients_3/beta_0p01/seed_42/fisher/merged.pt,outputs/prediction_diagnostics_4models_c3_b001_by_dataset/organcmnist_224/merged/small/organcmnist_224/vit_t/clients_3/beta_0p01/seed_42/fisher,2026-07-06T10:24:15,My_merge_ret/reports/prediction_diagnostics_4models_c3_b001_by_dataset_organcmnist_224.csv
OK,,11.01,merge,small,organcmnist_224,vit_t,3,0.01,42,free_merge,,test,0.1063777994157741,0.09665852585876165,0.026527342732770746,0.025668867184452604,2.5026304547719387,8216,11,6,0.22334469328140213,0,0.9089581304771178,4.069754768392371,0.6856134371957157,1.4454680195382261,4,0.15364856099303925,0.9044886969971785,0.23423569483325218,0.8081791626095425,0.33244386509613644,1.000000 0.000000 0.000000 0.000000 0.060523 0.002721 0.000000 0.000000 0.000000 0.000000 0.000000,0.110873 0.000000 0.000000 0.000000 0.167300 0.004184 0.000000 0.000000 0.000000 0.000000 0.000000,0.199614 0.000000 0.000000 0.000000 0.088889 0.003298 0.000000 0.000000 0.000000 0.000000 0.000000,828 431 421 421 727 735 1835 549 557 750 962,7468 0 0 0 263 478 0 0 0 0 7,0.232270 0.087524 0.083168 0.028126 0.143459 0.168447 0.037229 0.030773 0.034691 0.048589 0.105724,"[[828,0,0,0,0,0,0,0,0,0,0],[431,0,0,0,0,0,0,0,0,0,0],[421,0,0,0,0,0,0,0,0,0,0],[421,0,0,0,0,0,0,0,0,0,0],[683,0,0,0,44,0,0,0,0,0,0],[681,0,0,0,52,2,0,0,0,0,0],[1661,0,0,0,16,151,0,0,0,0,7],[290,0,0,0,26,233,0,0,0,0,0],[381,0,0,0,91,85,0,0,0,0,0],[745,0,0,0,4,1,0,0,0,0,0],[926,0,0,0,30,6,0,0,0,0,0]]",outputs/prediction_diagnostics_4models_c3_b001_by_dataset/organcmnist_224/merged/small/organcmnist_224/vit_t/clients_3/beta_0p01/seed_42/free_merge/merged.pt,outputs/prediction_diagnostics_4models_c3_b001_by_dataset/organcmnist_224/merged/small/organcmnist_224/vit_t/clients_3/beta_0p01/seed_42/free_merge,2026-07-06T10:25:50,My_merge_ret/reports/prediction_diagnostics_4models_c3_b001_by_dataset_organcmnist_224.csv
OK,,10.79,merge,small,organcmnist_224,vit_t,3,0.01,42,from,,test,0.2653359298928919,0.18244529749428137,0.11934129243778796,0.12594273468456418,3.56792592398728,8216,11,6,0.22334469328140213,4,0.3977604673807206,1.7809264305177113,0.17441577409931844,3.459851975197373,4,0.5176313663486566,0.5862742667527985,0.7020923350778968,0.5764362220058423,0.5594611959120686,0.041063 0.000000 0.000000 0.000000 0.784044 0.000000 0.502997 0.000000 0.000000 0.000000 0.678794,0.034240 0.000000 0.000000 0.000000 0.174419 0.000000 0.958463 0.000000 0.000000 0.000000 0.218249,0.037342 0.000000 0.000000 0.000000 0.285357 0.000000 0.659757 0.000000 0.000000 0.000000 0.330298,828 431 421 421 727 735 1835 549 557 750 962,993 0 0 0 3268 0 963 0 0 0 2992,0.162580 0.004410 0.002475 0.002143 0.369446 0.003644 0.109969 0.007887 0.001514 0.002143 0.333788,"[[34,0,0,0,98,0,2,0,0,0,694],[18,0,0,0,244,0,0,0,0,0,169],[22,0,0,0,250,0,0,0,0,0,149],[173,0,0,0,182,0,0,0,0,0,66],[14,0,0,0,570,0,0,0,0,0,143],[19,0,0,0,496,0,0,0,0,0,220],[249,0,0,0,352,0,923,0,0,0,311],[207,0,0,0,331,0,0,0,0,0,11],[242,0,0,0,313,0,2,0,0,0,0],[11,0,0,0,127,0,36,0,0,0,576],[4,0,0,0,305,0,0,0,0,0,653]]",outputs/prediction_diagnostics_4models_c3_b001_by_dataset/organcmnist_224/merged/small/organcmnist_224/vit_t/clients_3/beta_0p01/seed_42/from/merged.pt,outputs/prediction_diagnostics_4models_c3_b001_by_dataset/organcmnist_224/merged/small/organcmnist_224/vit_t/clients_3/beta_0p01/seed_42/from,2026-07-06T10:25:27,My_merge_ret/reports/prediction_diagnostics_4models_c3_b001_by_dataset_organcmnist_224.csv
OK,,12.00,merge,small,organcmnist_224,vit_t,3,0.01,42,iso_c,,test,0.12548685491723466,0.14916274746952754,0.06750976994572201,0.05488125539444692,2.3843423607518868,8216,11,6,0.22334469328140213,5,0.5399221032132424,2.4174386920980924,0.31657740993184025,3.320405719659414,6,0.5004751432610254,0.9543054479523706,0.17569947358812074,0.6892648490749756,0.264310162482297,0.161836 0.621810 0.000000 0.000000 0.125172 0.731973 0.000000 0.000000 0.000000 0.000000 0.000000,0.083750 0.165330 0.000000 0.000000 0.233333 0.121280 0.000000 0.000000 0.000000 0.000000 0.000000,0.110379 0.261209 0.000000 0.000000 0.162936 0.208084 0.000000 0.000000 0.000000 0.000000 0.000000,828 431 421 421 727 735 1835 549 557 750 962,1600 1621 8 0 390 4436 0 0 0 0 161,0.145549 0.118113 0.095909 0.046537 0.129875 0.157289 0.038066 0.037376 0.057322 0.068188 0.105777,"[[134,161,0,0,99,429,0,0,0,0,5],[50,268,0,0,15,98,0,0,0,0,0],[47,280,0,0,9,85,0,0,0,0,0],[203,49,0,0,0,169,0,0,0,0,0],[123,25,0,0,91,488,0,0,0,0,0],[82,32,0,0,83,538,0,0,0,0,0],[250,323,8,0,26,1099,0,0,0,0,129],[98,0,0,0,2,443,0,0,0,0,6],[177,0,0,0,0,361,0,0,0,0,19],[303,288,0,0,25,132,0,0,0,0,2],[133,195,0,0,40,594,0,0,0,0,0]]",outputs/prediction_diagnostics_4models_c3_b001_by_dataset/organcmnist_224/merged/small/organcmnist_224/vit_t/clients_3/beta_0p01/seed_42/iso_c/merged.pt,outputs/prediction_diagnostics_4models_c3_b001_by_dataset/organcmnist_224/merged/small/organcmnist_224/vit_t/clients_3/beta_0p01/seed_42/iso_c,2026-07-06T10:25:38,My_merge_ret/reports/prediction_diagnostics_4models_c3_b001_by_dataset_organcmnist_224.csv
OK,,11.00,merge,small,organcmnist_224,vit_t,3,0.01,42,model_stock,,test,0.15080331061343719,0.12433449916989274,0.05879756574094555,0.1140437626630321,2.356085638921008,8216,11,6,0.22334469328140213,0,0.800267770204479,3.5831062670299727,0.5769230769230769,1.915960257949323,4,0.271162358303119,0.89813514450236,0.2729092814325706,0.7585199610516066,0.31503566170003,0.978261 0.000000 0.000000 0.000000 0.254470 0.000000 0.130790 0.000000 0.000000 0.000000 0.004158,0.123194 0.000000 0.000000 0.000000 0.152640 0.000000 0.956175 0.000000 0.000000 0.000000 0.022472,0.218830 0.000000 0.000000 0.000000 0.190820 0.000000 0.230105 0.000000 0.000000 0.000000 0.007018,828 431 421 421 727 735 1835 549 557 750 962,6575 0 0 0 1212 0 251 0 0 0 178,0.260246 0.081524 0.066419 0.034692 0.166385 0.122887 0.052708 0.032480 0.027272 0.043592 0.111796,"[[810,0,0,0,0,0,0,0,0,0,18],[431,0,0,0,0,0,0,0,0,0,0],[421,0,0,0,0,0,0,0,0,0,0],[411,0,0,0,5,0,0,0,0,0,5],[542,0,0,0,185,0,0,0,0,0,0],[526,0,0,0,209,0,0,0,0,0,0],[1321,0,0,0,124,0,240,0,0,0,150],[280,0,0,0,269,0,0,0,0,0,0],[257,0,0,0,300,0,0,0,0,0,0],[714,0,0,0,24,0,11,0,0,0,1],[862,0,0,0,96,0,0,0,0,0,4]]",outputs/prediction_diagnostics_4models_c3_b001_by_dataset/organcmnist_224/merged/small/organcmnist_224/vit_t/clients_3/beta_0p01/seed_42/model_stock/merged.pt,outputs/prediction_diagnostics_4models_c3_b001_by_dataset/organcmnist_224/merged/small/organcmnist_224/vit_t/clients_3/beta_0p01/seed_42/model_stock,2026-07-06T10:25:16,My_merge_ret/reports/prediction_diagnostics_4models_c3_b001_by_dataset_organcmnist_224.csv
OK,,10.72,merge,small,organcmnist_224,vit_t,3,0.01,42,my_merge,,test,0.5811830574488802,0.5859352355959616,0.5681691925180208,0.586115408520549,15.107968338740719,8216,11,6,0.22334469328140213,9,0.16382667964946446,0.7335149863760219,-0.05951801363193768,10.15058369664867,11,0.9664855830791668,0.9659857815542181,0.9613634980525804,0.1551850048685492,0.15626019227821702,0.375604 0.422274 0.629454 0.631829 0.445667 0.295238 0.640327 0.816029 0.831239 0.858667 0.498960,0.520938 0.283048 0.298423 0.808511 0.477172 0.464668 0.931800 0.816029 0.837251 0.478455 0.530973,0.436491 0.338920 0.404889 0.709333 0.460882 0.361065 0.759044 0.816029 0.834234 0.614504 0.514469,828 431 421 421 727 735 1835 549 557 750 962,597 643 888 329 679 467 1261 549 553 1346 904,0.071375 0.074440 0.112196 0.040016 0.081083 0.058738 0.152584 0.066589 0.067619 0.164610 0.110751,"[[311,67,196,0,26,8,14,0,0,151,55],[32,182,181,0,4,16,0,0,0,14,2],[27,97,265,0,6,15,0,0,0,10,1],[24,46,12,266,3,1,3,1,0,48,17],[49,85,38,13,324,150,1,6,1,29,31],[65,90,67,4,202,217,1,2,1,50,36],[4,0,0,18,28,13,1175,27,10,321,239],[1,1,0,3,5,0,0,448,77,2,12],[0,0,0,3,0,0,5,62,463,5,19],[13,5,16,2,20,8,29,0,1,644,12],[71,70,113,20,61,39,33,3,0,72,480]]",outputs/prediction_diagnostics_4models_c3_b001_by_dataset/organcmnist_224/merged/small/organcmnist_224/vit_t/clients_3/beta_0p01/seed_42/my_merge/merged.pt,outputs/prediction_diagnostics_4models_c3_b001_by_dataset/organcmnist_224/merged/small/organcmnist_224/vit_t/clients_3/beta_0p01/seed_42/my_merge,2026-07-06T10:26:12,My_merge_ret/reports/prediction_diagnostics_4models_c3_b001_by_dataset_organcmnist_224.csv
OK,,44.05,merge,small,organcmnist_224,vit_t,3,0.01,42,regmean,,test,0.13741480038948392,0.10042640180297684,0.03977248785383635,0.10297318790739646,6.1168005793793405,8216,11,6,0.22334469328140213,10,0.8243670886075949,3.691008174386921,0.6010223953261927,1.8788827842109463,4,0.26301287784916466,0.30305685052110626,0.897104354308666,0.7144595910418695,0.6945097559267055,0.002415 0.000000 0.000000 0.000000 0.034388 0.000000 0.085559 0.000000 0.000000 0.000000 0.982328,0.004057 0.000000 0.000000 0.000000 0.031807 0.000000 0.957317 0.000000 0.000000 0.000000 0.139525,0.003028 0.000000 0.000000 0.000000 0.033047 0.000000 0.157079 0.000000 0.000000 0.000000 0.244344,828 431 421 421 727 735 1835 549 557 750 962,493 0 0 0 786 0 164 0 0 0 6773,0.073337 0.000446 0.000147 0.000108 0.110316 0.000311 0.024919 0.000461 0.000084 0.000103 0.789768,"[[2,0,0,0,1,0,1,0,0,0,824],[10,0,0,0,43,0,0,0,0,0,378],[9,0,0,0,50,0,0,0,0,0,362],[132,0,0,0,51,0,0,0,0,0,238],[2,0,0,0,25,0,0,0,0,0,700],[2,0,0,0,26,0,0,0,0,0,707],[5,0,0,0,11,0,157,0,0,0,1662],[148,0,0,0,216,0,0,0,0,0,185],[182,0,0,0,343,0,0,0,0,0,32],[0,0,0,0,4,0,6,0,0,0,740],[1,0,0,0,16,0,0,0,0,0,945]]",outputs/prediction_diagnostics_4models_c3_b001_by_dataset/organcmnist_224/merged/small/organcmnist_224/vit_t/clients_3/beta_0p01/seed_42/regmean/merged.pt,outputs/prediction_diagnostics_4models_c3_b001_by_dataset/organcmnist_224/merged/small/organcmnist_224/vit_t/clients_3/beta_0p01/seed_42/regmean,2026-07-06T10:23:31,My_merge_ret/reports/prediction_diagnostics_4models_c3_b001_by_dataset_organcmnist_224.csv
OK,,10.87,merge,small,organcmnist_224,vit_t,3,0.01,42,robustmerge,,test,0.12475657254138267,0.11219770347773818,0.050258302252338266,0.10958412256955931,2.491147822275134,8216,11,6,0.22334469328140213,0,0.5712025316455697,2.5574931880108993,0.3478578383641675,2.3866930271571527,4,0.3627801209710486,0.848108884500686,0.3059022600718111,0.7607108081791626,0.3766130091143131,0.439614 0.000000 0.000000 0.000000 0.711142 0.000000 0.073025 0.000000 0.000000 0.000000 0.010395,0.077562 0.000000 0.000000 0.000000 0.166131 0.000000 0.924138 0.000000 0.000000 0.000000 0.037594,0.131860 0.000000 0.000000 0.000000 0.269341 0.000000 0.135354 0.000000 0.000000 0.000000 0.016287,828 431 421 421 727 735 1835 549 557 750 962,4693 0 0 0 3112 0 145 0 0 0 266,0.259471 0.085954 0.042130 0.021065 0.240041 0.045653 0.069718 0.035331 0.023996 0.026683 0.149959,"[[364,0,0,0,390,0,0,0,0,0,74],[308,0,0,0,123,0,0,0,0,0,0],[335,0,0,0,85,0,0,0,0,0,1],[394,0,0,0,26,0,0,0,0,0,1],[210,0,0,0,517,0,0,0,0,0,0],[204,0,0,0,531,0,0,0,0,0,0],[1294,0,0,0,253,0,134,0,0,0,154],[138,0,0,0,411,0,0,0,0,0,0],[161,0,0,0,396,0,0,0,0,0,0],[590,0,0,0,123,0,11,0,0,0,26],[695,0,0,0,257,0,0,0,0,0,10]]",outputs/prediction_diagnostics_4models_c3_b001_by_dataset/organcmnist_224/merged/small/organcmnist_224/vit_t/clients_3/beta_0p01/seed_42/robustmerge/merged.pt,outputs/prediction_diagnostics_4models_c3_b001_by_dataset/organcmnist_224/merged/small/organcmnist_224/vit_t/clients_3/beta_0p01/seed_42/robustmerge,2026-07-06T10:26:01,My_merge_ret/reports/prediction_diagnostics_4models_c3_b001_by_dataset_organcmnist_224.csv
OK,,11.20,merge,small,organcmnist_224,vit_t,3,0.01,42,ties,,test,0.15262901655306718,0.12102710059033947,0.07392556414864114,0.12527557135549613,2.524685065725414,8216,11,6,0.22334469328140213,10,0.5879990262901655,2.632697547683924,0.3646543330087634,3.204207710482688,7,0.4856195634582993,0.8904989434985122,0.27399234344571566,0.6113680623174295,0.2938393209150046,0.031401 0.000000 0.000000 0.000000 0.471802 0.006803 0.102997 0.000000 0.000000 0.000000 0.718295,0.017049 0.000000 0.000000 0.000000 0.289696 0.010776 0.917476 0.000000 0.000000 0.000000 0.143035,0.022099 0.000000 0.000000 0.000000 0.358974 0.008340 0.185203 0.000000 0.000000 0.000000 0.238564,828 431 421 421 727 735 1835 549 557 750 962,1525 0 0 4 1184 464 206 2 0 0 4831,0.177506 0.055262 0.041024 0.042425 0.153523 0.119153 0.070801 0.061459 0.017715 0.024465 0.236668,"[[26,0,0,0,126,7,0,0,0,0,669],[223,0,0,0,48,30,0,0,0,0,130],[203,0,0,0,25,63,0,0,0,0,130],[191,0,0,0,23,29,0,0,0,0,178],[44,0,0,0,343,2,0,0,0,0,338],[64,0,0,0,312,5,0,0,0,0,354],[99,0,0,0,105,83,189,0,0,0,1359],[168,0,0,4,25,118,0,0,0,0,234],[284,0,0,0,43,38,1,0,0,0,191],[97,0,0,0,52,28,16,0,0,0,557],[126,0,0,0,82,61,0,2,0,0,691]]",outputs/prediction_diagnostics_4models_c3_b001_by_dataset/organcmnist_224/merged/small/organcmnist_224/vit_t/clients_3/beta_0p01/seed_42/ties/merged.pt,outputs/prediction_diagnostics_4models_c3_b001_by_dataset/organcmnist_224/merged/small/organcmnist_224/vit_t/clients_3/beta_0p01/seed_42/ties,2026-07-06T10:22:57,My_merge_ret/reports/prediction_diagnostics_4models_c3_b001_by_dataset_organcmnist_224.csv
OK,,17.50,client,small,organsmnist_224,convnext,3,0.01,42,client_0,0,test,0.23541407046561685,0.09090909090909091,0.03464632570547289,0.021401279133237895,6.595092759608304,8827,11,6,0.23541407046561685,6,1.0,4.247834456207892,0.7645859295343831,1.0,1,-0.0,0.2547871878166747,0.7060227143990031,0.7645859295343831,0.654374657231861,0.000000 0.000000 0.000000 0.000000 0.000000 0.000000 1.000000 0.000000 0.000000 0.000000 0.000000,0.000000 0.000000 0.000000 0.000000 0.000000 0.000000 0.235414 0.000000 0.000000 0.000000 0.000000,0.000000 0.000000 0.000000 0.000000 0.000000 0.000000 0.381110 0.000000 0.000000 0.000000 0.000000,811 439 445 510 704 693 2078 397 439 1343 968,0 0 0 0 0 0 8827 0 0 0 0,0.000036 0.000042 0.000064 0.000046 0.000058 0.000079 0.705905 0.000078 0.000075 0.000070 0.293547,"[[0,0,0,0,0,0,811,0,0,0,0],[0,0,0,0,0,0,439,0,0,0,0],[0,0,0,0,0,0,445,0,0,0,0],[0,0,0,0,0,0,510,0,0,0,0],[0,0,0,0,0,0,704,0,0,0,0],[0,0,0,0,0,0,693,0,0,0,0],[0,0,0,0,0,0,2078,0,0,0,0],[0,0,0,0,0,0,397,0,0,0,0],[0,0,0,0,0,0,439,0,0,0,0],[0,0,0,0,0,0,1343,0,0,0,0],[0,0,0,0,0,0,968,0,0,0,0]]",/data2/liyapeng_grp/program/MedMNISTMerge/model_hub/small/organsmnist_224/convnext/clients_3/beta_0p01/seed_42/client_0.pt,,2026-07-06T10:07:38,My_merge_ret/reports/prediction_diagnostics_4models_c3_b001_by_dataset_organsmnist_224.csv
OK,,15.34,client,small,organsmnist_224,convnext,3,0.01,42,client_1,1,test,0.15214682224991502,0.09090909090909091,0.02401001162063109,0.01383152929544682,5.363495547220177,8827,11,6,0.23541407046561685,9,1.0,4.247834456207892,0.7645859295343831,1.0,1,-0.0,0.5617104211663512,0.4487297496318115,0.8478531777500851,0.6538875150459738,0.000000 0.000000 0.000000 0.000000 0.000000 0.000000 0.000000 0.000000 0.000000 1.000000 0.000000,0.000000 0.000000 0.000000 0.000000 0.000000 0.000000 0.000000 0.000000 0.000000 0.152147 0.000000,0.000000 0.000000 0.000000 0.000000 0.000000 0.000000 0.000000 0.000000 0.000000 0.264110 0.000000,811 439 445 510 704 693 2078 397 439 1343 968,0 0 0 0 0 0 0 0 0 8827 0,0.000251 0.000570 0.179172 0.011138 0.139506 0.000741 0.000766 0.000367 0.218595 0.448664 0.000230,"[[0,0,0,0,0,0,0,0,0,811,0],[0,0,0,0,0,0,0,0,0,439,0],[0,0,0,0,0,0,0,0,0,445,0],[0,0,0,0,0,0,0,0,0,510,0],[0,0,0,0,0,0,0,0,0,704,0],[0,0,0,0,0,0,0,0,0,693,0],[0,0,0,0,0,0,0,0,0,2078,0],[0,0,0,0,0,0,0,0,0,397,0],[0,0,0,0,0,0,0,0,0,439,0],[0,0,0,0,0,0,0,0,0,1343,0],[0,0,0,0,0,0,0,0,0,968,0]]",/data2/liyapeng_grp/program/MedMNISTMerge/model_hub/small/organsmnist_224/convnext/clients_3/beta_0p01/seed_42/client_1.pt,,2026-07-06T10:07:55,My_merge_ret/reports/prediction_diagnostics_4models_c3_b001_by_dataset_organsmnist_224.csv
OK,,15.37,client,small,organsmnist_224,convnext,3,0.01,42,client_2,2,test,0.048261017333182284,0.08751438559582381,0.010325508507275564,0.016680397053641275,11.517148894416634,8827,11,6,0.23541407046561685,1,0.9069899172991956,3.85274302213667,0.6715758468335788,1.3795131160886047,3,0.1341720908901285,0.17975744109804473,0.968541123824629,0.8572561459159397,0.8351891436812875,0.006165 0.952164 0.000000 0.000000 0.000000 0.004329 0.000000 0.000000 0.000000 0.000000 0.000000,0.006274 0.052211 0.000000 0.000000 0.000000 0.125000 0.000000 0.000000 0.000000 0.000000 0.000000,0.006219 0.098993 0.000000 0.000000 0.000000 0.008368 0.000000 0.000000 0.000000 0.000000 0.000000,811 439 445 510 704 693 2078 397 439 1343 968,797 8006 0 0 0 24 0 0 0 0 0,0.090497 0.884923 0.018722 0.000101 0.000010 0.005712 0.000008 0.000003 0.000012 0.000004 0.000009,"[[5,806,0,0,0,0,0,0,0,0,0],[21,418,0,0,0,0,0,0,0,0,0],[30,415,0,0,0,0,0,0,0,0,0],[96,414,0,0,0,0,0,0,0,0,0],[12,692,0,0,0,0,0,0,0,0,0],[1,689,0,0,0,3,0,0,0,0,0],[14,2064,0,0,0,0,0,0,0,0,0],[291,94,0,0,0,12,0,0,0,0,0],[325,105,0,0,0,9,0,0,0,0,0],[0,1343,0,0,0,0,0,0,0,0,0],[2,966,0,0,0,0,0,0,0,0,0]]",/data2/liyapeng_grp/program/MedMNISTMerge/model_hub/small/organsmnist_224/convnext/clients_3/beta_0p01/seed_42/client_2.pt,,2026-07-06T10:08:11,My_merge_ret/reports/prediction_diagnostics_4models_c3_b001_by_dataset_organsmnist_224.csv
OK,,15.76,merge,small,organsmnist_224,convnext,3,0.01,42,avg,,test,0.07850911974623315,0.09090909090909091,0.01323529411764706,0.007137192704203013,3.8346631119363885,8827,11,6,0.23541407046561685,5,1.0,4.247834456207892,0.7645859295343831,1.0,1,-0.0,0.6154920731038407,0.44807125863826897,0.9214908802537668,0.704900534142995,0.000000 0.000000 0.000000 0.000000 0.000000 1.000000 0.000000 0.000000 0.000000 0.000000 0.000000,0.000000 0.000000 0.000000 0.000000 0.000000 0.078509 0.000000 0.000000 0.000000 0.000000 0.000000,0.000000 0.000000 0.000000 0.000000 0.000000 0.145588 0.000000 0.000000 0.000000 0.000000 0.000000,811 439 445 510 704 693 2078 397 439 1343 968,0 0 0 0 0 8827 0 0 0 0 0,0.040353 0.258595 0.176884 0.006468 0.022312 0.448078 0.015699 0.001589 0.012468 0.007384 0.010169,"[[0,0,0,0,0,811,0,0,0,0,0],[0,0,0,0,0,439,0,0,0,0,0],[0,0,0,0,0,445,0,0,0,0,0],[0,0,0,0,0,510,0,0,0,0,0],[0,0,0,0,0,704,0,0,0,0,0],[0,0,0,0,0,693,0,0,0,0,0],[0,0,0,0,0,2078,0,0,0,0,0],[0,0,0,0,0,397,0,0,0,0,0],[0,0,0,0,0,439,0,0,0,0,0],[0,0,0,0,0,1343,0,0,0,0,0],[0,0,0,0,0,968,0,0,0,0,0]]",outputs/prediction_diagnostics_4models_c3_b001_by_dataset/organsmnist_224/merged/small/organsmnist_224/convnext/clients_3/beta_0p01/seed_42/avg/merged.pt,outputs/prediction_diagnostics_4models_c3_b001_by_dataset/organsmnist_224/merged/small/organsmnist_224/convnext/clients_3/beta_0p01/seed_42/avg,2026-07-06T10:08:26,My_merge_ret/reports/prediction_diagnostics_4models_c3_b001_by_dataset_organsmnist_224.csv
OK,,24.33,merge,small,organsmnist_224,convnext,3,0.01,42,breadcrumbs,,test,0.10966353234394471,0.09090909090909091,0.01796835119959163,0.0099694120312677,2.7496968640251502,8827,11,6,0.23541407046561685,10,1.0,4.247834456207892,0.7645859295343831,1.0,1,-0.0,0.7169425409390108,0.436788404894075,0.8903364676560552,0.35751598537583673,0.000000 0.000000 0.000000 0.000000 0.000000 0.000000 0.000000 0.000000 0.000000 0.000000 1.000000,0.000000 0.000000 0.000000 0.000000 0.000000 0.000000 0.000000 0.000000 0.000000 0.000000 0.109664,0.000000 0.000000 0.000000 0.000000 0.000000 0.000000 0.000000 0.000000 0.000000 0.000000 0.197652,811 439 445 510 704 693 2078 397 439 1343 968,0 0 0 0 0 0 0 0 0 0 8827,0.122246 0.029384 0.013599 0.027376 0.025277 0.043896 0.225802 0.025909 0.035419 0.014282 0.436811,"[[0,0,0,0,0,0,0,0,0,0,811],[0,0,0,0,0,0,0,0,0,0,439],[0,0,0,0,0,0,0,0,0,0,445],[0,0,0,0,0,0,0,0,0,0,510],[0,0,0,0,0,0,0,0,0,0,704],[0,0,0,0,0,0,0,0,0,0,693],[0,0,0,0,0,0,0,0,0,0,2078],[0,0,0,0,0,0,0,0,0,0,397],[0,0,0,0,0,0,0,0,0,0,439],[0,0,0,0,0,0,0,0,0,0,1343],[0,0,0,0,0,0,0,0,0,0,968]]",outputs/prediction_diagnostics_4models_c3_b001_by_dataset/organsmnist_224/merged/small/organsmnist_224/convnext/clients_3/beta_0p01/seed_42/breadcrumbs/merged.pt,outputs/prediction_diagnostics_4models_c3_b001_by_dataset/organsmnist_224/merged/small/organsmnist_224/convnext/clients_3/beta_0p01/seed_42/breadcrumbs,2026-07-06T10:10:47,My_merge_ret/reports/prediction_diagnostics_4models_c3_b001_by_dataset_organsmnist_224.csv
OK,,16.97,merge,small,organsmnist_224,convnext,3,0.01,42,dare_linear,,test,0.0708054831766172,0.08502472884332482,0.017006491039114988,0.009595829165486864,3.8711519432564856,8827,11,6,0.23541407046561685,5,0.8042370001132888,3.4162656400384988,0.5688229296476719,1.6396327651408351,2,0.2062109628706953,0.6556805164825253,0.3456405064008157,0.871757108870511,0.6900284168379934,0.000000 0.091116 0.000000 0.000000 0.000000 0.844156 0.000000 0.000000 0.000000 0.000000 0.000000,0.000000 0.023148 0.000000 0.000000 0.000000 0.082406 0.000000 0.000000 0.000000 0.000000 0.000000,0.000000 0.036917 0.000000 0.000000 0.000000 0.150154 0.000000 0.000000 0.000000 0.000000 0.000000,811 439 445 510 704 693 2078 397 439 1343 968,0 1728 0 0 0 7099 0 0 0 0 0,0.033854 0.305394 0.220219 0.014902 0.021646 0.343072 0.010401 0.002005 0.016311 0.003854 0.028342,"[[0,334,0,0,0,477,0,0,0,0,0],[0,40,0,0,0,399,0,0,0,0,0],[0,35,0,0,0,410,0,0,0,0,0],[0,120,0,0,0,390,0,0,0,0,0],[0,92,0,0,0,612,0,0,0,0,0],[0,108,0,0,0,585,0,0,0,0,0],[0,489,0,0,0,1589,0,0,0,0,0],[0,0,0,0,0,397,0,0,0,0,0],[0,0,0,0,0,439,0,0,0,0,0],[0,176,0,0,0,1167,0,0,0,0,0],[0,334,0,0,0,634,0,0,0,0,0]]",outputs/prediction_diagnostics_4models_c3_b001_by_dataset/organsmnist_224/merged/small/organsmnist_224/convnext/clients_3/beta_0p01/seed_42/dare_linear/merged.pt,outputs/prediction_diagnostics_4models_c3_b001_by_dataset/organsmnist_224/merged/small/organsmnist_224/convnext/clients_3/beta_0p01/seed_42/dare_linear,2026-07-06T10:09:00,My_merge_ret/reports/prediction_diagnostics_4models_c3_b001_by_dataset_organsmnist_224.csv
OK,,18.69,merge,small,organsmnist_224,convnext,3,0.01,42,dare_ties,,test,0.11725388014047808,0.13797950329397332,0.03688639244893446,0.023533798481582248,7.3215578674959465,8827,11,6,0.23541407046561685,0,0.7733091650617424,3.284889316650626,0.5378950945961256,1.7485252931689828,3,0.2330263332989979,0.3200218968239058,0.8153109776821117,0.8535176164042144,0.8095648298000667,0.990136 0.526196 0.000000 0.000000 0.000000 0.001443 0.000000 0.000000 0.000000 0.000000 0.000000,0.117638 0.117978 0.000000 0.000000 0.000000 0.023256 0.000000 0.000000 0.000000 0.000000 0.000000,0.210292 0.192741 0.000000 0.000000 0.000000 0.002717 0.000000 0.000000 0.000000 0.000000 0.000000,811 439 445 510 704 693 2078 397 439 1343 968,6826 1958 0 0 0 43 0 0 0 0 0,0.694947 0.256229 0.001522 0.000219 0.000295 0.045208 0.000069 0.000018 0.000309 0.000027 0.001156,"[[803,8,0,0,0,0,0,0,0,0,0],[208,231,0,0,0,0,0,0,0,0,0],[193,252,0,0,0,0,0,0,0,0,0],[371,137,0,0,0,2,0,0,0,0,0],[510,194,0,0,0,0,0,0,0,0,0],[475,217,0,0,0,1,0,0,0,0,0],[1643,422,0,0,0,13,0,0,0,0,0],[361,29,0,0,0,7,0,0,0,0,0],[398,32,0,0,0,9,0,0,0,0,0],[1107,225,0,0,0,11,0,0,0,0,0],[757,211,0,0,0,0,0,0,0,0,0]]",outputs/prediction_diagnostics_4models_c3_b001_by_dataset/organsmnist_224/merged/small/organsmnist_224/convnext/clients_3/beta_0p01/seed_42/dare_ties/merged.pt,outputs/prediction_diagnostics_4models_c3_b001_by_dataset/organsmnist_224/merged/small/organsmnist_224/convnext/clients_3/beta_0p01/seed_42/dare_ties,2026-07-06T10:09:17,My_merge_ret/reports/prediction_diagnostics_4models_c3_b001_by_dataset_organsmnist_224.csv
OK,,174.80,merge,small,organsmnist_224,convnext,3,0.01,42,fisher,,test,0.04803443978701711,0.08723293480434051,0.009660454897388341,0.00541440399964167,7.120867421379361,8827,11,6,0.23541407046561685,1,0.9083493825761867,3.8585178055822906,0.6729353121105699,1.359629157510272,3,0.12811734847147124,0.20656166181350313,0.9531019882179675,0.8586156111929307,0.8239171289051056,0.007398 0.952164 0.000000 0.000000 0.000000 0.000000 0.000000 0.000000 0.000000 0.000000 0.000000,0.007426 0.052133 0.000000 0.000000 0.000000 0.000000 0.000000 0.000000 0.000000 0.000000 0.000000,0.007412 0.098853 0.000000 0.000000 0.000000 0.000000 0.000000 0.000000 0.000000 0.000000 0.000000,811 439 445 510 704 693 2078 397 439 1343 968,808 8018 0 0 0 1 0 0 0 0 0,0.089577 0.873651 0.026662 0.000612 0.000938 0.004044 0.001465 0.000734 0.000306 0.000888 0.001121,"[[6,805,0,0,0,0,0,0,0,0,0],[21,418,0,0,0,0,0,0,0,0,0],[30,415,0,0,0,0,0,0,0,0,0],[94,416,0,0,0,0,0,0,0,0,0],[12,692,0,0,0,0,0,0,0,0,0],[0,693,0,0,0,0,0,0,0,0,0],[11,2067,0,0,0,0,0,0,0,0,0],[298,98,0,0,0,1,0,0,0,0,0],[334,105,0,0,0,0,0,0,0,0,0],[0,1343,0,0,0,0,0,0,0,0,0],[2,966,0,0,0,0,0,0,0,0,0]]",outputs/prediction_diagnostics_4models_c3_b001_by_dataset/organsmnist_224/merged/small/organsmnist_224/convnext/clients_3/beta_0p01/seed_42/fisher/merged.pt,outputs/prediction_diagnostics_4models_c3_b001_by_dataset/organsmnist_224/merged/small/organsmnist_224/convnext/clients_3/beta_0p01/seed_42/fisher,2026-07-06T10:37:48,My_merge_ret/reports/prediction_diagnostics_4models_c3_b001_by_dataset_organsmnist_224.csv
OK,,17.13,merge,small,organsmnist_224,convnext,3,0.01,42,free_merge,,test,0.07850911974623315,0.09090909090909091,0.01323529411764706,0.007137192704203013,2.777415385234933,8827,11,6,0.23541407046561685,5,1.0,4.247834456207892,0.7645859295343831,1.0,1,-0.0,0.8160637493777291,0.402231788829727,0.9214908802537668,0.42918333858248975,0.000000 0.000000 0.000000 0.000000 0.000000 1.000000 0.000000 0.000000 0.000000 0.000000 0.000000,0.000000 0.000000 0.000000 0.000000 0.000000 0.078509 0.000000 0.000000 0.000000 0.000000 0.000000,0.000000 0.000000 0.000000 0.000000 0.000000 0.145588 0.000000 0.000000 0.000000 0.000000 0.000000,811 439 445 510 704 693 2078 397 439 1343 968,0 0 0 0 0 8827 0 0 0 0 0,0.032915 0.065058 0.134797 0.060861 0.075794 0.402225 0.085074 0.007108 0.052410 0.036294 0.047464,"[[0,0,0,0,0,811,0,0,0,0,0],[0,0,0,0,0,439,0,0,0,0,0],[0,0,0,0,0,445,0,0,0,0,0],[0,0,0,0,0,510,0,0,0,0,0],[0,0,0,0,0,704,0,0,0,0,0],[0,0,0,0,0,693,0,0,0,0,0],[0,0,0,0,0,2078,0,0,0,0,0],[0,0,0,0,0,397,0,0,0,0,0],[0,0,0,0,0,439,0,0,0,0,0],[0,0,0,0,0,1343,0,0,0,0,0],[0,0,0,0,0,968,0,0,0,0,0]]",outputs/prediction_diagnostics_4models_c3_b001_by_dataset/organsmnist_224/merged/small/organsmnist_224/convnext/clients_3/beta_0p01/seed_42/free_merge/merged.pt,outputs/prediction_diagnostics_4models_c3_b001_by_dataset/organsmnist_224/merged/small/organsmnist_224/convnext/clients_3/beta_0p01/seed_42/free_merge,2026-07-06T10:12:01,My_merge_ret/reports/prediction_diagnostics_4models_c3_b001_by_dataset_organsmnist_224.csv
OK,,16.31,merge,small,organsmnist_224,convnext,3,0.01,42,from,,test,0.049733771383255916,0.09090909090909091,0.008614092576967602,0.004521251943932356,7.423368152114075,8827,11,6,0.23541407046561685,1,1.0,4.247834456207892,0.7645859295343831,1.0,1,-0.0,0.2451688155105509,0.8340744307239153,0.950266228616744,0.8399256844717863,0.000000 1.000000 0.000000 0.000000 0.000000 0.000000 0.000000 0.000000 0.000000 0.000000 0.000000,0.000000 0.049734 0.000000 0.000000 0.000000 0.000000 0.000000 0.000000 0.000000 0.000000 0.000000,0.000000 0.094755 0.000000 0.000000 0.000000 0.000000 0.000000 0.000000 0.000000 0.000000 0.000000,811 439 445 510 704 693 2078 397 439 1343 968,0 8827 0 0 0 0 0 0 0 0 0,0.006766 0.834109 0.105964 0.000018 0.000372 0.051734 0.000280 0.000019 0.000363 0.000148 0.000227,"[[0,811,0,0,0,0,0,0,0,0,0],[0,439,0,0,0,0,0,0,0,0,0],[0,445,0,0,0,0,0,0,0,0,0],[0,510,0,0,0,0,0,0,0,0,0],[0,704,0,0,0,0,0,0,0,0,0],[0,693,0,0,0,0,0,0,0,0,0],[0,2078,0,0,0,0,0,0,0,0,0],[0,397,0,0,0,0,0,0,0,0,0],[0,439,0,0,0,0,0,0,0,0,0],[0,1343,0,0,0,0,0,0,0,0,0],[0,968,0,0,0,0,0,0,0,0,0]]",outputs/prediction_diagnostics_4models_c3_b001_by_dataset/organsmnist_224/merged/small/organsmnist_224/convnext/clients_3/beta_0p01/seed_42/from/merged.pt,outputs/prediction_diagnostics_4models_c3_b001_by_dataset/organsmnist_224/merged/small/organsmnist_224/convnext/clients_3/beta_0p01/seed_42/from,2026-07-06T10:11:28,My_merge_ret/reports/prediction_diagnostics_4models_c3_b001_by_dataset_organsmnist_224.csv
OK,,17.00,merge,small,organsmnist_224,convnext,3,0.01,42,iso_c,,test,0.07850911974623315,0.09090909090909091,0.01323529411764706,0.007137192704203013,2.5869764598320493,8827,11,6,0.23541407046561685,5,1.0,4.247834456207892,0.7645859295343831,1.0,1,-0.0,0.9207920908759236,0.18522537385295118,0.9214908802537668,0.37701293394087054,0.000000 0.000000 0.000000 0.000000 0.000000 1.000000 0.000000 0.000000 0.000000 0.000000 0.000000,0.000000 0.000000 0.000000 0.000000 0.000000 0.078509 0.000000 0.000000 0.000000 0.000000 0.000000,0.000000 0.000000 0.000000 0.000000 0.000000 0.145588 0.000000 0.000000 0.000000 0.000000 0.000000,811 439 445 510 704 693 2078 397 439 1343 968,0 0 0 0 0 8827 0 0 0 0 0,0.055005 0.158323 0.166888 0.027481 0.094960 0.185225 0.081248 0.010672 0.079762 0.086814 0.053621,"[[0,0,0,0,0,811,0,0,0,0,0],[0,0,0,0,0,439,0,0,0,0,0],[0,0,0,0,0,445,0,0,0,0,0],[0,0,0,0,0,510,0,0,0,0,0],[0,0,0,0,0,704,0,0,0,0,0],[0,0,0,0,0,693,0,0,0,0,0],[0,0,0,0,0,2078,0,0,0,0,0],[0,0,0,0,0,397,0,0,0,0,0],[0,0,0,0,0,439,0,0,0,0,0],[0,0,0,0,0,1343,0,0,0,0,0],[0,0,0,0,0,968,0,0,0,0,0]]",outputs/prediction_diagnostics_4models_c3_b001_by_dataset/organsmnist_224/merged/small/organsmnist_224/convnext/clients_3/beta_0p01/seed_42/iso_c/merged.pt,outputs/prediction_diagnostics_4models_c3_b001_by_dataset/organsmnist_224/merged/small/organsmnist_224/convnext/clients_3/beta_0p01/seed_42/iso_c,2026-07-06T10:11:44,My_merge_ret/reports/prediction_diagnostics_4models_c3_b001_by_dataset_organsmnist_224.csv
OK,,16.65,merge,small,organsmnist_224,convnext,3,0.01,42,model_stock,,test,0.07850911974623315,0.09090909090909091,0.01323529411764706,0.007137192704203013,2.736173680539821,8827,11,6,0.23541407046561685,5,1.0,4.247834456207892,0.7645859295343831,1.0,1,-0.0,0.7923911048769762,0.42206440466749745,0.9214908802537668,0.38554902081258424,0.000000 0.000000 0.000000 0.000000 0.000000 1.000000 0.000000 0.000000 0.000000 0.000000 0.000000,0.000000 0.000000 0.000000 0.000000 0.000000 0.078509 0.000000 0.000000 0.000000 0.000000 0.000000,0.000000 0.000000 0.000000 0.000000 0.000000 0.145588 0.000000 0.000000 0.000000 0.000000 0.000000,811 439 445 510 704 693 2078 397 439 1343 968,0 0 0 0 0 8827 0 0 0 0 0,0.085409 0.059150 0.082993 0.041730 0.052106 0.422062 0.139100 0.009987 0.028217 0.018933 0.060312,"[[0,0,0,0,0,811,0,0,0,0,0],[0,0,0,0,0,439,0,0,0,0,0],[0,0,0,0,0,445,0,0,0,0,0],[0,0,0,0,0,510,0,0,0,0,0],[0,0,0,0,0,704,0,0,0,0,0],[0,0,0,0,0,693,0,0,0,0,0],[0,0,0,0,0,2078,0,0,0,0,0],[0,0,0,0,0,397,0,0,0,0,0],[0,0,0,0,0,439,0,0,0,0,0],[0,0,0,0,0,1343,0,0,0,0,0],[0,0,0,0,0,968,0,0,0,0,0]]",outputs/prediction_diagnostics_4models_c3_b001_by_dataset/organsmnist_224/merged/small/organsmnist_224/convnext/clients_3/beta_0p01/seed_42/model_stock/merged.pt,outputs/prediction_diagnostics_4models_c3_b001_by_dataset/organsmnist_224/merged/small/organsmnist_224/convnext/clients_3/beta_0p01/seed_42/model_stock,2026-07-06T10:11:11,My_merge_ret/reports/prediction_diagnostics_4models_c3_b001_by_dataset_organsmnist_224.csv
OK,,16.11,merge,small,organsmnist_224,convnext,3,0.01,42,my_merge,,test,0.5962388127336581,0.5596231255583879,0.5551994296073629,0.5650746015068409,9.544222090027402,8827,11,6,0.23541407046561685,6,0.21185000566443865,0.8999037536092397,-0.023564064801178203,9.403104682360079,11,0.9345862371570103,0.9350913061037257,0.960858728899966,0.08689248895434462,0.08671854951629301,0.588163 0.282460 0.602247 0.652941 0.329545 0.305916 0.795476 0.649874 0.806378 0.655249 0.487603,0.459981 0.320413 0.406677 0.804348 0.405594 0.418972 0.883957 0.845902 0.613518 0.614096 0.442362,0.516234 0.300242 0.485507 0.720779 0.363636 0.353628 0.837386 0.735043 0.696850 0.634006 0.463882,811 439 445 510 704 693 2078 397 439 1343 968,1037 387 659 414 572 506 1870 305 577 1433 1067,0.116457 0.044610 0.074487 0.046916 0.064731 0.057402 0.211327 0.034462 0.065904 0.162260 0.121445,"[[477,37,78,3,10,19,37,0,2,73,75],[7,124,274,0,3,2,0,0,0,27,2],[9,139,268,0,4,0,1,0,0,24,0],[63,13,2,333,0,3,34,0,0,49,13],[51,13,5,9,232,166,9,0,0,134,85],[61,13,1,9,153,212,9,0,0,149,86],[18,0,0,22,7,0,1653,15,89,25,249],[0,0,0,2,0,0,7,258,117,0,13],[0,0,0,3,0,0,33,32,354,0,17],[137,29,24,12,132,47,27,0,0,880,55],[214,19,7,21,31,57,60,0,15,72,472]]",outputs/prediction_diagnostics_4models_c3_b001_by_dataset/organsmnist_224/merged/small/organsmnist_224/convnext/clients_3/beta_0p01/seed_42/my_merge/merged.pt,outputs/prediction_diagnostics_4models_c3_b001_by_dataset/organsmnist_224/merged/small/organsmnist_224/convnext/clients_3/beta_0p01/seed_42/my_merge,2026-07-06T10:12:36,My_merge_ret/reports/prediction_diagnostics_4models_c3_b001_by_dataset_organsmnist_224.csv
OK,,61.40,merge,small,organsmnist_224,convnext,3,0.01,42,regmean,,test,0.048940749971677806,0.08845327781655492,0.011043077593280772,0.015207885167601727,11.202233168983481,8827,11,6,0.23541407046561685,1,0.9725841169140138,4.131376323387873,0.737170046448397,1.1537750603585184,3,0.05965199106446035,0.17277093840956886,0.9123428118273479,0.9228503455307578,0.8548828038473796,0.006165 0.956720 0.000000 0.000000 0.000000 0.010101 0.000000 0.000000 0.000000 0.000000 0.000000,0.030864 0.048923 0.000000 0.000000 0.000000 0.087500 0.000000 0.000000 0.000000 0.000000 0.000000,0.010277 0.093085 0.000000 0.000000 0.000000 0.018111 0.000000 0.000000 0.000000 0.000000 0.000000,811 439 445 510 704 693 2078 397 439 1343 968,162 8585 0 0 0 80 0 0 0 0 0,0.030267 0.904617 0.019392 0.000001 0.000005 0.045704 0.000002 0.000001 0.000007 0.000002 0.000002,"[[5,802,0,0,0,4,0,0,0,0,0],[19,420,0,0,0,0,0,0,0,0,0],[25,420,0,0,0,0,0,0,0,0,0],[34,474,0,0,0,2,0,0,0,0,0],[6,689,0,0,0,9,0,0,0,0,0],[0,686,0,0,0,7,0,0,0,0,0],[0,2066,0,0,0,12,0,0,0,0,0],[39,341,0,0,0,17,0,0,0,0,0],[34,385,0,0,0,20,0,0,0,0,0],[0,1334,0,0,0,9,0,0,0,0,0],[0,968,0,0,0,0,0,0,0,0,0]]",outputs/prediction_diagnostics_4models_c3_b001_by_dataset/organsmnist_224/merged/small/organsmnist_224/convnext/clients_3/beta_0p01/seed_42/regmean/merged.pt,outputs/prediction_diagnostics_4models_c3_b001_by_dataset/organsmnist_224/merged/small/organsmnist_224/convnext/clients_3/beta_0p01/seed_42/regmean,2026-07-06T10:09:35,My_merge_ret/reports/prediction_diagnostics_4models_c3_b001_by_dataset_organsmnist_224.csv
OK,,17.05,merge,small,organsmnist_224,convnext,3,0.01,42,robustmerge,,test,0.23541407046561685,0.09090909090909091,0.03464632570547289,0.021401279133237895,2.3427696759587064,8827,11,6,0.23541407046561685,6,1.0,4.247834456207892,0.7645859295343831,1.0,1,-0.0,0.9115951001178019,0.2635486292058457,0.7645859295343831,0.158165699760614,0.000000 0.000000 0.000000 0.000000 0.000000 0.000000 1.000000 0.000000 0.000000 0.000000 0.000000,0.000000 0.000000 0.000000 0.000000 0.000000 0.000000 0.235414 0.000000 0.000000 0.000000 0.000000,0.000000 0.000000 0.000000 0.000000 0.000000 0.000000 0.381110 0.000000 0.000000 0.000000 0.000000,811 439 445 510 704 693 2078 397 439 1343 968,0 0 0 0 0 0 8827 0 0 0 0,0.068386 0.049877 0.080599 0.053099 0.062704 0.075718 0.263541 0.034655 0.071638 0.052314 0.187469,"[[0,0,0,0,0,0,811,0,0,0,0],[0,0,0,0,0,0,439,0,0,0,0],[0,0,0,0,0,0,445,0,0,0,0],[0,0,0,0,0,0,510,0,0,0,0],[0,0,0,0,0,0,704,0,0,0,0],[0,0,0,0,0,0,693,0,0,0,0],[0,0,0,0,0,0,2078,0,0,0,0],[0,0,0,0,0,0,397,0,0,0,0],[0,0,0,0,0,0,439,0,0,0,0],[0,0,0,0,0,0,1343,0,0,0,0],[0,0,0,0,0,0,968,0,0,0,0]]",outputs/prediction_diagnostics_4models_c3_b001_by_dataset/organsmnist_224/merged/small/organsmnist_224/convnext/clients_3/beta_0p01/seed_42/robustmerge/merged.pt,outputs/prediction_diagnostics_4models_c3_b001_by_dataset/organsmnist_224/merged/small/organsmnist_224/convnext/clients_3/beta_0p01/seed_42/robustmerge,2026-07-06T10:12:18,My_merge_ret/reports/prediction_diagnostics_4models_c3_b001_by_dataset_organsmnist_224.csv
OK,,17.72,merge,small,organsmnist_224,convnext,3,0.01,42,ties,,test,0.04962048261017333,0.08887861316787561,0.011817484242915966,0.011461848934966773,6.143530998087367,8827,11,6,0.23541407046561685,1,0.9090291152146822,3.861405197305101,0.6736150447490654,1.3958748692678147,3,0.13908921249029707,0.39242958083728086,0.7511824515690495,0.8592953438314263,0.7493667299780162,0.019729 0.952164 0.000000 0.000000 0.000000 0.005772 0.000000 0.000000 0.000000 0.000000 0.000000,0.022039 0.052094 0.000000 0.000000 0.000000 0.051948 0.000000 0.000000 0.000000 0.000000 0.000000,0.020820 0.098783 0.000000 0.000000 0.000000 0.010390 0.000000 0.000000 0.000000 0.000000 0.000000,811 439 445 510 704 693 2078 397 439 1343 968,726 8024 0 0 0 77 0 0 0 0 0,0.086932 0.710305 0.139209 0.001078 0.001382 0.056112 0.001437 0.000146 0.002152 0.000654 0.000594,"[[16,791,0,0,0,4,0,0,0,0,0],[21,418,0,0,0,0,0,0,0,0,0],[32,413,0,0,0,0,0,0,0,0,0],[70,434,0,0,0,6,0,0,0,0,0],[9,692,0,0,0,3,0,0,0,0,0],[7,682,0,0,0,4,0,0,0,0,0],[9,2050,0,0,0,19,0,0,0,0,0],[237,145,0,0,0,15,0,0,0,0,0],[300,123,0,0,0,16,0,0,0,0,0],[2,1333,0,0,0,8,0,0,0,0,0],[23,943,0,0,0,2,0,0,0,0,0]]",outputs/prediction_diagnostics_4models_c3_b001_by_dataset/organsmnist_224/merged/small/organsmnist_224/convnext/clients_3/beta_0p01/seed_42/ties/merged.pt,outputs/prediction_diagnostics_4models_c3_b001_by_dataset/organsmnist_224/merged/small/organsmnist_224/convnext/clients_3/beta_0p01/seed_42/ties,2026-07-06T10:08:42,My_merge_ret/reports/prediction_diagnostics_4models_c3_b001_by_dataset_organsmnist_224.csv
OK,,11.39,client,small,organsmnist_224,resnet,3,0.01,42,client_0,0,test,0.2749518522714399,0.15453728336427053,0.08713196480938418,0.07795858039556482,6.419670162890227,8827,11,6,0.23541407046561685,10,0.7683244590461086,3.2637151106833495,0.5329103885804918,1.7182271005100238,2,0.2257367158001206,0.2463764255082174,0.9466763906196896,0.6586609267021639,0.6525068987478313,0.000000 0.000000 0.000000 0.000000 0.000000 0.000000 0.704042 0.000000 0.000000 0.000000 0.995868,0.000000 0.000000 0.000000 0.000000 0.000000 0.000000 0.715403 0.000000 0.000000 0.000000 0.142141,0.000000 0.000000 0.000000 0.000000 0.000000 0.000000 0.709677 0.000000 0.000000 0.000000 0.248774,811 439 445 510 704 693 2078 397 439 1343 968,0 0 0 0 0 0 2045 0 0 0 6782,0.000772 0.000782 0.000588 0.000688 0.000706 0.000552 0.231646 0.000747 0.000636 0.000715 0.762170,"[[0,0,0,0,0,0,0,0,0,0,811],[0,0,0,0,0,0,0,0,0,0,439],[0,0,0,0,0,0,0,0,0,0,445],[0,0,0,0,0,0,0,0,0,0,510],[0,0,0,0,0,0,0,0,0,0,704],[0,0,0,0,0,0,0,0,0,0,693],[0,0,0,0,0,0,1463,0,0,0,615],[0,0,0,0,0,0,296,0,0,0,101],[0,0,0,0,0,0,282,0,0,0,157],[0,0,0,0,0,0,0,0,0,0,1343],[0,0,0,0,0,0,4,0,0,0,964]]",/data2/liyapeng_grp/program/MedMNISTMerge/model_hub/small/organsmnist_224/resnet/clients_3/beta_0p01/seed_42/client_0.pt,,2026-07-06T10:12:52,My_merge_ret/reports/prediction_diagnostics_4models_c3_b001_by_dataset_organsmnist_224.csv
OK,,11.35,client,small,organsmnist_224,resnet,3,0.01,42,client_1,1,test,0.375438993995695,0.32146978144627314,0.2305143867499031,0.22079083680602993,3.9542641350700887,8827,11,6,0.23541407046561685,9,0.31607567690041916,1.3426371511068336,0.0806616064348023,5.0022041682727165,6,0.6713715428744679,0.702938394646037,0.7810269627279937,0.47898493259318,0.4702385642437723,0.000000 0.000000 0.817978 0.119608 0.357955 0.000000 0.670356 0.000000 0.956720 0.613552 0.000000,0.000000 0.000000 0.219145 0.378882 0.138538 0.000000 0.924353 0.000000 0.472441 0.295341 0.000000,0.000000 0.000000 0.345679 0.181818 0.199762 0.000000 0.777127 0.000000 0.632530 0.398742 0.000000,811 439 445 510 704 693 2078 397 439 1343 968,0 0 1661 161 1819 0 1507 0 889 2790 0,0.001809 0.001680 0.202859 0.028912 0.209519 0.003013 0.160260 0.000921 0.096078 0.293831 0.001117,"[[0,0,43,16,264,0,31,0,0,457,0],[0,0,335,0,12,0,0,0,0,92,0],[0,0,364,0,10,0,0,0,0,71,0],[0,0,143,61,110,0,30,0,0,166,0],[0,0,150,2,252,0,0,0,0,300,0],[0,0,170,0,221,0,0,0,0,302,0],[0,0,22,44,283,0,1393,0,90,246,0],[0,0,9,0,6,0,7,0,375,0,0],[0,0,2,0,0,0,17,0,420,0,0],[0,0,308,14,197,0,0,0,0,824,0],[0,0,115,24,464,0,29,0,4,332,0]]",/data2/liyapeng_grp/program/MedMNISTMerge/model_hub/small/organsmnist_224/resnet/clients_3/beta_0p01/seed_42/client_1.pt,,2026-07-06T10:13:03,My_merge_ret/reports/prediction_diagnostics_4models_c3_b001_by_dataset_organsmnist_224.csv
OK,,11.33,client,small,organsmnist_224,resnet,3,0.01,42,client_2,2,test,0.19315735810581172,0.29596692421005677,0.15009851996282808,0.19041389463886385,6.827255952583781,8827,11,6,0.23541407046561685,1,0.3686416676107398,1.5659287776708375,0.13322759714512294,3.8327568684048416,6,0.560318195910753,0.5818467810563961,0.8555426532230656,0.7405687096408745,0.7246854735153194,0.165228 0.981777 0.017978 0.635294 0.000000 0.777778 0.000000 0.677582 0.000000 0.000000 0.000000,0.565401 0.132452 0.571429 0.183051 0.000000 0.181604 0.000000 0.460616 0.000000 0.000000 0.000000,0.255725 0.233415 0.034858 0.284211 0.000000 0.294455 0.000000 0.548420 0.000000 0.000000 0.000000,811 439 445 510 704 693 2078 397 439 1343 968,237 3254 14 1770 0 2968 0 584 0 0 0,0.035119 0.363246 0.006908 0.196733 0.000420 0.334144 0.000428 0.061558 0.000469 0.000508 0.000466,"[[134,546,1,28,0,102,0,0,0,0,0],[2,431,5,0,0,1,0,0,0,0,0],[0,437,8,0,0,0,0,0,0,0,0],[1,143,0,324,0,42,0,0,0,0,0],[1,115,0,5,0,583,0,0,0,0,0],[1,151,0,2,0,539,0,0,0,0,0],[11,348,0,1290,0,421,0,8,0,0,0],[34,44,0,12,0,38,0,269,0,0,0],[31,60,0,31,0,10,0,307,0,0,0],[8,690,0,12,0,633,0,0,0,0,0],[14,289,0,66,0,599,0,0,0,0,0]]",/data2/liyapeng_grp/program/MedMNISTMerge/model_hub/small/organsmnist_224/resnet/clients_3/beta_0p01/seed_42/client_2.pt,,2026-07-06T10:13:14,My_merge_ret/reports/prediction_diagnostics_4models_c3_b001_by_dataset_organsmnist_224.csv
OK,,11.52,merge,small,organsmnist_224,resnet,3,0.01,42,avg,,test,0.3379404101053586,0.26767772351815167,0.20334230714154264,0.27709397957447757,2.1422246507519542,8827,11,6,0.23541407046561685,6,0.4199614818171519,1.783926852743022,0.18454741135153507,4.123368295295545,8,0.5907974350773678,0.9829115542803772,0.15658809618216835,0.5364223405460519,0.18657036242176747,0.187423 0.763098 0.229213 0.296078 0.034091 0.549784 0.884023 0.000000 0.000000 0.000745 0.000000,0.737864 0.141053 0.483412 0.626556 0.109091 0.204509 0.495549 0.000000 0.000000 0.250000 0.000000,0.298918 0.238095 0.310976 0.402130 0.051948 0.298122 0.635091 0.000000 0.000000 0.001485 0.000000,811 439 445 510 704 693 2078 397 439 1343 968,206 2375 211 241 220 1863 3707 0 0 4 0,0.083101 0.108005 0.084957 0.087341 0.110499 0.110614 0.136344 0.045850 0.050202 0.098105 0.084982,"[[152,339,0,0,20,56,244,0,0,0,0],[0,335,104,0,0,0,0,0,0,0,0],[2,341,102,0,0,0,0,0,0,0,0],[0,80,0,151,19,39,221,0,0,0,0],[3,169,1,0,24,449,56,0,0,2,0],[6,238,0,0,19,381,49,0,0,0,0],[0,0,0,87,0,154,1837,0,0,0,0],[0,0,0,0,0,0,397,0,0,0,0],[2,0,0,3,0,0,434,0,0,0,0],[16,639,1,0,123,345,218,0,0,1,0],[25,234,3,0,15,439,251,0,0,1,0]]",outputs/prediction_diagnostics_4models_c3_b001_by_dataset/organsmnist_224/merged/small/organsmnist_224/resnet/clients_3/beta_0p01/seed_42/avg/merged.pt,outputs/prediction_diagnostics_4models_c3_b001_by_dataset/organsmnist_224/merged/small/organsmnist_224/resnet/clients_3/beta_0p01/seed_42/avg,2026-07-06T10:13:26,My_merge_ret/reports/prediction_diagnostics_4models_c3_b001_by_dataset_organsmnist_224.csv
OK,,14.79,merge,small,organsmnist_224,resnet,3,0.01,42,breadcrumbs,,test,0.03579925229409765,0.07141535785862035,0.007464039715382857,0.01142641289221094,2.4316510245553418,8827,11,6,0.23541407046561685,7,0.9738302934179223,4.136669874879692,0.7384162229523055,1.1492472108093161,4,0.05801217856062098,0.9957518877612792,0.11832038773082587,0.9288546505041352,0.22418803562100803,0.000000 0.000000 0.000000 0.000000 0.000000 0.000000 0.000000 0.778338 0.000000 0.000000 0.007231,0.000000 0.000000 0.000000 0.000000 0.000000 0.000000 0.000000 0.035947 0.000000 0.000000 0.089744,0.000000 0.000000 0.000000 0.000000 0.000000 0.000000 0.000000 0.068720 0.000000 0.000000 0.013384,811 439 445 510 704 693 2078 397 439 1343 968,151 2 0 0 0 0 0 8596 0 0 78,0.091833 0.092049 0.099487 0.087799 0.071447 0.078190 0.089560 0.118263 0.079224 0.083294 0.108853,"[[0,0,0,0,0,0,0,797,0,0,14],[0,0,0,0,0,0,0,439,0,0,0],[0,0,0,0,0,0,0,445,0,0,0],[0,0,0,0,0,0,0,500,0,0,10],[0,0,0,0,0,0,0,704,0,0,0],[0,0,0,0,0,0,0,693,0,0,0],[0,0,0,0,0,0,0,2073,0,0,5],[73,2,0,0,0,0,0,309,0,0,13],[78,0,0,0,0,0,0,332,0,0,29],[0,0,0,0,0,0,0,1343,0,0,0],[0,0,0,0,0,0,0,961,0,0,7]]",outputs/prediction_diagnostics_4models_c3_b001_by_dataset/organsmnist_224/merged/small/organsmnist_224/resnet/clients_3/beta_0p01/seed_42/breadcrumbs/merged.pt,outputs/prediction_diagnostics_4models_c3_b001_by_dataset/organsmnist_224/merged/small/organsmnist_224/resnet/clients_3/beta_0p01/seed_42/breadcrumbs,2026-07-06T10:15:47,My_merge_ret/reports/prediction_diagnostics_4models_c3_b001_by_dataset_organsmnist_224.csv
OK,,12.08,merge,small,organsmnist_224,resnet,3,0.01,42,dare_linear,,test,0.3053132434575734,0.21201695004290813,0.13931097309054233,0.23693970573650328,2.17194956702447,8827,11,6,0.23541407046561685,6,0.4561006004304973,1.9374398460057747,0.22068652996488047,3.866080591748855,8,0.5639283926185127,0.9665463550252319,0.17068723801971225,0.5360824742268041,0.20672101452282346,0.002466 0.621868 0.164045 0.001961 0.241477 0.379509 0.920115 0.000000 0.000000 0.000745 0.000000,1.000000 0.139928 0.456250 0.100000 0.128012 0.196122 0.474913 0.000000 0.000000 0.111111 0.000000,0.004920 0.228452 0.241322 0.003846 0.167323 0.258604 0.626474 0.000000 0.000000 0.001479 0.000000,811 439 445 510 704 693 2078 397 439 1343 968,2 1951 160 10 1328 1341 4026 0 0 9 0,0.065346 0.117038 0.079308 0.070236 0.132132 0.124197 0.149779 0.038429 0.038890 0.104042 0.080605,"[[2,315,6,0,164,41,281,0,0,2,0],[0,273,70,0,95,0,1,0,0,0,0],[0,267,73,0,102,0,3,0,0,0,0],[0,78,1,1,53,42,335,0,0,0,0],[0,131,10,0,170,293,97,0,0,3,0],[0,183,0,0,170,263,77,0,0,0,0],[0,0,0,9,13,144,1912,0,0,0,0],[0,0,0,0,0,0,397,0,0,0,0],[0,0,0,0,0,0,439,0,0,0,0],[0,494,0,0,490,187,171,0,0,1,0],[0,210,0,0,71,371,313,0,0,3,0]]",outputs/prediction_diagnostics_4models_c3_b001_by_dataset/organsmnist_224/merged/small/organsmnist_224/resnet/clients_3/beta_0p01/seed_42/dare_linear/merged.pt,outputs/prediction_diagnostics_4models_c3_b001_by_dataset/organsmnist_224/merged/small/organsmnist_224/resnet/clients_3/beta_0p01/seed_42/dare_linear,2026-07-06T10:13:50,My_merge_ret/reports/prediction_diagnostics_4models_c3_b001_by_dataset_organsmnist_224.csv
OK,,12.49,merge,small,organsmnist_224,resnet,3,0.01,42,dare_ties,,test,0.168913560666138,0.24943337843834124,0.1384473010074667,0.18224127789598957,3.373140733752797,8827,11,6,0.23541407046561685,7,0.2674747932479891,1.1361886429258903,0.032060722782372264,5.571943848801087,8,0.7163548792001312,0.8181165593830325,0.5570267361504475,0.5972584116914015,0.5090255672534828,0.114673 0.202733 0.550562 0.531373 0.001420 0.101010 0.000000 1.000000 0.000000 0.241996 0.000000,0.920792 0.065393 0.243781 0.174501 0.043478 0.235690 0.000000 0.168149 0.000000 0.152869 0.000000,0.203947 0.098889 0.337931 0.262724 0.002751 0.141414 0.000000 0.287890 0.000000 0.187374 0.000000,811 439 445 510 704 693 2078 397 439 1343 968,101 1361 1005 1553 23 297 0 2361 0 2126 0,0.028745 0.117915 0.124352 0.172900 0.036817 0.038850 0.025599 0.229961 0.005039 0.218945 0.000878,"[[93,225,35,108,0,0,0,13,0,337,0],[0,89,240,29,0,0,0,0,0,81,0],[0,94,245,12,0,1,0,0,0,93,0],[3,8,9,271,0,1,0,92,0,126,0],[1,206,48,84,1,76,0,19,0,269,0],[0,216,73,65,1,70,0,16,0,252,0],[0,0,2,638,1,5,0,1319,0,113,0],[0,0,0,0,0,0,0,397,0,0,0],[0,0,0,0,0,0,0,439,0,0,0],[3,499,309,176,0,24,0,7,0,325,0],[1,24,44,170,20,120,0,59,0,530,0]]",outputs/prediction_diagnostics_4models_c3_b001_by_dataset/organsmnist_224/merged/small/organsmnist_224/resnet/clients_3/beta_0p01/seed_42/dare_ties/merged.pt,outputs/prediction_diagnostics_4models_c3_b001_by_dataset/organsmnist_224/merged/small/organsmnist_224/resnet/clients_3/beta_0p01/seed_42/dare_ties,2026-07-06T10:14:02,My_merge_ret/reports/prediction_diagnostics_4models_c3_b001_by_dataset_organsmnist_224.csv
OK,,49.88,merge,small,organsmnist_224,resnet,3,0.01,42,fisher,,test,0.2477625467316189,0.2955635605249483,0.19251724304695725,0.3521817338099335,2.0013187106365766,8827,11,6,0.23541407046561685,3,0.3051999546844908,1.2964388835418672,0.06978588421887394,5.467388808751881,10,0.7084551005503783,0.8820795749552275,0.48370411804690155,0.4886144783052,0.3146078087614686,0.131936 0.000000 0.000000 0.939216 0.142045 0.428571 0.003369 0.984887 0.013667 0.565153 0.042355,0.963964 0.000000 0.000000 0.177803 0.212314 0.249161 1.000000 0.454123 0.461538 0.317308 0.037788,0.232104 0.000000 0.000000 0.299001 0.170213 0.315119 0.006715 0.621622 0.026549 0.406426 0.039942,811 439 445 510 704 693 2078 397 439 1343 968,111 1 0 2694 471 1192 7 861 13 2392 1085,0.024763 0.030974 0.018309 0.245621 0.089758 0.117926 0.080340 0.079046 0.020959 0.195421 0.096883,"[[107,0,0,39,64,17,0,0,0,499,85],[0,0,0,11,1,0,0,0,0,14,413],[0,1,0,13,7,0,0,0,0,8,416],[0,0,0,479,11,0,0,0,0,20,0],[0,0,0,11,100,345,0,0,0,207,41],[2,0,0,10,116,297,0,0,0,246,22],[0,0,0,1643,0,67,7,45,2,314,0],[0,0,0,1,0,0,0,391,5,0,0],[0,0,0,7,0,0,0,425,6,1,0],[0,0,0,220,99,198,0,0,0,759,67],[2,0,0,260,73,268,0,0,0,324,41]]",outputs/prediction_diagnostics_4models_c3_b001_by_dataset/organsmnist_224/merged/small/organsmnist_224/resnet/clients_3/beta_0p01/seed_42/fisher/merged.pt,outputs/prediction_diagnostics_4models_c3_b001_by_dataset/organsmnist_224/merged/small/organsmnist_224/resnet/clients_3/beta_0p01/seed_42/fisher,2026-07-06T10:14:57,My_merge_ret/reports/prediction_diagnostics_4models_c3_b001_by_dataset_organsmnist_224.csv
OK,,11.79,merge,small,organsmnist_224,resnet,3,0.01,42,free_merge,,test,0.3379404101053586,0.26767772351815167,0.20332789138608637,0.2767888501622787,2.1422258677211965,8827,11,6,0.23541407046561685,6,0.41973490427098675,1.7829643888354187,0.1843208338053699,4.124925142741365,8,0.5909548629928514,0.9829115519649537,0.15658455590800952,0.5363090517729693,0.1865715197196214,0.187423 0.763098 0.229213 0.296078 0.034091 0.549784 0.884023 0.000000 0.000000 0.000745 0.000000,0.734300 0.140993 0.483412 0.626556 0.109091 0.204509 0.495816 0.000000 0.000000 0.250000 0.000000,0.298625 0.238011 0.310976 0.402130 0.051948 0.298122 0.635310 0.000000 0.000000 0.001485 0.000000,811 439 445 510 704 693 2078 397 439 1343 968,207 2376 211 241 220 1863 3705 0 0 4 0,0.083100 0.108005 0.084958 0.087341 0.110499 0.110615 0.136344 0.045850 0.050202 0.098105 0.084981,"[[152,340,0,0,20,56,243,0,0,0,0],[0,335,104,0,0,0,0,0,0,0,0],[2,341,102,0,0,0,0,0,0,0,0],[0,80,0,151,19,39,221,0,0,0,0],[3,169,1,0,24,449,56,0,0,2,0],[6,238,0,0,19,381,49,0,0,0,0],[0,0,0,87,0,154,1837,0,0,0,0],[0,0,0,0,0,0,397,0,0,0,0],[2,0,0,3,0,0,434,0,0,0,0],[17,639,1,0,123,345,217,0,0,1,0],[25,234,3,0,15,439,251,0,0,1,0]]",outputs/prediction_diagnostics_4models_c3_b001_by_dataset/organsmnist_224/merged/small/organsmnist_224/resnet/clients_3/beta_0p01/seed_42/free_merge/merged.pt,outputs/prediction_diagnostics_4models_c3_b001_by_dataset/organsmnist_224/merged/small/organsmnist_224/resnet/clients_3/beta_0p01/seed_42/free_merge,2026-07-06T10:16:37,My_merge_ret/reports/prediction_diagnostics_4models_c3_b001_by_dataset_organsmnist_224.csv
OK,,11.62,merge,small,organsmnist_224,resnet,3,0.01,42,from,,test,0.1797892828820664,0.2603289399610959,0.15420989306960314,0.22767692462645375,2.1880719202270025,8827,11,6,0.23541407046561685,5,0.3746459725841169,1.5914340712223292,0.13923190211850006,4.065356740798101,7,0.5848885537967458,0.9680052741449412,0.228754814772856,0.7072618103545939,0.2563614089059444,0.265105 0.888383 0.101124 0.601961 0.000000 0.621934 0.027430 0.357683 0.000000 0.000000 0.000000,0.514354 0.127285 0.478723 0.202774 0.000000 0.130330 0.633333 0.417647 0.000000 0.000000 0.000000,0.349878 0.222666 0.166976 0.303360 0.000000 0.215500 0.052583 0.385346 0.000000 0.000000 0.000000,811 439 445 510 704 693 2078 397 439 1343 968,418 3064 94 1514 0 3307 90 340 0 0 0,0.090460 0.153528 0.073196 0.105396 0.078687 0.158357 0.107110 0.047294 0.042305 0.072420 0.071247,"[[215,476,0,6,0,114,0,0,0,0,0],[0,390,49,0,0,0,0,0,0,0,0],[0,400,45,0,0,0,0,0,0,0,0],[2,147,0,307,0,54,0,0,0,0,0],[4,189,0,4,0,507,0,0,0,0,0],[11,251,0,0,0,431,0,0,0,0,0],[19,94,0,1002,0,906,57,0,0,0,0],[51,20,0,77,0,97,10,142,0,0,0],[50,19,0,94,0,55,23,198,0,0,0],[30,752,0,2,0,559,0,0,0,0,0],[36,326,0,22,0,584,0,0,0,0,0]]",outputs/prediction_diagnostics_4models_c3_b001_by_dataset/organsmnist_224/merged/small/organsmnist_224/resnet/clients_3/beta_0p01/seed_42/from/merged.pt,outputs/prediction_diagnostics_4models_c3_b001_by_dataset/organsmnist_224/merged/small/organsmnist_224/resnet/clients_3/beta_0p01/seed_42/from,2026-07-06T10:16:13,My_merge_ret/reports/prediction_diagnostics_4models_c3_b001_by_dataset_organsmnist_224.csv
OK,,11.83,merge,small,organsmnist_224,resnet,3,0.01,42,iso_c,,test,0.3123371473886938,0.23649722492200798,0.18542149097697155,0.29334921702204125,2.1815000097357538,8827,11,6,0.23541407046561685,1,0.4415996374759261,1.875842155919153,0.20618556701030927,3.8295302493099705,9,0.5599669679454693,0.9865509609121889,0.15361957629998868,0.5177296929874249,0.21045791659077653,0.065351 0.763098 0.233708 0.303922 0.177557 0.150072 0.903754 0.002519 0.000000 0.001489 0.000000,0.630952 0.085942 0.407843 0.508197 0.211149 0.210526 0.588899 0.250000 0.000000 0.333333 0.000000,0.118436 0.154485 0.297143 0.380368 0.192901 0.175232 0.713119 0.004988 0.000000 0.002965 0.000000,811 439 445 510 704 693 2078 397 439 1343 968,84 3898 255 305 592 494 3189 4 0 6 0,0.080357 0.130342 0.100195 0.084223 0.108367 0.084462 0.126452 0.052618 0.061150 0.083606 0.088229,"[[53,667,0,0,33,0,58,0,0,0,0],[0,335,104,0,0,0,0,0,0,0,0],[0,341,104,0,0,0,0,0,0,0,0],[0,168,0,155,54,0,133,0,0,0,0],[1,408,2,0,125,144,24,0,0,0,0],[4,472,0,0,92,104,20,0,0,1,0],[0,20,0,144,6,30,1878,0,0,0,0],[0,0,24,3,0,0,369,1,0,0,0],[1,0,14,3,0,0,418,3,0,0,0],[6,989,2,0,191,45,108,0,0,2,0],[19,498,5,0,91,171,181,0,0,3,0]]",outputs/prediction_diagnostics_4models_c3_b001_by_dataset/organsmnist_224/merged/small/organsmnist_224/resnet/clients_3/beta_0p01/seed_42/iso_c/merged.pt,outputs/prediction_diagnostics_4models_c3_b001_by_dataset/organsmnist_224/merged/small/organsmnist_224/resnet/clients_3/beta_0p01/seed_42/iso_c,2026-07-06T10:16:25,My_merge_ret/reports/prediction_diagnostics_4models_c3_b001_by_dataset_organsmnist_224.csv
OK,,11.68,merge,small,organsmnist_224,resnet,3,0.01,42,model_stock,,test,0.348249688455874,0.26149279580826285,0.20287637727150482,0.24999960769948995,2.251012407775858,8827,11,6,0.23541407046561685,6,0.5428798006117593,2.306063522617902,0.3074657301461425,3.785474227186408,8,0.555141496520053,0.9931271238187511,0.12342015265662173,0.5057210830406706,0.19202772661263984,0.336621 0.833713 0.125843 0.205882 0.110795 0.310245 0.953321 0.000000 0.000000 0.000000 0.000000,0.597374 0.182817 0.491228 0.628743 0.192118 0.244318 0.413397 0.000000 0.000000 0.000000 0.000000,0.430599 0.299877 0.200358 0.310192 0.140541 0.273363 0.576710 0.000000 0.000000 0.000000 0.000000,811 439 445 510 704 693 2078 397 439 1343 968,457 2002 114 167 406 880 4792 0 0 0 9,0.096319 0.099090 0.085867 0.089577 0.104976 0.096066 0.118109 0.059610 0.063299 0.094206 0.092882,"[[273,158,0,0,10,6,363,0,0,0,1],[3,366,53,0,10,1,4,0,0,0,2],[4,372,56,0,8,1,0,0,0,0,4],[0,38,0,105,43,19,305,0,0,0,0],[16,152,2,0,78,277,177,0,0,0,2],[26,234,0,0,69,215,149,0,0,0,0],[4,0,0,61,8,24,1981,0,0,0,0],[4,0,0,0,0,5,388,0,0,0,0],[8,0,0,0,1,1,429,0,0,0,0],[78,461,2,0,142,93,567,0,0,0,0],[41,221,1,1,37,238,429,0,0,0,0]]",outputs/prediction_diagnostics_4models_c3_b001_by_dataset/organsmnist_224/merged/small/organsmnist_224/resnet/clients_3/beta_0p01/seed_42/model_stock/merged.pt,outputs/prediction_diagnostics_4models_c3_b001_by_dataset/organsmnist_224/merged/small/organsmnist_224/resnet/clients_3/beta_0p01/seed_42/model_stock,2026-07-06T10:16:02,My_merge_ret/reports/prediction_diagnostics_4models_c3_b001_by_dataset_organsmnist_224.csv
OK,,11.58,merge,small,organsmnist_224,resnet,3,0.01,42,my_merge,,test,0.5525093463237793,0.5163345026881666,0.5121943065717878,0.5286262939693901,1.8665342243419736,8827,11,6,0.23541407046561685,6,0.2023337487255013,0.8594802694898942,-0.03308032174011555,9.267996622640435,11,0.9285506616645544,0.9484376529859575,0.7286804690155205,0.11714059136739549,0.09846380439083227,0.581998 0.560364 0.226966 0.513725 0.225852 0.278499 0.785371 0.811083 0.712984 0.601638 0.381198,0.373418 0.285714 0.288571 0.658291 0.385922 0.344029 0.913774 0.840731 0.780549 0.537949 0.405941,0.454940 0.378462 0.254088 0.577093 0.284946 0.307815 0.844720 0.825641 0.745238 0.568014 0.393181,811 439 445 510 704 693 2078 397 439 1343 968,1264 861 350 398 412 561 1786 383 401 1502 909,0.133493 0.078629 0.074967 0.048897 0.054498 0.068449 0.193057 0.044486 0.048194 0.155545 0.099784,"[[472,52,13,8,7,32,9,1,1,128,88],[2,246,107,0,24,5,0,0,0,55,0],[4,249,101,0,26,11,0,0,0,54,0],[76,70,13,262,6,1,21,0,1,52,8],[64,44,31,7,159,211,1,0,0,138,49],[77,55,32,12,101,193,10,0,0,145,68],[83,0,0,36,6,0,1632,7,36,41,237],[0,0,0,5,0,0,17,322,31,0,22],[0,0,0,20,0,0,31,47,313,0,28],[215,116,18,14,62,53,17,0,0,808,40],[271,29,35,34,21,55,48,6,19,81,369]]",outputs/prediction_diagnostics_4models_c3_b001_by_dataset/organsmnist_224/merged/small/organsmnist_224/resnet/clients_3/beta_0p01/seed_42/my_merge/merged.pt,outputs/prediction_diagnostics_4models_c3_b001_by_dataset/organsmnist_224/merged/small/organsmnist_224/resnet/clients_3/beta_0p01/seed_42/my_merge,2026-07-06T10:17:00,My_merge_ret/reports/prediction_diagnostics_4models_c3_b001_by_dataset_organsmnist_224.csv
OK,,42.22,merge,small,organsmnist_224,resnet,3,0.01,42,regmean,,test,0.1933839356519769,0.2569770444555802,0.15901150607341444,0.24905697393639717,2.196142473023111,8827,11,6,0.23541407046561685,1,0.38892035799252295,1.6520692974013476,0.1535062875269061,4.681753531624404,11,0.6437615284987992,0.9462345769797516,0.2987708168120539,0.6646652316755409,0.3334802164298929,0.250308 1.000000 0.000000 0.521569 0.017045 0.562771 0.119827 0.317380 0.031891 0.005957 0.000000,0.704861 0.127876 0.000000 0.179730 0.109091 0.150231 0.502016 0.402556 0.400000 0.163265 0.000000,0.369427 0.226756 0.000000 0.267337 0.029484 0.237154 0.193473 0.354930 0.059072 0.011494 0.000000,811 439 445 510 704 693 2078 397 439 1343 968,288 3433 16 1480 110 2596 496 313 35 49 11,0.082709 0.189603 0.086647 0.105330 0.093252 0.174836 0.073917 0.042663 0.037786 0.070949 0.042306,"[[203,498,0,5,18,75,2,0,0,2,8],[0,439,0,0,0,0,0,0,0,0,0],[0,442,0,0,0,0,0,0,0,0,3],[8,155,0,266,7,74,0,0,0,0,0],[4,210,0,3,12,472,2,0,0,1,0],[3,277,2,0,9,390,4,0,0,8,0],[4,147,5,1036,37,572,249,4,0,24,0],[4,32,2,63,0,27,122,126,21,0,0],[6,33,1,86,1,13,102,183,14,0,0],[34,842,2,1,20,428,8,0,0,8,0],[22,358,4,20,6,545,7,0,0,6,0]]",outputs/prediction_diagnostics_4models_c3_b001_by_dataset/organsmnist_224/merged/small/organsmnist_224/resnet/clients_3/beta_0p01/seed_42/regmean/merged.pt,outputs/prediction_diagnostics_4models_c3_b001_by_dataset/organsmnist_224/merged/small/organsmnist_224/resnet/clients_3/beta_0p01/seed_42/regmean,2026-07-06T10:14:15,My_merge_ret/reports/prediction_diagnostics_4models_c3_b001_by_dataset_organsmnist_224.csv
OK,,11.58,merge,small,organsmnist_224,resnet,3,0.01,42,robustmerge,,test,0.3157358105811714,0.1834743244534072,0.14117761632971557,0.26968114469337917,2.2071140039084627,8827,11,6,0.23541407046561685,6,0.4802311090970885,2.039942252165544,0.24481703863147164,3.614790886513732,8,0.5359008053690513,0.992873172427762,0.13662626033760053,0.5053812167214229,0.17984139168408486,0.088779 0.234624 0.006742 0.100000 0.000000 0.235209 0.977863 0.000000 0.000000 0.000000 0.375000,0.605042 0.092294 0.600000 0.836066 0.000000 0.208707 0.479358 0.000000 0.000000 0.000000 0.145026,0.154839 0.132476 0.013333 0.178634 0.000000 0.221167 0.643343 0.000000 0.000000 0.000000 0.209162,811 439 445 510 704 693 2078 397 439 1343 968,119 1116 5 61 0 781 4239 0 0 3 2503,0.088696 0.101769 0.082268 0.080455 0.095912 0.092610 0.123400 0.069087 0.064224 0.087500 0.114077,"[[72,165,0,0,0,9,225,0,0,0,340],[0,103,2,0,0,0,0,0,0,0,334],[0,88,3,0,0,0,1,0,0,0,353],[0,61,0,51,0,48,268,0,0,2,80],[1,85,0,0,0,248,125,0,0,0,245],[2,120,0,0,0,163,114,0,0,0,294],[0,0,0,10,0,9,2032,0,0,0,27],[11,0,0,0,0,0,373,0,0,0,13],[21,0,0,0,0,0,396,0,0,0,22],[2,394,0,0,0,87,428,0,0,0,432],[10,100,0,0,0,217,277,0,0,1,363]]",outputs/prediction_diagnostics_4models_c3_b001_by_dataset/organsmnist_224/merged/small/organsmnist_224/resnet/clients_3/beta_0p01/seed_42/robustmerge/merged.pt,outputs/prediction_diagnostics_4models_c3_b001_by_dataset/organsmnist_224/merged/small/organsmnist_224/resnet/clients_3/beta_0p01/seed_42/robustmerge,2026-07-06T10:16:49,My_merge_ret/reports/prediction_diagnostics_4models_c3_b001_by_dataset_organsmnist_224.csv
OK,,12.90,merge,small,organsmnist_224,resnet,3,0.01,42,ties,,test,0.16914013821230317,0.2796812229919159,0.15435804796959943,0.1520724744772732,3.1361212941627072,8827,11,6,0.23541407046561685,3,0.3944715078735697,1.6756496631376323,0.15905743740795286,4.790118477499955,8,0.6533042386088522,0.8664032861215053,0.47783434349156,0.689928628072958,0.4702581838177742,0.143033 0.264237 0.662921 0.762745 0.002841 0.278499 0.000000 0.962217 0.000000 0.000000 0.000000,0.571429 0.055317 0.265766 0.111717 0.064516 0.211855 0.000000 0.392197 0.000000 0.000000 0.000000,0.228797 0.091483 0.379421 0.194890 0.005442 0.240648 0.000000 0.557257 0.000000 0.000000 0.000000,811 439 445 510 704 693 2078 397 439 1343 968,203 2097 1110 3482 31 911 0 974 0 19 0,0.054189 0.147211 0.156543 0.258278 0.074996 0.094710 0.008412 0.094926 0.022636 0.083984 0.004115,"[[116,391,25,256,8,9,0,2,0,4,0],[1,116,280,40,2,0,0,0,0,0,0],[4,114,295,32,0,0,0,0,0,0,0],[11,49,45,389,0,14,0,2,0,0,0],[13,283,66,116,2,224,0,0,0,0,0],[3,281,84,131,0,193,0,0,0,1,0],[11,3,6,1871,0,24,0,159,0,4,0],[11,0,0,3,0,1,0,382,0,0,0],[6,0,0,20,0,0,0,413,0,0,0],[3,722,174,238,12,194,0,0,0,0,0],[24,138,135,386,7,252,0,16,0,10,0]]",outputs/prediction_diagnostics_4models_c3_b001_by_dataset/organsmnist_224/merged/small/organsmnist_224/resnet/clients_3/beta_0p01/seed_42/ties/merged.pt,outputs/prediction_diagnostics_4models_c3_b001_by_dataset/organsmnist_224/merged/small/organsmnist_224/resnet/clients_3/beta_0p01/seed_42/ties,2026-07-06T10:13:37,My_merge_ret/reports/prediction_diagnostics_4models_c3_b001_by_dataset_organsmnist_224.csv
OK,,17.48,client,small,organsmnist_224,swin_tiny,3,0.01,42,client_0,0,test,0.11566783731732186,0.09322775395922654,0.022577276076569182,0.030079539658083722,8.81394131337312,8827,11,6,0.23541407046561685,10,0.9724708281409312,4.130895091434072,0.7370567576753144,1.1343337987672746,2,0.05256506345185072,0.0844989834193679,0.9566670442959103,0.8628072957969866,0.8400642021337154,0.000000 0.000000 0.000000 0.000000 0.000000 0.000000 0.025505 0.000000 0.000000 0.000000 1.000000,0.000000 0.000000 0.000000 0.000000 0.000000 0.000000 0.218107 0.000000 0.000000 0.000000 0.112768,0.000000 0.000000 0.000000 0.000000 0.000000 0.000000 0.045670 0.000000 0.000000 0.000000 0.202680,811 439 445 510 704 693 2078 397 439 1343 968,0 0 0 0 0 0 243 0 0 0 8584,0.000042 0.000038 0.000036 0.000040 0.000050 0.000047 0.049858 0.000051 0.000058 0.000052 0.949728,"[[0,0,0,0,0,0,0,0,0,0,811],[0,0,0,0,0,0,0,0,0,0,439],[0,0,0,0,0,0,0,0,0,0,445],[0,0,0,0,0,0,0,0,0,0,510],[0,0,0,0,0,0,0,0,0,0,704],[0,0,0,0,0,0,0,0,0,0,693],[0,0,0,0,0,0,53,0,0,0,2025],[0,0,0,0,0,0,97,0,0,0,300],[0,0,0,0,0,0,93,0,0,0,346],[0,0,0,0,0,0,0,0,0,0,1343],[0,0,0,0,0,0,0,0,0,0,968]]",/data2/liyapeng_grp/program/MedMNISTMerge/model_hub/small/organsmnist_224/swin_tiny/clients_3/beta_0p01/seed_42/client_0.pt,,2026-07-06T10:17:12,My_merge_ret/reports/prediction_diagnostics_4models_c3_b001_by_dataset_organsmnist_224.csv
OK,,17.46,client,small,organsmnist_224,swin_tiny,3,0.01,42,client_1,1,test,0.05369887844114648,0.09273553255749746,0.012072744976461353,0.00833655063617862,13.772570146660282,8827,11,6,0.23541407046561685,2,0.906083607114535,3.8488931665062562,0.6706695366489182,1.3654806412116376,2,0.12990829428431405,0.15072179778619413,0.9485739775688229,0.8556701030927836,0.8399339592380944,0.000000 0.000000 0.997753 0.000000 0.000000 0.000000 0.000000 0.000000 0.000000 0.022338 0.000000,0.000000 0.000000 0.055514 0.000000 0.000000 0.000000 0.000000 0.000000 0.000000 0.036188 0.000000,0.000000 0.000000 0.105176 0.000000 0.000000 0.000000 0.000000 0.000000 0.000000 0.027624 0.000000,811 439 445 510 704 693 2078 397 439 1343 968,0 0 7998 0 0 0 0 0 0 829 0,0.000001 0.000001 0.890347 0.000262 0.002916 0.000009 0.000004 0.000001 0.000015 0.106443 0.000001,"[[0,0,651,0,0,0,0,0,0,160,0],[0,0,428,0,0,0,0,0,0,11,0],[0,0,444,0,0,0,0,0,0,1,0],[0,0,499,0,0,0,0,0,0,11,0],[0,0,679,0,0,0,0,0,0,25,0],[0,0,656,0,0,0,0,0,0,37,0],[0,0,1834,0,0,0,0,0,0,244,0],[0,0,236,0,0,0,0,0,0,161,0],[0,0,333,0,0,0,0,0,0,106,0],[0,0,1313,0,0,0,0,0,0,30,0],[0,0,925,0,0,0,0,0,0,43,0]]",/data2/liyapeng_grp/program/MedMNISTMerge/model_hub/small/organsmnist_224/swin_tiny/clients_3/beta_0p01/seed_42/client_1.pt,,2026-07-06T10:17:29,My_merge_ret/reports/prediction_diagnostics_4models_c3_b001_by_dataset_organsmnist_224.csv
OK,,17.71,client,small,organsmnist_224,swin_tiny,3,0.01,42,client_2,2,test,0.05064008156791662,0.08916579502521826,0.015077035575043668,0.009642068715437293,10.187317426955293,8827,11,6,0.23541407046561685,1,0.7283335221479551,3.0938402309913378,0.49291945168233825,2.3731091540873432,4,0.3603997991698693,0.37526690938632573,0.9127888863713606,0.7302594312903591,0.7287070888834367,0.029593 0.927107 0.000000 0.003922 0.000000 0.020202 0.000000 0.000000 0.000000 0.000000 0.000000,0.020690 0.063307 0.000000 0.004566 0.000000 0.017500 0.000000 0.000000 0.000000 0.000000 0.000000,0.024353 0.118521 0.000000 0.004219 0.000000 0.018754 0.000000 0.000000 0.000000 0.000000 0.000000,811 439 445 510 704 693 2078 397 439 1343 968,1160 6429 0 438 0 800 0 0 0 0 0,0.135436 0.714573 0.000531 0.049710 0.000021 0.098818 0.000023 0.000823 0.000019 0.000023 0.000022,"[[24,779,0,2,0,6,0,0,0,0,0],[32,407,0,0,0,0,0,0,0,0,0],[38,407,0,0,0,0,0,0,0,0,0],[113,360,0,2,0,35,0,0,0,0,0],[30,663,0,0,0,11,0,0,0,0,0],[42,637,0,0,0,14,0,0,0,0,0],[94,1012,0,403,0,569,0,0,0,0,0],[344,2,0,5,0,46,0,0,0,0,0],[357,0,0,13,0,69,0,0,0,0,0],[0,1330,0,12,0,1,0,0,0,0,0],[86,832,0,1,0,49,0,0,0,0,0]]",/data2/liyapeng_grp/program/MedMNISTMerge/model_hub/small/organsmnist_224/swin_tiny/clients_3/beta_0p01/seed_42/client_2.pt,,2026-07-06T10:17:47,My_merge_ret/reports/prediction_diagnostics_4models_c3_b001_by_dataset_organsmnist_224.csv
OK,,17.99,merge,small,organsmnist_224,swin_tiny,3,0.01,42,avg,,test,0.06819984139571768,0.10153658701685507,0.02026250308448591,0.011939601978166202,2.455050134707432,8827,11,6,0.23541407046561685,2,0.5947660586835845,2.5264677574590952,0.3593519882179676,2.1697500221476123,4,0.3230382796683548,0.9299242550573087,0.21566996148181716,0.7741021864733206,0.2932647970012088,0.000000 0.000000 1.000000 0.000000 0.000000 0.000000 0.000000 0.000000 0.000000 0.116902 0.000000,0.000000 0.000000 0.084762 0.000000 0.000000 0.000000 0.000000 0.000000 0.000000 0.046574 0.000000,0.000000 0.000000 0.156277 0.000000 0.000000 0.000000 0.000000 0.000000 0.000000 0.066610 0.000000,811 439 445 510 704 693 2078 397 439 1343 968,0 0 5250 33 0 173 0 0 0 3371 0,0.066876 0.065173 0.189667 0.081128 0.119516 0.121677 0.063723 0.030250 0.027438 0.184439 0.050113,"[[0,0,772,0,0,0,0,0,0,39,0],[0,0,439,0,0,0,0,0,0,0,0],[0,0,445,0,0,0,0,0,0,0,0],[0,0,311,0,0,0,0,0,0,199,0],[0,0,660,0,0,0,0,0,0,44,0],[0,0,620,0,0,0,0,0,0,73,0],[0,0,95,15,0,0,0,0,0,1968,0],[0,0,3,11,0,72,0,0,0,311,0],[0,0,0,7,0,101,0,0,0,331,0],[0,0,1186,0,0,0,0,0,0,157,0],[0,0,719,0,0,0,0,0,0,249,0]]",outputs/prediction_diagnostics_4models_c3_b001_by_dataset/organsmnist_224/merged/small/organsmnist_224/swin_tiny/clients_3/beta_0p01/seed_42/avg/merged.pt,outputs/prediction_diagnostics_4models_c3_b001_by_dataset/organsmnist_224/merged/small/organsmnist_224/swin_tiny/clients_3/beta_0p01/seed_42/avg,2026-07-06T10:18:05,My_merge_ret/reports/prediction_diagnostics_4models_c3_b001_by_dataset_organsmnist_224.csv
OK,,26.85,merge,small,organsmnist_224,swin_tiny,3,0.01,42,breadcrumbs,,test,0.23541407046561685,0.09090909090909091,0.03464632570547289,0.021401279133237895,2.254502343661493,8827,11,6,0.23541407046561685,6,1.0,4.247834456207892,0.7645859295343831,1.0,1,-0.0,0.9697335059045064,0.18624497281069446,0.7645859295343831,0.14593302994699964,0.000000 0.000000 0.000000 0.000000 0.000000 0.000000 1.000000 0.000000 0.000000 0.000000 0.000000,0.000000 0.000000 0.000000 0.000000 0.000000 0.000000 0.235414 0.000000 0.000000 0.000000 0.000000,0.000000 0.000000 0.000000 0.000000 0.000000 0.000000 0.381110 0.000000 0.000000 0.000000 0.000000,811 439 445 510 704 693 2078 397 439 1343 968,0 0 0 0 0 0 8827 0 0 0 0,0.073170 0.073641 0.082588 0.083594 0.087320 0.081608 0.186237 0.066376 0.047652 0.076180 0.141635,"[[0,0,0,0,0,0,811,0,0,0,0],[0,0,0,0,0,0,439,0,0,0,0],[0,0,0,0,0,0,445,0,0,0,0],[0,0,0,0,0,0,510,0,0,0,0],[0,0,0,0,0,0,704,0,0,0,0],[0,0,0,0,0,0,693,0,0,0,0],[0,0,0,0,0,0,2078,0,0,0,0],[0,0,0,0,0,0,397,0,0,0,0],[0,0,0,0,0,0,439,0,0,0,0],[0,0,0,0,0,0,1343,0,0,0,0],[0,0,0,0,0,0,968,0,0,0,0]]",outputs/prediction_diagnostics_4models_c3_b001_by_dataset/organsmnist_224/merged/small/organsmnist_224/swin_tiny/clients_3/beta_0p01/seed_42/breadcrumbs/merged.pt,outputs/prediction_diagnostics_4models_c3_b001_by_dataset/organsmnist_224/merged/small/organsmnist_224/swin_tiny/clients_3/beta_0p01/seed_42/breadcrumbs,2026-07-06T10:20:40,My_merge_ret/reports/prediction_diagnostics_4models_c3_b001_by_dataset_organsmnist_224.csv
OK,,20.03,merge,small,organsmnist_224,swin_tiny,3,0.01,42,dare_linear,,test,0.05585136512971565,0.09472967971580304,0.01552336791919049,0.009730571726795097,2.487004427997904,8827,11,6,0.23541407046561685,2,0.7139458479664665,3.032723772858518,0.4785317775008497,2.3045758285117284,5,0.3481789411938934,0.9079787018570926,0.23653633737396623,0.7070352328084286,0.32895270017390466,0.000000 0.000000 1.000000 0.000000 0.000000 0.012987 0.000000 0.000000 0.000000 0.029039 0.000000,0.000000 0.000000 0.070613 0.000000 0.000000 0.009036 0.000000 0.000000 0.000000 0.027388 0.000000,0.000000 0.000000 0.131910 0.000000 0.000000 0.010657 0.000000 0.000000 0.000000 0.028189 0.000000,811 439 445 510 704 693 2078 397 439 1343 968,0 0 6302 103 0 996 2 0 0 1424 0,0.047192 0.041651 0.218915 0.097726 0.121170 0.148358 0.066480 0.028833 0.020821 0.161386 0.047467,"[[0,0,811,0,0,0,0,0,0,0,0],[0,0,439,0,0,0,0,0,0,0,0],[0,0,445,0,0,0,0,0,0,0,0],[0,0,469,0,0,27,0,0,0,14,0],[0,0,688,0,0,16,0,0,0,0,0],[0,0,679,0,0,9,0,0,0,5,0],[0,0,562,48,0,211,0,0,0,1257,0],[0,0,14,34,0,313,1,0,0,35,0],[0,0,3,21,0,381,1,0,0,33,0],[0,0,1304,0,0,0,0,0,0,39,0],[0,0,888,0,0,39,0,0,0,41,0]]",outputs/prediction_diagnostics_4models_c3_b001_by_dataset/organsmnist_224/merged/small/organsmnist_224/swin_tiny/clients_3/beta_0p01/seed_42/dare_linear/merged.pt,outputs/prediction_diagnostics_4models_c3_b001_by_dataset/organsmnist_224/merged/small/organsmnist_224/swin_tiny/clients_3/beta_0p01/seed_42/dare_linear,2026-07-06T10:18:43,My_merge_ret/reports/prediction_diagnostics_4models_c3_b001_by_dataset_organsmnist_224.csv
OK,,20.73,merge,small,organsmnist_224,swin_tiny,3,0.01,42,dare_ties,,test,0.10365922737056758,0.16283707975327558,0.06738507784384856,0.05882960358078932,4.480680461160537,8827,11,6,0.23541407046561685,2,0.5330236773535743,2.264196342637151,0.2976096068879574,3.089636421799499,6,0.4704348158718077,0.6089287980652097,0.6695295683697745,0.7000113288773083,0.6227780404357699,0.000000 0.000000 1.000000 0.409804 0.000000 0.000000 0.000000 0.000000 0.277904 0.103500 0.000000,0.000000 0.000000 0.094580 0.097572 0.000000 0.000000 0.000000 0.000000 0.369697 0.085276 0.000000,0.000000 0.000000 0.172816 0.157617 0.000000 0.000000 0.000000 0.000000 0.317295 0.093508 0.000000,811 439 445 510 704 693 2078 397 439 1343 968,0 0 4705 2142 1 19 0 0 330 1630 0,0.003013 0.000322 0.443836 0.256509 0.027927 0.028521 0.010283 0.007490 0.037449 0.182770 0.001879,"[[0,0,581,35,0,0,0,0,0,195,0],[0,0,432,0,0,0,0,0,0,7,0],[0,0,445,0,0,0,0,0,0,0,0],[0,0,239,209,0,0,0,0,0,62,0],[0,0,603,0,0,0,0,0,0,101,0],[0,0,577,13,0,0,0,0,0,103,0],[0,0,30,1345,0,0,0,0,81,622,0],[0,0,2,192,0,6,0,0,127,70,0],[0,0,0,215,1,13,0,0,122,88,0],[0,0,1160,44,0,0,0,0,0,139,0],[0,0,636,89,0,0,0,0,0,243,0]]",outputs/prediction_diagnostics_4models_c3_b001_by_dataset/organsmnist_224/merged/small/organsmnist_224/swin_tiny/clients_3/beta_0p01/seed_42/dare_ties/merged.pt,outputs/prediction_diagnostics_4models_c3_b001_by_dataset/organsmnist_224/merged/small/organsmnist_224/swin_tiny/clients_3/beta_0p01/seed_42/dare_ties,2026-07-06T10:19:03,My_merge_ret/reports/prediction_diagnostics_4models_c3_b001_by_dataset_organsmnist_224.csv
OK,,91.93,merge,small,organsmnist_224,swin_tiny,3,0.01,42,fisher,,test,0.04848759487934746,0.08853619942604267,0.00916484115171609,0.004949559569957857,6.635750429700776,8827,11,6,0.23541407046561685,1,0.9251161209924097,3.9297401347449474,0.6897020505267928,1.3865853583510883,5,0.13630459669741202,0.23893310894969272,0.9025539537781806,0.8753823496091537,0.8316726327727507,0.001233 0.972665 0.000000 0.000000 0.000000 0.000000 0.000000 0.000000 0.000000 0.000000 0.000000,0.002155 0.052290 0.000000 0.000000 0.000000 0.000000 0.000000 0.000000 0.000000 0.000000 0.000000,0.001569 0.099245 0.000000 0.000000 0.000000 0.000000 0.000000 0.000000 0.000000 0.000000 0.000000,811 439 445 510 704 693 2078 397 439 1343 968,464 8166 0 42 0 8 0 0 0 0 147,0.043131 0.881406 0.009176 0.006175 0.000899 0.007420 0.016288 0.000388 0.000184 0.009133 0.025801,"[[1,810,0,0,0,0,0,0,0,0,0],[12,427,0,0,0,0,0,0,0,0,0],[15,430,0,0,0,0,0,0,0,0,0],[17,493,0,0,0,0,0,0,0,0,0],[0,704,0,0,0,0,0,0,0,0,0],[0,693,0,0,0,0,0,0,0,0,0],[2,1993,0,38,0,0,0,0,0,0,45],[176,174,0,0,0,0,0,0,0,0,47],[225,147,0,4,0,8,0,0,0,0,55],[0,1343,0,0,0,0,0,0,0,0,0],[16,952,0,0,0,0,0,0,0,0,0]]",outputs/prediction_diagnostics_4models_c3_b001_by_dataset/organsmnist_224/merged/small/organsmnist_224/swin_tiny/clients_3/beta_0p01/seed_42/fisher/merged.pt,outputs/prediction_diagnostics_4models_c3_b001_by_dataset/organsmnist_224/merged/small/organsmnist_224/swin_tiny/clients_3/beta_0p01/seed_42/fisher,2026-07-06T10:40:43,My_merge_ret/reports/prediction_diagnostics_4models_c3_b001_by_dataset_organsmnist_224.csv
OK,,19.05,merge,small,organsmnist_224,swin_tiny,3,0.01,42,free_merge,,test,0.06819984139571768,0.10153658701685507,0.01937937844648534,0.012130255260069328,2.746773814539198,8827,11,6,0.23541407046561685,2,0.7191571315282655,3.0548604427333976,0.4837430610626487,1.8107617506704166,2,0.2476119871463193,0.8721270840676683,0.23559462444771723,0.7974396737283336,0.379437529326189,0.000000 0.000000 1.000000 0.000000 0.000000 0.000000 0.000000 0.000000 0.000000 0.116902 0.000000,0.000000 0.000000 0.070101 0.000000 0.000000 0.000000 0.000000 0.000000 0.000000 0.063332 0.000000,0.000000 0.000000 0.131017 0.000000 0.000000 0.000000 0.000000 0.000000 0.000000 0.082156 0.000000,811 439 445 510 704 693 2078 397 439 1343 968,0 0 6348 0 0 0 0 0 0 2479 0,0.059343 0.057733 0.228302 0.088687 0.119987 0.141254 0.028123 0.016077 0.021173 0.211810 0.027511,"[[0,0,805,0,0,0,0,0,0,6,0],[0,0,439,0,0,0,0,0,0,0,0],[0,0,445,0,0,0,0,0,0,0,0],[0,0,479,0,0,0,0,0,0,31,0],[0,0,646,0,0,0,0,0,0,58,0],[0,0,636,0,0,0,0,0,0,57,0],[0,0,817,0,0,0,0,0,0,1261,0],[0,0,19,0,0,0,0,0,0,378,0],[0,0,28,0,0,0,0,0,0,411,0],[0,0,1186,0,0,0,0,0,0,157,0],[0,0,848,0,0,0,0,0,0,120,0]]",outputs/prediction_diagnostics_4models_c3_b001_by_dataset/organsmnist_224/merged/small/organsmnist_224/swin_tiny/clients_3/beta_0p01/seed_42/free_merge/merged.pt,outputs/prediction_diagnostics_4models_c3_b001_by_dataset/organsmnist_224/merged/small/organsmnist_224/swin_tiny/clients_3/beta_0p01/seed_42/free_merge,2026-07-06T10:22:04,My_merge_ret/reports/prediction_diagnostics_4models_c3_b001_by_dataset_organsmnist_224.csv
OK,,18.08,merge,small,organsmnist_224,swin_tiny,3,0.01,42,from,,test,0.14206412144556474,0.14457836456882697,0.04743846819311626,0.028383231819612442,3.17153510602236,8827,11,6,0.23541407046561685,9,0.7339979608020845,3.117901828681424,0.4985838903364676,1.784684597685151,2,0.2415625528834471,0.6954108579602368,0.43697957969865187,0.7974396737283336,0.5161221338973149,0.000000 0.000000 0.982022 0.000000 0.000000 0.000000 0.000000 0.000000 0.000000 0.608340 0.000000,0.000000 0.000000 0.186116 0.000000 0.000000 0.000000 0.000000 0.000000 0.000000 0.126100 0.000000,0.000000 0.000000 0.312925 0.000000 0.000000 0.000000 0.000000 0.000000 0.000000 0.208898 0.000000,811 439 445 510 704 693 2078 397 439 1343 968,0 0 2348 0 0 0 0 0 0 6479 0,0.021524 0.020007 0.252350 0.061829 0.132824 0.063823 0.012588 0.007841 0.010358 0.409211 0.007644,"[[0,0,290,0,0,0,0,0,0,521,0],[0,0,425,0,0,0,0,0,0,14,0],[0,0,437,0,0,0,0,0,0,8,0],[0,0,23,0,0,0,0,0,0,487,0],[0,0,235,0,0,0,0,0,0,469,0],[0,0,236,0,0,0,0,0,0,457,0],[0,0,0,0,0,0,0,0,0,2078,0],[0,0,0,0,0,0,0,0,0,397,0],[0,0,0,0,0,0,0,0,0,439,0],[0,0,526,0,0,0,0,0,0,817,0],[0,0,176,0,0,0,0,0,0,792,0]]",outputs/prediction_diagnostics_4models_c3_b001_by_dataset/organsmnist_224/merged/small/organsmnist_224/swin_tiny/clients_3/beta_0p01/seed_42/from/merged.pt,outputs/prediction_diagnostics_4models_c3_b001_by_dataset/organsmnist_224/merged/small/organsmnist_224/swin_tiny/clients_3/beta_0p01/seed_42/from,2026-07-06T10:21:26,My_merge_ret/reports/prediction_diagnostics_4models_c3_b001_by_dataset_organsmnist_224.csv
OK,,19.19,merge,small,organsmnist_224,swin_tiny,3,0.01,42,iso_c,,test,0.18126203693214002,0.17006460941747525,0.10310498782449457,0.11584286376511949,2.295441520866376,8827,11,6,0.23541407046561685,2,0.548770816812054,2.331087584215592,0.3133567463464371,3.381909868278292,7,0.5081291971016528,0.9959791162724729,0.12474155998640535,0.5897813526679507,0.22227647324125263,0.000000 0.000000 1.000000 0.125490 0.000000 0.196248 0.381617 0.000000 0.000000 0.000000 0.167355,0.000000 0.000000 0.091866 0.281938 0.000000 0.263056 0.546143 0.000000 0.000000 0.000000 0.091268,0.000000 0.000000 0.168274 0.173677 0.000000 0.224793 0.449292 0.000000 0.000000 0.000000 0.118119,811 439 445 510 704 693 2078 397 439 1343 968,11 1 4844 227 0 517 1452 0 0 0 1775,0.097684 0.087998 0.113867 0.099347 0.081782 0.097191 0.081853 0.081468 0.065715 0.090219 0.102876,"[[0,0,748,10,0,17,0,0,0,0,36],[0,0,439,0,0,0,0,0,0,0,0],[0,0,445,0,0,0,0,0,0,0,0],[0,0,307,64,0,7,0,0,0,0,132],[0,0,529,24,0,140,2,0,0,0,9],[0,0,502,25,0,136,0,0,0,0,30],[2,0,62,48,0,0,793,0,0,0,1173],[0,0,0,0,0,0,305,0,0,0,92],[7,0,0,0,0,0,327,0,0,0,105],[0,0,1149,23,0,131,4,0,0,0,36],[2,1,663,33,0,86,21,0,0,0,162]]",outputs/prediction_diagnostics_4models_c3_b001_by_dataset/organsmnist_224/merged/small/organsmnist_224/swin_tiny/clients_3/beta_0p01/seed_42/iso_c/merged.pt,outputs/prediction_diagnostics_4models_c3_b001_by_dataset/organsmnist_224/merged/small/organsmnist_224/swin_tiny/clients_3/beta_0p01/seed_42/iso_c,2026-07-06T10:21:44,My_merge_ret/reports/prediction_diagnostics_4models_c3_b001_by_dataset_organsmnist_224.csv
OK,,18.73,merge,small,organsmnist_224,swin_tiny,3,0.01,42,model_stock,,test,0.06468788943015748,0.09915085183561013,0.019226944315315127,0.015420593467665238,2.3493878865979383,8827,11,6,0.23541407046561685,2,0.6695366489180922,2.8440808469682386,0.4341225784524753,2.301276114845661,4,0.3475814023526428,0.9742663355746701,0.15342132094709415,0.7370567576753144,0.20822559913496433,0.000000 0.000000 1.000000 0.000000 0.000000 0.000000 0.005775 0.000000 0.000000 0.084885 0.000000,0.000000 0.000000 0.075296 0.000000 0.000000 0.000000 0.046512 0.000000 0.000000 0.047819 0.000000,0.000000 0.000000 0.140047 0.000000 0.000000 0.000000 0.010274 0.000000 0.000000 0.061175 0.000000,811 439 445 510 704 693 2078 397 439 1343 968,0 0 5910 0 0 275 258 0 0 2384 0,0.079140 0.071775 0.144252 0.083278 0.111631 0.111150 0.100076 0.047304 0.038801 0.131752 0.080840,"[[0,0,808,0,0,0,0,0,0,3,0],[0,0,439,0,0,0,0,0,0,0,0],[0,0,445,0,0,0,0,0,0,0,0],[0,0,442,0,0,1,0,0,0,67,0],[0,0,683,0,0,0,0,0,0,21,0],[0,0,645,0,0,0,0,0,0,48,0],[0,0,384,0,0,12,12,0,0,1670,0],[0,0,10,0,0,116,114,0,0,157,0],[0,0,1,0,0,146,132,0,0,160,0],[0,0,1229,0,0,0,0,0,0,114,0],[0,0,824,0,0,0,0,0,0,144,0]]",outputs/prediction_diagnostics_4models_c3_b001_by_dataset/organsmnist_224/merged/small/organsmnist_224/swin_tiny/clients_3/beta_0p01/seed_42/model_stock/merged.pt,outputs/prediction_diagnostics_4models_c3_b001_by_dataset/organsmnist_224/merged/small/organsmnist_224/swin_tiny/clients_3/beta_0p01/seed_42/model_stock,2026-07-06T10:21:07,My_merge_ret/reports/prediction_diagnostics_4models_c3_b001_by_dataset_organsmnist_224.csv
OK,,17.95,merge,small,organsmnist_224,swin_tiny,3,0.01,42,my_merge,,test,0.605868358445678,0.5821140520550897,0.5714834590025581,0.5793336504860241,3.4167417580481496,8827,11,6,0.23541407046561685,6,0.1976889090291152,0.8397497593840231,-0.03772516143650165,9.59768869844412,11,0.9431280567430079,0.945832880671457,0.8998385634983573,0.09402968165854764,0.09318956527610404,0.684340 0.519362 0.406742 0.615686 0.251420 0.415584 0.765159 0.765743 0.842825 0.642591 0.493802,0.453802 0.341317 0.367886 0.830688 0.437037 0.433735 0.911175 0.800000 0.661896 0.652305 0.482828,0.545723 0.411924 0.386339 0.707207 0.319206 0.424466 0.831807 0.782497 0.741483 0.647412 0.488253,811 439 445 510 704 693 2078 397 439 1343 968,1223 668 492 378 405 664 1745 380 559 1323 990,0.136527 0.066866 0.066208 0.043362 0.047546 0.074707 0.196112 0.044075 0.063280 0.149585 0.111730,"[[555,44,34,1,6,35,30,0,6,41,59],[9,228,191,0,0,2,0,0,0,9,0],[18,240,181,0,1,1,0,0,0,4,0],[50,37,4,314,0,5,30,1,5,56,8],[103,22,9,4,177,211,2,5,0,117,54],[72,32,14,2,92,288,13,3,8,114,55],[4,0,0,13,17,4,1590,12,60,65,313],[0,0,0,1,0,0,1,304,91,0,0],[0,0,0,1,0,0,12,54,370,0,2],[200,23,48,9,66,80,33,0,0,863,21],[212,42,11,33,46,38,34,1,19,54,478]]",outputs/prediction_diagnostics_4models_c3_b001_by_dataset/organsmnist_224/merged/small/organsmnist_224/swin_tiny/clients_3/beta_0p01/seed_42/my_merge/merged.pt,outputs/prediction_diagnostics_4models_c3_b001_by_dataset/organsmnist_224/merged/small/organsmnist_224/swin_tiny/clients_3/beta_0p01/seed_42/my_merge,2026-07-06T10:22:42,My_merge_ret/reports/prediction_diagnostics_4models_c3_b001_by_dataset_organsmnist_224.csv
OK,,65.48,merge,small,organsmnist_224,swin_tiny,3,0.01,42,regmean,,test,0.17401155545485442,0.13156646995695914,0.0667106082874492,0.05677213358455834,4.125781902738048,8827,11,6,0.23541407046561685,9,0.9501529398436614,4.03609239653513,0.7147388693780445,1.2234310086499256,3,0.08409842418128081,0.4822800448863771,0.6279313470035119,0.7980061175937465,0.642450004696321,0.000000 0.000000 0.453933 0.000000 0.000000 0.000000 0.000000 0.000000 0.000000 0.993299 0.000000,0.000000 0.000000 0.465438 0.000000 0.000000 0.000000 0.000000 0.000000 0.000000 0.159056 0.000000,0.000000 0.000000 0.459613 0.000000 0.000000 0.000000 0.000000 0.000000 0.000000 0.274203 0.000000,811 439 445 510 704 693 2078 397 439 1343 968,0 0 434 0 6 0 0 0 0 8387 0,0.003286 0.003954 0.139416 0.005467 0.169428 0.052117 0.004756 0.001019 0.000719 0.615922 0.003917,"[[0,0,16,0,0,0,0,0,0,795,0],[0,0,167,0,0,0,0,0,0,272,0],[0,0,202,0,0,0,0,0,0,243,0],[0,0,6,0,3,0,0,0,0,501,0],[0,0,13,0,0,0,0,0,0,691,0],[0,0,10,0,0,0,0,0,0,683,0],[0,0,0,0,3,0,0,0,0,2075,0],[0,0,1,0,0,0,0,0,0,396,0],[0,0,0,0,0,0,0,0,0,439,0],[0,0,9,0,0,0,0,0,0,1334,0],[0,0,10,0,0,0,0,0,0,958,0]]",outputs/prediction_diagnostics_4models_c3_b001_by_dataset/organsmnist_224/merged/small/organsmnist_224/swin_tiny/clients_3/beta_0p01/seed_42/regmean/merged.pt,outputs/prediction_diagnostics_4models_c3_b001_by_dataset/organsmnist_224/merged/small/organsmnist_224/swin_tiny/clients_3/beta_0p01/seed_42/regmean,2026-07-06T10:19:24,My_merge_ret/reports/prediction_diagnostics_4models_c3_b001_by_dataset_organsmnist_224.csv
OK,,19.58,merge,small,organsmnist_224,swin_tiny,3,0.01,42,robustmerge,,test,0.2095842302027869,0.14008131411312388,0.10350449290946932,0.09313561120572796,2.265107013637136,8827,11,6,0.23541407046561685,9,0.4547411351535063,1.931665062560154,0.21932706468788943,3.311438880150864,4,0.4993474133372468,0.9688588078238585,0.1455442109436955,0.5056077942675881,0.15027311036811897,0.000000 0.000000 0.364045 0.000000 0.000000 0.000000 0.323869 0.000000 0.000000 0.504840 0.348140,0.000000 0.000000 0.311538 0.000000 0.000000 0.000000 0.418532 0.000000 0.000000 0.168909 0.125512,0.000000 0.000000 0.335751 0.000000 0.000000 0.000000 0.365165 0.000000 0.000000 0.253127 0.184506,811 439 445 510 704 693 2078 397 439 1343 968,0 0 520 0 0 0 1608 0 0 4014 2685,0.070027 0.049238 0.109988 0.088358 0.117462 0.087367 0.133697 0.045949 0.039856 0.135814 0.122243,"[[0,0,66,0,0,0,6,0,0,329,410],[0,0,157,0,0,0,0,0,0,5,277],[0,0,162,0,0,0,0,0,0,7,276],[0,0,2,0,0,0,76,0,0,344,88],[0,0,18,0,0,0,5,0,0,382,299],[0,0,8,0,0,0,2,0,0,319,364],[0,0,0,0,0,0,673,0,0,1405,0],[0,0,0,0,0,0,385,0,0,12,0],[0,0,0,0,0,0,435,0,0,4,0],[0,0,31,0,0,0,0,0,0,678,634],[0,0,76,0,0,0,26,0,0,529,337]]",outputs/prediction_diagnostics_4models_c3_b001_by_dataset/organsmnist_224/merged/small/organsmnist_224/swin_tiny/clients_3/beta_0p01/seed_42/robustmerge/merged.pt,outputs/prediction_diagnostics_4models_c3_b001_by_dataset/organsmnist_224/merged/small/organsmnist_224/swin_tiny/clients_3/beta_0p01/seed_42/robustmerge,2026-07-06T10:22:23,My_merge_ret/reports/prediction_diagnostics_4models_c3_b001_by_dataset_organsmnist_224.csv
OK,,20.23,merge,small,organsmnist_224,swin_tiny,3,0.01,42,ties,,test,0.06978588421887391,0.10538543908267388,0.02857640260467882,0.06128612131616613,4.149339336439777,8827,11,6,0.23541407046561685,2,0.573467769344058,2.4359961501443697,0.3380536988784411,2.303418822116934,7,0.3479695185749725,0.5483911369689647,0.6541081341339073,0.7627733091650618,0.6214876696265065,0.000000 0.000000 0.997753 0.001961 0.000000 0.000000 0.000000 0.000000 0.047836 0.111690 0.000000,0.000000 0.000000 0.087712 0.004608 0.000000 0.000000 0.000000 0.000000 0.538462 0.043365 0.000000,0.000000 0.000000 0.161249 0.002751 0.000000 0.000000 0.000000 0.000000 0.087866 0.062474 0.000000,811 439 445 510 704 693 2078 397 439 1343 968,0 0 5062 217 10 37 3 0 39 3459 0,0.004379 0.003725 0.477886 0.060926 0.051149 0.037440 0.011333 0.001401 0.007535 0.343013 0.001212,"[[0,0,681,1,0,0,0,0,0,129,0],[0,0,437,0,0,0,0,0,0,2,0],[0,0,444,0,0,0,0,0,0,1,0],[0,0,307,1,0,0,0,0,0,202,0],[0,0,626,0,0,0,0,0,0,78,0],[0,0,617,0,0,0,0,0,0,76,0],[0,0,126,88,5,0,0,0,0,1859,0],[0,0,9,66,4,11,3,0,18,286,0],[0,0,0,61,1,26,0,0,21,330,0],[0,0,1193,0,0,0,0,0,0,150,0],[0,0,622,0,0,0,0,0,0,346,0]]",outputs/prediction_diagnostics_4models_c3_b001_by_dataset/organsmnist_224/merged/small/organsmnist_224/swin_tiny/clients_3/beta_0p01/seed_42/ties/merged.pt,outputs/prediction_diagnostics_4models_c3_b001_by_dataset/organsmnist_224/merged/small/organsmnist_224/swin_tiny/clients_3/beta_0p01/seed_42/ties,2026-07-06T10:18:23,My_merge_ret/reports/prediction_diagnostics_4models_c3_b001_by_dataset_organsmnist_224.csv
OK,,11.56,client,small,organsmnist_224,vit_t,3,0.01,42,client_0,0,test,0.1732185340432763,0.11540175456230309,0.05291131631665413,0.06073784217109897,8.382382107764176,8827,11,6,0.23541407046561685,10,0.8829726974056871,3.7507218479307025,0.6475586269400702,1.4347060077053255,2,0.15053199346852636,0.15509205321735098,0.9579132207998188,0.7733091650617423,0.7683256818944229,0.000000 0.000000 0.000000 0.000000 0.000000 0.000000 0.270452 0.000000 0.000000 0.000000 0.998967,0.000000 0.000000 0.000000 0.000000 0.000000 0.000000 0.544046 0.000000 0.000000 0.000000 0.124070,0.000000 0.000000 0.000000 0.000000 0.000000 0.000000 0.361299 0.000000 0.000000 0.000000 0.220726,811 439 445 510 704 693 2078 397 439 1343 968,0 0 0 0 0 0 1033 0 0 0 7794,0.000003 0.000013 0.000007 0.000005 0.000019 0.000022 0.121914 0.000005 0.000018 0.000005 0.877989,"[[0,0,0,0,0,0,0,0,0,0,811],[0,0,0,0,0,0,0,0,0,0,439],[0,0,0,0,0,0,0,0,0,0,445],[0,0,0,0,0,0,0,0,0,0,510],[0,0,0,0,0,0,0,0,0,0,704],[0,0,0,0,0,0,0,0,0,0,693],[0,0,0,0,0,0,562,0,0,0,1516],[0,0,0,0,0,0,235,0,0,0,162],[0,0,0,0,0,0,235,0,0,0,204],[0,0,0,0,0,0,0,0,0,0,1343],[0,0,0,0,0,0,1,0,0,0,967]]",/data2/liyapeng_grp/program/MedMNISTMerge/model_hub/small/organsmnist_224/vit_t/clients_3/beta_0p01/seed_42/client_0.pt,,2026-07-06T10:23:00,My_merge_ret/reports/prediction_diagnostics_4models_c3_b001_by_dataset_organsmnist_224.csv
OK,,11.31,client,small,organsmnist_224,vit_t,3,0.01,42,client_1,1,test,0.059363317095275855,0.09538799341036377,0.020829486835943788,0.10662013546638244,10.218323618230995,8827,11,6,0.23541407046561685,2,0.6815452588648465,2.8950914340712224,0.44613118839922966,2.1748175112843215,5,0.32401113050117464,0.3341923670851824,0.9237354140704657,0.7480457686643254,0.7410423159420456,0.000000 0.000000 0.957303 0.000000 0.045455 0.000000 0.004812 0.000000 0.000000 0.041698 0.000000,0.000000 0.000000 0.070811 0.000000 0.078431 0.000000 1.000000 0.000000 0.000000 0.023579 0.000000,0.000000 0.000000 0.131868 0.000000 0.057554 0.000000 0.009579 0.000000 0.000000 0.030124 0.000000,811 439 445 510 704 693 2078 397 439 1343 968,0 0 6016 18 408 0 10 0 0 2375 0,0.000016 0.000006 0.672439 0.002691 0.052059 0.000005 0.001600 0.000010 0.000005 0.271163 0.000006,"[[0,0,591,0,112,0,0,0,0,108,0],[0,0,420,0,16,0,0,0,0,3,0],[0,0,426,0,19,0,0,0,0,0,0],[0,0,364,0,9,0,0,0,0,137,0],[0,0,602,0,32,0,0,0,0,70,0],[0,0,572,0,46,0,0,0,0,75,0],[0,0,903,17,54,0,10,0,0,1094,0],[0,0,46,1,4,0,0,0,0,346,0],[0,0,49,0,12,0,0,0,0,378,0],[0,0,1203,0,84,0,0,0,0,56,0],[0,0,840,0,20,0,0,0,0,108,0]]",/data2/liyapeng_grp/program/MedMNISTMerge/model_hub/small/organsmnist_224/vit_t/clients_3/beta_0p01/seed_42/client_1.pt,,2026-07-06T10:23:12,My_merge_ret/reports/prediction_diagnostics_4models_c3_b001_by_dataset_organsmnist_224.csv
OK,,11.17,client,small,organsmnist_224,vit_t,3,0.01,42,client_2,2,test,0.0517729692987425,0.09212758818643385,0.015784080833247817,0.013504562200741456,11.582509007231895,8827,11,6,0.23541407046561685,1,0.8087685510365923,3.435514918190568,0.5733544805709754,1.943909560195394,4,0.2772019236883075,0.2867328845330603,0.9585504701484083,0.7852044862354141,0.7813845479391655,0.014797 0.961276 0.000000 0.015686 0.000000 0.021645 0.000000 0.000000 0.000000 0.000000 0.000000,0.011516 0.059112 0.000000 0.020888 0.000000 0.057034 0.000000 0.000000 0.000000 0.000000 0.000000,0.012952 0.111375 0.000000 0.017917 0.000000 0.031381 0.000000 0.000000 0.000000 0.000000 0.000000,811 439 445 510 704 693 2078 397 439 1343 968,1042 7139 0 383 0 263 0 0 0 0 0,0.119182 0.803814 0.001497 0.042486 0.000038 0.032767 0.000036 0.000054 0.000033 0.000056 0.000039,"[[12,786,0,5,0,8,0,0,0,0,0],[17,422,0,0,0,0,0,0,0,0,0],[21,424,0,0,0,0,0,0,0,0,0],[121,359,0,8,0,22,0,0,0,0,0],[4,687,0,0,0,13,0,0,0,0,0],[8,670,0,0,0,15,0,0,0,0,0],[121,1511,0,358,0,88,0,0,0,0,0],[336,18,0,0,0,43,0,0,0,0,0],[368,14,0,3,0,54,0,0,0,0,0],[0,1339,0,4,0,0,0,0,0,0,0],[34,909,0,5,0,20,0,0,0,0,0]]",/data2/liyapeng_grp/program/MedMNISTMerge/model_hub/small/organsmnist_224/vit_t/clients_3/beta_0p01/seed_42/client_2.pt,,2026-07-06T10:23:23,My_merge_ret/reports/prediction_diagnostics_4models_c3_b001_by_dataset_organsmnist_224.csv
OK,,11.33,merge,small,organsmnist_224,vit_t,3,0.01,42,avg,,test,0.05868358445678033,0.10066481550188572,0.017296266427992292,0.01585880610645207,2.801605165835292,8827,11,6,0.23541407046561685,1,0.6933272912654356,2.9451395572666024,0.4579132207998187,1.9329941491004299,4,0.2748536105178756,0.8220198647167831,0.3590864676560553,0.863487028435482,0.4956070861318229,0.004932 0.984055 0.000000 0.000000 0.000000 0.118326 0.000000 0.000000 0.000000 0.000000 0.000000,0.072727 0.070588 0.000000 0.000000 0.000000 0.031131 0.000000 0.000000 0.000000 0.000000 0.000000,0.009238 0.131727 0.000000 0.000000 0.000000 0.049294 0.000000 0.000000 0.000000 0.000000 0.000000,811 439 445 510 704 693 2078 397 439 1343 968,55 6120 0 18 0 2634 0 0 0 0 0,0.076712 0.330414 0.188948 0.049054 0.028335 0.154901 0.041218 0.010610 0.018502 0.051472 0.049834,"[[4,722,0,0,0,85,0,0,0,0,0],[0,432,0,0,0,7,0,0,0,0,0],[0,444,0,0,0,1,0,0,0,0,0],[8,406,0,0,0,96,0,0,0,0,0],[0,628,0,0,0,76,0,0,0,0,0],[0,611,0,0,0,82,0,0,0,0,0],[25,824,0,15,0,1214,0,0,0,0,0],[12,4,0,0,0,381,0,0,0,0,0],[4,12,0,3,0,420,0,0,0,0,0],[0,1253,0,0,0,90,0,0,0,0,0],[2,784,0,0,0,182,0,0,0,0,0]]",outputs/prediction_diagnostics_4models_c3_b001_by_dataset/organsmnist_224/merged/small/organsmnist_224/vit_t/clients_3/beta_0p01/seed_42/avg/merged.pt,outputs/prediction_diagnostics_4models_c3_b001_by_dataset/organsmnist_224/merged/small/organsmnist_224/vit_t/clients_3/beta_0p01/seed_42/avg,2026-07-06T10:23:34,My_merge_ret/reports/prediction_diagnostics_4models_c3_b001_by_dataset_organsmnist_224.csv
OK,,12.99,merge,small,organsmnist_224,vit_t,3,0.01,42,breadcrumbs,,test,0.25455987311657413,0.1393959069282228,0.08198701052963386,0.061417600945337235,2.2510174969199617,8827,11,6,0.23541407046561685,6,0.4093123371473887,1.7386910490856593,0.17389826668177183,3.5331307467316995,6,0.52637176831435,0.9646305842846835,0.16347923983233262,0.5400475812846948,0.21235415971531624,0.000000 0.000000 0.000000 0.029412 0.610795 0.038961 0.854187 0.000000 0.000000 0.000000 0.000000,0.000000 0.000000 0.000000 0.012175 0.137117 0.035019 0.491281 0.000000 0.000000 0.000000 0.000000,0.000000 0.000000 0.000000 0.017222 0.223958 0.036885 0.623792 0.000000 0.000000 0.000000 0.000000,811 439 445 510 704 693 2078 397 439 1343 968,1 0 0 1232 3136 771 3613 0 0 0 74,0.106968 0.076049 0.033909 0.121922 0.131708 0.123586 0.128724 0.030936 0.059507 0.085172 0.101517,"[[0,0,0,112,611,50,38,0,0,0,0],[1,0,0,180,96,0,119,0,0,0,43],[0,0,0,180,84,0,150,0,0,0,31],[0,0,0,15,217,69,209,0,0,0,0],[0,0,0,165,430,27,82,0,0,0,0],[0,0,0,152,439,27,75,0,0,0,0],[0,0,0,0,12,291,1775,0,0,0,0],[0,0,0,0,0,0,397,0,0,0,0],[0,0,0,0,0,0,439,0,0,0,0],[0,0,0,298,827,130,88,0,0,0,0],[0,0,0,130,420,177,241,0,0,0,0]]",outputs/prediction_diagnostics_4models_c3_b001_by_dataset/organsmnist_224/merged/small/organsmnist_224/vit_t/clients_3/beta_0p01/seed_42/breadcrumbs/merged.pt,outputs/prediction_diagnostics_4models_c3_b001_by_dataset/organsmnist_224/merged/small/organsmnist_224/vit_t/clients_3/beta_0p01/seed_42/breadcrumbs,2026-07-06T10:25:59,My_merge_ret/reports/prediction_diagnostics_4models_c3_b001_by_dataset_organsmnist_224.csv
OK,,11.71,merge,small,organsmnist_224,vit_t,3,0.01,42,dare_linear,,test,0.05766398549903705,0.10115970252509948,0.04218443259608024,0.04215840680495615,2.790035135008355,8827,11,6,0.23541407046561685,2,0.5824175824175825,2.474013474494707,0.3470035119519656,3.186100004224549,5,0.4832561341548538,0.8446481348412525,0.28618160190325137,0.7542766511838677,0.4937200413375135,0.018496 0.751708 0.233708 0.084314 0.000000 0.024531 0.000000 0.000000 0.000000 0.000000 0.000000,0.182927 0.199637 0.020230 0.043129 0.000000 0.017820 0.000000 0.000000 0.000000 0.000000 0.000000,0.033595 0.315488 0.037236 0.057067 0.000000 0.020644 0.000000 0.000000 0.000000 0.000000 0.000000,811 439 445 510 704 693 2078 397 439 1343 968,82 1653 5141 997 0 954 0 0 0 0 0,0.084922 0.220911 0.266674 0.132062 0.016209 0.110506 0.046622 0.015374 0.015865 0.053424 0.037432,"[[15,263,502,13,0,18,0,0,0,0,0],[0,330,109,0,0,0,0,0,0,0,0],[0,341,104,0,0,0,0,0,0,0,0],[11,104,349,43,0,3,0,0,0,0,0],[0,73,618,0,0,13,0,0,0,0,0],[1,69,606,0,0,17,0,0,0,0,0],[20,37,1015,819,0,187,0,0,0,0,0],[14,2,5,56,0,320,0,0,0,0,0],[2,0,12,60,0,365,0,0,0,0,0],[2,281,1056,0,0,4,0,0,0,0,0],[17,153,765,6,0,27,0,0,0,0,0]]",outputs/prediction_diagnostics_4models_c3_b001_by_dataset/organsmnist_224/merged/small/organsmnist_224/vit_t/clients_3/beta_0p01/seed_42/dare_linear/merged.pt,outputs/prediction_diagnostics_4models_c3_b001_by_dataset/organsmnist_224/merged/small/organsmnist_224/vit_t/clients_3/beta_0p01/seed_42/dare_linear,2026-07-06T10:23:57,My_merge_ret/reports/prediction_diagnostics_4models_c3_b001_by_dataset_organsmnist_224.csv
OK,,11.86,merge,small,organsmnist_224,vit_t,3,0.01,42,dare_ties,,test,0.05052679279483403,0.09108734402852049,0.009548489817326518,0.005338950994702187,8.17042845227622,8827,11,6,0.23541407046561685,2,0.9357652656621729,3.97497593840231,0.700351195196556,1.323867136081799,3,0.1170013992148103,0.23274440740852217,0.9091778067293531,0.8853517616404214,0.8272124292228259,0.000000 0.000000 1.000000 0.001961 0.000000 0.000000 0.000000 0.000000 0.000000 0.000000 0.000000,0.000000 0.000000 0.053874 0.004854 0.000000 0.000000 0.000000 0.000000 0.000000 0.000000 0.000000,0.000000 0.000000 0.102240 0.002793 0.000000 0.000000 0.000000 0.000000 0.000000 0.000000 0.000000,811 439 445 510 704 693 2078 397 439 1343 968,361 0 8260 206 0 0 0 0 0 0 0,0.036402 0.044136 0.877626 0.025497 0.001201 0.006297 0.001994 0.001635 0.000299 0.004872 0.000040,"[[0,0,807,4,0,0,0,0,0,0,0],[0,0,439,0,0,0,0,0,0,0,0],[0,0,445,0,0,0,0,0,0,0,0],[15,0,494,1,0,0,0,0,0,0,0],[1,0,703,0,0,0,0,0,0,0,0],[0,0,693,0,0,0,0,0,0,0,0],[12,0,1877,189,0,0,0,0,0,0,0],[151,0,243,3,0,0,0,0,0,0,0],[178,0,254,7,0,0,0,0,0,0,0],[0,0,1342,1,0,0,0,0,0,0,0],[4,0,963,1,0,0,0,0,0,0,0]]",outputs/prediction_diagnostics_4models_c3_b001_by_dataset/organsmnist_224/merged/small/organsmnist_224/vit_t/clients_3/beta_0p01/seed_42/dare_ties/merged.pt,outputs/prediction_diagnostics_4models_c3_b001_by_dataset/organsmnist_224/merged/small/organsmnist_224/vit_t/clients_3/beta_0p01/seed_42/dare_ties,2026-07-06T10:24:09,My_merge_ret/reports/prediction_diagnostics_4models_c3_b001_by_dataset_organsmnist_224.csv
OK,,51.12,merge,small,organsmnist_224,vit_t,3,0.01,42,fisher,,test,0.053019145802650956,0.09227459272405526,0.013864563028390335,0.009138218575436157,8.100895096089678,8827,11,6,0.23541407046561685,1,0.8273479098221366,3.5144369586140516,0.5919338393565197,1.7760689476046974,4,0.23954443389664282,0.3141946268963052,0.8804166194630112,0.7784071598504587,0.7576024927262881,0.000000 0.972665 0.000000 0.000000 0.000000 0.000000 0.000000 0.000000 0.000000 0.000000 0.042355,0.000000 0.058469 0.000000 0.000000 0.000000 0.000000 0.000000 0.000000 0.000000 0.000000 0.042051,0.000000 0.110307 0.000000 0.000000 0.000000 0.000000 0.000000 0.000000 0.000000 0.000000 0.042203,811 439 445 510 704 693 2078 397 439 1343 968,547 7303 0 2 0 0 0 0 0 0 975,0.066111 0.807336 0.004949 0.007534 0.004359 0.003298 0.009276 0.000122 0.000138 0.006379 0.090498,"[[0,798,0,1,0,0,0,0,0,0,12],[0,427,0,0,0,0,0,0,0,0,12],[0,433,0,0,0,0,0,0,0,0,12],[57,429,0,0,0,0,0,0,0,0,24],[0,691,0,0,0,0,0,0,0,0,13],[0,682,0,0,0,0,0,0,0,0,11],[5,1448,0,1,0,0,0,0,0,0,624],[213,75,0,0,0,0,0,0,0,0,109],[264,64,0,0,0,0,0,0,0,0,111],[0,1337,0,0,0,0,0,0,0,0,6],[8,919,0,0,0,0,0,0,0,0,41]]",outputs/prediction_diagnostics_4models_c3_b001_by_dataset/organsmnist_224/merged/small/organsmnist_224/vit_t/clients_3/beta_0p01/seed_42/fisher/merged.pt,outputs/prediction_diagnostics_4models_c3_b001_by_dataset/organsmnist_224/merged/small/organsmnist_224/vit_t/clients_3/beta_0p01/seed_42/fisher,2026-07-06T10:25:08,My_merge_ret/reports/prediction_diagnostics_4models_c3_b001_by_dataset_organsmnist_224.csv
OK,,11.74,merge,small,organsmnist_224,vit_t,3,0.01,42,free_merge,,test,0.06423473433782712,0.10400183847451178,0.02651735614873513,0.015710405083808884,2.873090519942364,8827,11,6,0.23541407046561685,1,0.46867565424266455,1.990856592877767,0.2332615837770477,2.6982733334107314,3,0.4139513820953678,0.8041723465928282,0.33226181035459385,0.8213436048487595,0.5414086609014965,0.000000 0.785877 0.105618 0.000000 0.000000 0.252525 0.000000 0.000000 0.000000 0.000000 0.000000,0.000000 0.083394 0.039363 0.000000 0.000000 0.050057 0.000000 0.000000 0.000000 0.000000 0.000000,0.000000 0.150787 0.057352 0.000000 0.000000 0.083552 0.000000 0.000000 0.000000 0.000000 0.000000,811 439 445 510 704 693 2078 397 439 1343 968,0 4137 1194 0 0 3496 0 0 0 0 0,0.056883 0.274118 0.242519 0.043300 0.030393 0.203428 0.036939 0.008362 0.015097 0.051817 0.037145,"[[0,331,229,0,0,251,0,0,0,0,0],[0,345,46,0,0,48,0,0,0,0,0],[0,356,47,0,0,42,0,0,0,0,0],[0,384,7,0,0,119,0,0,0,0,0],[0,377,183,0,0,144,0,0,0,0,0],[0,333,185,0,0,175,0,0,0,0,0],[0,691,42,0,0,1345,0,0,0,0,0],[0,1,0,0,0,396,0,0,0,0,0],[0,7,0,0,0,432,0,0,0,0,0],[0,792,324,0,0,227,0,0,0,0,0],[0,520,131,0,0,317,0,0,0,0,0]]",outputs/prediction_diagnostics_4models_c3_b001_by_dataset/organsmnist_224/merged/small/organsmnist_224/vit_t/clients_3/beta_0p01/seed_42/free_merge/merged.pt,outputs/prediction_diagnostics_4models_c3_b001_by_dataset/organsmnist_224/merged/small/organsmnist_224/vit_t/clients_3/beta_0p01/seed_42/free_merge,2026-07-06T10:26:47,My_merge_ret/reports/prediction_diagnostics_4models_c3_b001_by_dataset_organsmnist_224.csv
OK,,11.42,merge,small,organsmnist_224,vit_t,3,0.01,42,from,,test,0.05653109776821117,0.09959499633342049,0.025232329249688264,0.017791237804340717,4.524738716703721,8827,11,6,0.23541407046561685,1,0.42415316642120765,1.8017324350336863,0.1887390959555908,3.2179819132163914,5,0.487408454117309,0.6152120205784396,0.4417129262490087,0.7574487368301801,0.6717071048818424,0.013564 0.425968 0.617978 0.001961 0.000000 0.036075 0.000000 0.000000 0.000000 0.000000 0.000000,0.021277 0.049947 0.077771 0.021277 0.000000 0.025432 0.000000 0.000000 0.000000 0.000000 0.000000,0.016566 0.089410 0.138156 0.003591 0.000000 0.029833 0.000000 0.000000 0.000000 0.000000 0.000000,811 439 445 510 704 693 2078 397 439 1343 968,517 3744 3536 47 0 983 0 0 0 0 0,0.059718 0.384415 0.379070 0.023480 0.010838 0.086879 0.006731 0.002527 0.005609 0.036269 0.004464,"[[11,594,195,2,0,9,0,0,0,0,0],[0,187,252,0,0,0,0,0,0,0,0],[0,170,275,0,0,0,0,0,0,0,0],[23,357,117,1,0,12,0,0,0,0,0],[0,170,515,0,0,19,0,0,0,0,0],[4,173,491,0,0,25,0,0,0,0,0],[185,1174,304,40,0,375,0,0,0,0,0],[133,18,11,0,0,235,0,0,0,0,0],[122,23,13,4,0,277,0,0,0,0,0],[7,479,855,0,0,2,0,0,0,0,0],[32,399,508,0,0,29,0,0,0,0,0]]",outputs/prediction_diagnostics_4models_c3_b001_by_dataset/organsmnist_224/merged/small/organsmnist_224/vit_t/clients_3/beta_0p01/seed_42/from/merged.pt,outputs/prediction_diagnostics_4models_c3_b001_by_dataset/organsmnist_224/merged/small/organsmnist_224/vit_t/clients_3/beta_0p01/seed_42/from,2026-07-06T10:26:24,My_merge_ret/reports/prediction_diagnostics_4models_c3_b001_by_dataset_organsmnist_224.csv
OK,,11.86,merge,small,organsmnist_224,vit_t,3,0.01,42,iso_c,,test,0.05517163249122012,0.09547367933713385,0.032784438474966024,0.03951656857692089,2.6087712726223518,8827,11,6,0.23541407046561685,1,0.7065820777160984,3.0014436958614055,0.4711680072504815,2.3074640638753534,6,0.34870126445485794,0.8796487248319448,0.2933541973490427,0.8265548884105585,0.42835172105254316,0.000000 0.236902 0.795506 0.000000 0.000000 0.005772 0.012031 0.000000 0.000000 0.000000 0.000000,0.000000 0.016675 0.182192 0.000000 0.000000 0.053333 0.182482 0.000000 0.000000 0.000000 0.000000,0.000000 0.031156 0.296482 0.000000 0.000000 0.010417 0.022573 0.000000 0.000000 0.000000 0.000000,811 439 445 510 704 693 2078 397 439 1343 968,0 6237 1943 7 0 75 137 0 0 0 428,0.037900 0.263539 0.234874 0.086086 0.039781 0.080286 0.066850 0.028735 0.045452 0.045369 0.071127,"[[0,681,130,0,0,0,0,0,0,0,0],[0,104,325,0,0,10,0,0,0,0,0],[0,79,354,0,0,12,0,0,0,0,0],[0,449,61,0,0,0,0,0,0,0,0],[0,514,186,0,0,4,0,0,0,0,0],[0,513,176,0,0,4,0,0,0,0,0],[0,1964,75,2,0,0,25,0,0,0,12],[0,133,0,5,0,0,66,0,0,0,193],[0,170,0,0,0,0,46,0,0,0,223],[0,879,449,0,0,15,0,0,0,0,0],[0,751,187,0,0,30,0,0,0,0,0]]",outputs/prediction_diagnostics_4models_c3_b001_by_dataset/organsmnist_224/merged/small/organsmnist_224/vit_t/clients_3/beta_0p01/seed_42/iso_c/merged.pt,outputs/prediction_diagnostics_4models_c3_b001_by_dataset/organsmnist_224/merged/small/organsmnist_224/vit_t/clients_3/beta_0p01/seed_42/iso_c,2026-07-06T10:26:35,My_merge_ret/reports/prediction_diagnostics_4models_c3_b001_by_dataset_organsmnist_224.csv
OK,,12.24,merge,small,organsmnist_224,vit_t,3,0.01,42,model_stock,,test,0.08394698085419734,0.1279454306996241,0.02843076768491185,0.01599700661165513,2.4095644157308542,8827,11,6,0.23541407046561685,5,0.5858162456100601,2.4884504331087585,0.3504021751444432,1.98306150762394,4,0.28551783486274857,0.9178173123397728,0.26688356746346437,0.8709640874589327,0.3602266266236786,0.000000 0.922551 0.000000 0.000000 0.000000 0.484848 0.000000 0.000000 0.000000 0.000000 0.000000,0.000000 0.110989 0.000000 0.000000 0.000000 0.064978 0.000000 0.000000 0.000000 0.000000 0.000000,0.000000 0.198141 0.000000 0.000000 0.000000 0.114598 0.000000 0.000000 0.000000 0.000000 0.000000,811 439 445 510 704 693 2078 397 439 1343 968,0 3649 0 0 0 5171 4 0 0 0 3,0.090996 0.215059 0.108799 0.076988 0.045286 0.195814 0.065372 0.019876 0.031959 0.068663 0.081188,"[[0,397,0,0,0,414,0,0,0,0,0],[0,405,0,0,0,34,0,0,0,0,0],[0,408,0,0,0,37,0,0,0,0,0],[0,255,0,0,0,255,0,0,0,0,0],[0,383,0,0,0,321,0,0,0,0,0],[0,357,0,0,0,336,0,0,0,0,0],[0,199,0,0,0,1879,0,0,0,0,0],[0,0,0,0,0,394,1,0,0,0,2],[0,1,0,0,0,434,3,0,0,0,1],[0,854,0,0,0,489,0,0,0,0,0],[0,390,0,0,0,578,0,0,0,0,0]]",outputs/prediction_diagnostics_4models_c3_b001_by_dataset/organsmnist_224/merged/small/organsmnist_224/vit_t/clients_3/beta_0p01/seed_42/model_stock/merged.pt,outputs/prediction_diagnostics_4models_c3_b001_by_dataset/organsmnist_224/merged/small/organsmnist_224/vit_t/clients_3/beta_0p01/seed_42/model_stock,2026-07-06T10:26:12,My_merge_ret/reports/prediction_diagnostics_4models_c3_b001_by_dataset_organsmnist_224.csv
OK,,11.63,merge,small,organsmnist_224,vit_t,3,0.01,42,my_merge,,test,0.539141271100034,0.5259896174228911,0.5200589298735907,0.5327965797704285,13.410654267003936,8827,11,6,0.23541407046561685,6,0.19655602129828934,0.8349374398460058,-0.03885804916732752,9.744258188700242,11,0.9494485575084721,0.9499387442060693,0.9568652996488048,0.09901438767418148,0.0996925125689355,0.478422 0.469248 0.429213 0.566667 0.380682 0.281385 0.724735 0.795970 0.760820 0.522710 0.376033,0.406283 0.221030 0.313115 0.818697 0.392962 0.419355 0.868012 0.757794 0.719828 0.512409 0.431280,0.439411 0.300511 0.362085 0.669757 0.386724 0.336788 0.789929 0.776413 0.739756 0.517508 0.401766,811 439 445 510 704 693 2078 397 439 1343 968,955 932 610 353 682 465 1735 417 464 1370 844,0.106517 0.101837 0.073769 0.039875 0.075148 0.053535 0.196536 0.047336 0.052542 0.156573 0.096332,"[[388,154,62,0,15,12,36,0,10,77,57],[21,206,183,0,7,4,0,0,0,16,2],[20,202,191,0,8,6,0,0,0,16,2],[48,37,14,289,5,8,22,1,0,72,14],[60,51,21,9,268,132,11,1,0,138,13],[57,46,27,6,143,195,6,1,0,182,30],[59,0,0,20,22,11,1506,17,43,76,324],[0,0,0,1,0,0,8,316,68,0,4],[0,0,0,1,1,0,29,70,334,0,4],[99,191,43,7,157,70,44,0,0,702,30],[203,45,69,20,56,27,73,11,9,91,364]]",outputs/prediction_diagnostics_4models_c3_b001_by_dataset/organsmnist_224/merged/small/organsmnist_224/vit_t/clients_3/beta_0p01/seed_42/my_merge/merged.pt,outputs/prediction_diagnostics_4models_c3_b001_by_dataset/organsmnist_224/merged/small/organsmnist_224/vit_t/clients_3/beta_0p01/seed_42/my_merge,2026-07-06T10:27:11,My_merge_ret/reports/prediction_diagnostics_4models_c3_b001_by_dataset_organsmnist_224.csv
OK,,46.49,merge,small,organsmnist_224,vit_t,3,0.01,42,regmean,,test,0.04950719383709074,0.08957575475793692,0.01527039805030147,0.012925657431772179,13.179140638276028,8827,11,6,0.23541407046561685,1,0.6865299648804803,2.9162656400384988,0.4511158944148635,2.866831942196482,6,0.43922167040885457,0.4553886744934141,0.8843675654242664,0.7337713832559194,0.7331264165769058,0.001233 0.952164 0.008989 0.015686 0.000000 0.005772 0.000000 0.000000 0.000000 0.001489 0.000000,0.002725 0.068977 0.003075 0.055172 0.000000 0.006957 0.000000 0.000000 0.000000 0.005277 0.000000,0.001698 0.128635 0.004582 0.024427 0.000000 0.006309 0.000000 0.000000 0.000000 0.002323 0.000000,811 439 445 510 704 693 2078 397 439 1343 968,367 6060 1301 145 0 575 0 0 0 379 0,0.041301 0.661034 0.172239 0.016183 0.000083 0.062953 0.000005 0.000002 0.000001 0.046197 0.000002,"[[1,761,41,5,0,2,0,0,0,1,0],[20,418,1,0,0,0,0,0,0,0,0],[22,419,4,0,0,0,0,0,0,0,0],[27,320,127,8,0,19,0,0,0,9,0],[5,654,42,0,0,2,0,0,0,1,0],[1,618,68,0,0,4,0,0,0,2,0],[37,782,640,128,0,307,0,0,0,184,0],[121,20,85,0,0,109,0,0,0,62,0],[124,3,90,4,0,111,0,0,0,107,0],[0,1287,54,0,0,0,0,0,0,2,0],[9,778,149,0,0,21,0,0,0,11,0]]",outputs/prediction_diagnostics_4models_c3_b001_by_dataset/organsmnist_224/merged/small/organsmnist_224/vit_t/clients_3/beta_0p01/seed_42/regmean/merged.pt,outputs/prediction_diagnostics_4models_c3_b001_by_dataset/organsmnist_224/merged/small/organsmnist_224/vit_t/clients_3/beta_0p01/seed_42/regmean,2026-07-06T10:24:21,My_merge_ret/reports/prediction_diagnostics_4models_c3_b001_by_dataset_organsmnist_224.csv
OK,,11.69,merge,small,organsmnist_224,vit_t,3,0.01,42,robustmerge,,test,0.27370567576753146,0.16090287844274176,0.07305552678163149,0.04728622497630052,2.3670502590595617,8827,11,6,0.23541407046561685,6,0.8404894074997168,3.570259865255053,0.6050753370341,1.5509341678730115,2,0.18301776700418101,0.8486625958268937,0.341845332502549,0.7148521581511272,0.25645416496837803,0.000000 0.769932 0.000000 0.000000 0.000000 0.000000 1.000000 0.000000 0.000000 0.000000 0.000000,0.000000 0.240057 0.000000 0.000000 0.000000 0.000000 0.280092 0.000000 0.000000 0.000000 0.000000,0.000000 0.365999 0.000000 0.000000 0.000000 0.000000 0.437612 0.000000 0.000000 0.000000 0.000000,811 439 445 510 704 693 2078 397 439 1343 968,0 1408 0 0 0 0 7419 0 0 0 0,0.027553 0.182244 0.075566 0.040133 0.036501 0.083672 0.327892 0.018984 0.033998 0.062643 0.110814,"[[0,24,0,0,0,0,787,0,0,0,0],[0,338,0,0,0,0,101,0,0,0,0],[0,354,0,0,0,0,91,0,0,0,0],[0,35,0,0,0,0,475,0,0,0,0],[0,85,0,0,0,0,619,0,0,0,0],[0,104,0,0,0,0,589,0,0,0,0],[0,0,0,0,0,0,2078,0,0,0,0],[0,0,0,0,0,0,397,0,0,0,0],[0,0,0,0,0,0,439,0,0,0,0],[0,344,0,0,0,0,999,0,0,0,0],[0,124,0,0,0,0,844,0,0,0,0]]",outputs/prediction_diagnostics_4models_c3_b001_by_dataset/organsmnist_224/merged/small/organsmnist_224/vit_t/clients_3/beta_0p01/seed_42/robustmerge/merged.pt,outputs/prediction_diagnostics_4models_c3_b001_by_dataset/organsmnist_224/merged/small/organsmnist_224/vit_t/clients_3/beta_0p01/seed_42/robustmerge,2026-07-06T10:26:59,My_merge_ret/reports/prediction_diagnostics_4models_c3_b001_by_dataset_organsmnist_224.csv
OK,,11.88,merge,small,organsmnist_224,vit_t,3,0.01,42,ties,,test,0.05097994788716438,0.09216308637621298,0.013159245193908401,0.0113747650757402,6.638137086164077,8827,11,6,0.23541407046561685,1,0.8668856916279597,3.6823869104908566,0.6314716211623428,1.7528009354471221,5,0.2340448514798338,0.47493443943654445,0.6882576186699898,0.8171519202447037,0.7458660138841979,0.000000 0.986333 0.006742 0.001961 0.000000 0.018759 0.000000 0.000000 0.000000 0.000000 0.000000,0.000000 0.056587 0.031250 0.003953 0.000000 0.033333 0.000000 0.000000 0.000000 0.000000 0.000000,0.000000 0.107033 0.011091 0.002621 0.000000 0.024007 0.000000 0.000000 0.000000 0.000000 0.000000,811 439 445 510 704 693 2078 397 439 1343 968,436 7652 96 253 0 390 0 0 0 0 0,0.046473 0.645039 0.200974 0.027264 0.006058 0.047629 0.001303 0.000687 0.003030 0.020903 0.000641,"[[0,796,3,7,0,5,0,0,0,0,0],[0,433,6,0,0,0,0,0,0,0,0],[0,442,3,0,0,0,0,0,0,0,0],[17,480,4,1,0,8,0,0,0,0,0],[0,679,15,0,0,10,0,0,0,0,0],[0,656,24,0,0,13,0,0,0,0,0],[31,1713,4,230,0,100,0,0,0,0,0],[177,109,3,2,0,106,0,0,0,0,0],[192,109,1,9,0,128,0,0,0,0,0],[1,1333,9,0,0,0,0,0,0,0,0],[18,902,24,4,0,20,0,0,0,0,0]]",outputs/prediction_diagnostics_4models_c3_b001_by_dataset/organsmnist_224/merged/small/organsmnist_224/vit_t/clients_3/beta_0p01/seed_42/ties/merged.pt,outputs/prediction_diagnostics_4models_c3_b001_by_dataset/organsmnist_224/merged/small/organsmnist_224/vit_t/clients_3/beta_0p01/seed_42/ties,2026-07-06T10:23:46,My_merge_ret/reports/prediction_diagnostics_4models_c3_b001_by_dataset_organsmnist_224.csv
